dataset,family,model_ref,step,tokens,task,session,n_stim,rsa,rsa_pearson,rsa_kendall,repo,ceiling_lower,ceiling_upper,ceiling_n_stim,ceiling_n_subjects,frac_of_ceiling,seed_null_sd,params
ds001894,babylm-gpt2-3,BrainAlign/gpt2-babylm-3@checkpoint-01,191,,Orth,ses-11,96,-0.0340088663317672,-0.0076884312401812,-0.0228283749514167,BrainAlign/gpt2-babylm-3,0.2136860995937111,0.5240498443952196,96,5.0,-0.15915338618857033,,134601216
ds001894,babylm-gpt2-3,BrainAlign/gpt2-babylm-3@checkpoint-02,382,,Orth,ses-11,96,-0.0164874754308563,-0.0063945261506171,-0.0110315820259136,BrainAlign/gpt2-babylm-3,0.2136860995937111,0.5240498443952196,96,5.0,-0.07715745414514336,,134601216
ds001894,babylm-gpt2-3,BrainAlign/gpt2-babylm-3@checkpoint-03,573,,Orth,ses-11,96,-0.0251687277213986,-0.0071818009485357,-0.0170043445969607,BrainAlign/gpt2-babylm-3,0.2136860995937111,0.5240498443952196,96,5.0,-0.11778364511895152,,134601216
ds001894,babylm-gpt2-3,BrainAlign/gpt2-babylm-3@checkpoint-04,764,,Orth,ses-11,96,-0.0141488541738253,-0.0016440198582106,-0.0094338170497531,BrainAlign/gpt2-babylm-3,0.2136860995937111,0.5240498443952196,96,5.0,-0.06621326422601664,,134601216
ds001894,babylm-gpt2-3,BrainAlign/gpt2-babylm-3@checkpoint-05,1146,,Orth,ses-11,96,-0.0124246017652886,-0.0015231663298354,-0.0083944232153096,BrainAlign/gpt2-babylm-3,0.2136860995937111,0.5240498443952196,96,5.0,-0.058144174042728716,,134601216
ds001894,babylm-gpt2-3,BrainAlign/gpt2-babylm-3@checkpoint-06,1337,,Orth,ses-11,96,-0.0148986807000203,-0.0045119849261915,-0.0099741017382236,BrainAlign/gpt2-babylm-3,0.2136860995937111,0.5240498443952196,96,5.0,-0.06972227359827188,,134601216
ds001894,babylm-gpt2-3,BrainAlign/gpt2-babylm-3@checkpoint-07,1528,,Orth,ses-11,96,-0.0146782371015132,-0.0047420667631641,-0.0098301797485598,BrainAlign/gpt2-babylm-3,0.2136860995937111,0.5240498443952196,96,5.0,-0.06869065011445036,,134601216
ds001894,babylm-gpt2-3,BrainAlign/gpt2-babylm-3@checkpoint-08,1719,,Orth,ses-11,96,-0.0141134957470629,-0.005529023837421,-0.0093374201021307,BrainAlign/gpt2-babylm-3,0.2136860995937111,0.5240498443952196,96,5.0,-0.06604779521876895,,134601216
ds001894,babylm-gpt2-3,BrainAlign/gpt2-babylm-3@checkpoint-09,1908,,Orth,ses-11,96,-0.0131865181709347,-0.0048339963731104,-0.0087390278723789,BrainAlign/gpt2-babylm-3,0.2136860995937111,0.5240498443952196,96,5.0,-0.0617097611683993,,134601216
ds001894,babylm-gpt2-3,BrainAlign/gpt2-babylm-3@checkpoint-01,191,,Orth,ses-11+,96,-0.0249236014258142,-0.0050544299227352,-0.0167569065238221,BrainAlign/gpt2-babylm-3,0.1742624769225749,0.5457342923093875,96,4.0,-0.14302333965382458,,134601216
ds001894,babylm-gpt2-3,BrainAlign/gpt2-babylm-3@checkpoint-02,382,,Orth,ses-11+,96,-0.0123980452628209,0.0035405436298033,-0.0082326071814763,BrainAlign/gpt2-babylm-3,0.1742624769225749,0.5457342923093875,96,4.0,-0.0711458110877729,,134601216
ds001894,babylm-gpt2-3,BrainAlign/gpt2-babylm-3@checkpoint-03,573,,Orth,ses-11+,96,-0.0143685991767795,0.0021320833339812,-0.0094178470963546,BrainAlign/gpt2-babylm-3,0.1742624769225749,0.5457342923093875,96,4.0,-0.08245377565225066,,134601216
ds001894,babylm-gpt2-3,BrainAlign/gpt2-babylm-3@checkpoint-04,764,,Orth,ses-11+,96,-0.0082036921174889,0.0089082429021655,-0.005216787307158,BrainAlign/gpt2-babylm-3,0.1742624769225749,0.5457342923093875,96,4.0,-0.04707664129630049,,134601216
ds001894,babylm-gpt2-3,BrainAlign/gpt2-babylm-3@checkpoint-05,1146,,Orth,ses-11+,96,-0.0142069164498272,0.0089088180363386,-0.0092993231048667,BrainAlign/gpt2-babylm-3,0.1742624769225749,0.5457342923093875,96,4.0,-0.08152596417035525,,134601216
ds001894,babylm-gpt2-3,BrainAlign/gpt2-babylm-3@checkpoint-06,1337,,Orth,ses-11+,96,-0.0087423354860816,0.0101350570905594,-0.00568818954603,BrainAlign/gpt2-babylm-3,0.1742624769225749,0.5457342923093875,96,4.0,-0.050167630120199855,,134601216
ds001894,babylm-gpt2-3,BrainAlign/gpt2-babylm-3@checkpoint-07,1528,,Orth,ses-11+,96,-0.0102027737883232,0.0090354937566063,-0.0066533134767165,BrainAlign/gpt2-babylm-3,0.1742624769225749,0.5457342923093875,96,4.0,-0.05854831153844042,,134601216
ds001894,babylm-gpt2-3,BrainAlign/gpt2-babylm-3@checkpoint-08,1719,,Orth,ses-11+,96,-0.0135293541916179,0.0063127390784476,-0.0088989198154412,BrainAlign/gpt2-babylm-3,0.1742624769225749,0.5457342923093875,96,4.0,-0.07763779346272585,,134601216
ds001894,babylm-gpt2-3,BrainAlign/gpt2-babylm-3@checkpoint-09,1908,,Orth,ses-11+,96,-0.012703641331364,0.0070285988015801,-0.0083236166749402,BrainAlign/gpt2-babylm-3,0.1742624769225749,0.5457342923093875,96,4.0,-0.07289946496633494,,134601216
ds001894,babylm-gpt2-3,BrainAlign/gpt2-babylm-3@checkpoint-01,191,,Orth,ses-7,96,0.0036530914355447,-0.0059920974535199,0.0025473037716027,BrainAlign/gpt2-babylm-3,,,96,,,,134601216
ds001894,babylm-gpt2-3,BrainAlign/gpt2-babylm-3@checkpoint-02,382,,Orth,ses-7,96,-0.0057608960891231,-0.0148022603941287,-0.0038843544483054,BrainAlign/gpt2-babylm-3,,,96,,,,134601216
ds001894,babylm-gpt2-3,BrainAlign/gpt2-babylm-3@checkpoint-03,573,,Orth,ses-7,96,-0.0026782506988151,-0.0110662064233891,-0.0015835267044558,BrainAlign/gpt2-babylm-3,,,96,,,,134601216
ds001894,babylm-gpt2-3,BrainAlign/gpt2-babylm-3@checkpoint-04,764,,Orth,ses-7,96,-0.0028548400880482,-0.0083080860295992,-0.0017597734190708,BrainAlign/gpt2-babylm-3,,,96,,,,134601216
ds001894,babylm-gpt2-3,BrainAlign/gpt2-babylm-3@checkpoint-05,1146,,Orth,ses-7,96,-0.0119293877535657,-0.0141150474991795,-0.0079526519743095,BrainAlign/gpt2-babylm-3,,,96,,,,134601216
ds001894,babylm-gpt2-3,BrainAlign/gpt2-babylm-3@checkpoint-06,1337,,Orth,ses-7,96,-0.0116988823541827,-0.0136107252053115,-0.0078495207089889,BrainAlign/gpt2-babylm-3,,,96,,,,134601216
ds001894,babylm-gpt2-3,BrainAlign/gpt2-babylm-3@checkpoint-07,1528,,Orth,ses-7,96,-0.0127853322098128,-0.01538485650538,-0.0083963473060805,BrainAlign/gpt2-babylm-3,,,96,,,,134601216
ds001894,babylm-gpt2-3,BrainAlign/gpt2-babylm-3@checkpoint-08,1719,,Orth,ses-7,96,-0.0156361104456383,-0.0181318412482807,-0.0104903352920577,BrainAlign/gpt2-babylm-3,,,96,,,,134601216
ds001894,babylm-gpt2-3,BrainAlign/gpt2-babylm-3@checkpoint-09,1908,,Orth,ses-7,96,-0.0152815758602594,-0.0167916332398796,-0.0102779156709496,BrainAlign/gpt2-babylm-3,,,96,,,,134601216
ds001894,babylm-gpt2-3,BrainAlign/gpt2-babylm-3@checkpoint-01,191,,Orth,ses-9,96,-0.0089144541168907,0.0028382797892271,-0.0060345258847931,BrainAlign/gpt2-babylm-3,0.1650755388561307,0.607179038133363,96,3.0,-0.05400227180030574,,134601216
ds001894,babylm-gpt2-3,BrainAlign/gpt2-babylm-3@checkpoint-02,382,,Orth,ses-9,96,-0.0401639598953403,-0.0208390289671092,-0.0269472760646956,BrainAlign/gpt2-babylm-3,0.1650755388561307,0.607179038133363,96,3.0,-0.24330655028389547,,134601216
ds001894,babylm-gpt2-3,BrainAlign/gpt2-babylm-3@checkpoint-03,573,,Orth,ses-9,96,-0.0492696205009506,-0.0202606602684262,-0.0327988209171755,BrainAlign/gpt2-babylm-3,0.1650755388561307,0.607179038133363,96,3.0,-0.2984671190072011,,134601216
ds001894,babylm-gpt2-3,BrainAlign/gpt2-babylm-3@checkpoint-04,764,,Orth,ses-9,96,-0.0430239646547503,-0.0157145940392625,-0.0285827532199659,BrainAlign/gpt2-babylm-3,0.1650755388561307,0.607179038133363,96,3.0,-0.2606319806852016,,134601216
ds001894,babylm-gpt2-3,BrainAlign/gpt2-babylm-3@checkpoint-05,1146,,Orth,ses-9,96,-0.0356989969036043,-0.01600828450737,-0.0237698325656211,BrainAlign/gpt2-babylm-3,0.1650755388561307,0.607179038133363,96,3.0,-0.21625855139396072,,134601216
ds001894,babylm-gpt2-3,BrainAlign/gpt2-babylm-3@checkpoint-06,1337,,Orth,ses-9,96,-0.030865672829615,-0.0164639390459733,-0.020402288898381,BrainAlign/gpt2-babylm-3,0.1650755388561307,0.607179038133363,96,3.0,-0.18697908268841423,,134601216
ds001894,babylm-gpt2-3,BrainAlign/gpt2-babylm-3@checkpoint-07,1528,,Orth,ses-9,96,-0.0347661417596018,-0.0184827435041223,-0.02327918941904,BrainAlign/gpt2-babylm-3,0.1650755388561307,0.607179038133363,96,3.0,-0.21060747098273447,,134601216
ds001894,babylm-gpt2-3,BrainAlign/gpt2-babylm-3@checkpoint-08,1719,,Orth,ses-9,96,-0.0353508783868383,-0.0187343795356883,-0.0236361082570431,BrainAlign/gpt2-babylm-3,0.1650755388561307,0.607179038133363,96,3.0,-0.2141497076538267,,134601216
ds001894,babylm-gpt2-3,BrainAlign/gpt2-babylm-3@checkpoint-09,1908,,Orth,ses-9,96,-0.0357310463667208,-0.0184273649226501,-0.0238643054224726,BrainAlign/gpt2-babylm-3,0.1650755388561307,0.607179038133363,96,3.0,-0.2164527016801787,,134601216
ds001894,babylm-gpt2-3,BrainAlign/gpt2-babylm-3@checkpoint-01,191,,Phon,ses-11,96,-0.0340088663317672,-0.0076884312401812,-0.0228283749514167,BrainAlign/gpt2-babylm-3,0.2136860995937111,0.5240498443952196,96,5.0,-0.15915338618857033,,134601216
ds001894,babylm-gpt2-3,BrainAlign/gpt2-babylm-3@checkpoint-02,382,,Phon,ses-11,96,-0.0164874754308563,-0.0063945261506171,-0.0110315820259136,BrainAlign/gpt2-babylm-3,0.2136860995937111,0.5240498443952196,96,5.0,-0.07715745414514336,,134601216
ds001894,babylm-gpt2-3,BrainAlign/gpt2-babylm-3@checkpoint-03,573,,Phon,ses-11,96,-0.0251687277213986,-0.0071818009485357,-0.0170043445969607,BrainAlign/gpt2-babylm-3,0.2136860995937111,0.5240498443952196,96,5.0,-0.11778364511895152,,134601216
ds001894,babylm-gpt2-3,BrainAlign/gpt2-babylm-3@checkpoint-04,764,,Phon,ses-11,96,-0.0141488541738253,-0.0016440198582106,-0.0094338170497531,BrainAlign/gpt2-babylm-3,0.2136860995937111,0.5240498443952196,96,5.0,-0.06621326422601664,,134601216
ds001894,babylm-gpt2-3,BrainAlign/gpt2-babylm-3@checkpoint-05,1146,,Phon,ses-11,96,-0.0124246017652886,-0.0015231663298354,-0.0083944232153096,BrainAlign/gpt2-babylm-3,0.2136860995937111,0.5240498443952196,96,5.0,-0.058144174042728716,,134601216
ds001894,babylm-gpt2-3,BrainAlign/gpt2-babylm-3@checkpoint-06,1337,,Phon,ses-11,96,-0.0148986807000203,-0.0045119849261915,-0.0099741017382236,BrainAlign/gpt2-babylm-3,0.2136860995937111,0.5240498443952196,96,5.0,-0.06972227359827188,,134601216
ds001894,babylm-gpt2-3,BrainAlign/gpt2-babylm-3@checkpoint-07,1528,,Phon,ses-11,96,-0.0146782371015132,-0.0047420667631641,-0.0098301797485598,BrainAlign/gpt2-babylm-3,0.2136860995937111,0.5240498443952196,96,5.0,-0.06869065011445036,,134601216
ds001894,babylm-gpt2-3,BrainAlign/gpt2-babylm-3@checkpoint-08,1719,,Phon,ses-11,96,-0.0141134957470629,-0.005529023837421,-0.0093374201021307,BrainAlign/gpt2-babylm-3,0.2136860995937111,0.5240498443952196,96,5.0,-0.06604779521876895,,134601216
ds001894,babylm-gpt2-3,BrainAlign/gpt2-babylm-3@checkpoint-09,1908,,Phon,ses-11,96,-0.0131865181709347,-0.0048339963731104,-0.0087390278723789,BrainAlign/gpt2-babylm-3,0.2136860995937111,0.5240498443952196,96,5.0,-0.0617097611683993,,134601216
ds001894,babylm-gpt2-3,BrainAlign/gpt2-babylm-3@checkpoint-01,191,,Phon,ses-11+,96,-0.0249236014258142,-0.0050544299227352,-0.0167569065238221,BrainAlign/gpt2-babylm-3,0.1742624769225749,0.5457342923093875,96,4.0,-0.14302333965382458,,134601216
ds001894,babylm-gpt2-3,BrainAlign/gpt2-babylm-3@checkpoint-02,382,,Phon,ses-11+,96,-0.0123980452628209,0.0035405436298033,-0.0082326071814763,BrainAlign/gpt2-babylm-3,0.1742624769225749,0.5457342923093875,96,4.0,-0.0711458110877729,,134601216
ds001894,babylm-gpt2-3,BrainAlign/gpt2-babylm-3@checkpoint-03,573,,Phon,ses-11+,96,-0.0143685991767795,0.0021320833339812,-0.0094178470963546,BrainAlign/gpt2-babylm-3,0.1742624769225749,0.5457342923093875,96,4.0,-0.08245377565225066,,134601216
ds001894,babylm-gpt2-3,BrainAlign/gpt2-babylm-3@checkpoint-04,764,,Phon,ses-11+,96,-0.0082036921174889,0.0089082429021655,-0.005216787307158,BrainAlign/gpt2-babylm-3,0.1742624769225749,0.5457342923093875,96,4.0,-0.04707664129630049,,134601216
ds001894,babylm-gpt2-3,BrainAlign/gpt2-babylm-3@checkpoint-05,1146,,Phon,ses-11+,96,-0.0142069164498272,0.0089088180363386,-0.0092993231048667,BrainAlign/gpt2-babylm-3,0.1742624769225749,0.5457342923093875,96,4.0,-0.08152596417035525,,134601216
ds001894,babylm-gpt2-3,BrainAlign/gpt2-babylm-3@checkpoint-06,1337,,Phon,ses-11+,96,-0.0087423354860816,0.0101350570905594,-0.00568818954603,BrainAlign/gpt2-babylm-3,0.1742624769225749,0.5457342923093875,96,4.0,-0.050167630120199855,,134601216
ds001894,babylm-gpt2-3,BrainAlign/gpt2-babylm-3@checkpoint-07,1528,,Phon,ses-11+,96,-0.0102027737883232,0.0090354937566063,-0.0066533134767165,BrainAlign/gpt2-babylm-3,0.1742624769225749,0.5457342923093875,96,4.0,-0.05854831153844042,,134601216
ds001894,babylm-gpt2-3,BrainAlign/gpt2-babylm-3@checkpoint-08,1719,,Phon,ses-11+,96,-0.0135293541916179,0.0063127390784476,-0.0088989198154412,BrainAlign/gpt2-babylm-3,0.1742624769225749,0.5457342923093875,96,4.0,-0.07763779346272585,,134601216
ds001894,babylm-gpt2-3,BrainAlign/gpt2-babylm-3@checkpoint-09,1908,,Phon,ses-11+,96,-0.012703641331364,0.0070285988015801,-0.0083236166749402,BrainAlign/gpt2-babylm-3,0.1742624769225749,0.5457342923093875,96,4.0,-0.07289946496633494,,134601216
ds001894,babylm-gpt2-3,BrainAlign/gpt2-babylm-3@checkpoint-01,191,,Phon,ses-7,96,0.0036530914355447,-0.0059920974535199,0.0025473037716027,BrainAlign/gpt2-babylm-3,,,96,,,0.0081448036195669,134601216
ds001894,babylm-gpt2-3,BrainAlign/gpt2-babylm-3@checkpoint-02,382,,Phon,ses-7,96,-0.0057608960891231,-0.0148022603941287,-0.0038843544483054,BrainAlign/gpt2-babylm-3,,,96,,,0.0081448036195669,134601216
ds001894,babylm-gpt2-3,BrainAlign/gpt2-babylm-3@checkpoint-03,573,,Phon,ses-7,96,-0.0026782506988151,-0.0110662064233891,-0.0015835267044558,BrainAlign/gpt2-babylm-3,,,96,,,0.0081448036195669,134601216
ds001894,babylm-gpt2-3,BrainAlign/gpt2-babylm-3@checkpoint-04,764,,Phon,ses-7,96,-0.0028548400880482,-0.0083080860295992,-0.0017597734190708,BrainAlign/gpt2-babylm-3,,,96,,,0.0081448036195669,134601216
ds001894,babylm-gpt2-3,BrainAlign/gpt2-babylm-3@checkpoint-05,1146,,Phon,ses-7,96,-0.0119293877535657,-0.0141150474991795,-0.0079526519743095,BrainAlign/gpt2-babylm-3,,,96,,,0.0081448036195669,134601216
ds001894,babylm-gpt2-3,BrainAlign/gpt2-babylm-3@checkpoint-06,1337,,Phon,ses-7,96,-0.0116988823541827,-0.0136107252053115,-0.0078495207089889,BrainAlign/gpt2-babylm-3,,,96,,,0.0081448036195669,134601216
ds001894,babylm-gpt2-3,BrainAlign/gpt2-babylm-3@checkpoint-07,1528,,Phon,ses-7,96,-0.0127853322098128,-0.01538485650538,-0.0083963473060805,BrainAlign/gpt2-babylm-3,,,96,,,0.0081448036195669,134601216
ds001894,babylm-gpt2-3,BrainAlign/gpt2-babylm-3@checkpoint-08,1719,,Phon,ses-7,96,-0.0156361104456383,-0.0181318412482807,-0.0104903352920577,BrainAlign/gpt2-babylm-3,,,96,,,0.0081448036195669,134601216
ds001894,babylm-gpt2-3,BrainAlign/gpt2-babylm-3@checkpoint-09,1908,,Phon,ses-7,96,-0.0152815758602594,-0.0167916332398796,-0.0102779156709496,BrainAlign/gpt2-babylm-3,,,96,,,0.0081448036195669,134601216
ds001894,babylm-gpt2-3,BrainAlign/gpt2-babylm-3@checkpoint-01,191,,Phon,ses-9,96,-0.0089144541168907,0.0028382797892271,-0.0060345258847931,BrainAlign/gpt2-babylm-3,0.1650755388561307,0.607179038133363,96,3.0,-0.05400227180030574,0.008728626502912,134601216
ds001894,babylm-gpt2-3,BrainAlign/gpt2-babylm-3@checkpoint-02,382,,Phon,ses-9,96,-0.0401639598953403,-0.0208390289671092,-0.0269472760646956,BrainAlign/gpt2-babylm-3,0.1650755388561307,0.607179038133363,96,3.0,-0.24330655028389547,0.008728626502912,134601216
ds001894,babylm-gpt2-3,BrainAlign/gpt2-babylm-3@checkpoint-03,573,,Phon,ses-9,96,-0.0492696205009506,-0.0202606602684262,-0.0327988209171755,BrainAlign/gpt2-babylm-3,0.1650755388561307,0.607179038133363,96,3.0,-0.2984671190072011,0.008728626502912,134601216
ds001894,babylm-gpt2-3,BrainAlign/gpt2-babylm-3@checkpoint-04,764,,Phon,ses-9,96,-0.0430239646547503,-0.0157145940392625,-0.0285827532199659,BrainAlign/gpt2-babylm-3,0.1650755388561307,0.607179038133363,96,3.0,-0.2606319806852016,0.008728626502912,134601216
ds001894,babylm-gpt2-3,BrainAlign/gpt2-babylm-3@checkpoint-05,1146,,Phon,ses-9,96,-0.0356989969036043,-0.01600828450737,-0.0237698325656211,BrainAlign/gpt2-babylm-3,0.1650755388561307,0.607179038133363,96,3.0,-0.21625855139396072,0.008728626502912,134601216
ds001894,babylm-gpt2-3,BrainAlign/gpt2-babylm-3@checkpoint-06,1337,,Phon,ses-9,96,-0.030865672829615,-0.0164639390459733,-0.020402288898381,BrainAlign/gpt2-babylm-3,0.1650755388561307,0.607179038133363,96,3.0,-0.18697908268841423,0.008728626502912,134601216
ds001894,babylm-gpt2-3,BrainAlign/gpt2-babylm-3@checkpoint-07,1528,,Phon,ses-9,96,-0.0347661417596018,-0.0184827435041223,-0.02327918941904,BrainAlign/gpt2-babylm-3,0.1650755388561307,0.607179038133363,96,3.0,-0.21060747098273447,0.008728626502912,134601216
ds001894,babylm-gpt2-3,BrainAlign/gpt2-babylm-3@checkpoint-08,1719,,Phon,ses-9,96,-0.0353508783868383,-0.0187343795356883,-0.0236361082570431,BrainAlign/gpt2-babylm-3,0.1650755388561307,0.607179038133363,96,3.0,-0.2141497076538267,0.008728626502912,134601216
ds001894,babylm-gpt2-3,BrainAlign/gpt2-babylm-3@checkpoint-09,1908,,Phon,ses-9,96,-0.0357310463667208,-0.0184273649226501,-0.0238643054224726,BrainAlign/gpt2-babylm-3,0.1650755388561307,0.607179038133363,96,3.0,-0.2164527016801787,0.008728626502912,134601216
ds001894,babylm-gpt2-5,BrainAlign/gpt2-babylm-5@checkpoint-01,191,,Orth,ses-11,96,-0.0346452480273781,-0.0057051254452376,-0.0231972231521994,BrainAlign/gpt2-babylm-5,0.2136860995937111,0.5240498443952196,96,5.0,-0.16213150080070876,,134601216
ds001894,babylm-gpt2-5,BrainAlign/gpt2-babylm-5@checkpoint-02,382,,Orth,ses-11,96,-0.0151688437996307,-0.0066763252984446,-0.0101921012225672,BrainAlign/gpt2-babylm-5,0.2136860995937111,0.5240498443952196,96,5.0,-0.07098657249335243,,134601216
ds001894,babylm-gpt2-5,BrainAlign/gpt2-babylm-5@checkpoint-03,573,,Orth,ses-11,96,-0.0213673047070626,-0.0075098905737898,-0.0143550640144999,BrainAlign/gpt2-babylm-5,0.2136860995937111,0.5240498443952196,96,5.0,-0.09999389173038868,,134601216
ds001894,babylm-gpt2-5,BrainAlign/gpt2-babylm-5@checkpoint-04,764,,Orth,ses-11,96,-0.0181538795715577,-0.0037947739442023,-0.0120765557235928,BrainAlign/gpt2-babylm-5,0.2136860995937111,0.5240498443952196,96,5.0,-0.08495582822689128,,134601216
ds001894,babylm-gpt2-5,BrainAlign/gpt2-babylm-5@checkpoint-05,1146,,Orth,ses-11,96,-0.0140208494475935,-0.0041718332688019,-0.0094467084579182,BrainAlign/gpt2-babylm-5,0.2136860995937111,0.5240498443952196,96,5.0,-0.06561423262557478,,134601216
ds001894,babylm-gpt2-5,BrainAlign/gpt2-babylm-5@checkpoint-06,1337,,Orth,ses-11,96,-0.0176387776075249,-0.0082742238146364,-0.0119291703705414,BrainAlign/gpt2-babylm-5,0.2136860995937111,0.5240498443952196,96,5.0,-0.08254527384355898,,134601216
ds001894,babylm-gpt2-5,BrainAlign/gpt2-babylm-5@checkpoint-07,1528,,Orth,ses-11,96,-0.0195899210693586,-0.0093139620267019,-0.0130892046963207,BrainAlign/gpt2-babylm-5,0.2136860995937111,0.5240498443952196,96,5.0,-0.0916761600619114,,134601216
ds001894,babylm-gpt2-5,BrainAlign/gpt2-babylm-5@checkpoint-08,1719,,Orth,ses-11,96,-0.0179756326631297,-0.0085413261973572,-0.0119491809145588,BrainAlign/gpt2-babylm-5,0.2136860995937111,0.5240498443952196,96,5.0,-0.08412167519229094,,134601216
ds001894,babylm-gpt2-5,BrainAlign/gpt2-babylm-5@checkpoint-09,1908,,Orth,ses-11,96,-0.0169985570534167,-0.0078127358707539,-0.0113427075035691,BrainAlign/gpt2-babylm-5,0.2136860995937111,0.5240498443952196,96,5.0,-0.07954919428889691,,134601216
ds001894,babylm-gpt2-5,BrainAlign/gpt2-babylm-5@checkpoint-01,191,,Orth,ses-11+,96,-0.0213113980792586,-0.0017817780074025,-0.0141976733894398,BrainAlign/gpt2-babylm-5,0.1742624769225749,0.5457342923093875,96,4.0,-0.12229481903167994,,134601216
ds001894,babylm-gpt2-5,BrainAlign/gpt2-babylm-5@checkpoint-02,382,,Orth,ses-11+,96,-0.011820250169548,0.005328252362722,-0.0077548554430603,BrainAlign/gpt2-babylm-5,0.1742624769225749,0.5457342923093875,96,4.0,-0.06783015126543711,,134601216
ds001894,babylm-gpt2-5,BrainAlign/gpt2-babylm-5@checkpoint-03,573,,Orth,ses-11+,96,-0.0112269567592462,0.0029139101845286,-0.0073565686534827,BrainAlign/gpt2-babylm-5,0.1742624769225749,0.5457342923093875,96,4.0,-0.06442555481541994,,134601216
ds001894,babylm-gpt2-5,BrainAlign/gpt2-babylm-5@checkpoint-04,764,,Orth,ses-11+,96,-0.0111810344793328,0.0061737883353387,-0.0072372750256866,BrainAlign/gpt2-babylm-5,0.1742624769225749,0.5457342923093875,96,4.0,-0.06416203118873692,,134601216
ds001894,babylm-gpt2-5,BrainAlign/gpt2-babylm-5@checkpoint-05,1146,,Orth,ses-11+,96,-0.0195133519593925,0.0044371453591982,-0.0128059785348433,BrainAlign/gpt2-babylm-5,0.1742624769225749,0.5457342923093875,96,4.0,-0.11197678527238147,,134601216
ds001894,babylm-gpt2-5,BrainAlign/gpt2-babylm-5@checkpoint-06,1337,,Orth,ses-11+,96,-0.0152429813667784,0.0040437752969079,-0.009994112282241,BrainAlign/gpt2-babylm-5,0.1742624769225749,0.5457342923093875,96,4.0,-0.08747139163843563,,134601216
ds001894,babylm-gpt2-5,BrainAlign/gpt2-babylm-5@checkpoint-07,1528,,Orth,ses-11+,96,-0.0176346817114247,0.0030894784065525,-0.011603614212104,BrainAlign/gpt2-babylm-5,0.1742624769225749,0.5457342923093875,96,4.0,-0.10119609237081954,,134601216
ds001894,babylm-gpt2-5,BrainAlign/gpt2-babylm-5@checkpoint-08,1719,,Orth,ses-11+,96,-0.0212080085951349,0.0008869528547175,-0.0138380608243574,BrainAlign/gpt2-babylm-5,0.1742624769225749,0.5457342923093875,96,4.0,-0.12170152157631532,,134601216
ds001894,babylm-gpt2-5,BrainAlign/gpt2-babylm-5@checkpoint-09,1908,,Orth,ses-11+,96,-0.0207447679856721,0.0013353740054854,-0.0135128894840743,BrainAlign/gpt2-babylm-5,0.1742624769225749,0.5457342923093875,96,4.0,-0.1190432292253543,,134601216
ds001894,babylm-gpt2-5,BrainAlign/gpt2-babylm-5@checkpoint-01,191,,Orth,ses-7,96,0.0063848517694517,-0.0037103414767191,0.0042583976941696,BrainAlign/gpt2-babylm-5,,,96,,,,134601216
ds001894,babylm-gpt2-5,BrainAlign/gpt2-babylm-5@checkpoint-02,382,,Orth,ses-7,96,-0.0033347052467545,-0.0153497788964042,-0.0021982737057603,BrainAlign/gpt2-babylm-5,,,96,,,,134601216
ds001894,babylm-gpt2-5,BrainAlign/gpt2-babylm-5@checkpoint-03,573,,Orth,ses-7,96,-0.0037336320359174,-0.0120192026287782,-0.002363360693904,BrainAlign/gpt2-babylm-5,,,96,,,,134601216
ds001894,babylm-gpt2-5,BrainAlign/gpt2-babylm-5@checkpoint-04,764,,Orth,ses-7,96,-0.0036719426315559,-0.0088324889013714,-0.0023179521517107,BrainAlign/gpt2-babylm-5,,,96,,,,134601216
ds001894,babylm-gpt2-5,BrainAlign/gpt2-babylm-5@checkpoint-05,1146,,Orth,ses-7,96,-0.0141879250284768,-0.0153794534918067,-0.0094574833662352,BrainAlign/gpt2-babylm-5,,,96,,,,134601216
ds001894,babylm-gpt2-5,BrainAlign/gpt2-babylm-5@checkpoint-06,1337,,Orth,ses-7,96,-0.0106090964516734,-0.0153130057043933,-0.0071358754420598,BrainAlign/gpt2-babylm-5,,,96,,,,134601216
ds001894,babylm-gpt2-5,BrainAlign/gpt2-babylm-5@checkpoint-07,1528,,Orth,ses-7,96,-0.0116950266635824,-0.0172163140536925,-0.0077960309855577,BrainAlign/gpt2-babylm-5,,,96,,,,134601216
ds001894,babylm-gpt2-5,BrainAlign/gpt2-babylm-5@checkpoint-08,1719,,Orth,ses-7,96,-0.0144383849492387,-0.0199151029192854,-0.0096595128971804,BrainAlign/gpt2-babylm-5,,,96,,,,134601216
ds001894,babylm-gpt2-5,BrainAlign/gpt2-babylm-5@checkpoint-09,1908,,Orth,ses-7,96,-0.0143498329006263,-0.0187879861411442,-0.0096264185359208,BrainAlign/gpt2-babylm-5,,,96,,,,134601216
ds001894,babylm-gpt2-5,BrainAlign/gpt2-babylm-5@checkpoint-01,191,,Orth,ses-9,96,-0.0058206684055435,0.0068932186167187,-0.0038897419024639,BrainAlign/gpt2-babylm-5,0.1650755388561307,0.607179038133363,96,3.0,-0.03526063549982668,,134601216
ds001894,babylm-gpt2-5,BrainAlign/gpt2-babylm-5@checkpoint-02,382,,Orth,ses-9,96,-0.0385238190241546,-0.0207868585447797,-0.0257098932899258,BrainAlign/gpt2-babylm-5,0.1650755388561307,0.607179038133363,96,3.0,-0.23337085125452478,,134601216
ds001894,babylm-gpt2-5,BrainAlign/gpt2-babylm-5@checkpoint-03,573,,Orth,ses-9,96,-0.0485576090026551,-0.020021260875353,-0.032311448724905,BrainAlign/gpt2-babylm-5,0.1650755388561307,0.607179038133363,96,3.0,-0.2941538724582012,,134601216
ds001894,babylm-gpt2-5,BrainAlign/gpt2-babylm-5@checkpoint-04,764,,Orth,ses-9,96,-0.0466123317185508,-0.0184522890503377,-0.0310892662672254,BrainAlign/gpt2-babylm-5,0.1650755388561307,0.607179038133363,96,3.0,-0.2823697080836134,,134601216
ds001894,babylm-gpt2-5,BrainAlign/gpt2-babylm-5@checkpoint-05,1146,,Orth,ses-9,96,-0.0386275789411013,-0.0171374445343756,-0.0257556866502734,BrainAlign/gpt2-babylm-5,0.1650755388561307,0.607179038133363,96,3.0,-0.23399941147408054,,134601216
ds001894,babylm-gpt2-5,BrainAlign/gpt2-babylm-5@checkpoint-06,1337,,Orth,ses-9,96,-0.0342108606798204,-0.0184653557118602,-0.0227937413175403,BrainAlign/gpt2-babylm-5,0.1650755388561307,0.607179038133363,96,3.0,-0.2072436710907023,,134601216
ds001894,babylm-gpt2-5,BrainAlign/gpt2-babylm-5@checkpoint-07,1528,,Orth,ses-9,96,-0.0398455878809526,-0.022709486052076,-0.0267579455328384,BrainAlign/gpt2-babylm-5,0.1650755388561307,0.607179038133363,96,3.0,-0.24137790587907437,,134601216
ds001894,babylm-gpt2-5,BrainAlign/gpt2-babylm-5@checkpoint-08,1719,,Orth,ses-9,96,-0.04000160603574,-0.0230809935281481,-0.026829329300439,BrainAlign/gpt2-babylm-5,0.1650755388561307,0.607179038133363,96,3.0,-0.24232303776153566,,134601216
ds001894,babylm-gpt2-5,BrainAlign/gpt2-babylm-5@checkpoint-09,1908,,Orth,ses-9,96,-0.0404464291605973,-0.0227687639595263,-0.0271133250982248,BrainAlign/gpt2-babylm-5,0.1650755388561307,0.607179038133363,96,3.0,-0.24501770184041516,,134601216
ds001894,babylm-gpt2-5,BrainAlign/gpt2-babylm-5@checkpoint-01,191,,Phon,ses-11,96,-0.0346452480273781,-0.0057051254452376,-0.0231972231521994,BrainAlign/gpt2-babylm-5,0.2136860995937111,0.5240498443952196,96,5.0,-0.16213150080070876,,134601216
ds001894,babylm-gpt2-5,BrainAlign/gpt2-babylm-5@checkpoint-02,382,,Phon,ses-11,96,-0.0151688437996307,-0.0066763252984446,-0.0101921012225672,BrainAlign/gpt2-babylm-5,0.2136860995937111,0.5240498443952196,96,5.0,-0.07098657249335243,,134601216
ds001894,babylm-gpt2-5,BrainAlign/gpt2-babylm-5@checkpoint-03,573,,Phon,ses-11,96,-0.0213673047070626,-0.0075098905737898,-0.0143550640144999,BrainAlign/gpt2-babylm-5,0.2136860995937111,0.5240498443952196,96,5.0,-0.09999389173038868,,134601216
ds001894,babylm-gpt2-5,BrainAlign/gpt2-babylm-5@checkpoint-04,764,,Phon,ses-11,96,-0.0181538795715577,-0.0037947739442023,-0.0120765557235928,BrainAlign/gpt2-babylm-5,0.2136860995937111,0.5240498443952196,96,5.0,-0.08495582822689128,,134601216
ds001894,babylm-gpt2-5,BrainAlign/gpt2-babylm-5@checkpoint-05,1146,,Phon,ses-11,96,-0.0140208494475935,-0.0041718332688019,-0.0094467084579182,BrainAlign/gpt2-babylm-5,0.2136860995937111,0.5240498443952196,96,5.0,-0.06561423262557478,,134601216
ds001894,babylm-gpt2-5,BrainAlign/gpt2-babylm-5@checkpoint-06,1337,,Phon,ses-11,96,-0.0176387776075249,-0.0082742238146364,-0.0119291703705414,BrainAlign/gpt2-babylm-5,0.2136860995937111,0.5240498443952196,96,5.0,-0.08254527384355898,,134601216
ds001894,babylm-gpt2-5,BrainAlign/gpt2-babylm-5@checkpoint-07,1528,,Phon,ses-11,96,-0.0195899210693586,-0.0093139620267019,-0.0130892046963207,BrainAlign/gpt2-babylm-5,0.2136860995937111,0.5240498443952196,96,5.0,-0.0916761600619114,,134601216
ds001894,babylm-gpt2-5,BrainAlign/gpt2-babylm-5@checkpoint-08,1719,,Phon,ses-11,96,-0.0179756326631297,-0.0085413261973572,-0.0119491809145588,BrainAlign/gpt2-babylm-5,0.2136860995937111,0.5240498443952196,96,5.0,-0.08412167519229094,,134601216
ds001894,babylm-gpt2-5,BrainAlign/gpt2-babylm-5@checkpoint-09,1908,,Phon,ses-11,96,-0.0169985570534167,-0.0078127358707539,-0.0113427075035691,BrainAlign/gpt2-babylm-5,0.2136860995937111,0.5240498443952196,96,5.0,-0.07954919428889691,,134601216
ds001894,babylm-gpt2-5,BrainAlign/gpt2-babylm-5@checkpoint-01,191,,Phon,ses-11+,96,-0.0213113980792586,-0.0017817780074025,-0.0141976733894398,BrainAlign/gpt2-babylm-5,0.1742624769225749,0.5457342923093875,96,4.0,-0.12229481903167994,,134601216
ds001894,babylm-gpt2-5,BrainAlign/gpt2-babylm-5@checkpoint-02,382,,Phon,ses-11+,96,-0.011820250169548,0.005328252362722,-0.0077548554430603,BrainAlign/gpt2-babylm-5,0.1742624769225749,0.5457342923093875,96,4.0,-0.06783015126543711,,134601216
ds001894,babylm-gpt2-5,BrainAlign/gpt2-babylm-5@checkpoint-03,573,,Phon,ses-11+,96,-0.0112269567592462,0.0029139101845286,-0.0073565686534827,BrainAlign/gpt2-babylm-5,0.1742624769225749,0.5457342923093875,96,4.0,-0.06442555481541994,,134601216
ds001894,babylm-gpt2-5,BrainAlign/gpt2-babylm-5@checkpoint-04,764,,Phon,ses-11+,96,-0.0111810344793328,0.0061737883353387,-0.0072372750256866,BrainAlign/gpt2-babylm-5,0.1742624769225749,0.5457342923093875,96,4.0,-0.06416203118873692,,134601216
ds001894,babylm-gpt2-5,BrainAlign/gpt2-babylm-5@checkpoint-05,1146,,Phon,ses-11+,96,-0.0195133519593925,0.0044371453591982,-0.0128059785348433,BrainAlign/gpt2-babylm-5,0.1742624769225749,0.5457342923093875,96,4.0,-0.11197678527238147,,134601216
ds001894,babylm-gpt2-5,BrainAlign/gpt2-babylm-5@checkpoint-06,1337,,Phon,ses-11+,96,-0.0152429813667784,0.0040437752969079,-0.009994112282241,BrainAlign/gpt2-babylm-5,0.1742624769225749,0.5457342923093875,96,4.0,-0.08747139163843563,,134601216
ds001894,babylm-gpt2-5,BrainAlign/gpt2-babylm-5@checkpoint-07,1528,,Phon,ses-11+,96,-0.0176346817114247,0.0030894784065525,-0.011603614212104,BrainAlign/gpt2-babylm-5,0.1742624769225749,0.5457342923093875,96,4.0,-0.10119609237081954,,134601216
ds001894,babylm-gpt2-5,BrainAlign/gpt2-babylm-5@checkpoint-08,1719,,Phon,ses-11+,96,-0.0212080085951349,0.0008869528547175,-0.0138380608243574,BrainAlign/gpt2-babylm-5,0.1742624769225749,0.5457342923093875,96,4.0,-0.12170152157631532,,134601216
ds001894,babylm-gpt2-5,BrainAlign/gpt2-babylm-5@checkpoint-09,1908,,Phon,ses-11+,96,-0.0207447679856721,0.0013353740054854,-0.0135128894840743,BrainAlign/gpt2-babylm-5,0.1742624769225749,0.5457342923093875,96,4.0,-0.1190432292253543,,134601216
ds001894,babylm-gpt2-5,BrainAlign/gpt2-babylm-5@checkpoint-01,191,,Phon,ses-7,96,0.0063848517694517,-0.0037103414767191,0.0042583976941696,BrainAlign/gpt2-babylm-5,,,96,,,0.0081448036195669,134601216
ds001894,babylm-gpt2-5,BrainAlign/gpt2-babylm-5@checkpoint-02,382,,Phon,ses-7,96,-0.0033347052467545,-0.0153497788964042,-0.0021982737057603,BrainAlign/gpt2-babylm-5,,,96,,,0.0081448036195669,134601216
ds001894,babylm-gpt2-5,BrainAlign/gpt2-babylm-5@checkpoint-03,573,,Phon,ses-7,96,-0.0037336320359174,-0.0120192026287782,-0.002363360693904,BrainAlign/gpt2-babylm-5,,,96,,,0.0081448036195669,134601216
ds001894,babylm-gpt2-5,BrainAlign/gpt2-babylm-5@checkpoint-04,764,,Phon,ses-7,96,-0.0036719426315559,-0.0088324889013714,-0.0023179521517107,BrainAlign/gpt2-babylm-5,,,96,,,0.0081448036195669,134601216
ds001894,babylm-gpt2-5,BrainAlign/gpt2-babylm-5@checkpoint-05,1146,,Phon,ses-7,96,-0.0141879250284768,-0.0153794534918067,-0.0094574833662352,BrainAlign/gpt2-babylm-5,,,96,,,0.0081448036195669,134601216
ds001894,babylm-gpt2-5,BrainAlign/gpt2-babylm-5@checkpoint-06,1337,,Phon,ses-7,96,-0.0106090964516734,-0.0153130057043933,-0.0071358754420598,BrainAlign/gpt2-babylm-5,,,96,,,0.0081448036195669,134601216
ds001894,babylm-gpt2-5,BrainAlign/gpt2-babylm-5@checkpoint-07,1528,,Phon,ses-7,96,-0.0116950266635824,-0.0172163140536925,-0.0077960309855577,BrainAlign/gpt2-babylm-5,,,96,,,0.0081448036195669,134601216
ds001894,babylm-gpt2-5,BrainAlign/gpt2-babylm-5@checkpoint-08,1719,,Phon,ses-7,96,-0.0144383849492387,-0.0199151029192854,-0.0096595128971804,BrainAlign/gpt2-babylm-5,,,96,,,0.0081448036195669,134601216
ds001894,babylm-gpt2-5,BrainAlign/gpt2-babylm-5@checkpoint-09,1908,,Phon,ses-7,96,-0.0143498329006263,-0.0187879861411442,-0.0096264185359208,BrainAlign/gpt2-babylm-5,,,96,,,0.0081448036195669,134601216
ds001894,babylm-gpt2-5,BrainAlign/gpt2-babylm-5@checkpoint-01,191,,Phon,ses-9,96,-0.0058206684055435,0.0068932186167187,-0.0038897419024639,BrainAlign/gpt2-babylm-5,0.1650755388561307,0.607179038133363,96,3.0,-0.03526063549982668,0.008728626502912,134601216
ds001894,babylm-gpt2-5,BrainAlign/gpt2-babylm-5@checkpoint-02,382,,Phon,ses-9,96,-0.0385238190241546,-0.0207868585447797,-0.0257098932899258,BrainAlign/gpt2-babylm-5,0.1650755388561307,0.607179038133363,96,3.0,-0.23337085125452478,0.008728626502912,134601216
ds001894,babylm-gpt2-5,BrainAlign/gpt2-babylm-5@checkpoint-03,573,,Phon,ses-9,96,-0.0485576090026551,-0.020021260875353,-0.032311448724905,BrainAlign/gpt2-babylm-5,0.1650755388561307,0.607179038133363,96,3.0,-0.2941538724582012,0.008728626502912,134601216
ds001894,babylm-gpt2-5,BrainAlign/gpt2-babylm-5@checkpoint-04,764,,Phon,ses-9,96,-0.0466123317185508,-0.0184522890503377,-0.0310892662672254,BrainAlign/gpt2-babylm-5,0.1650755388561307,0.607179038133363,96,3.0,-0.2823697080836134,0.008728626502912,134601216
ds001894,babylm-gpt2-5,BrainAlign/gpt2-babylm-5@checkpoint-05,1146,,Phon,ses-9,96,-0.0386275789411013,-0.0171374445343756,-0.0257556866502734,BrainAlign/gpt2-babylm-5,0.1650755388561307,0.607179038133363,96,3.0,-0.23399941147408054,0.008728626502912,134601216
ds001894,babylm-gpt2-5,BrainAlign/gpt2-babylm-5@checkpoint-06,1337,,Phon,ses-9,96,-0.0342108606798204,-0.0184653557118602,-0.0227937413175403,BrainAlign/gpt2-babylm-5,0.1650755388561307,0.607179038133363,96,3.0,-0.2072436710907023,0.008728626502912,134601216
ds001894,babylm-gpt2-5,BrainAlign/gpt2-babylm-5@checkpoint-07,1528,,Phon,ses-9,96,-0.0398455878809526,-0.022709486052076,-0.0267579455328384,BrainAlign/gpt2-babylm-5,0.1650755388561307,0.607179038133363,96,3.0,-0.24137790587907437,0.008728626502912,134601216
ds001894,babylm-gpt2-5,BrainAlign/gpt2-babylm-5@checkpoint-08,1719,,Phon,ses-9,96,-0.04000160603574,-0.0230809935281481,-0.026829329300439,BrainAlign/gpt2-babylm-5,0.1650755388561307,0.607179038133363,96,3.0,-0.24232303776153566,0.008728626502912,134601216
ds001894,babylm-gpt2-5,BrainAlign/gpt2-babylm-5@checkpoint-09,1908,,Phon,ses-9,96,-0.0404464291605973,-0.0227687639595263,-0.0271133250982248,BrainAlign/gpt2-babylm-5,0.1650755388561307,0.607179038133363,96,3.0,-0.24501770184041516,0.008728626502912,134601216
ds001894,babylm-gpt2-7,BrainAlign/gpt2-babylm-7@checkpoint-01,191,,Orth,ses-11,96,-0.0334336897062459,-0.0060352802305808,-0.0223968013915024,BrainAlign/gpt2-babylm-7,0.2136860995937111,0.5240498443952196,96,5.0,-0.156461696712208,,134601216
ds001894,babylm-gpt2-7,BrainAlign/gpt2-babylm-7@checkpoint-02,382,,Orth,ses-11,96,-0.0160161276959368,-0.0068506518303865,-0.0106192493737084,BrainAlign/gpt2-babylm-7,0.2136860995937111,0.5240498443952196,96,5.0,-0.07495165912237074,,134601216
ds001894,babylm-gpt2-7,BrainAlign/gpt2-babylm-7@checkpoint-03,573,,Orth,ses-11,96,-0.0208326931966444,-0.0056934439150079,-0.0140162316297433,BrainAlign/gpt2-babylm-7,0.2136860995937111,0.5240498443952196,96,5.0,-0.09749203732135284,,134601216
ds001894,babylm-gpt2-7,BrainAlign/gpt2-babylm-7@checkpoint-04,764,,Orth,ses-11,96,-0.0162115091789849,-0.003398785452236,-0.01076067004537,BrainAlign/gpt2-babylm-7,0.2136860995937111,0.5240498443952196,96,5.0,-0.07586599788104333,,134601216
ds001894,babylm-gpt2-7,BrainAlign/gpt2-babylm-7@checkpoint-05,1146,,Orth,ses-11,96,-0.0111692093574717,-0.0019234461398314,-0.0074416134655568,BrainAlign/gpt2-babylm-7,0.2136860995937111,0.5240498443952196,96,5.0,-0.05226923687927343,,134601216
ds001894,babylm-gpt2-7,BrainAlign/gpt2-babylm-7@checkpoint-06,1337,,Orth,ses-11,96,-0.0145800507621296,-0.0074186219087827,-0.0097305118466268,BrainAlign/gpt2-babylm-7,0.2136860995937111,0.5240498443952196,96,5.0,-0.06823116145528962,,134601216
ds001894,babylm-gpt2-7,BrainAlign/gpt2-babylm-7@checkpoint-07,1528,,Orth,ses-11,96,-0.0157889086064671,-0.0071988500358813,-0.0104024043438273,BrainAlign/gpt2-babylm-7,0.2136860995937111,0.5240498443952196,96,5.0,-0.07388832795622695,,134601216
ds001894,babylm-gpt2-7,BrainAlign/gpt2-babylm-7@checkpoint-08,1719,,Orth,ses-11,96,-0.0155144661028668,-0.0076304643339238,-0.0102184612661286,BrainAlign/gpt2-babylm-7,0.2136860995937111,0.5240498443952196,96,5.0,-0.07260400247075031,,134601216
ds001894,babylm-gpt2-7,BrainAlign/gpt2-babylm-7@checkpoint-09,1908,,Orth,ses-11,96,-0.014218458969538,-0.0067334223338359,-0.0093562761916856,BrainAlign/gpt2-babylm-7,0.2136860995937111,0.5240498443952196,96,5.0,-0.06653899807508329,,134601216
ds001894,babylm-gpt2-7,BrainAlign/gpt2-babylm-7@checkpoint-01,191,,Orth,ses-11+,96,-0.0212735925431465,-0.0023563203045888,-0.0142442363860957,BrainAlign/gpt2-babylm-7,0.1742624769225749,0.5457342923093875,96,4.0,-0.12207787309598722,,134601216
ds001894,babylm-gpt2-7,BrainAlign/gpt2-babylm-7@checkpoint-02,382,,Orth,ses-11+,96,-0.0118762353893517,0.0064002920956256,-0.0078552929813016,BrainAlign/gpt2-babylm-7,0.1742624769225749,0.5457342923093875,96,4.0,-0.06815142077102652,,134601216
ds001894,babylm-gpt2-7,BrainAlign/gpt2-babylm-7@checkpoint-03,573,,Orth,ses-11+,96,-0.0104427273128873,0.0029855461323436,-0.0068295601913315,BrainAlign/gpt2-babylm-7,0.1742624769225749,0.5457342923093875,96,4.0,-0.05992527764612815,,134601216
ds001894,babylm-gpt2-7,BrainAlign/gpt2-babylm-7@checkpoint-04,764,,Orth,ses-11+,96,-0.0089272370233794,0.0091289888430228,-0.0057782369941084,BrainAlign/gpt2-babylm-7,0.1742624769225749,0.5457342923093875,96,4.0,-0.05122868204923878,,134601216
ds001894,babylm-gpt2-7,BrainAlign/gpt2-babylm-7@checkpoint-05,1146,,Orth,ses-11+,96,-0.0179773191639154,0.0067877643274869,-0.0120276838180118,BrainAlign/gpt2-babylm-7,0.1742624769225749,0.5457342923093875,96,4.0,-0.10316230712078511,,134601216
ds001894,babylm-gpt2-7,BrainAlign/gpt2-babylm-7@checkpoint-06,1337,,Orth,ses-11+,96,-0.0123559733581068,0.0069470922444791,-0.0081591069140277,BrainAlign/gpt2-babylm-7,0.1742624769225749,0.5457342923093875,96,4.0,-0.07090438272374941,,134601216
ds001894,babylm-gpt2-7,BrainAlign/gpt2-babylm-7@checkpoint-07,1528,,Orth,ses-11+,96,-0.0134322527002559,0.0057972777893379,-0.0087582687800879,BrainAlign/gpt2-babylm-7,0.1742624769225749,0.5457342923093875,96,4.0,-0.07708057946533074,,134601216
ds001894,babylm-gpt2-7,BrainAlign/gpt2-babylm-7@checkpoint-08,1719,,Orth,ses-11+,96,-0.0169539922256591,0.0032743362763693,-0.0111560706987912,BrainAlign/gpt2-babylm-7,0.1742624769225749,0.5457342923093875,96,4.0,-0.0972899761616024,,134601216
ds001894,babylm-gpt2-7,BrainAlign/gpt2-babylm-7@checkpoint-09,1908,,Orth,ses-11+,96,-0.0162906919475302,0.0039845165690669,-0.0107006384133177,BrainAlign/gpt2-babylm-7,0.1742624769225749,0.5457342923093875,96,4.0,-0.09348364739913677,,134601216
ds001894,babylm-gpt2-7,BrainAlign/gpt2-babylm-7@checkpoint-01,191,,Orth,ses-7,96,0.0046763864813954,-0.0056228766184736,0.0031820613169246,BrainAlign/gpt2-babylm-7,,,96,,,,134601216
ds001894,babylm-gpt2-7,BrainAlign/gpt2-babylm-7@checkpoint-02,382,,Orth,ses-7,96,-7.377143726829235e-06,-0.012132575349698,8.831576638459496e-05,BrainAlign/gpt2-babylm-7,,,96,,,,134601216
ds001894,babylm-gpt2-7,BrainAlign/gpt2-babylm-7@checkpoint-03,573,,Orth,ses-7,96,-0.0022705553964492,-0.0098523380569583,-0.0013160780872998,BrainAlign/gpt2-babylm-7,,,96,,,,134601216
ds001894,babylm-gpt2-7,BrainAlign/gpt2-babylm-7@checkpoint-04,764,,Orth,ses-7,96,0.0011028677370225,-0.0052354674651374,0.0008920084813921,BrainAlign/gpt2-babylm-7,,,96,,,,134601216
ds001894,babylm-gpt2-7,BrainAlign/gpt2-babylm-7@checkpoint-05,1146,,Orth,ses-7,96,-0.0105217878272109,-0.0129109350815333,-0.0070140804962614,BrainAlign/gpt2-babylm-7,,,96,,,,134601216
ds001894,babylm-gpt2-7,BrainAlign/gpt2-babylm-7@checkpoint-06,1337,,Orth,ses-7,96,-0.0118657853110924,-0.0148264645965394,-0.0079718928820186,BrainAlign/gpt2-babylm-7,,,96,,,,134601216
ds001894,babylm-gpt2-7,BrainAlign/gpt2-babylm-7@checkpoint-07,1528,,Orth,ses-7,96,-0.0133552244408939,-0.0159220680900225,-0.0089758834462774,BrainAlign/gpt2-babylm-7,,,96,,,,134601216
ds001894,babylm-gpt2-7,BrainAlign/gpt2-babylm-7@checkpoint-08,1719,,Orth,ses-7,96,-0.0157420194298103,-0.01832334749805,-0.0105474807879536,BrainAlign/gpt2-babylm-7,,,96,,,,134601216
ds001894,babylm-gpt2-7,BrainAlign/gpt2-babylm-7@checkpoint-09,1908,,Orth,ses-7,96,-0.0152552027391243,-0.016950438635484,-0.0102321223106021,BrainAlign/gpt2-babylm-7,,,96,,,,134601216
ds001894,babylm-gpt2-7,BrainAlign/gpt2-babylm-7@checkpoint-01,191,,Orth,ses-9,96,-0.0087055265876469,0.0045729309861865,-0.0059231210291576,BrainAlign/gpt2-babylm-7,0.1650755388561307,0.607179038133363,96,3.0,-0.05273662377824544,,134601216
ds001894,babylm-gpt2-7,BrainAlign/gpt2-babylm-7@checkpoint-02,382,,Orth,ses-9,96,-0.0365974546959581,-0.0160813816254295,-0.0245708315535493,BrainAlign/gpt2-babylm-7,0.1650755388561307,0.607179038133363,96,3.0,-0.22170125840300364,,134601216
ds001894,babylm-gpt2-7,BrainAlign/gpt2-babylm-7@checkpoint-03,573,,Orth,ses-9,96,-0.0484106010852565,-0.018029057713245,-0.0322808556816476,BrainAlign/gpt2-babylm-7,0.1650755388561307,0.607179038133363,96,3.0,-0.29326332308657854,,134601216
ds001894,babylm-gpt2-7,BrainAlign/gpt2-babylm-7@checkpoint-04,764,,Orth,ses-9,96,-0.043752236850439,-0.0159169175820298,-0.0291399699072203,BrainAlign/gpt2-babylm-7,0.1650755388561307,0.607179038133363,96,3.0,-0.2650437318188654,,134601216
ds001894,babylm-gpt2-7,BrainAlign/gpt2-babylm-7@checkpoint-05,1146,,Orth,ses-9,96,-0.038351307433347,-0.0168080527884482,-0.0256415880675586,BrainAlign/gpt2-babylm-7,0.1650755388561307,0.607179038133363,96,3.0,-0.23232580489573051,,134601216
ds001894,babylm-gpt2-7,BrainAlign/gpt2-babylm-7@checkpoint-06,1337,,Orth,ses-9,96,-0.0337314518862524,-0.0186419541223295,-0.0224083459361278,BrainAlign/gpt2-babylm-7,0.1650755388561307,0.607179038133363,96,3.0,-0.20433949281638017,,134601216
ds001894,babylm-gpt2-7,BrainAlign/gpt2-babylm-7@checkpoint-07,1528,,Orth,ses-9,96,-0.0382365675432896,-0.0208124538163661,-0.0255896376167442,BrainAlign/gpt2-babylm-7,0.1650755388561307,0.607179038133363,96,3.0,-0.23163072983583688,,134601216
ds001894,babylm-gpt2-7,BrainAlign/gpt2-babylm-7@checkpoint-08,1719,,Orth,ses-9,96,-0.0377853678356548,-0.0214972529743387,-0.0252717778213905,BrainAlign/gpt2-babylm-7,0.1650755388561307,0.607179038133363,96,3.0,-0.22889743748518743,,134601216
ds001894,babylm-gpt2-7,BrainAlign/gpt2-babylm-7@checkpoint-09,1908,,Orth,ses-9,96,-0.0379924786367898,-0.0211227715153932,-0.0253985754031932,BrainAlign/gpt2-babylm-7,0.1650755388561307,0.607179038133363,96,3.0,-0.23015208007227297,,134601216
ds001894,babylm-gpt2-7,BrainAlign/gpt2-babylm-7@checkpoint-01,191,,Phon,ses-11,96,-0.0334336897062459,-0.0060352802305808,-0.0223968013915024,BrainAlign/gpt2-babylm-7,0.2136860995937111,0.5240498443952196,96,5.0,-0.156461696712208,,134601216
ds001894,babylm-gpt2-7,BrainAlign/gpt2-babylm-7@checkpoint-02,382,,Phon,ses-11,96,-0.0160161276959368,-0.0068506518303865,-0.0106192493737084,BrainAlign/gpt2-babylm-7,0.2136860995937111,0.5240498443952196,96,5.0,-0.07495165912237074,,134601216
ds001894,babylm-gpt2-7,BrainAlign/gpt2-babylm-7@checkpoint-03,573,,Phon,ses-11,96,-0.0208326931966444,-0.0056934439150079,-0.0140162316297433,BrainAlign/gpt2-babylm-7,0.2136860995937111,0.5240498443952196,96,5.0,-0.09749203732135284,,134601216
ds001894,babylm-gpt2-7,BrainAlign/gpt2-babylm-7@checkpoint-04,764,,Phon,ses-11,96,-0.0162115091789849,-0.003398785452236,-0.01076067004537,BrainAlign/gpt2-babylm-7,0.2136860995937111,0.5240498443952196,96,5.0,-0.07586599788104333,,134601216
ds001894,babylm-gpt2-7,BrainAlign/gpt2-babylm-7@checkpoint-05,1146,,Phon,ses-11,96,-0.0111692093574717,-0.0019234461398314,-0.0074416134655568,BrainAlign/gpt2-babylm-7,0.2136860995937111,0.5240498443952196,96,5.0,-0.05226923687927343,,134601216
ds001894,babylm-gpt2-7,BrainAlign/gpt2-babylm-7@checkpoint-06,1337,,Phon,ses-11,96,-0.0145800507621296,-0.0074186219087827,-0.0097305118466268,BrainAlign/gpt2-babylm-7,0.2136860995937111,0.5240498443952196,96,5.0,-0.06823116145528962,,134601216
ds001894,babylm-gpt2-7,BrainAlign/gpt2-babylm-7@checkpoint-07,1528,,Phon,ses-11,96,-0.0157889086064671,-0.0071988500358813,-0.0104024043438273,BrainAlign/gpt2-babylm-7,0.2136860995937111,0.5240498443952196,96,5.0,-0.07388832795622695,,134601216
ds001894,babylm-gpt2-7,BrainAlign/gpt2-babylm-7@checkpoint-08,1719,,Phon,ses-11,96,-0.0155144661028668,-0.0076304643339238,-0.0102184612661286,BrainAlign/gpt2-babylm-7,0.2136860995937111,0.5240498443952196,96,5.0,-0.07260400247075031,,134601216
ds001894,babylm-gpt2-7,BrainAlign/gpt2-babylm-7@checkpoint-09,1908,,Phon,ses-11,96,-0.014218458969538,-0.0067334223338359,-0.0093562761916856,BrainAlign/gpt2-babylm-7,0.2136860995937111,0.5240498443952196,96,5.0,-0.06653899807508329,,134601216
ds001894,babylm-gpt2-7,BrainAlign/gpt2-babylm-7@checkpoint-01,191,,Phon,ses-11+,96,-0.0212735925431465,-0.0023563203045888,-0.0142442363860957,BrainAlign/gpt2-babylm-7,0.1742624769225749,0.5457342923093875,96,4.0,-0.12207787309598722,,134601216
ds001894,babylm-gpt2-7,BrainAlign/gpt2-babylm-7@checkpoint-02,382,,Phon,ses-11+,96,-0.0118762353893517,0.0064002920956256,-0.0078552929813016,BrainAlign/gpt2-babylm-7,0.1742624769225749,0.5457342923093875,96,4.0,-0.06815142077102652,,134601216
ds001894,babylm-gpt2-7,BrainAlign/gpt2-babylm-7@checkpoint-03,573,,Phon,ses-11+,96,-0.0104427273128873,0.0029855461323436,-0.0068295601913315,BrainAlign/gpt2-babylm-7,0.1742624769225749,0.5457342923093875,96,4.0,-0.05992527764612815,,134601216
ds001894,babylm-gpt2-7,BrainAlign/gpt2-babylm-7@checkpoint-04,764,,Phon,ses-11+,96,-0.0089272370233794,0.0091289888430228,-0.0057782369941084,BrainAlign/gpt2-babylm-7,0.1742624769225749,0.5457342923093875,96,4.0,-0.05122868204923878,,134601216
ds001894,babylm-gpt2-7,BrainAlign/gpt2-babylm-7@checkpoint-05,1146,,Phon,ses-11+,96,-0.0179773191639154,0.0067877643274869,-0.0120276838180118,BrainAlign/gpt2-babylm-7,0.1742624769225749,0.5457342923093875,96,4.0,-0.10316230712078511,,134601216
ds001894,babylm-gpt2-7,BrainAlign/gpt2-babylm-7@checkpoint-06,1337,,Phon,ses-11+,96,-0.0123559733581068,0.0069470922444791,-0.0081591069140277,BrainAlign/gpt2-babylm-7,0.1742624769225749,0.5457342923093875,96,4.0,-0.07090438272374941,,134601216
ds001894,babylm-gpt2-7,BrainAlign/gpt2-babylm-7@checkpoint-07,1528,,Phon,ses-11+,96,-0.0134322527002559,0.0057972777893379,-0.0087582687800879,BrainAlign/gpt2-babylm-7,0.1742624769225749,0.5457342923093875,96,4.0,-0.07708057946533074,,134601216
ds001894,babylm-gpt2-7,BrainAlign/gpt2-babylm-7@checkpoint-08,1719,,Phon,ses-11+,96,-0.0169539922256591,0.0032743362763693,-0.0111560706987912,BrainAlign/gpt2-babylm-7,0.1742624769225749,0.5457342923093875,96,4.0,-0.0972899761616024,,134601216
ds001894,babylm-gpt2-7,BrainAlign/gpt2-babylm-7@checkpoint-09,1908,,Phon,ses-11+,96,-0.0162906919475302,0.0039845165690669,-0.0107006384133177,BrainAlign/gpt2-babylm-7,0.1742624769225749,0.5457342923093875,96,4.0,-0.09348364739913677,,134601216
ds001894,babylm-gpt2-7,BrainAlign/gpt2-babylm-7@checkpoint-01,191,,Phon,ses-7,96,0.0046763864813954,-0.0056228766184736,0.0031820613169246,BrainAlign/gpt2-babylm-7,,,96,,,0.0081448036195669,134601216
ds001894,babylm-gpt2-7,BrainAlign/gpt2-babylm-7@checkpoint-02,382,,Phon,ses-7,96,-7.377143726829235e-06,-0.012132575349698,8.831576638459496e-05,BrainAlign/gpt2-babylm-7,,,96,,,0.0081448036195669,134601216
ds001894,babylm-gpt2-7,BrainAlign/gpt2-babylm-7@checkpoint-03,573,,Phon,ses-7,96,-0.0022705553964492,-0.0098523380569583,-0.0013160780872998,BrainAlign/gpt2-babylm-7,,,96,,,0.0081448036195669,134601216
ds001894,babylm-gpt2-7,BrainAlign/gpt2-babylm-7@checkpoint-04,764,,Phon,ses-7,96,0.0011028677370225,-0.0052354674651374,0.0008920084813921,BrainAlign/gpt2-babylm-7,,,96,,,0.0081448036195669,134601216
ds001894,babylm-gpt2-7,BrainAlign/gpt2-babylm-7@checkpoint-05,1146,,Phon,ses-7,96,-0.0105217878272109,-0.0129109350815333,-0.0070140804962614,BrainAlign/gpt2-babylm-7,,,96,,,0.0081448036195669,134601216
ds001894,babylm-gpt2-7,BrainAlign/gpt2-babylm-7@checkpoint-06,1337,,Phon,ses-7,96,-0.0118657853110924,-0.0148264645965394,-0.0079718928820186,BrainAlign/gpt2-babylm-7,,,96,,,0.0081448036195669,134601216
ds001894,babylm-gpt2-7,BrainAlign/gpt2-babylm-7@checkpoint-07,1528,,Phon,ses-7,96,-0.0133552244408939,-0.0159220680900225,-0.0089758834462774,BrainAlign/gpt2-babylm-7,,,96,,,0.0081448036195669,134601216
ds001894,babylm-gpt2-7,BrainAlign/gpt2-babylm-7@checkpoint-08,1719,,Phon,ses-7,96,-0.0157420194298103,-0.01832334749805,-0.0105474807879536,BrainAlign/gpt2-babylm-7,,,96,,,0.0081448036195669,134601216
ds001894,babylm-gpt2-7,BrainAlign/gpt2-babylm-7@checkpoint-09,1908,,Phon,ses-7,96,-0.0152552027391243,-0.016950438635484,-0.0102321223106021,BrainAlign/gpt2-babylm-7,,,96,,,0.0081448036195669,134601216
ds001894,babylm-gpt2-7,BrainAlign/gpt2-babylm-7@checkpoint-01,191,,Phon,ses-9,96,-0.0087055265876469,0.0045729309861865,-0.0059231210291576,BrainAlign/gpt2-babylm-7,0.1650755388561307,0.607179038133363,96,3.0,-0.05273662377824544,0.008728626502912,134601216
ds001894,babylm-gpt2-7,BrainAlign/gpt2-babylm-7@checkpoint-02,382,,Phon,ses-9,96,-0.0365974546959581,-0.0160813816254295,-0.0245708315535493,BrainAlign/gpt2-babylm-7,0.1650755388561307,0.607179038133363,96,3.0,-0.22170125840300364,0.008728626502912,134601216
ds001894,babylm-gpt2-7,BrainAlign/gpt2-babylm-7@checkpoint-03,573,,Phon,ses-9,96,-0.0484106010852565,-0.018029057713245,-0.0322808556816476,BrainAlign/gpt2-babylm-7,0.1650755388561307,0.607179038133363,96,3.0,-0.29326332308657854,0.008728626502912,134601216
ds001894,babylm-gpt2-7,BrainAlign/gpt2-babylm-7@checkpoint-04,764,,Phon,ses-9,96,-0.043752236850439,-0.0159169175820298,-0.0291399699072203,BrainAlign/gpt2-babylm-7,0.1650755388561307,0.607179038133363,96,3.0,-0.2650437318188654,0.008728626502912,134601216
ds001894,babylm-gpt2-7,BrainAlign/gpt2-babylm-7@checkpoint-05,1146,,Phon,ses-9,96,-0.038351307433347,-0.0168080527884482,-0.0256415880675586,BrainAlign/gpt2-babylm-7,0.1650755388561307,0.607179038133363,96,3.0,-0.23232580489573051,0.008728626502912,134601216
ds001894,babylm-gpt2-7,BrainAlign/gpt2-babylm-7@checkpoint-06,1337,,Phon,ses-9,96,-0.0337314518862524,-0.0186419541223295,-0.0224083459361278,BrainAlign/gpt2-babylm-7,0.1650755388561307,0.607179038133363,96,3.0,-0.20433949281638017,0.008728626502912,134601216
ds001894,babylm-gpt2-7,BrainAlign/gpt2-babylm-7@checkpoint-07,1528,,Phon,ses-9,96,-0.0382365675432896,-0.0208124538163661,-0.0255896376167442,BrainAlign/gpt2-babylm-7,0.1650755388561307,0.607179038133363,96,3.0,-0.23163072983583688,0.008728626502912,134601216
ds001894,babylm-gpt2-7,BrainAlign/gpt2-babylm-7@checkpoint-08,1719,,Phon,ses-9,96,-0.0377853678356548,-0.0214972529743387,-0.0252717778213905,BrainAlign/gpt2-babylm-7,0.1650755388561307,0.607179038133363,96,3.0,-0.22889743748518743,0.008728626502912,134601216
ds001894,babylm-gpt2-7,BrainAlign/gpt2-babylm-7@checkpoint-09,1908,,Phon,ses-9,96,-0.0379924786367898,-0.0211227715153932,-0.0253985754031932,BrainAlign/gpt2-babylm-7,0.1650755388561307,0.607179038133363,96,3.0,-0.23015208007227297,0.008728626502912,134601216
ds001894,babylm-gpt2,BrainAlign/gpt2-babylm-9@checkpoint-01,598,,Orth,ses-11,96,0.0146708934954352,0.011537264126599,0.0097172356203076,BrainAlign/gpt2-babylm-9,0.2136860995937111,0.5240498443952196,96,5.0,0.06865628378883552,,134601216
ds001894,babylm-gpt2,BrainAlign/gpt2-babylm-9@checkpoint-02,897,,Orth,ses-11,96,0.0188468123240588,0.0096732196128342,0.0126164555939091,BrainAlign/gpt2-babylm-9,0.2136860995937111,0.5240498443952196,96,5.0,0.08819858830262198,,134601216
ds001894,babylm-gpt2,BrainAlign/gpt2-babylm-9@checkpoint-03,1196,,Orth,ses-11,96,0.009784182926476,0.0032962645914444,0.0064247314931329,BrainAlign/gpt2-babylm-9,0.2136860995937111,0.5240498443952196,96,5.0,0.04578764339411413,,134601216
ds001894,babylm-gpt2,BrainAlign/gpt2-babylm-9@checkpoint-04,1495,,Orth,ses-11,96,0.0183864808841565,0.0054720729548676,0.0122516479837452,BrainAlign/gpt2-babylm-9,0.2136860995937111,0.5240498443952196,96,5.0,0.08604434691407332,,134601216
ds001894,babylm-gpt2,BrainAlign/gpt2-babylm-9@checkpoint-05,1794,,Orth,ses-11,96,0.0230498426083203,0.006525727209499,0.0155683956546334,BrainAlign/gpt2-babylm-9,0.2136860995937111,0.5240498443952196,96,5.0,0.10786776796499996,,134601216
ds001894,babylm-gpt2,BrainAlign/gpt2-babylm-9@checkpoint-06,2093,,Orth,ses-11,96,0.0105406801543008,-0.0004233022154933,0.007032166949508,BrainAlign/gpt2-babylm-9,0.2136860995937111,0.5240498443952196,96,5.0,0.04932787005959754,,134601216
ds001894,babylm-gpt2,BrainAlign/gpt2-babylm-9@checkpoint-07,2392,,Orth,ses-11,96,0.0171461056230257,0.002581386514795,0.0114431450418104,BrainAlign/gpt2-babylm-9,0.2136860995937111,0.5240498443952196,96,5.0,0.08023968641678703,,134601216
ds001894,babylm-gpt2,BrainAlign/gpt2-babylm-9@checkpoint-08,2691,,Orth,ses-11,96,0.0161843716525708,0.0016022953719388,0.0108720749010055,BrainAlign/gpt2-babylm-9,0.2136860995937111,0.5240498443952196,96,5.0,0.07573900072743484,,134601216
ds001894,babylm-gpt2,BrainAlign/gpt2-babylm-9@checkpoint-09,2990,,Orth,ses-11,96,0.016888316776817,0.0025877472325895,0.0114138988620927,BrainAlign/gpt2-babylm-9,0.2136860995937111,0.5240498443952196,96,5.0,0.07903329607741146,,134601216
ds001894,babylm-gpt2,BrainAlign/gpt2-babylm-9@checkpoint-01,598,,Orth,ses-11+,96,-0.0096447085774607,-0.0011632489287203,-0.00662464452423,BrainAlign/gpt2-babylm-9,0.1742624769225749,0.5457342923093875,96,4.0,-0.05534587105487924,,134601216
ds001894,babylm-gpt2,BrainAlign/gpt2-babylm-9@checkpoint-02,897,,Orth,ses-11+,96,-0.0169013806402127,-0.0090499384057434,-0.0112763263719729,BrainAlign/gpt2-babylm-9,0.1742624769225749,0.5457342923093875,96,4.0,-0.09698806615564182,,134601216
ds001894,babylm-gpt2,BrainAlign/gpt2-babylm-9@checkpoint-03,1196,,Orth,ses-11+,96,-0.0177373155227139,-0.0073506305588499,-0.0120194102276969,BrainAlign/gpt2-babylm-9,0.1742624769225749,0.5457342923093875,96,4.0,-0.101785053420276,,134601216
ds001894,babylm-gpt2,BrainAlign/gpt2-babylm-9@checkpoint-04,1495,,Orth,ses-11+,96,-0.0093409207576964,-0.0022411592356343,-0.0062979339113302,BrainAlign/gpt2-babylm-9,0.1742624769225749,0.5457342923093875,96,4.0,-0.05360259375772895,,134601216
ds001894,babylm-gpt2,BrainAlign/gpt2-babylm-9@checkpoint-05,1794,,Orth,ses-11+,96,-0.012902419861845,-0.0034411853179441,-0.0088662102723358,BrainAlign/gpt2-babylm-9,0.1742624769225749,0.5457342923093875,96,4.0,-0.0740401496047687,,134601216
ds001894,babylm-gpt2,BrainAlign/gpt2-babylm-9@checkpoint-06,2093,,Orth,ses-11+,96,-0.0142892697284795,-0.0053433117949422,-0.0096368086260837,BrainAlign/gpt2-babylm-9,0.1742624769225749,0.5457342923093875,96,4.0,-0.081998545991219,,134601216
ds001894,babylm-gpt2,BrainAlign/gpt2-babylm-9@checkpoint-07,2392,,Orth,ses-11+,96,-0.0114799211197537,-0.0040836799422659,-0.0078229682563504,BrainAlign/gpt2-babylm-9,0.1742624769225749,0.5457342923093875,96,4.0,-0.06587718321514648,,134601216
ds001894,babylm-gpt2,BrainAlign/gpt2-babylm-9@checkpoint-08,2691,,Orth,ses-11+,96,-0.0122986043622569,-0.0040145375452938,-0.0084259783039524,BrainAlign/gpt2-babylm-9,0.1742624769225749,0.5457342923093875,96,4.0,-0.07057517246079997,,134601216
ds001894,babylm-gpt2,BrainAlign/gpt2-babylm-9@checkpoint-09,2990,,Orth,ses-11+,96,-0.0115382376491008,-0.003680552312593,-0.0079045497050368,BrainAlign/gpt2-babylm-9,0.1742624769225749,0.5457342923093875,96,4.0,-0.06621183087066562,,134601216
ds001894,babylm-gpt2,BrainAlign/gpt2-babylm-9@checkpoint-01,598,,Orth,ses-7,96,-0.0152151786559032,-0.0168219083306173,-0.0101824807687127,BrainAlign/gpt2-babylm-9,,,96,,,,134601216
ds001894,babylm-gpt2,BrainAlign/gpt2-babylm-9@checkpoint-02,897,,Orth,ses-7,96,-0.0066707568086343,-0.0130738093187519,-0.0043771140947345,BrainAlign/gpt2-babylm-9,,,96,,,,134601216
ds001894,babylm-gpt2,BrainAlign/gpt2-babylm-9@checkpoint-03,1196,,Orth,ses-7,96,-0.0110303841201576,-0.0163865833273562,-0.0073325175188464,BrainAlign/gpt2-babylm-9,,,96,,,,134601216
ds001894,babylm-gpt2,BrainAlign/gpt2-babylm-9@checkpoint-04,1495,,Orth,ses-7,96,-0.0129886356651846,-0.0112799860246434,-0.0086851533307935,BrainAlign/gpt2-babylm-9,,,96,,,,134601216
ds001894,babylm-gpt2,BrainAlign/gpt2-babylm-9@checkpoint-05,1794,,Orth,ses-7,96,-0.0061218190270957,-0.0119742498977096,-0.0040288536652005,BrainAlign/gpt2-babylm-9,,,96,,,,134601216
ds001894,babylm-gpt2,BrainAlign/gpt2-babylm-9@checkpoint-06,2093,,Orth,ses-7,96,-0.0063562279556876,-0.0115266638917266,-0.0042064472433551,BrainAlign/gpt2-babylm-9,,,96,,,,134601216
ds001894,babylm-gpt2,BrainAlign/gpt2-babylm-9@checkpoint-07,2392,,Orth,ses-7,96,-0.0068279487811306,-0.0086003668594659,-0.0045271931748652,BrainAlign/gpt2-babylm-9,,,96,,,,134601216
ds001894,babylm-gpt2,BrainAlign/gpt2-babylm-9@checkpoint-08,2691,,Orth,ses-7,96,-0.0061978454599367,-0.0099054659325131,-0.0039730550328442,BrainAlign/gpt2-babylm-9,,,96,,,,134601216
ds001894,babylm-gpt2,BrainAlign/gpt2-babylm-9@checkpoint-09,2990,,Orth,ses-7,96,-0.0058859410229283,-0.0097116944888318,-0.0038806986758407,BrainAlign/gpt2-babylm-9,,,96,,,,134601216
ds001894,babylm-gpt2,BrainAlign/gpt2-babylm-9@checkpoint-01,598,,Orth,ses-9,96,0.0062550041177778,0.0099410768572416,0.004108511023116,BrainAlign/gpt2-babylm-9,0.1650755388561307,0.607179038133363,96,3.0,0.03789176858740569,,134601216
ds001894,babylm-gpt2,BrainAlign/gpt2-babylm-9@checkpoint-02,897,,Orth,ses-9,96,-0.0042070110133411,0.0065701623178245,-0.0030113944655453,BrainAlign/gpt2-babylm-9,0.1650755388561307,0.607179038133363,96,3.0,-0.025485368955891537,,134601216
ds001894,babylm-gpt2,BrainAlign/gpt2-babylm-9@checkpoint-03,1196,,Orth,ses-9,96,0.0113584113072489,0.0119328397734874,0.0074856751442106,BrainAlign/gpt2-babylm-9,0.1650755388561307,0.607179038133363,96,3.0,0.06880735562613045,,134601216
ds001894,babylm-gpt2,BrainAlign/gpt2-babylm-9@checkpoint-04,1495,,Orth,ses-9,96,0.0097851680474513,0.0137823853591728,0.0066991068370641,BrainAlign/gpt2-babylm-9,0.1650755388561307,0.607179038133363,96,3.0,0.059276911135691814,,134601216
ds001894,babylm-gpt2,BrainAlign/gpt2-babylm-9@checkpoint-05,1794,,Orth,ses-9,96,0.0143994200229346,0.0157634565669626,0.0096741359870393,BrainAlign/gpt2-babylm-9,0.1650755388561307,0.607179038133363,96,3.0,0.0872292777156052,,134601216
ds001894,babylm-gpt2,BrainAlign/gpt2-babylm-9@checkpoint-06,2093,,Orth,ses-9,96,0.0058252690116192,0.0102163201116596,0.0038789669941469,BrainAlign/gpt2-babylm-9,0.1650755388561307,0.607179038133363,96,3.0,0.035288505201828434,,134601216
ds001894,babylm-gpt2,BrainAlign/gpt2-babylm-9@checkpoint-07,2392,,Orth,ses-9,96,0.0117217516136373,0.0147437276367306,0.0079628496553953,BrainAlign/gpt2-babylm-9,0.1650755388561307,0.607179038133363,96,3.0,0.07100841042144489,,134601216
ds001894,babylm-gpt2,BrainAlign/gpt2-babylm-9@checkpoint-08,2691,,Orth,ses-9,96,0.0119132304533767,0.0150649528835399,0.0080178786514432,BrainAlign/gpt2-babylm-9,0.1650755388561307,0.607179038133363,96,3.0,0.0721683572013629,,134601216
ds001894,babylm-gpt2,BrainAlign/gpt2-babylm-9@checkpoint-09,2990,,Orth,ses-9,96,0.0118816122970798,0.0153753631259973,0.0080486641037777,BrainAlign/gpt2-babylm-9,0.1650755388561307,0.607179038133363,96,3.0,0.07197681969970764,,134601216
ds001894,babylm-gpt2,BrainAlign/gpt2-babylm-9@checkpoint-01,598,,Phon,ses-11,96,0.0146708934954352,0.011537264126599,0.0097172356203076,BrainAlign/gpt2-babylm-9,0.2136860995937111,0.5240498443952196,96,5.0,0.06865628378883552,,134601216
ds001894,babylm-gpt2,BrainAlign/gpt2-babylm-9@checkpoint-02,897,,Phon,ses-11,96,0.0188468123240588,0.0096732196128342,0.0126164555939091,BrainAlign/gpt2-babylm-9,0.2136860995937111,0.5240498443952196,96,5.0,0.08819858830262198,,134601216
ds001894,babylm-gpt2,BrainAlign/gpt2-babylm-9@checkpoint-03,1196,,Phon,ses-11,96,0.009784182926476,0.0032962645914444,0.0064247314931329,BrainAlign/gpt2-babylm-9,0.2136860995937111,0.5240498443952196,96,5.0,0.04578764339411413,,134601216
ds001894,babylm-gpt2,BrainAlign/gpt2-babylm-9@checkpoint-04,1495,,Phon,ses-11,96,0.0183864808841565,0.0054720729548676,0.0122516479837452,BrainAlign/gpt2-babylm-9,0.2136860995937111,0.5240498443952196,96,5.0,0.08604434691407332,,134601216
ds001894,babylm-gpt2,BrainAlign/gpt2-babylm-9@checkpoint-05,1794,,Phon,ses-11,96,0.0230498426083203,0.006525727209499,0.0155683956546334,BrainAlign/gpt2-babylm-9,0.2136860995937111,0.5240498443952196,96,5.0,0.10786776796499996,,134601216
ds001894,babylm-gpt2,BrainAlign/gpt2-babylm-9@checkpoint-06,2093,,Phon,ses-11,96,0.0105406801543008,-0.0004233022154933,0.007032166949508,BrainAlign/gpt2-babylm-9,0.2136860995937111,0.5240498443952196,96,5.0,0.04932787005959754,,134601216
ds001894,babylm-gpt2,BrainAlign/gpt2-babylm-9@checkpoint-07,2392,,Phon,ses-11,96,0.0171461056230257,0.002581386514795,0.0114431450418104,BrainAlign/gpt2-babylm-9,0.2136860995937111,0.5240498443952196,96,5.0,0.08023968641678703,,134601216
ds001894,babylm-gpt2,BrainAlign/gpt2-babylm-9@checkpoint-08,2691,,Phon,ses-11,96,0.0161843716525708,0.0016022953719388,0.0108720749010055,BrainAlign/gpt2-babylm-9,0.2136860995937111,0.5240498443952196,96,5.0,0.07573900072743484,,134601216
ds001894,babylm-gpt2,BrainAlign/gpt2-babylm-9@checkpoint-09,2990,,Phon,ses-11,96,0.016888316776817,0.0025877472325895,0.0114138988620927,BrainAlign/gpt2-babylm-9,0.2136860995937111,0.5240498443952196,96,5.0,0.07903329607741146,,134601216
ds001894,babylm-gpt2,BrainAlign/gpt2-babylm-9@checkpoint-01,598,,Phon,ses-11+,96,-0.0096447085774607,-0.0011632489287203,-0.00662464452423,BrainAlign/gpt2-babylm-9,0.1742624769225749,0.5457342923093875,96,4.0,-0.05534587105487924,,134601216
ds001894,babylm-gpt2,BrainAlign/gpt2-babylm-9@checkpoint-02,897,,Phon,ses-11+,96,-0.0169013806402127,-0.0090499384057434,-0.0112763263719729,BrainAlign/gpt2-babylm-9,0.1742624769225749,0.5457342923093875,96,4.0,-0.09698806615564182,,134601216
ds001894,babylm-gpt2,BrainAlign/gpt2-babylm-9@checkpoint-03,1196,,Phon,ses-11+,96,-0.0177373155227139,-0.0073506305588499,-0.0120194102276969,BrainAlign/gpt2-babylm-9,0.1742624769225749,0.5457342923093875,96,4.0,-0.101785053420276,,134601216
ds001894,babylm-gpt2,BrainAlign/gpt2-babylm-9@checkpoint-04,1495,,Phon,ses-11+,96,-0.0093409207576964,-0.0022411592356343,-0.0062979339113302,BrainAlign/gpt2-babylm-9,0.1742624769225749,0.5457342923093875,96,4.0,-0.05360259375772895,,134601216
ds001894,babylm-gpt2,BrainAlign/gpt2-babylm-9@checkpoint-05,1794,,Phon,ses-11+,96,-0.012902419861845,-0.0034411853179441,-0.0088662102723358,BrainAlign/gpt2-babylm-9,0.1742624769225749,0.5457342923093875,96,4.0,-0.0740401496047687,,134601216
ds001894,babylm-gpt2,BrainAlign/gpt2-babylm-9@checkpoint-06,2093,,Phon,ses-11+,96,-0.0142892697284795,-0.0053433117949422,-0.0096368086260837,BrainAlign/gpt2-babylm-9,0.1742624769225749,0.5457342923093875,96,4.0,-0.081998545991219,,134601216
ds001894,babylm-gpt2,BrainAlign/gpt2-babylm-9@checkpoint-07,2392,,Phon,ses-11+,96,-0.0114799211197537,-0.0040836799422659,-0.0078229682563504,BrainAlign/gpt2-babylm-9,0.1742624769225749,0.5457342923093875,96,4.0,-0.06587718321514648,,134601216
ds001894,babylm-gpt2,BrainAlign/gpt2-babylm-9@checkpoint-08,2691,,Phon,ses-11+,96,-0.0122986043622569,-0.0040145375452938,-0.0084259783039524,BrainAlign/gpt2-babylm-9,0.1742624769225749,0.5457342923093875,96,4.0,-0.07057517246079997,,134601216
ds001894,babylm-gpt2,BrainAlign/gpt2-babylm-9@checkpoint-09,2990,,Phon,ses-11+,96,-0.0115382376491008,-0.003680552312593,-0.0079045497050368,BrainAlign/gpt2-babylm-9,0.1742624769225749,0.5457342923093875,96,4.0,-0.06621183087066562,,134601216
ds001894,babylm-gpt2,BrainAlign/gpt2-babylm-9@checkpoint-01,598,,Phon,ses-7,96,-0.0152151786559032,-0.0168219083306173,-0.0101824807687127,BrainAlign/gpt2-babylm-9,,,96,,,0.0081448036195669,134601216
ds001894,babylm-gpt2,BrainAlign/gpt2-babylm-9@checkpoint-02,897,,Phon,ses-7,96,-0.0066707568086343,-0.0130738093187519,-0.0043771140947345,BrainAlign/gpt2-babylm-9,,,96,,,0.0081448036195669,134601216
ds001894,babylm-gpt2,BrainAlign/gpt2-babylm-9@checkpoint-03,1196,,Phon,ses-7,96,-0.0110303841201576,-0.0163865833273562,-0.0073325175188464,BrainAlign/gpt2-babylm-9,,,96,,,0.0081448036195669,134601216
ds001894,babylm-gpt2,BrainAlign/gpt2-babylm-9@checkpoint-04,1495,,Phon,ses-7,96,-0.0129886356651846,-0.0112799860246434,-0.0086851533307935,BrainAlign/gpt2-babylm-9,,,96,,,0.0081448036195669,134601216
ds001894,babylm-gpt2,BrainAlign/gpt2-babylm-9@checkpoint-05,1794,,Phon,ses-7,96,-0.0061218190270957,-0.0119742498977096,-0.0040288536652005,BrainAlign/gpt2-babylm-9,,,96,,,0.0081448036195669,134601216
ds001894,babylm-gpt2,BrainAlign/gpt2-babylm-9@checkpoint-06,2093,,Phon,ses-7,96,-0.0063562279556876,-0.0115266638917266,-0.0042064472433551,BrainAlign/gpt2-babylm-9,,,96,,,0.0081448036195669,134601216
ds001894,babylm-gpt2,BrainAlign/gpt2-babylm-9@checkpoint-07,2392,,Phon,ses-7,96,-0.0068279487811306,-0.0086003668594659,-0.0045271931748652,BrainAlign/gpt2-babylm-9,,,96,,,0.0081448036195669,134601216
ds001894,babylm-gpt2,BrainAlign/gpt2-babylm-9@checkpoint-08,2691,,Phon,ses-7,96,-0.0061978454599367,-0.0099054659325131,-0.0039730550328442,BrainAlign/gpt2-babylm-9,,,96,,,0.0081448036195669,134601216
ds001894,babylm-gpt2,BrainAlign/gpt2-babylm-9@checkpoint-09,2990,,Phon,ses-7,96,-0.0058859410229283,-0.0097116944888318,-0.0038806986758407,BrainAlign/gpt2-babylm-9,,,96,,,0.0081448036195669,134601216
ds001894,babylm-gpt2,BrainAlign/gpt2-babylm-9@checkpoint-01,598,,Phon,ses-9,96,0.0062550041177778,0.0099410768572416,0.004108511023116,BrainAlign/gpt2-babylm-9,0.1650755388561307,0.607179038133363,96,3.0,0.03789176858740569,0.008728626502912,134601216
ds001894,babylm-gpt2,BrainAlign/gpt2-babylm-9@checkpoint-02,897,,Phon,ses-9,96,-0.0042070110133411,0.0065701623178245,-0.0030113944655453,BrainAlign/gpt2-babylm-9,0.1650755388561307,0.607179038133363,96,3.0,-0.025485368955891537,0.008728626502912,134601216
ds001894,babylm-gpt2,BrainAlign/gpt2-babylm-9@checkpoint-03,1196,,Phon,ses-9,96,0.0113584113072489,0.0119328397734874,0.0074856751442106,BrainAlign/gpt2-babylm-9,0.1650755388561307,0.607179038133363,96,3.0,0.06880735562613045,0.008728626502912,134601216
ds001894,babylm-gpt2,BrainAlign/gpt2-babylm-9@checkpoint-04,1495,,Phon,ses-9,96,0.0097851680474513,0.0137823853591728,0.0066991068370641,BrainAlign/gpt2-babylm-9,0.1650755388561307,0.607179038133363,96,3.0,0.059276911135691814,0.008728626502912,134601216
ds001894,babylm-gpt2,BrainAlign/gpt2-babylm-9@checkpoint-05,1794,,Phon,ses-9,96,0.0143994200229346,0.0157634565669626,0.0096741359870393,BrainAlign/gpt2-babylm-9,0.1650755388561307,0.607179038133363,96,3.0,0.0872292777156052,0.008728626502912,134601216
ds001894,babylm-gpt2,BrainAlign/gpt2-babylm-9@checkpoint-06,2093,,Phon,ses-9,96,0.0058252690116192,0.0102163201116596,0.0038789669941469,BrainAlign/gpt2-babylm-9,0.1650755388561307,0.607179038133363,96,3.0,0.035288505201828434,0.008728626502912,134601216
ds001894,babylm-gpt2,BrainAlign/gpt2-babylm-9@checkpoint-07,2392,,Phon,ses-9,96,0.0117217516136373,0.0147437276367306,0.0079628496553953,BrainAlign/gpt2-babylm-9,0.1650755388561307,0.607179038133363,96,3.0,0.07100841042144489,0.008728626502912,134601216
ds001894,babylm-gpt2,BrainAlign/gpt2-babylm-9@checkpoint-08,2691,,Phon,ses-9,96,0.0119132304533767,0.0150649528835399,0.0080178786514432,BrainAlign/gpt2-babylm-9,0.1650755388561307,0.607179038133363,96,3.0,0.0721683572013629,0.008728626502912,134601216
ds001894,babylm-gpt2,BrainAlign/gpt2-babylm-9@checkpoint-09,2990,,Phon,ses-9,96,0.0118816122970798,0.0153753631259973,0.0080486641037777,BrainAlign/gpt2-babylm-9,0.1650755388561307,0.607179038133363,96,3.0,0.07197681969970764,0.008728626502912,134601216
ds001894,beetle-fineweb3-eng,Beetle-FineWeb3-24B/beetle-monolingual-fineweb3-eng@step-0,0,,Orth,ses-11,96,-0.0213773391715908,-0.0148831986136285,-0.0143410181518723,Beetle-FineWeb3-24B/beetle-monolingual-fineweb3-eng,0.2136860995937111,0.5240498443952196,96,5.0,-0.10004085063200782,,193804032
ds001894,beetle-fineweb3-eng,Beetle-FineWeb3-24B/beetle-monolingual-fineweb3-eng@step-1,1,,Orth,ses-11,96,-0.0213773391715908,-0.0148831986136285,-0.0143410181518723,Beetle-FineWeb3-24B/beetle-monolingual-fineweb3-eng,0.2136860995937111,0.5240498443952196,96,5.0,-0.10004085063200782,,193804032
ds001894,beetle-fineweb3-eng,Beetle-FineWeb3-24B/beetle-monolingual-fineweb3-eng@step-2,2,,Orth,ses-11,96,-0.0213773391715908,-0.0148831986136285,-0.0143410181518723,Beetle-FineWeb3-24B/beetle-monolingual-fineweb3-eng,0.2136860995937111,0.5240498443952196,96,5.0,-0.10004085063200782,,193804032
ds001894,beetle-fineweb3-eng,Beetle-FineWeb3-24B/beetle-monolingual-fineweb3-eng@step-4,4,,Orth,ses-11,96,-0.0213621086495239,-0.0148798937560489,-0.0143381320157159,Beetle-FineWeb3-24B/beetle-monolingual-fineweb3-eng,0.2136860995937111,0.5240498443952196,96,5.0,-0.09996957541992872,,193804032
ds001894,beetle-fineweb3-eng,Beetle-FineWeb3-24B/beetle-monolingual-fineweb3-eng@step-6,6,,Orth,ses-11,96,-0.0213332069162245,-0.0148709486812947,-0.0143185062898527,Beetle-FineWeb3-24B/beetle-monolingual-fineweb3-eng,0.2136860995937111,0.5240498443952196,96,5.0,-0.09983432219871145,,193804032
ds001894,beetle-fineweb3-eng,Beetle-FineWeb3-24B/beetle-monolingual-fineweb3-eng@step-8,8,,Orth,ses-11,96,-0.0213137631795651,-0.0148575221678213,-0.0142950323824476,Beetle-FineWeb3-24B/beetle-monolingual-fineweb3-eng,0.2136860995937111,0.5240498443952196,96,5.0,-0.09974333014683551,,193804032
ds001894,beetle-fineweb3-eng,Beetle-FineWeb3-24B/beetle-monolingual-fineweb3-eng@step-16,16,,Orth,ses-11,96,-0.0211667555152809,-0.0147574205011504,-0.0141603460284842,Beetle-FineWeb3-24B/beetle-monolingual-fineweb3-eng,0.2136860995937111,0.5240498443952196,96,5.0,-0.0990553693269052,,193804032
ds001894,beetle-fineweb3-eng,Beetle-FineWeb3-24B/beetle-monolingual-fineweb3-eng@step-32,32,,Orth,ses-11,96,-0.0206036011876843,-0.0144534963967243,-0.0138453723692868,Beetle-FineWeb3-24B/beetle-monolingual-fineweb3-eng,0.2136860995937111,0.5240498443952196,96,5.0,-0.09641994133852719,,193804032
ds001894,beetle-fineweb3-eng,Beetle-FineWeb3-24B/beetle-monolingual-fineweb3-eng@step-64,64,,Orth,ses-11,96,0.0090220330228598,0.0036235841908575,0.0061178390151733,Beetle-FineWeb3-24B/beetle-monolingual-fineweb3-eng,0.2136860995937111,0.5240498443952196,96,5.0,0.042220963553613024,,193804032
ds001894,beetle-fineweb3-eng,Beetle-FineWeb3-24B/beetle-monolingual-fineweb3-eng@step-128,128,,Orth,ses-11,96,0.0115170789362934,0.0235927772689844,0.00762459449787,Beetle-FineWeb3-24B/beetle-monolingual-fineweb3-eng,0.2136860995937111,0.5240498443952196,96,5.0,0.05389718357062639,,193804032
ds001894,beetle-fineweb3-eng,Beetle-FineWeb3-24B/beetle-monolingual-fineweb3-eng@step-256,256,,Orth,ses-11,96,-0.0080760983223731,0.0001475392869181,-0.0056327757318279,Beetle-FineWeb3-24B/beetle-monolingual-fineweb3-eng,0.2136860995937111,0.5240498443952196,96,5.0,-0.03779421468091968,,193804032
ds001894,beetle-fineweb3-eng,Beetle-FineWeb3-24B/beetle-monolingual-fineweb3-eng@step-512,512,,Orth,ses-11,96,-0.0133388031424579,-0.0033330493796627,-0.0090411101234111,Beetle-FineWeb3-24B/beetle-monolingual-fineweb3-eng,0.2136860995937111,0.5240498443952196,96,5.0,-0.06242241852801579,,193804032
ds001894,beetle-fineweb3-eng,Beetle-FineWeb3-24B/beetle-monolingual-fineweb3-eng@step-1024,1024,,Orth,ses-11,96,-0.0029953513199194,-0.0064453936750651,-0.0018309647775943,Beetle-FineWeb3-24B/beetle-monolingual-fineweb3-eng,0.2136860995937111,0.5240498443952196,96,5.0,-0.014017530038755758,,193804032
ds001894,beetle-fineweb3-eng,Beetle-FineWeb3-24B/beetle-monolingual-fineweb3-eng@step-2048,2048,,Orth,ses-11,96,-0.0120837280134546,-0.0104286206065447,-0.0079992149709654,Beetle-FineWeb3-24B/beetle-monolingual-fineweb3-eng,0.2136860995937111,0.5240498443952196,96,5.0,-0.056548966153763945,,193804032
ds001894,beetle-fineweb3-eng,Beetle-FineWeb3-24B/beetle-monolingual-fineweb3-eng@step-4096,4096,,Orth,ses-11,96,-0.0185225755240705,-0.0051934600513977,-0.012261845664831,Beetle-FineWeb3-24B/beetle-monolingual-fineweb3-eng,0.2136860995937111,0.5240498443952196,96,5.0,-0.0866812373817863,,193804032
ds001894,beetle-fineweb3-eng,Beetle-FineWeb3-24B/beetle-monolingual-fineweb3-eng@step-8192,8192,,Orth,ses-11,96,0.0048479083951698,-0.0138524088958777,0.0033386823056764,Beetle-FineWeb3-24B/beetle-monolingual-fineweb3-eng,0.2136860995937111,0.5240498443952196,96,5.0,0.02268705547243035,,193804032
ds001894,beetle-fineweb3-eng,Beetle-FineWeb3-24B/beetle-monolingual-fineweb3-eng@step-16384,16384,,Orth,ses-11,96,-0.0032493778747159,-0.0011438724040057,-0.0022250185674759,Beetle-FineWeb3-24B/beetle-monolingual-fineweb3-eng,0.2136860995937111,0.5240498443952196,96,5.0,-0.015206313751311182,,193804032
ds001894,beetle-fineweb3-eng,Beetle-FineWeb3-24B/beetle-monolingual-fineweb3-eng@step-32768,32768,,Orth,ses-11,96,0.0011341757017071,-0.0004584940377837,0.0008113890780911,Beetle-FineWeb3-24B/beetle-monolingual-fineweb3-eng,0.2136860995937111,0.5240498443952196,96,5.0,0.005307671878814524,,193804032
ds001894,beetle-fineweb3-eng,Beetle-FineWeb3-24B/beetle-monolingual-fineweb3-eng@step-65536,65536,,Orth,ses-11,96,0.0006268192893095,0.0013993675358156,0.0003519162019987,Beetle-FineWeb3-24B/beetle-monolingual-fineweb3-eng,0.2136860995937111,0.5240498443952196,96,5.0,0.0029333648304746707,,193804032
ds001894,beetle-fineweb3-eng,Beetle-FineWeb3-24B/beetle-monolingual-fineweb3-eng@step-0,0,,Orth,ses-11+,96,-0.0004041599279511,-0.0040120807975677,-6.869004052135164e-05,Beetle-FineWeb3-24B/beetle-monolingual-fineweb3-eng,0.1742624769225749,0.5457342923093875,96,4.0,-0.002319259631152086,,193804032
ds001894,beetle-fineweb3-eng,Beetle-FineWeb3-24B/beetle-monolingual-fineweb3-eng@step-1,1,,Orth,ses-11+,96,-0.0004041599279511,-0.0040120807975677,-6.869004052135164e-05,Beetle-FineWeb3-24B/beetle-monolingual-fineweb3-eng,0.1742624769225749,0.5457342923093875,96,4.0,-0.002319259631152086,,193804032
ds001894,beetle-fineweb3-eng,Beetle-FineWeb3-24B/beetle-monolingual-fineweb3-eng@step-2,2,,Orth,ses-11+,96,-0.0004041599279511,-0.0040120807975677,-6.869004052135164e-05,Beetle-FineWeb3-24B/beetle-monolingual-fineweb3-eng,0.1742624769225749,0.5457342923093875,96,4.0,-0.002319259631152086,,193804032
ds001894,beetle-fineweb3-eng,Beetle-FineWeb3-24B/beetle-monolingual-fineweb3-eng@step-4,4,,Orth,ses-11+,96,-0.000409170958914,-0.0040136176077549,-6.503426805662983e-05,Beetle-FineWeb3-24B/beetle-monolingual-fineweb3-eng,0.1742624769225749,0.5457342923093875,96,4.0,-0.0023480152821183375,,193804032
ds001894,beetle-fineweb3-eng,Beetle-FineWeb3-24B/beetle-monolingual-fineweb3-eng@step-6,6,,Orth,ses-11+,96,-0.0004105691624771,-0.0040155366082625,-7.657881268206709e-05,Beetle-FineWeb3-24B/beetle-monolingual-fineweb3-eng,0.1742624769225749,0.5457342923093875,96,4.0,-0.002356038831351608,,193804032
ds001894,beetle-fineweb3-eng,Beetle-FineWeb3-24B/beetle-monolingual-fineweb3-eng@step-8,8,,Orth,ses-11+,96,-0.0004069324157729,-0.0040205773217786,-5.310490527701135e-05,Beetle-FineWeb3-24B/beetle-monolingual-fineweb3-eng,0.1742624769225749,0.5457342923093875,96,4.0,-0.002335169469407351,,193804032
ds001894,beetle-fineweb3-eng,Beetle-FineWeb3-24B/beetle-monolingual-fineweb3-eng@step-16,16,,Orth,ses-11+,96,-0.0004112997769928,-0.0040036211879316,-6.92672677526235e-05,Beetle-FineWeb3-24B/beetle-monolingual-fineweb3-eng,0.1742624769225749,0.5457342923093875,96,4.0,-0.0023602314408485148,,193804032
ds001894,beetle-fineweb3-eng,Beetle-FineWeb3-24B/beetle-monolingual-fineweb3-eng@step-32,32,,Orth,ses-11+,96,-0.0003978552296436,-0.0040604740421465,-4.7140223887202105e-05,Beetle-FineWeb3-24B/beetle-monolingual-fineweb3-eng,0.1742624769225749,0.5457342923093875,96,4.0,-0.0022830803089087717,,193804032
ds001894,beetle-fineweb3-eng,Beetle-FineWeb3-24B/beetle-monolingual-fineweb3-eng@step-64,64,,Orth,ses-11+,96,0.0163872686063275,0.009768555326955,0.0109582741675421,Beetle-FineWeb3-24B/beetle-monolingual-fineweb3-eng,0.1742624769225749,0.5457342923093875,96,4.0,0.0940378496605921,,193804032
ds001894,beetle-fineweb3-eng,Beetle-FineWeb3-24B/beetle-monolingual-fineweb3-eng@step-128,128,,Orth,ses-11+,96,0.0179602552081937,0.0251063997705714,0.0122325994851133,Beetle-FineWeb3-24B/beetle-monolingual-fineweb3-eng,0.1742624769225749,0.5457342923093875,96,4.0,0.10306438612239782,,193804032
ds001894,beetle-fineweb3-eng,Beetle-FineWeb3-24B/beetle-monolingual-fineweb3-eng@step-256,256,,Orth,ses-11+,96,0.0076983237916022,0.0185207889266117,0.0049491462809249,Beetle-FineWeb3-24B/beetle-monolingual-fineweb3-eng,0.1742624769225749,0.5457342923093875,96,4.0,0.04417660030749235,,193804032
ds001894,beetle-fineweb3-eng,Beetle-FineWeb3-24B/beetle-monolingual-fineweb3-eng@step-512,512,,Orth,ses-11+,96,0.0204861922070091,0.0176170471496297,0.0137306965593408,Beetle-FineWeb3-24B/beetle-monolingual-fineweb3-eng,0.1742624769225749,0.5457342923093875,96,4.0,0.11755939987075444,,193804032
ds001894,beetle-fineweb3-eng,Beetle-FineWeb3-24B/beetle-monolingual-fineweb3-eng@step-1024,1024,,Orth,ses-11+,96,0.0030271232431723,-0.0007195207806919,0.0020381893536209,Beetle-FineWeb3-24B/beetle-monolingual-fineweb3-eng,0.1742624769225749,0.5457342923093875,96,4.0,0.01737105598767115,,193804032
ds001894,beetle-fineweb3-eng,Beetle-FineWeb3-24B/beetle-monolingual-fineweb3-eng@step-2048,2048,,Orth,ses-11+,96,-0.0077656863740159,0.002117386732458,-0.0051621431292642,Beetle-FineWeb3-24B/beetle-monolingual-fineweb3-eng,0.1742624769225749,0.5457342923093875,96,4.0,-0.044563158467363036,,193804032
ds001894,beetle-fineweb3-eng,Beetle-FineWeb3-24B/beetle-monolingual-fineweb3-eng@step-4096,4096,,Orth,ses-11+,96,-0.0058830324861536,0.0021199103005951,-0.0039087904010959,Beetle-FineWeb3-24B/beetle-monolingual-fineweb3-eng,0.1742624769225749,0.5457342923093875,96,4.0,-0.03375960556768306,,193804032
ds001894,beetle-fineweb3-eng,Beetle-FineWeb3-24B/beetle-monolingual-fineweb3-eng@step-8192,8192,,Orth,ses-11+,96,-0.0183709702910825,-0.0158929363950507,-0.0122685799825292,Beetle-FineWeb3-24B/beetle-monolingual-fineweb3-eng,0.1742624769225749,0.5457342923093875,96,4.0,-0.10542126231365775,,193804032
ds001894,beetle-fineweb3-eng,Beetle-FineWeb3-24B/beetle-monolingual-fineweb3-eng@step-16384,16384,,Orth,ses-11+,96,0.0044328341772768,0.007518239655269,0.0031503138192047,Beetle-FineWeb3-24B/beetle-monolingual-fineweb3-eng,0.1742624769225749,0.5457342923093875,96,4.0,0.025437686044404818,,193804032
ds001894,beetle-fineweb3-eng,Beetle-FineWeb3-24B/beetle-monolingual-fineweb3-eng@step-32768,32768,,Orth,ses-11+,96,0.019442081291712,0.0199327550052724,0.0129583665238991,Beetle-FineWeb3-24B/beetle-monolingual-fineweb3-eng,0.1742624769225749,0.5457342923093875,96,4.0,0.11156780068235889,,193804032
ds001894,beetle-fineweb3-eng,Beetle-FineWeb3-24B/beetle-monolingual-fineweb3-eng@step-65536,65536,,Orth,ses-11+,96,-0.0046651047960024,0.0035045160391201,-0.0030912442325379,Beetle-FineWeb3-24B/beetle-monolingual-fineweb3-eng,0.1742624769225749,0.5457342923093875,96,4.0,-0.026770564027246747,,193804032
ds001894,beetle-fineweb3-eng,Beetle-FineWeb3-24B/beetle-monolingual-fineweb3-eng@step-0,0,,Orth,ses-7,96,-0.0087379187675672,-0.0011592486474867,-0.0058215290364538,Beetle-FineWeb3-24B/beetle-monolingual-fineweb3-eng,,,96,,,,193804032
ds001894,beetle-fineweb3-eng,Beetle-FineWeb3-24B/beetle-monolingual-fineweb3-eng@step-1,1,,Orth,ses-7,96,-0.0087379187675672,-0.0011592486474867,-0.0058215290364538,Beetle-FineWeb3-24B/beetle-monolingual-fineweb3-eng,,,96,,,,193804032
ds001894,beetle-fineweb3-eng,Beetle-FineWeb3-24B/beetle-monolingual-fineweb3-eng@step-2,2,,Orth,ses-7,96,-0.0087379187675672,-0.0011592486474867,-0.0058215290364538,Beetle-FineWeb3-24B/beetle-monolingual-fineweb3-eng,,,96,,,,193804032
ds001894,beetle-fineweb3-eng,Beetle-FineWeb3-24B/beetle-monolingual-fineweb3-eng@step-4,4,,Orth,ses-7,96,-0.0087097515720557,-0.001157657053161,-0.0058005564470509,Beetle-FineWeb3-24B/beetle-monolingual-fineweb3-eng,,,96,,,,193804032
ds001894,beetle-fineweb3-eng,Beetle-FineWeb3-24B/beetle-monolingual-fineweb3-eng@step-6,6,,Orth,ses-7,96,-0.0087215641647574,-0.0011545219375494,-0.0058051742649011,Beetle-FineWeb3-24B/beetle-monolingual-fineweb3-eng,,,96,,,,193804032
ds001894,beetle-fineweb3-eng,Beetle-FineWeb3-24B/beetle-monolingual-fineweb3-eng@step-8,8,,Orth,ses-7,96,-0.0087056258084645,-0.0011501925506124,-0.0057820851756502,Beetle-FineWeb3-24B/beetle-monolingual-fineweb3-eng,,,96,,,,193804032
ds001894,beetle-fineweb3-eng,Beetle-FineWeb3-24B/beetle-monolingual-fineweb3-eng@step-16,16,,Orth,ses-7,96,-0.0086933384998355,-0.0011394688833189,-0.0057897815387338,Beetle-FineWeb3-24B/beetle-monolingual-fineweb3-eng,,,96,,,,193804032
ds001894,beetle-fineweb3-eng,Beetle-FineWeb3-24B/beetle-monolingual-fineweb3-eng@step-32,32,,Orth,ses-7,96,-0.0086622007545383,-0.001096131720564,-0.0058334583992334,Beetle-FineWeb3-24B/beetle-monolingual-fineweb3-eng,,,96,,,,193804032
ds001894,beetle-fineweb3-eng,Beetle-FineWeb3-24B/beetle-monolingual-fineweb3-eng@step-64,64,,Orth,ses-7,96,0.0040705310068586,0.0035951576852112,0.0028322616147739,Beetle-FineWeb3-24B/beetle-monolingual-fineweb3-eng,,,96,,,,193804032
ds001894,beetle-fineweb3-eng,Beetle-FineWeb3-24B/beetle-monolingual-fineweb3-eng@step-128,128,,Orth,ses-7,96,0.0022201332499638,0.0172649013363732,0.0015787164775285,Beetle-FineWeb3-24B/beetle-monolingual-fineweb3-eng,,,96,,,,193804032
ds001894,beetle-fineweb3-eng,Beetle-FineWeb3-24B/beetle-monolingual-fineweb3-eng@step-256,256,,Orth,ses-7,96,-0.0028575870113226,-0.004354669956665,-0.001938521451688,Beetle-FineWeb3-24B/beetle-monolingual-fineweb3-eng,,,96,,,,193804032
ds001894,beetle-fineweb3-eng,Beetle-FineWeb3-24B/beetle-monolingual-fineweb3-eng@step-512,512,,Orth,ses-7,96,-0.0067604745752969,-0.0068454743453856,-0.0044017424566021,Beetle-FineWeb3-24B/beetle-monolingual-fineweb3-eng,,,96,,,,193804032
ds001894,beetle-fineweb3-eng,Beetle-FineWeb3-24B/beetle-monolingual-fineweb3-eng@step-1024,1024,,Orth,ses-7,96,0.0015378530671866,-0.0064044681771634,0.0012841381805028,Beetle-FineWeb3-24B/beetle-monolingual-fineweb3-eng,,,96,,,,193804032
ds001894,beetle-fineweb3-eng,Beetle-FineWeb3-24B/beetle-monolingual-fineweb3-eng@step-2048,2048,,Orth,ses-7,96,-0.0188686183767671,-0.0150272793505557,-0.0126074123672858,Beetle-FineWeb3-24B/beetle-monolingual-fineweb3-eng,,,96,,,,193804032
ds001894,beetle-fineweb3-eng,Beetle-FineWeb3-24B/beetle-monolingual-fineweb3-eng@step-4096,4096,,Orth,ses-7,96,-0.0089160039359379,-0.0018493648442981,-0.0058069059465949,Beetle-FineWeb3-24B/beetle-monolingual-fineweb3-eng,,,96,,,,193804032
ds001894,beetle-fineweb3-eng,Beetle-FineWeb3-24B/beetle-monolingual-fineweb3-eng@step-8192,8192,,Orth,ses-7,96,-0.0110242644484259,-0.019088776575978,-0.0074269903756979,Beetle-FineWeb3-24B/beetle-monolingual-fineweb3-eng,,,96,,,,193804032
ds001894,beetle-fineweb3-eng,Beetle-FineWeb3-24B/beetle-monolingual-fineweb3-eng@step-16384,16384,,Orth,ses-7,96,-0.0125860555503288,-0.002827596200811,-0.0083524780365038,Beetle-FineWeb3-24B/beetle-monolingual-fineweb3-eng,,,96,,,,193804032
ds001894,beetle-fineweb3-eng,Beetle-FineWeb3-24B/beetle-monolingual-fineweb3-eng@step-32768,32768,,Orth,ses-7,96,-0.0078361465696094,0.0021770600772705,-0.0053049106644655,Beetle-FineWeb3-24B/beetle-monolingual-fineweb3-eng,,,96,,,,193804032
ds001894,beetle-fineweb3-eng,Beetle-FineWeb3-24B/beetle-monolingual-fineweb3-eng@step-65536,65536,,Orth,ses-7,96,-0.0084588101012796,-0.0111483187818905,-0.0057505300870073,Beetle-FineWeb3-24B/beetle-monolingual-fineweb3-eng,,,96,,,,193804032
ds001894,beetle-fineweb3-eng,Beetle-FineWeb3-24B/beetle-monolingual-fineweb3-eng@step-0,0,,Orth,ses-9,96,0.0092970151662133,0.0197334038405176,0.006017401476932,Beetle-FineWeb3-24B/beetle-monolingual-fineweb3-eng,0.1650755388561307,0.607179038133363,96,3.0,0.05631976264100513,,193804032
ds001894,beetle-fineweb3-eng,Beetle-FineWeb3-24B/beetle-monolingual-fineweb3-eng@step-1,1,,Orth,ses-9,96,0.0092970151662133,0.0197334038405176,0.006017401476932,Beetle-FineWeb3-24B/beetle-monolingual-fineweb3-eng,0.1650755388561307,0.607179038133363,96,3.0,0.05631976264100513,,193804032
ds001894,beetle-fineweb3-eng,Beetle-FineWeb3-24B/beetle-monolingual-fineweb3-eng@step-2,2,,Orth,ses-9,96,0.0092970151662133,0.0197334038405176,0.006017401476932,Beetle-FineWeb3-24B/beetle-monolingual-fineweb3-eng,0.1650755388561307,0.607179038133363,96,3.0,0.05631976264100513,,193804032
ds001894,beetle-fineweb3-eng,Beetle-FineWeb3-24B/beetle-monolingual-fineweb3-eng@step-4,4,,Orth,ses-9,96,0.0092853650729119,0.0197296782876261,0.0060122064318506,Beetle-FineWeb3-24B/beetle-monolingual-fineweb3-eng,0.1650755388561307,0.607179038133363,96,3.0,0.056249188324651984,,193804032
ds001894,beetle-fineweb3-eng,Beetle-FineWeb3-24B/beetle-monolingual-fineweb3-eng@step-6,6,,Orth,ses-9,96,0.0092891447026558,0.019723717540172,0.0060199027949342,Beetle-FineWeb3-24B/beetle-monolingual-fineweb3-eng,0.1650755388561307,0.607179038133363,96,3.0,0.05627208468937137,,193804032
ds001894,beetle-fineweb3-eng,Beetle-FineWeb3-24B/beetle-monolingual-fineweb3-eng@step-8,8,,Orth,ses-9,96,0.0092703766547023,0.0197136502576068,0.0060095127047713,Beetle-FineWeb3-24B/beetle-monolingual-fineweb3-eng,0.1650755388561307,0.607179038133363,96,3.0,0.05615839099445114,,193804032
ds001894,beetle-fineweb3-eng,Beetle-FineWeb3-24B/beetle-monolingual-fineweb3-eng@step-16,16,,Orth,ses-9,96,0.0091177541552191,0.0196563044178901,0.0059275464379307,Beetle-FineWeb3-24B/beetle-monolingual-fineweb3-eng,0.1650755388561307,0.607179038133363,96,3.0,0.05523382942378612,,193804032
ds001894,beetle-fineweb3-eng,Beetle-FineWeb3-24B/beetle-monolingual-fineweb3-eng@step-32,32,,Orth,ses-9,96,0.0073542099232202,0.0190931287770131,0.0047528890222925,Beetle-FineWeb3-24B/beetle-monolingual-fineweb3-eng,0.1650755388561307,0.607179038133363,96,3.0,0.044550573477937644,,193804032
ds001894,beetle-fineweb3-eng,Beetle-FineWeb3-24B/beetle-monolingual-fineweb3-eng@step-64,64,,Orth,ses-9,96,0.0035153674986837,0.0131977809726007,0.0022115499320795,Beetle-FineWeb3-24B/beetle-monolingual-fineweb3-eng,0.1650755388561307,0.607179038133363,96,3.0,0.02129550824454658,,193804032
ds001894,beetle-fineweb3-eng,Beetle-FineWeb3-24B/beetle-monolingual-fineweb3-eng@step-128,128,,Orth,ses-9,96,0.0005510474894853,0.0146459414599664,0.0003792382909456,Beetle-FineWeb3-24B/beetle-monolingual-fineweb3-eng,0.1650755388561307,0.607179038133363,96,3.0,0.003338153510227568,,193804032
ds001894,beetle-fineweb3-eng,Beetle-FineWeb3-24B/beetle-monolingual-fineweb3-eng@step-256,256,,Orth,ses-9,96,-0.0019173366259187,-0.006037564829115,-0.0013197338597645,Beetle-FineWeb3-24B/beetle-monolingual-fineweb3-eng,0.1650755388561307,0.607179038133363,96,3.0,-0.011614904541306561,,193804032
ds001894,beetle-fineweb3-eng,Beetle-FineWeb3-24B/beetle-monolingual-fineweb3-eng@step-512,512,,Orth,ses-9,96,0.0060306528136754,0.0113407128928746,0.0040580998449182,Beetle-FineWeb3-24B/beetle-monolingual-fineweb3-eng,0.1650755388561307,0.607179038133363,96,3.0,0.03653268591739284,,193804032
ds001894,beetle-fineweb3-eng,Beetle-FineWeb3-24B/beetle-monolingual-fineweb3-eng@step-1024,1024,,Orth,ses-9,96,0.0203643725825635,0.0147648212294193,0.013624871566941,Beetle-FineWeb3-24B/beetle-monolingual-fineweb3-eng,0.1650755388561307,0.607179038133363,96,3.0,0.12336396248454344,,193804032
ds001894,beetle-fineweb3-eng,Beetle-FineWeb3-24B/beetle-monolingual-fineweb3-eng@step-2048,2048,,Orth,ses-9,96,0.0211299619302631,0.0115168854421377,0.0140828051704167,Beetle-FineWeb3-24B/beetle-monolingual-fineweb3-eng,0.1650755388561307,0.607179038133363,96,3.0,0.12800177468255078,,193804032
ds001894,beetle-fineweb3-eng,Beetle-FineWeb3-24B/beetle-monolingual-fineweb3-eng@step-4096,4096,,Orth,ses-9,96,0.0214229229110868,0.0222382570978634,0.0141501483473984,Beetle-FineWeb3-24B/beetle-monolingual-fineweb3-eng,0.1650755388561307,0.607179038133363,96,3.0,0.12977648329688418,,193804032
ds001894,beetle-fineweb3-eng,Beetle-FineWeb3-24B/beetle-monolingual-fineweb3-eng@step-8192,8192,,Orth,ses-9,96,0.0125240560809122,0.0033458536316282,0.0084382924848862,Beetle-FineWeb3-24B/beetle-monolingual-fineweb3-eng,0.1650755388561307,0.607179038133363,96,3.0,0.07586863667201091,,193804032
ds001894,beetle-fineweb3-eng,Beetle-FineWeb3-24B/beetle-monolingual-fineweb3-eng@step-16384,16384,,Orth,ses-9,96,0.01840746520119,0.0088492878842977,0.0123907597464818,Beetle-FineWeb3-24B/beetle-monolingual-fineweb3-eng,0.1650755388561307,0.607179038133363,96,3.0,0.11150934492622055,,193804032
ds001894,beetle-fineweb3-eng,Beetle-FineWeb3-24B/beetle-monolingual-fineweb3-eng@step-32768,32768,,Orth,ses-9,96,-0.002053662612331,0.0056030669016087,-0.0013670664927288,Beetle-FineWeb3-24B/beetle-monolingual-fineweb3-eng,0.1650755388561307,0.607179038133363,96,3.0,-0.012440744561923504,,193804032
ds001894,beetle-fineweb3-eng,Beetle-FineWeb3-24B/beetle-monolingual-fineweb3-eng@step-65536,65536,,Orth,ses-9,96,0.0081469808392274,0.0161111355957691,0.0054692280163008,Beetle-FineWeb3-24B/beetle-monolingual-fineweb3-eng,0.1650755388561307,0.607179038133363,96,3.0,0.049353047069728415,,193804032
ds001894,beetle-fineweb3-eng,Beetle-FineWeb3-24B/beetle-monolingual-fineweb3-eng@step-0,0,,Phon,ses-11,96,-0.0213773391715908,-0.0148831986136285,-0.0143410181518723,Beetle-FineWeb3-24B/beetle-monolingual-fineweb3-eng,0.2136860995937111,0.5240498443952196,96,5.0,-0.10004085063200782,,193804032
ds001894,beetle-fineweb3-eng,Beetle-FineWeb3-24B/beetle-monolingual-fineweb3-eng@step-1,1,,Phon,ses-11,96,-0.0213773391715908,-0.0148831986136285,-0.0143410181518723,Beetle-FineWeb3-24B/beetle-monolingual-fineweb3-eng,0.2136860995937111,0.5240498443952196,96,5.0,-0.10004085063200782,,193804032
ds001894,beetle-fineweb3-eng,Beetle-FineWeb3-24B/beetle-monolingual-fineweb3-eng@step-2,2,,Phon,ses-11,96,-0.0213773391715908,-0.0148831986136285,-0.0143410181518723,Beetle-FineWeb3-24B/beetle-monolingual-fineweb3-eng,0.2136860995937111,0.5240498443952196,96,5.0,-0.10004085063200782,,193804032
ds001894,beetle-fineweb3-eng,Beetle-FineWeb3-24B/beetle-monolingual-fineweb3-eng@step-4,4,,Phon,ses-11,96,-0.0213621086495239,-0.0148798937560489,-0.0143381320157159,Beetle-FineWeb3-24B/beetle-monolingual-fineweb3-eng,0.2136860995937111,0.5240498443952196,96,5.0,-0.09996957541992872,,193804032
ds001894,beetle-fineweb3-eng,Beetle-FineWeb3-24B/beetle-monolingual-fineweb3-eng@step-6,6,,Phon,ses-11,96,-0.0213332069162245,-0.0148709486812947,-0.0143185062898527,Beetle-FineWeb3-24B/beetle-monolingual-fineweb3-eng,0.2136860995937111,0.5240498443952196,96,5.0,-0.09983432219871145,,193804032
ds001894,beetle-fineweb3-eng,Beetle-FineWeb3-24B/beetle-monolingual-fineweb3-eng@step-8,8,,Phon,ses-11,96,-0.0213137631795651,-0.0148575221678213,-0.0142950323824476,Beetle-FineWeb3-24B/beetle-monolingual-fineweb3-eng,0.2136860995937111,0.5240498443952196,96,5.0,-0.09974333014683551,,193804032
ds001894,beetle-fineweb3-eng,Beetle-FineWeb3-24B/beetle-monolingual-fineweb3-eng@step-16,16,,Phon,ses-11,96,-0.0211667555152809,-0.0147574205011504,-0.0141603460284842,Beetle-FineWeb3-24B/beetle-monolingual-fineweb3-eng,0.2136860995937111,0.5240498443952196,96,5.0,-0.0990553693269052,,193804032
ds001894,beetle-fineweb3-eng,Beetle-FineWeb3-24B/beetle-monolingual-fineweb3-eng@step-32,32,,Phon,ses-11,96,-0.0206036011876843,-0.0144534963967243,-0.0138453723692868,Beetle-FineWeb3-24B/beetle-monolingual-fineweb3-eng,0.2136860995937111,0.5240498443952196,96,5.0,-0.09641994133852719,,193804032
ds001894,beetle-fineweb3-eng,Beetle-FineWeb3-24B/beetle-monolingual-fineweb3-eng@step-64,64,,Phon,ses-11,96,0.0090220330228598,0.0036235841908575,0.0061178390151733,Beetle-FineWeb3-24B/beetle-monolingual-fineweb3-eng,0.2136860995937111,0.5240498443952196,96,5.0,0.042220963553613024,,193804032
ds001894,beetle-fineweb3-eng,Beetle-FineWeb3-24B/beetle-monolingual-fineweb3-eng@step-128,128,,Phon,ses-11,96,0.0115170789362934,0.0235927772689844,0.00762459449787,Beetle-FineWeb3-24B/beetle-monolingual-fineweb3-eng,0.2136860995937111,0.5240498443952196,96,5.0,0.05389718357062639,,193804032
ds001894,beetle-fineweb3-eng,Beetle-FineWeb3-24B/beetle-monolingual-fineweb3-eng@step-256,256,,Phon,ses-11,96,-0.0080760983223731,0.0001475392869181,-0.0056327757318279,Beetle-FineWeb3-24B/beetle-monolingual-fineweb3-eng,0.2136860995937111,0.5240498443952196,96,5.0,-0.03779421468091968,,193804032
ds001894,beetle-fineweb3-eng,Beetle-FineWeb3-24B/beetle-monolingual-fineweb3-eng@step-512,512,,Phon,ses-11,96,-0.0133388031424579,-0.0033330493796627,-0.0090411101234111,Beetle-FineWeb3-24B/beetle-monolingual-fineweb3-eng,0.2136860995937111,0.5240498443952196,96,5.0,-0.06242241852801579,,193804032
ds001894,beetle-fineweb3-eng,Beetle-FineWeb3-24B/beetle-monolingual-fineweb3-eng@step-1024,1024,,Phon,ses-11,96,-0.0029953513199194,-0.0064453936750651,-0.0018309647775943,Beetle-FineWeb3-24B/beetle-monolingual-fineweb3-eng,0.2136860995937111,0.5240498443952196,96,5.0,-0.014017530038755758,,193804032
ds001894,beetle-fineweb3-eng,Beetle-FineWeb3-24B/beetle-monolingual-fineweb3-eng@step-2048,2048,,Phon,ses-11,96,-0.0120837280134546,-0.0104286206065447,-0.0079992149709654,Beetle-FineWeb3-24B/beetle-monolingual-fineweb3-eng,0.2136860995937111,0.5240498443952196,96,5.0,-0.056548966153763945,,193804032
ds001894,beetle-fineweb3-eng,Beetle-FineWeb3-24B/beetle-monolingual-fineweb3-eng@step-4096,4096,,Phon,ses-11,96,-0.0185225755240705,-0.0051934600513977,-0.012261845664831,Beetle-FineWeb3-24B/beetle-monolingual-fineweb3-eng,0.2136860995937111,0.5240498443952196,96,5.0,-0.0866812373817863,,193804032
ds001894,beetle-fineweb3-eng,Beetle-FineWeb3-24B/beetle-monolingual-fineweb3-eng@step-8192,8192,,Phon,ses-11,96,0.0048479083951698,-0.0138524088958777,0.0033386823056764,Beetle-FineWeb3-24B/beetle-monolingual-fineweb3-eng,0.2136860995937111,0.5240498443952196,96,5.0,0.02268705547243035,,193804032
ds001894,beetle-fineweb3-eng,Beetle-FineWeb3-24B/beetle-monolingual-fineweb3-eng@step-16384,16384,,Phon,ses-11,96,-0.0032493778747159,-0.0011438724040057,-0.0022250185674759,Beetle-FineWeb3-24B/beetle-monolingual-fineweb3-eng,0.2136860995937111,0.5240498443952196,96,5.0,-0.015206313751311182,,193804032
ds001894,beetle-fineweb3-eng,Beetle-FineWeb3-24B/beetle-monolingual-fineweb3-eng@step-32768,32768,,Phon,ses-11,96,0.0011341757017071,-0.0004584940377837,0.0008113890780911,Beetle-FineWeb3-24B/beetle-monolingual-fineweb3-eng,0.2136860995937111,0.5240498443952196,96,5.0,0.005307671878814524,,193804032
ds001894,beetle-fineweb3-eng,Beetle-FineWeb3-24B/beetle-monolingual-fineweb3-eng@step-65536,65536,,Phon,ses-11,96,0.0006268192893095,0.0013993675358156,0.0003519162019987,Beetle-FineWeb3-24B/beetle-monolingual-fineweb3-eng,0.2136860995937111,0.5240498443952196,96,5.0,0.0029333648304746707,,193804032
ds001894,beetle-fineweb3-eng,Beetle-FineWeb3-24B/beetle-monolingual-fineweb3-eng@step-0,0,,Phon,ses-11+,96,-0.0004041599279511,-0.0040120807975677,-6.869004052135164e-05,Beetle-FineWeb3-24B/beetle-monolingual-fineweb3-eng,0.1742624769225749,0.5457342923093875,96,4.0,-0.002319259631152086,,193804032
ds001894,beetle-fineweb3-eng,Beetle-FineWeb3-24B/beetle-monolingual-fineweb3-eng@step-1,1,,Phon,ses-11+,96,-0.0004041599279511,-0.0040120807975677,-6.869004052135164e-05,Beetle-FineWeb3-24B/beetle-monolingual-fineweb3-eng,0.1742624769225749,0.5457342923093875,96,4.0,-0.002319259631152086,,193804032
ds001894,beetle-fineweb3-eng,Beetle-FineWeb3-24B/beetle-monolingual-fineweb3-eng@step-2,2,,Phon,ses-11+,96,-0.0004041599279511,-0.0040120807975677,-6.869004052135164e-05,Beetle-FineWeb3-24B/beetle-monolingual-fineweb3-eng,0.1742624769225749,0.5457342923093875,96,4.0,-0.002319259631152086,,193804032
ds001894,beetle-fineweb3-eng,Beetle-FineWeb3-24B/beetle-monolingual-fineweb3-eng@step-4,4,,Phon,ses-11+,96,-0.000409170958914,-0.0040136176077549,-6.503426805662983e-05,Beetle-FineWeb3-24B/beetle-monolingual-fineweb3-eng,0.1742624769225749,0.5457342923093875,96,4.0,-0.0023480152821183375,,193804032
ds001894,beetle-fineweb3-eng,Beetle-FineWeb3-24B/beetle-monolingual-fineweb3-eng@step-6,6,,Phon,ses-11+,96,-0.0004105691624771,-0.0040155366082625,-7.657881268206709e-05,Beetle-FineWeb3-24B/beetle-monolingual-fineweb3-eng,0.1742624769225749,0.5457342923093875,96,4.0,-0.002356038831351608,,193804032
ds001894,beetle-fineweb3-eng,Beetle-FineWeb3-24B/beetle-monolingual-fineweb3-eng@step-8,8,,Phon,ses-11+,96,-0.0004069324157729,-0.0040205773217786,-5.310490527701135e-05,Beetle-FineWeb3-24B/beetle-monolingual-fineweb3-eng,0.1742624769225749,0.5457342923093875,96,4.0,-0.002335169469407351,,193804032
ds001894,beetle-fineweb3-eng,Beetle-FineWeb3-24B/beetle-monolingual-fineweb3-eng@step-16,16,,Phon,ses-11+,96,-0.0004112997769928,-0.0040036211879316,-6.92672677526235e-05,Beetle-FineWeb3-24B/beetle-monolingual-fineweb3-eng,0.1742624769225749,0.5457342923093875,96,4.0,-0.0023602314408485148,,193804032
ds001894,beetle-fineweb3-eng,Beetle-FineWeb3-24B/beetle-monolingual-fineweb3-eng@step-32,32,,Phon,ses-11+,96,-0.0003978552296436,-0.0040604740421465,-4.7140223887202105e-05,Beetle-FineWeb3-24B/beetle-monolingual-fineweb3-eng,0.1742624769225749,0.5457342923093875,96,4.0,-0.0022830803089087717,,193804032
ds001894,beetle-fineweb3-eng,Beetle-FineWeb3-24B/beetle-monolingual-fineweb3-eng@step-64,64,,Phon,ses-11+,96,0.0163872686063275,0.009768555326955,0.0109582741675421,Beetle-FineWeb3-24B/beetle-monolingual-fineweb3-eng,0.1742624769225749,0.5457342923093875,96,4.0,0.0940378496605921,,193804032
ds001894,beetle-fineweb3-eng,Beetle-FineWeb3-24B/beetle-monolingual-fineweb3-eng@step-128,128,,Phon,ses-11+,96,0.0179602552081937,0.0251063997705714,0.0122325994851133,Beetle-FineWeb3-24B/beetle-monolingual-fineweb3-eng,0.1742624769225749,0.5457342923093875,96,4.0,0.10306438612239782,,193804032
ds001894,beetle-fineweb3-eng,Beetle-FineWeb3-24B/beetle-monolingual-fineweb3-eng@step-256,256,,Phon,ses-11+,96,0.0076983237916022,0.0185207889266117,0.0049491462809249,Beetle-FineWeb3-24B/beetle-monolingual-fineweb3-eng,0.1742624769225749,0.5457342923093875,96,4.0,0.04417660030749235,,193804032
ds001894,beetle-fineweb3-eng,Beetle-FineWeb3-24B/beetle-monolingual-fineweb3-eng@step-512,512,,Phon,ses-11+,96,0.0204861922070091,0.0176170471496297,0.0137306965593408,Beetle-FineWeb3-24B/beetle-monolingual-fineweb3-eng,0.1742624769225749,0.5457342923093875,96,4.0,0.11755939987075444,,193804032
ds001894,beetle-fineweb3-eng,Beetle-FineWeb3-24B/beetle-monolingual-fineweb3-eng@step-1024,1024,,Phon,ses-11+,96,0.0030271232431723,-0.0007195207806919,0.0020381893536209,Beetle-FineWeb3-24B/beetle-monolingual-fineweb3-eng,0.1742624769225749,0.5457342923093875,96,4.0,0.01737105598767115,,193804032
ds001894,beetle-fineweb3-eng,Beetle-FineWeb3-24B/beetle-monolingual-fineweb3-eng@step-2048,2048,,Phon,ses-11+,96,-0.0077656863740159,0.002117386732458,-0.0051621431292642,Beetle-FineWeb3-24B/beetle-monolingual-fineweb3-eng,0.1742624769225749,0.5457342923093875,96,4.0,-0.044563158467363036,,193804032
ds001894,beetle-fineweb3-eng,Beetle-FineWeb3-24B/beetle-monolingual-fineweb3-eng@step-4096,4096,,Phon,ses-11+,96,-0.0058830324861536,0.0021199103005951,-0.0039087904010959,Beetle-FineWeb3-24B/beetle-monolingual-fineweb3-eng,0.1742624769225749,0.5457342923093875,96,4.0,-0.03375960556768306,,193804032
ds001894,beetle-fineweb3-eng,Beetle-FineWeb3-24B/beetle-monolingual-fineweb3-eng@step-8192,8192,,Phon,ses-11+,96,-0.0183709702910825,-0.0158929363950507,-0.0122685799825292,Beetle-FineWeb3-24B/beetle-monolingual-fineweb3-eng,0.1742624769225749,0.5457342923093875,96,4.0,-0.10542126231365775,,193804032
ds001894,beetle-fineweb3-eng,Beetle-FineWeb3-24B/beetle-monolingual-fineweb3-eng@step-16384,16384,,Phon,ses-11+,96,0.0044328341772768,0.007518239655269,0.0031503138192047,Beetle-FineWeb3-24B/beetle-monolingual-fineweb3-eng,0.1742624769225749,0.5457342923093875,96,4.0,0.025437686044404818,,193804032
ds001894,beetle-fineweb3-eng,Beetle-FineWeb3-24B/beetle-monolingual-fineweb3-eng@step-32768,32768,,Phon,ses-11+,96,0.019442081291712,0.0199327550052724,0.0129583665238991,Beetle-FineWeb3-24B/beetle-monolingual-fineweb3-eng,0.1742624769225749,0.5457342923093875,96,4.0,0.11156780068235889,,193804032
ds001894,beetle-fineweb3-eng,Beetle-FineWeb3-24B/beetle-monolingual-fineweb3-eng@step-65536,65536,,Phon,ses-11+,96,-0.0046651047960024,0.0035045160391201,-0.0030912442325379,Beetle-FineWeb3-24B/beetle-monolingual-fineweb3-eng,0.1742624769225749,0.5457342923093875,96,4.0,-0.026770564027246747,,193804032
ds001894,beetle-fineweb3-eng,Beetle-FineWeb3-24B/beetle-monolingual-fineweb3-eng@step-0,0,,Phon,ses-7,96,-0.0087379187675672,-0.0011592486474867,-0.0058215290364538,Beetle-FineWeb3-24B/beetle-monolingual-fineweb3-eng,,,96,,,0.0081448036195669,193804032
ds001894,beetle-fineweb3-eng,Beetle-FineWeb3-24B/beetle-monolingual-fineweb3-eng@step-1,1,,Phon,ses-7,96,-0.0087379187675672,-0.0011592486474867,-0.0058215290364538,Beetle-FineWeb3-24B/beetle-monolingual-fineweb3-eng,,,96,,,0.0081448036195669,193804032
ds001894,beetle-fineweb3-eng,Beetle-FineWeb3-24B/beetle-monolingual-fineweb3-eng@step-2,2,,Phon,ses-7,96,-0.0087379187675672,-0.0011592486474867,-0.0058215290364538,Beetle-FineWeb3-24B/beetle-monolingual-fineweb3-eng,,,96,,,0.0081448036195669,193804032
ds001894,beetle-fineweb3-eng,Beetle-FineWeb3-24B/beetle-monolingual-fineweb3-eng@step-4,4,,Phon,ses-7,96,-0.0087097515720557,-0.001157657053161,-0.0058005564470509,Beetle-FineWeb3-24B/beetle-monolingual-fineweb3-eng,,,96,,,0.0081448036195669,193804032
ds001894,beetle-fineweb3-eng,Beetle-FineWeb3-24B/beetle-monolingual-fineweb3-eng@step-6,6,,Phon,ses-7,96,-0.0087215641647574,-0.0011545219375494,-0.0058051742649011,Beetle-FineWeb3-24B/beetle-monolingual-fineweb3-eng,,,96,,,0.0081448036195669,193804032
ds001894,beetle-fineweb3-eng,Beetle-FineWeb3-24B/beetle-monolingual-fineweb3-eng@step-8,8,,Phon,ses-7,96,-0.0087056258084645,-0.0011501925506124,-0.0057820851756502,Beetle-FineWeb3-24B/beetle-monolingual-fineweb3-eng,,,96,,,0.0081448036195669,193804032
ds001894,beetle-fineweb3-eng,Beetle-FineWeb3-24B/beetle-monolingual-fineweb3-eng@step-16,16,,Phon,ses-7,96,-0.0086933384998355,-0.0011394688833189,-0.0057897815387338,Beetle-FineWeb3-24B/beetle-monolingual-fineweb3-eng,,,96,,,0.0081448036195669,193804032
ds001894,beetle-fineweb3-eng,Beetle-FineWeb3-24B/beetle-monolingual-fineweb3-eng@step-32,32,,Phon,ses-7,96,-0.0086622007545383,-0.001096131720564,-0.0058334583992334,Beetle-FineWeb3-24B/beetle-monolingual-fineweb3-eng,,,96,,,0.0081448036195669,193804032
ds001894,beetle-fineweb3-eng,Beetle-FineWeb3-24B/beetle-monolingual-fineweb3-eng@step-64,64,,Phon,ses-7,96,0.0040705310068586,0.0035951576852112,0.0028322616147739,Beetle-FineWeb3-24B/beetle-monolingual-fineweb3-eng,,,96,,,0.0081448036195669,193804032
ds001894,beetle-fineweb3-eng,Beetle-FineWeb3-24B/beetle-monolingual-fineweb3-eng@step-128,128,,Phon,ses-7,96,0.0022201332499638,0.0172649013363732,0.0015787164775285,Beetle-FineWeb3-24B/beetle-monolingual-fineweb3-eng,,,96,,,0.0081448036195669,193804032
ds001894,beetle-fineweb3-eng,Beetle-FineWeb3-24B/beetle-monolingual-fineweb3-eng@step-256,256,,Phon,ses-7,96,-0.0028575870113226,-0.004354669956665,-0.001938521451688,Beetle-FineWeb3-24B/beetle-monolingual-fineweb3-eng,,,96,,,0.0081448036195669,193804032
ds001894,beetle-fineweb3-eng,Beetle-FineWeb3-24B/beetle-monolingual-fineweb3-eng@step-512,512,,Phon,ses-7,96,-0.0067604745752969,-0.0068454743453856,-0.0044017424566021,Beetle-FineWeb3-24B/beetle-monolingual-fineweb3-eng,,,96,,,0.0081448036195669,193804032
ds001894,beetle-fineweb3-eng,Beetle-FineWeb3-24B/beetle-monolingual-fineweb3-eng@step-1024,1024,,Phon,ses-7,96,0.0015378530671866,-0.0064044681771634,0.0012841381805028,Beetle-FineWeb3-24B/beetle-monolingual-fineweb3-eng,,,96,,,0.0081448036195669,193804032
ds001894,beetle-fineweb3-eng,Beetle-FineWeb3-24B/beetle-monolingual-fineweb3-eng@step-2048,2048,,Phon,ses-7,96,-0.0188686183767671,-0.0150272793505557,-0.0126074123672858,Beetle-FineWeb3-24B/beetle-monolingual-fineweb3-eng,,,96,,,0.0081448036195669,193804032
ds001894,beetle-fineweb3-eng,Beetle-FineWeb3-24B/beetle-monolingual-fineweb3-eng@step-4096,4096,,Phon,ses-7,96,-0.0089160039359379,-0.0018493648442981,-0.0058069059465949,Beetle-FineWeb3-24B/beetle-monolingual-fineweb3-eng,,,96,,,0.0081448036195669,193804032
ds001894,beetle-fineweb3-eng,Beetle-FineWeb3-24B/beetle-monolingual-fineweb3-eng@step-8192,8192,,Phon,ses-7,96,-0.0110242644484259,-0.019088776575978,-0.0074269903756979,Beetle-FineWeb3-24B/beetle-monolingual-fineweb3-eng,,,96,,,0.0081448036195669,193804032
ds001894,beetle-fineweb3-eng,Beetle-FineWeb3-24B/beetle-monolingual-fineweb3-eng@step-16384,16384,,Phon,ses-7,96,-0.0125860555503288,-0.002827596200811,-0.0083524780365038,Beetle-FineWeb3-24B/beetle-monolingual-fineweb3-eng,,,96,,,0.0081448036195669,193804032
ds001894,beetle-fineweb3-eng,Beetle-FineWeb3-24B/beetle-monolingual-fineweb3-eng@step-32768,32768,,Phon,ses-7,96,-0.0078361465696094,0.0021770600772705,-0.0053049106644655,Beetle-FineWeb3-24B/beetle-monolingual-fineweb3-eng,,,96,,,0.0081448036195669,193804032
ds001894,beetle-fineweb3-eng,Beetle-FineWeb3-24B/beetle-monolingual-fineweb3-eng@step-65536,65536,,Phon,ses-7,96,-0.0084588101012796,-0.0111483187818905,-0.0057505300870073,Beetle-FineWeb3-24B/beetle-monolingual-fineweb3-eng,,,96,,,0.0081448036195669,193804032
ds001894,beetle-fineweb3-eng,Beetle-FineWeb3-24B/beetle-monolingual-fineweb3-eng@step-0,0,,Phon,ses-9,96,0.0092970151662133,0.0197334038405176,0.006017401476932,Beetle-FineWeb3-24B/beetle-monolingual-fineweb3-eng,0.1650755388561307,0.607179038133363,96,3.0,0.05631976264100513,0.008728626502912,193804032
ds001894,beetle-fineweb3-eng,Beetle-FineWeb3-24B/beetle-monolingual-fineweb3-eng@step-1,1,,Phon,ses-9,96,0.0092970151662133,0.0197334038405176,0.006017401476932,Beetle-FineWeb3-24B/beetle-monolingual-fineweb3-eng,0.1650755388561307,0.607179038133363,96,3.0,0.05631976264100513,0.008728626502912,193804032
ds001894,beetle-fineweb3-eng,Beetle-FineWeb3-24B/beetle-monolingual-fineweb3-eng@step-2,2,,Phon,ses-9,96,0.0092970151662133,0.0197334038405176,0.006017401476932,Beetle-FineWeb3-24B/beetle-monolingual-fineweb3-eng,0.1650755388561307,0.607179038133363,96,3.0,0.05631976264100513,0.008728626502912,193804032
ds001894,beetle-fineweb3-eng,Beetle-FineWeb3-24B/beetle-monolingual-fineweb3-eng@step-4,4,,Phon,ses-9,96,0.0092853650729119,0.0197296782876261,0.0060122064318506,Beetle-FineWeb3-24B/beetle-monolingual-fineweb3-eng,0.1650755388561307,0.607179038133363,96,3.0,0.056249188324651984,0.008728626502912,193804032
ds001894,beetle-fineweb3-eng,Beetle-FineWeb3-24B/beetle-monolingual-fineweb3-eng@step-6,6,,Phon,ses-9,96,0.0092891447026558,0.019723717540172,0.0060199027949342,Beetle-FineWeb3-24B/beetle-monolingual-fineweb3-eng,0.1650755388561307,0.607179038133363,96,3.0,0.05627208468937137,0.008728626502912,193804032
ds001894,beetle-fineweb3-eng,Beetle-FineWeb3-24B/beetle-monolingual-fineweb3-eng@step-8,8,,Phon,ses-9,96,0.0092703766547023,0.0197136502576068,0.0060095127047713,Beetle-FineWeb3-24B/beetle-monolingual-fineweb3-eng,0.1650755388561307,0.607179038133363,96,3.0,0.05615839099445114,0.008728626502912,193804032
ds001894,beetle-fineweb3-eng,Beetle-FineWeb3-24B/beetle-monolingual-fineweb3-eng@step-16,16,,Phon,ses-9,96,0.0091177541552191,0.0196563044178901,0.0059275464379307,Beetle-FineWeb3-24B/beetle-monolingual-fineweb3-eng,0.1650755388561307,0.607179038133363,96,3.0,0.05523382942378612,0.008728626502912,193804032
ds001894,beetle-fineweb3-eng,Beetle-FineWeb3-24B/beetle-monolingual-fineweb3-eng@step-32,32,,Phon,ses-9,96,0.0073542099232202,0.0190931287770131,0.0047528890222925,Beetle-FineWeb3-24B/beetle-monolingual-fineweb3-eng,0.1650755388561307,0.607179038133363,96,3.0,0.044550573477937644,0.008728626502912,193804032
ds001894,beetle-fineweb3-eng,Beetle-FineWeb3-24B/beetle-monolingual-fineweb3-eng@step-64,64,,Phon,ses-9,96,0.0035153674986837,0.0131977809726007,0.0022115499320795,Beetle-FineWeb3-24B/beetle-monolingual-fineweb3-eng,0.1650755388561307,0.607179038133363,96,3.0,0.02129550824454658,0.008728626502912,193804032
ds001894,beetle-fineweb3-eng,Beetle-FineWeb3-24B/beetle-monolingual-fineweb3-eng@step-128,128,,Phon,ses-9,96,0.0005510474894853,0.0146459414599664,0.0003792382909456,Beetle-FineWeb3-24B/beetle-monolingual-fineweb3-eng,0.1650755388561307,0.607179038133363,96,3.0,0.003338153510227568,0.008728626502912,193804032
ds001894,beetle-fineweb3-eng,Beetle-FineWeb3-24B/beetle-monolingual-fineweb3-eng@step-256,256,,Phon,ses-9,96,-0.0019173366259187,-0.006037564829115,-0.0013197338597645,Beetle-FineWeb3-24B/beetle-monolingual-fineweb3-eng,0.1650755388561307,0.607179038133363,96,3.0,-0.011614904541306561,0.008728626502912,193804032
ds001894,beetle-fineweb3-eng,Beetle-FineWeb3-24B/beetle-monolingual-fineweb3-eng@step-512,512,,Phon,ses-9,96,0.0060306528136754,0.0113407128928746,0.0040580998449182,Beetle-FineWeb3-24B/beetle-monolingual-fineweb3-eng,0.1650755388561307,0.607179038133363,96,3.0,0.03653268591739284,0.008728626502912,193804032
ds001894,beetle-fineweb3-eng,Beetle-FineWeb3-24B/beetle-monolingual-fineweb3-eng@step-1024,1024,,Phon,ses-9,96,0.0203643725825635,0.0147648212294193,0.013624871566941,Beetle-FineWeb3-24B/beetle-monolingual-fineweb3-eng,0.1650755388561307,0.607179038133363,96,3.0,0.12336396248454344,0.008728626502912,193804032
ds001894,beetle-fineweb3-eng,Beetle-FineWeb3-24B/beetle-monolingual-fineweb3-eng@step-2048,2048,,Phon,ses-9,96,0.0211299619302631,0.0115168854421377,0.0140828051704167,Beetle-FineWeb3-24B/beetle-monolingual-fineweb3-eng,0.1650755388561307,0.607179038133363,96,3.0,0.12800177468255078,0.008728626502912,193804032
ds001894,beetle-fineweb3-eng,Beetle-FineWeb3-24B/beetle-monolingual-fineweb3-eng@step-4096,4096,,Phon,ses-9,96,0.0214229229110868,0.0222382570978634,0.0141501483473984,Beetle-FineWeb3-24B/beetle-monolingual-fineweb3-eng,0.1650755388561307,0.607179038133363,96,3.0,0.12977648329688418,0.008728626502912,193804032
ds001894,beetle-fineweb3-eng,Beetle-FineWeb3-24B/beetle-monolingual-fineweb3-eng@step-8192,8192,,Phon,ses-9,96,0.0125240560809122,0.0033458536316282,0.0084382924848862,Beetle-FineWeb3-24B/beetle-monolingual-fineweb3-eng,0.1650755388561307,0.607179038133363,96,3.0,0.07586863667201091,0.008728626502912,193804032
ds001894,beetle-fineweb3-eng,Beetle-FineWeb3-24B/beetle-monolingual-fineweb3-eng@step-16384,16384,,Phon,ses-9,96,0.01840746520119,0.0088492878842977,0.0123907597464818,Beetle-FineWeb3-24B/beetle-monolingual-fineweb3-eng,0.1650755388561307,0.607179038133363,96,3.0,0.11150934492622055,0.008728626502912,193804032
ds001894,beetle-fineweb3-eng,Beetle-FineWeb3-24B/beetle-monolingual-fineweb3-eng@step-32768,32768,,Phon,ses-9,96,-0.002053662612331,0.0056030669016087,-0.0013670664927288,Beetle-FineWeb3-24B/beetle-monolingual-fineweb3-eng,0.1650755388561307,0.607179038133363,96,3.0,-0.012440744561923504,0.008728626502912,193804032
ds001894,beetle-fineweb3-eng,Beetle-FineWeb3-24B/beetle-monolingual-fineweb3-eng@step-65536,65536,,Phon,ses-9,96,0.0081469808392274,0.0161111355957691,0.0054692280163008,Beetle-FineWeb3-24B/beetle-monolingual-fineweb3-eng,0.1650755388561307,0.607179038133363,96,3.0,0.049353047069728415,0.008728626502912,193804032
ds001894,beetle-humanscale-eng,Beetle-HumanScale/beetle-monolingual-humanscale-eng@step-0,0,,Orth,ses-11,96,0.0043289501077508,0.0064098106678413,0.0029028757460661,Beetle-HumanScale/beetle-monolingual-humanscale-eng,0.2136860995937111,0.5240498443952196,96,5.0,0.02025845441505828,,193811712
ds001894,beetle-humanscale-eng,Beetle-HumanScale/beetle-monolingual-humanscale-eng@step-1,1,,Orth,ses-11,96,0.0043289501077508,0.0064098106678413,0.0029028757460661,Beetle-HumanScale/beetle-monolingual-humanscale-eng,0.2136860995937111,0.5240498443952196,96,5.0,0.02025845441505828,,193811712
ds001894,beetle-humanscale-eng,Beetle-HumanScale/beetle-monolingual-humanscale-eng@step-2,2,,Orth,ses-11,96,0.0043289501077508,0.0064098106678413,0.0029028757460661,Beetle-HumanScale/beetle-monolingual-humanscale-eng,0.2136860995937111,0.5240498443952196,96,5.0,0.02025845441505828,,193811712
ds001894,beetle-humanscale-eng,Beetle-HumanScale/beetle-monolingual-humanscale-eng@step-4,4,,Orth,ses-11,96,0.0043289501077508,0.0064098106678413,0.0029028757460661,Beetle-HumanScale/beetle-monolingual-humanscale-eng,0.2136860995937111,0.5240498443952196,96,5.0,0.02025845441505828,,193811712
ds001894,beetle-humanscale-eng,Beetle-HumanScale/beetle-monolingual-humanscale-eng@step-6,6,,Orth,ses-11,96,0.0043289501077508,0.0064098106678413,0.0029028757460661,Beetle-HumanScale/beetle-monolingual-humanscale-eng,0.2136860995937111,0.5240498443952196,96,5.0,0.02025845441505828,,193811712
ds001894,beetle-humanscale-eng,Beetle-HumanScale/beetle-monolingual-humanscale-eng@step-8,8,,Orth,ses-11,96,0.0043289501077508,0.0064098106678413,0.0029028757460661,Beetle-HumanScale/beetle-monolingual-humanscale-eng,0.2136860995937111,0.5240498443952196,96,5.0,0.02025845441505828,,193811712
ds001894,beetle-humanscale-eng,Beetle-HumanScale/beetle-monolingual-humanscale-eng@step-16,16,,Orth,ses-11,96,0.0043419853692272,0.0064201495563939,0.0029074935639163,Beetle-HumanScale/beetle-monolingual-humanscale-eng,0.2136860995937111,0.5240498443952196,96,5.0,0.020319456330958212,,193811712
ds001894,beetle-humanscale-eng,Beetle-HumanScale/beetle-monolingual-humanscale-eng@step-32,32,,Orth,ses-11,96,0.004374175817026,0.0064749459722993,0.0029346232437861,Beetle-HumanScale/beetle-monolingual-humanscale-eng,0.2136860995937111,0.5240498443952196,96,5.0,0.020470099951951832,,193811712
ds001894,beetle-humanscale-eng,Beetle-HumanScale/beetle-monolingual-humanscale-eng@step-64,64,,Orth,ses-11,96,0.0046213013361518,0.0067710307420682,0.0030498762809634,Beetle-HumanScale/beetle-monolingual-humanscale-eng,0.2136860995937111,0.5240498443952196,96,5.0,0.021626588462882908,,193811712
ds001894,beetle-humanscale-eng,Beetle-HumanScale/beetle-monolingual-humanscale-eng@step-256,256,,Orth,ses-11,96,-0.0026872933348382,0.0005444494008899,-0.0018094149609601,Beetle-HumanScale/beetle-monolingual-humanscale-eng,0.2136860995937111,0.5240498443952196,96,5.0,-0.012575892114403535,,193811712
ds001894,beetle-humanscale-eng,Beetle-HumanScale/beetle-monolingual-humanscale-eng@step-500,500,,Orth,ses-11,96,-0.0091209112502665,0.0006899337922637,-0.0060235585673989,Beetle-HumanScale/beetle-monolingual-humanscale-eng,0.2136860995937111,0.5240498443952196,96,5.0,-0.042683690083764964,,193811712
ds001894,beetle-humanscale-eng,Beetle-HumanScale/beetle-monolingual-humanscale-eng@step-1000,1000,,Orth,ses-11,96,-0.0213431484877933,-0.0057613692269651,-0.0141328315304602,Beetle-HumanScale/beetle-monolingual-humanscale-eng,0.2136860995937111,0.5240498443952196,96,5.0,-0.09988084638342776,,193811712
ds001894,beetle-humanscale-eng,Beetle-HumanScale/beetle-monolingual-humanscale-eng@step-2000,2000,,Orth,ses-11,96,-0.0031129819021912,0.0070823906841472,-0.0019993227200486,Beetle-HumanScale/beetle-monolingual-humanscale-eng,0.2136860995937111,0.5240498443952196,96,5.0,-0.014568013118822526,,193811712
ds001894,beetle-humanscale-eng,Beetle-HumanScale/beetle-monolingual-humanscale-eng@step-2500,2500,,Orth,ses-11,96,-0.0030029782874907,0.0121925640531525,-0.0020258751726871,Beetle-HumanScale/beetle-monolingual-humanscale-eng,0.2136860995937111,0.5240498443952196,96,5.0,-0.014053222428601431,,193811712
ds001894,beetle-humanscale-eng,Beetle-HumanScale/beetle-monolingual-humanscale-eng@step-4000,4000,,Orth,ses-11,96,0.0066335874753926,0.0114048490206732,0.0045845310798382,Beetle-HumanScale/beetle-monolingual-humanscale-eng,0.2136860995937111,0.5240498443952196,96,5.0,0.031043607834132746,,193811712
ds001894,beetle-humanscale-eng,Beetle-HumanScale/beetle-monolingual-humanscale-eng@step-5500,5500,,Orth,ses-11,96,0.0102761320164466,0.0134835683014882,0.0068491859171948,Beetle-HumanScale/beetle-monolingual-humanscale-eng,0.2136860995937111,0.5240498443952196,96,5.0,0.04808984784684157,,193811712
ds001894,beetle-humanscale-eng,Beetle-HumanScale/beetle-monolingual-humanscale-eng@step-7500,7500,,Orth,ses-11,96,-0.0055869988239118,-0.0015858631796784,-0.0038527993596625,Beetle-HumanScale/beetle-monolingual-humanscale-eng,0.2136860995937111,0.5240498443952196,96,5.0,-0.026145822468258615,,193811712
ds001894,beetle-humanscale-eng,Beetle-HumanScale/beetle-monolingual-humanscale-eng@step-9500,9500,,Orth,ses-11,96,-0.0029037693662109,0.0009154755720365,-0.0018757960925564,Beetle-HumanScale/beetle-monolingual-humanscale-eng,0.2136860995937111,0.5240498443952196,96,5.0,-0.013588948329965959,,193811712
ds001894,beetle-humanscale-eng,Beetle-HumanScale/beetle-monolingual-humanscale-eng@step-0,0,,Orth,ses-11+,96,0.0047489718249098,0.0056182542775753,0.003112794049172,Beetle-HumanScale/beetle-monolingual-humanscale-eng,0.1742624769225749,0.5457342923093875,96,4.0,0.027251832458572108,,193811712
ds001894,beetle-humanscale-eng,Beetle-HumanScale/beetle-monolingual-humanscale-eng@step-1,1,,Orth,ses-11+,96,0.0047489718249098,0.0056182542775753,0.003112794049172,Beetle-HumanScale/beetle-monolingual-humanscale-eng,0.1742624769225749,0.5457342923093875,96,4.0,0.027251832458572108,,193811712
ds001894,beetle-humanscale-eng,Beetle-HumanScale/beetle-monolingual-humanscale-eng@step-2,2,,Orth,ses-11+,96,0.0047489718249098,0.0056182542775753,0.003112794049172,Beetle-HumanScale/beetle-monolingual-humanscale-eng,0.1742624769225749,0.5457342923093875,96,4.0,0.027251832458572108,,193811712
ds001894,beetle-humanscale-eng,Beetle-HumanScale/beetle-monolingual-humanscale-eng@step-4,4,,Orth,ses-11+,96,0.0047489718249098,0.0056182542775753,0.003112794049172,Beetle-HumanScale/beetle-monolingual-humanscale-eng,0.1742624769225749,0.5457342923093875,96,4.0,0.027251832458572108,,193811712
ds001894,beetle-humanscale-eng,Beetle-HumanScale/beetle-monolingual-humanscale-eng@step-6,6,,Orth,ses-11+,96,0.0047489718249098,0.0056182542775753,0.003112794049172,Beetle-HumanScale/beetle-monolingual-humanscale-eng,0.1742624769225749,0.5457342923093875,96,4.0,0.027251832458572108,,193811712
ds001894,beetle-humanscale-eng,Beetle-HumanScale/beetle-monolingual-humanscale-eng@step-8,8,,Orth,ses-11+,96,0.0047489718249098,0.0056182542775753,0.003112794049172,Beetle-HumanScale/beetle-monolingual-humanscale-eng,0.1742624769225749,0.5457342923093875,96,4.0,0.027251832458572108,,193811712
ds001894,beetle-humanscale-eng,Beetle-HumanScale/beetle-monolingual-humanscale-eng@step-16,16,,Orth,ses-11+,96,0.0047481338899179,0.0056167307043521,0.0031066369587051,Beetle-HumanScale/beetle-monolingual-humanscale-eng,0.1742624769225749,0.5457342923093875,96,4.0,0.027247023993739645,,193811712
ds001894,beetle-humanscale-eng,Beetle-HumanScale/beetle-monolingual-humanscale-eng@step-32,32,,Orth,ses-11+,96,0.0047004219651289,0.005646083033524,0.003053339644351,Beetle-HumanScale/beetle-monolingual-humanscale-eng,0.1742624769225749,0.5457342923093875,96,4.0,0.026973230543585726,,193811712
ds001894,beetle-humanscale-eng,Beetle-HumanScale/beetle-monolingual-humanscale-eng@step-64,64,,Orth,ses-11+,96,0.0049773834625489,0.0059107290270038,0.0032089985877173,Beetle-HumanScale/beetle-monolingual-humanscale-eng,0.1742624769225749,0.5457342923093875,96,4.0,0.028562565794128816,,193811712
ds001894,beetle-humanscale-eng,Beetle-HumanScale/beetle-monolingual-humanscale-eng@step-256,256,,Orth,ses-11+,96,0.0276120845245642,0.0224309077613838,0.0184910895356399,Beetle-HumanScale/beetle-monolingual-humanscale-eng,0.1742624769225749,0.5457342923093875,96,4.0,0.15845111932405445,,193811712
ds001894,beetle-humanscale-eng,Beetle-HumanScale/beetle-monolingual-humanscale-eng@step-500,500,,Orth,ses-11+,96,0.003880213708783,0.0043034178829902,0.0024749579586166,Beetle-HumanScale/beetle-monolingual-humanscale-eng,0.1742624769225749,0.5457342923093875,96,4.0,0.02226649005171082,,193811712
ds001894,beetle-humanscale-eng,Beetle-HumanScale/beetle-monolingual-humanscale-eng@step-1000,1000,,Orth,ses-11+,96,-0.00266568015525,-0.0047635607992461,-0.0017141724678003,Beetle-HumanScale/beetle-monolingual-humanscale-eng,0.1742624769225749,0.5457342923093875,96,4.0,-0.015296925662512912,,193811712
ds001894,beetle-humanscale-eng,Beetle-HumanScale/beetle-monolingual-humanscale-eng@step-2000,2000,,Orth,ses-11+,96,-0.0002581099217372,-0.0027192072567937,-0.0002986188876446,Beetle-HumanScale/beetle-monolingual-humanscale-eng,0.1742624769225749,0.5457342923093875,96,4.0,-0.0014811560485960419,,193811712
ds001894,beetle-humanscale-eng,Beetle-HumanScale/beetle-monolingual-humanscale-eng@step-2500,2500,,Orth,ses-11+,96,0.0081964619066311,0.000668972857427,0.0053901478856166,Beetle-HumanScale/beetle-monolingual-humanscale-eng,0.1742624769225749,0.5457342923093875,96,4.0,0.047035150948031124,,193811712
ds001894,beetle-humanscale-eng,Beetle-HumanScale/beetle-monolingual-humanscale-eng@step-4000,4000,,Orth,ses-11+,96,0.0158372033270026,0.0106868737452504,0.0107044865948596,Beetle-HumanScale/beetle-monolingual-humanscale-eng,0.1742624769225749,0.5457342923093875,96,4.0,0.09088131654434761,,193811712
ds001894,beetle-humanscale-eng,Beetle-HumanScale/beetle-monolingual-humanscale-eng@step-5500,5500,,Orth,ses-11+,96,0.012006768980862,0.0147538971135384,0.0080065265158949,Beetle-HumanScale/beetle-monolingual-humanscale-eng,0.1742624769225749,0.5457342923093875,96,4.0,0.06890048387293742,,193811712
ds001894,beetle-humanscale-eng,Beetle-HumanScale/beetle-monolingual-humanscale-eng@step-7500,7500,,Orth,ses-11+,96,0.0106430121267506,-0.0013881709503846,0.00703005044966,Beetle-HumanScale/beetle-monolingual-humanscale-eng,0.1742624769225749,0.5457342923093875,96,4.0,0.061074606046597785,,193811712
ds001894,beetle-humanscale-eng,Beetle-HumanScale/beetle-monolingual-humanscale-eng@step-9500,9500,,Orth,ses-11+,96,-0.0099160125899169,-0.0065766857693929,-0.0066381131596264,Beetle-HumanScale/beetle-monolingual-humanscale-eng,0.1742624769225749,0.5457342923093875,96,4.0,-0.056902740997550494,,193811712
ds001894,beetle-humanscale-eng,Beetle-HumanScale/beetle-monolingual-humanscale-eng@step-0,0,,Orth,ses-7,96,0.0186139709325173,0.0017832831919998,0.0122300981671111,Beetle-HumanScale/beetle-monolingual-humanscale-eng,,,96,,,,193811712
ds001894,beetle-humanscale-eng,Beetle-HumanScale/beetle-monolingual-humanscale-eng@step-1,1,,Orth,ses-7,96,0.0186139709325173,0.0017832831919998,0.0122300981671111,Beetle-HumanScale/beetle-monolingual-humanscale-eng,,,96,,,,193811712
ds001894,beetle-humanscale-eng,Beetle-HumanScale/beetle-monolingual-humanscale-eng@step-2,2,,Orth,ses-7,96,0.0186139709325173,0.0017832831919998,0.0122300981671111,Beetle-HumanScale/beetle-monolingual-humanscale-eng,,,96,,,,193811712
ds001894,beetle-humanscale-eng,Beetle-HumanScale/beetle-monolingual-humanscale-eng@step-4,4,,Orth,ses-7,96,0.0186139709325173,0.0017832831919998,0.0122300981671111,Beetle-HumanScale/beetle-monolingual-humanscale-eng,,,96,,,,193811712
ds001894,beetle-humanscale-eng,Beetle-HumanScale/beetle-monolingual-humanscale-eng@step-6,6,,Orth,ses-7,96,0.0186139709325173,0.0017832831919998,0.0122300981671111,Beetle-HumanScale/beetle-monolingual-humanscale-eng,,,96,,,,193811712
ds001894,beetle-humanscale-eng,Beetle-HumanScale/beetle-monolingual-humanscale-eng@step-8,8,,Orth,ses-7,96,0.0186139709325173,0.0017832831919998,0.0122300981671111,Beetle-HumanScale/beetle-monolingual-humanscale-eng,,,96,,,,193811712
ds001894,beetle-humanscale-eng,Beetle-HumanScale/beetle-monolingual-humanscale-eng@step-16,16,,Orth,ses-7,96,0.0186068114671149,0.0017851065380509,0.0122197080769482,Beetle-HumanScale/beetle-monolingual-humanscale-eng,,,96,,,,193811712
ds001894,beetle-humanscale-eng,Beetle-HumanScale/beetle-monolingual-humanscale-eng@step-32,32,,Orth,ses-7,96,0.0186100860072118,0.0017939707142831,0.0122210549404878,Beetle-HumanScale/beetle-monolingual-humanscale-eng,,,96,,,,193811712
ds001894,beetle-humanscale-eng,Beetle-HumanScale/beetle-monolingual-humanscale-eng@step-64,64,,Orth,ses-7,96,0.0186798838026016,0.0019662941595628,0.0122655014372958,Beetle-HumanScale/beetle-monolingual-humanscale-eng,,,96,,,,193811712
ds001894,beetle-humanscale-eng,Beetle-HumanScale/beetle-monolingual-humanscale-eng@step-256,256,,Orth,ses-7,96,-0.0205308467637969,-0.0038900194650427,-0.01355483466288,Beetle-HumanScale/beetle-monolingual-humanscale-eng,,,96,,,,193811712
ds001894,beetle-humanscale-eng,Beetle-HumanScale/beetle-monolingual-humanscale-eng@step-500,500,,Orth,ses-7,96,-0.0210635211902419,-0.0048291739604712,-0.0138515294597537,Beetle-HumanScale/beetle-monolingual-humanscale-eng,,,96,,,,193811712
ds001894,beetle-humanscale-eng,Beetle-HumanScale/beetle-monolingual-humanscale-eng@step-1000,1000,,Orth,ses-7,96,-0.0044996314288328,-0.0079143987103277,-0.002985419240138,Beetle-HumanScale/beetle-monolingual-humanscale-eng,,,96,,,,193811712
ds001894,beetle-humanscale-eng,Beetle-HumanScale/beetle-monolingual-humanscale-eng@step-2000,2000,,Orth,ses-7,96,-0.0005144246300837,-0.0006759751575874,-0.0003192066588933,Beetle-HumanScale/beetle-monolingual-humanscale-eng,,,96,,,,193811712
ds001894,beetle-humanscale-eng,Beetle-HumanScale/beetle-monolingual-humanscale-eng@step-2500,2500,,Orth,ses-7,96,-0.0029443158774106,-0.0029655463668273,-0.0018742568199397,Beetle-HumanScale/beetle-monolingual-humanscale-eng,,,96,,,,193811712
ds001894,beetle-humanscale-eng,Beetle-HumanScale/beetle-monolingual-humanscale-eng@step-4000,4000,,Orth,ses-7,96,-0.0023042807295497,-0.0004174126202344,-0.0015587059335111,Beetle-HumanScale/beetle-monolingual-humanscale-eng,,,96,,,,193811712
ds001894,beetle-humanscale-eng,Beetle-HumanScale/beetle-monolingual-humanscale-eng@step-5500,5500,,Orth,ses-7,96,0.0021648587752008,-0.0020560548294082,0.0013786110373542,Beetle-HumanScale/beetle-monolingual-humanscale-eng,,,96,,,,193811712
ds001894,beetle-humanscale-eng,Beetle-HumanScale/beetle-monolingual-humanscale-eng@step-7500,7500,,Orth,ses-7,96,0.0097790517927631,0.0028449071141868,0.0065765422549574,Beetle-HumanScale/beetle-monolingual-humanscale-eng,,,96,,,,193811712
ds001894,beetle-humanscale-eng,Beetle-HumanScale/beetle-monolingual-humanscale-eng@step-9500,9500,,Orth,ses-7,96,-0.0080840707910059,-0.0088832710997968,-0.0054422907455082,Beetle-HumanScale/beetle-monolingual-humanscale-eng,,,96,,,,193811712
ds001894,beetle-humanscale-eng,Beetle-HumanScale/beetle-monolingual-humanscale-eng@step-0,0,,Orth,ses-9,96,0.005107363619575,0.0034157947334403,0.0033500344412247,Beetle-HumanScale/beetle-monolingual-humanscale-eng,0.1650755388561307,0.607179038133363,96,3.0,0.030939554430449278,,193811712
ds001894,beetle-humanscale-eng,Beetle-HumanScale/beetle-monolingual-humanscale-eng@step-1,1,,Orth,ses-9,96,0.005107363619575,0.0034157947334403,0.0033500344412247,Beetle-HumanScale/beetle-monolingual-humanscale-eng,0.1650755388561307,0.607179038133363,96,3.0,0.030939554430449278,,193811712
ds001894,beetle-humanscale-eng,Beetle-HumanScale/beetle-monolingual-humanscale-eng@step-2,2,,Orth,ses-9,96,0.005107363619575,0.0034157947334403,0.0033500344412247,Beetle-HumanScale/beetle-monolingual-humanscale-eng,0.1650755388561307,0.607179038133363,96,3.0,0.030939554430449278,,193811712
ds001894,beetle-humanscale-eng,Beetle-HumanScale/beetle-monolingual-humanscale-eng@step-4,4,,Orth,ses-9,96,0.005107363619575,0.0034157947334403,0.0033500344412247,Beetle-HumanScale/beetle-monolingual-humanscale-eng,0.1650755388561307,0.607179038133363,96,3.0,0.030939554430449278,,193811712
ds001894,beetle-humanscale-eng,Beetle-HumanScale/beetle-monolingual-humanscale-eng@step-6,6,,Orth,ses-9,96,0.005107363619575,0.0034157947334403,0.0033500344412247,Beetle-HumanScale/beetle-monolingual-humanscale-eng,0.1650755388561307,0.607179038133363,96,3.0,0.030939554430449278,,193811712
ds001894,beetle-humanscale-eng,Beetle-HumanScale/beetle-monolingual-humanscale-eng@step-8,8,,Orth,ses-9,96,0.005107363619575,0.0034157947334403,0.0033500344412247,Beetle-HumanScale/beetle-monolingual-humanscale-eng,0.1650755388561307,0.607179038133363,96,3.0,0.030939554430449278,,193811712
ds001894,beetle-humanscale-eng,Beetle-HumanScale/beetle-monolingual-humanscale-eng@step-16,16,,Orth,ses-9,96,0.0051177461163079,0.0034153417069065,0.0033631182584669,Beetle-HumanScale/beetle-monolingual-humanscale-eng,0.1650755388561307,0.607179038133363,96,3.0,0.03100244985883827,,193811712
ds001894,beetle-humanscale-eng,Beetle-HumanScale/beetle-monolingual-humanscale-eng@step-32,32,,Orth,ses-9,96,0.0050848559339418,0.0033979497550262,0.0033613865767731,Beetle-HumanScale/beetle-monolingual-humanscale-eng,0.1650755388561307,0.607179038133363,96,3.0,0.03080320663604458,,193811712
ds001894,beetle-humanscale-eng,Beetle-HumanScale/beetle-monolingual-humanscale-eng@step-64,64,,Orth,ses-9,96,0.0051076010408172,0.0033738544167159,0.0033646575310836,Beetle-HumanScale/beetle-monolingual-humanscale-eng,0.1650755388561307,0.607179038133363,96,3.0,0.030940992688617903,,193811712
ds001894,beetle-humanscale-eng,Beetle-HumanScale/beetle-monolingual-humanscale-eng@step-256,256,,Orth,ses-9,96,0.0014759764847775,-0.0085979114774929,0.0008735372099914,Beetle-HumanScale/beetle-monolingual-humanscale-eng,0.1650755388561307,0.607179038133363,96,3.0,0.008941218638479605,,193811712
ds001894,beetle-humanscale-eng,Beetle-HumanScale/beetle-monolingual-humanscale-eng@step-500,500,,Orth,ses-9,96,-0.0038070005151711,-0.0134408915048441,-0.0025994466314942,Beetle-HumanScale/beetle-monolingual-humanscale-eng,0.1650755388561307,0.607179038133363,96,3.0,-0.023062172273076987,,193811712
ds001894,beetle-humanscale-eng,Beetle-HumanScale/beetle-monolingual-humanscale-eng@step-1000,1000,,Orth,ses-9,96,-0.0031208899532267,-0.0043156231323181,-0.0020564682159445,Beetle-HumanScale/beetle-monolingual-humanscale-eng,0.1650755388561307,0.607179038133363,96,3.0,-0.018905829263696473,,193811712
ds001894,beetle-humanscale-eng,Beetle-HumanScale/beetle-monolingual-humanscale-eng@step-2000,2000,,Orth,ses-9,96,-0.0132834093242879,-0.0029230771379355,-0.0087240199643658,Beetle-HumanScale/beetle-monolingual-humanscale-eng,0.1650755388561307,0.607179038133363,96,3.0,-0.08046867159322056,,193811712
ds001894,beetle-humanscale-eng,Beetle-HumanScale/beetle-monolingual-humanscale-eng@step-2500,2500,,Orth,ses-9,96,-0.0103555820737252,-0.0024715117879228,-0.0068699660975206,Beetle-HumanScale/beetle-monolingual-humanscale-eng,0.1650755388561307,0.607179038133363,96,3.0,-0.06273238388608542,,193811712
ds001894,beetle-humanscale-eng,Beetle-HumanScale/beetle-monolingual-humanscale-eng@step-4000,4000,,Orth,ses-9,96,0.0094183708320906,0.0101699069883653,0.0062257805074212,Beetle-HumanScale/beetle-monolingual-humanscale-eng,0.1650755388561307,0.607179038133363,96,3.0,0.05705491496410653,,193811712
ds001894,beetle-humanscale-eng,Beetle-HumanScale/beetle-monolingual-humanscale-eng@step-5500,5500,,Orth,ses-9,96,0.0111378039437698,0.0150707222657442,0.007422949785079,Beetle-HumanScale/beetle-monolingual-humanscale-eng,0.1650755388561307,0.607179038133363,96,3.0,0.0674709531221146,,193811712
ds001894,beetle-humanscale-eng,Beetle-HumanScale/beetle-monolingual-humanscale-eng@step-7500,7500,,Orth,ses-9,96,0.0061047832936219,0.0002495146175314,0.0041910545171879,Beetle-HumanScale/beetle-monolingual-humanscale-eng,0.1650755388561307,0.607179038133363,96,3.0,0.036981755964113135,,193811712
ds001894,beetle-humanscale-eng,Beetle-HumanScale/beetle-monolingual-humanscale-eng@step-9500,9500,,Orth,ses-9,96,-0.0049002585135125,-0.0095986498205046,-0.0030067766476951,Beetle-HumanScale/beetle-monolingual-humanscale-eng,0.1650755388561307,0.607179038133363,96,3.0,-0.029684946343160223,,193811712
ds001894,beetle-humanscale-eng,Beetle-HumanScale/beetle-monolingual-humanscale-eng@step-0,0,,Phon,ses-11,96,0.0043289501077508,0.0064098106678413,0.0029028757460661,Beetle-HumanScale/beetle-monolingual-humanscale-eng,0.2136860995937111,0.5240498443952196,96,5.0,0.02025845441505828,,193811712
ds001894,beetle-humanscale-eng,Beetle-HumanScale/beetle-monolingual-humanscale-eng@step-1,1,,Phon,ses-11,96,0.0043289501077508,0.0064098106678413,0.0029028757460661,Beetle-HumanScale/beetle-monolingual-humanscale-eng,0.2136860995937111,0.5240498443952196,96,5.0,0.02025845441505828,,193811712
ds001894,beetle-humanscale-eng,Beetle-HumanScale/beetle-monolingual-humanscale-eng@step-2,2,,Phon,ses-11,96,0.0043289501077508,0.0064098106678413,0.0029028757460661,Beetle-HumanScale/beetle-monolingual-humanscale-eng,0.2136860995937111,0.5240498443952196,96,5.0,0.02025845441505828,,193811712
ds001894,beetle-humanscale-eng,Beetle-HumanScale/beetle-monolingual-humanscale-eng@step-4,4,,Phon,ses-11,96,0.0043289501077508,0.0064098106678413,0.0029028757460661,Beetle-HumanScale/beetle-monolingual-humanscale-eng,0.2136860995937111,0.5240498443952196,96,5.0,0.02025845441505828,,193811712
ds001894,beetle-humanscale-eng,Beetle-HumanScale/beetle-monolingual-humanscale-eng@step-6,6,,Phon,ses-11,96,0.0043289501077508,0.0064098106678413,0.0029028757460661,Beetle-HumanScale/beetle-monolingual-humanscale-eng,0.2136860995937111,0.5240498443952196,96,5.0,0.02025845441505828,,193811712
ds001894,beetle-humanscale-eng,Beetle-HumanScale/beetle-monolingual-humanscale-eng@step-8,8,,Phon,ses-11,96,0.0043289501077508,0.0064098106678413,0.0029028757460661,Beetle-HumanScale/beetle-monolingual-humanscale-eng,0.2136860995937111,0.5240498443952196,96,5.0,0.02025845441505828,,193811712
ds001894,beetle-humanscale-eng,Beetle-HumanScale/beetle-monolingual-humanscale-eng@step-16,16,,Phon,ses-11,96,0.0043419853692272,0.0064201495563939,0.0029074935639163,Beetle-HumanScale/beetle-monolingual-humanscale-eng,0.2136860995937111,0.5240498443952196,96,5.0,0.020319456330958212,,193811712
ds001894,beetle-humanscale-eng,Beetle-HumanScale/beetle-monolingual-humanscale-eng@step-32,32,,Phon,ses-11,96,0.004374175817026,0.0064749459722993,0.0029346232437861,Beetle-HumanScale/beetle-monolingual-humanscale-eng,0.2136860995937111,0.5240498443952196,96,5.0,0.020470099951951832,,193811712
ds001894,beetle-humanscale-eng,Beetle-HumanScale/beetle-monolingual-humanscale-eng@step-64,64,,Phon,ses-11,96,0.0046213013361518,0.0067710307420682,0.0030498762809634,Beetle-HumanScale/beetle-monolingual-humanscale-eng,0.2136860995937111,0.5240498443952196,96,5.0,0.021626588462882908,,193811712
ds001894,beetle-humanscale-eng,Beetle-HumanScale/beetle-monolingual-humanscale-eng@step-256,256,,Phon,ses-11,96,-0.0026872933348382,0.0005444494008899,-0.0018094149609601,Beetle-HumanScale/beetle-monolingual-humanscale-eng,0.2136860995937111,0.5240498443952196,96,5.0,-0.012575892114403535,,193811712
ds001894,beetle-humanscale-eng,Beetle-HumanScale/beetle-monolingual-humanscale-eng@step-500,500,,Phon,ses-11,96,-0.0091209112502665,0.0006899337922637,-0.0060235585673989,Beetle-HumanScale/beetle-monolingual-humanscale-eng,0.2136860995937111,0.5240498443952196,96,5.0,-0.042683690083764964,,193811712
ds001894,beetle-humanscale-eng,Beetle-HumanScale/beetle-monolingual-humanscale-eng@step-1000,1000,,Phon,ses-11,96,-0.0213431484877933,-0.0057613692269651,-0.0141328315304602,Beetle-HumanScale/beetle-monolingual-humanscale-eng,0.2136860995937111,0.5240498443952196,96,5.0,-0.09988084638342776,,193811712
ds001894,beetle-humanscale-eng,Beetle-HumanScale/beetle-monolingual-humanscale-eng@step-2000,2000,,Phon,ses-11,96,-0.0031129819021912,0.0070823906841472,-0.0019993227200486,Beetle-HumanScale/beetle-monolingual-humanscale-eng,0.2136860995937111,0.5240498443952196,96,5.0,-0.014568013118822526,,193811712
ds001894,beetle-humanscale-eng,Beetle-HumanScale/beetle-monolingual-humanscale-eng@step-2500,2500,,Phon,ses-11,96,-0.0030029782874907,0.0121925640531525,-0.0020258751726871,Beetle-HumanScale/beetle-monolingual-humanscale-eng,0.2136860995937111,0.5240498443952196,96,5.0,-0.014053222428601431,,193811712
ds001894,beetle-humanscale-eng,Beetle-HumanScale/beetle-monolingual-humanscale-eng@step-4000,4000,,Phon,ses-11,96,0.0066335874753926,0.0114048490206732,0.0045845310798382,Beetle-HumanScale/beetle-monolingual-humanscale-eng,0.2136860995937111,0.5240498443952196,96,5.0,0.031043607834132746,,193811712
ds001894,beetle-humanscale-eng,Beetle-HumanScale/beetle-monolingual-humanscale-eng@step-5500,5500,,Phon,ses-11,96,0.0102761320164466,0.0134835683014882,0.0068491859171948,Beetle-HumanScale/beetle-monolingual-humanscale-eng,0.2136860995937111,0.5240498443952196,96,5.0,0.04808984784684157,,193811712
ds001894,beetle-humanscale-eng,Beetle-HumanScale/beetle-monolingual-humanscale-eng@step-7500,7500,,Phon,ses-11,96,-0.0055869988239118,-0.0015858631796784,-0.0038527993596625,Beetle-HumanScale/beetle-monolingual-humanscale-eng,0.2136860995937111,0.5240498443952196,96,5.0,-0.026145822468258615,,193811712
ds001894,beetle-humanscale-eng,Beetle-HumanScale/beetle-monolingual-humanscale-eng@step-9500,9500,,Phon,ses-11,96,-0.0029037693662109,0.0009154755720365,-0.0018757960925564,Beetle-HumanScale/beetle-monolingual-humanscale-eng,0.2136860995937111,0.5240498443952196,96,5.0,-0.013588948329965959,,193811712
ds001894,beetle-humanscale-eng,Beetle-HumanScale/beetle-monolingual-humanscale-eng@step-0,0,,Phon,ses-11+,96,0.0047489718249098,0.0056182542775753,0.003112794049172,Beetle-HumanScale/beetle-monolingual-humanscale-eng,0.1742624769225749,0.5457342923093875,96,4.0,0.027251832458572108,,193811712
ds001894,beetle-humanscale-eng,Beetle-HumanScale/beetle-monolingual-humanscale-eng@step-1,1,,Phon,ses-11+,96,0.0047489718249098,0.0056182542775753,0.003112794049172,Beetle-HumanScale/beetle-monolingual-humanscale-eng,0.1742624769225749,0.5457342923093875,96,4.0,0.027251832458572108,,193811712
ds001894,beetle-humanscale-eng,Beetle-HumanScale/beetle-monolingual-humanscale-eng@step-2,2,,Phon,ses-11+,96,0.0047489718249098,0.0056182542775753,0.003112794049172,Beetle-HumanScale/beetle-monolingual-humanscale-eng,0.1742624769225749,0.5457342923093875,96,4.0,0.027251832458572108,,193811712
ds001894,beetle-humanscale-eng,Beetle-HumanScale/beetle-monolingual-humanscale-eng@step-4,4,,Phon,ses-11+,96,0.0047489718249098,0.0056182542775753,0.003112794049172,Beetle-HumanScale/beetle-monolingual-humanscale-eng,0.1742624769225749,0.5457342923093875,96,4.0,0.027251832458572108,,193811712
ds001894,beetle-humanscale-eng,Beetle-HumanScale/beetle-monolingual-humanscale-eng@step-6,6,,Phon,ses-11+,96,0.0047489718249098,0.0056182542775753,0.003112794049172,Beetle-HumanScale/beetle-monolingual-humanscale-eng,0.1742624769225749,0.5457342923093875,96,4.0,0.027251832458572108,,193811712
ds001894,beetle-humanscale-eng,Beetle-HumanScale/beetle-monolingual-humanscale-eng@step-8,8,,Phon,ses-11+,96,0.0047489718249098,0.0056182542775753,0.003112794049172,Beetle-HumanScale/beetle-monolingual-humanscale-eng,0.1742624769225749,0.5457342923093875,96,4.0,0.027251832458572108,,193811712
ds001894,beetle-humanscale-eng,Beetle-HumanScale/beetle-monolingual-humanscale-eng@step-16,16,,Phon,ses-11+,96,0.0047481338899179,0.0056167307043521,0.0031066369587051,Beetle-HumanScale/beetle-monolingual-humanscale-eng,0.1742624769225749,0.5457342923093875,96,4.0,0.027247023993739645,,193811712
ds001894,beetle-humanscale-eng,Beetle-HumanScale/beetle-monolingual-humanscale-eng@step-32,32,,Phon,ses-11+,96,0.0047004219651289,0.005646083033524,0.003053339644351,Beetle-HumanScale/beetle-monolingual-humanscale-eng,0.1742624769225749,0.5457342923093875,96,4.0,0.026973230543585726,,193811712
ds001894,beetle-humanscale-eng,Beetle-HumanScale/beetle-monolingual-humanscale-eng@step-64,64,,Phon,ses-11+,96,0.0049773834625489,0.0059107290270038,0.0032089985877173,Beetle-HumanScale/beetle-monolingual-humanscale-eng,0.1742624769225749,0.5457342923093875,96,4.0,0.028562565794128816,,193811712
ds001894,beetle-humanscale-eng,Beetle-HumanScale/beetle-monolingual-humanscale-eng@step-256,256,,Phon,ses-11+,96,0.0276120845245642,0.0224309077613838,0.0184910895356399,Beetle-HumanScale/beetle-monolingual-humanscale-eng,0.1742624769225749,0.5457342923093875,96,4.0,0.15845111932405445,,193811712
ds001894,beetle-humanscale-eng,Beetle-HumanScale/beetle-monolingual-humanscale-eng@step-500,500,,Phon,ses-11+,96,0.003880213708783,0.0043034178829902,0.0024749579586166,Beetle-HumanScale/beetle-monolingual-humanscale-eng,0.1742624769225749,0.5457342923093875,96,4.0,0.02226649005171082,,193811712
ds001894,beetle-humanscale-eng,Beetle-HumanScale/beetle-monolingual-humanscale-eng@step-1000,1000,,Phon,ses-11+,96,-0.00266568015525,-0.0047635607992461,-0.0017141724678003,Beetle-HumanScale/beetle-monolingual-humanscale-eng,0.1742624769225749,0.5457342923093875,96,4.0,-0.015296925662512912,,193811712
ds001894,beetle-humanscale-eng,Beetle-HumanScale/beetle-monolingual-humanscale-eng@step-2000,2000,,Phon,ses-11+,96,-0.0002581099217372,-0.0027192072567937,-0.0002986188876446,Beetle-HumanScale/beetle-monolingual-humanscale-eng,0.1742624769225749,0.5457342923093875,96,4.0,-0.0014811560485960419,,193811712
ds001894,beetle-humanscale-eng,Beetle-HumanScale/beetle-monolingual-humanscale-eng@step-2500,2500,,Phon,ses-11+,96,0.0081964619066311,0.000668972857427,0.0053901478856166,Beetle-HumanScale/beetle-monolingual-humanscale-eng,0.1742624769225749,0.5457342923093875,96,4.0,0.047035150948031124,,193811712
ds001894,beetle-humanscale-eng,Beetle-HumanScale/beetle-monolingual-humanscale-eng@step-4000,4000,,Phon,ses-11+,96,0.0158372033270026,0.0106868737452504,0.0107044865948596,Beetle-HumanScale/beetle-monolingual-humanscale-eng,0.1742624769225749,0.5457342923093875,96,4.0,0.09088131654434761,,193811712
ds001894,beetle-humanscale-eng,Beetle-HumanScale/beetle-monolingual-humanscale-eng@step-5500,5500,,Phon,ses-11+,96,0.012006768980862,0.0147538971135384,0.0080065265158949,Beetle-HumanScale/beetle-monolingual-humanscale-eng,0.1742624769225749,0.5457342923093875,96,4.0,0.06890048387293742,,193811712
ds001894,beetle-humanscale-eng,Beetle-HumanScale/beetle-monolingual-humanscale-eng@step-7500,7500,,Phon,ses-11+,96,0.0106430121267506,-0.0013881709503846,0.00703005044966,Beetle-HumanScale/beetle-monolingual-humanscale-eng,0.1742624769225749,0.5457342923093875,96,4.0,0.061074606046597785,,193811712
ds001894,beetle-humanscale-eng,Beetle-HumanScale/beetle-monolingual-humanscale-eng@step-9500,9500,,Phon,ses-11+,96,-0.0099160125899169,-0.0065766857693929,-0.0066381131596264,Beetle-HumanScale/beetle-monolingual-humanscale-eng,0.1742624769225749,0.5457342923093875,96,4.0,-0.056902740997550494,,193811712
ds001894,beetle-humanscale-eng,Beetle-HumanScale/beetle-monolingual-humanscale-eng@step-0,0,,Phon,ses-7,96,0.0186139709325173,0.0017832831919998,0.0122300981671111,Beetle-HumanScale/beetle-monolingual-humanscale-eng,,,96,,,0.0081448036195669,193811712
ds001894,beetle-humanscale-eng,Beetle-HumanScale/beetle-monolingual-humanscale-eng@step-1,1,,Phon,ses-7,96,0.0186139709325173,0.0017832831919998,0.0122300981671111,Beetle-HumanScale/beetle-monolingual-humanscale-eng,,,96,,,0.0081448036195669,193811712
ds001894,beetle-humanscale-eng,Beetle-HumanScale/beetle-monolingual-humanscale-eng@step-2,2,,Phon,ses-7,96,0.0186139709325173,0.0017832831919998,0.0122300981671111,Beetle-HumanScale/beetle-monolingual-humanscale-eng,,,96,,,0.0081448036195669,193811712
ds001894,beetle-humanscale-eng,Beetle-HumanScale/beetle-monolingual-humanscale-eng@step-4,4,,Phon,ses-7,96,0.0186139709325173,0.0017832831919998,0.0122300981671111,Beetle-HumanScale/beetle-monolingual-humanscale-eng,,,96,,,0.0081448036195669,193811712
ds001894,beetle-humanscale-eng,Beetle-HumanScale/beetle-monolingual-humanscale-eng@step-6,6,,Phon,ses-7,96,0.0186139709325173,0.0017832831919998,0.0122300981671111,Beetle-HumanScale/beetle-monolingual-humanscale-eng,,,96,,,0.0081448036195669,193811712
ds001894,beetle-humanscale-eng,Beetle-HumanScale/beetle-monolingual-humanscale-eng@step-8,8,,Phon,ses-7,96,0.0186139709325173,0.0017832831919998,0.0122300981671111,Beetle-HumanScale/beetle-monolingual-humanscale-eng,,,96,,,0.0081448036195669,193811712
ds001894,beetle-humanscale-eng,Beetle-HumanScale/beetle-monolingual-humanscale-eng@step-16,16,,Phon,ses-7,96,0.0186068114671149,0.0017851065380509,0.0122197080769482,Beetle-HumanScale/beetle-monolingual-humanscale-eng,,,96,,,0.0081448036195669,193811712
ds001894,beetle-humanscale-eng,Beetle-HumanScale/beetle-monolingual-humanscale-eng@step-32,32,,Phon,ses-7,96,0.0186100860072118,0.0017939707142831,0.0122210549404878,Beetle-HumanScale/beetle-monolingual-humanscale-eng,,,96,,,0.0081448036195669,193811712
ds001894,beetle-humanscale-eng,Beetle-HumanScale/beetle-monolingual-humanscale-eng@step-64,64,,Phon,ses-7,96,0.0186798838026016,0.0019662941595628,0.0122655014372958,Beetle-HumanScale/beetle-monolingual-humanscale-eng,,,96,,,0.0081448036195669,193811712
ds001894,beetle-humanscale-eng,Beetle-HumanScale/beetle-monolingual-humanscale-eng@step-256,256,,Phon,ses-7,96,-0.0205308467637969,-0.0038900194650427,-0.01355483466288,Beetle-HumanScale/beetle-monolingual-humanscale-eng,,,96,,,0.0081448036195669,193811712
ds001894,beetle-humanscale-eng,Beetle-HumanScale/beetle-monolingual-humanscale-eng@step-500,500,,Phon,ses-7,96,-0.0210635211902419,-0.0048291739604712,-0.0138515294597537,Beetle-HumanScale/beetle-monolingual-humanscale-eng,,,96,,,0.0081448036195669,193811712
ds001894,beetle-humanscale-eng,Beetle-HumanScale/beetle-monolingual-humanscale-eng@step-1000,1000,,Phon,ses-7,96,-0.0044996314288328,-0.0079143987103277,-0.002985419240138,Beetle-HumanScale/beetle-monolingual-humanscale-eng,,,96,,,0.0081448036195669,193811712
ds001894,beetle-humanscale-eng,Beetle-HumanScale/beetle-monolingual-humanscale-eng@step-2000,2000,,Phon,ses-7,96,-0.0005144246300837,-0.0006759751575874,-0.0003192066588933,Beetle-HumanScale/beetle-monolingual-humanscale-eng,,,96,,,0.0081448036195669,193811712
ds001894,beetle-humanscale-eng,Beetle-HumanScale/beetle-monolingual-humanscale-eng@step-2500,2500,,Phon,ses-7,96,-0.0029443158774106,-0.0029655463668273,-0.0018742568199397,Beetle-HumanScale/beetle-monolingual-humanscale-eng,,,96,,,0.0081448036195669,193811712
ds001894,beetle-humanscale-eng,Beetle-HumanScale/beetle-monolingual-humanscale-eng@step-4000,4000,,Phon,ses-7,96,-0.0023042807295497,-0.0004174126202344,-0.0015587059335111,Beetle-HumanScale/beetle-monolingual-humanscale-eng,,,96,,,0.0081448036195669,193811712
ds001894,beetle-humanscale-eng,Beetle-HumanScale/beetle-monolingual-humanscale-eng@step-5500,5500,,Phon,ses-7,96,0.0021648587752008,-0.0020560548294082,0.0013786110373542,Beetle-HumanScale/beetle-monolingual-humanscale-eng,,,96,,,0.0081448036195669,193811712
ds001894,beetle-humanscale-eng,Beetle-HumanScale/beetle-monolingual-humanscale-eng@step-7500,7500,,Phon,ses-7,96,0.0097790517927631,0.0028449071141868,0.0065765422549574,Beetle-HumanScale/beetle-monolingual-humanscale-eng,,,96,,,0.0081448036195669,193811712
ds001894,beetle-humanscale-eng,Beetle-HumanScale/beetle-monolingual-humanscale-eng@step-9500,9500,,Phon,ses-7,96,-0.0080840707910059,-0.0088832710997968,-0.0054422907455082,Beetle-HumanScale/beetle-monolingual-humanscale-eng,,,96,,,0.0081448036195669,193811712
ds001894,beetle-humanscale-eng,Beetle-HumanScale/beetle-monolingual-humanscale-eng@step-0,0,,Phon,ses-9,96,0.005107363619575,0.0034157947334403,0.0033500344412247,Beetle-HumanScale/beetle-monolingual-humanscale-eng,0.1650755388561307,0.607179038133363,96,3.0,0.030939554430449278,0.008728626502912,193811712
ds001894,beetle-humanscale-eng,Beetle-HumanScale/beetle-monolingual-humanscale-eng@step-1,1,,Phon,ses-9,96,0.005107363619575,0.0034157947334403,0.0033500344412247,Beetle-HumanScale/beetle-monolingual-humanscale-eng,0.1650755388561307,0.607179038133363,96,3.0,0.030939554430449278,0.008728626502912,193811712
ds001894,beetle-humanscale-eng,Beetle-HumanScale/beetle-monolingual-humanscale-eng@step-2,2,,Phon,ses-9,96,0.005107363619575,0.0034157947334403,0.0033500344412247,Beetle-HumanScale/beetle-monolingual-humanscale-eng,0.1650755388561307,0.607179038133363,96,3.0,0.030939554430449278,0.008728626502912,193811712
ds001894,beetle-humanscale-eng,Beetle-HumanScale/beetle-monolingual-humanscale-eng@step-4,4,,Phon,ses-9,96,0.005107363619575,0.0034157947334403,0.0033500344412247,Beetle-HumanScale/beetle-monolingual-humanscale-eng,0.1650755388561307,0.607179038133363,96,3.0,0.030939554430449278,0.008728626502912,193811712
ds001894,beetle-humanscale-eng,Beetle-HumanScale/beetle-monolingual-humanscale-eng@step-6,6,,Phon,ses-9,96,0.005107363619575,0.0034157947334403,0.0033500344412247,Beetle-HumanScale/beetle-monolingual-humanscale-eng,0.1650755388561307,0.607179038133363,96,3.0,0.030939554430449278,0.008728626502912,193811712
ds001894,beetle-humanscale-eng,Beetle-HumanScale/beetle-monolingual-humanscale-eng@step-8,8,,Phon,ses-9,96,0.005107363619575,0.0034157947334403,0.0033500344412247,Beetle-HumanScale/beetle-monolingual-humanscale-eng,0.1650755388561307,0.607179038133363,96,3.0,0.030939554430449278,0.008728626502912,193811712
ds001894,beetle-humanscale-eng,Beetle-HumanScale/beetle-monolingual-humanscale-eng@step-16,16,,Phon,ses-9,96,0.0051177461163079,0.0034153417069065,0.0033631182584669,Beetle-HumanScale/beetle-monolingual-humanscale-eng,0.1650755388561307,0.607179038133363,96,3.0,0.03100244985883827,0.008728626502912,193811712
ds001894,beetle-humanscale-eng,Beetle-HumanScale/beetle-monolingual-humanscale-eng@step-32,32,,Phon,ses-9,96,0.0050848559339418,0.0033979497550262,0.0033613865767731,Beetle-HumanScale/beetle-monolingual-humanscale-eng,0.1650755388561307,0.607179038133363,96,3.0,0.03080320663604458,0.008728626502912,193811712
ds001894,beetle-humanscale-eng,Beetle-HumanScale/beetle-monolingual-humanscale-eng@step-64,64,,Phon,ses-9,96,0.0051076010408172,0.0033738544167159,0.0033646575310836,Beetle-HumanScale/beetle-monolingual-humanscale-eng,0.1650755388561307,0.607179038133363,96,3.0,0.030940992688617903,0.008728626502912,193811712
ds001894,beetle-humanscale-eng,Beetle-HumanScale/beetle-monolingual-humanscale-eng@step-256,256,,Phon,ses-9,96,0.0014759764847775,-0.0085979114774929,0.0008735372099914,Beetle-HumanScale/beetle-monolingual-humanscale-eng,0.1650755388561307,0.607179038133363,96,3.0,0.008941218638479605,0.008728626502912,193811712
ds001894,beetle-humanscale-eng,Beetle-HumanScale/beetle-monolingual-humanscale-eng@step-500,500,,Phon,ses-9,96,-0.0038070005151711,-0.0134408915048441,-0.0025994466314942,Beetle-HumanScale/beetle-monolingual-humanscale-eng,0.1650755388561307,0.607179038133363,96,3.0,-0.023062172273076987,0.008728626502912,193811712
ds001894,beetle-humanscale-eng,Beetle-HumanScale/beetle-monolingual-humanscale-eng@step-1000,1000,,Phon,ses-9,96,-0.0031208899532267,-0.0043156231323181,-0.0020564682159445,Beetle-HumanScale/beetle-monolingual-humanscale-eng,0.1650755388561307,0.607179038133363,96,3.0,-0.018905829263696473,0.008728626502912,193811712
ds001894,beetle-humanscale-eng,Beetle-HumanScale/beetle-monolingual-humanscale-eng@step-2000,2000,,Phon,ses-9,96,-0.0132834093242879,-0.0029230771379355,-0.0087240199643658,Beetle-HumanScale/beetle-monolingual-humanscale-eng,0.1650755388561307,0.607179038133363,96,3.0,-0.08046867159322056,0.008728626502912,193811712
ds001894,beetle-humanscale-eng,Beetle-HumanScale/beetle-monolingual-humanscale-eng@step-2500,2500,,Phon,ses-9,96,-0.0103555820737252,-0.0024715117879228,-0.0068699660975206,Beetle-HumanScale/beetle-monolingual-humanscale-eng,0.1650755388561307,0.607179038133363,96,3.0,-0.06273238388608542,0.008728626502912,193811712
ds001894,beetle-humanscale-eng,Beetle-HumanScale/beetle-monolingual-humanscale-eng@step-4000,4000,,Phon,ses-9,96,0.0094183708320906,0.0101699069883653,0.0062257805074212,Beetle-HumanScale/beetle-monolingual-humanscale-eng,0.1650755388561307,0.607179038133363,96,3.0,0.05705491496410653,0.008728626502912,193811712
ds001894,beetle-humanscale-eng,Beetle-HumanScale/beetle-monolingual-humanscale-eng@step-5500,5500,,Phon,ses-9,96,0.0111378039437698,0.0150707222657442,0.007422949785079,Beetle-HumanScale/beetle-monolingual-humanscale-eng,0.1650755388561307,0.607179038133363,96,3.0,0.0674709531221146,0.008728626502912,193811712
ds001894,beetle-humanscale-eng,Beetle-HumanScale/beetle-monolingual-humanscale-eng@step-7500,7500,,Phon,ses-9,96,0.0061047832936219,0.0002495146175314,0.0041910545171879,Beetle-HumanScale/beetle-monolingual-humanscale-eng,0.1650755388561307,0.607179038133363,96,3.0,0.036981755964113135,0.008728626502912,193811712
ds001894,beetle-humanscale-eng,Beetle-HumanScale/beetle-monolingual-humanscale-eng@step-9500,9500,,Phon,ses-9,96,-0.0049002585135125,-0.0095986498205046,-0.0030067766476951,Beetle-HumanScale/beetle-monolingual-humanscale-eng,0.1650755388561307,0.607179038133363,96,3.0,-0.029684946343160223,0.008728626502912,193811712
ds001894,pico-decoder-large,pico-lm/pico-decoder-large@daa12d1eb44fa1ea4cc31aa35a8cb029917302e9,0,,Orth,ses-11,96,-0.0135899164778646,-0.000384452930753,-0.0091559783424342,pico-lm/pico-decoder-large,0.2136860995937111,0.5240498443952196,96,5.0,-0.06359756906838389,,569808384
ds001894,pico-decoder-large,pico-lm/pico-decoder-large@70ace66cdec9f20ba70c65109b42b9c263e0139b,1000,,Orth,ses-11,96,-0.007400222818064,0.0010511755684961,-0.004662649165137,pico-lm/pico-decoder-large,0.2136860995937111,0.5240498443952196,96,5.0,-0.03463127846001356,,569808384
ds001894,pico-decoder-large,pico-lm/pico-decoder-large@b7e416710019991ae8f34506fbea7a6ac31a8252,2000,,Orth,ses-11,96,-0.0243145329179629,-0.0166728088747635,-0.0163024362837341,pico-lm/pico-decoder-large,0.2136860995937111,0.5240498443952196,96,5.0,-0.11378621709223471,,569808384
ds001894,pico-decoder-large,pico-lm/pico-decoder-large@d43df3f024539a5db7dfcab339e807d4842bcffd,3000,,Orth,ses-11,96,-0.0154431787296404,-0.0082225061244227,-0.0103689251644135,pico-lm/pico-decoder-large,0.2136860995937111,0.5240498443952196,96,5.0,-0.07227039456007227,,569808384
ds001894,pico-decoder-large,pico-lm/pico-decoder-large@23e4297bb64e81b073da327cba679d797ca4fe1d,4000,,Orth,ses-11,96,-0.0089541309272501,-0.0045232119367179,-0.0059194652566929,pico-lm/pico-decoder-large,0.2136860995937111,0.5240498443952196,96,5.0,-0.04190319793507816,,569808384
ds001894,pico-decoder-large,pico-lm/pico-decoder-large@cab5aa27e02bdec8e8bf68239ae1e6758956e134,5000,,Orth,ses-11,96,-0.0081870073270346,-0.0092059696581269,-0.0056914605003405,pico-lm/pico-decoder-large,0.2136860995937111,0.5240498443952196,96,5.0,-0.038313242380299165,,569808384
ds001894,pico-decoder-large,pico-lm/pico-decoder-large@e556a1a2b5a081ce269a811dfdfa329e230c674f,7000,,Orth,ses-11,96,-0.0159724537040663,-0.0153893042550969,-0.0107454697282799,pico-lm/pico-decoder-large,0.2136860995937111,0.5240498443952196,96,5.0,-0.07474727525297756,,569808384
ds001894,pico-decoder-large,pico-lm/pico-decoder-large@1eb202826693ab699be3043f3579cbde8211a5ef,8000,,Orth,ses-11,96,0.0127326513975969,-0.0012410179564183,0.0083894205793052,pico-lm/pico-decoder-large,0.2136860995937111,0.5240498443952196,96,5.0,0.059585772878095196,,569808384
ds001894,pico-decoder-large,pico-lm/pico-decoder-large@94cc0caf8c3cb477f0dc32aa92a7b8e182f710bf,10000,,Orth,ses-11,96,-0.0023403885012883,0.0005136166394555,-0.0014761624394392,pico-lm/pico-decoder-large,0.2136860995937111,0.5240498443952196,96,5.0,-0.010952460200912287,,569808384
ds001894,pico-decoder-large,pico-lm/pico-decoder-large@10d61c2f23ed2b432c011ff4735614817452abfc,13000,,Orth,ses-11,96,-0.0021075391366453,0.00041103373768,-0.0014934792563773,pico-lm/pico-decoder-large,0.2136860995937111,0.5240498443952196,96,5.0,-0.009862780689302852,,569808384
ds001894,pico-decoder-large,pico-lm/pico-decoder-large@609cb555fe8ab89fe8deccc19ae52176c053de3c,16000,,Orth,ses-11,96,-0.0068038112923217,-0.0017302306741216,-0.0045200740390128,pico-lm/pico-decoder-large,0.2136860995937111,0.5240498443952196,96,5.0,-0.031840214713348344,,569808384
ds001894,pico-decoder-large,pico-lm/pico-decoder-large@2e9b09372c42b65faa9486c0d7b8191ff5b5c4de,20000,,Orth,ses-11,96,-0.0026001698635086,-0.0020598302567577,-0.0017078229682563,pico-lm/pico-decoder-large,0.2136860995937111,0.5240498443952196,96,5.0,-0.012168175040175259,,569808384
ds001894,pico-decoder-large,pico-lm/pico-decoder-large@020ad4d5ea0fe4c387769324ee38ad1d15bb3f85,24000,,Orth,ses-11,96,0.0100484639021541,0.0053568954710268,0.0065505670295501,pico-lm/pico-decoder-large,0.2136860995937111,0.5240498443952196,96,5.0,0.04702441535158159,,569808384
ds001894,pico-decoder-large,pico-lm/pico-decoder-large@dab022094801d1fd4c0c4deb04d7c0815ea0d9b4,30000,,Orth,ses-11,96,0.0091743595051332,0.0132916447545321,0.0061984584184743,pico-lm/pico-decoder-large,0.2136860995937111,0.5240498443952196,96,5.0,0.042933815173643634,,569808384
ds001894,pico-decoder-large,pico-lm/pico-decoder-large@22fe7c47349efbd4d073c95fe64e3b50251cb0fb,37000,,Orth,ses-11,96,0.0027146718260951,-0.0014595529142107,0.0017901740532511,pico-lm/pico-decoder-large,0.2136860995937111,0.5240498443952196,96,5.0,0.012704016926026546,,569808384
ds001894,pico-decoder-large,pico-lm/pico-decoder-large@5a81c54569b9cadfac8813c3db918fae371226c7,45000,,Orth,ses-11,96,0.0053438716253117,-0.0030980159774907,0.0034831815225715,pico-lm/pico-decoder-large,0.2136860995937111,0.5240498443952196,96,5.0,0.025008045144125853,,569808384
ds001894,pico-decoder-large,pico-lm/pico-decoder-large@ea63999d87b948bca4d4e9938706f51ccc88c365,55000,,Orth,ses-11,96,0.0044322130347091,0.0012223279734776,0.0028892147015927,pico-lm/pico-decoder-large,0.2136860995937111,0.5240498443952196,96,5.0,0.020741700293730958,,569808384
ds001894,pico-decoder-large,pico-lm/pico-decoder-large@6dc96c3465c47b8b192056175e156d703a132e5e,68000,,Orth,ses-11,96,0.0018190734663357,0.0017810352132137,0.0012829837260402,pico-lm/pico-decoder-large,0.2136860995937111,0.5240498443952196,96,5.0,0.008512830126968334,,569808384
ds001894,pico-decoder-large,pico-lm/pico-decoder-large@46310457a1f616890732dc9d54ca3b6f35263f47,83000,,Orth,ses-11,96,0.0264355975985433,0.0097346527446906,0.0177022123195683,pico-lm/pico-decoder-large,0.2136860995937111,0.5240498443952196,96,5.0,0.12371229410245324,,569808384
ds001894,pico-decoder-large,pico-lm/pico-decoder-large@1ca25b1c86203affda1776487d77204c79b5c4f7,102000,,Orth,ses-11,96,0.0079602685220075,0.0028857956510719,0.0054022696574733,pico-lm/pico-decoder-large,0.2136860995937111,0.5240498443952196,96,5.0,0.03725215883083943,,569808384
ds001894,pico-decoder-large,pico-lm/pico-decoder-large@dc35be996509151e2b2a2066a545a54a6e4900cb,125000,,Orth,ses-11,96,0.0241796833474418,0.0045383128255103,0.0161614004302266,pico-lm/pico-decoder-large,0.2136860995937111,0.5240498443952196,96,5.0,0.11315515325243657,,569808384
ds001894,pico-decoder-large,pico-lm/pico-decoder-large@daa12d1eb44fa1ea4cc31aa35a8cb029917302e9,0,,Orth,ses-11+,96,0.0150869580231473,0.0048596409996445,0.0100697290495376,pico-lm/pico-decoder-large,0.1742624769225749,0.5457342923093875,96,4.0,0.08657605635807908,,569808384
ds001894,pico-decoder-large,pico-lm/pico-decoder-large@70ace66cdec9f20ba70c65109b42b9c263e0139b,1000,,Orth,ses-11+,96,-0.0069609350505058,0.0050297729016719,-0.0046659201194475,pico-lm/pico-decoder-large,0.1742624769225749,0.5457342923093875,96,4.0,-0.03994511712121798,,569808384
ds001894,pico-decoder-large,pico-lm/pico-decoder-large@b7e416710019991ae8f34506fbea7a6ac31a8252,2000,,Orth,ses-11+,96,0.0026419890335634,0.0009955235376241,0.0016830021973116,pico-lm/pico-decoder-large,0.1742624769225749,0.5457342923093875,96,4.0,0.015160974870896847,,569808384
ds001894,pico-decoder-large,pico-lm/pico-decoder-large@d43df3f024539a5db7dfcab339e807d4842bcffd,3000,,Orth,ses-11+,96,0.0007489227814771,0.006828314801151,0.0004273405602182,pico-lm/pico-decoder-large,0.1742624769225749,0.5457342923093875,96,4.0,0.004297670931246131,,569808384
ds001894,pico-decoder-large,pico-lm/pico-decoder-large@23e4297bb64e81b073da327cba679d797ca4fe1d,4000,,Orth,ses-11+,96,0.020323912003679,0.00984339101272,0.0136648926549758,pico-lm/pico-decoder-large,0.1742624769225749,0.5457342923093875,96,4.0,0.11662815978857541,,569808384
ds001894,pico-decoder-large,pico-lm/pico-decoder-large@cab5aa27e02bdec8e8bf68239ae1e6758956e134,5000,,Orth,ses-11+,96,-0.0001419349999816,-0.0075120829398673,-0.0001945255769386,pico-lm/pico-decoder-large,0.1742624769225749,0.5457342923093875,96,4.0,-0.0008144897426464444,,569808384
ds001894,pico-decoder-large,pico-lm/pico-decoder-large@e556a1a2b5a081ce269a811dfdfa329e230c674f,7000,,Orth,ses-11+,96,-0.0034462784234199,-0.0092553497843499,-0.0022958251078452,pico-lm/pico-decoder-large,0.1742624769225749,0.5457342923093875,96,4.0,-0.019776365424617984,,569808384
ds001894,pico-decoder-large,pico-lm/pico-decoder-large@1eb202826693ab699be3043f3579cbde8211a5ef,8000,,Orth,ses-11+,96,-0.0095464427601772,-0.0113401449589148,-0.0063920219500275,pico-lm/pico-decoder-large,0.1742624769225749,0.5457342923093875,96,4.0,-0.05478197560808629,,569808384
ds001894,pico-decoder-large,pico-lm/pico-decoder-large@94cc0caf8c3cb477f0dc32aa92a7b8e182f710bf,10000,,Orth,ses-11+,96,0.0006998949152826,-0.0067297465544145,0.0005912730938994,pico-lm/pico-decoder-large,0.1742624769225749,0.5457342923093875,96,4.0,0.004016325990784375,,569808384
ds001894,pico-decoder-large,pico-lm/pico-decoder-large@10d61c2f23ed2b432c011ff4735614817452abfc,13000,,Orth,ses-11+,96,-0.0109117999296448,-0.0125371343515271,-0.0073382897911591,pico-lm/pico-decoder-large,0.1742624769225749,0.5457342923093875,96,4.0,-0.06261703679612525,,569808384
ds001894,pico-decoder-large,pico-lm/pico-decoder-large@609cb555fe8ab89fe8deccc19ae52176c053de3c,16000,,Orth,ses-11+,96,0.0031128581292834,-0.0030238993194349,0.0022675409735129,pico-lm/pico-decoder-large,0.1742624769225749,0.5457342923093875,96,4.0,0.017863043061567684,,569808384
ds001894,pico-decoder-large,pico-lm/pico-decoder-large@2e9b09372c42b65faa9486c0d7b8191ff5b5c4de,20000,,Orth,ses-11+,96,0.0063747099844473,-0.0039421383226179,0.0043624910048756,pico-lm/pico-decoder-large,0.1742624769225749,0.5457342923093875,96,4.0,0.03658108215275509,,569808384
ds001894,pico-decoder-large,pico-lm/pico-decoder-large@020ad4d5ea0fe4c387769324ee38ad1d15bb3f85,24000,,Orth,ses-11+,96,0.0128000290403133,0.0042470614608852,0.0086961206481877,pico-lm/pico-decoder-large,0.1742624769225749,0.5457342923093875,96,4.0,0.07345258294475163,,569808384
ds001894,pico-decoder-large,pico-lm/pico-decoder-large@dab022094801d1fd4c0c4deb04d7c0815ea0d9b4,30000,,Orth,ses-11+,96,0.0181235798878096,0.0108634686742574,0.0121929632152326,pico-lm/pico-decoder-large,0.1742624769225749,0.5457342923093875,96,4.0,0.10400161990043293,,569808384
ds001894,pico-decoder-large,pico-lm/pico-decoder-large@22fe7c47349efbd4d073c95fe64e3b50251cb0fb,37000,,Orth,ses-11+,96,0.0101492780745195,-0.005619432075059,0.0067741463771294,pico-lm/pico-decoder-large,0.1742624769225749,0.5457342923093875,96,4.0,0.058241327988404756,,569808384
ds001894,pico-decoder-large,pico-lm/pico-decoder-large@5a81c54569b9cadfac8813c3db918fae371226c7,45000,,Orth,ses-11+,96,0.0117173328702083,-0.0044769777675671,0.0078356672554384,pico-lm/pico-decoder-large,0.1742624769225749,0.5457342923093875,96,4.0,0.06723956342830091,,569808384
ds001894,pico-decoder-large,pico-lm/pico-decoder-large@ea63999d87b948bca4d4e9938706f51ccc88c365,55000,,Orth,ses-11+,96,0.0093130028798007,-0.0046794130626935,0.0061592069667478,pico-lm/pico-decoder-large,0.1742624769225749,0.5457342923093875,96,4.0,0.05344238785231133,,569808384
ds001894,pico-decoder-large,pico-lm/pico-decoder-large@6dc96c3465c47b8b192056175e156d703a132e5e,68000,,Orth,ses-11+,96,0.0141740275330327,-0.0020618465139468,0.0094101507332709,pico-lm/pico-decoder-large,0.1742624769225749,0.5457342923093875,96,4.0,0.08133723210723237,,569808384
ds001894,pico-decoder-large,pico-lm/pico-decoder-large@46310457a1f616890732dc9d54ca3b6f35263f47,83000,,Orth,ses-11+,96,0.0084436905698466,-0.0162534528360327,0.0059104220300696,pico-lm/pico-decoder-large,0.1742624769225749,0.5457342923093875,96,4.0,0.048453865220785,,569808384
ds001894,pico-decoder-large,pico-lm/pico-decoder-large@1ca25b1c86203affda1776487d77204c79b5c4f7,102000,,Orth,ses-11+,96,0.0038705050023984,-0.0131406736853256,0.0024997787295613,pico-lm/pico-decoder-large,0.1742624769225749,0.5457342923093875,96,4.0,0.022210776931158114,,569808384
ds001894,pico-decoder-large,pico-lm/pico-decoder-large@dc35be996509151e2b2a2066a545a54a6e4900cb,125000,,Orth,ses-11+,96,0.0057795792172186,-0.0079662618251684,0.0037011810069151,pico-lm/pico-decoder-large,0.1742624769225749,0.5457342923093875,96,4.0,0.03316594208509085,,569808384
ds001894,pico-decoder-large,pico-lm/pico-decoder-large@daa12d1eb44fa1ea4cc31aa35a8cb029917302e9,0,,Orth,ses-7,96,0.0236768323701316,0.010840840237437,0.0156070698791286,pico-lm/pico-decoder-large,,,96,,,,569808384
ds001894,pico-decoder-large,pico-lm/pico-decoder-large@70ace66cdec9f20ba70c65109b42b9c263e0139b,1000,,Orth,ses-7,96,-0.0120968073168245,-0.012246206765986,-0.008100229736438,pico-lm/pico-decoder-large,,,96,,,,569808384
ds001894,pico-decoder-large,pico-lm/pico-decoder-large@b7e416710019991ae8f34506fbea7a6ac31a8252,2000,,Orth,ses-7,96,0.0052718605982138,0.0009073744306133,0.003579963288348,pico-lm/pico-decoder-large,,,96,,,,569808384
ds001894,pico-decoder-large,pico-lm/pico-decoder-large@d43df3f024539a5db7dfcab339e807d4842bcffd,3000,,Orth,ses-7,96,-0.007588953975186,-0.0045340984286601,-0.0050057145495895,pico-lm/pico-decoder-large,,,96,,,,569808384
ds001894,pico-decoder-large,pico-lm/pico-decoder-large@23e4297bb64e81b073da327cba679d797ca4fe1d,4000,,Orth,ses-7,96,0.0084429761546481,-0.0030843738248289,0.0052972143013818,pico-lm/pico-decoder-large,,,96,,,,569808384
ds001894,pico-decoder-large,pico-lm/pico-decoder-large@cab5aa27e02bdec8e8bf68239ae1e6758956e134,5000,,Orth,ses-7,96,0.0076889202145434,0.0017447369201041,0.0049614604618587,pico-lm/pico-decoder-large,,,96,,,,569808384
ds001894,pico-decoder-large,pico-lm/pico-decoder-large@e556a1a2b5a081ce269a811dfdfa329e230c674f,7000,,Orth,ses-7,96,0.0117615952263406,0.0074196592759121,0.0079355275664484,pico-lm/pico-decoder-large,,,96,,,,569808384
ds001894,pico-decoder-large,pico-lm/pico-decoder-large@1eb202826693ab699be3043f3579cbde8211a5ef,8000,,Orth,ses-7,96,0.0004498984468603,-0.0041401426250509,0.0003351766122918,pico-lm/pico-decoder-large,,,96,,,,569808384
ds001894,pico-decoder-large,pico-lm/pico-decoder-large@94cc0caf8c3cb477f0dc32aa92a7b8e182f710bf,10000,,Orth,ses-7,96,-0.0008562381954278,-0.0016083725364809,-0.0005933895937474,pico-lm/pico-decoder-large,,,96,,,,569808384
ds001894,pico-decoder-large,pico-lm/pico-decoder-large@10d61c2f23ed2b432c011ff4735614817452abfc,13000,,Orth,ses-7,96,-0.0130372695589233,-0.0060425691974488,-0.0085391148412817,pico-lm/pico-decoder-large,,,96,,,,569808384
ds001894,pico-decoder-large,pico-lm/pico-decoder-large@609cb555fe8ab89fe8deccc19ae52176c053de3c,16000,,Orth,ses-7,96,-0.0006956848646193,0.0050776679174128,-0.0003986716077317,pico-lm/pico-decoder-large,,,96,,,,569808384
ds001894,pico-decoder-large,pico-lm/pico-decoder-large@2e9b09372c42b65faa9486c0d7b8191ff5b5c4de,20000,,Orth,ses-7,96,0.0052107226034218,0.0007153560120229,0.0035153138384456,pico-lm/pico-decoder-large,,,96,,,,569808384
ds001894,pico-decoder-large,pico-lm/pico-decoder-large@020ad4d5ea0fe4c387769324ee38ad1d15bb3f85,24000,,Orth,ses-7,96,0.003717858583611,-0.0022691522093988,0.0025430707719067,pico-lm/pico-decoder-large,,,96,,,,569808384
ds001894,pico-decoder-large,pico-lm/pico-decoder-large@dab022094801d1fd4c0c4deb04d7c0815ea0d9b4,30000,,Orth,ses-7,96,0.0123890392018185,0.0093167974751198,0.0082899450864493,pico-lm/pico-decoder-large,,,96,,,,569808384
ds001894,pico-decoder-large,pico-lm/pico-decoder-large@22fe7c47349efbd4d073c95fe64e3b50251cb0fb,37000,,Orth,ses-7,96,0.0102083717914192,-0.0022392211696653,0.0068647710524391,pico-lm/pico-decoder-large,,,96,,,,569808384
ds001894,pico-decoder-large,pico-lm/pico-decoder-large@5a81c54569b9cadfac8813c3db918fae371226c7,45000,,Orth,ses-7,96,0.0060809437203803,0.0016099362500897,0.0041077413868076,pico-lm/pico-decoder-large,,,96,,,,569808384
ds001894,pico-decoder-large,pico-lm/pico-decoder-large@ea63999d87b948bca4d4e9938706f51ccc88c365,55000,,Orth,ses-7,96,0.0107128668728649,0.0019056536788432,0.0070063841331778,pico-lm/pico-decoder-large,,,96,,,,569808384
ds001894,pico-decoder-large,pico-lm/pico-decoder-large@6dc96c3465c47b8b192056175e156d703a132e5e,68000,,Orth,ses-7,96,0.0082370171502753,-0.0065264609188775,0.005229678715323,pico-lm/pico-decoder-large,,,96,,,,569808384
ds001894,pico-decoder-large,pico-lm/pico-decoder-large@46310457a1f616890732dc9d54ca3b6f35263f47,83000,,Orth,ses-7,96,0.0090170347741705,-0.0034067523100346,0.0059390909825561,pico-lm/pico-decoder-large,,,96,,,,569808384
ds001894,pico-decoder-large,pico-lm/pico-decoder-large@1ca25b1c86203affda1776487d77204c79b5c4f7,102000,,Orth,ses-7,96,0.0075831689205995,-0.0034312964302063,0.0048689116957781,pico-lm/pico-decoder-large,,,96,,,,569808384
ds001894,pico-decoder-large,pico-lm/pico-decoder-large@dc35be996509151e2b2a2066a545a54a6e4900cb,125000,,Orth,ses-7,96,0.0052326771076851,-0.0004948894195352,0.0033869769840261,pico-lm/pico-decoder-large,,,96,,,,569808384
ds001894,pico-decoder-large,pico-lm/pico-decoder-large@daa12d1eb44fa1ea4cc31aa35a8cb029917302e9,0,,Orth,ses-9,96,0.0019506063532238,-0.002356174983521,0.0013326252679296,pico-lm/pico-decoder-large,0.1650755388561307,0.607179038133363,96,3.0,0.011816446983849158,,569808384
ds001894,pico-decoder-large,pico-lm/pico-decoder-large@70ace66cdec9f20ba70c65109b42b9c263e0139b,1000,,Orth,ses-9,96,0.0020810378131016,0.0077821275542558,0.0012600870458664,pico-lm/pico-decoder-large,0.1650755388561307,0.607179038133363,96,3.0,0.012606578948776292,,569808384
ds001894,pico-decoder-large,pico-lm/pico-decoder-large@b7e416710019991ae8f34506fbea7a6ac31a8252,2000,,Orth,ses-9,96,-0.0076882750261143,-0.0090935953592951,-0.0048987351027272,pico-lm/pico-decoder-large,0.1650755388561307,0.607179038133363,96,3.0,-0.04657428398773794,,569808384
ds001894,pico-decoder-large,pico-lm/pico-decoder-large@d43df3f024539a5db7dfcab339e807d4842bcffd,3000,,Orth,ses-9,96,-0.0144661407074056,-0.0108329958245862,-0.0095677337674082,pico-lm/pico-decoder-large,0.1650755388561307,0.607179038133363,96,3.0,-0.08763346046087038,,569808384
ds001894,pico-decoder-large,pico-lm/pico-decoder-large@23e4297bb64e81b073da327cba679d797ca4fe1d,4000,,Orth,ses-9,96,-0.0030628662771603,-0.0098003290848281,-0.0023156432427856,pico-lm/pico-decoder-large,0.1650755388561307,0.607179038133363,96,3.0,-0.01855433154048159,,569808384
ds001894,pico-decoder-large,pico-lm/pico-decoder-large@cab5aa27e02bdec8e8bf68239ae1e6758956e134,5000,,Orth,ses-9,96,0.0044620912830965,-0.0006426952876071,0.0032367054948184,pico-lm/pico-decoder-large,0.1650755388561307,0.607179038133363,96,3.0,0.027030602559385702,,569808384
ds001894,pico-decoder-large,pico-lm/pico-decoder-large@e556a1a2b5a081ce269a811dfdfa329e230c674f,7000,,Orth,ses-9,96,-0.0129361177320406,-0.0062458542068469,-0.0086212735171994,pico-lm/pico-decoder-large,0.1650755388561307,0.607179038133363,96,3.0,-0.07836483722349012,,569808384
ds001894,pico-decoder-large,pico-lm/pico-decoder-large@1eb202826693ab699be3043f3579cbde8211a5ef,8000,,Orth,ses-9,96,-0.0014200103751057,-0.0046042345501371,-0.0008077333056264,pico-lm/pico-decoder-large,0.1650755388561307,0.607179038133363,96,3.0,-0.008602185308286592,,569808384
ds001894,pico-decoder-large,pico-lm/pico-decoder-large@94cc0caf8c3cb477f0dc32aa92a7b8e182f710bf,10000,,Orth,ses-9,96,-0.0207662857411577,-0.0083582459045715,-0.0137368536498077,pico-lm/pico-decoder-large,0.1650755388561307,0.607179038133363,96,3.0,-0.12579868516592438,,569808384
ds001894,pico-decoder-large,pico-lm/pico-decoder-large@10d61c2f23ed2b432c011ff4735614817452abfc,13000,,Orth,ses-9,96,-0.0173008707353187,-0.0095630856319384,-0.0115418508983579,pico-lm/pico-decoder-large,0.1650755388561307,0.607179038133363,96,3.0,-0.10480578076681026,,569808384
ds001894,pico-decoder-large,pico-lm/pico-decoder-large@609cb555fe8ab89fe8deccc19ae52176c053de3c,16000,,Orth,ses-9,96,-0.0236594745486719,-0.0081755499207216,-0.0157229001435371,pico-lm/pico-decoder-large,0.1650755388561307,0.607179038133363,96,3.0,-0.14332513897950677,,569808384
ds001894,pico-decoder-large,pico-lm/pico-decoder-large@2e9b09372c42b65faa9486c0d7b8191ff5b5c4de,20000,,Orth,ses-9,96,-0.0167384648667981,-0.0094928192160307,-0.0111731951066523,pico-lm/pico-decoder-large,0.1650755388561307,0.607179038133363,96,3.0,-0.10139882009645462,,569808384
ds001894,pico-decoder-large,pico-lm/pico-decoder-large@020ad4d5ea0fe4c387769324ee38ad1d15bb3f85,24000,,Orth,ses-9,96,-0.0071504311191353,-0.0062717999966005,-0.0048846892400995,pico-lm/pico-decoder-large,0.1650755388561307,0.607179038133363,96,3.0,-0.04331611557159392,,569808384
ds001894,pico-decoder-large,pico-lm/pico-decoder-large@dab022094801d1fd4c0c4deb04d7c0815ea0d9b4,30000,,Orth,ses-9,96,0.0001733148491362,0.0047448233400619,2.482077094469009e-05,pico-lm/pico-decoder-large,0.1650755388561307,0.607179038133363,96,3.0,0.0010499123633771698,,569808384
ds001894,pico-decoder-large,pico-lm/pico-decoder-large@22fe7c47349efbd4d073c95fe64e3b50251cb0fb,37000,,Orth,ses-9,96,-0.0106435708766357,-0.0095731079172922,-0.007064106856305,pico-lm/pico-decoder-large,0.1650755388561307,0.607179038133363,96,3.0,-0.06447697187838325,,569808384
ds001894,pico-decoder-large,pico-lm/pico-decoder-large@5a81c54569b9cadfac8813c3db918fae371226c7,45000,,Orth,ses-9,96,-0.0113262932501487,-0.009065046825984,-0.0075380104131792,pico-lm/pico-decoder-large,0.1650755388561307,0.607179038133363,96,3.0,-0.06861278980903388,,569808384
ds001894,pico-decoder-large,pico-lm/pico-decoder-large@ea63999d87b948bca4d4e9938706f51ccc88c365,55000,,Orth,ses-9,96,0.000444675938874,-0.0025201636423221,0.0004283026056037,pico-lm/pico-decoder-large,0.1650755388561307,0.607179038133363,96,3.0,0.002693772450814479,,569808384
ds001894,pico-decoder-large,pico-lm/pico-decoder-large@6dc96c3465c47b8b192056175e156d703a132e5e,68000,,Orth,ses-9,96,-0.0009010924594226,-0.0015515931580713,-0.0005687612318798,pico-lm/pico-decoder-large,0.1650755388561307,0.607179038133363,96,3.0,-0.00545866738140976,,569808384
ds001894,pico-decoder-large,pico-lm/pico-decoder-large@46310457a1f616890732dc9d54ca3b6f35263f47,83000,,Orth,ses-9,96,0.0035924368891245,0.0002237837543201,0.0023121798793979,pico-lm/pico-decoder-large,0.1650755388561307,0.607179038133363,96,3.0,0.02176238171941052,,569808384
ds001894,pico-decoder-large,pico-lm/pico-decoder-large@1ca25b1c86203affda1776487d77204c79b5c4f7,102000,,Orth,ses-9,96,-0.0146024602394024,-0.0018054699307471,-0.010049333687366,pico-lm/pico-decoder-large,0.1650755388561307,0.607179038133363,96,3.0,-0.08845926138171793,,569808384
ds001894,pico-decoder-large,pico-lm/pico-decoder-large@dc35be996509151e2b2a2066a545a54a6e4900cb,125000,,Orth,ses-9,96,-0.0072795537248088,0.0015007553112329,-0.0049870508691118,pico-lm/pico-decoder-large,0.1650755388561307,0.607179038133363,96,3.0,-0.04409831871670093,,569808384
ds001894,pico-decoder-large,pico-lm/pico-decoder-large@daa12d1eb44fa1ea4cc31aa35a8cb029917302e9,0,,Phon,ses-11,96,-0.0135899164778646,-0.000384452930753,-0.0091559783424342,pico-lm/pico-decoder-large,0.2136860995937111,0.5240498443952196,96,5.0,-0.06359756906838389,,569808384
ds001894,pico-decoder-large,pico-lm/pico-decoder-large@70ace66cdec9f20ba70c65109b42b9c263e0139b,1000,,Phon,ses-11,96,-0.007400222818064,0.0010511755684961,-0.004662649165137,pico-lm/pico-decoder-large,0.2136860995937111,0.5240498443952196,96,5.0,-0.03463127846001356,,569808384
ds001894,pico-decoder-large,pico-lm/pico-decoder-large@b7e416710019991ae8f34506fbea7a6ac31a8252,2000,,Phon,ses-11,96,-0.0243145329179629,-0.0166728088747635,-0.0163024362837341,pico-lm/pico-decoder-large,0.2136860995937111,0.5240498443952196,96,5.0,-0.11378621709223471,,569808384
ds001894,pico-decoder-large,pico-lm/pico-decoder-large@d43df3f024539a5db7dfcab339e807d4842bcffd,3000,,Phon,ses-11,96,-0.0154431787296404,-0.0082225061244227,-0.0103689251644135,pico-lm/pico-decoder-large,0.2136860995937111,0.5240498443952196,96,5.0,-0.07227039456007227,,569808384
ds001894,pico-decoder-large,pico-lm/pico-decoder-large@23e4297bb64e81b073da327cba679d797ca4fe1d,4000,,Phon,ses-11,96,-0.0089541309272501,-0.0045232119367179,-0.0059194652566929,pico-lm/pico-decoder-large,0.2136860995937111,0.5240498443952196,96,5.0,-0.04190319793507816,,569808384
ds001894,pico-decoder-large,pico-lm/pico-decoder-large@cab5aa27e02bdec8e8bf68239ae1e6758956e134,5000,,Phon,ses-11,96,-0.0081870073270346,-0.0092059696581269,-0.0056914605003405,pico-lm/pico-decoder-large,0.2136860995937111,0.5240498443952196,96,5.0,-0.038313242380299165,,569808384
ds001894,pico-decoder-large,pico-lm/pico-decoder-large@e556a1a2b5a081ce269a811dfdfa329e230c674f,7000,,Phon,ses-11,96,-0.0159724537040663,-0.0153893042550969,-0.0107454697282799,pico-lm/pico-decoder-large,0.2136860995937111,0.5240498443952196,96,5.0,-0.07474727525297756,,569808384
ds001894,pico-decoder-large,pico-lm/pico-decoder-large@1eb202826693ab699be3043f3579cbde8211a5ef,8000,,Phon,ses-11,96,0.0127326513975969,-0.0012410179564183,0.0083894205793052,pico-lm/pico-decoder-large,0.2136860995937111,0.5240498443952196,96,5.0,0.059585772878095196,,569808384
ds001894,pico-decoder-large,pico-lm/pico-decoder-large@94cc0caf8c3cb477f0dc32aa92a7b8e182f710bf,10000,,Phon,ses-11,96,-0.0023403885012883,0.0005136166394555,-0.0014761624394392,pico-lm/pico-decoder-large,0.2136860995937111,0.5240498443952196,96,5.0,-0.010952460200912287,,569808384
ds001894,pico-decoder-large,pico-lm/pico-decoder-large@10d61c2f23ed2b432c011ff4735614817452abfc,13000,,Phon,ses-11,96,-0.0021075391366453,0.00041103373768,-0.0014934792563773,pico-lm/pico-decoder-large,0.2136860995937111,0.5240498443952196,96,5.0,-0.009862780689302852,,569808384
ds001894,pico-decoder-large,pico-lm/pico-decoder-large@609cb555fe8ab89fe8deccc19ae52176c053de3c,16000,,Phon,ses-11,96,-0.0068038112923217,-0.0017302306741216,-0.0045200740390128,pico-lm/pico-decoder-large,0.2136860995937111,0.5240498443952196,96,5.0,-0.031840214713348344,,569808384
ds001894,pico-decoder-large,pico-lm/pico-decoder-large@2e9b09372c42b65faa9486c0d7b8191ff5b5c4de,20000,,Phon,ses-11,96,-0.0026001698635086,-0.0020598302567577,-0.0017078229682563,pico-lm/pico-decoder-large,0.2136860995937111,0.5240498443952196,96,5.0,-0.012168175040175259,,569808384
ds001894,pico-decoder-large,pico-lm/pico-decoder-large@020ad4d5ea0fe4c387769324ee38ad1d15bb3f85,24000,,Phon,ses-11,96,0.0100484639021541,0.0053568954710268,0.0065505670295501,pico-lm/pico-decoder-large,0.2136860995937111,0.5240498443952196,96,5.0,0.04702441535158159,,569808384
ds001894,pico-decoder-large,pico-lm/pico-decoder-large@dab022094801d1fd4c0c4deb04d7c0815ea0d9b4,30000,,Phon,ses-11,96,0.0091743595051332,0.0132916447545321,0.0061984584184743,pico-lm/pico-decoder-large,0.2136860995937111,0.5240498443952196,96,5.0,0.042933815173643634,,569808384
ds001894,pico-decoder-large,pico-lm/pico-decoder-large@22fe7c47349efbd4d073c95fe64e3b50251cb0fb,37000,,Phon,ses-11,96,0.0027146718260951,-0.0014595529142107,0.0017901740532511,pico-lm/pico-decoder-large,0.2136860995937111,0.5240498443952196,96,5.0,0.012704016926026546,,569808384
ds001894,pico-decoder-large,pico-lm/pico-decoder-large@5a81c54569b9cadfac8813c3db918fae371226c7,45000,,Phon,ses-11,96,0.0053438716253117,-0.0030980159774907,0.0034831815225715,pico-lm/pico-decoder-large,0.2136860995937111,0.5240498443952196,96,5.0,0.025008045144125853,,569808384
ds001894,pico-decoder-large,pico-lm/pico-decoder-large@ea63999d87b948bca4d4e9938706f51ccc88c365,55000,,Phon,ses-11,96,0.0044322130347091,0.0012223279734776,0.0028892147015927,pico-lm/pico-decoder-large,0.2136860995937111,0.5240498443952196,96,5.0,0.020741700293730958,,569808384
ds001894,pico-decoder-large,pico-lm/pico-decoder-large@6dc96c3465c47b8b192056175e156d703a132e5e,68000,,Phon,ses-11,96,0.0018190734663357,0.0017810352132137,0.0012829837260402,pico-lm/pico-decoder-large,0.2136860995937111,0.5240498443952196,96,5.0,0.008512830126968334,,569808384
ds001894,pico-decoder-large,pico-lm/pico-decoder-large@46310457a1f616890732dc9d54ca3b6f35263f47,83000,,Phon,ses-11,96,0.0264355975985433,0.0097346527446906,0.0177022123195683,pico-lm/pico-decoder-large,0.2136860995937111,0.5240498443952196,96,5.0,0.12371229410245324,,569808384
ds001894,pico-decoder-large,pico-lm/pico-decoder-large@1ca25b1c86203affda1776487d77204c79b5c4f7,102000,,Phon,ses-11,96,0.0079602685220075,0.0028857956510719,0.0054022696574733,pico-lm/pico-decoder-large,0.2136860995937111,0.5240498443952196,96,5.0,0.03725215883083943,,569808384
ds001894,pico-decoder-large,pico-lm/pico-decoder-large@dc35be996509151e2b2a2066a545a54a6e4900cb,125000,,Phon,ses-11,96,0.0241796833474418,0.0045383128255103,0.0161614004302266,pico-lm/pico-decoder-large,0.2136860995937111,0.5240498443952196,96,5.0,0.11315515325243657,,569808384
ds001894,pico-decoder-large,pico-lm/pico-decoder-large@daa12d1eb44fa1ea4cc31aa35a8cb029917302e9,0,,Phon,ses-11+,96,0.0150869580231473,0.0048596409996445,0.0100697290495376,pico-lm/pico-decoder-large,0.1742624769225749,0.5457342923093875,96,4.0,0.08657605635807908,,569808384
ds001894,pico-decoder-large,pico-lm/pico-decoder-large@70ace66cdec9f20ba70c65109b42b9c263e0139b,1000,,Phon,ses-11+,96,-0.0069609350505058,0.0050297729016719,-0.0046659201194475,pico-lm/pico-decoder-large,0.1742624769225749,0.5457342923093875,96,4.0,-0.03994511712121798,,569808384
ds001894,pico-decoder-large,pico-lm/pico-decoder-large@b7e416710019991ae8f34506fbea7a6ac31a8252,2000,,Phon,ses-11+,96,0.0026419890335634,0.0009955235376241,0.0016830021973116,pico-lm/pico-decoder-large,0.1742624769225749,0.5457342923093875,96,4.0,0.015160974870896847,,569808384
ds001894,pico-decoder-large,pico-lm/pico-decoder-large@d43df3f024539a5db7dfcab339e807d4842bcffd,3000,,Phon,ses-11+,96,0.0007489227814771,0.006828314801151,0.0004273405602182,pico-lm/pico-decoder-large,0.1742624769225749,0.5457342923093875,96,4.0,0.004297670931246131,,569808384
ds001894,pico-decoder-large,pico-lm/pico-decoder-large@23e4297bb64e81b073da327cba679d797ca4fe1d,4000,,Phon,ses-11+,96,0.020323912003679,0.00984339101272,0.0136648926549758,pico-lm/pico-decoder-large,0.1742624769225749,0.5457342923093875,96,4.0,0.11662815978857541,,569808384
ds001894,pico-decoder-large,pico-lm/pico-decoder-large@cab5aa27e02bdec8e8bf68239ae1e6758956e134,5000,,Phon,ses-11+,96,-0.0001419349999816,-0.0075120829398673,-0.0001945255769386,pico-lm/pico-decoder-large,0.1742624769225749,0.5457342923093875,96,4.0,-0.0008144897426464444,,569808384
ds001894,pico-decoder-large,pico-lm/pico-decoder-large@e556a1a2b5a081ce269a811dfdfa329e230c674f,7000,,Phon,ses-11+,96,-0.0034462784234199,-0.0092553497843499,-0.0022958251078452,pico-lm/pico-decoder-large,0.1742624769225749,0.5457342923093875,96,4.0,-0.019776365424617984,,569808384
ds001894,pico-decoder-large,pico-lm/pico-decoder-large@1eb202826693ab699be3043f3579cbde8211a5ef,8000,,Phon,ses-11+,96,-0.0095464427601772,-0.0113401449589148,-0.0063920219500275,pico-lm/pico-decoder-large,0.1742624769225749,0.5457342923093875,96,4.0,-0.05478197560808629,,569808384
ds001894,pico-decoder-large,pico-lm/pico-decoder-large@94cc0caf8c3cb477f0dc32aa92a7b8e182f710bf,10000,,Phon,ses-11+,96,0.0006998949152826,-0.0067297465544145,0.0005912730938994,pico-lm/pico-decoder-large,0.1742624769225749,0.5457342923093875,96,4.0,0.004016325990784375,,569808384
ds001894,pico-decoder-large,pico-lm/pico-decoder-large@10d61c2f23ed2b432c011ff4735614817452abfc,13000,,Phon,ses-11+,96,-0.0109117999296448,-0.0125371343515271,-0.0073382897911591,pico-lm/pico-decoder-large,0.1742624769225749,0.5457342923093875,96,4.0,-0.06261703679612525,,569808384
ds001894,pico-decoder-large,pico-lm/pico-decoder-large@609cb555fe8ab89fe8deccc19ae52176c053de3c,16000,,Phon,ses-11+,96,0.0031128581292834,-0.0030238993194349,0.0022675409735129,pico-lm/pico-decoder-large,0.1742624769225749,0.5457342923093875,96,4.0,0.017863043061567684,,569808384
ds001894,pico-decoder-large,pico-lm/pico-decoder-large@2e9b09372c42b65faa9486c0d7b8191ff5b5c4de,20000,,Phon,ses-11+,96,0.0063747099844473,-0.0039421383226179,0.0043624910048756,pico-lm/pico-decoder-large,0.1742624769225749,0.5457342923093875,96,4.0,0.03658108215275509,,569808384
ds001894,pico-decoder-large,pico-lm/pico-decoder-large@020ad4d5ea0fe4c387769324ee38ad1d15bb3f85,24000,,Phon,ses-11+,96,0.0128000290403133,0.0042470614608852,0.0086961206481877,pico-lm/pico-decoder-large,0.1742624769225749,0.5457342923093875,96,4.0,0.07345258294475163,,569808384
ds001894,pico-decoder-large,pico-lm/pico-decoder-large@dab022094801d1fd4c0c4deb04d7c0815ea0d9b4,30000,,Phon,ses-11+,96,0.0181235798878096,0.0108634686742574,0.0121929632152326,pico-lm/pico-decoder-large,0.1742624769225749,0.5457342923093875,96,4.0,0.10400161990043293,,569808384
ds001894,pico-decoder-large,pico-lm/pico-decoder-large@22fe7c47349efbd4d073c95fe64e3b50251cb0fb,37000,,Phon,ses-11+,96,0.0101492780745195,-0.005619432075059,0.0067741463771294,pico-lm/pico-decoder-large,0.1742624769225749,0.5457342923093875,96,4.0,0.058241327988404756,,569808384
ds001894,pico-decoder-large,pico-lm/pico-decoder-large@5a81c54569b9cadfac8813c3db918fae371226c7,45000,,Phon,ses-11+,96,0.0117173328702083,-0.0044769777675671,0.0078356672554384,pico-lm/pico-decoder-large,0.1742624769225749,0.5457342923093875,96,4.0,0.06723956342830091,,569808384
ds001894,pico-decoder-large,pico-lm/pico-decoder-large@ea63999d87b948bca4d4e9938706f51ccc88c365,55000,,Phon,ses-11+,96,0.0093130028798007,-0.0046794130626935,0.0061592069667478,pico-lm/pico-decoder-large,0.1742624769225749,0.5457342923093875,96,4.0,0.05344238785231133,,569808384
ds001894,pico-decoder-large,pico-lm/pico-decoder-large@6dc96c3465c47b8b192056175e156d703a132e5e,68000,,Phon,ses-11+,96,0.0141740275330327,-0.0020618465139468,0.0094101507332709,pico-lm/pico-decoder-large,0.1742624769225749,0.5457342923093875,96,4.0,0.08133723210723237,,569808384
ds001894,pico-decoder-large,pico-lm/pico-decoder-large@46310457a1f616890732dc9d54ca3b6f35263f47,83000,,Phon,ses-11+,96,0.0084436905698466,-0.0162534528360327,0.0059104220300696,pico-lm/pico-decoder-large,0.1742624769225749,0.5457342923093875,96,4.0,0.048453865220785,,569808384
ds001894,pico-decoder-large,pico-lm/pico-decoder-large@1ca25b1c86203affda1776487d77204c79b5c4f7,102000,,Phon,ses-11+,96,0.0038705050023984,-0.0131406736853256,0.0024997787295613,pico-lm/pico-decoder-large,0.1742624769225749,0.5457342923093875,96,4.0,0.022210776931158114,,569808384
ds001894,pico-decoder-large,pico-lm/pico-decoder-large@dc35be996509151e2b2a2066a545a54a6e4900cb,125000,,Phon,ses-11+,96,0.0057795792172186,-0.0079662618251684,0.0037011810069151,pico-lm/pico-decoder-large,0.1742624769225749,0.5457342923093875,96,4.0,0.03316594208509085,,569808384
ds001894,pico-decoder-large,pico-lm/pico-decoder-large@daa12d1eb44fa1ea4cc31aa35a8cb029917302e9,0,,Phon,ses-7,96,0.0236768323701316,0.010840840237437,0.0156070698791286,pico-lm/pico-decoder-large,,,96,,,0.0081448036195669,569808384
ds001894,pico-decoder-large,pico-lm/pico-decoder-large@70ace66cdec9f20ba70c65109b42b9c263e0139b,1000,,Phon,ses-7,96,-0.0120968073168245,-0.012246206765986,-0.008100229736438,pico-lm/pico-decoder-large,,,96,,,0.0081448036195669,569808384
ds001894,pico-decoder-large,pico-lm/pico-decoder-large@b7e416710019991ae8f34506fbea7a6ac31a8252,2000,,Phon,ses-7,96,0.0052718605982138,0.0009073744306133,0.003579963288348,pico-lm/pico-decoder-large,,,96,,,0.0081448036195669,569808384
ds001894,pico-decoder-large,pico-lm/pico-decoder-large@d43df3f024539a5db7dfcab339e807d4842bcffd,3000,,Phon,ses-7,96,-0.007588953975186,-0.0045340984286601,-0.0050057145495895,pico-lm/pico-decoder-large,,,96,,,0.0081448036195669,569808384
ds001894,pico-decoder-large,pico-lm/pico-decoder-large@23e4297bb64e81b073da327cba679d797ca4fe1d,4000,,Phon,ses-7,96,0.0084429761546481,-0.0030843738248289,0.0052972143013818,pico-lm/pico-decoder-large,,,96,,,0.0081448036195669,569808384
ds001894,pico-decoder-large,pico-lm/pico-decoder-large@cab5aa27e02bdec8e8bf68239ae1e6758956e134,5000,,Phon,ses-7,96,0.0076889202145434,0.0017447369201041,0.0049614604618587,pico-lm/pico-decoder-large,,,96,,,0.0081448036195669,569808384
ds001894,pico-decoder-large,pico-lm/pico-decoder-large@e556a1a2b5a081ce269a811dfdfa329e230c674f,7000,,Phon,ses-7,96,0.0117615952263406,0.0074196592759121,0.0079355275664484,pico-lm/pico-decoder-large,,,96,,,0.0081448036195669,569808384
ds001894,pico-decoder-large,pico-lm/pico-decoder-large@1eb202826693ab699be3043f3579cbde8211a5ef,8000,,Phon,ses-7,96,0.0004498984468603,-0.0041401426250509,0.0003351766122918,pico-lm/pico-decoder-large,,,96,,,0.0081448036195669,569808384
ds001894,pico-decoder-large,pico-lm/pico-decoder-large@94cc0caf8c3cb477f0dc32aa92a7b8e182f710bf,10000,,Phon,ses-7,96,-0.0008562381954278,-0.0016083725364809,-0.0005933895937474,pico-lm/pico-decoder-large,,,96,,,0.0081448036195669,569808384
ds001894,pico-decoder-large,pico-lm/pico-decoder-large@10d61c2f23ed2b432c011ff4735614817452abfc,13000,,Phon,ses-7,96,-0.0130372695589233,-0.0060425691974488,-0.0085391148412817,pico-lm/pico-decoder-large,,,96,,,0.0081448036195669,569808384
ds001894,pico-decoder-large,pico-lm/pico-decoder-large@609cb555fe8ab89fe8deccc19ae52176c053de3c,16000,,Phon,ses-7,96,-0.0006956848646193,0.0050776679174128,-0.0003986716077317,pico-lm/pico-decoder-large,,,96,,,0.0081448036195669,569808384
ds001894,pico-decoder-large,pico-lm/pico-decoder-large@2e9b09372c42b65faa9486c0d7b8191ff5b5c4de,20000,,Phon,ses-7,96,0.0052107226034218,0.0007153560120229,0.0035153138384456,pico-lm/pico-decoder-large,,,96,,,0.0081448036195669,569808384
ds001894,pico-decoder-large,pico-lm/pico-decoder-large@020ad4d5ea0fe4c387769324ee38ad1d15bb3f85,24000,,Phon,ses-7,96,0.003717858583611,-0.0022691522093988,0.0025430707719067,pico-lm/pico-decoder-large,,,96,,,0.0081448036195669,569808384
ds001894,pico-decoder-large,pico-lm/pico-decoder-large@dab022094801d1fd4c0c4deb04d7c0815ea0d9b4,30000,,Phon,ses-7,96,0.0123890392018185,0.0093167974751198,0.0082899450864493,pico-lm/pico-decoder-large,,,96,,,0.0081448036195669,569808384
ds001894,pico-decoder-large,pico-lm/pico-decoder-large@22fe7c47349efbd4d073c95fe64e3b50251cb0fb,37000,,Phon,ses-7,96,0.0102083717914192,-0.0022392211696653,0.0068647710524391,pico-lm/pico-decoder-large,,,96,,,0.0081448036195669,569808384
ds001894,pico-decoder-large,pico-lm/pico-decoder-large@5a81c54569b9cadfac8813c3db918fae371226c7,45000,,Phon,ses-7,96,0.0060809437203803,0.0016099362500897,0.0041077413868076,pico-lm/pico-decoder-large,,,96,,,0.0081448036195669,569808384
ds001894,pico-decoder-large,pico-lm/pico-decoder-large@ea63999d87b948bca4d4e9938706f51ccc88c365,55000,,Phon,ses-7,96,0.0107128668728649,0.0019056536788432,0.0070063841331778,pico-lm/pico-decoder-large,,,96,,,0.0081448036195669,569808384
ds001894,pico-decoder-large,pico-lm/pico-decoder-large@6dc96c3465c47b8b192056175e156d703a132e5e,68000,,Phon,ses-7,96,0.0082370171502753,-0.0065264609188775,0.005229678715323,pico-lm/pico-decoder-large,,,96,,,0.0081448036195669,569808384
ds001894,pico-decoder-large,pico-lm/pico-decoder-large@46310457a1f616890732dc9d54ca3b6f35263f47,83000,,Phon,ses-7,96,0.0090170347741705,-0.0034067523100346,0.0059390909825561,pico-lm/pico-decoder-large,,,96,,,0.0081448036195669,569808384
ds001894,pico-decoder-large,pico-lm/pico-decoder-large@1ca25b1c86203affda1776487d77204c79b5c4f7,102000,,Phon,ses-7,96,0.0075831689205995,-0.0034312964302063,0.0048689116957781,pico-lm/pico-decoder-large,,,96,,,0.0081448036195669,569808384
ds001894,pico-decoder-large,pico-lm/pico-decoder-large@dc35be996509151e2b2a2066a545a54a6e4900cb,125000,,Phon,ses-7,96,0.0052326771076851,-0.0004948894195352,0.0033869769840261,pico-lm/pico-decoder-large,,,96,,,0.0081448036195669,569808384
ds001894,pico-decoder-large,pico-lm/pico-decoder-large@daa12d1eb44fa1ea4cc31aa35a8cb029917302e9,0,,Phon,ses-9,96,0.0019506063532238,-0.002356174983521,0.0013326252679296,pico-lm/pico-decoder-large,0.1650755388561307,0.607179038133363,96,3.0,0.011816446983849158,0.008728626502912,569808384
ds001894,pico-decoder-large,pico-lm/pico-decoder-large@70ace66cdec9f20ba70c65109b42b9c263e0139b,1000,,Phon,ses-9,96,0.0020810378131016,0.0077821275542558,0.0012600870458664,pico-lm/pico-decoder-large,0.1650755388561307,0.607179038133363,96,3.0,0.012606578948776292,0.008728626502912,569808384
ds001894,pico-decoder-large,pico-lm/pico-decoder-large@b7e416710019991ae8f34506fbea7a6ac31a8252,2000,,Phon,ses-9,96,-0.0076882750261143,-0.0090935953592951,-0.0048987351027272,pico-lm/pico-decoder-large,0.1650755388561307,0.607179038133363,96,3.0,-0.04657428398773794,0.008728626502912,569808384
ds001894,pico-decoder-large,pico-lm/pico-decoder-large@d43df3f024539a5db7dfcab339e807d4842bcffd,3000,,Phon,ses-9,96,-0.0144661407074056,-0.0108329958245862,-0.0095677337674082,pico-lm/pico-decoder-large,0.1650755388561307,0.607179038133363,96,3.0,-0.08763346046087038,0.008728626502912,569808384
ds001894,pico-decoder-large,pico-lm/pico-decoder-large@23e4297bb64e81b073da327cba679d797ca4fe1d,4000,,Phon,ses-9,96,-0.0030628662771603,-0.0098003290848281,-0.0023156432427856,pico-lm/pico-decoder-large,0.1650755388561307,0.607179038133363,96,3.0,-0.01855433154048159,0.008728626502912,569808384
ds001894,pico-decoder-large,pico-lm/pico-decoder-large@cab5aa27e02bdec8e8bf68239ae1e6758956e134,5000,,Phon,ses-9,96,0.0044620912830965,-0.0006426952876071,0.0032367054948184,pico-lm/pico-decoder-large,0.1650755388561307,0.607179038133363,96,3.0,0.027030602559385702,0.008728626502912,569808384
ds001894,pico-decoder-large,pico-lm/pico-decoder-large@e556a1a2b5a081ce269a811dfdfa329e230c674f,7000,,Phon,ses-9,96,-0.0129361177320406,-0.0062458542068469,-0.0086212735171994,pico-lm/pico-decoder-large,0.1650755388561307,0.607179038133363,96,3.0,-0.07836483722349012,0.008728626502912,569808384
ds001894,pico-decoder-large,pico-lm/pico-decoder-large@1eb202826693ab699be3043f3579cbde8211a5ef,8000,,Phon,ses-9,96,-0.0014200103751057,-0.0046042345501371,-0.0008077333056264,pico-lm/pico-decoder-large,0.1650755388561307,0.607179038133363,96,3.0,-0.008602185308286592,0.008728626502912,569808384
ds001894,pico-decoder-large,pico-lm/pico-decoder-large@94cc0caf8c3cb477f0dc32aa92a7b8e182f710bf,10000,,Phon,ses-9,96,-0.0207662857411577,-0.0083582459045715,-0.0137368536498077,pico-lm/pico-decoder-large,0.1650755388561307,0.607179038133363,96,3.0,-0.12579868516592438,0.008728626502912,569808384
ds001894,pico-decoder-large,pico-lm/pico-decoder-large@10d61c2f23ed2b432c011ff4735614817452abfc,13000,,Phon,ses-9,96,-0.0173008707353187,-0.0095630856319384,-0.0115418508983579,pico-lm/pico-decoder-large,0.1650755388561307,0.607179038133363,96,3.0,-0.10480578076681026,0.008728626502912,569808384
ds001894,pico-decoder-large,pico-lm/pico-decoder-large@609cb555fe8ab89fe8deccc19ae52176c053de3c,16000,,Phon,ses-9,96,-0.0236594745486719,-0.0081755499207216,-0.0157229001435371,pico-lm/pico-decoder-large,0.1650755388561307,0.607179038133363,96,3.0,-0.14332513897950677,0.008728626502912,569808384
ds001894,pico-decoder-large,pico-lm/pico-decoder-large@2e9b09372c42b65faa9486c0d7b8191ff5b5c4de,20000,,Phon,ses-9,96,-0.0167384648667981,-0.0094928192160307,-0.0111731951066523,pico-lm/pico-decoder-large,0.1650755388561307,0.607179038133363,96,3.0,-0.10139882009645462,0.008728626502912,569808384
ds001894,pico-decoder-large,pico-lm/pico-decoder-large@020ad4d5ea0fe4c387769324ee38ad1d15bb3f85,24000,,Phon,ses-9,96,-0.0071504311191353,-0.0062717999966005,-0.0048846892400995,pico-lm/pico-decoder-large,0.1650755388561307,0.607179038133363,96,3.0,-0.04331611557159392,0.008728626502912,569808384
ds001894,pico-decoder-large,pico-lm/pico-decoder-large@dab022094801d1fd4c0c4deb04d7c0815ea0d9b4,30000,,Phon,ses-9,96,0.0001733148491362,0.0047448233400619,2.482077094469009e-05,pico-lm/pico-decoder-large,0.1650755388561307,0.607179038133363,96,3.0,0.0010499123633771698,0.008728626502912,569808384
ds001894,pico-decoder-large,pico-lm/pico-decoder-large@22fe7c47349efbd4d073c95fe64e3b50251cb0fb,37000,,Phon,ses-9,96,-0.0106435708766357,-0.0095731079172922,-0.007064106856305,pico-lm/pico-decoder-large,0.1650755388561307,0.607179038133363,96,3.0,-0.06447697187838325,0.008728626502912,569808384
ds001894,pico-decoder-large,pico-lm/pico-decoder-large@5a81c54569b9cadfac8813c3db918fae371226c7,45000,,Phon,ses-9,96,-0.0113262932501487,-0.009065046825984,-0.0075380104131792,pico-lm/pico-decoder-large,0.1650755388561307,0.607179038133363,96,3.0,-0.06861278980903388,0.008728626502912,569808384
ds001894,pico-decoder-large,pico-lm/pico-decoder-large@ea63999d87b948bca4d4e9938706f51ccc88c365,55000,,Phon,ses-9,96,0.000444675938874,-0.0025201636423221,0.0004283026056037,pico-lm/pico-decoder-large,0.1650755388561307,0.607179038133363,96,3.0,0.002693772450814479,0.008728626502912,569808384
ds001894,pico-decoder-large,pico-lm/pico-decoder-large@6dc96c3465c47b8b192056175e156d703a132e5e,68000,,Phon,ses-9,96,-0.0009010924594226,-0.0015515931580713,-0.0005687612318798,pico-lm/pico-decoder-large,0.1650755388561307,0.607179038133363,96,3.0,-0.00545866738140976,0.008728626502912,569808384
ds001894,pico-decoder-large,pico-lm/pico-decoder-large@46310457a1f616890732dc9d54ca3b6f35263f47,83000,,Phon,ses-9,96,0.0035924368891245,0.0002237837543201,0.0023121798793979,pico-lm/pico-decoder-large,0.1650755388561307,0.607179038133363,96,3.0,0.02176238171941052,0.008728626502912,569808384
ds001894,pico-decoder-large,pico-lm/pico-decoder-large@1ca25b1c86203affda1776487d77204c79b5c4f7,102000,,Phon,ses-9,96,-0.0146024602394024,-0.0018054699307471,-0.010049333687366,pico-lm/pico-decoder-large,0.1650755388561307,0.607179038133363,96,3.0,-0.08845926138171793,0.008728626502912,569808384
ds001894,pico-decoder-large,pico-lm/pico-decoder-large@dc35be996509151e2b2a2066a545a54a6e4900cb,125000,,Phon,ses-9,96,-0.0072795537248088,0.0015007553112329,-0.0049870508691118,pico-lm/pico-decoder-large,0.1650755388561307,0.607179038133363,96,3.0,-0.04409831871670093,0.008728626502912,569808384
ds001894,pico-decoder-medium,pico-lm/pico-decoder-medium@a6f849d1da39698d655fd3552435d28fba898dc9,0,,Orth,ses-11,96,0.0064136851618818,0.0080541051265982,0.0042766765564932,pico-lm/pico-decoder-medium,0.2136860995937111,0.5240498443952196,96,5.0,0.03001451743504311,,181095168
ds001894,pico-decoder-medium,pico-lm/pico-decoder-medium@b09eab97230964af5bf3964d902db96684add7f0,1000,,Orth,ses-11,96,0.0017026764367549,0.0039390663113383,0.0013224275868438,pico-lm/pico-decoder-medium,0.2136860995937111,0.5240498443952196,96,5.0,0.007968119779397249,,181095168
ds001894,pico-decoder-medium,pico-lm/pico-decoder-medium@e8ea2825c02325ec936fec3fbf2cebf7dcd7e5fd,2000,,Orth,ses-11,96,-0.0002828837399736,-0.0039214516177474,-0.0001173695370252,pico-lm/pico-decoder-medium,0.2136860995937111,0.5240498443952196,96,5.0,-0.0013238284591812796,,181095168
ds001894,pico-decoder-medium,pico-lm/pico-decoder-medium@7d53111bd8fb071fbb1f180e4435cfea1b3e3149,3000,,Orth,ses-11,96,0.0135476158843528,0.0014496877672896,0.0089366319945509,pico-lm/pico-decoder-medium,0.2136860995937111,0.5240498443952196,96,5.0,0.06339961237586983,,181095168
ds001894,pico-decoder-medium,pico-lm/pico-decoder-medium@94db452b6d8323e895d44d7e57364a44ce9d64b9,4000,,Orth,ses-11,96,-0.017219266421971,-0.0076616550679018,-0.0114433374508875,pico-lm/pico-decoder-medium,0.2136860995937111,0.5240498443952196,96,5.0,-0.08058206151317562,,181095168
ds001894,pico-decoder-medium,pico-lm/pico-decoder-medium@2c8ff3af5ea6a6720939283915670af5878a5fad,5000,,Orth,ses-11,96,-0.0251940115650114,-0.0178143842620821,-0.0166075970799998,pico-lm/pico-decoder-medium,0.2136860995937111,0.5240498443952196,96,5.0,-0.11790196747899681,,181095168
ds001894,pico-decoder-medium,pico-lm/pico-decoder-medium@a5e9eebb23febee9e0645d0ffebf5e1df3628c98,7000,,Orth,ses-11,96,-0.0102592133483507,-0.0059295960095526,-0.0068322539184108,pico-lm/pico-decoder-medium,0.2136860995937111,0.5240498443952196,96,5.0,-0.048010672513827075,,181095168
ds001894,pico-decoder-medium,pico-lm/pico-decoder-medium@5fab2f64dc273534e825a1815e1163dfc3f7fbe0,8000,,Orth,ses-11,96,-0.0030894682136504,-0.0037370217411265,-0.0022044307962272,pico-lm/pico-decoder-medium,0.2136860995937111,0.5240498443952196,96,5.0,-0.014457974662481625,,181095168
ds001894,pico-decoder-medium,pico-lm/pico-decoder-medium@63c66cd3b6df6ff5e2886a68acdafad325f8831a,10000,,Orth,ses-11,96,-0.0222918231509104,-0.0077585058306875,-0.0148341626164555,pico-lm/pico-decoder-medium,0.2136860995937111,0.5240498443952196,96,5.0,-0.10432041762798155,,181095168
ds001894,pico-decoder-medium,pico-lm/pico-decoder-medium@cd8069f46d2fe40350c306d28a0c0d88cd5c1012,13000,,Orth,ses-11,96,0.0072291514477984,0.0037075433181864,0.0047659728395346,pico-lm/pico-decoder-medium,0.2136860995937111,0.5240498443952196,96,5.0,0.03383070523325308,,181095168
ds001894,pico-decoder-medium,pico-lm/pico-decoder-medium@3b58b6ffc7765d89d6b7a1916f16f92afefad334,16000,,Orth,ses-11,96,0.0039009295980687,-0.0034292166315707,0.0026654429449363,pico-lm/pico-decoder-medium,0.2136860995937111,0.5240498443952196,96,5.0,0.01825542047651052,,181095168
ds001894,pico-decoder-medium,pico-lm/pico-decoder-medium@c60aa3fc6d8f92347eb5568ad75796fe2d48278c,20000,,Orth,ses-11,96,-0.0029712235760123,-0.0072138851524113,-0.0020989906219815,pico-lm/pico-decoder-medium,0.2136860995937111,0.5240498443952196,96,5.0,-0.01390461794970095,,181095168
ds001894,pico-decoder-medium,pico-lm/pico-decoder-medium@c3958dd8dab803279fc41b6b59648a5f570ab75e,24000,,Orth,ses-11,96,0.002493694789136,0.0004085376553131,0.0016385557005037,pico-lm/pico-decoder-medium,0.2136860995937111,0.5240498443952196,96,5.0,0.011669897077429695,,181095168
ds001894,pico-decoder-medium,pico-lm/pico-decoder-medium@a7fda793c744670e4cf5da9c1d72830ad630fd7e,30000,,Orth,ses-11,96,0.0064187323881941,-0.000358653278165,0.0043692253225738,pico-lm/pico-decoder-medium,0.2136860995937111,0.5240498443952196,96,5.0,0.03003813725084721,,181095168
ds001894,pico-decoder-medium,pico-lm/pico-decoder-medium@61e1f3d4e3510de47689cd42fb60857460ac5abe,37000,,Orth,ses-11,96,-0.0048873410767571,-0.0089953564767839,-0.0032661440836132,pico-lm/pico-decoder-medium,0.2136860995937111,0.5240498443952196,96,5.0,-0.02287159102089267,,181095168
ds001894,pico-decoder-medium,pico-lm/pico-decoder-medium@150ab61d99f66be09f5eb2bf847ee0665582b9a7,45000,,Orth,ses-11,96,0.0135418425995827,-0.0029172008889746,0.0091584796604364,pico-lm/pico-decoder-medium,0.2136860995937111,0.5240498443952196,96,5.0,0.06337259477958689,,181095168
ds001894,pico-decoder-medium,pico-lm/pico-decoder-medium@82ba8a99abaa71414eba85a5d52d4e1391036516,55000,,Orth,ses-11,96,0.0189830832581041,0.0054623376761845,0.0127261287678507,pico-lm/pico-decoder-medium,0.2136860995937111,0.5240498443952196,96,5.0,0.08883630378483814,,181095168
ds001894,pico-decoder-medium,pico-lm/pico-decoder-medium@2c63090738dceda752da9ab9addfb006b940ab33,68000,,Orth,ses-11,96,0.0049067979753617,0.0008009250985292,0.0033111678076524,pico-lm/pico-decoder-medium,0.2136860995937111,0.5240498443952196,96,5.0,0.022962644667534143,,181095168
ds001894,pico-decoder-medium,pico-lm/pico-decoder-medium@4f83bfb44212f15f6b9bce8eac266f625ddcaa16,83000,,Orth,ses-11,96,0.0104241814993162,0.0002943954431916,0.0070744969464679,pico-lm/pico-decoder-medium,0.2136860995937111,0.5240498443952196,96,5.0,0.048782684129365754,,181095168
ds001894,pico-decoder-medium,pico-lm/pico-decoder-medium@44b1c3539608b56da6f5355f1863e011aece543c,102000,,Orth,ses-11,96,0.0068087617024025,0.0012914147845641,0.0046999765260925,pico-lm/pico-decoder-medium,0.2136860995937111,0.5240498443952196,96,5.0,0.03186338145227152,,181095168
ds001894,pico-decoder-medium,pico-lm/pico-decoder-medium@beb2346dad2ddcdb97d3ba99ba24d14448c1cfc6,125000,,Orth,ses-11,96,0.0181193084569211,0.0069440025199444,0.011975156139966,pico-lm/pico-decoder-medium,0.2136860995937111,0.5240498443952196,96,5.0,0.08479404365268484,,181095168
ds001894,pico-decoder-medium,pico-lm/pico-decoder-medium@a6f849d1da39698d655fd3552435d28fba898dc9,0,,Orth,ses-11+,96,0.0236789043640431,0.013236778184961,0.0157833165937436,pico-lm/pico-decoder-medium,0.1742624769225749,0.5457342923093875,96,4.0,0.13588068287680585,,181095168
ds001894,pico-decoder-medium,pico-lm/pico-decoder-medium@b09eab97230964af5bf3964d902db96684add7f0,1000,,Orth,ses-11+,96,0.0083109944960516,0.0103090616627418,0.0053077968006218,pico-lm/pico-decoder-medium,0.1742624769225749,0.5457342923093875,96,4.0,0.0476923927791075,,181095168
ds001894,pico-decoder-medium,pico-lm/pico-decoder-medium@e8ea2825c02325ec936fec3fbf2cebf7dcd7e5fd,2000,,Orth,ses-11+,96,0.0036832512736251,0.0029215365061558,0.0024199289625687,pico-lm/pico-decoder-medium,0.1742624769225749,0.5457342923093875,96,4.0,0.021136227021848048,,181095168
ds001894,pico-decoder-medium,pico-lm/pico-decoder-medium@7d53111bd8fb071fbb1f180e4435cfea1b3e3149,3000,,Orth,ses-11+,96,0.0074888696579932,0.0062426284924375,0.0048777625133243,pico-lm/pico-decoder-medium,0.1742624769225749,0.5457342923093875,96,4.0,0.04297465404052828,,181095168
ds001894,pico-decoder-medium,pico-lm/pico-decoder-medium@94db452b6d8323e895d44d7e57364a44ce9d64b9,4000,,Orth,ses-11+,96,-0.0135858912006627,-0.0069184645677569,-0.0090526546680366,pico-lm/pico-decoder-medium,0.1742624769225749,0.5457342923093875,96,4.0,-0.07796222939433446,,181095168
ds001894,pico-decoder-medium,pico-lm/pico-decoder-medium@2c8ff3af5ea6a6720939283915670af5878a5fad,5000,,Orth,ses-11+,96,-0.0215536703842066,-0.0311173178005211,-0.0141903618445103,pico-lm/pico-decoder-medium,0.1742624769225749,0.5457342923093875,96,4.0,-0.12368509139109121,,181095168
ds001894,pico-decoder-medium,pico-lm/pico-decoder-medium@a5e9eebb23febee9e0645d0ffebf5e1df3628c98,7000,,Orth,ses-11+,96,-0.0060133203036488,-0.0088293164858068,-0.0040205800748856,pico-lm/pico-decoder-medium,0.1742624769225749,0.5457342923093875,96,4.0,-0.0345072583027758,,181095168
ds001894,pico-decoder-medium,pico-lm/pico-decoder-medium@5fab2f64dc273534e825a1815e1163dfc3f7fbe0,8000,,Orth,ses-11+,96,-0.0040557943108509,-0.0061144613245571,-0.0027425989848497,pico-lm/pico-decoder-medium,0.1742624769225749,0.5457342923093875,96,4.0,-0.023274054073344177,,181095168
ds001894,pico-decoder-medium,pico-lm/pico-decoder-medium@63c66cd3b6df6ff5e2886a68acdafad325f8831a,10000,,Orth,ses-11+,96,-0.0051210657107557,-0.0055636526788184,-0.0035984345597487,pico-lm/pico-decoder-medium,0.1742624769225749,0.5457342923093875,96,4.0,-0.029387082068338774,,181095168
ds001894,pico-decoder-medium,pico-lm/pico-decoder-medium@cd8069f46d2fe40350c306d28a0c0d88cd5c1012,13000,,Orth,ses-11+,96,0.0148897256415556,0.0025612334442203,0.0098988697890811,pico-lm/pico-decoder-medium,0.1742624769225749,0.5457342923093875,96,4.0,0.08544424424869806,,181095168
ds001894,pico-decoder-medium,pico-lm/pico-decoder-medium@3b58b6ffc7765d89d6b7a1916f16f92afefad334,16000,,Orth,ses-11+,96,0.0018562824119702,-0.0088909390784566,0.0013703374470394,pico-lm/pico-decoder-medium,0.1742624769225749,0.5457342923093875,96,4.0,0.010652220975803926,,181095168
ds001894,pico-decoder-medium,pico-lm/pico-decoder-medium@c60aa3fc6d8f92347eb5568ad75796fe2d48278c,20000,,Orth,ses-11+,96,0.0025416378073089,-0.0006548491330961,0.0016196996109488,pico-lm/pico-decoder-medium,0.1742624769225749,0.5457342923093875,96,4.0,0.014585112367237576,,181095168
ds001894,pico-decoder-medium,pico-lm/pico-decoder-medium@c3958dd8dab803279fc41b6b59648a5f570ab75e,24000,,Orth,ses-11+,96,0.0002542004443417,-0.0022236179507894,-1.866368047779022e-05,pico-lm/pico-decoder-medium,0.1742624769225749,0.5457342923093875,96,4.0,0.0014587216297553354,,181095168
ds001894,pico-decoder-medium,pico-lm/pico-decoder-medium@a7fda793c744670e4cf5da9c1d72830ad630fd7e,30000,,Orth,ses-11+,96,0.0019231133277323,-0.0018680716796902,0.0012550844098621,pico-lm/pico-decoder-medium,0.1742624769225749,0.5457342923093875,96,4.0,0.011035728182532045,,181095168
ds001894,pico-decoder-medium,pico-lm/pico-decoder-medium@61e1f3d4e3510de47689cd42fb60857460ac5abe,37000,,Orth,ses-11+,96,0.0055232019896325,0.0025398568932726,0.0036411493748629,pico-lm/pico-decoder-medium,0.1742624769225749,0.5457342923093875,96,4.0,0.03169472904994038,,181095168
ds001894,pico-decoder-medium,pico-lm/pico-decoder-medium@150ab61d99f66be09f5eb2bf847ee0665582b9a7,45000,,Orth,ses-11+,96,0.0177813245114011,0.0028986147051785,0.0118466268764695,pico-lm/pico-decoder-medium,0.1742624769225749,0.5457342923093875,96,4.0,0.10203759768261167,,181095168
ds001894,pico-decoder-medium,pico-lm/pico-decoder-medium@82ba8a99abaa71414eba85a5d52d4e1391036516,55000,,Orth,ses-11+,96,0.025980870236481,0.0083012634738077,0.017115557043519,pico-lm/pico-decoder-medium,0.1742624769225749,0.5457342923093875,96,4.0,0.14909044503036842,,181095168
ds001894,pico-decoder-medium,pico-lm/pico-decoder-medium@2c63090738dceda752da9ab9addfb006b940ab33,68000,,Orth,ses-11+,96,0.0189515691317971,0.005932433179188,0.0125162104647448,pico-lm/pico-decoder-medium,0.1742624769225749,0.5457342923093875,96,4.0,0.10875301135664055,,181095168
ds001894,pico-decoder-medium,pico-lm/pico-decoder-medium@4f83bfb44212f15f6b9bce8eac266f625ddcaa16,83000,,Orth,ses-11+,96,0.0122313740320809,0.0036138561527941,0.0081860441848204,pico-lm/pico-decoder-medium,0.1742624769225749,0.5457342923093875,96,4.0,0.07018937322643083,,181095168
ds001894,pico-decoder-medium,pico-lm/pico-decoder-medium@44b1c3539608b56da6f5355f1863e011aece543c,102000,,Orth,ses-11+,96,0.0029072560161169,-0.0058841681176859,0.0016662626076047,pico-lm/pico-decoder-medium,0.1742624769225749,0.5457342923093875,96,4.0,0.016683201498441907,,181095168
ds001894,pico-decoder-medium,pico-lm/pico-decoder-medium@beb2346dad2ddcdb97d3ba99ba24d14448c1cfc6,125000,,Orth,ses-11+,96,0.0173612496402327,0.0011419568108805,0.0115451218526685,pico-lm/pico-decoder-medium,0.1742624769225749,0.5457342923093875,96,4.0,0.09962701062688516,,181095168
ds001894,pico-decoder-medium,pico-lm/pico-decoder-medium@a6f849d1da39698d655fd3552435d28fba898dc9,0,,Orth,ses-7,96,0.0090860351328613,0.0018899540446271,0.0061545891488976,pico-lm/pico-decoder-medium,,,96,,,,181095168
ds001894,pico-decoder-medium,pico-lm/pico-decoder-medium@b09eab97230964af5bf3964d902db96684add7f0,1000,,Orth,ses-7,96,0.0007956157945276,-0.0070307212524095,0.0005989694569831,pico-lm/pico-decoder-medium,,,96,,,,181095168
ds001894,pico-decoder-medium,pico-lm/pico-decoder-medium@e8ea2825c02325ec936fec3fbf2cebf7dcd7e5fd,2000,,Orth,ses-7,96,0.0088223518866753,-0.0001408459230651,0.0060247130218615,pico-lm/pico-decoder-medium,,,96,,,,181095168
ds001894,pico-decoder-medium,pico-lm/pico-decoder-medium@7d53111bd8fb071fbb1f180e4435cfea1b3e3149,3000,,Orth,ses-7,96,0.0212336528735547,0.0121910713853896,0.0141755463455743,pico-lm/pico-decoder-medium,,,96,,,,181095168
ds001894,pico-decoder-medium,pico-lm/pico-decoder-medium@94db452b6d8323e895d44d7e57364a44ce9d64b9,4000,,Orth,ses-7,96,-0.0010270922670405,-0.003410341598196,-0.0008288983041063,pico-lm/pico-decoder-medium,,,96,,,,181095168
ds001894,pico-decoder-medium,pico-lm/pico-decoder-medium@2c8ff3af5ea6a6720939283915670af5878a5fad,5000,,Orth,ses-7,96,0.0035414539678393,-0.0064458757263899,0.0024709173679977,pico-lm/pico-decoder-medium,,,96,,,,181095168
ds001894,pico-decoder-medium,pico-lm/pico-decoder-medium@a5e9eebb23febee9e0645d0ffebf5e1df3628c98,7000,,Orth,ses-7,96,-0.0128855637129888,-0.0027075734912178,-0.0084373304395008,pico-lm/pico-decoder-medium,,,96,,,,181095168
ds001894,pico-decoder-medium,pico-lm/pico-decoder-medium@5fab2f64dc273534e825a1815e1163dfc3f7fbe0,8000,,Orth,ses-7,96,-0.0086227417490606,-0.0030902062023343,-0.0057593809045535,pico-lm/pico-decoder-medium,,,96,,,,181095168
ds001894,pico-decoder-medium,pico-lm/pico-decoder-medium@63c66cd3b6df6ff5e2886a68acdafad325f8831a,10000,,Orth,ses-7,96,-0.0151233916795867,-0.0037332561427872,-0.0101790174053251,pico-lm/pico-decoder-medium,,,96,,,,181095168
ds001894,pico-decoder-medium,pico-lm/pico-decoder-medium@cd8069f46d2fe40350c306d28a0c0d88cd5c1012,13000,,Orth,ses-7,96,0.0029079003186458,-0.0041981346740131,0.0019267844979854,pico-lm/pico-decoder-medium,,,96,,,,181095168
ds001894,pico-decoder-medium,pico-lm/pico-decoder-medium@3b58b6ffc7765d89d6b7a1916f16f92afefad334,16000,,Orth,ses-7,96,0.0059937178643039,0.0040953450429167,0.0040942727514113,pico-lm/pico-decoder-medium,,,96,,,,181095168
ds001894,pico-decoder-medium,pico-lm/pico-decoder-medium@c60aa3fc6d8f92347eb5568ad75796fe2d48278c,20000,,Orth,ses-7,96,0.0036505680122243,-0.0019835856735181,0.0024861176850879,pico-lm/pico-decoder-medium,,,96,,,,181095168
ds001894,pico-decoder-medium,pico-lm/pico-decoder-medium@c3958dd8dab803279fc41b6b59648a5f570ab75e,24000,,Orth,ses-7,96,0.0033991332216176,0.0010991965718945,0.0022288667490177,pico-lm/pico-decoder-medium,,,96,,,,181095168
ds001894,pico-decoder-medium,pico-lm/pico-decoder-medium@a7fda793c744670e4cf5da9c1d72830ad630fd7e,30000,,Orth,ses-7,96,0.0096120749264688,-0.0025214358149893,0.0062606065503746,pico-lm/pico-decoder-medium,,,96,,,,181095168
ds001894,pico-decoder-medium,pico-lm/pico-decoder-medium@61e1f3d4e3510de47689cd42fb60857460ac5abe,37000,,Orth,ses-7,96,-0.0002903139111527,-0.0062421563373446,-0.0004169504700553,pico-lm/pico-decoder-medium,,,96,,,,181095168
ds001894,pico-decoder-medium,pico-lm/pico-decoder-medium@150ab61d99f66be09f5eb2bf847ee0665582b9a7,45000,,Orth,ses-7,96,-0.0060241285386861,-0.0109547696942935,-0.0039707461239191,pico-lm/pico-decoder-medium,,,96,,,,181095168
ds001894,pico-decoder-medium,pico-lm/pico-decoder-medium@82ba8a99abaa71414eba85a5d52d4e1391036516,55000,,Orth,ses-7,96,0.0077967737495613,0.0004084666532879,0.0050074462312834,pico-lm/pico-decoder-medium,,,96,,,,181095168
ds001894,pico-decoder-medium,pico-lm/pico-decoder-medium@2c63090738dceda752da9ab9addfb006b940ab33,68000,,Orth,ses-7,96,-0.0039473052057485,-0.0012733198631573,-0.0028328388420052,pico-lm/pico-decoder-medium,,,96,,,,181095168
ds001894,pico-decoder-medium,pico-lm/pico-decoder-medium@4f83bfb44212f15f6b9bce8eac266f625ddcaa16,83000,,Orth,ses-7,96,0.0051823873399946,-0.0006811034071794,0.0034533581156224,pico-lm/pico-decoder-medium,,,96,,,,181095168
ds001894,pico-decoder-medium,pico-lm/pico-decoder-medium@44b1c3539608b56da6f5355f1863e011aece543c,102000,,Orth,ses-7,96,0.0021716883060731,-0.001564519225584,0.001403624217376,pico-lm/pico-decoder-medium,,,96,,,,181095168
ds001894,pico-decoder-medium,pico-lm/pico-decoder-medium@beb2346dad2ddcdb97d3ba99ba24d14448c1cfc6,125000,,Orth,ses-7,96,0.0034766378421501,0.0016038232915636,0.0023281498327965,pico-lm/pico-decoder-medium,,,96,,,,181095168
ds001894,pico-decoder-medium,pico-lm/pico-decoder-medium@a6f849d1da39698d655fd3552435d28fba898dc9,0,,Orth,ses-9,96,0.0239077208580542,0.0120184948505869,0.0158046740013006,pico-lm/pico-decoder-medium,0.1650755388561307,0.607179038133363,96,3.0,0.14482897359426852,,181095168
ds001894,pico-decoder-medium,pico-lm/pico-decoder-medium@b09eab97230964af5bf3964d902db96684add7f0,1000,,Orth,ses-9,96,0.0040394233821667,0.0071448797280866,0.0026331182199851,pico-lm/pico-decoder-medium,0.1650755388561307,0.607179038133363,96,3.0,0.024470151120858697,,181095168
ds001894,pico-decoder-medium,pico-lm/pico-decoder-medium@e8ea2825c02325ec936fec3fbf2cebf7dcd7e5fd,2000,,Orth,ses-9,96,0.0050674754587495,-0.0006726172052303,0.0034456617525388,pico-lm/pico-decoder-medium,0.1650755388561307,0.607179038133363,96,3.0,0.03069791862479388,,181095168
ds001894,pico-decoder-medium,pico-lm/pico-decoder-medium@7d53111bd8fb071fbb1f180e4435cfea1b3e3149,3000,,Orth,ses-9,96,-0.0104318360563495,-0.0068969906610853,-0.0069732897719182,pico-lm/pico-decoder-medium,0.1650755388561307,0.607179038133363,96,3.0,-0.06319431775680116,,181095168
ds001894,pico-decoder-medium,pico-lm/pico-decoder-medium@94db452b6d8323e895d44d7e57364a44ce9d64b9,4000,,Orth,ses-9,96,-0.0193837984265709,-0.0091483708241036,-0.0131215294212719,pico-lm/pico-decoder-medium,0.1650755388561307,0.607179038133363,96,3.0,-0.11742380828127771,,181095168
ds001894,pico-decoder-medium,pico-lm/pico-decoder-medium@2c8ff3af5ea6a6720939283915670af5878a5fad,5000,,Orth,ses-9,96,-0.0175155475034712,-0.0127107761393282,-0.0115364634441994,pico-lm/pico-decoder-medium,0.1650755388561307,0.607179038133363,96,3.0,-0.10610625671642748,,181095168
ds001894,pico-decoder-medium,pico-lm/pico-decoder-medium@a5e9eebb23febee9e0645d0ffebf5e1df3628c98,7000,,Orth,ses-9,96,-0.0316867693907047,-0.0167541137828686,-0.0211074681659181,pico-lm/pico-decoder-medium,0.1650755388561307,0.607179038133363,96,3.0,-0.1919531482997058,,181095168
ds001894,pico-decoder-medium,pico-lm/pico-decoder-medium@5fab2f64dc273534e825a1815e1163dfc3f7fbe0,8000,,Orth,ses-9,96,-0.021086262247288,-0.0106930109503873,-0.0139494656799929,pico-lm/pico-decoder-medium,0.1650755388561307,0.607179038133363,96,3.0,-0.12773704931331736,,181095168
ds001894,pico-decoder-medium,pico-lm/pico-decoder-medium@63c66cd3b6df6ff5e2886a68acdafad325f8831a,10000,,Orth,ses-9,96,-0.0300598998101088,-0.0162048573023318,-0.019945702158445,pico-lm/pico-decoder-medium,0.1650755388561307,0.607179038133363,96,3.0,-0.18209784452866207,,181095168
ds001894,pico-decoder-medium,pico-lm/pico-decoder-medium@cd8069f46d2fe40350c306d28a0c0d88cd5c1012,13000,,Orth,ses-9,96,-0.0072266691555567,-0.0057279825325574,-0.0047959886555608,pico-lm/pico-decoder-medium,0.1650755388561307,0.607179038133363,96,3.0,-0.04377795284288003,,181095168
ds001894,pico-decoder-medium,pico-lm/pico-decoder-medium@3b58b6ffc7765d89d6b7a1916f16f92afefad334,16000,,Orth,ses-9,96,0.0027271654229037,-0.0058418179428117,0.0018796442740982,pico-lm/pico-decoder-medium,0.1650755388561307,0.607179038133363,96,3.0,0.016520711922561243,,181095168
ds001894,pico-decoder-medium,pico-lm/pico-decoder-medium@c60aa3fc6d8f92347eb5568ad75796fe2d48278c,20000,,Orth,ses-9,96,-0.0234715891730861,-0.0210564049327911,-0.0156519011940907,pico-lm/pico-decoder-medium,0.1650755388561307,0.607179038133363,96,3.0,-0.1421869608043045,,181095168
ds001894,pico-decoder-medium,pico-lm/pico-decoder-medium@c3958dd8dab803279fc41b6b59648a5f570ab75e,24000,,Orth,ses-9,96,-0.0168453180939809,-0.0071302731181475,-0.0111601112894101,pico-lm/pico-decoder-medium,0.1650755388561307,0.607179038133363,96,3.0,-0.10204611907196139,,181095168
ds001894,pico-decoder-medium,pico-lm/pico-decoder-medium@a7fda793c744670e4cf5da9c1d72830ad630fd7e,30000,,Orth,ses-9,96,-0.0201628609235391,-0.0222265426076449,-0.0133304856789923,pico-lm/pico-decoder-medium,0.1650755388561307,0.607179038133363,96,3.0,-0.1221432385637206,,181095168
ds001894,pico-decoder-medium,pico-lm/pico-decoder-medium@61e1f3d4e3510de47689cd42fb60857460ac5abe,37000,,Orth,ses-9,96,-0.0161119438727273,-0.0184873428290711,-0.0106250216460211,pico-lm/pico-decoder-medium,0.1650755388561307,0.607179038133363,96,3.0,-0.09760346072090938,,181095168
ds001894,pico-decoder-medium,pico-lm/pico-decoder-medium@150ab61d99f66be09f5eb2bf847ee0665582b9a7,45000,,Orth,ses-9,96,-0.0023399163165042,-0.004531622648578,-0.0013797654918168,pico-lm/pico-decoder-medium,0.1650755388561307,0.607179038133363,96,3.0,-0.014174821616323918,,181095168
ds001894,pico-decoder-medium,pico-lm/pico-decoder-medium@82ba8a99abaa71414eba85a5d52d4e1391036516,55000,,Orth,ses-9,96,-0.0087107771913239,-0.0016106620767383,-0.0056600978207747,pico-lm/pico-decoder-medium,0.1650755388561307,0.607179038133363,96,3.0,-0.05276843105698209,,181095168
ds001894,pico-decoder-medium,pico-lm/pico-decoder-medium@2c63090738dceda752da9ab9addfb006b940ab33,68000,,Orth,ses-9,96,-0.0061621403930983,0.0009899726877537,-0.0040500186636804,pico-lm/pico-decoder-medium,0.1650755388561307,0.607179038133363,96,3.0,-0.03732921567785297,,181095168
ds001894,pico-decoder-medium,pico-lm/pico-decoder-medium@4f83bfb44212f15f6b9bce8eac266f625ddcaa16,83000,,Orth,ses-9,96,0.0032027980037713,0.0050946570758475,0.002244259475185,pico-lm/pico-decoder-medium,0.1650755388561307,0.607179038133363,96,3.0,0.01940201453204193,,181095168
ds001894,pico-decoder-medium,pico-lm/pico-decoder-medium@44b1c3539608b56da6f5355f1863e011aece543c,102000,,Orth,ses-9,96,0.001656853251102,0.0058258387578088,0.001367451310883,pico-lm/pico-decoder-medium,0.1650755388561307,0.607179038133363,96,3.0,0.010036939831200598,,181095168
ds001894,pico-decoder-medium,pico-lm/pico-decoder-medium@beb2346dad2ddcdb97d3ba99ba24d14448c1cfc6,125000,,Orth,ses-9,96,0.0049397542205681,0.0110323800477691,0.0035434055637008,pico-lm/pico-decoder-medium,0.1650755388561307,0.607179038133363,96,3.0,0.029924204729528548,,181095168
ds001894,pico-decoder-medium,pico-lm/pico-decoder-medium@a6f849d1da39698d655fd3552435d28fba898dc9,0,,Phon,ses-11,96,0.0064136851618818,0.0080541051265982,0.0042766765564932,pico-lm/pico-decoder-medium,0.2136860995937111,0.5240498443952196,96,5.0,0.03001451743504311,,181095168
ds001894,pico-decoder-medium,pico-lm/pico-decoder-medium@b09eab97230964af5bf3964d902db96684add7f0,1000,,Phon,ses-11,96,0.0017026764367549,0.0039390663113383,0.0013224275868438,pico-lm/pico-decoder-medium,0.2136860995937111,0.5240498443952196,96,5.0,0.007968119779397249,,181095168
ds001894,pico-decoder-medium,pico-lm/pico-decoder-medium@e8ea2825c02325ec936fec3fbf2cebf7dcd7e5fd,2000,,Phon,ses-11,96,-0.0002828837399736,-0.0039214516177474,-0.0001173695370252,pico-lm/pico-decoder-medium,0.2136860995937111,0.5240498443952196,96,5.0,-0.0013238284591812796,,181095168
ds001894,pico-decoder-medium,pico-lm/pico-decoder-medium@7d53111bd8fb071fbb1f180e4435cfea1b3e3149,3000,,Phon,ses-11,96,0.0135476158843528,0.0014496877672896,0.0089366319945509,pico-lm/pico-decoder-medium,0.2136860995937111,0.5240498443952196,96,5.0,0.06339961237586983,,181095168
ds001894,pico-decoder-medium,pico-lm/pico-decoder-medium@94db452b6d8323e895d44d7e57364a44ce9d64b9,4000,,Phon,ses-11,96,-0.017219266421971,-0.0076616550679018,-0.0114433374508875,pico-lm/pico-decoder-medium,0.2136860995937111,0.5240498443952196,96,5.0,-0.08058206151317562,,181095168
ds001894,pico-decoder-medium,pico-lm/pico-decoder-medium@2c8ff3af5ea6a6720939283915670af5878a5fad,5000,,Phon,ses-11,96,-0.0251940115650114,-0.0178143842620821,-0.0166075970799998,pico-lm/pico-decoder-medium,0.2136860995937111,0.5240498443952196,96,5.0,-0.11790196747899681,,181095168
ds001894,pico-decoder-medium,pico-lm/pico-decoder-medium@a5e9eebb23febee9e0645d0ffebf5e1df3628c98,7000,,Phon,ses-11,96,-0.0102592133483507,-0.0059295960095526,-0.0068322539184108,pico-lm/pico-decoder-medium,0.2136860995937111,0.5240498443952196,96,5.0,-0.048010672513827075,,181095168
ds001894,pico-decoder-medium,pico-lm/pico-decoder-medium@5fab2f64dc273534e825a1815e1163dfc3f7fbe0,8000,,Phon,ses-11,96,-0.0030894682136504,-0.0037370217411265,-0.0022044307962272,pico-lm/pico-decoder-medium,0.2136860995937111,0.5240498443952196,96,5.0,-0.014457974662481625,,181095168
ds001894,pico-decoder-medium,pico-lm/pico-decoder-medium@63c66cd3b6df6ff5e2886a68acdafad325f8831a,10000,,Phon,ses-11,96,-0.0222918231509104,-0.0077585058306875,-0.0148341626164555,pico-lm/pico-decoder-medium,0.2136860995937111,0.5240498443952196,96,5.0,-0.10432041762798155,,181095168
ds001894,pico-decoder-medium,pico-lm/pico-decoder-medium@cd8069f46d2fe40350c306d28a0c0d88cd5c1012,13000,,Phon,ses-11,96,0.0072291514477984,0.0037075433181864,0.0047659728395346,pico-lm/pico-decoder-medium,0.2136860995937111,0.5240498443952196,96,5.0,0.03383070523325308,,181095168
ds001894,pico-decoder-medium,pico-lm/pico-decoder-medium@3b58b6ffc7765d89d6b7a1916f16f92afefad334,16000,,Phon,ses-11,96,0.0039009295980687,-0.0034292166315707,0.0026654429449363,pico-lm/pico-decoder-medium,0.2136860995937111,0.5240498443952196,96,5.0,0.01825542047651052,,181095168
ds001894,pico-decoder-medium,pico-lm/pico-decoder-medium@c60aa3fc6d8f92347eb5568ad75796fe2d48278c,20000,,Phon,ses-11,96,-0.0029712235760123,-0.0072138851524113,-0.0020989906219815,pico-lm/pico-decoder-medium,0.2136860995937111,0.5240498443952196,96,5.0,-0.01390461794970095,,181095168
ds001894,pico-decoder-medium,pico-lm/pico-decoder-medium@c3958dd8dab803279fc41b6b59648a5f570ab75e,24000,,Phon,ses-11,96,0.002493694789136,0.0004085376553131,0.0016385557005037,pico-lm/pico-decoder-medium,0.2136860995937111,0.5240498443952196,96,5.0,0.011669897077429695,,181095168
ds001894,pico-decoder-medium,pico-lm/pico-decoder-medium@a7fda793c744670e4cf5da9c1d72830ad630fd7e,30000,,Phon,ses-11,96,0.0064187323881941,-0.000358653278165,0.0043692253225738,pico-lm/pico-decoder-medium,0.2136860995937111,0.5240498443952196,96,5.0,0.03003813725084721,,181095168
ds001894,pico-decoder-medium,pico-lm/pico-decoder-medium@61e1f3d4e3510de47689cd42fb60857460ac5abe,37000,,Phon,ses-11,96,-0.0048873410767571,-0.0089953564767839,-0.0032661440836132,pico-lm/pico-decoder-medium,0.2136860995937111,0.5240498443952196,96,5.0,-0.02287159102089267,,181095168
ds001894,pico-decoder-medium,pico-lm/pico-decoder-medium@150ab61d99f66be09f5eb2bf847ee0665582b9a7,45000,,Phon,ses-11,96,0.0135418425995827,-0.0029172008889746,0.0091584796604364,pico-lm/pico-decoder-medium,0.2136860995937111,0.5240498443952196,96,5.0,0.06337259477958689,,181095168
ds001894,pico-decoder-medium,pico-lm/pico-decoder-medium@82ba8a99abaa71414eba85a5d52d4e1391036516,55000,,Phon,ses-11,96,0.0189830832581041,0.0054623376761845,0.0127261287678507,pico-lm/pico-decoder-medium,0.2136860995937111,0.5240498443952196,96,5.0,0.08883630378483814,,181095168
ds001894,pico-decoder-medium,pico-lm/pico-decoder-medium@2c63090738dceda752da9ab9addfb006b940ab33,68000,,Phon,ses-11,96,0.0049067979753617,0.0008009250985292,0.0033111678076524,pico-lm/pico-decoder-medium,0.2136860995937111,0.5240498443952196,96,5.0,0.022962644667534143,,181095168
ds001894,pico-decoder-medium,pico-lm/pico-decoder-medium@4f83bfb44212f15f6b9bce8eac266f625ddcaa16,83000,,Phon,ses-11,96,0.0104241814993162,0.0002943954431916,0.0070744969464679,pico-lm/pico-decoder-medium,0.2136860995937111,0.5240498443952196,96,5.0,0.048782684129365754,,181095168
ds001894,pico-decoder-medium,pico-lm/pico-decoder-medium@44b1c3539608b56da6f5355f1863e011aece543c,102000,,Phon,ses-11,96,0.0068087617024025,0.0012914147845641,0.0046999765260925,pico-lm/pico-decoder-medium,0.2136860995937111,0.5240498443952196,96,5.0,0.03186338145227152,,181095168
ds001894,pico-decoder-medium,pico-lm/pico-decoder-medium@beb2346dad2ddcdb97d3ba99ba24d14448c1cfc6,125000,,Phon,ses-11,96,0.0181193084569211,0.0069440025199444,0.011975156139966,pico-lm/pico-decoder-medium,0.2136860995937111,0.5240498443952196,96,5.0,0.08479404365268484,,181095168
ds001894,pico-decoder-medium,pico-lm/pico-decoder-medium@a6f849d1da39698d655fd3552435d28fba898dc9,0,,Phon,ses-11+,96,0.0236789043640431,0.013236778184961,0.0157833165937436,pico-lm/pico-decoder-medium,0.1742624769225749,0.5457342923093875,96,4.0,0.13588068287680585,,181095168
ds001894,pico-decoder-medium,pico-lm/pico-decoder-medium@b09eab97230964af5bf3964d902db96684add7f0,1000,,Phon,ses-11+,96,0.0083109944960516,0.0103090616627418,0.0053077968006218,pico-lm/pico-decoder-medium,0.1742624769225749,0.5457342923093875,96,4.0,0.0476923927791075,,181095168
ds001894,pico-decoder-medium,pico-lm/pico-decoder-medium@e8ea2825c02325ec936fec3fbf2cebf7dcd7e5fd,2000,,Phon,ses-11+,96,0.0036832512736251,0.0029215365061558,0.0024199289625687,pico-lm/pico-decoder-medium,0.1742624769225749,0.5457342923093875,96,4.0,0.021136227021848048,,181095168
ds001894,pico-decoder-medium,pico-lm/pico-decoder-medium@7d53111bd8fb071fbb1f180e4435cfea1b3e3149,3000,,Phon,ses-11+,96,0.0074888696579932,0.0062426284924375,0.0048777625133243,pico-lm/pico-decoder-medium,0.1742624769225749,0.5457342923093875,96,4.0,0.04297465404052828,,181095168
ds001894,pico-decoder-medium,pico-lm/pico-decoder-medium@94db452b6d8323e895d44d7e57364a44ce9d64b9,4000,,Phon,ses-11+,96,-0.0135858912006627,-0.0069184645677569,-0.0090526546680366,pico-lm/pico-decoder-medium,0.1742624769225749,0.5457342923093875,96,4.0,-0.07796222939433446,,181095168
ds001894,pico-decoder-medium,pico-lm/pico-decoder-medium@2c8ff3af5ea6a6720939283915670af5878a5fad,5000,,Phon,ses-11+,96,-0.0215536703842066,-0.0311173178005211,-0.0141903618445103,pico-lm/pico-decoder-medium,0.1742624769225749,0.5457342923093875,96,4.0,-0.12368509139109121,,181095168
ds001894,pico-decoder-medium,pico-lm/pico-decoder-medium@a5e9eebb23febee9e0645d0ffebf5e1df3628c98,7000,,Phon,ses-11+,96,-0.0060133203036488,-0.0088293164858068,-0.0040205800748856,pico-lm/pico-decoder-medium,0.1742624769225749,0.5457342923093875,96,4.0,-0.0345072583027758,,181095168
ds001894,pico-decoder-medium,pico-lm/pico-decoder-medium@5fab2f64dc273534e825a1815e1163dfc3f7fbe0,8000,,Phon,ses-11+,96,-0.0040557943108509,-0.0061144613245571,-0.0027425989848497,pico-lm/pico-decoder-medium,0.1742624769225749,0.5457342923093875,96,4.0,-0.023274054073344177,,181095168
ds001894,pico-decoder-medium,pico-lm/pico-decoder-medium@63c66cd3b6df6ff5e2886a68acdafad325f8831a,10000,,Phon,ses-11+,96,-0.0051210657107557,-0.0055636526788184,-0.0035984345597487,pico-lm/pico-decoder-medium,0.1742624769225749,0.5457342923093875,96,4.0,-0.029387082068338774,,181095168
ds001894,pico-decoder-medium,pico-lm/pico-decoder-medium@cd8069f46d2fe40350c306d28a0c0d88cd5c1012,13000,,Phon,ses-11+,96,0.0148897256415556,0.0025612334442203,0.0098988697890811,pico-lm/pico-decoder-medium,0.1742624769225749,0.5457342923093875,96,4.0,0.08544424424869806,,181095168
ds001894,pico-decoder-medium,pico-lm/pico-decoder-medium@3b58b6ffc7765d89d6b7a1916f16f92afefad334,16000,,Phon,ses-11+,96,0.0018562824119702,-0.0088909390784566,0.0013703374470394,pico-lm/pico-decoder-medium,0.1742624769225749,0.5457342923093875,96,4.0,0.010652220975803926,,181095168
ds001894,pico-decoder-medium,pico-lm/pico-decoder-medium@c60aa3fc6d8f92347eb5568ad75796fe2d48278c,20000,,Phon,ses-11+,96,0.0025416378073089,-0.0006548491330961,0.0016196996109488,pico-lm/pico-decoder-medium,0.1742624769225749,0.5457342923093875,96,4.0,0.014585112367237576,,181095168
ds001894,pico-decoder-medium,pico-lm/pico-decoder-medium@c3958dd8dab803279fc41b6b59648a5f570ab75e,24000,,Phon,ses-11+,96,0.0002542004443417,-0.0022236179507894,-1.866368047779022e-05,pico-lm/pico-decoder-medium,0.1742624769225749,0.5457342923093875,96,4.0,0.0014587216297553354,,181095168
ds001894,pico-decoder-medium,pico-lm/pico-decoder-medium@a7fda793c744670e4cf5da9c1d72830ad630fd7e,30000,,Phon,ses-11+,96,0.0019231133277323,-0.0018680716796902,0.0012550844098621,pico-lm/pico-decoder-medium,0.1742624769225749,0.5457342923093875,96,4.0,0.011035728182532045,,181095168
ds001894,pico-decoder-medium,pico-lm/pico-decoder-medium@61e1f3d4e3510de47689cd42fb60857460ac5abe,37000,,Phon,ses-11+,96,0.0055232019896325,0.0025398568932726,0.0036411493748629,pico-lm/pico-decoder-medium,0.1742624769225749,0.5457342923093875,96,4.0,0.03169472904994038,,181095168
ds001894,pico-decoder-medium,pico-lm/pico-decoder-medium@150ab61d99f66be09f5eb2bf847ee0665582b9a7,45000,,Phon,ses-11+,96,0.0177813245114011,0.0028986147051785,0.0118466268764695,pico-lm/pico-decoder-medium,0.1742624769225749,0.5457342923093875,96,4.0,0.10203759768261167,,181095168
ds001894,pico-decoder-medium,pico-lm/pico-decoder-medium@82ba8a99abaa71414eba85a5d52d4e1391036516,55000,,Phon,ses-11+,96,0.025980870236481,0.0083012634738077,0.017115557043519,pico-lm/pico-decoder-medium,0.1742624769225749,0.5457342923093875,96,4.0,0.14909044503036842,,181095168
ds001894,pico-decoder-medium,pico-lm/pico-decoder-medium@2c63090738dceda752da9ab9addfb006b940ab33,68000,,Phon,ses-11+,96,0.0189515691317971,0.005932433179188,0.0125162104647448,pico-lm/pico-decoder-medium,0.1742624769225749,0.5457342923093875,96,4.0,0.10875301135664055,,181095168
ds001894,pico-decoder-medium,pico-lm/pico-decoder-medium@4f83bfb44212f15f6b9bce8eac266f625ddcaa16,83000,,Phon,ses-11+,96,0.0122313740320809,0.0036138561527941,0.0081860441848204,pico-lm/pico-decoder-medium,0.1742624769225749,0.5457342923093875,96,4.0,0.07018937322643083,,181095168
ds001894,pico-decoder-medium,pico-lm/pico-decoder-medium@44b1c3539608b56da6f5355f1863e011aece543c,102000,,Phon,ses-11+,96,0.0029072560161169,-0.0058841681176859,0.0016662626076047,pico-lm/pico-decoder-medium,0.1742624769225749,0.5457342923093875,96,4.0,0.016683201498441907,,181095168
ds001894,pico-decoder-medium,pico-lm/pico-decoder-medium@beb2346dad2ddcdb97d3ba99ba24d14448c1cfc6,125000,,Phon,ses-11+,96,0.0173612496402327,0.0011419568108805,0.0115451218526685,pico-lm/pico-decoder-medium,0.1742624769225749,0.5457342923093875,96,4.0,0.09962701062688516,,181095168
ds001894,pico-decoder-medium,pico-lm/pico-decoder-medium@a6f849d1da39698d655fd3552435d28fba898dc9,0,,Phon,ses-7,96,0.0090860351328613,0.0018899540446271,0.0061545891488976,pico-lm/pico-decoder-medium,,,96,,,0.0081448036195669,181095168
ds001894,pico-decoder-medium,pico-lm/pico-decoder-medium@b09eab97230964af5bf3964d902db96684add7f0,1000,,Phon,ses-7,96,0.0007956157945276,-0.0070307212524095,0.0005989694569831,pico-lm/pico-decoder-medium,,,96,,,0.0081448036195669,181095168
ds001894,pico-decoder-medium,pico-lm/pico-decoder-medium@e8ea2825c02325ec936fec3fbf2cebf7dcd7e5fd,2000,,Phon,ses-7,96,0.0088223518866753,-0.0001408459230651,0.0060247130218615,pico-lm/pico-decoder-medium,,,96,,,0.0081448036195669,181095168
ds001894,pico-decoder-medium,pico-lm/pico-decoder-medium@7d53111bd8fb071fbb1f180e4435cfea1b3e3149,3000,,Phon,ses-7,96,0.0212336528735547,0.0121910713853896,0.0141755463455743,pico-lm/pico-decoder-medium,,,96,,,0.0081448036195669,181095168
ds001894,pico-decoder-medium,pico-lm/pico-decoder-medium@94db452b6d8323e895d44d7e57364a44ce9d64b9,4000,,Phon,ses-7,96,-0.0010270922670405,-0.003410341598196,-0.0008288983041063,pico-lm/pico-decoder-medium,,,96,,,0.0081448036195669,181095168
ds001894,pico-decoder-medium,pico-lm/pico-decoder-medium@2c8ff3af5ea6a6720939283915670af5878a5fad,5000,,Phon,ses-7,96,0.0035414539678393,-0.0064458757263899,0.0024709173679977,pico-lm/pico-decoder-medium,,,96,,,0.0081448036195669,181095168
ds001894,pico-decoder-medium,pico-lm/pico-decoder-medium@a5e9eebb23febee9e0645d0ffebf5e1df3628c98,7000,,Phon,ses-7,96,-0.0128855637129888,-0.0027075734912178,-0.0084373304395008,pico-lm/pico-decoder-medium,,,96,,,0.0081448036195669,181095168
ds001894,pico-decoder-medium,pico-lm/pico-decoder-medium@5fab2f64dc273534e825a1815e1163dfc3f7fbe0,8000,,Phon,ses-7,96,-0.0086227417490606,-0.0030902062023343,-0.0057593809045535,pico-lm/pico-decoder-medium,,,96,,,0.0081448036195669,181095168
ds001894,pico-decoder-medium,pico-lm/pico-decoder-medium@63c66cd3b6df6ff5e2886a68acdafad325f8831a,10000,,Phon,ses-7,96,-0.0151233916795867,-0.0037332561427872,-0.0101790174053251,pico-lm/pico-decoder-medium,,,96,,,0.0081448036195669,181095168
ds001894,pico-decoder-medium,pico-lm/pico-decoder-medium@cd8069f46d2fe40350c306d28a0c0d88cd5c1012,13000,,Phon,ses-7,96,0.0029079003186458,-0.0041981346740131,0.0019267844979854,pico-lm/pico-decoder-medium,,,96,,,0.0081448036195669,181095168
ds001894,pico-decoder-medium,pico-lm/pico-decoder-medium@3b58b6ffc7765d89d6b7a1916f16f92afefad334,16000,,Phon,ses-7,96,0.0059937178643039,0.0040953450429167,0.0040942727514113,pico-lm/pico-decoder-medium,,,96,,,0.0081448036195669,181095168
ds001894,pico-decoder-medium,pico-lm/pico-decoder-medium@c60aa3fc6d8f92347eb5568ad75796fe2d48278c,20000,,Phon,ses-7,96,0.0036505680122243,-0.0019835856735181,0.0024861176850879,pico-lm/pico-decoder-medium,,,96,,,0.0081448036195669,181095168
ds001894,pico-decoder-medium,pico-lm/pico-decoder-medium@c3958dd8dab803279fc41b6b59648a5f570ab75e,24000,,Phon,ses-7,96,0.0033991332216176,0.0010991965718945,0.0022288667490177,pico-lm/pico-decoder-medium,,,96,,,0.0081448036195669,181095168
ds001894,pico-decoder-medium,pico-lm/pico-decoder-medium@a7fda793c744670e4cf5da9c1d72830ad630fd7e,30000,,Phon,ses-7,96,0.0096120749264688,-0.0025214358149893,0.0062606065503746,pico-lm/pico-decoder-medium,,,96,,,0.0081448036195669,181095168
ds001894,pico-decoder-medium,pico-lm/pico-decoder-medium@61e1f3d4e3510de47689cd42fb60857460ac5abe,37000,,Phon,ses-7,96,-0.0002903139111527,-0.0062421563373446,-0.0004169504700553,pico-lm/pico-decoder-medium,,,96,,,0.0081448036195669,181095168
ds001894,pico-decoder-medium,pico-lm/pico-decoder-medium@150ab61d99f66be09f5eb2bf847ee0665582b9a7,45000,,Phon,ses-7,96,-0.0060241285386861,-0.0109547696942935,-0.0039707461239191,pico-lm/pico-decoder-medium,,,96,,,0.0081448036195669,181095168
ds001894,pico-decoder-medium,pico-lm/pico-decoder-medium@82ba8a99abaa71414eba85a5d52d4e1391036516,55000,,Phon,ses-7,96,0.0077967737495613,0.0004084666532879,0.0050074462312834,pico-lm/pico-decoder-medium,,,96,,,0.0081448036195669,181095168
ds001894,pico-decoder-medium,pico-lm/pico-decoder-medium@2c63090738dceda752da9ab9addfb006b940ab33,68000,,Phon,ses-7,96,-0.0039473052057485,-0.0012733198631573,-0.0028328388420052,pico-lm/pico-decoder-medium,,,96,,,0.0081448036195669,181095168
ds001894,pico-decoder-medium,pico-lm/pico-decoder-medium@4f83bfb44212f15f6b9bce8eac266f625ddcaa16,83000,,Phon,ses-7,96,0.0051823873399946,-0.0006811034071794,0.0034533581156224,pico-lm/pico-decoder-medium,,,96,,,0.0081448036195669,181095168
ds001894,pico-decoder-medium,pico-lm/pico-decoder-medium@44b1c3539608b56da6f5355f1863e011aece543c,102000,,Phon,ses-7,96,0.0021716883060731,-0.001564519225584,0.001403624217376,pico-lm/pico-decoder-medium,,,96,,,0.0081448036195669,181095168
ds001894,pico-decoder-medium,pico-lm/pico-decoder-medium@beb2346dad2ddcdb97d3ba99ba24d14448c1cfc6,125000,,Phon,ses-7,96,0.0034766378421501,0.0016038232915636,0.0023281498327965,pico-lm/pico-decoder-medium,,,96,,,0.0081448036195669,181095168
ds001894,pico-decoder-medium,pico-lm/pico-decoder-medium@a6f849d1da39698d655fd3552435d28fba898dc9,0,,Phon,ses-9,96,0.0239077208580542,0.0120184948505869,0.0158046740013006,pico-lm/pico-decoder-medium,0.1650755388561307,0.607179038133363,96,3.0,0.14482897359426852,0.008728626502912,181095168
ds001894,pico-decoder-medium,pico-lm/pico-decoder-medium@b09eab97230964af5bf3964d902db96684add7f0,1000,,Phon,ses-9,96,0.0040394233821667,0.0071448797280866,0.0026331182199851,pico-lm/pico-decoder-medium,0.1650755388561307,0.607179038133363,96,3.0,0.024470151120858697,0.008728626502912,181095168
ds001894,pico-decoder-medium,pico-lm/pico-decoder-medium@e8ea2825c02325ec936fec3fbf2cebf7dcd7e5fd,2000,,Phon,ses-9,96,0.0050674754587495,-0.0006726172052303,0.0034456617525388,pico-lm/pico-decoder-medium,0.1650755388561307,0.607179038133363,96,3.0,0.03069791862479388,0.008728626502912,181095168
ds001894,pico-decoder-medium,pico-lm/pico-decoder-medium@7d53111bd8fb071fbb1f180e4435cfea1b3e3149,3000,,Phon,ses-9,96,-0.0104318360563495,-0.0068969906610853,-0.0069732897719182,pico-lm/pico-decoder-medium,0.1650755388561307,0.607179038133363,96,3.0,-0.06319431775680116,0.008728626502912,181095168
ds001894,pico-decoder-medium,pico-lm/pico-decoder-medium@94db452b6d8323e895d44d7e57364a44ce9d64b9,4000,,Phon,ses-9,96,-0.0193837984265709,-0.0091483708241036,-0.0131215294212719,pico-lm/pico-decoder-medium,0.1650755388561307,0.607179038133363,96,3.0,-0.11742380828127771,0.008728626502912,181095168
ds001894,pico-decoder-medium,pico-lm/pico-decoder-medium@2c8ff3af5ea6a6720939283915670af5878a5fad,5000,,Phon,ses-9,96,-0.0175155475034712,-0.0127107761393282,-0.0115364634441994,pico-lm/pico-decoder-medium,0.1650755388561307,0.607179038133363,96,3.0,-0.10610625671642748,0.008728626502912,181095168
ds001894,pico-decoder-medium,pico-lm/pico-decoder-medium@a5e9eebb23febee9e0645d0ffebf5e1df3628c98,7000,,Phon,ses-9,96,-0.0316867693907047,-0.0167541137828686,-0.0211074681659181,pico-lm/pico-decoder-medium,0.1650755388561307,0.607179038133363,96,3.0,-0.1919531482997058,0.008728626502912,181095168
ds001894,pico-decoder-medium,pico-lm/pico-decoder-medium@5fab2f64dc273534e825a1815e1163dfc3f7fbe0,8000,,Phon,ses-9,96,-0.021086262247288,-0.0106930109503873,-0.0139494656799929,pico-lm/pico-decoder-medium,0.1650755388561307,0.607179038133363,96,3.0,-0.12773704931331736,0.008728626502912,181095168
ds001894,pico-decoder-medium,pico-lm/pico-decoder-medium@63c66cd3b6df6ff5e2886a68acdafad325f8831a,10000,,Phon,ses-9,96,-0.0300598998101088,-0.0162048573023318,-0.019945702158445,pico-lm/pico-decoder-medium,0.1650755388561307,0.607179038133363,96,3.0,-0.18209784452866207,0.008728626502912,181095168
ds001894,pico-decoder-medium,pico-lm/pico-decoder-medium@cd8069f46d2fe40350c306d28a0c0d88cd5c1012,13000,,Phon,ses-9,96,-0.0072266691555567,-0.0057279825325574,-0.0047959886555608,pico-lm/pico-decoder-medium,0.1650755388561307,0.607179038133363,96,3.0,-0.04377795284288003,0.008728626502912,181095168
ds001894,pico-decoder-medium,pico-lm/pico-decoder-medium@3b58b6ffc7765d89d6b7a1916f16f92afefad334,16000,,Phon,ses-9,96,0.0027271654229037,-0.0058418179428117,0.0018796442740982,pico-lm/pico-decoder-medium,0.1650755388561307,0.607179038133363,96,3.0,0.016520711922561243,0.008728626502912,181095168
ds001894,pico-decoder-medium,pico-lm/pico-decoder-medium@c60aa3fc6d8f92347eb5568ad75796fe2d48278c,20000,,Phon,ses-9,96,-0.0234715891730861,-0.0210564049327911,-0.0156519011940907,pico-lm/pico-decoder-medium,0.1650755388561307,0.607179038133363,96,3.0,-0.1421869608043045,0.008728626502912,181095168
ds001894,pico-decoder-medium,pico-lm/pico-decoder-medium@c3958dd8dab803279fc41b6b59648a5f570ab75e,24000,,Phon,ses-9,96,-0.0168453180939809,-0.0071302731181475,-0.0111601112894101,pico-lm/pico-decoder-medium,0.1650755388561307,0.607179038133363,96,3.0,-0.10204611907196139,0.008728626502912,181095168
ds001894,pico-decoder-medium,pico-lm/pico-decoder-medium@a7fda793c744670e4cf5da9c1d72830ad630fd7e,30000,,Phon,ses-9,96,-0.0201628609235391,-0.0222265426076449,-0.0133304856789923,pico-lm/pico-decoder-medium,0.1650755388561307,0.607179038133363,96,3.0,-0.1221432385637206,0.008728626502912,181095168
ds001894,pico-decoder-medium,pico-lm/pico-decoder-medium@61e1f3d4e3510de47689cd42fb60857460ac5abe,37000,,Phon,ses-9,96,-0.0161119438727273,-0.0184873428290711,-0.0106250216460211,pico-lm/pico-decoder-medium,0.1650755388561307,0.607179038133363,96,3.0,-0.09760346072090938,0.008728626502912,181095168
ds001894,pico-decoder-medium,pico-lm/pico-decoder-medium@150ab61d99f66be09f5eb2bf847ee0665582b9a7,45000,,Phon,ses-9,96,-0.0023399163165042,-0.004531622648578,-0.0013797654918168,pico-lm/pico-decoder-medium,0.1650755388561307,0.607179038133363,96,3.0,-0.014174821616323918,0.008728626502912,181095168
ds001894,pico-decoder-medium,pico-lm/pico-decoder-medium@82ba8a99abaa71414eba85a5d52d4e1391036516,55000,,Phon,ses-9,96,-0.0087107771913239,-0.0016106620767383,-0.0056600978207747,pico-lm/pico-decoder-medium,0.1650755388561307,0.607179038133363,96,3.0,-0.05276843105698209,0.008728626502912,181095168
ds001894,pico-decoder-medium,pico-lm/pico-decoder-medium@2c63090738dceda752da9ab9addfb006b940ab33,68000,,Phon,ses-9,96,-0.0061621403930983,0.0009899726877537,-0.0040500186636804,pico-lm/pico-decoder-medium,0.1650755388561307,0.607179038133363,96,3.0,-0.03732921567785297,0.008728626502912,181095168
ds001894,pico-decoder-medium,pico-lm/pico-decoder-medium@4f83bfb44212f15f6b9bce8eac266f625ddcaa16,83000,,Phon,ses-9,96,0.0032027980037713,0.0050946570758475,0.002244259475185,pico-lm/pico-decoder-medium,0.1650755388561307,0.607179038133363,96,3.0,0.01940201453204193,0.008728626502912,181095168
ds001894,pico-decoder-medium,pico-lm/pico-decoder-medium@44b1c3539608b56da6f5355f1863e011aece543c,102000,,Phon,ses-9,96,0.001656853251102,0.0058258387578088,0.001367451310883,pico-lm/pico-decoder-medium,0.1650755388561307,0.607179038133363,96,3.0,0.010036939831200598,0.008728626502912,181095168
ds001894,pico-decoder-medium,pico-lm/pico-decoder-medium@beb2346dad2ddcdb97d3ba99ba24d14448c1cfc6,125000,,Phon,ses-9,96,0.0049397542205681,0.0110323800477691,0.0035434055637008,pico-lm/pico-decoder-medium,0.1650755388561307,0.607179038133363,96,3.0,0.029924204729528548,0.008728626502912,181095168
ds001894,pico-decoder-small,pico-lm/pico-decoder-small@a8294defc7001e32644ce53dbcb87ef35587ff22,0,,Orth,ses-11,96,0.0099807993543438,0.0040371289120637,0.0066675517484212,pico-lm/pico-decoder-small,0.2136860995937111,0.5240498443952196,96,5.0,0.046707761400112804,,64595328
ds001894,pico-decoder-small,pico-lm/pico-decoder-small@5e3d06988f3cc3adbf36b55cd8b1ddb3ae9f9bde,1000,,Orth,ses-11,96,0.0115847855010826,0.0199930693950248,0.007488753689444,pico-lm/pico-decoder-small,0.2136860995937111,0.5240498443952196,96,5.0,0.054214034151538915,,64595328
ds001894,pico-decoder-small,pico-lm/pico-decoder-small@9f1ca389bbb1cc08b42a32bfe58fb818b24b3490,2000,,Orth,ses-11,96,0.0024460744917348,0.0064738563100756,0.0015779468412201,pico-lm/pico-decoder-small,0.2136860995937111,0.5240498443952196,96,5.0,0.011447045439013617,,64595328
ds001894,pico-decoder-small,pico-lm/pico-decoder-small@f2269f20ce160cf71bea0a02ccf685e126dd2dc1,3000,,Orth,ses-11,96,-0.0162488183578944,-0.0057454021056794,-0.0108920854450229,pico-lm/pico-decoder-small,0.2136860995937111,0.5240498443952196,96,5.0,-0.0760405959432497,,64595328
ds001894,pico-decoder-small,pico-lm/pico-decoder-small@10da1c98e1cd32fc61ab4ced31075c08cf699861,4000,,Orth,ses-11,96,0.0016768454865162,0.0025861903739895,0.0010368925164413,pico-lm/pico-decoder-small,0.2136860995937111,0.5240498443952196,96,5.0,0.007847237090781504,,64595328
ds001894,pico-decoder-small,pico-lm/pico-decoder-small@be2865b50166a683e659f4a1f99e058c77288911,5000,,Orth,ses-11,96,0.009511810771544,0.00404413180242,0.0062702270042291,pico-lm/pico-decoder-small,0.2136860995937111,0.5240498443952196,96,5.0,0.04451300664680174,,64595328
ds001894,pico-decoder-small,pico-lm/pico-decoder-small@c5bddf28e9cfbede4fe480513c4a3487279f7d47,7000,,Orth,ses-11,96,0.0125460417182381,-0.0004494764106468,0.0083801849436049,pico-lm/pico-decoder-small,0.2136860995937111,0.5240498443952196,96,5.0,0.05871248406935374,,64595328
ds001894,pico-decoder-small,pico-lm/pico-decoder-small@9fe9969ca88ccf3b71599f85000ce082bf854421,8000,,Orth,ses-11,96,-0.0088665843753166,-0.0041355201333234,-0.005934473164706,pico-lm/pico-decoder-small,0.2136860995937111,0.5240498443952196,96,5.0,-0.04149350094449264,,64595328
ds001894,pico-decoder-small,pico-lm/pico-decoder-small@8ce4e4fa15c0cec038fcb9f29d30cc50bac60a3d,10000,,Orth,ses-11,96,-0.0048807795939611,-0.0129789677309939,-0.0032519058119085,pico-lm/pico-decoder-small,0.2136860995937111,0.5240498443952196,96,5.0,-0.022840884845767215,,64595328
ds001894,pico-decoder-small,pico-lm/pico-decoder-small@c2395fd6ba7da947893c62b8169b47a83345153b,13000,,Orth,ses-11,96,0.0057109859929288,-0.0076893846931657,0.0038366369971869,pico-lm/pico-decoder-small,0.2136860995937111,0.5240498443952196,96,5.0,0.02672605285878351,,64595328
ds001894,pico-decoder-small,pico-lm/pico-decoder-small@cbb63c23390c0d43e0d6dfaa0c69aed19778fa74,16000,,Orth,ses-11,96,-0.0188140451552574,-0.0192913652168325,-0.0124640676048533,pico-lm/pico-decoder-small,0.2136860995937111,0.5240498443952196,96,5.0,-0.08804524576483545,,64595328
ds001894,pico-decoder-small,pico-lm/pico-decoder-small@082423f29dc36ca1b544cb85c655531783bb8985,20000,,Orth,ses-11,96,-0.0100964238789871,-0.005161785918649,-0.0066540831130249,pico-lm/pico-decoder-small,0.2136860995937111,0.5240498443952196,96,5.0,-0.047248856608753616,,64595328
ds001894,pico-decoder-small,pico-lm/pico-decoder-small@bbc3997ae0773f6e0f145401283a22dced84175c,24000,,Orth,ses-11,96,-0.0130211009951465,-0.0100390026812045,-0.0085229524788061,pico-lm/pico-decoder-small,0.2136860995937111,0.5240498443952196,96,5.0,-0.06093564822374491,,64595328
ds001894,pico-decoder-small,pico-lm/pico-decoder-small@4e76d0f5009af59c7519cc564d83ccb252becc09,30000,,Orth,ses-11,96,-0.0031463381945973,-0.007721262086092,-0.0020828282595059,pico-lm/pico-decoder-small,0.2136860995937111,0.5240498443952196,96,5.0,-0.014724112614622774,,64595328
ds001894,pico-decoder-small,pico-lm/pico-decoder-small@ad19a8ed94822569698ab34f7cbdb71a73e75edb,37000,,Orth,ses-11,96,0.012095278632824,-0.008177832362904,0.0079555381104658,pico-lm/pico-decoder-small,0.2136860995937111,0.5240498443952196,96,5.0,0.05660302029856495,,64595328
ds001894,pico-decoder-small,pico-lm/pico-decoder-small@9b211dca4e657296153efe83773900826fe138d5,45000,,Orth,ses-11,96,0.0163243747574231,-0.0037656728730382,0.0107720221809184,pico-lm/pico-decoder-small,0.2136860995937111,0.5240498443952196,96,5.0,0.07639418187922006,,64595328
ds001894,pico-decoder-small,pico-lm/pico-decoder-small@497f4bdf16cbdcb120415cd944d84b34d1fef37a,55000,,Orth,ses-11,96,0.0104842852689527,0.0053122392361097,0.0069525095915924,pico-lm/pico-decoder-small,0.2136860995937111,0.5240498443952196,96,5.0,0.04906395544158858,,64595328
ds001894,pico-decoder-small,pico-lm/pico-decoder-small@e7396619711d862dc1bed1a5f5797fb2b5cc9768,68000,,Orth,ses-11,96,-0.0012984467758057,-0.0079681343454441,-0.0009162520251055,pico-lm/pico-decoder-small,0.2136860995937111,0.5240498443952196,96,5.0,-0.006076421340810107,,64595328
ds001894,pico-decoder-small,pico-lm/pico-decoder-small@d63e823855aefabdb4d0fb89c6cb30f1917edff8,83000,,Orth,ses-11,96,0.0299234737169787,0.0054176486381931,0.0198085144864794,pico-lm/pico-decoder-small,0.2136860995937111,0.5240498443952196,96,5.0,0.140034722772671,,64595328
ds001894,pico-decoder-small,pico-lm/pico-decoder-small@a29b66f6847b3a1ec6358c6bdf5686f8db25e228,102000,,Orth,ses-11,96,0.0150170184837322,0.0015282730457909,0.0099281159687989,pico-lm/pico-decoder-small,0.2136860995937111,0.5240498443952196,96,5.0,0.07027606621247047,,64595328
ds001894,pico-decoder-small,pico-lm/pico-decoder-small@ef21ca419b33425716396ead8c1e60e01f301271,125000,,Orth,ses-11,96,0.0076327894539995,-0.0005691235443599,0.0050430419105451,pico-lm/pico-decoder-small,0.2136860995937111,0.5240498443952196,96,5.0,0.03571963486867883,,64595328
ds001894,pico-decoder-small,pico-lm/pico-decoder-small@a8294defc7001e32644ce53dbcb87ef35587ff22,0,,Orth,ses-11+,96,-0.013884772019454,-0.0119619668138885,-0.0093753246903175,pico-lm/pico-decoder-small,0.1742624769225749,0.5457342923093875,96,4.0,-0.07967734801349705,,64595328
ds001894,pico-decoder-small,pico-lm/pico-decoder-small@5e3d06988f3cc3adbf36b55cd8b1ddb3ae9f9bde,1000,,Orth,ses-11+,96,0.0204351937191926,0.0224309818502988,0.0137460892855081,pico-lm/pico-decoder-small,0.1742624769225749,0.5457342923093875,96,4.0,0.11726674657718762,,64595328
ds001894,pico-decoder-small,pico-lm/pico-decoder-small@9f1ca389bbb1cc08b42a32bfe58fb818b24b3490,2000,,Orth,ses-11+,96,0.0099640619161087,0.0115648075159659,0.0066515817950227,pico-lm/pico-decoder-small,0.1742624769225749,0.5457342923093875,96,4.0,0.0571784706155402,,64595328
ds001894,pico-decoder-small,pico-lm/pico-decoder-small@f2269f20ce160cf71bea0a02ccf685e126dd2dc1,3000,,Orth,ses-11+,96,-0.0019265983323952,0.0008816098730427,-0.0013999684449113,pico-lm/pico-decoder-small,0.1742624769225749,0.5457342923093875,96,4.0,-0.011055726777321034,,64595328
ds001894,pico-decoder-small,pico-lm/pico-decoder-small@10da1c98e1cd32fc61ab4ced31075c08cf699861,4000,,Orth,ses-11+,96,0.0071249837636648,0.0014945856165231,0.0047359570235085,pico-lm/pico-decoder-small,0.1742624769225749,0.5457342923093875,96,4.0,0.040886505744036,,64595328
ds001894,pico-decoder-small,pico-lm/pico-decoder-small@be2865b50166a683e659f4a1f99e058c77288911,5000,,Orth,ses-11+,96,0.0153606656092883,0.0072565062421135,0.0103344839396143,pico-lm/pico-decoder-small,0.1742624769225749,0.5457342923093875,96,4.0,0.08814671913628926,,64595328
ds001894,pico-decoder-small,pico-lm/pico-decoder-small@c5bddf28e9cfbede4fe480513c4a3487279f7d47,7000,,Orth,ses-11+,96,0.0091654262145009,-0.0012457447611629,0.0061391964227304,pico-lm/pico-decoder-small,0.1742624769225749,0.5457342923093875,96,4.0,0.05259552358235511,,64595328
ds001894,pico-decoder-small,pico-lm/pico-decoder-small@9fe9969ca88ccf3b71599f85000ce082bf854421,8000,,Orth,ses-11+,96,-0.0166947836611692,-0.0095114681562426,-0.0111012341118204,pico-lm/pico-decoder-small,0.1742624769225749,0.5457342923093875,96,4.0,-0.09580251558450371,,64595328
ds001894,pico-decoder-small,pico-lm/pico-decoder-small@8ce4e4fa15c0cec038fcb9f29d30cc50bac60a3d,10000,,Orth,ses-11+,96,0.0199156811113893,0.0006313933186079,0.0134767165775812,pico-lm/pico-decoder-small,0.1742624769225749,0.5457342923093875,96,4.0,0.11428553905060049,,64595328
ds001894,pico-decoder-small,pico-lm/pico-decoder-small@c2395fd6ba7da947893c62b8169b47a83345153b,13000,,Orth,ses-11+,96,0.0089096041931993,0.0004222288744529,0.0061772934199943,pico-lm/pico-decoder-small,0.1742624769225749,0.5457342923093875,96,4.0,0.051127496581824965,,64595328
ds001894,pico-decoder-small,pico-lm/pico-decoder-small@cbb63c23390c0d43e0d6dfaa0c69aed19778fa74,16000,,Orth,ses-11+,96,0.0079999300189498,0.005515694065615,0.0055036692411001,pico-lm/pico-decoder-small,0.1742624769225749,0.5457342923093875,96,4.0,0.04590735860195642,,64595328
ds001894,pico-decoder-small,pico-lm/pico-decoder-small@082423f29dc36ca1b544cb85c655531783bb8985,20000,,Orth,ses-11+,96,-0.0090924281680702,-0.005028506804476,-0.0061078337431646,pico-lm/pico-decoder-small,0.1742624769225749,0.5457342923093875,96,4.0,-0.05217662648115567,,64595328
ds001894,pico-decoder-small,pico-lm/pico-decoder-small@bbc3997ae0773f6e0f145401283a22dced84175c,24000,,Orth,ses-11+,96,-0.0044605341237337,-0.0054762303137562,-0.0030071614658493,pico-lm/pico-decoder-small,0.1742624769225749,0.5457342923093875,96,4.0,-0.025596641356793765,,64595328
ds001894,pico-decoder-small,pico-lm/pico-decoder-small@4e76d0f5009af59c7519cc564d83ccb252becc09,30000,,Orth,ses-11+,96,-0.0014269559588986,-0.00680512192961,-0.001017074381501,pico-lm/pico-decoder-small,0.1742624769225749,0.5457342923093875,96,4.0,-0.008188543994658121,,64595328
ds001894,pico-decoder-small,pico-lm/pico-decoder-small@ad19a8ed94822569698ab34f7cbdb71a73e75edb,37000,,Orth,ses-11+,96,0.0058093095202797,-0.0042963284083221,0.0038731947218341,pico-lm/pico-decoder-small,0.1742624769225749,0.5457342923093875,96,4.0,0.033336548537989535,,64595328
ds001894,pico-decoder-small,pico-lm/pico-decoder-small@9b211dca4e657296153efe83773900826fe138d5,45000,,Orth,ses-11+,96,0.0052770928511018,-0.0077688693195673,0.0034914551128864,pico-lm/pico-decoder-small,0.1742624769225749,0.5457342923093875,96,4.0,0.030282439136030532,,64595328
ds001894,pico-decoder-small,pico-lm/pico-decoder-small@497f4bdf16cbdcb120415cd944d84b34d1fef37a,55000,,Orth,ses-11+,96,-0.0081598042440089,0.0041960888991035,-0.0054303613827285,pico-lm/pico-decoder-small,0.1742624769225749,0.5457342923093875,96,4.0,-0.04682479204995068,,64595328
ds001894,pico-decoder-small,pico-lm/pico-decoder-small@e7396619711d862dc1bed1a5f5797fb2b5cc9768,68000,,Orth,ses-11+,96,-0.009801250172684,-0.0030586847639036,-0.0067206566536982,pico-lm/pico-decoder-small,0.1742624769225749,0.5457342923093875,96,4.0,-0.05624418030646214,,64595328
ds001894,pico-decoder-small,pico-lm/pico-decoder-small@d63e823855aefabdb4d0fb89c6cb30f1917edff8,83000,,Orth,ses-11+,96,0.0073934297356554,-0.0059920355719765,0.0050212996848339,pico-lm/pico-decoder-small,0.1742624769225749,0.5457342923093875,96,4.0,0.04242697490717014,,64595328
ds001894,pico-decoder-small,pico-lm/pico-decoder-small@a29b66f6847b3a1ec6358c6bdf5686f8db25e228,102000,,Orth,ses-11+,96,0.0053107461731751,0.0018868360485748,0.0037758357288263,pico-lm/pico-decoder-small,0.1742624769225749,0.5457342923093875,96,4.0,0.03047555771593143,,64595328
ds001894,pico-decoder-small,pico-lm/pico-decoder-small@ef21ca419b33425716396ead8c1e60e01f301271,125000,,Orth,ses-11+,96,-0.0030348732243083,-0.0006845976397768,-0.0019643042680181,pico-lm/pico-decoder-small,0.1742624769225749,0.5457342923093875,96,4.0,-0.01741552902210095,,64595328
ds001894,pico-decoder-small,pico-lm/pico-decoder-small@a8294defc7001e32644ce53dbcb87ef35587ff22,0,,Orth,ses-7,96,-0.0234461462471164,-0.0186423605662244,-0.0156118801060558,pico-lm/pico-decoder-small,,,96,,,,64595328
ds001894,pico-decoder-small,pico-lm/pico-decoder-small@5e3d06988f3cc3adbf36b55cd8b1ddb3ae9f9bde,1000,,Orth,ses-7,96,0.0078686003828693,0.0065172720987737,0.005104420406137,pico-lm/pico-decoder-small,,,96,,,,64595328
ds001894,pico-decoder-small,pico-lm/pico-decoder-small@9f1ca389bbb1cc08b42a32bfe58fb818b24b3490,2000,,Orth,ses-7,96,0.0061203175528857,-0.0034390743154248,0.004046940118447,pico-lm/pico-decoder-small,,,96,,,,64595328
ds001894,pico-decoder-small,pico-lm/pico-decoder-small@f2269f20ce160cf71bea0a02ccf685e126dd2dc1,3000,,Orth,ses-7,96,0.0143234158641548,-0.0023709628012941,0.0094586378206978,pico-lm/pico-decoder-small,,,96,,,,64595328
ds001894,pico-decoder-small,pico-lm/pico-decoder-small@10da1c98e1cd32fc61ab4ced31075c08cf699861,4000,,Orth,ses-7,96,0.0050171646825696,-0.0055317912479925,0.0033508040775331,pico-lm/pico-decoder-small,,,96,,,,64595328
ds001894,pico-decoder-small,pico-lm/pico-decoder-small@be2865b50166a683e659f4a1f99e058c77288911,5000,,Orth,ses-7,96,0.0123668351268251,0.0091782266767954,0.0082851348595221,pico-lm/pico-decoder-small,,,96,,,,64595328
ds001894,pico-decoder-small,pico-lm/pico-decoder-small@c5bddf28e9cfbede4fe480513c4a3487279f7d47,7000,,Orth,ses-7,96,-0.0031938771157412,-0.0043359347704687,-0.002250801383806,pico-lm/pico-decoder-small,,,96,,,,64595328
ds001894,pico-decoder-small,pico-lm/pico-decoder-small@9fe9969ca88ccf3b71599f85000ce082bf854421,8000,,Orth,ses-7,96,-0.0066227117853862,-0.0053151544586781,-0.0044748579058965,pico-lm/pico-decoder-small,,,96,,,,64595328
ds001894,pico-decoder-small,pico-lm/pico-decoder-small@8ce4e4fa15c0cec038fcb9f29d30cc50bac60a3d,10000,,Orth,ses-7,96,0.0018685952851467,-0.004325924707104,0.0011942831415014,pico-lm/pico-decoder-small,,,96,,,,64595328
ds001894,pico-decoder-small,pico-lm/pico-decoder-small@c2395fd6ba7da947893c62b8169b47a83345153b,13000,,Orth,ses-7,96,0.0083285172214978,0.0037824692924897,0.0052924040744546,pico-lm/pico-decoder-small,,,96,,,,64595328
ds001894,pico-decoder-small,pico-lm/pico-decoder-small@cbb63c23390c0d43e0d6dfaa0c69aed19778fa74,16000,,Orth,ses-7,96,-0.0038919703632176,-0.0044186336845572,-0.0026889168523414,pico-lm/pico-decoder-small,,,96,,,,64595328
ds001894,pico-decoder-small,pico-lm/pico-decoder-small@082423f29dc36ca1b544cb85c655531783bb8985,20000,,Orth,ses-7,96,-0.0070487011791212,-0.0073867297897112,-0.0047299923421187,pico-lm/pico-decoder-small,,,96,,,,64595328
ds001894,pico-decoder-small,pico-lm/pico-decoder-small@bbc3997ae0773f6e0f145401283a22dced84175c,24000,,Orth,ses-7,96,0.00378682464531,-0.0019319325639448,0.002615993812124,pico-lm/pico-decoder-small,,,96,,,,64595328
ds001894,pico-decoder-small,pico-lm/pico-decoder-small@4e76d0f5009af59c7519cc564d83ccb252becc09,30000,,Orth,ses-7,96,0.001794568708633,-0.0029755427362159,0.0010976937848019,pico-lm/pico-decoder-small,,,96,,,,64595328
ds001894,pico-decoder-small,pico-lm/pico-decoder-small@ad19a8ed94822569698ab34f7cbdb71a73e75edb,37000,,Orth,ses-7,96,0.0097036630814785,0.0035406129736633,0.0064647525811677,pico-lm/pico-decoder-small,,,96,,,,64595328
ds001894,pico-decoder-small,pico-lm/pico-decoder-small@9b211dca4e657296153efe83773900826fe138d5,45000,,Orth,ses-7,96,-0.0062086261055119,-0.0126279944413289,-0.0040280840288921,pico-lm/pico-decoder-small,,,96,,,,64595328
ds001894,pico-decoder-small,pico-lm/pico-decoder-small@497f4bdf16cbdcb120415cd944d84b34d1fef37a,55000,,Orth,ses-7,96,0.0034394137096557,0.0006922471300096,0.0020072114922093,pico-lm/pico-decoder-small,,,96,,,,64595328
ds001894,pico-decoder-small,pico-lm/pico-decoder-small@e7396619711d862dc1bed1a5f5797fb2b5cc9768,68000,,Orth,ses-7,96,-0.001188910536717,-0.0005261304169103,-0.001127517191751,pico-lm/pico-decoder-small,,,96,,,,64595328
ds001894,pico-decoder-small,pico-lm/pico-decoder-small@d63e823855aefabdb4d0fb89c6cb30f1917edff8,83000,,Orth,ses-7,96,0.0216350162678225,0.0050679465861095,0.0144945605953906,pico-lm/pico-decoder-small,,,96,,,,64595328
ds001894,pico-decoder-small,pico-lm/pico-decoder-small@a29b66f6847b3a1ec6358c6bdf5686f8db25e228,102000,,Orth,ses-7,96,0.0128690243367176,0.0089590373707202,0.0086008781550278,pico-lm/pico-decoder-small,,,96,,,,64595328
ds001894,pico-decoder-small,pico-lm/pico-decoder-small@ef21ca419b33425716396ead8c1e60e01f301271,125000,,Orth,ses-7,96,0.0050908179154454,0.0012735443625739,0.0033529205773811,pico-lm/pico-decoder-small,,,96,,,,64595328
ds001894,pico-decoder-small,pico-lm/pico-decoder-small@a8294defc7001e32644ce53dbcb87ef35587ff22,0,,Orth,ses-9,96,-0.0002042037830462,-0.0021094186255619,-0.0001525803981328,pico-lm/pico-decoder-small,0.1650755388561307,0.607179038133363,96,3.0,-0.001237032357799365,,64595328
ds001894,pico-decoder-small,pico-lm/pico-decoder-small@5e3d06988f3cc3adbf36b55cd8b1ddb3ae9f9bde,1000,,Orth,ses-9,96,-0.0012289050055614,0.003402426065583,-0.0009091328892531,pico-lm/pico-decoder-small,0.1650755388561307,0.607179038133363,96,3.0,-0.007444500948335145,,64595328
ds001894,pico-decoder-small,pico-lm/pico-decoder-small@9f1ca389bbb1cc08b42a32bfe58fb818b24b3490,2000,,Orth,ses-9,96,0.0024917087275398,0.009584535247396,0.0015406194802646,pico-lm/pico-decoder-small,0.1650755388561307,0.607179038133363,96,3.0,0.015094354650033368,,64595328
ds001894,pico-decoder-small,pico-lm/pico-decoder-small@f2269f20ce160cf71bea0a02ccf685e126dd2dc1,3000,,Orth,ses-9,96,-0.0042251501987399,-0.0049054544266248,-0.0027924329358161,pico-lm/pico-decoder-small,0.1650755388561307,0.607179038133363,96,3.0,-0.025595253106653625,,64595328
ds001894,pico-decoder-small,pico-lm/pico-decoder-small@10da1c98e1cd32fc61ab4ced31075c08cf699861,4000,,Orth,ses-9,96,-0.0184312198545736,-0.0106643491223103,-0.0121712209895214,pico-lm/pico-decoder-small,0.1650755388561307,0.607179038133363,96,3.0,-0.11165324664266023,,64595328
ds001894,pico-decoder-small,pico-lm/pico-decoder-small@be2865b50166a683e659f4a1f99e058c77288911,5000,,Orth,ses-9,96,0.0066390352551333,0.0130161668415798,0.0045901109430738,pico-lm/pico-decoder-small,0.1650755388561307,0.607179038133363,96,3.0,0.04021816497548713,,64595328
ds001894,pico-decoder-small,pico-lm/pico-decoder-small@c5bddf28e9cfbede4fe480513c4a3487279f7d47,7000,,Orth,ses-9,96,-0.0020538906683431,0.0052972736120458,-0.0012614339094061,pico-lm/pico-decoder-small,0.1650755388561307,0.607179038133363,96,3.0,-0.012442126087094831,,64595328
ds001894,pico-decoder-small,pico-lm/pico-decoder-small@9fe9969ca88ccf3b71599f85000ce082bf854421,8000,,Orth,ses-9,96,-2.460537064922315e-05,0.0013055989425373,5.252767804573949e-05,pico-lm/pico-decoder-small,0.1650755388561307,0.607179038133363,96,3.0,-0.00014905521932397035,,64595328
ds001894,pico-decoder-small,pico-lm/pico-decoder-small@8ce4e4fa15c0cec038fcb9f29d30cc50bac60a3d,10000,,Orth,ses-9,96,-0.0100380205314246,-0.0047186209678436,-0.0065328653944578,pico-lm/pico-decoder-small,0.1650755388561307,0.607179038133363,96,3.0,-0.06080864918558951,,64595328
ds001894,pico-decoder-small,pico-lm/pico-decoder-small@c2395fd6ba7da947893c62b8169b47a83345153b,13000,,Orth,ses-9,96,-0.0142036897483388,-0.0062023156443286,-0.009444207139916,pico-lm/pico-decoder-small,0.1650755388561307,0.607179038133363,96,3.0,-0.0860435764545214,,64595328
ds001894,pico-decoder-small,pico-lm/pico-decoder-small@cbb63c23390c0d43e0d6dfaa0c69aed19778fa74,16000,,Orth,ses-9,96,-0.0218595477893284,-0.0177010704931338,-0.0146186644501141,pico-lm/pico-decoder-small,0.1650755388561307,0.607179038133363,96,3.0,-0.13242148376919605,,64595328
ds001894,pico-decoder-small,pico-lm/pico-decoder-small@082423f29dc36ca1b544cb85c655531783bb8985,20000,,Orth,ses-9,96,-0.0269981609041776,-0.0199374021211938,-0.0179150167588306,pico-lm/pico-decoder-small,0.1650755388561307,0.607179038133363,96,3.0,-0.16355034241449593,,64595328
ds001894,pico-decoder-small,pico-lm/pico-decoder-small@bbc3997ae0773f6e0f145401283a22dced84175c,24000,,Orth,ses-9,96,-0.022895066612111,-0.0064761452036989,-0.0152634272674447,pico-lm/pico-decoder-small,0.1650755388561307,0.607179038133363,96,3.0,-0.13869448357254724,,64595328
ds001894,pico-decoder-small,pico-lm/pico-decoder-small@4e76d0f5009af59c7519cc564d83ccb252becc09,30000,,Orth,ses-9,96,-0.006250547280642,-0.0043507527975896,-0.004123518931129,pico-lm/pico-decoder-small,0.1650755388561307,0.607179038133363,96,3.0,-0.037864769813591694,,64595328
ds001894,pico-decoder-small,pico-lm/pico-decoder-small@ad19a8ed94822569698ab34f7cbdb71a73e75edb,37000,,Orth,ses-9,96,-0.0072408203981174,-8.491996818309894e-05,-0.0047196022519558,pico-lm/pico-decoder-small,0.1650755388561307,0.607179038133363,96,3.0,-0.04386367870304538,,64595328
ds001894,pico-decoder-small,pico-lm/pico-decoder-small@9b211dca4e657296153efe83773900826fe138d5,45000,,Orth,ses-9,96,0.0076368419409919,0.0086641645440226,0.0050855643165822,pico-lm/pico-decoder-small,0.1650755388561307,0.607179038133363,96,3.0,0.046262710961965624,,64595328
ds001894,pico-decoder-small,pico-lm/pico-decoder-small@497f4bdf16cbdcb120415cd944d84b34d1fef37a,55000,,Orth,ses-9,96,0.0069387638803754,0.0078921760164095,0.0046886243905442,pico-lm/pico-decoder-small,0.1650755388561307,0.607179038133363,96,3.0,0.04203387084759289,,64595328
ds001894,pico-decoder-small,pico-lm/pico-decoder-small@e7396619711d862dc1bed1a5f5797fb2b5cc9768,68000,,Orth,ses-9,96,0.0010181542937931,0.0024382045444303,0.0007484713098825,pico-lm/pico-decoder-small,0.1650755388561307,0.607179038133363,96,3.0,0.006167808391529518,,64595328
ds001894,pico-decoder-small,pico-lm/pico-decoder-small@d63e823855aefabdb4d0fb89c6cb30f1917edff8,83000,,Orth,ses-9,96,0.0175795483479011,0.0118712303225234,0.0118204592419852,pico-lm/pico-decoder-small,0.1650755388561307,0.607179038133363,96,3.0,0.10649396312570765,,64595328
ds001894,pico-decoder-small,pico-lm/pico-decoder-small@a29b66f6847b3a1ec6358c6bdf5686f8db25e228,102000,,Orth,ses-9,96,0.0278313515211048,0.0265337466847737,0.0185626657123176,pico-lm/pico-decoder-small,0.1650755388561307,0.607179038133363,96,3.0,0.16859767179291676,,64595328
ds001894,pico-decoder-small,pico-lm/pico-decoder-small@ef21ca419b33425716396ead8c1e60e01f301271,125000,,Orth,ses-9,96,0.0144666337741219,0.0186355827169825,0.009756294662957,pico-lm/pico-decoder-small,0.1650755388561307,0.607179038133363,96,3.0,0.08763644737655586,,64595328
ds001894,pico-decoder-small,pico-lm/pico-decoder-small@a8294defc7001e32644ce53dbcb87ef35587ff22,0,,Phon,ses-11,96,0.0099807993543438,0.0040371289120637,0.0066675517484212,pico-lm/pico-decoder-small,0.2136860995937111,0.5240498443952196,96,5.0,0.046707761400112804,,64595328
ds001894,pico-decoder-small,pico-lm/pico-decoder-small@5e3d06988f3cc3adbf36b55cd8b1ddb3ae9f9bde,1000,,Phon,ses-11,96,0.0115847855010826,0.0199930693950248,0.007488753689444,pico-lm/pico-decoder-small,0.2136860995937111,0.5240498443952196,96,5.0,0.054214034151538915,,64595328
ds001894,pico-decoder-small,pico-lm/pico-decoder-small@9f1ca389bbb1cc08b42a32bfe58fb818b24b3490,2000,,Phon,ses-11,96,0.0024460744917348,0.0064738563100756,0.0015779468412201,pico-lm/pico-decoder-small,0.2136860995937111,0.5240498443952196,96,5.0,0.011447045439013617,,64595328
ds001894,pico-decoder-small,pico-lm/pico-decoder-small@f2269f20ce160cf71bea0a02ccf685e126dd2dc1,3000,,Phon,ses-11,96,-0.0162488183578944,-0.0057454021056794,-0.0108920854450229,pico-lm/pico-decoder-small,0.2136860995937111,0.5240498443952196,96,5.0,-0.0760405959432497,,64595328
ds001894,pico-decoder-small,pico-lm/pico-decoder-small@10da1c98e1cd32fc61ab4ced31075c08cf699861,4000,,Phon,ses-11,96,0.0016768454865162,0.0025861903739895,0.0010368925164413,pico-lm/pico-decoder-small,0.2136860995937111,0.5240498443952196,96,5.0,0.007847237090781504,,64595328
ds001894,pico-decoder-small,pico-lm/pico-decoder-small@be2865b50166a683e659f4a1f99e058c77288911,5000,,Phon,ses-11,96,0.009511810771544,0.00404413180242,0.0062702270042291,pico-lm/pico-decoder-small,0.2136860995937111,0.5240498443952196,96,5.0,0.04451300664680174,,64595328
ds001894,pico-decoder-small,pico-lm/pico-decoder-small@c5bddf28e9cfbede4fe480513c4a3487279f7d47,7000,,Phon,ses-11,96,0.0125460417182381,-0.0004494764106468,0.0083801849436049,pico-lm/pico-decoder-small,0.2136860995937111,0.5240498443952196,96,5.0,0.05871248406935374,,64595328
ds001894,pico-decoder-small,pico-lm/pico-decoder-small@9fe9969ca88ccf3b71599f85000ce082bf854421,8000,,Phon,ses-11,96,-0.0088665843753166,-0.0041355201333234,-0.005934473164706,pico-lm/pico-decoder-small,0.2136860995937111,0.5240498443952196,96,5.0,-0.04149350094449264,,64595328
ds001894,pico-decoder-small,pico-lm/pico-decoder-small@8ce4e4fa15c0cec038fcb9f29d30cc50bac60a3d,10000,,Phon,ses-11,96,-0.0048807795939611,-0.0129789677309939,-0.0032519058119085,pico-lm/pico-decoder-small,0.2136860995937111,0.5240498443952196,96,5.0,-0.022840884845767215,,64595328
ds001894,pico-decoder-small,pico-lm/pico-decoder-small@c2395fd6ba7da947893c62b8169b47a83345153b,13000,,Phon,ses-11,96,0.0057109859929288,-0.0076893846931657,0.0038366369971869,pico-lm/pico-decoder-small,0.2136860995937111,0.5240498443952196,96,5.0,0.02672605285878351,,64595328
ds001894,pico-decoder-small,pico-lm/pico-decoder-small@cbb63c23390c0d43e0d6dfaa0c69aed19778fa74,16000,,Phon,ses-11,96,-0.0188140451552574,-0.0192913652168325,-0.0124640676048533,pico-lm/pico-decoder-small,0.2136860995937111,0.5240498443952196,96,5.0,-0.08804524576483545,,64595328
ds001894,pico-decoder-small,pico-lm/pico-decoder-small@082423f29dc36ca1b544cb85c655531783bb8985,20000,,Phon,ses-11,96,-0.0100964238789871,-0.005161785918649,-0.0066540831130249,pico-lm/pico-decoder-small,0.2136860995937111,0.5240498443952196,96,5.0,-0.047248856608753616,,64595328
ds001894,pico-decoder-small,pico-lm/pico-decoder-small@bbc3997ae0773f6e0f145401283a22dced84175c,24000,,Phon,ses-11,96,-0.0130211009951465,-0.0100390026812045,-0.0085229524788061,pico-lm/pico-decoder-small,0.2136860995937111,0.5240498443952196,96,5.0,-0.06093564822374491,,64595328
ds001894,pico-decoder-small,pico-lm/pico-decoder-small@4e76d0f5009af59c7519cc564d83ccb252becc09,30000,,Phon,ses-11,96,-0.0031463381945973,-0.007721262086092,-0.0020828282595059,pico-lm/pico-decoder-small,0.2136860995937111,0.5240498443952196,96,5.0,-0.014724112614622774,,64595328
ds001894,pico-decoder-small,pico-lm/pico-decoder-small@ad19a8ed94822569698ab34f7cbdb71a73e75edb,37000,,Phon,ses-11,96,0.012095278632824,-0.008177832362904,0.0079555381104658,pico-lm/pico-decoder-small,0.2136860995937111,0.5240498443952196,96,5.0,0.05660302029856495,,64595328
ds001894,pico-decoder-small,pico-lm/pico-decoder-small@9b211dca4e657296153efe83773900826fe138d5,45000,,Phon,ses-11,96,0.0163243747574231,-0.0037656728730382,0.0107720221809184,pico-lm/pico-decoder-small,0.2136860995937111,0.5240498443952196,96,5.0,0.07639418187922006,,64595328
ds001894,pico-decoder-small,pico-lm/pico-decoder-small@497f4bdf16cbdcb120415cd944d84b34d1fef37a,55000,,Phon,ses-11,96,0.0104842852689527,0.0053122392361097,0.0069525095915924,pico-lm/pico-decoder-small,0.2136860995937111,0.5240498443952196,96,5.0,0.04906395544158858,,64595328
ds001894,pico-decoder-small,pico-lm/pico-decoder-small@e7396619711d862dc1bed1a5f5797fb2b5cc9768,68000,,Phon,ses-11,96,-0.0012984467758057,-0.0079681343454441,-0.0009162520251055,pico-lm/pico-decoder-small,0.2136860995937111,0.5240498443952196,96,5.0,-0.006076421340810107,,64595328
ds001894,pico-decoder-small,pico-lm/pico-decoder-small@d63e823855aefabdb4d0fb89c6cb30f1917edff8,83000,,Phon,ses-11,96,0.0299234737169787,0.0054176486381931,0.0198085144864794,pico-lm/pico-decoder-small,0.2136860995937111,0.5240498443952196,96,5.0,0.140034722772671,,64595328
ds001894,pico-decoder-small,pico-lm/pico-decoder-small@a29b66f6847b3a1ec6358c6bdf5686f8db25e228,102000,,Phon,ses-11,96,0.0150170184837322,0.0015282730457909,0.0099281159687989,pico-lm/pico-decoder-small,0.2136860995937111,0.5240498443952196,96,5.0,0.07027606621247047,,64595328
ds001894,pico-decoder-small,pico-lm/pico-decoder-small@ef21ca419b33425716396ead8c1e60e01f301271,125000,,Phon,ses-11,96,0.0076327894539995,-0.0005691235443599,0.0050430419105451,pico-lm/pico-decoder-small,0.2136860995937111,0.5240498443952196,96,5.0,0.03571963486867883,,64595328
ds001894,pico-decoder-small,pico-lm/pico-decoder-small@a8294defc7001e32644ce53dbcb87ef35587ff22,0,,Phon,ses-11+,96,-0.013884772019454,-0.0119619668138885,-0.0093753246903175,pico-lm/pico-decoder-small,0.1742624769225749,0.5457342923093875,96,4.0,-0.07967734801349705,,64595328
ds001894,pico-decoder-small,pico-lm/pico-decoder-small@5e3d06988f3cc3adbf36b55cd8b1ddb3ae9f9bde,1000,,Phon,ses-11+,96,0.0204351937191926,0.0224309818502988,0.0137460892855081,pico-lm/pico-decoder-small,0.1742624769225749,0.5457342923093875,96,4.0,0.11726674657718762,,64595328
ds001894,pico-decoder-small,pico-lm/pico-decoder-small@9f1ca389bbb1cc08b42a32bfe58fb818b24b3490,2000,,Phon,ses-11+,96,0.0099640619161087,0.0115648075159659,0.0066515817950227,pico-lm/pico-decoder-small,0.1742624769225749,0.5457342923093875,96,4.0,0.0571784706155402,,64595328
ds001894,pico-decoder-small,pico-lm/pico-decoder-small@f2269f20ce160cf71bea0a02ccf685e126dd2dc1,3000,,Phon,ses-11+,96,-0.0019265983323952,0.0008816098730427,-0.0013999684449113,pico-lm/pico-decoder-small,0.1742624769225749,0.5457342923093875,96,4.0,-0.011055726777321034,,64595328
ds001894,pico-decoder-small,pico-lm/pico-decoder-small@10da1c98e1cd32fc61ab4ced31075c08cf699861,4000,,Phon,ses-11+,96,0.0071249837636648,0.0014945856165231,0.0047359570235085,pico-lm/pico-decoder-small,0.1742624769225749,0.5457342923093875,96,4.0,0.040886505744036,,64595328
ds001894,pico-decoder-small,pico-lm/pico-decoder-small@be2865b50166a683e659f4a1f99e058c77288911,5000,,Phon,ses-11+,96,0.0153606656092883,0.0072565062421135,0.0103344839396143,pico-lm/pico-decoder-small,0.1742624769225749,0.5457342923093875,96,4.0,0.08814671913628926,,64595328
ds001894,pico-decoder-small,pico-lm/pico-decoder-small@c5bddf28e9cfbede4fe480513c4a3487279f7d47,7000,,Phon,ses-11+,96,0.0091654262145009,-0.0012457447611629,0.0061391964227304,pico-lm/pico-decoder-small,0.1742624769225749,0.5457342923093875,96,4.0,0.05259552358235511,,64595328
ds001894,pico-decoder-small,pico-lm/pico-decoder-small@9fe9969ca88ccf3b71599f85000ce082bf854421,8000,,Phon,ses-11+,96,-0.0166947836611692,-0.0095114681562426,-0.0111012341118204,pico-lm/pico-decoder-small,0.1742624769225749,0.5457342923093875,96,4.0,-0.09580251558450371,,64595328
ds001894,pico-decoder-small,pico-lm/pico-decoder-small@8ce4e4fa15c0cec038fcb9f29d30cc50bac60a3d,10000,,Phon,ses-11+,96,0.0199156811113893,0.0006313933186079,0.0134767165775812,pico-lm/pico-decoder-small,0.1742624769225749,0.5457342923093875,96,4.0,0.11428553905060049,,64595328
ds001894,pico-decoder-small,pico-lm/pico-decoder-small@c2395fd6ba7da947893c62b8169b47a83345153b,13000,,Phon,ses-11+,96,0.0089096041931993,0.0004222288744529,0.0061772934199943,pico-lm/pico-decoder-small,0.1742624769225749,0.5457342923093875,96,4.0,0.051127496581824965,,64595328
ds001894,pico-decoder-small,pico-lm/pico-decoder-small@cbb63c23390c0d43e0d6dfaa0c69aed19778fa74,16000,,Phon,ses-11+,96,0.0079999300189498,0.005515694065615,0.0055036692411001,pico-lm/pico-decoder-small,0.1742624769225749,0.5457342923093875,96,4.0,0.04590735860195642,,64595328
ds001894,pico-decoder-small,pico-lm/pico-decoder-small@082423f29dc36ca1b544cb85c655531783bb8985,20000,,Phon,ses-11+,96,-0.0090924281680702,-0.005028506804476,-0.0061078337431646,pico-lm/pico-decoder-small,0.1742624769225749,0.5457342923093875,96,4.0,-0.05217662648115567,,64595328
ds001894,pico-decoder-small,pico-lm/pico-decoder-small@bbc3997ae0773f6e0f145401283a22dced84175c,24000,,Phon,ses-11+,96,-0.0044605341237337,-0.0054762303137562,-0.0030071614658493,pico-lm/pico-decoder-small,0.1742624769225749,0.5457342923093875,96,4.0,-0.025596641356793765,,64595328
ds001894,pico-decoder-small,pico-lm/pico-decoder-small@4e76d0f5009af59c7519cc564d83ccb252becc09,30000,,Phon,ses-11+,96,-0.0014269559588986,-0.00680512192961,-0.001017074381501,pico-lm/pico-decoder-small,0.1742624769225749,0.5457342923093875,96,4.0,-0.008188543994658121,,64595328
ds001894,pico-decoder-small,pico-lm/pico-decoder-small@ad19a8ed94822569698ab34f7cbdb71a73e75edb,37000,,Phon,ses-11+,96,0.0058093095202797,-0.0042963284083221,0.0038731947218341,pico-lm/pico-decoder-small,0.1742624769225749,0.5457342923093875,96,4.0,0.033336548537989535,,64595328
ds001894,pico-decoder-small,pico-lm/pico-decoder-small@9b211dca4e657296153efe83773900826fe138d5,45000,,Phon,ses-11+,96,0.0052770928511018,-0.0077688693195673,0.0034914551128864,pico-lm/pico-decoder-small,0.1742624769225749,0.5457342923093875,96,4.0,0.030282439136030532,,64595328
ds001894,pico-decoder-small,pico-lm/pico-decoder-small@497f4bdf16cbdcb120415cd944d84b34d1fef37a,55000,,Phon,ses-11+,96,-0.0081598042440089,0.0041960888991035,-0.0054303613827285,pico-lm/pico-decoder-small,0.1742624769225749,0.5457342923093875,96,4.0,-0.04682479204995068,,64595328
ds001894,pico-decoder-small,pico-lm/pico-decoder-small@e7396619711d862dc1bed1a5f5797fb2b5cc9768,68000,,Phon,ses-11+,96,-0.009801250172684,-0.0030586847639036,-0.0067206566536982,pico-lm/pico-decoder-small,0.1742624769225749,0.5457342923093875,96,4.0,-0.05624418030646214,,64595328
ds001894,pico-decoder-small,pico-lm/pico-decoder-small@d63e823855aefabdb4d0fb89c6cb30f1917edff8,83000,,Phon,ses-11+,96,0.0073934297356554,-0.0059920355719765,0.0050212996848339,pico-lm/pico-decoder-small,0.1742624769225749,0.5457342923093875,96,4.0,0.04242697490717014,,64595328
ds001894,pico-decoder-small,pico-lm/pico-decoder-small@a29b66f6847b3a1ec6358c6bdf5686f8db25e228,102000,,Phon,ses-11+,96,0.0053107461731751,0.0018868360485748,0.0037758357288263,pico-lm/pico-decoder-small,0.1742624769225749,0.5457342923093875,96,4.0,0.03047555771593143,,64595328
ds001894,pico-decoder-small,pico-lm/pico-decoder-small@ef21ca419b33425716396ead8c1e60e01f301271,125000,,Phon,ses-11+,96,-0.0030348732243083,-0.0006845976397768,-0.0019643042680181,pico-lm/pico-decoder-small,0.1742624769225749,0.5457342923093875,96,4.0,-0.01741552902210095,,64595328
ds001894,pico-decoder-small,pico-lm/pico-decoder-small@a8294defc7001e32644ce53dbcb87ef35587ff22,0,,Phon,ses-7,96,-0.0234461462471164,-0.0186423605662244,-0.0156118801060558,pico-lm/pico-decoder-small,,,96,,,0.0081448036195669,64595328
ds001894,pico-decoder-small,pico-lm/pico-decoder-small@5e3d06988f3cc3adbf36b55cd8b1ddb3ae9f9bde,1000,,Phon,ses-7,96,0.0078686003828693,0.0065172720987737,0.005104420406137,pico-lm/pico-decoder-small,,,96,,,0.0081448036195669,64595328
ds001894,pico-decoder-small,pico-lm/pico-decoder-small@9f1ca389bbb1cc08b42a32bfe58fb818b24b3490,2000,,Phon,ses-7,96,0.0061203175528857,-0.0034390743154248,0.004046940118447,pico-lm/pico-decoder-small,,,96,,,0.0081448036195669,64595328
ds001894,pico-decoder-small,pico-lm/pico-decoder-small@f2269f20ce160cf71bea0a02ccf685e126dd2dc1,3000,,Phon,ses-7,96,0.0143234158641548,-0.0023709628012941,0.0094586378206978,pico-lm/pico-decoder-small,,,96,,,0.0081448036195669,64595328
ds001894,pico-decoder-small,pico-lm/pico-decoder-small@10da1c98e1cd32fc61ab4ced31075c08cf699861,4000,,Phon,ses-7,96,0.0050171646825696,-0.0055317912479925,0.0033508040775331,pico-lm/pico-decoder-small,,,96,,,0.0081448036195669,64595328
ds001894,pico-decoder-small,pico-lm/pico-decoder-small@be2865b50166a683e659f4a1f99e058c77288911,5000,,Phon,ses-7,96,0.0123668351268251,0.0091782266767954,0.0082851348595221,pico-lm/pico-decoder-small,,,96,,,0.0081448036195669,64595328
ds001894,pico-decoder-small,pico-lm/pico-decoder-small@c5bddf28e9cfbede4fe480513c4a3487279f7d47,7000,,Phon,ses-7,96,-0.0031938771157412,-0.0043359347704687,-0.002250801383806,pico-lm/pico-decoder-small,,,96,,,0.0081448036195669,64595328
ds001894,pico-decoder-small,pico-lm/pico-decoder-small@9fe9969ca88ccf3b71599f85000ce082bf854421,8000,,Phon,ses-7,96,-0.0066227117853862,-0.0053151544586781,-0.0044748579058965,pico-lm/pico-decoder-small,,,96,,,0.0081448036195669,64595328
ds001894,pico-decoder-small,pico-lm/pico-decoder-small@8ce4e4fa15c0cec038fcb9f29d30cc50bac60a3d,10000,,Phon,ses-7,96,0.0018685952851467,-0.004325924707104,0.0011942831415014,pico-lm/pico-decoder-small,,,96,,,0.0081448036195669,64595328
ds001894,pico-decoder-small,pico-lm/pico-decoder-small@c2395fd6ba7da947893c62b8169b47a83345153b,13000,,Phon,ses-7,96,0.0083285172214978,0.0037824692924897,0.0052924040744546,pico-lm/pico-decoder-small,,,96,,,0.0081448036195669,64595328
ds001894,pico-decoder-small,pico-lm/pico-decoder-small@cbb63c23390c0d43e0d6dfaa0c69aed19778fa74,16000,,Phon,ses-7,96,-0.0038919703632176,-0.0044186336845572,-0.0026889168523414,pico-lm/pico-decoder-small,,,96,,,0.0081448036195669,64595328
ds001894,pico-decoder-small,pico-lm/pico-decoder-small@082423f29dc36ca1b544cb85c655531783bb8985,20000,,Phon,ses-7,96,-0.0070487011791212,-0.0073867297897112,-0.0047299923421187,pico-lm/pico-decoder-small,,,96,,,0.0081448036195669,64595328
ds001894,pico-decoder-small,pico-lm/pico-decoder-small@bbc3997ae0773f6e0f145401283a22dced84175c,24000,,Phon,ses-7,96,0.00378682464531,-0.0019319325639448,0.002615993812124,pico-lm/pico-decoder-small,,,96,,,0.0081448036195669,64595328
ds001894,pico-decoder-small,pico-lm/pico-decoder-small@4e76d0f5009af59c7519cc564d83ccb252becc09,30000,,Phon,ses-7,96,0.001794568708633,-0.0029755427362159,0.0010976937848019,pico-lm/pico-decoder-small,,,96,,,0.0081448036195669,64595328
ds001894,pico-decoder-small,pico-lm/pico-decoder-small@ad19a8ed94822569698ab34f7cbdb71a73e75edb,37000,,Phon,ses-7,96,0.0097036630814785,0.0035406129736633,0.0064647525811677,pico-lm/pico-decoder-small,,,96,,,0.0081448036195669,64595328
ds001894,pico-decoder-small,pico-lm/pico-decoder-small@9b211dca4e657296153efe83773900826fe138d5,45000,,Phon,ses-7,96,-0.0062086261055119,-0.0126279944413289,-0.0040280840288921,pico-lm/pico-decoder-small,,,96,,,0.0081448036195669,64595328
ds001894,pico-decoder-small,pico-lm/pico-decoder-small@497f4bdf16cbdcb120415cd944d84b34d1fef37a,55000,,Phon,ses-7,96,0.0034394137096557,0.0006922471300096,0.0020072114922093,pico-lm/pico-decoder-small,,,96,,,0.0081448036195669,64595328
ds001894,pico-decoder-small,pico-lm/pico-decoder-small@e7396619711d862dc1bed1a5f5797fb2b5cc9768,68000,,Phon,ses-7,96,-0.001188910536717,-0.0005261304169103,-0.001127517191751,pico-lm/pico-decoder-small,,,96,,,0.0081448036195669,64595328
ds001894,pico-decoder-small,pico-lm/pico-decoder-small@d63e823855aefabdb4d0fb89c6cb30f1917edff8,83000,,Phon,ses-7,96,0.0216350162678225,0.0050679465861095,0.0144945605953906,pico-lm/pico-decoder-small,,,96,,,0.0081448036195669,64595328
ds001894,pico-decoder-small,pico-lm/pico-decoder-small@a29b66f6847b3a1ec6358c6bdf5686f8db25e228,102000,,Phon,ses-7,96,0.0128690243367176,0.0089590373707202,0.0086008781550278,pico-lm/pico-decoder-small,,,96,,,0.0081448036195669,64595328
ds001894,pico-decoder-small,pico-lm/pico-decoder-small@ef21ca419b33425716396ead8c1e60e01f301271,125000,,Phon,ses-7,96,0.0050908179154454,0.0012735443625739,0.0033529205773811,pico-lm/pico-decoder-small,,,96,,,0.0081448036195669,64595328
ds001894,pico-decoder-small,pico-lm/pico-decoder-small@a8294defc7001e32644ce53dbcb87ef35587ff22,0,,Phon,ses-9,96,-0.0002042037830462,-0.0021094186255619,-0.0001525803981328,pico-lm/pico-decoder-small,0.1650755388561307,0.607179038133363,96,3.0,-0.001237032357799365,0.008728626502912,64595328
ds001894,pico-decoder-small,pico-lm/pico-decoder-small@5e3d06988f3cc3adbf36b55cd8b1ddb3ae9f9bde,1000,,Phon,ses-9,96,-0.0012289050055614,0.003402426065583,-0.0009091328892531,pico-lm/pico-decoder-small,0.1650755388561307,0.607179038133363,96,3.0,-0.007444500948335145,0.008728626502912,64595328
ds001894,pico-decoder-small,pico-lm/pico-decoder-small@9f1ca389bbb1cc08b42a32bfe58fb818b24b3490,2000,,Phon,ses-9,96,0.0024917087275398,0.009584535247396,0.0015406194802646,pico-lm/pico-decoder-small,0.1650755388561307,0.607179038133363,96,3.0,0.015094354650033368,0.008728626502912,64595328
ds001894,pico-decoder-small,pico-lm/pico-decoder-small@f2269f20ce160cf71bea0a02ccf685e126dd2dc1,3000,,Phon,ses-9,96,-0.0042251501987399,-0.0049054544266248,-0.0027924329358161,pico-lm/pico-decoder-small,0.1650755388561307,0.607179038133363,96,3.0,-0.025595253106653625,0.008728626502912,64595328
ds001894,pico-decoder-small,pico-lm/pico-decoder-small@10da1c98e1cd32fc61ab4ced31075c08cf699861,4000,,Phon,ses-9,96,-0.0184312198545736,-0.0106643491223103,-0.0121712209895214,pico-lm/pico-decoder-small,0.1650755388561307,0.607179038133363,96,3.0,-0.11165324664266023,0.008728626502912,64595328
ds001894,pico-decoder-small,pico-lm/pico-decoder-small@be2865b50166a683e659f4a1f99e058c77288911,5000,,Phon,ses-9,96,0.0066390352551333,0.0130161668415798,0.0045901109430738,pico-lm/pico-decoder-small,0.1650755388561307,0.607179038133363,96,3.0,0.04021816497548713,0.008728626502912,64595328
ds001894,pico-decoder-small,pico-lm/pico-decoder-small@c5bddf28e9cfbede4fe480513c4a3487279f7d47,7000,,Phon,ses-9,96,-0.0020538906683431,0.0052972736120458,-0.0012614339094061,pico-lm/pico-decoder-small,0.1650755388561307,0.607179038133363,96,3.0,-0.012442126087094831,0.008728626502912,64595328
ds001894,pico-decoder-small,pico-lm/pico-decoder-small@9fe9969ca88ccf3b71599f85000ce082bf854421,8000,,Phon,ses-9,96,-2.460537064922315e-05,0.0013055989425373,5.252767804573949e-05,pico-lm/pico-decoder-small,0.1650755388561307,0.607179038133363,96,3.0,-0.00014905521932397035,0.008728626502912,64595328
ds001894,pico-decoder-small,pico-lm/pico-decoder-small@8ce4e4fa15c0cec038fcb9f29d30cc50bac60a3d,10000,,Phon,ses-9,96,-0.0100380205314246,-0.0047186209678436,-0.0065328653944578,pico-lm/pico-decoder-small,0.1650755388561307,0.607179038133363,96,3.0,-0.06080864918558951,0.008728626502912,64595328
ds001894,pico-decoder-small,pico-lm/pico-decoder-small@c2395fd6ba7da947893c62b8169b47a83345153b,13000,,Phon,ses-9,96,-0.0142036897483388,-0.0062023156443286,-0.009444207139916,pico-lm/pico-decoder-small,0.1650755388561307,0.607179038133363,96,3.0,-0.0860435764545214,0.008728626502912,64595328
ds001894,pico-decoder-small,pico-lm/pico-decoder-small@cbb63c23390c0d43e0d6dfaa0c69aed19778fa74,16000,,Phon,ses-9,96,-0.0218595477893284,-0.0177010704931338,-0.0146186644501141,pico-lm/pico-decoder-small,0.1650755388561307,0.607179038133363,96,3.0,-0.13242148376919605,0.008728626502912,64595328
ds001894,pico-decoder-small,pico-lm/pico-decoder-small@082423f29dc36ca1b544cb85c655531783bb8985,20000,,Phon,ses-9,96,-0.0269981609041776,-0.0199374021211938,-0.0179150167588306,pico-lm/pico-decoder-small,0.1650755388561307,0.607179038133363,96,3.0,-0.16355034241449593,0.008728626502912,64595328
ds001894,pico-decoder-small,pico-lm/pico-decoder-small@bbc3997ae0773f6e0f145401283a22dced84175c,24000,,Phon,ses-9,96,-0.022895066612111,-0.0064761452036989,-0.0152634272674447,pico-lm/pico-decoder-small,0.1650755388561307,0.607179038133363,96,3.0,-0.13869448357254724,0.008728626502912,64595328
ds001894,pico-decoder-small,pico-lm/pico-decoder-small@4e76d0f5009af59c7519cc564d83ccb252becc09,30000,,Phon,ses-9,96,-0.006250547280642,-0.0043507527975896,-0.004123518931129,pico-lm/pico-decoder-small,0.1650755388561307,0.607179038133363,96,3.0,-0.037864769813591694,0.008728626502912,64595328
ds001894,pico-decoder-small,pico-lm/pico-decoder-small@ad19a8ed94822569698ab34f7cbdb71a73e75edb,37000,,Phon,ses-9,96,-0.0072408203981174,-8.491996818309894e-05,-0.0047196022519558,pico-lm/pico-decoder-small,0.1650755388561307,0.607179038133363,96,3.0,-0.04386367870304538,0.008728626502912,64595328
ds001894,pico-decoder-small,pico-lm/pico-decoder-small@9b211dca4e657296153efe83773900826fe138d5,45000,,Phon,ses-9,96,0.0076368419409919,0.0086641645440226,0.0050855643165822,pico-lm/pico-decoder-small,0.1650755388561307,0.607179038133363,96,3.0,0.046262710961965624,0.008728626502912,64595328
ds001894,pico-decoder-small,pico-lm/pico-decoder-small@497f4bdf16cbdcb120415cd944d84b34d1fef37a,55000,,Phon,ses-9,96,0.0069387638803754,0.0078921760164095,0.0046886243905442,pico-lm/pico-decoder-small,0.1650755388561307,0.607179038133363,96,3.0,0.04203387084759289,0.008728626502912,64595328
ds001894,pico-decoder-small,pico-lm/pico-decoder-small@e7396619711d862dc1bed1a5f5797fb2b5cc9768,68000,,Phon,ses-9,96,0.0010181542937931,0.0024382045444303,0.0007484713098825,pico-lm/pico-decoder-small,0.1650755388561307,0.607179038133363,96,3.0,0.006167808391529518,0.008728626502912,64595328
ds001894,pico-decoder-small,pico-lm/pico-decoder-small@d63e823855aefabdb4d0fb89c6cb30f1917edff8,83000,,Phon,ses-9,96,0.0175795483479011,0.0118712303225234,0.0118204592419852,pico-lm/pico-decoder-small,0.1650755388561307,0.607179038133363,96,3.0,0.10649396312570765,0.008728626502912,64595328
ds001894,pico-decoder-small,pico-lm/pico-decoder-small@a29b66f6847b3a1ec6358c6bdf5686f8db25e228,102000,,Phon,ses-9,96,0.0278313515211048,0.0265337466847737,0.0185626657123176,pico-lm/pico-decoder-small,0.1650755388561307,0.607179038133363,96,3.0,0.16859767179291676,0.008728626502912,64595328
ds001894,pico-decoder-small,pico-lm/pico-decoder-small@ef21ca419b33425716396ead8c1e60e01f301271,125000,,Phon,ses-9,96,0.0144666337741219,0.0186355827169825,0.009756294662957,pico-lm/pico-decoder-small,0.1650755388561307,0.607179038133363,96,3.0,0.08763644737655586,0.008728626502912,64595328
ds001894,pico-decoder-tiny,pico-lm/pico-decoder-tiny@103adb71c10fcc35cebf2b93843f0dd76be7f44e,0,,Orth,ses-11,96,0.0102607645595267,0.0027296083481717,0.0067599081054247,pico-lm/pico-decoder-tiny,0.2136860995937111,0.5240498443952196,96,5.0,0.04801793181229782,,11282784
ds001894,pico-decoder-tiny,pico-lm/pico-decoder-tiny@fa2c5d27a1fbae4ac24e49c80d0ff1a9cecfabd0,1000,,Orth,ses-11,96,-0.0056201336412786,-0.0071754128927074,-0.0037406248677187,pico-lm/pico-decoder-tiny,0.2136860995937111,0.5240498443952196,96,5.0,-0.026300885513678044,,11282784
ds001894,pico-decoder-tiny,pico-lm/pico-decoder-tiny@c0dda9ee77ced01962ae332bbf283bcf238765a8,2000,,Orth,ses-11,96,-0.0140868448329497,-0.0090993498128076,-0.0091721407049098,pico-lm/pico-decoder-tiny,0.2136860995937111,0.5240498443952196,96,5.0,-0.06592307529471272,,11282784
ds001894,pico-decoder-tiny,pico-lm/pico-decoder-tiny@88ef3234093953618e0d8f3c898c9811ec24ed35,3000,,Orth,ses-11,96,0.0008007302226947,0.0028779370194974,0.0005601028234107,pico-lm/pico-decoder-tiny,0.2136860995937111,0.5240498443952196,96,5.0,0.003747226535638755,,11282784
ds001894,pico-decoder-tiny,pico-lm/pico-decoder-tiny@84bc530a1fc367c8efc0b3957b86d1c509296091,4000,,Orth,ses-11,96,-0.0045786284114594,-0.0002229669279756,-0.0029786849224399,pico-lm/pico-decoder-tiny,0.2136860995937111,0.5240498443952196,96,5.0,-0.0214268893492132,,11282784
ds001894,pico-decoder-tiny,pico-lm/pico-decoder-tiny@d31ea8a1afbffb6e7b934a4645ce44652a0d146f,5000,,Orth,ses-11,96,-0.0042744547188979,0.001634761449361,-0.0028609305672604,pico-lm/pico-decoder-tiny,0.2136860995937111,0.5240498443952196,96,5.0,-0.020003428987777263,,11282784
ds001894,pico-decoder-tiny,pico-lm/pico-decoder-tiny@61eace927bb768764dca51562258d78a2fe54f76,7000,,Orth,ses-11,96,-0.0079137123172528,-0.0102158966865834,-0.0053666739782115,pico-lm/pico-decoder-tiny,0.2136860995937111,0.5240498443952196,96,5.0,-0.037034286892312696,,11282784
ds001894,pico-decoder-tiny,pico-lm/pico-decoder-tiny@5db2932311894754cd4e80f811378100794ae014,8000,,Orth,ses-11,96,0.0027070958610615,0.0015680925554222,0.0017849790081696,pico-lm/pico-decoder-tiny,0.2136860995937111,0.5240498443952196,96,5.0,0.012668563215897509,,11282784
ds001894,pico-decoder-tiny,pico-lm/pico-decoder-tiny@a5175df52f960d869efda7045c5982e933d3b705,10000,,Orth,ses-11,96,0.0059087795289917,-0.0065403241058204,0.0037881499097601,pico-lm/pico-decoder-tiny,0.2136860995937111,0.5240498443952196,96,5.0,0.0276516794504943,,11282784
ds001894,pico-decoder-tiny,pico-lm/pico-decoder-tiny@46c9adae32a035be4680d5185fd1e87408bbc608,13000,,Orth,ses-11,96,0.0072728261990118,-0.0082097461686611,0.004821963880968,pico-lm/pico-decoder-tiny,0.2136860995937111,0.5240498443952196,96,5.0,0.034035092656189994,,11282784
ds001894,pico-decoder-tiny,pico-lm/pico-decoder-tiny@50fc297ab0c87309ed3b0c670e2d57d37acab44a,16000,,Orth,ses-11,96,-0.0011984714243323,-0.0086249034810415,-0.000656114952879,pico-lm/pico-decoder-tiny,0.2136860995937111,0.5240498443952196,96,5.0,-0.005608560531597497,,11282784
ds001894,pico-decoder-tiny,pico-lm/pico-decoder-tiny@fd11f6e99d18679b34412651c839856af185d241,20000,,Orth,ses-11,96,0.0040678259740059,-0.0083311784523594,0.0026048340856528,pico-lm/pico-decoder-tiny,0.2136860995937111,0.5240498443952196,96,5.0,0.01903645572519785,,11282784
ds001894,pico-decoder-tiny,pico-lm/pico-decoder-tiny@e1dc0e8bf248742bffbb7184e2971541821cff1b,24000,,Orth,ses-11,96,-0.0051042818260409,-0.0087186766054019,-0.003335603760443,pico-lm/pico-decoder-tiny,0.2136860995937111,0.5240498443952196,96,5.0,-0.023886822005483047,,11282784
ds001894,pico-decoder-tiny,pico-lm/pico-decoder-tiny@4e773530a79a36816566462c2b3d9ff7172b65f8,30000,,Orth,ses-11,96,-0.0012956965620449,-0.0100693316587774,-0.0009233711609578,pico-lm/pico-decoder-tiny,0.2136860995937111,0.5240498443952196,96,5.0,-0.006063550996103413,,11282784
ds001894,pico-decoder-tiny,pico-lm/pico-decoder-tiny@de9cd9bd9035dd4f914f6f69c10b9352e8b5c974,37000,,Orth,ses-11,96,0.0059731887733943,-0.0073697095380627,0.003883584811997,pico-lm/pico-decoder-tiny,0.2136860995937111,0.5240498443952196,96,5.0,0.027953099358130146,,11282784
ds001894,pico-decoder-tiny,pico-lm/pico-decoder-tiny@5373188422135e88150055fef33a4e3aac2bd5a8,45000,,Orth,ses-11,96,-0.0012119486234302,-0.0110383940775437,-0.0008229336227165,pico-lm/pico-decoder-tiny,0.2136860995937111,0.5240498443952196,96,5.0,-0.005671630610201228,,11282784
ds001894,pico-decoder-tiny,pico-lm/pico-decoder-tiny@6a777ce3230ad361b38533d232052d21852db2f0,56000,,Orth,ses-11,96,-0.0104343255623496,-0.0148606830633502,-0.006960013545599,pico-lm/pico-decoder-tiny,0.2136860995937111,0.5240498443952196,96,5.0,-0.048830155925859244,,11282784
ds001894,pico-decoder-tiny,pico-lm/pico-decoder-tiny@807a5f576926680d3e81601211eeb7f086c9bbd6,68000,,Orth,ses-11,96,-0.0030220588050855,-0.0075738744746655,-0.0021395889372477,pico-lm/pico-decoder-tiny,0.2136860995937111,0.5240498443952196,96,5.0,-0.014142514701852143,,11282784
ds001894,pico-decoder-tiny,pico-lm/pico-decoder-tiny@fcd2b3ed5faa6b2389382af2bc876f1835ecff6a,84000,,Orth,ses-11,96,-0.0003438699927243,-0.0104239837597904,-0.0001877912592404,pico-lm/pico-decoder-tiny,0.2136860995937111,0.5240498443952196,96,5.0,-0.001609229581980822,,11282784
ds001894,pico-decoder-tiny,pico-lm/pico-decoder-tiny@3d9aaed7161ee69ed04d611c1ee9c81176178c6a,103000,,Orth,ses-11,96,-0.0050024130528164,-0.0121582857041267,-0.0032971219450248,pico-lm/pico-decoder-tiny,0.2136860995937111,0.5240498443952196,96,5.0,-0.023410100433896564,,11282784
ds001894,pico-decoder-tiny,pico-lm/pico-decoder-tiny@6ce1a7d66569cb86b4589f3fc6298e885b8ab8e5,126000,,Orth,ses-11,96,-0.004512721616119,-0.0137481459120969,-0.003182830953233,pico-lm/pico-decoder-tiny,0.2136860995937111,0.5240498443952196,96,5.0,-0.021118461260227955,,11282784
ds001894,pico-decoder-tiny,pico-lm/pico-decoder-tiny@103adb71c10fcc35cebf2b93843f0dd76be7f44e,0,,Orth,ses-11+,96,3.359156217662035e-05,-0.010236079422975,4.8487087426836446e-05,pico-lm/pico-decoder-tiny,0.1742624769225749,0.5457342923093875,96,4.0,0.00019276417258515805,,11282784
ds001894,pico-decoder-tiny,pico-lm/pico-decoder-tiny@fa2c5d27a1fbae4ac24e49c80d0ff1a9cecfabd0,1000,,Orth,ses-11+,96,0.0088350670850805,-0.0023623813714268,0.0058680920331097,pico-lm/pico-decoder-tiny,0.1742624769225749,0.5457342923093875,96,4.0,0.050699767621264415,,11282784
ds001894,pico-decoder-tiny,pico-lm/pico-decoder-tiny@c0dda9ee77ced01962ae332bbf283bcf238765a8,2000,,Orth,ses-11+,96,-0.0042374120693787,0.0053081815930575,-0.0027054640329712,pico-lm/pico-decoder-tiny,0.1742624769225749,0.5457342923093875,96,4.0,-0.02431626213634843,,11282784
ds001894,pico-decoder-tiny,pico-lm/pico-decoder-tiny@88ef3234093953618e0d8f3c898c9811ec24ed35,3000,,Orth,ses-11+,96,0.0152052454371073,0.0110521400725041,0.0099648661025232,pico-lm/pico-decoder-tiny,0.1742624769225749,0.5457342923093875,96,4.0,0.087254845137218,,11282784
ds001894,pico-decoder-tiny,pico-lm/pico-decoder-tiny@84bc530a1fc367c8efc0b3957b86d1c509296091,4000,,Orth,ses-11+,96,0.0202626782051129,0.0138824582621125,0.0133893628565821,pico-lm/pico-decoder-tiny,0.1742624769225749,0.5457342923093875,96,4.0,0.11627677147109323,,11282784
ds001894,pico-decoder-tiny,pico-lm/pico-decoder-tiny@d31ea8a1afbffb6e7b934a4645ce44652a0d146f,5000,,Orth,ses-11+,96,0.0226669313753211,0.009549181605524,0.0150852564620588,pico-lm/pico-decoder-tiny,0.1742624769225749,0.5457342923093875,96,4.0,0.13007350621667138,,11282784
ds001894,pico-decoder-tiny,pico-lm/pico-decoder-tiny@61eace927bb768764dca51562258d78a2fe54f76,7000,,Orth,ses-11+,96,0.0144173712709428,0.0033844903765137,0.009592939356507,pico-lm/pico-decoder-tiny,0.1742624769225749,0.5457342923093875,96,4.0,0.08273365285257858,,11282784
ds001894,pico-decoder-tiny,pico-lm/pico-decoder-tiny@5db2932311894754cd4e80f811378100794ae014,8000,,Orth,ses-11+,96,0.0151231150256232,0.0076832920874564,0.0102042229944239,pico-lm/pico-decoder-tiny,0.1742624769225749,0.5457342923093875,96,4.0,0.08678354223291812,,11282784
ds001894,pico-decoder-tiny,pico-lm/pico-decoder-tiny@a5175df52f960d869efda7045c5982e933d3b705,10000,,Orth,ses-11+,96,0.0180262946354434,-0.0031579503200427,0.0120854065411389,pico-lm/pico-decoder-tiny,0.1742624769225749,0.5457342923093875,96,4.0,0.10344335139602379,,11282784
ds001894,pico-decoder-tiny,pico-lm/pico-decoder-tiny@46c9adae32a035be4680d5185fd1e87408bbc608,13000,,Orth,ses-11+,96,0.0263423302830635,0.0012221661707133,0.0174214874760931,pico-lm/pico-decoder-tiny,0.1742624769225749,0.5457342923093875,96,4.0,0.15116467267228986,,11282784
ds001894,pico-decoder-tiny,pico-lm/pico-decoder-tiny@50fc297ab0c87309ed3b0c670e2d57d37acab44a,16000,,Orth,ses-11+,96,0.0187235229912517,0.0039065853915046,0.0124725336042453,pico-lm/pico-decoder-tiny,0.1742624769225749,0.5457342923093875,96,4.0,0.10744437541519963,,11282784
ds001894,pico-decoder-tiny,pico-lm/pico-decoder-tiny@fd11f6e99d18679b34412651c839856af185d241,20000,,Orth,ses-11+,96,0.0299796534551456,0.0081247501702645,0.0200984749656549,pico-lm/pico-decoder-tiny,0.1742624769225749,0.5457342923093875,96,4.0,0.17203734266020795,,11282784
ds001894,pico-decoder-tiny,pico-lm/pico-decoder-tiny@e1dc0e8bf248742bffbb7184e2971541821cff1b,24000,,Orth,ses-11+,96,0.011868277474793,0.0019264089447151,0.0079274463852106,pico-lm/pico-decoder-tiny,0.1742624769225749,0.5457342923093875,96,4.0,0.06810575451688372,,11282784
ds001894,pico-decoder-tiny,pico-lm/pico-decoder-tiny@4e773530a79a36816566462c2b3d9ff7172b65f8,30000,,Orth,ses-11+,96,0.0215353113690116,0.0066628091716855,0.0145203434117207,pico-lm/pico-decoder-tiny,0.1742624769225749,0.5457342923093875,96,4.0,0.12357973873273805,,11282784
ds001894,pico-decoder-tiny,pico-lm/pico-decoder-tiny@de9cd9bd9035dd4f914f6f69c10b9352e8b5c974,37000,,Orth,ses-11+,96,0.0190513056698994,-0.0002262243135496,0.0127592231291103,pico-lm/pico-decoder-tiny,0.1742624769225749,0.5457342923093875,96,4.0,0.10932534649076477,,11282784
ds001894,pico-decoder-tiny,pico-lm/pico-decoder-tiny@5373188422135e88150055fef33a4e3aac2bd5a8,45000,,Orth,ses-11+,96,0.0077476102140855,-0.0047875563839982,0.0050149501852899,pico-lm/pico-decoder-tiny,0.1742624769225749,0.5457342923093875,96,4.0,0.0444594289654667,,11282784
ds001894,pico-decoder-tiny,pico-lm/pico-decoder-tiny@6a777ce3230ad361b38533d232052d21852db2f0,56000,,Orth,ses-11+,96,-0.0046709881855064,-0.0073474803440362,-0.0031836005895414,pico-lm/pico-decoder-tiny,0.1742624769225749,0.5457342923093875,96,4.0,-0.02680432568155064,,11282784
ds001894,pico-decoder-tiny,pico-lm/pico-decoder-tiny@807a5f576926680d3e81601211eeb7f086c9bbd6,68000,,Orth,ses-11+,96,0.0053272583396558,-0.0002887388391646,0.0033496496230706,pico-lm/pico-decoder-tiny,0.1742624769225749,0.5457342923093875,96,4.0,0.030570312288300074,,11282784
ds001894,pico-decoder-tiny,pico-lm/pico-decoder-tiny@fcd2b3ed5faa6b2389382af2bc876f1835ecff6a,84000,,Orth,ses-11+,96,0.007486511644888,-0.0028503365539017,0.0049166291468966,pico-lm/pico-decoder-tiny,0.1742624769225749,0.5457342923093875,96,4.0,0.04296112265300963,,11282784
ds001894,pico-decoder-tiny,pico-lm/pico-decoder-tiny@3d9aaed7161ee69ed04d611c1ee9c81176178c6a,103000,,Orth,ses-11+,96,-0.0075872195092345,-0.0083903003694253,-0.0050694019541065,pico-lm/pico-decoder-tiny,0.1742624769225749,0.5457342923093875,96,4.0,-0.043539031713669,,11282784
ds001894,pico-decoder-tiny,pico-lm/pico-decoder-tiny@6ce1a7d66569cb86b4589f3fc6298e885b8ab8e5,126000,,Orth,ses-11+,96,-0.0108623774582087,-0.010759830045453,-0.0070693019013865,pico-lm/pico-decoder-tiny,0.1742624769225749,0.5457342923093875,96,4.0,-0.062333427425313545,,11282784
ds001894,pico-decoder-tiny,pico-lm/pico-decoder-tiny@103adb71c10fcc35cebf2b93843f0dd76be7f44e,0,,Orth,ses-7,96,0.005008769133333,-0.0052755212017937,0.0033742779849382,pico-lm/pico-decoder-tiny,,,96,,,,11282784
ds001894,pico-decoder-tiny,pico-lm/pico-decoder-tiny@fa2c5d27a1fbae4ac24e49c80d0ff1a9cecfabd0,1000,,Orth,ses-7,96,-0.0019649750209946,-0.0131964957784398,-0.0013924644909048,pico-lm/pico-decoder-tiny,,,96,,,,11282784
ds001894,pico-decoder-tiny,pico-lm/pico-decoder-tiny@c0dda9ee77ced01962ae332bbf283bcf238765a8,2000,,Orth,ses-7,96,-0.0220372108895525,-0.0196647512637448,-0.0145757572259228,pico-lm/pico-decoder-tiny,,,96,,,,11282784
ds001894,pico-decoder-tiny,pico-lm/pico-decoder-tiny@88ef3234093953618e0d8f3c898c9811ec24ed35,3000,,Orth,ses-7,96,-0.0163869109557781,-0.0166181065530402,-0.0108666874468469,pico-lm/pico-decoder-tiny,,,96,,,,11282784
ds001894,pico-decoder-tiny,pico-lm/pico-decoder-tiny@84bc530a1fc367c8efc0b3957b86d1c509296091,4000,,Orth,ses-7,96,0.0063449252618052,-0.0063458009201007,0.0040026860307161,pico-lm/pico-decoder-tiny,,,96,,,,11282784
ds001894,pico-decoder-tiny,pico-lm/pico-decoder-tiny@d31ea8a1afbffb6e7b934a4645ce44652a0d146f,5000,,Orth,ses-7,96,0.008894938242647,-0.0039830780129822,0.0060041252506128,pico-lm/pico-decoder-tiny,,,96,,,,11282784
ds001894,pico-decoder-tiny,pico-lm/pico-decoder-tiny@61eace927bb768764dca51562258d78a2fe54f76,7000,,Orth,ses-7,96,0.0018572117212356,-0.0087724516186943,0.0011821613696447,pico-lm/pico-decoder-tiny,,,96,,,,11282784
ds001894,pico-decoder-tiny,pico-lm/pico-decoder-tiny@5db2932311894754cd4e80f811378100794ae014,8000,,Orth,ses-7,96,0.0009368829523476,-0.0078859481586053,0.0005023801002836,pico-lm/pico-decoder-tiny,,,96,,,,11282784
ds001894,pico-decoder-tiny,pico-lm/pico-decoder-tiny@a5175df52f960d869efda7045c5982e933d3b705,10000,,Orth,ses-7,96,-0.0093989059603846,-0.0139523792473033,-0.0064487826277692,pico-lm/pico-decoder-tiny,,,96,,,,11282784
ds001894,pico-decoder-tiny,pico-lm/pico-decoder-tiny@46c9adae32a035be4680d5185fd1e87408bbc608,13000,,Orth,ses-7,96,-0.003449913524881,-0.0100112211689007,-0.0022429126116453,pico-lm/pico-decoder-tiny,,,96,,,,11282784
ds001894,pico-decoder-tiny,pico-lm/pico-decoder-tiny@50fc297ab0c87309ed3b0c670e2d57d37acab44a,16000,,Orth,ses-7,96,-1.4389423145884564e-05,-0.0038444364659032,6.92672677526235e-06,pico-lm/pico-decoder-tiny,,,96,,,,11282784
ds001894,pico-decoder-tiny,pico-lm/pico-decoder-tiny@fd11f6e99d18679b34412651c839856af185d241,20000,,Orth,ses-7,96,0.0189075426782211,0.0016891134440789,0.0128494629862658,pico-lm/pico-decoder-tiny,,,96,,,,11282784
ds001894,pico-decoder-tiny,pico-lm/pico-decoder-tiny@e1dc0e8bf248742bffbb7184e2971541821cff1b,24000,,Orth,ses-7,96,0.0100625795821513,-0.0021956545613358,0.0066769797931987,pico-lm/pico-decoder-tiny,,,96,,,,11282784
ds001894,pico-decoder-tiny,pico-lm/pico-decoder-tiny@4e773530a79a36816566462c2b3d9ff7172b65f8,30000,,Orth,ses-7,96,0.0181991030028038,-0.0006097780104014,0.0123332294324317,pico-lm/pico-decoder-tiny,,,96,,,,11282784
ds001894,pico-decoder-tiny,pico-lm/pico-decoder-tiny@de9cd9bd9035dd4f914f6f69c10b9352e8b5c974,37000,,Orth,ses-7,96,0.0081066692181266,-0.0050816122656456,0.0054948184235539,pico-lm/pico-decoder-tiny,,,96,,,,11282784
ds001894,pico-decoder-tiny,pico-lm/pico-decoder-tiny@5373188422135e88150055fef33a4e3aac2bd5a8,45000,,Orth,ses-7,96,0.0018939455712713,-0.0090140321241753,0.0012296864116861,pico-lm/pico-decoder-tiny,,,96,,,,11282784
ds001894,pico-decoder-tiny,pico-lm/pico-decoder-tiny@6a777ce3230ad361b38533d232052d21852db2f0,56000,,Orth,ses-7,96,-0.0083851992650541,-0.0142148045362241,-0.005601220643185,pico-lm/pico-decoder-tiny,,,96,,,,11282784
ds001894,pico-decoder-tiny,pico-lm/pico-decoder-tiny@807a5f576926680d3e81601211eeb7f086c9bbd6,68000,,Orth,ses-7,96,-0.0012339336279703,-0.008838209125493,-0.0006468793171786,pico-lm/pico-decoder-tiny,,,96,,,,11282784
ds001894,pico-decoder-tiny,pico-lm/pico-decoder-tiny@fcd2b3ed5faa6b2389382af2bc876f1835ecff6a,84000,,Orth,ses-7,96,0.004742198485419,-0.0056702120097874,0.0032128467692591,pico-lm/pico-decoder-tiny,,,96,,,,11282784
ds001894,pico-decoder-tiny,pico-lm/pico-decoder-tiny@3d9aaed7161ee69ed04d611c1ee9c81176178c6a,103000,,Orth,ses-7,96,-0.0016866954306973,-0.0127021091264207,-0.0011117396474296,pico-lm/pico-decoder-tiny,,,96,,,,11282784
ds001894,pico-decoder-tiny,pico-lm/pico-decoder-tiny@6ce1a7d66569cb86b4589f3fc6298e885b8ab8e5,126000,,Orth,ses-7,96,0.0021879991201037,-0.014031145593875,0.0014457618052589,pico-lm/pico-decoder-tiny,,,96,,,,11282784
ds001894,pico-decoder-tiny,pico-lm/pico-decoder-tiny@103adb71c10fcc35cebf2b93843f0dd76be7f44e,0,,Orth,ses-9,96,0.018222199938599,0.0151942215441722,0.0120950269949935,pico-lm/pico-decoder-tiny,0.1650755388561307,0.607179038133363,96,3.0,0.11038703895723949,,11282784
ds001894,pico-decoder-tiny,pico-lm/pico-decoder-tiny@fa2c5d27a1fbae4ac24e49c80d0ff1a9cecfabd0,1000,,Orth,ses-9,96,0.0330582233250571,0.0002901836519732,0.0220202568276361,pico-lm/pico-decoder-tiny,0.1650755388561307,0.607179038133363,96,3.0,0.20026118681259333,,11282784
ds001894,pico-decoder-tiny,pico-lm/pico-decoder-tiny@c0dda9ee77ced01962ae332bbf283bcf238765a8,2000,,Orth,ses-9,96,0.0068277232562619,0.0058653962147786,0.0044431104081766,pico-lm/pico-decoder-tiny,0.1650755388561307,0.607179038133363,96,3.0,0.04136120532196177,,11282784
ds001894,pico-decoder-tiny,pico-lm/pico-decoder-tiny@88ef3234093953618e0d8f3c898c9811ec24ed35,3000,,Orth,ses-9,96,0.0051180455505612,0.0041461160532769,0.0032626807202256,pico-lm/pico-decoder-tiny,0.1650755388561307,0.607179038133363,96,3.0,0.03100426378145439,,11282784
ds001894,pico-decoder-tiny,pico-lm/pico-decoder-tiny@84bc530a1fc367c8efc0b3957b86d1c509296091,4000,,Orth,ses-9,96,0.0099739745060866,0.0101485338571741,0.0065925122083559,pico-lm/pico-decoder-tiny,0.1650755388561307,0.607179038133363,96,3.0,0.06042066907792607,,11282784
ds001894,pico-decoder-tiny,pico-lm/pico-decoder-tiny@d31ea8a1afbffb6e7b934a4645ce44652a0d146f,5000,,Orth,ses-9,96,0.0032419561828669,0.0091497244213337,0.0020120217191366,pico-lm/pico-decoder-tiny,0.1650755388561307,0.607179038133363,96,3.0,0.019639228230491388,,11282784
ds001894,pico-decoder-tiny,pico-lm/pico-decoder-tiny@61eace927bb768764dca51562258d78a2fe54f76,7000,,Orth,ses-9,96,0.0129432137923031,0.0110688143806028,0.0083370853103366,pico-lm/pico-decoder-tiny,0.1650755388561307,0.607179038133363,96,3.0,0.07840782396950756,,11282784
ds001894,pico-decoder-tiny,pico-lm/pico-decoder-tiny@5db2932311894754cd4e80f811378100794ae014,8000,,Orth,ses-9,96,0.0142007285637834,0.0236792234878804,0.0092693072888406,pico-lm/pico-decoder-tiny,0.1650755388561307,0.607179038133363,96,3.0,0.08602563809384169,,11282784
ds001894,pico-decoder-tiny,pico-lm/pico-decoder-tiny@a5175df52f960d869efda7045c5982e933d3b705,10000,,Orth,ses-9,96,0.0146798207113236,0.0179959926566897,0.0097632213897322,pico-lm/pico-decoder-tiny,0.1650755388561307,0.607179038133363,96,3.0,0.08892789817949706,,11282784
ds001894,pico-decoder-tiny,pico-lm/pico-decoder-tiny@46c9adae32a035be4680d5185fd1e87408bbc608,13000,,Orth,ses-9,96,0.0111801541476905,0.0184873691617993,0.007391009878282,pico-lm/pico-decoder-tiny,0.1650755388561307,0.607179038133363,96,3.0,0.06772750357298188,,11282784
ds001894,pico-decoder-tiny,pico-lm/pico-decoder-tiny@50fc297ab0c87309ed3b0c670e2d57d37acab44a,16000,,Orth,ses-9,96,0.006244196262412,0.0183859514306866,0.0041537271562323,pico-lm/pico-decoder-tiny,0.1650755388561307,0.607179038133363,96,3.0,0.037826296407574005,,11282784
ds001894,pico-decoder-tiny,pico-lm/pico-decoder-tiny@fd11f6e99d18679b34412651c839856af185d241,20000,,Orth,ses-9,96,0.0181480655353804,0.0222049543466286,0.012159868853973,pico-lm/pico-decoder-tiny,0.1650755388561307,0.607179038133363,96,3.0,0.10993794514399312,,11282784
ds001894,pico-decoder-tiny,pico-lm/pico-decoder-tiny@e1dc0e8bf248742bffbb7184e2971541821cff1b,24000,,Orth,ses-9,96,-0.001531832110044,0.0094456069698785,-0.0008916236632379,pico-lm/pico-decoder-tiny,0.1650755388561307,0.607179038133363,96,3.0,-0.009279582672627512,,11282784
ds001894,pico-decoder-tiny,pico-lm/pico-decoder-tiny@4e773530a79a36816566462c2b3d9ff7172b65f8,30000,,Orth,ses-9,96,0.0132775356796858,0.0138093500637635,0.0088998818608266,pico-lm/pico-decoder-tiny,0.1650755388561307,0.607179038133363,96,3.0,0.08043309003678403,,11282784
ds001894,pico-decoder-tiny,pico-lm/pico-decoder-tiny@de9cd9bd9035dd4f914f6f69c10b9352e8b5c974,37000,,Orth,ses-9,96,0.0143087856027232,0.016936956247149,0.0095558044046285,pico-lm/pico-decoder-tiny,0.1650755388561307,0.607179038133363,96,3.0,0.08668022955959469,,11282784
ds001894,pico-decoder-tiny,pico-lm/pico-decoder-tiny@5373188422135e88150055fef33a4e3aac2bd5a8,45000,,Orth,ses-9,96,0.0151097198355685,0.0155494553867389,0.0103910522082789,pico-lm/pico-decoder-tiny,0.1650755388561307,0.607179038133363,96,3.0,0.09153215515920363,,11282784
ds001894,pico-decoder-tiny,pico-lm/pico-decoder-tiny@6a777ce3230ad361b38533d232052d21852db2f0,56000,,Orth,ses-9,96,-0.008638895505649,0.0041268469021653,-0.0057132027260518,pico-lm/pico-decoder-tiny,0.1650755388561307,0.607179038133363,96,3.0,-0.0523329838297733,,11282784
ds001894,pico-decoder-tiny,pico-lm/pico-decoder-tiny@807a5f576926680d3e81601211eeb7f086c9bbd6,68000,,Orth,ses-9,96,0.0087998385059697,0.0133495140934467,0.0058615501244886,pico-lm/pico-decoder-tiny,0.1650755388561307,0.607179038133363,96,3.0,0.05330794960263057,,11282784
ds001894,pico-decoder-tiny,pico-lm/pico-decoder-tiny@fcd2b3ed5faa6b2389382af2bc876f1835ecff6a,84000,,Orth,ses-9,96,0.0164754795833791,0.0165227637323336,0.0109680870304737,pico-lm/pico-decoder-tiny,0.1650755388561307,0.607179038133363,96,3.0,0.09980569924256359,,11282784
ds001894,pico-decoder-tiny,pico-lm/pico-decoder-tiny@3d9aaed7161ee69ed04d611c1ee9c81176178c6a,103000,,Orth,ses-9,96,0.0099506267339897,0.0115708617161151,0.0065392148940018,pico-lm/pico-decoder-tiny,0.1650755388561307,0.607179038133363,96,3.0,0.06027923218025677,,11282784
ds001894,pico-decoder-tiny,pico-lm/pico-decoder-tiny@6ce1a7d66569cb86b4589f3fc6298e885b8ab8e5,126000,,Orth,ses-9,96,0.0127975520634726,0.0128212731160214,0.0084940911172425,pico-lm/pico-decoder-tiny,0.1650755388561307,0.607179038133363,96,3.0,0.0775254295830355,,11282784
ds001894,pico-decoder-tiny,pico-lm/pico-decoder-tiny@103adb71c10fcc35cebf2b93843f0dd76be7f44e,0,,Phon,ses-11,96,0.0102607645595267,0.0027296083481717,0.0067599081054247,pico-lm/pico-decoder-tiny,0.2136860995937111,0.5240498443952196,96,5.0,0.04801793181229782,,11282784
ds001894,pico-decoder-tiny,pico-lm/pico-decoder-tiny@fa2c5d27a1fbae4ac24e49c80d0ff1a9cecfabd0,1000,,Phon,ses-11,96,-0.0056201336412786,-0.0071754128927074,-0.0037406248677187,pico-lm/pico-decoder-tiny,0.2136860995937111,0.5240498443952196,96,5.0,-0.026300885513678044,,11282784
ds001894,pico-decoder-tiny,pico-lm/pico-decoder-tiny@c0dda9ee77ced01962ae332bbf283bcf238765a8,2000,,Phon,ses-11,96,-0.0140868448329497,-0.0090993498128076,-0.0091721407049098,pico-lm/pico-decoder-tiny,0.2136860995937111,0.5240498443952196,96,5.0,-0.06592307529471272,,11282784
ds001894,pico-decoder-tiny,pico-lm/pico-decoder-tiny@88ef3234093953618e0d8f3c898c9811ec24ed35,3000,,Phon,ses-11,96,0.0008007302226947,0.0028779370194974,0.0005601028234107,pico-lm/pico-decoder-tiny,0.2136860995937111,0.5240498443952196,96,5.0,0.003747226535638755,,11282784
ds001894,pico-decoder-tiny,pico-lm/pico-decoder-tiny@84bc530a1fc367c8efc0b3957b86d1c509296091,4000,,Phon,ses-11,96,-0.0045786284114594,-0.0002229669279756,-0.0029786849224399,pico-lm/pico-decoder-tiny,0.2136860995937111,0.5240498443952196,96,5.0,-0.0214268893492132,,11282784
ds001894,pico-decoder-tiny,pico-lm/pico-decoder-tiny@d31ea8a1afbffb6e7b934a4645ce44652a0d146f,5000,,Phon,ses-11,96,-0.0042744547188979,0.001634761449361,-0.0028609305672604,pico-lm/pico-decoder-tiny,0.2136860995937111,0.5240498443952196,96,5.0,-0.020003428987777263,,11282784
ds001894,pico-decoder-tiny,pico-lm/pico-decoder-tiny@61eace927bb768764dca51562258d78a2fe54f76,7000,,Phon,ses-11,96,-0.0079137123172528,-0.0102158966865834,-0.0053666739782115,pico-lm/pico-decoder-tiny,0.2136860995937111,0.5240498443952196,96,5.0,-0.037034286892312696,,11282784
ds001894,pico-decoder-tiny,pico-lm/pico-decoder-tiny@5db2932311894754cd4e80f811378100794ae014,8000,,Phon,ses-11,96,0.0027070958610615,0.0015680925554222,0.0017849790081696,pico-lm/pico-decoder-tiny,0.2136860995937111,0.5240498443952196,96,5.0,0.012668563215897509,,11282784
ds001894,pico-decoder-tiny,pico-lm/pico-decoder-tiny@a5175df52f960d869efda7045c5982e933d3b705,10000,,Phon,ses-11,96,0.0059087795289917,-0.0065403241058204,0.0037881499097601,pico-lm/pico-decoder-tiny,0.2136860995937111,0.5240498443952196,96,5.0,0.0276516794504943,,11282784
ds001894,pico-decoder-tiny,pico-lm/pico-decoder-tiny@46c9adae32a035be4680d5185fd1e87408bbc608,13000,,Phon,ses-11,96,0.0072728261990118,-0.0082097461686611,0.004821963880968,pico-lm/pico-decoder-tiny,0.2136860995937111,0.5240498443952196,96,5.0,0.034035092656189994,,11282784
ds001894,pico-decoder-tiny,pico-lm/pico-decoder-tiny@50fc297ab0c87309ed3b0c670e2d57d37acab44a,16000,,Phon,ses-11,96,-0.0011984714243323,-0.0086249034810415,-0.000656114952879,pico-lm/pico-decoder-tiny,0.2136860995937111,0.5240498443952196,96,5.0,-0.005608560531597497,,11282784
ds001894,pico-decoder-tiny,pico-lm/pico-decoder-tiny@fd11f6e99d18679b34412651c839856af185d241,20000,,Phon,ses-11,96,0.0040678259740059,-0.0083311784523594,0.0026048340856528,pico-lm/pico-decoder-tiny,0.2136860995937111,0.5240498443952196,96,5.0,0.01903645572519785,,11282784
ds001894,pico-decoder-tiny,pico-lm/pico-decoder-tiny@e1dc0e8bf248742bffbb7184e2971541821cff1b,24000,,Phon,ses-11,96,-0.0051042818260409,-0.0087186766054019,-0.003335603760443,pico-lm/pico-decoder-tiny,0.2136860995937111,0.5240498443952196,96,5.0,-0.023886822005483047,,11282784
ds001894,pico-decoder-tiny,pico-lm/pico-decoder-tiny@4e773530a79a36816566462c2b3d9ff7172b65f8,30000,,Phon,ses-11,96,-0.0012956965620449,-0.0100693316587774,-0.0009233711609578,pico-lm/pico-decoder-tiny,0.2136860995937111,0.5240498443952196,96,5.0,-0.006063550996103413,,11282784
ds001894,pico-decoder-tiny,pico-lm/pico-decoder-tiny@de9cd9bd9035dd4f914f6f69c10b9352e8b5c974,37000,,Phon,ses-11,96,0.0059731887733943,-0.0073697095380627,0.003883584811997,pico-lm/pico-decoder-tiny,0.2136860995937111,0.5240498443952196,96,5.0,0.027953099358130146,,11282784
ds001894,pico-decoder-tiny,pico-lm/pico-decoder-tiny@5373188422135e88150055fef33a4e3aac2bd5a8,45000,,Phon,ses-11,96,-0.0012119486234302,-0.0110383940775437,-0.0008229336227165,pico-lm/pico-decoder-tiny,0.2136860995937111,0.5240498443952196,96,5.0,-0.005671630610201228,,11282784
ds001894,pico-decoder-tiny,pico-lm/pico-decoder-tiny@6a777ce3230ad361b38533d232052d21852db2f0,56000,,Phon,ses-11,96,-0.0104343255623496,-0.0148606830633502,-0.006960013545599,pico-lm/pico-decoder-tiny,0.2136860995937111,0.5240498443952196,96,5.0,-0.048830155925859244,,11282784
ds001894,pico-decoder-tiny,pico-lm/pico-decoder-tiny@807a5f576926680d3e81601211eeb7f086c9bbd6,68000,,Phon,ses-11,96,-0.0030220588050855,-0.0075738744746655,-0.0021395889372477,pico-lm/pico-decoder-tiny,0.2136860995937111,0.5240498443952196,96,5.0,-0.014142514701852143,,11282784
ds001894,pico-decoder-tiny,pico-lm/pico-decoder-tiny@fcd2b3ed5faa6b2389382af2bc876f1835ecff6a,84000,,Phon,ses-11,96,-0.0003438699927243,-0.0104239837597904,-0.0001877912592404,pico-lm/pico-decoder-tiny,0.2136860995937111,0.5240498443952196,96,5.0,-0.001609229581980822,,11282784
ds001894,pico-decoder-tiny,pico-lm/pico-decoder-tiny@3d9aaed7161ee69ed04d611c1ee9c81176178c6a,103000,,Phon,ses-11,96,-0.0050024130528164,-0.0121582857041267,-0.0032971219450248,pico-lm/pico-decoder-tiny,0.2136860995937111,0.5240498443952196,96,5.0,-0.023410100433896564,,11282784
ds001894,pico-decoder-tiny,pico-lm/pico-decoder-tiny@6ce1a7d66569cb86b4589f3fc6298e885b8ab8e5,126000,,Phon,ses-11,96,-0.004512721616119,-0.0137481459120969,-0.003182830953233,pico-lm/pico-decoder-tiny,0.2136860995937111,0.5240498443952196,96,5.0,-0.021118461260227955,,11282784
ds001894,pico-decoder-tiny,pico-lm/pico-decoder-tiny@103adb71c10fcc35cebf2b93843f0dd76be7f44e,0,,Phon,ses-11+,96,3.359156217662035e-05,-0.010236079422975,4.8487087426836446e-05,pico-lm/pico-decoder-tiny,0.1742624769225749,0.5457342923093875,96,4.0,0.00019276417258515805,,11282784
ds001894,pico-decoder-tiny,pico-lm/pico-decoder-tiny@fa2c5d27a1fbae4ac24e49c80d0ff1a9cecfabd0,1000,,Phon,ses-11+,96,0.0088350670850805,-0.0023623813714268,0.0058680920331097,pico-lm/pico-decoder-tiny,0.1742624769225749,0.5457342923093875,96,4.0,0.050699767621264415,,11282784
ds001894,pico-decoder-tiny,pico-lm/pico-decoder-tiny@c0dda9ee77ced01962ae332bbf283bcf238765a8,2000,,Phon,ses-11+,96,-0.0042374120693787,0.0053081815930575,-0.0027054640329712,pico-lm/pico-decoder-tiny,0.1742624769225749,0.5457342923093875,96,4.0,-0.02431626213634843,,11282784
ds001894,pico-decoder-tiny,pico-lm/pico-decoder-tiny@88ef3234093953618e0d8f3c898c9811ec24ed35,3000,,Phon,ses-11+,96,0.0152052454371073,0.0110521400725041,0.0099648661025232,pico-lm/pico-decoder-tiny,0.1742624769225749,0.5457342923093875,96,4.0,0.087254845137218,,11282784
ds001894,pico-decoder-tiny,pico-lm/pico-decoder-tiny@84bc530a1fc367c8efc0b3957b86d1c509296091,4000,,Phon,ses-11+,96,0.0202626782051129,0.0138824582621125,0.0133893628565821,pico-lm/pico-decoder-tiny,0.1742624769225749,0.5457342923093875,96,4.0,0.11627677147109323,,11282784
ds001894,pico-decoder-tiny,pico-lm/pico-decoder-tiny@d31ea8a1afbffb6e7b934a4645ce44652a0d146f,5000,,Phon,ses-11+,96,0.0226669313753211,0.009549181605524,0.0150852564620588,pico-lm/pico-decoder-tiny,0.1742624769225749,0.5457342923093875,96,4.0,0.13007350621667138,,11282784
ds001894,pico-decoder-tiny,pico-lm/pico-decoder-tiny@61eace927bb768764dca51562258d78a2fe54f76,7000,,Phon,ses-11+,96,0.0144173712709428,0.0033844903765137,0.009592939356507,pico-lm/pico-decoder-tiny,0.1742624769225749,0.5457342923093875,96,4.0,0.08273365285257858,,11282784
ds001894,pico-decoder-tiny,pico-lm/pico-decoder-tiny@5db2932311894754cd4e80f811378100794ae014,8000,,Phon,ses-11+,96,0.0151231150256232,0.0076832920874564,0.0102042229944239,pico-lm/pico-decoder-tiny,0.1742624769225749,0.5457342923093875,96,4.0,0.08678354223291812,,11282784
ds001894,pico-decoder-tiny,pico-lm/pico-decoder-tiny@a5175df52f960d869efda7045c5982e933d3b705,10000,,Phon,ses-11+,96,0.0180262946354434,-0.0031579503200427,0.0120854065411389,pico-lm/pico-decoder-tiny,0.1742624769225749,0.5457342923093875,96,4.0,0.10344335139602379,,11282784
ds001894,pico-decoder-tiny,pico-lm/pico-decoder-tiny@46c9adae32a035be4680d5185fd1e87408bbc608,13000,,Phon,ses-11+,96,0.0263423302830635,0.0012221661707133,0.0174214874760931,pico-lm/pico-decoder-tiny,0.1742624769225749,0.5457342923093875,96,4.0,0.15116467267228986,,11282784
ds001894,pico-decoder-tiny,pico-lm/pico-decoder-tiny@50fc297ab0c87309ed3b0c670e2d57d37acab44a,16000,,Phon,ses-11+,96,0.0187235229912517,0.0039065853915046,0.0124725336042453,pico-lm/pico-decoder-tiny,0.1742624769225749,0.5457342923093875,96,4.0,0.10744437541519963,,11282784
ds001894,pico-decoder-tiny,pico-lm/pico-decoder-tiny@fd11f6e99d18679b34412651c839856af185d241,20000,,Phon,ses-11+,96,0.0299796534551456,0.0081247501702645,0.0200984749656549,pico-lm/pico-decoder-tiny,0.1742624769225749,0.5457342923093875,96,4.0,0.17203734266020795,,11282784
ds001894,pico-decoder-tiny,pico-lm/pico-decoder-tiny@e1dc0e8bf248742bffbb7184e2971541821cff1b,24000,,Phon,ses-11+,96,0.011868277474793,0.0019264089447151,0.0079274463852106,pico-lm/pico-decoder-tiny,0.1742624769225749,0.5457342923093875,96,4.0,0.06810575451688372,,11282784
ds001894,pico-decoder-tiny,pico-lm/pico-decoder-tiny@4e773530a79a36816566462c2b3d9ff7172b65f8,30000,,Phon,ses-11+,96,0.0215353113690116,0.0066628091716855,0.0145203434117207,pico-lm/pico-decoder-tiny,0.1742624769225749,0.5457342923093875,96,4.0,0.12357973873273805,,11282784
ds001894,pico-decoder-tiny,pico-lm/pico-decoder-tiny@de9cd9bd9035dd4f914f6f69c10b9352e8b5c974,37000,,Phon,ses-11+,96,0.0190513056698994,-0.0002262243135496,0.0127592231291103,pico-lm/pico-decoder-tiny,0.1742624769225749,0.5457342923093875,96,4.0,0.10932534649076477,,11282784
ds001894,pico-decoder-tiny,pico-lm/pico-decoder-tiny@5373188422135e88150055fef33a4e3aac2bd5a8,45000,,Phon,ses-11+,96,0.0077476102140855,-0.0047875563839982,0.0050149501852899,pico-lm/pico-decoder-tiny,0.1742624769225749,0.5457342923093875,96,4.0,0.0444594289654667,,11282784
ds001894,pico-decoder-tiny,pico-lm/pico-decoder-tiny@6a777ce3230ad361b38533d232052d21852db2f0,56000,,Phon,ses-11+,96,-0.0046709881855064,-0.0073474803440362,-0.0031836005895414,pico-lm/pico-decoder-tiny,0.1742624769225749,0.5457342923093875,96,4.0,-0.02680432568155064,,11282784
ds001894,pico-decoder-tiny,pico-lm/pico-decoder-tiny@807a5f576926680d3e81601211eeb7f086c9bbd6,68000,,Phon,ses-11+,96,0.0053272583396558,-0.0002887388391646,0.0033496496230706,pico-lm/pico-decoder-tiny,0.1742624769225749,0.5457342923093875,96,4.0,0.030570312288300074,,11282784
ds001894,pico-decoder-tiny,pico-lm/pico-decoder-tiny@fcd2b3ed5faa6b2389382af2bc876f1835ecff6a,84000,,Phon,ses-11+,96,0.007486511644888,-0.0028503365539017,0.0049166291468966,pico-lm/pico-decoder-tiny,0.1742624769225749,0.5457342923093875,96,4.0,0.04296112265300963,,11282784
ds001894,pico-decoder-tiny,pico-lm/pico-decoder-tiny@3d9aaed7161ee69ed04d611c1ee9c81176178c6a,103000,,Phon,ses-11+,96,-0.0075872195092345,-0.0083903003694253,-0.0050694019541065,pico-lm/pico-decoder-tiny,0.1742624769225749,0.5457342923093875,96,4.0,-0.043539031713669,,11282784
ds001894,pico-decoder-tiny,pico-lm/pico-decoder-tiny@6ce1a7d66569cb86b4589f3fc6298e885b8ab8e5,126000,,Phon,ses-11+,96,-0.0108623774582087,-0.010759830045453,-0.0070693019013865,pico-lm/pico-decoder-tiny,0.1742624769225749,0.5457342923093875,96,4.0,-0.062333427425313545,,11282784
ds001894,pico-decoder-tiny,pico-lm/pico-decoder-tiny@103adb71c10fcc35cebf2b93843f0dd76be7f44e,0,,Phon,ses-7,96,0.005008769133333,-0.0052755212017937,0.0033742779849382,pico-lm/pico-decoder-tiny,,,96,,,0.0081448036195669,11282784
ds001894,pico-decoder-tiny,pico-lm/pico-decoder-tiny@fa2c5d27a1fbae4ac24e49c80d0ff1a9cecfabd0,1000,,Phon,ses-7,96,-0.0019649750209946,-0.0131964957784398,-0.0013924644909048,pico-lm/pico-decoder-tiny,,,96,,,0.0081448036195669,11282784
ds001894,pico-decoder-tiny,pico-lm/pico-decoder-tiny@c0dda9ee77ced01962ae332bbf283bcf238765a8,2000,,Phon,ses-7,96,-0.0220372108895525,-0.0196647512637448,-0.0145757572259228,pico-lm/pico-decoder-tiny,,,96,,,0.0081448036195669,11282784
ds001894,pico-decoder-tiny,pico-lm/pico-decoder-tiny@88ef3234093953618e0d8f3c898c9811ec24ed35,3000,,Phon,ses-7,96,-0.0163869109557781,-0.0166181065530402,-0.0108666874468469,pico-lm/pico-decoder-tiny,,,96,,,0.0081448036195669,11282784
ds001894,pico-decoder-tiny,pico-lm/pico-decoder-tiny@84bc530a1fc367c8efc0b3957b86d1c509296091,4000,,Phon,ses-7,96,0.0063449252618052,-0.0063458009201007,0.0040026860307161,pico-lm/pico-decoder-tiny,,,96,,,0.0081448036195669,11282784
ds001894,pico-decoder-tiny,pico-lm/pico-decoder-tiny@d31ea8a1afbffb6e7b934a4645ce44652a0d146f,5000,,Phon,ses-7,96,0.008894938242647,-0.0039830780129822,0.0060041252506128,pico-lm/pico-decoder-tiny,,,96,,,0.0081448036195669,11282784
ds001894,pico-decoder-tiny,pico-lm/pico-decoder-tiny@61eace927bb768764dca51562258d78a2fe54f76,7000,,Phon,ses-7,96,0.0018572117212356,-0.0087724516186943,0.0011821613696447,pico-lm/pico-decoder-tiny,,,96,,,0.0081448036195669,11282784
ds001894,pico-decoder-tiny,pico-lm/pico-decoder-tiny@5db2932311894754cd4e80f811378100794ae014,8000,,Phon,ses-7,96,0.0009368829523476,-0.0078859481586053,0.0005023801002836,pico-lm/pico-decoder-tiny,,,96,,,0.0081448036195669,11282784
ds001894,pico-decoder-tiny,pico-lm/pico-decoder-tiny@a5175df52f960d869efda7045c5982e933d3b705,10000,,Phon,ses-7,96,-0.0093989059603846,-0.0139523792473033,-0.0064487826277692,pico-lm/pico-decoder-tiny,,,96,,,0.0081448036195669,11282784
ds001894,pico-decoder-tiny,pico-lm/pico-decoder-tiny@46c9adae32a035be4680d5185fd1e87408bbc608,13000,,Phon,ses-7,96,-0.003449913524881,-0.0100112211689007,-0.0022429126116453,pico-lm/pico-decoder-tiny,,,96,,,0.0081448036195669,11282784
ds001894,pico-decoder-tiny,pico-lm/pico-decoder-tiny@50fc297ab0c87309ed3b0c670e2d57d37acab44a,16000,,Phon,ses-7,96,-1.4389423145884564e-05,-0.0038444364659032,6.92672677526235e-06,pico-lm/pico-decoder-tiny,,,96,,,0.0081448036195669,11282784
ds001894,pico-decoder-tiny,pico-lm/pico-decoder-tiny@fd11f6e99d18679b34412651c839856af185d241,20000,,Phon,ses-7,96,0.0189075426782211,0.0016891134440789,0.0128494629862658,pico-lm/pico-decoder-tiny,,,96,,,0.0081448036195669,11282784
ds001894,pico-decoder-tiny,pico-lm/pico-decoder-tiny@e1dc0e8bf248742bffbb7184e2971541821cff1b,24000,,Phon,ses-7,96,0.0100625795821513,-0.0021956545613358,0.0066769797931987,pico-lm/pico-decoder-tiny,,,96,,,0.0081448036195669,11282784
ds001894,pico-decoder-tiny,pico-lm/pico-decoder-tiny@4e773530a79a36816566462c2b3d9ff7172b65f8,30000,,Phon,ses-7,96,0.0181991030028038,-0.0006097780104014,0.0123332294324317,pico-lm/pico-decoder-tiny,,,96,,,0.0081448036195669,11282784
ds001894,pico-decoder-tiny,pico-lm/pico-decoder-tiny@de9cd9bd9035dd4f914f6f69c10b9352e8b5c974,37000,,Phon,ses-7,96,0.0081066692181266,-0.0050816122656456,0.0054948184235539,pico-lm/pico-decoder-tiny,,,96,,,0.0081448036195669,11282784
ds001894,pico-decoder-tiny,pico-lm/pico-decoder-tiny@5373188422135e88150055fef33a4e3aac2bd5a8,45000,,Phon,ses-7,96,0.0018939455712713,-0.0090140321241753,0.0012296864116861,pico-lm/pico-decoder-tiny,,,96,,,0.0081448036195669,11282784
ds001894,pico-decoder-tiny,pico-lm/pico-decoder-tiny@6a777ce3230ad361b38533d232052d21852db2f0,56000,,Phon,ses-7,96,-0.0083851992650541,-0.0142148045362241,-0.005601220643185,pico-lm/pico-decoder-tiny,,,96,,,0.0081448036195669,11282784
ds001894,pico-decoder-tiny,pico-lm/pico-decoder-tiny@807a5f576926680d3e81601211eeb7f086c9bbd6,68000,,Phon,ses-7,96,-0.0012339336279703,-0.008838209125493,-0.0006468793171786,pico-lm/pico-decoder-tiny,,,96,,,0.0081448036195669,11282784
ds001894,pico-decoder-tiny,pico-lm/pico-decoder-tiny@fcd2b3ed5faa6b2389382af2bc876f1835ecff6a,84000,,Phon,ses-7,96,0.004742198485419,-0.0056702120097874,0.0032128467692591,pico-lm/pico-decoder-tiny,,,96,,,0.0081448036195669,11282784
ds001894,pico-decoder-tiny,pico-lm/pico-decoder-tiny@3d9aaed7161ee69ed04d611c1ee9c81176178c6a,103000,,Phon,ses-7,96,-0.0016866954306973,-0.0127021091264207,-0.0011117396474296,pico-lm/pico-decoder-tiny,,,96,,,0.0081448036195669,11282784
ds001894,pico-decoder-tiny,pico-lm/pico-decoder-tiny@6ce1a7d66569cb86b4589f3fc6298e885b8ab8e5,126000,,Phon,ses-7,96,0.0021879991201037,-0.014031145593875,0.0014457618052589,pico-lm/pico-decoder-tiny,,,96,,,0.0081448036195669,11282784
ds001894,pico-decoder-tiny,pico-lm/pico-decoder-tiny@103adb71c10fcc35cebf2b93843f0dd76be7f44e,0,,Phon,ses-9,96,0.018222199938599,0.0151942215441722,0.0120950269949935,pico-lm/pico-decoder-tiny,0.1650755388561307,0.607179038133363,96,3.0,0.11038703895723949,0.008728626502912,11282784
ds001894,pico-decoder-tiny,pico-lm/pico-decoder-tiny@fa2c5d27a1fbae4ac24e49c80d0ff1a9cecfabd0,1000,,Phon,ses-9,96,0.0330582233250571,0.0002901836519732,0.0220202568276361,pico-lm/pico-decoder-tiny,0.1650755388561307,0.607179038133363,96,3.0,0.20026118681259333,0.008728626502912,11282784
ds001894,pico-decoder-tiny,pico-lm/pico-decoder-tiny@c0dda9ee77ced01962ae332bbf283bcf238765a8,2000,,Phon,ses-9,96,0.0068277232562619,0.0058653962147786,0.0044431104081766,pico-lm/pico-decoder-tiny,0.1650755388561307,0.607179038133363,96,3.0,0.04136120532196177,0.008728626502912,11282784
ds001894,pico-decoder-tiny,pico-lm/pico-decoder-tiny@88ef3234093953618e0d8f3c898c9811ec24ed35,3000,,Phon,ses-9,96,0.0051180455505612,0.0041461160532769,0.0032626807202256,pico-lm/pico-decoder-tiny,0.1650755388561307,0.607179038133363,96,3.0,0.03100426378145439,0.008728626502912,11282784
ds001894,pico-decoder-tiny,pico-lm/pico-decoder-tiny@84bc530a1fc367c8efc0b3957b86d1c509296091,4000,,Phon,ses-9,96,0.0099739745060866,0.0101485338571741,0.0065925122083559,pico-lm/pico-decoder-tiny,0.1650755388561307,0.607179038133363,96,3.0,0.06042066907792607,0.008728626502912,11282784
ds001894,pico-decoder-tiny,pico-lm/pico-decoder-tiny@d31ea8a1afbffb6e7b934a4645ce44652a0d146f,5000,,Phon,ses-9,96,0.0032419561828669,0.0091497244213337,0.0020120217191366,pico-lm/pico-decoder-tiny,0.1650755388561307,0.607179038133363,96,3.0,0.019639228230491388,0.008728626502912,11282784
ds001894,pico-decoder-tiny,pico-lm/pico-decoder-tiny@61eace927bb768764dca51562258d78a2fe54f76,7000,,Phon,ses-9,96,0.0129432137923031,0.0110688143806028,0.0083370853103366,pico-lm/pico-decoder-tiny,0.1650755388561307,0.607179038133363,96,3.0,0.07840782396950756,0.008728626502912,11282784
ds001894,pico-decoder-tiny,pico-lm/pico-decoder-tiny@5db2932311894754cd4e80f811378100794ae014,8000,,Phon,ses-9,96,0.0142007285637834,0.0236792234878804,0.0092693072888406,pico-lm/pico-decoder-tiny,0.1650755388561307,0.607179038133363,96,3.0,0.08602563809384169,0.008728626502912,11282784
ds001894,pico-decoder-tiny,pico-lm/pico-decoder-tiny@a5175df52f960d869efda7045c5982e933d3b705,10000,,Phon,ses-9,96,0.0146798207113236,0.0179959926566897,0.0097632213897322,pico-lm/pico-decoder-tiny,0.1650755388561307,0.607179038133363,96,3.0,0.08892789817949706,0.008728626502912,11282784
ds001894,pico-decoder-tiny,pico-lm/pico-decoder-tiny@46c9adae32a035be4680d5185fd1e87408bbc608,13000,,Phon,ses-9,96,0.0111801541476905,0.0184873691617993,0.007391009878282,pico-lm/pico-decoder-tiny,0.1650755388561307,0.607179038133363,96,3.0,0.06772750357298188,0.008728626502912,11282784
ds001894,pico-decoder-tiny,pico-lm/pico-decoder-tiny@50fc297ab0c87309ed3b0c670e2d57d37acab44a,16000,,Phon,ses-9,96,0.006244196262412,0.0183859514306866,0.0041537271562323,pico-lm/pico-decoder-tiny,0.1650755388561307,0.607179038133363,96,3.0,0.037826296407574005,0.008728626502912,11282784
ds001894,pico-decoder-tiny,pico-lm/pico-decoder-tiny@fd11f6e99d18679b34412651c839856af185d241,20000,,Phon,ses-9,96,0.0181480655353804,0.0222049543466286,0.012159868853973,pico-lm/pico-decoder-tiny,0.1650755388561307,0.607179038133363,96,3.0,0.10993794514399312,0.008728626502912,11282784
ds001894,pico-decoder-tiny,pico-lm/pico-decoder-tiny@e1dc0e8bf248742bffbb7184e2971541821cff1b,24000,,Phon,ses-9,96,-0.001531832110044,0.0094456069698785,-0.0008916236632379,pico-lm/pico-decoder-tiny,0.1650755388561307,0.607179038133363,96,3.0,-0.009279582672627512,0.008728626502912,11282784
ds001894,pico-decoder-tiny,pico-lm/pico-decoder-tiny@4e773530a79a36816566462c2b3d9ff7172b65f8,30000,,Phon,ses-9,96,0.0132775356796858,0.0138093500637635,0.0088998818608266,pico-lm/pico-decoder-tiny,0.1650755388561307,0.607179038133363,96,3.0,0.08043309003678403,0.008728626502912,11282784
ds001894,pico-decoder-tiny,pico-lm/pico-decoder-tiny@de9cd9bd9035dd4f914f6f69c10b9352e8b5c974,37000,,Phon,ses-9,96,0.0143087856027232,0.016936956247149,0.0095558044046285,pico-lm/pico-decoder-tiny,0.1650755388561307,0.607179038133363,96,3.0,0.08668022955959469,0.008728626502912,11282784
ds001894,pico-decoder-tiny,pico-lm/pico-decoder-tiny@5373188422135e88150055fef33a4e3aac2bd5a8,45000,,Phon,ses-9,96,0.0151097198355685,0.0155494553867389,0.0103910522082789,pico-lm/pico-decoder-tiny,0.1650755388561307,0.607179038133363,96,3.0,0.09153215515920363,0.008728626502912,11282784
ds001894,pico-decoder-tiny,pico-lm/pico-decoder-tiny@6a777ce3230ad361b38533d232052d21852db2f0,56000,,Phon,ses-9,96,-0.008638895505649,0.0041268469021653,-0.0057132027260518,pico-lm/pico-decoder-tiny,0.1650755388561307,0.607179038133363,96,3.0,-0.0523329838297733,0.008728626502912,11282784
ds001894,pico-decoder-tiny,pico-lm/pico-decoder-tiny@807a5f576926680d3e81601211eeb7f086c9bbd6,68000,,Phon,ses-9,96,0.0087998385059697,0.0133495140934467,0.0058615501244886,pico-lm/pico-decoder-tiny,0.1650755388561307,0.607179038133363,96,3.0,0.05330794960263057,0.008728626502912,11282784
ds001894,pico-decoder-tiny,pico-lm/pico-decoder-tiny@fcd2b3ed5faa6b2389382af2bc876f1835ecff6a,84000,,Phon,ses-9,96,0.0164754795833791,0.0165227637323336,0.0109680870304737,pico-lm/pico-decoder-tiny,0.1650755388561307,0.607179038133363,96,3.0,0.09980569924256359,0.008728626502912,11282784
ds001894,pico-decoder-tiny,pico-lm/pico-decoder-tiny@3d9aaed7161ee69ed04d611c1ee9c81176178c6a,103000,,Phon,ses-9,96,0.0099506267339897,0.0115708617161151,0.0065392148940018,pico-lm/pico-decoder-tiny,0.1650755388561307,0.607179038133363,96,3.0,0.06027923218025677,0.008728626502912,11282784
ds001894,pico-decoder-tiny,pico-lm/pico-decoder-tiny@6ce1a7d66569cb86b4589f3fc6298e885b8ab8e5,126000,,Phon,ses-9,96,0.0127975520634726,0.0128212731160214,0.0084940911172425,pico-lm/pico-decoder-tiny,0.1650755388561307,0.607179038133363,96,3.0,0.0775254295830355,0.008728626502912,11282784
ds001894,pythia-1.4b-full,EleutherAI/pythia-1.4b@step0,0,0.0,Orth,ses-11,96,0.0216315326552884,0.0057188145003597,0.0145266929112647,EleutherAI/pythia-1.4b,0.2136860995937111,0.5240498443952196,96,5.0,0.10123041553202193,,1515311488
ds001894,pythia-1.4b-full,EleutherAI/pythia-1.4b@step1,1,2097152.0,Orth,ses-11,96,0.0216315326552884,0.0057188145003597,0.0145266929112647,EleutherAI/pythia-1.4b,0.2136860995937111,0.5240498443952196,96,5.0,0.10123041553202193,,1515311488
ds001894,pythia-1.4b-full,EleutherAI/pythia-1.4b@step2,2,4194304.0,Orth,ses-11,96,0.0216339095254113,0.0057208047201932,0.0145417008192778,EleutherAI/pythia-1.4b,0.2136860995937111,0.5240498443952196,96,5.0,0.10124153871751422,,1515311488
ds001894,pythia-1.4b-full,EleutherAI/pythia-1.4b@step4,4,8388608.0,Orth,ses-11,96,0.0217004153158155,0.0058341864457304,0.0145982690879424,EleutherAI/pythia-1.4b,0.2136860995937111,0.5240498443952196,96,5.0,0.10155276996058828,,1515311488
ds001894,pythia-1.4b-full,EleutherAI/pythia-1.4b@step8,8,16777216.0,Orth,ses-11,96,0.0189155407114012,0.0060334778862749,0.0125452642353855,EleutherAI/pythia-1.4b,0.2136860995937111,0.5240498443952196,96,5.0,0.08852022076946504,,1515311488
ds001894,pythia-1.4b-full,EleutherAI/pythia-1.4b@step32,32,67108864.0,Orth,ses-11,96,0.0134810280849055,0.014448173756284,0.008998395308297,EleutherAI/pythia-1.4b,0.2136860995937111,0.5240498443952196,96,5.0,0.06308799735002629,,1515311488
ds001894,pythia-1.4b-full,EleutherAI/pythia-1.4b@step64,64,134217728.0,Orth,ses-11,96,0.0072313640467206,0.0023782424939185,0.0049222090101322,EleutherAI/pythia-1.4b,0.2136860995937111,0.5240498443952196,96,5.0,0.03384105966869089,,1515311488
ds001894,pythia-1.4b-full,EleutherAI/pythia-1.4b@step256,256,536870912.0,Orth,ses-11,96,0.0081943440990257,0.0065829781470752,0.0056874199097216,EleutherAI/pythia-1.4b,0.2136860995937111,0.5240498443952196,96,5.0,0.03834757672401665,,1515311488
ds001894,pythia-1.4b-full,EleutherAI/pythia-1.4b@step1000,1000,2097152000.0,Orth,ses-11,96,0.0070834226436702,0.0004540149851735,0.0046307092583399,EleutherAI/pythia-1.4b,0.2136860995937111,0.5240498443952196,96,5.0,0.03314872917395264,,1515311488
ds001894,pythia-1.4b-full,EleutherAI/pythia-1.4b@step4000,4000,8388608000.0,Orth,ses-11,96,0.0183538282495898,-0.0011861219597339,0.0120807887232888,EleutherAI/pythia-1.4b,0.2136860995937111,0.5240498443952196,96,5.0,0.08589154036919847,,1515311488
ds001894,pythia-1.4b-full,EleutherAI/pythia-1.4b@step8000,8000,16777216000.0,Orth,ses-11,96,0.0118628405789685,0.006408455813674,0.007815656711421,EleutherAI/pythia-1.4b,0.2136860995937111,0.5240498443952196,96,5.0,0.0555152656233781,,1515311488
ds001894,pythia-1.4b-full,EleutherAI/pythia-1.4b@step12000,12000,25165824000.0,Orth,ses-11,96,0.0107403242092358,0.0011158607257913,0.0070927758087915,EleutherAI/pythia-1.4b,0.2136860995937111,0.5240498443952196,96,5.0,0.0502621566384372,,1515311488
ds001894,pythia-1.4b-full,EleutherAI/pythia-1.4b@step18000,18000,37748736000.0,Orth,ses-11,96,0.0156092488138448,0.0053650245703092,0.0102527100818508,EleutherAI/pythia-1.4b,0.2136860995937111,0.5240498443952196,96,5.0,0.07304756296045094,,1515311488
ds001894,pythia-1.4b-full,EleutherAI/pythia-1.4b@step24000,24000,50331648000.0,Orth,ses-11,96,0.0214083263138612,0.0090524176152285,0.0141784324817307,EleutherAI/pythia-1.4b,0.2136860995937111,0.5240498443952196,96,5.0,0.10018586307001533,,1515311488
ds001894,pythia-1.4b-full,EleutherAI/pythia-1.4b@step33000,33000,69206016000.0,Orth,ses-11,96,0.0250650828449152,0.0079356655908643,0.016652620804039,EleutherAI/pythia-1.4b,0.2136860995937111,0.5240498443952196,96,5.0,0.1172986118075641,,1515311488
ds001894,pythia-1.4b-full,EleutherAI/pythia-1.4b@step43000,43000,90177536000.0,Orth,ses-11,96,0.0302554523984444,0.0121469339148459,0.0201067485559698,EleutherAI/pythia-1.4b,0.2136860995937111,0.5240498443952196,96,5.0,0.14158830385303564,,1515311488
ds001894,pythia-1.4b-full,EleutherAI/pythia-1.4b@step56000,56000,117440512000.0,Orth,ses-11,96,0.0322951144977988,0.0173774662646335,0.0213541366027483,EleutherAI/pythia-1.4b,0.2136860995937111,0.5240498443952196,96,5.0,0.1511334361907613,,1515311488
ds001894,pythia-1.4b-full,EleutherAI/pythia-1.4b@step71000,71000,148897792000.0,Orth,ses-11,96,0.0239557229784233,0.0128990042411158,0.0160628869827563,EleutherAI/pythia-1.4b,0.2136860995937111,0.5240498443952196,96,5.0,0.1121070721210746,,1515311488
ds001894,pythia-1.4b-full,EleutherAI/pythia-1.4b@step90000,90000,188743680000.0,Orth,ses-11,96,0.0302044897263057,0.0157379312947325,0.0200919330570338,EleutherAI/pythia-1.4b,0.2136860995937111,0.5240498443952196,96,5.0,0.14134981069772232,,1515311488
ds001894,pythia-1.4b-full,EleutherAI/pythia-1.4b@step114000,114000,239075328000.0,Orth,ses-11,96,0.0152384442923997,0.0074426251069283,0.0100389435972031,EleutherAI/pythia-1.4b,0.2136860995937111,0.5240498443952196,96,5.0,0.07131228620566846,,1515311488
ds001894,pythia-1.4b-full,EleutherAI/pythia-1.4b@step143000,143000,299892736000.0,Orth,ses-11,96,0.0169090969571427,0.0078706560100839,0.0112832530987481,EleutherAI/pythia-1.4b,0.2136860995937111,0.5240498443952196,96,5.0,0.07913054236701668,,1515311488
ds001894,pythia-1.4b-full,EleutherAI/pythia-1.4b@step0,0,0.0,Orth,ses-11+,96,0.0203296328937826,0.0035894671627478,0.0136391098386457,EleutherAI/pythia-1.4b,0.1742624769225749,0.5457342923093875,96,4.0,0.1166609889449413,,1515311488
ds001894,pythia-1.4b-full,EleutherAI/pythia-1.4b@step1,1,2097152.0,Orth,ses-11+,96,0.0203296328937826,0.0035894671627478,0.0136391098386457,EleutherAI/pythia-1.4b,0.1742624769225749,0.5457342923093875,96,4.0,0.1166609889449413,,1515311488
ds001894,pythia-1.4b-full,EleutherAI/pythia-1.4b@step2,2,4194304.0,Orth,ses-11+,96,0.0203354083300245,0.0035793875107215,0.0136310286574079,EleutherAI/pythia-1.4b,0.1742624769225749,0.5457342923093875,96,4.0,0.11669413111268673,,1515311488
ds001894,pythia-1.4b-full,EleutherAI/pythia-1.4b@step4,4,8388608.0,Orth,ses-11+,96,0.0202254533132755,0.0030972882294891,0.0135644551167345,EleutherAI/pythia-1.4b,0.1742624769225749,0.5457342923093875,96,4.0,0.11606315754516505,,1515311488
ds001894,pythia-1.4b-full,EleutherAI/pythia-1.4b@step8,8,16777216.0,Orth,ses-11+,96,0.0158379506470641,0.0018976798512937,0.0103731581641095,EleutherAI/pythia-1.4b,0.1742624769225749,0.5457342923093875,96,4.0,0.0908856050181183,,1515311488
ds001894,pythia-1.4b-full,EleutherAI/pythia-1.4b@step32,32,67108864.0,Orth,ses-11+,96,0.0041319709670471,0.0107349486599951,0.0028022457987478,EleutherAI/pythia-1.4b,0.1742624769225749,0.5457342923093875,96,4.0,0.023711191531398588,,1515311488
ds001894,pythia-1.4b-full,EleutherAI/pythia-1.4b@step64,64,134217728.0,Orth,ses-11+,96,0.0036845091252917,-0.0022763998504777,0.0025515367712987,EleutherAI/pythia-1.4b,0.1742624769225749,0.5457342923093875,96,4.0,0.021143445165930547,,1515311488
ds001894,pythia-1.4b-full,EleutherAI/pythia-1.4b@step256,256,536870912.0,Orth,ses-11+,96,-0.0079853163365069,-0.0031039154655382,-0.0051838853549755,EleutherAI/pythia-1.4b,0.1742624769225749,0.5457342923093875,96,4.0,-0.04582349842332833,,1515311488
ds001894,pythia-1.4b-full,EleutherAI/pythia-1.4b@step1000,1000,2097152000.0,Orth,ses-11+,96,-0.0074334404038169,-0.0123975086069681,-0.0048698737411636,EleutherAI/pythia-1.4b,0.1742624769225749,0.5457342923093875,96,4.0,-0.04265657492702568,,1515311488
ds001894,pythia-1.4b-full,EleutherAI/pythia-1.4b@step4000,4000,8388608000.0,Orth,ses-11+,96,0.0141365553484942,-0.0057861676685052,0.0096570115791782,EleutherAI/pythia-1.4b,0.1742624769225749,0.5457342923093875,96,4.0,0.08112219909955197,,1515311488
ds001894,pythia-1.4b-full,EleutherAI/pythia-1.4b@step8000,8000,16777216000.0,Orth,ses-11+,96,0.0158343999592323,0.0013638526872419,0.0106458018263469,EleutherAI/pythia-1.4b,0.1742624769225749,0.5457342923093875,96,4.0,0.09086522950243356,,1515311488
ds001894,pythia-1.4b-full,EleutherAI/pythia-1.4b@step12000,12000,25165824000.0,Orth,ses-11+,96,-0.002374036761075,-0.0052483315469038,-0.0015869900678434,EleutherAI/pythia-1.4b,0.1742624769225749,0.5457342923093875,96,4.0,-0.01362333878755659,,1515311488
ds001894,pythia-1.4b-full,EleutherAI/pythia-1.4b@step18000,18000,37748736000.0,Orth,ses-11+,96,0.0034820973917071,0.0070234825313332,0.002282548881526,EleutherAI/pythia-1.4b,0.1742624769225749,0.5457342923093875,96,4.0,0.01998191150039834,,1515311488
ds001894,pythia-1.4b-full,EleutherAI/pythia-1.4b@step24000,24000,50331648000.0,Orth,ses-11+,96,0.0050689464326826,-0.0072960786989127,0.0034979970215074,EleutherAI/pythia-1.4b,0.1742624769225749,0.5457342923093875,96,4.0,0.029087997153482106,,1515311488
ds001894,pythia-1.4b-full,EleutherAI/pythia-1.4b@step33000,33000,69206016000.0,Orth,ses-11+,96,0.0024091285318899,-0.006611801391519,0.00157332902337,EleutherAI/pythia-1.4b,0.1742624769225749,0.5457342923093875,96,4.0,0.01382471186244116,,1515311488
ds001894,pythia-1.4b-full,EleutherAI/pythia-1.4b@step43000,43000,90177536000.0,Orth,ses-11+,96,0.0091489772000457,0.0015887863434419,0.0060583846103523,EleutherAI/pythia-1.4b,0.1742624769225749,0.5457342923093875,96,4.0,0.05250113140599169,,1515311488
ds001894,pythia-1.4b-full,EleutherAI/pythia-1.4b@step56000,56000,117440512000.0,Orth,ses-11+,96,0.0042575260527859,-0.0037631996872352,0.00277299961903,EleutherAI/pythia-1.4b,0.1742624769225749,0.5457342923093875,96,4.0,0.024431685627179085,,1515311488
ds001894,pythia-1.4b-full,EleutherAI/pythia-1.4b@step71000,71000,148897792000.0,Orth,ses-11+,96,0.0026283750261698,-0.0020804630324029,0.0016431735183539,EleutherAI/pythia-1.4b,0.1742624769225749,0.5457342923093875,96,4.0,0.015082851297572173,,1515311488
ds001894,pythia-1.4b-full,EleutherAI/pythia-1.4b@step90000,90000,188743680000.0,Orth,ses-11+,96,-0.0029005988561039,-0.0031405626932032,-0.0019148551352058,EleutherAI/pythia-1.4b,0.1742624769225749,0.5457342923093875,96,4.0,-0.01664499958526723,,1515311488
ds001894,pythia-1.4b-full,EleutherAI/pythia-1.4b@step114000,114000,239075328000.0,Orth,ses-11+,96,0.003261153259611,-0.0054907031366794,0.0023662468300604,EleutherAI/pythia-1.4b,0.1742624769225749,0.5457342923093875,96,4.0,0.018714030221548703,,1515311488
ds001894,pythia-1.4b-full,EleutherAI/pythia-1.4b@step143000,143000,299892736000.0,Orth,ses-11+,96,0.0042217146779286,-0.0051672022905986,0.0029036453823745,EleutherAI/pythia-1.4b,0.1742624769225749,0.5457342923093875,96,4.0,0.024226183126068584,,1515311488
ds001894,pythia-1.4b-full,EleutherAI/pythia-1.4b@step0,0,0.0,Orth,ses-7,96,0.011400787075717,-9.649476509247974e-05,0.0076873198570015,EleutherAI/pythia-1.4b,,,96,,,,1515311488
ds001894,pythia-1.4b-full,EleutherAI/pythia-1.4b@step1,1,2097152.0,Orth,ses-7,96,0.011400787075717,-9.649476509247974e-05,0.0076873198570015,EleutherAI/pythia-1.4b,,,96,,,,1515311488
ds001894,pythia-1.4b-full,EleutherAI/pythia-1.4b@step2,2,4194304.0,Orth,ses-7,96,0.0114068759940574,-9.52345821311172e-05,0.0076927073111601,EleutherAI/pythia-1.4b,,,96,,,,1515311488
ds001894,pythia-1.4b-full,EleutherAI/pythia-1.4b@step4,4,8388608.0,Orth,ses-7,96,0.0108281350125305,-4.853600531232226e-05,0.00727210106864,EleutherAI/pythia-1.4b,,,96,,,,1515311488
ds001894,pythia-1.4b-full,EleutherAI/pythia-1.4b@step8,8,16777216.0,Orth,ses-7,96,0.0066582781455713,-0.0009662207172297,0.0045194968117815,EleutherAI/pythia-1.4b,,,96,,,,1515311488
ds001894,pythia-1.4b-full,EleutherAI/pythia-1.4b@step32,32,67108864.0,Orth,ses-7,96,-0.0015641948021448,-0.0035125405491704,-0.0009841724293185,EleutherAI/pythia-1.4b,,,96,,,,1515311488
ds001894,pythia-1.4b-full,EleutherAI/pythia-1.4b@step64,64,134217728.0,Orth,ses-7,96,0.0082645802884364,-0.0009515535779328,0.0054278600647264,EleutherAI/pythia-1.4b,,,96,,,,1515311488
ds001894,pythia-1.4b-full,EleutherAI/pythia-1.4b@step256,256,536870912.0,Orth,ses-7,96,-0.0075490537914298,-0.0073964880679876,-0.0048265816988182,EleutherAI/pythia-1.4b,,,96,,,,1515311488
ds001894,pythia-1.4b-full,EleutherAI/pythia-1.4b@step1000,1000,2097152000.0,Orth,ses-7,96,0.0061666500045721,-0.0023208970567584,0.0040727229347771,EleutherAI/pythia-1.4b,,,96,,,,1515311488
ds001894,pythia-1.4b-full,EleutherAI/pythia-1.4b@step4000,4000,8388608000.0,Orth,ses-7,96,0.0089429949091544,-0.0018802644079157,0.0060168242497008,EleutherAI/pythia-1.4b,,,96,,,,1515311488
ds001894,pythia-1.4b-full,EleutherAI/pythia-1.4b@step8000,8000,16777216000.0,Orth,ses-7,96,0.006544811800269,-0.0031745114694823,0.0042891831465041,EleutherAI/pythia-1.4b,,,96,,,,1515311488
ds001894,pythia-1.4b-full,EleutherAI/pythia-1.4b@step12000,12000,25165824000.0,Orth,ses-7,96,0.0013700926854815,0.0008090306811874,0.0008925857086233,EleutherAI/pythia-1.4b,,,96,,,,1515311488
ds001894,pythia-1.4b-full,EleutherAI/pythia-1.4b@step18000,18000,37748736000.0,Orth,ses-7,96,0.0082823155033633,0.0075640012936382,0.0052766265301331,EleutherAI/pythia-1.4b,,,96,,,,1515311488
ds001894,pythia-1.4b-full,EleutherAI/pythia-1.4b@step24000,24000,50331648000.0,Orth,ses-7,96,-0.0032919131052124,-0.0055121905694888,-0.0021832657977472,EleutherAI/pythia-1.4b,,,96,,,,1515311488
ds001894,pythia-1.4b-full,EleutherAI/pythia-1.4b@step33000,33000,69206016000.0,Orth,ses-7,96,0.003224352587392,-0.0063605366018226,0.002386642192232,EleutherAI/pythia-1.4b,,,96,,,,1515311488
ds001894,pythia-1.4b-full,EleutherAI/pythia-1.4b@step43000,43000,90177536000.0,Orth,ses-7,96,0.0018726442285385,0.0005457087537417,0.0012141012764418,EleutherAI/pythia-1.4b,,,96,,,,1515311488
ds001894,pythia-1.4b-full,EleutherAI/pythia-1.4b@step56000,56000,117440512000.0,Orth,ses-7,96,-0.0069598560241138,-0.0117220305528223,-0.0045422010828782,EleutherAI/pythia-1.4b,,,96,,,,1515311488
ds001894,pythia-1.4b-full,EleutherAI/pythia-1.4b@step71000,71000,148897792000.0,Orth,ses-7,96,-0.0071819382847982,-0.0108247529296016,-0.0047423065230525,EleutherAI/pythia-1.4b,,,96,,,,1515311488
ds001894,pythia-1.4b-full,EleutherAI/pythia-1.4b@step90000,90000,188743680000.0,Orth,ses-7,96,0.002219710928703,-0.0079141434099672,0.0014732763032828,EleutherAI/pythia-1.4b,,,96,,,,1515311488
ds001894,pythia-1.4b-full,EleutherAI/pythia-1.4b@step114000,114000,239075328000.0,Orth,ses-7,96,-0.0025886503772019,-0.010801048209181,-0.0020543517160965,EleutherAI/pythia-1.4b,,,96,,,,1515311488
ds001894,pythia-1.4b-full,EleutherAI/pythia-1.4b@step143000,143000,299892736000.0,Orth,ses-7,96,-0.0025110094546023,-0.0100980668547618,-0.0016466368817415,EleutherAI/pythia-1.4b,,,96,,,,1515311488
ds001894,pythia-1.4b-full,EleutherAI/pythia-1.4b@step0,0,0.0,Orth,ses-9,96,0.0206472670798962,0.0062816207143857,0.0138232453254214,EleutherAI/pythia-1.4b,0.1650755388561307,0.607179038133363,96,3.0,0.1250776900258435,,1515311488
ds001894,pythia-1.4b-full,EleutherAI/pythia-1.4b@step1,1,2097152.0,Orth,ses-9,96,0.0206472670798962,0.0062816207143857,0.0138232453254214,EleutherAI/pythia-1.4b,0.1650755388561307,0.607179038133363,96,3.0,0.1250776900258435,,1515311488
ds001894,pythia-1.4b-full,EleutherAI/pythia-1.4b@step2,2,4194304.0,Orth,ses-9,96,0.0206610762384388,0.0062876101394209,0.0138421014149763,EleutherAI/pythia-1.4b,0.1650755388561307,0.607179038133363,96,3.0,0.12516134359825218,,1515311488
ds001894,pythia-1.4b-full,EleutherAI/pythia-1.4b@step4,4,8388608.0,Orth,ses-9,96,0.021313802918515,0.0067124092047518,0.0142977261095269,EleutherAI/pythia-1.4b,0.1650755388561307,0.607179038133363,96,3.0,0.12911545263584298,,1515311488
ds001894,pythia-1.4b-full,EleutherAI/pythia-1.4b@step8,8,16777216.0,Orth,ses-9,96,0.0205680779834926,0.0087091485080571,0.0136389174295686,EleutherAI/pythia-1.4b,0.1650755388561307,0.607179038133363,96,3.0,0.12459797572684846,,1515311488
ds001894,pythia-1.4b-full,EleutherAI/pythia-1.4b@step32,32,67108864.0,Orth,ses-9,96,0.0002332510570858,0.0113053582700445,0.0002326225742025,EleutherAI/pythia-1.4b,0.1650755388561307,0.607179038133363,96,3.0,0.0014129958848057237,,1515311488
ds001894,pythia-1.4b-full,EleutherAI/pythia-1.4b@step64,64,134217728.0,Orth,ses-9,96,0.001292588824292,-0.0025845763989157,0.0006118608651481,EleutherAI/pythia-1.4b,0.1650755388561307,0.607179038133363,96,3.0,0.007830286868962082,,1515311488
ds001894,pythia-1.4b-full,EleutherAI/pythia-1.4b@step256,256,536870912.0,Orth,ses-9,96,-0.0136848073952191,-0.0103607098998609,-0.009125770117331,EleutherAI/pythia-1.4b,0.1650755388561307,0.607179038133363,96,3.0,-0.08290027395970463,,1515311488
ds001894,pythia-1.4b-full,EleutherAI/pythia-1.4b@step1000,1000,2097152000.0,Orth,ses-9,96,-0.0070708069191971,-0.0046650006520623,-0.004694589071934,EleutherAI/pythia-1.4b,0.1650755388561307,0.607179038133363,96,3.0,-0.04283376548817184,,1515311488
ds001894,pythia-1.4b-full,EleutherAI/pythia-1.4b@step4000,4000,8388608000.0,Orth,ses-9,96,0.0005419663800839,-0.0013800656383598,0.0003361386576773,EleutherAI/pythia-1.4b,0.1650755388561307,0.607179038133363,96,3.0,0.0032831416685923606,,1515311488
ds001894,pythia-1.4b-full,EleutherAI/pythia-1.4b@step8000,8000,16777216000.0,Orth,ses-9,96,-0.0040532126712344,8.740882881930548e-05,-0.0026671746266301,EleutherAI/pythia-1.4b,0.1650755388561307,0.607179038133363,96,3.0,-0.02455368432731225,,1515311488
ds001894,pythia-1.4b-full,EleutherAI/pythia-1.4b@step12000,12000,25165824000.0,Orth,ses-9,96,-0.0071490861961388,-0.0062249061707312,-0.0046487957115864,EleutherAI/pythia-1.4b,0.1650755388561307,0.607179038133363,96,3.0,-0.04330796825306436,,1515311488
ds001894,pythia-1.4b-full,EleutherAI/pythia-1.4b@step18000,18000,37748736000.0,Orth,ses-9,96,-0.0072595389622192,-0.0003689446170209,-0.0048390882888291,EleutherAI/pythia-1.4b,0.1650755388561307,0.607179038133363,96,3.0,-0.04397707263306983,,1515311488
ds001894,pythia-1.4b-full,EleutherAI/pythia-1.4b@step24000,24000,50331648000.0,Orth,ses-9,96,0.0066886717347361,0.0106873067173441,0.0044325279089366,EleutherAI/pythia-1.4b,0.1650755388561307,0.607179038133363,96,3.0,0.040518854465563914,,1515311488
ds001894,pythia-1.4b-full,EleutherAI/pythia-1.4b@step33000,33000,69206016000.0,Orth,ses-9,96,0.0015554910862105,0.0056021175656269,0.0012098682767458,EleutherAI/pythia-1.4b,0.1650755388561307,0.607179038133363,96,3.0,0.009422904792491194,,1515311488
ds001894,pythia-1.4b-full,EleutherAI/pythia-1.4b@step43000,43000,90177536000.0,Orth,ses-9,96,-0.0084205250400679,0.0055202154547892,-0.0054409438819685,EleutherAI/pythia-1.4b,0.1650755388561307,0.607179038133363,96,3.0,-0.05101013207902773,,1515311488
ds001894,pythia-1.4b-full,EleutherAI/pythia-1.4b@step56000,56000,117440512000.0,Orth,ses-9,96,0.0034942060016187,0.0115697719896771,0.002291014880918,EleutherAI/pythia-1.4b,0.1650755388561307,0.607179038133363,96,3.0,0.021167315435293096,,1515311488
ds001894,pythia-1.4b-full,EleutherAI/pythia-1.4b@step71000,71000,148897792000.0,Orth,ses-9,96,0.0119248764968488,0.0123203966077956,0.0078816530248631,EleutherAI/pythia-1.4b,0.1650755388561307,0.607179038133363,96,3.0,0.07223890698452762,,1515311488
ds001894,pythia-1.4b-full,EleutherAI/pythia-1.4b@step90000,90000,188743680000.0,Orth,ses-9,96,0.0004088358355401,0.0088545021106144,0.0001995282129429,EleutherAI/pythia-1.4b,0.1650755388561307,0.607179038133363,96,3.0,0.002476659100270545,,1515311488
ds001894,pythia-1.4b-full,EleutherAI/pythia-1.4b@step114000,114000,239075328000.0,Orth,ses-9,96,-0.013158050022484,0.0028223090097079,-0.0088402350469285,EleutherAI/pythia-1.4b,0.1650755388561307,0.607179038133363,96,3.0,-0.07970926591341748,,1515311488
ds001894,pythia-1.4b-full,EleutherAI/pythia-1.4b@step143000,143000,299892736000.0,Orth,ses-9,96,-0.0129247477097462,-0.0035399934004817,-0.0088627469089481,EleutherAI/pythia-1.4b,0.1650755388561307,0.607179038133363,96,3.0,-0.07829595953044616,,1515311488
ds001894,pythia-1.4b-full,EleutherAI/pythia-1.4b@step0,0,0.0,Phon,ses-11,96,0.0216315326552884,0.0057188145003597,0.0145266929112647,EleutherAI/pythia-1.4b,0.2136860995937111,0.5240498443952196,96,5.0,0.10123041553202193,,1515311488
ds001894,pythia-1.4b-full,EleutherAI/pythia-1.4b@step1,1,2097152.0,Phon,ses-11,96,0.0216315326552884,0.0057188145003597,0.0145266929112647,EleutherAI/pythia-1.4b,0.2136860995937111,0.5240498443952196,96,5.0,0.10123041553202193,,1515311488
ds001894,pythia-1.4b-full,EleutherAI/pythia-1.4b@step2,2,4194304.0,Phon,ses-11,96,0.0216339095254113,0.0057208047201932,0.0145417008192778,EleutherAI/pythia-1.4b,0.2136860995937111,0.5240498443952196,96,5.0,0.10124153871751422,,1515311488
ds001894,pythia-1.4b-full,EleutherAI/pythia-1.4b@step4,4,8388608.0,Phon,ses-11,96,0.0217004153158155,0.0058341864457304,0.0145982690879424,EleutherAI/pythia-1.4b,0.2136860995937111,0.5240498443952196,96,5.0,0.10155276996058828,,1515311488
ds001894,pythia-1.4b-full,EleutherAI/pythia-1.4b@step8,8,16777216.0,Phon,ses-11,96,0.0189155407114012,0.0060334778862749,0.0125452642353855,EleutherAI/pythia-1.4b,0.2136860995937111,0.5240498443952196,96,5.0,0.08852022076946504,,1515311488
ds001894,pythia-1.4b-full,EleutherAI/pythia-1.4b@step32,32,67108864.0,Phon,ses-11,96,0.0134810280849055,0.014448173756284,0.008998395308297,EleutherAI/pythia-1.4b,0.2136860995937111,0.5240498443952196,96,5.0,0.06308799735002629,,1515311488
ds001894,pythia-1.4b-full,EleutherAI/pythia-1.4b@step64,64,134217728.0,Phon,ses-11,96,0.0072313640467206,0.0023782424939185,0.0049222090101322,EleutherAI/pythia-1.4b,0.2136860995937111,0.5240498443952196,96,5.0,0.03384105966869089,,1515311488
ds001894,pythia-1.4b-full,EleutherAI/pythia-1.4b@step256,256,536870912.0,Phon,ses-11,96,0.0081943440990257,0.0065829781470752,0.0056874199097216,EleutherAI/pythia-1.4b,0.2136860995937111,0.5240498443952196,96,5.0,0.03834757672401665,,1515311488
ds001894,pythia-1.4b-full,EleutherAI/pythia-1.4b@step1000,1000,2097152000.0,Phon,ses-11,96,0.0070834226436702,0.0004540149851735,0.0046307092583399,EleutherAI/pythia-1.4b,0.2136860995937111,0.5240498443952196,96,5.0,0.03314872917395264,,1515311488
ds001894,pythia-1.4b-full,EleutherAI/pythia-1.4b@step4000,4000,8388608000.0,Phon,ses-11,96,0.0183538282495898,-0.0011861219597339,0.0120807887232888,EleutherAI/pythia-1.4b,0.2136860995937111,0.5240498443952196,96,5.0,0.08589154036919847,,1515311488
ds001894,pythia-1.4b-full,EleutherAI/pythia-1.4b@step8000,8000,16777216000.0,Phon,ses-11,96,0.0118628405789685,0.006408455813674,0.007815656711421,EleutherAI/pythia-1.4b,0.2136860995937111,0.5240498443952196,96,5.0,0.0555152656233781,,1515311488
ds001894,pythia-1.4b-full,EleutherAI/pythia-1.4b@step12000,12000,25165824000.0,Phon,ses-11,96,0.0107403242092358,0.0011158607257913,0.0070927758087915,EleutherAI/pythia-1.4b,0.2136860995937111,0.5240498443952196,96,5.0,0.0502621566384372,,1515311488
ds001894,pythia-1.4b-full,EleutherAI/pythia-1.4b@step18000,18000,37748736000.0,Phon,ses-11,96,0.0156092488138448,0.0053650245703092,0.0102527100818508,EleutherAI/pythia-1.4b,0.2136860995937111,0.5240498443952196,96,5.0,0.07304756296045094,,1515311488
ds001894,pythia-1.4b-full,EleutherAI/pythia-1.4b@step24000,24000,50331648000.0,Phon,ses-11,96,0.0214083263138612,0.0090524176152285,0.0141784324817307,EleutherAI/pythia-1.4b,0.2136860995937111,0.5240498443952196,96,5.0,0.10018586307001533,,1515311488
ds001894,pythia-1.4b-full,EleutherAI/pythia-1.4b@step33000,33000,69206016000.0,Phon,ses-11,96,0.0250650828449152,0.0079356655908643,0.016652620804039,EleutherAI/pythia-1.4b,0.2136860995937111,0.5240498443952196,96,5.0,0.1172986118075641,,1515311488
ds001894,pythia-1.4b-full,EleutherAI/pythia-1.4b@step43000,43000,90177536000.0,Phon,ses-11,96,0.0302554523984444,0.0121469339148459,0.0201067485559698,EleutherAI/pythia-1.4b,0.2136860995937111,0.5240498443952196,96,5.0,0.14158830385303564,,1515311488
ds001894,pythia-1.4b-full,EleutherAI/pythia-1.4b@step56000,56000,117440512000.0,Phon,ses-11,96,0.0322951144977988,0.0173774662646335,0.0213541366027483,EleutherAI/pythia-1.4b,0.2136860995937111,0.5240498443952196,96,5.0,0.1511334361907613,,1515311488
ds001894,pythia-1.4b-full,EleutherAI/pythia-1.4b@step71000,71000,148897792000.0,Phon,ses-11,96,0.0239557229784233,0.0128990042411158,0.0160628869827563,EleutherAI/pythia-1.4b,0.2136860995937111,0.5240498443952196,96,5.0,0.1121070721210746,,1515311488
ds001894,pythia-1.4b-full,EleutherAI/pythia-1.4b@step90000,90000,188743680000.0,Phon,ses-11,96,0.0302044897263057,0.0157379312947325,0.0200919330570338,EleutherAI/pythia-1.4b,0.2136860995937111,0.5240498443952196,96,5.0,0.14134981069772232,,1515311488
ds001894,pythia-1.4b-full,EleutherAI/pythia-1.4b@step114000,114000,239075328000.0,Phon,ses-11,96,0.0152384442923997,0.0074426251069283,0.0100389435972031,EleutherAI/pythia-1.4b,0.2136860995937111,0.5240498443952196,96,5.0,0.07131228620566846,,1515311488
ds001894,pythia-1.4b-full,EleutherAI/pythia-1.4b@step143000,143000,299892736000.0,Phon,ses-11,96,0.0169090969571427,0.0078706560100839,0.0112832530987481,EleutherAI/pythia-1.4b,0.2136860995937111,0.5240498443952196,96,5.0,0.07913054236701668,,1515311488
ds001894,pythia-1.4b-full,EleutherAI/pythia-1.4b@step0,0,0.0,Phon,ses-11+,96,0.0203296328937826,0.0035894671627478,0.0136391098386457,EleutherAI/pythia-1.4b,0.1742624769225749,0.5457342923093875,96,4.0,0.1166609889449413,,1515311488
ds001894,pythia-1.4b-full,EleutherAI/pythia-1.4b@step1,1,2097152.0,Phon,ses-11+,96,0.0203296328937826,0.0035894671627478,0.0136391098386457,EleutherAI/pythia-1.4b,0.1742624769225749,0.5457342923093875,96,4.0,0.1166609889449413,,1515311488
ds001894,pythia-1.4b-full,EleutherAI/pythia-1.4b@step2,2,4194304.0,Phon,ses-11+,96,0.0203354083300245,0.0035793875107215,0.0136310286574079,EleutherAI/pythia-1.4b,0.1742624769225749,0.5457342923093875,96,4.0,0.11669413111268673,,1515311488
ds001894,pythia-1.4b-full,EleutherAI/pythia-1.4b@step4,4,8388608.0,Phon,ses-11+,96,0.0202254533132755,0.0030972882294891,0.0135644551167345,EleutherAI/pythia-1.4b,0.1742624769225749,0.5457342923093875,96,4.0,0.11606315754516505,,1515311488
ds001894,pythia-1.4b-full,EleutherAI/pythia-1.4b@step8,8,16777216.0,Phon,ses-11+,96,0.0158379506470641,0.0018976798512937,0.0103731581641095,EleutherAI/pythia-1.4b,0.1742624769225749,0.5457342923093875,96,4.0,0.0908856050181183,,1515311488
ds001894,pythia-1.4b-full,EleutherAI/pythia-1.4b@step32,32,67108864.0,Phon,ses-11+,96,0.0041319709670471,0.0107349486599951,0.0028022457987478,EleutherAI/pythia-1.4b,0.1742624769225749,0.5457342923093875,96,4.0,0.023711191531398588,,1515311488
ds001894,pythia-1.4b-full,EleutherAI/pythia-1.4b@step64,64,134217728.0,Phon,ses-11+,96,0.0036845091252917,-0.0022763998504777,0.0025515367712987,EleutherAI/pythia-1.4b,0.1742624769225749,0.5457342923093875,96,4.0,0.021143445165930547,,1515311488
ds001894,pythia-1.4b-full,EleutherAI/pythia-1.4b@step256,256,536870912.0,Phon,ses-11+,96,-0.0079853163365069,-0.0031039154655382,-0.0051838853549755,EleutherAI/pythia-1.4b,0.1742624769225749,0.5457342923093875,96,4.0,-0.04582349842332833,,1515311488
ds001894,pythia-1.4b-full,EleutherAI/pythia-1.4b@step1000,1000,2097152000.0,Phon,ses-11+,96,-0.0074334404038169,-0.0123975086069681,-0.0048698737411636,EleutherAI/pythia-1.4b,0.1742624769225749,0.5457342923093875,96,4.0,-0.04265657492702568,,1515311488
ds001894,pythia-1.4b-full,EleutherAI/pythia-1.4b@step4000,4000,8388608000.0,Phon,ses-11+,96,0.0141365553484942,-0.0057861676685052,0.0096570115791782,EleutherAI/pythia-1.4b,0.1742624769225749,0.5457342923093875,96,4.0,0.08112219909955197,,1515311488
ds001894,pythia-1.4b-full,EleutherAI/pythia-1.4b@step8000,8000,16777216000.0,Phon,ses-11+,96,0.0158343999592323,0.0013638526872419,0.0106458018263469,EleutherAI/pythia-1.4b,0.1742624769225749,0.5457342923093875,96,4.0,0.09086522950243356,,1515311488
ds001894,pythia-1.4b-full,EleutherAI/pythia-1.4b@step12000,12000,25165824000.0,Phon,ses-11+,96,-0.002374036761075,-0.0052483315469038,-0.0015869900678434,EleutherAI/pythia-1.4b,0.1742624769225749,0.5457342923093875,96,4.0,-0.01362333878755659,,1515311488
ds001894,pythia-1.4b-full,EleutherAI/pythia-1.4b@step18000,18000,37748736000.0,Phon,ses-11+,96,0.0034820973917071,0.0070234825313332,0.002282548881526,EleutherAI/pythia-1.4b,0.1742624769225749,0.5457342923093875,96,4.0,0.01998191150039834,,1515311488
ds001894,pythia-1.4b-full,EleutherAI/pythia-1.4b@step24000,24000,50331648000.0,Phon,ses-11+,96,0.0050689464326826,-0.0072960786989127,0.0034979970215074,EleutherAI/pythia-1.4b,0.1742624769225749,0.5457342923093875,96,4.0,0.029087997153482106,,1515311488
ds001894,pythia-1.4b-full,EleutherAI/pythia-1.4b@step33000,33000,69206016000.0,Phon,ses-11+,96,0.0024091285318899,-0.006611801391519,0.00157332902337,EleutherAI/pythia-1.4b,0.1742624769225749,0.5457342923093875,96,4.0,0.01382471186244116,,1515311488
ds001894,pythia-1.4b-full,EleutherAI/pythia-1.4b@step43000,43000,90177536000.0,Phon,ses-11+,96,0.0091489772000457,0.0015887863434419,0.0060583846103523,EleutherAI/pythia-1.4b,0.1742624769225749,0.5457342923093875,96,4.0,0.05250113140599169,,1515311488
ds001894,pythia-1.4b-full,EleutherAI/pythia-1.4b@step56000,56000,117440512000.0,Phon,ses-11+,96,0.0042575260527859,-0.0037631996872352,0.00277299961903,EleutherAI/pythia-1.4b,0.1742624769225749,0.5457342923093875,96,4.0,0.024431685627179085,,1515311488
ds001894,pythia-1.4b-full,EleutherAI/pythia-1.4b@step71000,71000,148897792000.0,Phon,ses-11+,96,0.0026283750261698,-0.0020804630324029,0.0016431735183539,EleutherAI/pythia-1.4b,0.1742624769225749,0.5457342923093875,96,4.0,0.015082851297572173,,1515311488
ds001894,pythia-1.4b-full,EleutherAI/pythia-1.4b@step90000,90000,188743680000.0,Phon,ses-11+,96,-0.0029005988561039,-0.0031405626932032,-0.0019148551352058,EleutherAI/pythia-1.4b,0.1742624769225749,0.5457342923093875,96,4.0,-0.01664499958526723,,1515311488
ds001894,pythia-1.4b-full,EleutherAI/pythia-1.4b@step114000,114000,239075328000.0,Phon,ses-11+,96,0.003261153259611,-0.0054907031366794,0.0023662468300604,EleutherAI/pythia-1.4b,0.1742624769225749,0.5457342923093875,96,4.0,0.018714030221548703,,1515311488
ds001894,pythia-1.4b-full,EleutherAI/pythia-1.4b@step143000,143000,299892736000.0,Phon,ses-11+,96,0.0042217146779286,-0.0051672022905986,0.0029036453823745,EleutherAI/pythia-1.4b,0.1742624769225749,0.5457342923093875,96,4.0,0.024226183126068584,,1515311488
ds001894,pythia-1.4b-full,EleutherAI/pythia-1.4b@step0,0,0.0,Phon,ses-7,96,0.011400787075717,-9.649476509247974e-05,0.0076873198570015,EleutherAI/pythia-1.4b,,,96,,,0.0081448036195669,1515311488
ds001894,pythia-1.4b-full,EleutherAI/pythia-1.4b@step1,1,2097152.0,Phon,ses-7,96,0.011400787075717,-9.649476509247974e-05,0.0076873198570015,EleutherAI/pythia-1.4b,,,96,,,0.0081448036195669,1515311488
ds001894,pythia-1.4b-full,EleutherAI/pythia-1.4b@step2,2,4194304.0,Phon,ses-7,96,0.0114068759940574,-9.52345821311172e-05,0.0076927073111601,EleutherAI/pythia-1.4b,,,96,,,0.0081448036195669,1515311488
ds001894,pythia-1.4b-full,EleutherAI/pythia-1.4b@step4,4,8388608.0,Phon,ses-7,96,0.0108281350125305,-4.853600531232226e-05,0.00727210106864,EleutherAI/pythia-1.4b,,,96,,,0.0081448036195669,1515311488
ds001894,pythia-1.4b-full,EleutherAI/pythia-1.4b@step8,8,16777216.0,Phon,ses-7,96,0.0066582781455713,-0.0009662207172297,0.0045194968117815,EleutherAI/pythia-1.4b,,,96,,,0.0081448036195669,1515311488
ds001894,pythia-1.4b-full,EleutherAI/pythia-1.4b@step32,32,67108864.0,Phon,ses-7,96,-0.0015641948021448,-0.0035125405491704,-0.0009841724293185,EleutherAI/pythia-1.4b,,,96,,,0.0081448036195669,1515311488
ds001894,pythia-1.4b-full,EleutherAI/pythia-1.4b@step64,64,134217728.0,Phon,ses-7,96,0.0082645802884364,-0.0009515535779328,0.0054278600647264,EleutherAI/pythia-1.4b,,,96,,,0.0081448036195669,1515311488
ds001894,pythia-1.4b-full,EleutherAI/pythia-1.4b@step256,256,536870912.0,Phon,ses-7,96,-0.0075490537914298,-0.0073964880679876,-0.0048265816988182,EleutherAI/pythia-1.4b,,,96,,,0.0081448036195669,1515311488
ds001894,pythia-1.4b-full,EleutherAI/pythia-1.4b@step1000,1000,2097152000.0,Phon,ses-7,96,0.0061666500045721,-0.0023208970567584,0.0040727229347771,EleutherAI/pythia-1.4b,,,96,,,0.0081448036195669,1515311488
ds001894,pythia-1.4b-full,EleutherAI/pythia-1.4b@step4000,4000,8388608000.0,Phon,ses-7,96,0.0089429949091544,-0.0018802644079157,0.0060168242497008,EleutherAI/pythia-1.4b,,,96,,,0.0081448036195669,1515311488
ds001894,pythia-1.4b-full,EleutherAI/pythia-1.4b@step8000,8000,16777216000.0,Phon,ses-7,96,0.006544811800269,-0.0031745114694823,0.0042891831465041,EleutherAI/pythia-1.4b,,,96,,,0.0081448036195669,1515311488
ds001894,pythia-1.4b-full,EleutherAI/pythia-1.4b@step12000,12000,25165824000.0,Phon,ses-7,96,0.0013700926854815,0.0008090306811874,0.0008925857086233,EleutherAI/pythia-1.4b,,,96,,,0.0081448036195669,1515311488
ds001894,pythia-1.4b-full,EleutherAI/pythia-1.4b@step18000,18000,37748736000.0,Phon,ses-7,96,0.0082823155033633,0.0075640012936382,0.0052766265301331,EleutherAI/pythia-1.4b,,,96,,,0.0081448036195669,1515311488
ds001894,pythia-1.4b-full,EleutherAI/pythia-1.4b@step24000,24000,50331648000.0,Phon,ses-7,96,-0.0032919131052124,-0.0055121905694888,-0.0021832657977472,EleutherAI/pythia-1.4b,,,96,,,0.0081448036195669,1515311488
ds001894,pythia-1.4b-full,EleutherAI/pythia-1.4b@step33000,33000,69206016000.0,Phon,ses-7,96,0.003224352587392,-0.0063605366018226,0.002386642192232,EleutherAI/pythia-1.4b,,,96,,,0.0081448036195669,1515311488
ds001894,pythia-1.4b-full,EleutherAI/pythia-1.4b@step43000,43000,90177536000.0,Phon,ses-7,96,0.0018726442285385,0.0005457087537417,0.0012141012764418,EleutherAI/pythia-1.4b,,,96,,,0.0081448036195669,1515311488
ds001894,pythia-1.4b-full,EleutherAI/pythia-1.4b@step56000,56000,117440512000.0,Phon,ses-7,96,-0.0069598560241138,-0.0117220305528223,-0.0045422010828782,EleutherAI/pythia-1.4b,,,96,,,0.0081448036195669,1515311488
ds001894,pythia-1.4b-full,EleutherAI/pythia-1.4b@step71000,71000,148897792000.0,Phon,ses-7,96,-0.0071819382847982,-0.0108247529296016,-0.0047423065230525,EleutherAI/pythia-1.4b,,,96,,,0.0081448036195669,1515311488
ds001894,pythia-1.4b-full,EleutherAI/pythia-1.4b@step90000,90000,188743680000.0,Phon,ses-7,96,0.002219710928703,-0.0079141434099672,0.0014732763032828,EleutherAI/pythia-1.4b,,,96,,,0.0081448036195669,1515311488
ds001894,pythia-1.4b-full,EleutherAI/pythia-1.4b@step114000,114000,239075328000.0,Phon,ses-7,96,-0.0025886503772019,-0.010801048209181,-0.0020543517160965,EleutherAI/pythia-1.4b,,,96,,,0.0081448036195669,1515311488
ds001894,pythia-1.4b-full,EleutherAI/pythia-1.4b@step143000,143000,299892736000.0,Phon,ses-7,96,-0.0025110094546023,-0.0100980668547618,-0.0016466368817415,EleutherAI/pythia-1.4b,,,96,,,0.0081448036195669,1515311488
ds001894,pythia-1.4b-full,EleutherAI/pythia-1.4b@step0,0,0.0,Phon,ses-9,96,0.0206472670798962,0.0062816207143857,0.0138232453254214,EleutherAI/pythia-1.4b,0.1650755388561307,0.607179038133363,96,3.0,0.1250776900258435,0.008728626502912,1515311488
ds001894,pythia-1.4b-full,EleutherAI/pythia-1.4b@step1,1,2097152.0,Phon,ses-9,96,0.0206472670798962,0.0062816207143857,0.0138232453254214,EleutherAI/pythia-1.4b,0.1650755388561307,0.607179038133363,96,3.0,0.1250776900258435,0.008728626502912,1515311488
ds001894,pythia-1.4b-full,EleutherAI/pythia-1.4b@step2,2,4194304.0,Phon,ses-9,96,0.0206610762384388,0.0062876101394209,0.0138421014149763,EleutherAI/pythia-1.4b,0.1650755388561307,0.607179038133363,96,3.0,0.12516134359825218,0.008728626502912,1515311488
ds001894,pythia-1.4b-full,EleutherAI/pythia-1.4b@step4,4,8388608.0,Phon,ses-9,96,0.021313802918515,0.0067124092047518,0.0142977261095269,EleutherAI/pythia-1.4b,0.1650755388561307,0.607179038133363,96,3.0,0.12911545263584298,0.008728626502912,1515311488
ds001894,pythia-1.4b-full,EleutherAI/pythia-1.4b@step8,8,16777216.0,Phon,ses-9,96,0.0205680779834926,0.0087091485080571,0.0136389174295686,EleutherAI/pythia-1.4b,0.1650755388561307,0.607179038133363,96,3.0,0.12459797572684846,0.008728626502912,1515311488
ds001894,pythia-1.4b-full,EleutherAI/pythia-1.4b@step32,32,67108864.0,Phon,ses-9,96,0.0002332510570858,0.0113053582700445,0.0002326225742025,EleutherAI/pythia-1.4b,0.1650755388561307,0.607179038133363,96,3.0,0.0014129958848057237,0.008728626502912,1515311488
ds001894,pythia-1.4b-full,EleutherAI/pythia-1.4b@step64,64,134217728.0,Phon,ses-9,96,0.001292588824292,-0.0025845763989157,0.0006118608651481,EleutherAI/pythia-1.4b,0.1650755388561307,0.607179038133363,96,3.0,0.007830286868962082,0.008728626502912,1515311488
ds001894,pythia-1.4b-full,EleutherAI/pythia-1.4b@step256,256,536870912.0,Phon,ses-9,96,-0.0136848073952191,-0.0103607098998609,-0.009125770117331,EleutherAI/pythia-1.4b,0.1650755388561307,0.607179038133363,96,3.0,-0.08290027395970463,0.008728626502912,1515311488
ds001894,pythia-1.4b-full,EleutherAI/pythia-1.4b@step1000,1000,2097152000.0,Phon,ses-9,96,-0.0070708069191971,-0.0046650006520623,-0.004694589071934,EleutherAI/pythia-1.4b,0.1650755388561307,0.607179038133363,96,3.0,-0.04283376548817184,0.008728626502912,1515311488
ds001894,pythia-1.4b-full,EleutherAI/pythia-1.4b@step4000,4000,8388608000.0,Phon,ses-9,96,0.0005419663800839,-0.0013800656383598,0.0003361386576773,EleutherAI/pythia-1.4b,0.1650755388561307,0.607179038133363,96,3.0,0.0032831416685923606,0.008728626502912,1515311488
ds001894,pythia-1.4b-full,EleutherAI/pythia-1.4b@step8000,8000,16777216000.0,Phon,ses-9,96,-0.0040532126712344,8.740882881930548e-05,-0.0026671746266301,EleutherAI/pythia-1.4b,0.1650755388561307,0.607179038133363,96,3.0,-0.02455368432731225,0.008728626502912,1515311488
ds001894,pythia-1.4b-full,EleutherAI/pythia-1.4b@step12000,12000,25165824000.0,Phon,ses-9,96,-0.0071490861961388,-0.0062249061707312,-0.0046487957115864,EleutherAI/pythia-1.4b,0.1650755388561307,0.607179038133363,96,3.0,-0.04330796825306436,0.008728626502912,1515311488
ds001894,pythia-1.4b-full,EleutherAI/pythia-1.4b@step18000,18000,37748736000.0,Phon,ses-9,96,-0.0072595389622192,-0.0003689446170209,-0.0048390882888291,EleutherAI/pythia-1.4b,0.1650755388561307,0.607179038133363,96,3.0,-0.04397707263306983,0.008728626502912,1515311488
ds001894,pythia-1.4b-full,EleutherAI/pythia-1.4b@step24000,24000,50331648000.0,Phon,ses-9,96,0.0066886717347361,0.0106873067173441,0.0044325279089366,EleutherAI/pythia-1.4b,0.1650755388561307,0.607179038133363,96,3.0,0.040518854465563914,0.008728626502912,1515311488
ds001894,pythia-1.4b-full,EleutherAI/pythia-1.4b@step33000,33000,69206016000.0,Phon,ses-9,96,0.0015554910862105,0.0056021175656269,0.0012098682767458,EleutherAI/pythia-1.4b,0.1650755388561307,0.607179038133363,96,3.0,0.009422904792491194,0.008728626502912,1515311488
ds001894,pythia-1.4b-full,EleutherAI/pythia-1.4b@step43000,43000,90177536000.0,Phon,ses-9,96,-0.0084205250400679,0.0055202154547892,-0.0054409438819685,EleutherAI/pythia-1.4b,0.1650755388561307,0.607179038133363,96,3.0,-0.05101013207902773,0.008728626502912,1515311488
ds001894,pythia-1.4b-full,EleutherAI/pythia-1.4b@step56000,56000,117440512000.0,Phon,ses-9,96,0.0034942060016187,0.0115697719896771,0.002291014880918,EleutherAI/pythia-1.4b,0.1650755388561307,0.607179038133363,96,3.0,0.021167315435293096,0.008728626502912,1515311488
ds001894,pythia-1.4b-full,EleutherAI/pythia-1.4b@step71000,71000,148897792000.0,Phon,ses-9,96,0.0119248764968488,0.0123203966077956,0.0078816530248631,EleutherAI/pythia-1.4b,0.1650755388561307,0.607179038133363,96,3.0,0.07223890698452762,0.008728626502912,1515311488
ds001894,pythia-1.4b-full,EleutherAI/pythia-1.4b@step90000,90000,188743680000.0,Phon,ses-9,96,0.0004088358355401,0.0088545021106144,0.0001995282129429,EleutherAI/pythia-1.4b,0.1650755388561307,0.607179038133363,96,3.0,0.002476659100270545,0.008728626502912,1515311488
ds001894,pythia-1.4b-full,EleutherAI/pythia-1.4b@step114000,114000,239075328000.0,Phon,ses-9,96,-0.013158050022484,0.0028223090097079,-0.0088402350469285,EleutherAI/pythia-1.4b,0.1650755388561307,0.607179038133363,96,3.0,-0.07970926591341748,0.008728626502912,1515311488
ds001894,pythia-1.4b-full,EleutherAI/pythia-1.4b@step143000,143000,299892736000.0,Phon,ses-9,96,-0.0129247477097462,-0.0035399934004817,-0.0088627469089481,EleutherAI/pythia-1.4b,0.1650755388561307,0.607179038133363,96,3.0,-0.07829595953044616,0.008728626502912,1515311488
ds001894,pythia-160m-full,EleutherAI/pythia-160m@step0,0,0.0,Orth,ses-11,96,0.0101532160272773,0.0091767195417579,0.0068732370518311,EleutherAI/pythia-160m,0.2136860995937111,0.5240498443952196,96,5.0,0.04751463032261793,,212654688
ds001894,pythia-160m-full,EleutherAI/pythia-160m@step1,1,2097152.0,Orth,ses-11,96,0.0101532160272773,0.0091767195417579,0.0068732370518311,EleutherAI/pythia-160m,0.2136860995937111,0.5240498443952196,96,5.0,0.04751463032261793,,212654688
ds001894,pythia-160m-full,EleutherAI/pythia-160m@step2,2,4194304.0,Orth,ses-11,96,0.0101354281645697,0.009172277711961,0.006858229143818,EleutherAI/pythia-160m,0.2136860995937111,0.5240498443952196,96,5.0,0.04743138736605023,,212654688
ds001894,pythia-160m-full,EleutherAI/pythia-160m@step4,4,8388608.0,Orth,ses-11,96,0.0089429981996407,0.0090084463213433,0.0059248527108514,EleutherAI/pythia-160m,0.2136860995937111,0.5240498443952196,96,5.0,0.04185109942408204,,212654688
ds001894,pythia-160m-full,EleutherAI/pythia-160m@step8,8,16777216.0,Orth,ses-11,96,0.0041132896107519,0.008315095548501,0.0026219584935138,EleutherAI/pythia-160m,0.2136860995937111,0.5240498443952196,96,5.0,0.019249214705929125,,212654688
ds001894,pythia-160m-full,EleutherAI/pythia-160m@step32,32,67108864.0,Orth,ses-11,96,0.0026918495193489,0.0064759102528886,0.0018350053682132,EleutherAI/pythia-160m,0.2136860995937111,0.5240498443952196,96,5.0,0.012597213971648171,,212654688
ds001894,pythia-160m-full,EleutherAI/pythia-160m@step64,64,134217728.0,Orth,ses-11,96,-0.005766516239723,-0.0121096373062765,-0.0038406775878058,EleutherAI/pythia-160m,0.2136860995937111,0.5240498443952196,96,5.0,-0.02698592117450354,,212654688
ds001894,pythia-160m-full,EleutherAI/pythia-160m@step256,256,536870912.0,Orth,ses-11,96,-0.0240566127054165,-0.0159036680362859,-0.0157357915517022,EleutherAI/pythia-160m,0.2136860995937111,0.5240498443952196,96,5.0,-0.1125792119897185,,212654688
ds001894,pythia-160m-full,EleutherAI/pythia-160m@step1000,1000,2097152000.0,Orth,ses-11,96,0.0192351813348146,0.0027246760987387,0.012815983806852,EleutherAI/pythia-160m,0.2136860995937111,0.5240498443952196,96,5.0,0.09001606267973035,,212654688
ds001894,pythia-160m-full,EleutherAI/pythia-160m@step4000,4000,8388608000.0,Orth,ses-11,96,0.0136370247249747,0.0017615127614722,0.0090309124423253,EleutherAI/pythia-160m,0.2136860995937111,0.5240498443952196,96,5.0,0.06381802443351839,,212654688
ds001894,pythia-160m-full,EleutherAI/pythia-160m@step8000,8000,16777216000.0,Orth,ses-11,96,0.004816663835625,-0.0063516647661258,0.0029671403778144,EleutherAI/pythia-160m,0.2136860995937111,0.5240498443952196,96,5.0,0.02254083838295094,,212654688
ds001894,pythia-160m-full,EleutherAI/pythia-160m@step12000,12000,25165824000.0,Orth,ses-11,96,0.0275077377620417,0.0053706498423354,0.0182507705983537,EleutherAI/pythia-160m,0.2136860995937111,0.5240498443952196,96,5.0,0.1287296544526908,,212654688
ds001894,pythia-160m-full,EleutherAI/pythia-160m@step18000,18000,37748736000.0,Orth,ses-11,96,0.0245224622908435,-0.0029785010297442,0.0162856966940272,EleutherAI/pythia-160m,0.2136860995937111,0.5240498443952196,96,5.0,0.11475927698371079,,212654688
ds001894,pythia-160m-full,EleutherAI/pythia-160m@step24000,24000,50331648000.0,Orth,ses-11,96,0.0284834651582719,0.0011668183035614,0.0189694185012872,EleutherAI/pythia-160m,0.2136860995937111,0.5240498443952196,96,5.0,0.13329582603842044,,212654688
ds001894,pythia-160m-full,EleutherAI/pythia-160m@step33000,33000,69206016000.0,Orth,ses-11,96,0.0125283716802514,0.0008311751411358,0.0082620457702712,EleutherAI/pythia-160m,0.2136860995937111,0.5240498443952196,96,5.0,0.05862979250438861,,212654688
ds001894,pythia-160m-full,EleutherAI/pythia-160m@step43000,43000,90177536000.0,Orth,ses-11,96,0.0194410246659383,0.0003537139601162,0.0129100718455493,EleutherAI/pythia-160m,0.2136860995937111,0.5240498443952196,96,5.0,0.090979360393129,,212654688
ds001894,pythia-160m-full,EleutherAI/pythia-160m@step56000,56000,117440512000.0,Orth,ses-11,96,0.0203909614836656,0.003419791365021,0.0137280028322616,EleutherAI/pythia-160m,0.2136860995937111,0.5240498443952196,96,5.0,0.0954248382203412,,212654688
ds001894,pythia-160m-full,EleutherAI/pythia-160m@step71000,71000,148897792000.0,Orth,ses-11,96,0.0187267798133454,0.0055686332706941,0.0122897449810092,EleutherAI/pythia-160m,0.2136860995937111,0.5240498443952196,96,5.0,0.08763686477010571,,212654688
ds001894,pythia-160m-full,EleutherAI/pythia-160m@step90000,90000,188743680000.0,Orth,ses-11,96,0.0302017859590246,0.0118973901251778,0.0199751407472398,EleutherAI/pythia-160m,0.2136860995937111,0.5240498443952196,96,5.0,0.14133715771146704,,212654688
ds001894,pythia-160m-full,EleutherAI/pythia-160m@step114000,114000,239075328000.0,Orth,ses-11,96,0.015734814150714,0.0017941462634254,0.0104176046609174,EleutherAI/pythia-160m,0.2136860995937111,0.5240498443952196,96,5.0,0.0736351788002643,,212654688
ds001894,pythia-160m-full,EleutherAI/pythia-160m@step143000,143000,299892736000.0,Orth,ses-11,96,0.0184923872106279,-0.0005893983484147,0.0121211946294778,EleutherAI/pythia-160m,0.2136860995937111,0.5240498443952196,96,5.0,0.08653996327223963,,212654688
ds001894,pythia-160m-full,EleutherAI/pythia-160m@step0,0,0.0,Orth,ses-11+,96,0.0007928734273111,-0.0078176895010582,0.0004492751950065,EleutherAI/pythia-160m,0.1742624769225749,0.5457342923093875,96,4.0,0.004549880394867651,,212654688
ds001894,pythia-160m-full,EleutherAI/pythia-160m@step1,1,2097152.0,Orth,ses-11+,96,0.0007928734273111,-0.0078176895010582,0.0004492751950065,EleutherAI/pythia-160m,0.1742624769225749,0.5457342923093875,96,4.0,0.004549880394867651,,212654688
ds001894,pythia-160m-full,EleutherAI/pythia-160m@step2,2,4194304.0,Orth,ses-11+,96,0.0007917389688807,-0.0078166963930466,0.0004654375574822,EleutherAI/pythia-160m,0.1742624769225749,0.5457342923093875,96,4.0,0.0045433703391721605,,212654688
ds001894,pythia-160m-full,EleutherAI/pythia-160m@step4,4,8388608.0,Orth,ses-11+,96,0.0002737256838156,-0.0077357918702952,0.0001727833512273,EleutherAI/pythia-160m,0.1742624769225749,0.5457342923093875,96,4.0,0.0015707666311733693,,212654688
ds001894,pythia-160m-full,EleutherAI/pythia-160m@step8,8,16777216.0,Orth,ses-11+,96,-0.0020293194681285,-0.0068000536924456,-0.0013391671765507,EleutherAI/pythia-160m,0.1742624769225749,0.5457342923093875,96,4.0,-0.011645188935482248,,212654688
ds001894,pythia-160m-full,EleutherAI/pythia-160m@step32,32,67108864.0,Orth,ses-11+,96,-0.0048327967102811,-0.0033635383226098,-0.003314438761963,EleutherAI/pythia-160m,0.1742624769225749,0.5457342923093875,96,4.0,-0.027732859050478887,,212654688
ds001894,pythia-160m-full,EleutherAI/pythia-160m@step64,64,134217728.0,Orth,ses-11+,96,-0.0010977398937959,-0.0106976818775602,-0.0007034475858433,EleutherAI/pythia-160m,0.1742624769225749,0.5457342923093875,96,4.0,-0.006299347473889216,,212654688
ds001894,pythia-160m-full,EleutherAI/pythia-160m@step256,256,536870912.0,Orth,ses-11+,96,-0.0127830063422275,-0.0133178654946038,-0.0083955776697721,EleutherAI/pythia-160m,0.1742624769225749,0.5457342923093875,96,4.0,-0.07335489870207118,,212654688
ds001894,pythia-160m-full,EleutherAI/pythia-160m@step1000,1000,2097152000.0,Orth,ses-11+,96,0.0104711638220467,0.0011382871379866,0.0071493440774561,EleutherAI/pythia-160m,0.1742624769225749,0.5457342923093875,96,4.0,0.06008845970150565,,212654688
ds001894,pythia-160m-full,EleutherAI/pythia-160m@step4000,4000,8388608000.0,Orth,ses-11+,96,0.0033393449589943,-0.008205238085729,0.0022586901559667,EleutherAI/pythia-160m,0.1742624769225749,0.5457342923093875,96,4.0,0.01916273094452787,,212654688
ds001894,pythia-160m-full,EleutherAI/pythia-160m@step8000,8000,16777216000.0,Orth,ses-11+,96,0.0061660364554343,-0.0112777040535667,0.0041968267895006,EleutherAI/pythia-160m,0.1742624769225749,0.5457342923093875,96,4.0,0.03538361536186519,,212654688
ds001894,pythia-160m-full,EleutherAI/pythia-160m@step12000,12000,25165824000.0,Orth,ses-11+,96,0.0183871515105758,-0.0007472175409261,0.0120965662676102,EleutherAI/pythia-160m,0.1742624769225749,0.5457342923093875,96,4.0,0.10551411775665992,,212654688
ds001894,pythia-160m-full,EleutherAI/pythia-160m@step18000,18000,37748736000.0,Orth,ses-11+,96,0.0192893824782581,-0.0035828053937159,0.0128071329893059,EleutherAI/pythia-160m,0.1742624769225749,0.5457342923093875,96,4.0,0.11069154311876563,,212654688
ds001894,pythia-160m-full,EleutherAI/pythia-160m@step24000,24000,50331648000.0,Orth,ses-11+,96,0.0226399320493317,-0.0010865264142048,0.0151291257316355,EleutherAI/pythia-160m,0.1742624769225749,0.5457342923093875,96,4.0,0.12991857139383287,,212654688
ds001894,pythia-160m-full,EleutherAI/pythia-160m@step33000,33000,69206016000.0,Orth,ses-11+,96,0.018404167627689,0.0035722176481122,0.0126052958674378,EleutherAI/pythia-160m,0.1742624769225749,0.5457342923093875,96,4.0,0.10561176423462637,,212654688
ds001894,pythia-160m-full,EleutherAI/pythia-160m@step43000,43000,90177536000.0,Orth,ses-11+,96,0.0260555840184026,0.0023361807234324,0.0173472175723361,EleutherAI/pythia-160m,0.1742624769225749,0.5457342923093875,96,4.0,0.14951918782825024,,212654688
ds001894,pythia-160m-full,EleutherAI/pythia-160m@step56000,56000,117440512000.0,Orth,ses-11+,96,0.0263712131593452,0.0081325931171689,0.0175394342403497,EleutherAI/pythia-160m,0.1742624769225749,0.5457342923093875,96,4.0,0.15133041619201806,,212654688
ds001894,pythia-160m-full,EleutherAI/pythia-160m@step71000,71000,148897792000.0,Orth,ses-11+,96,0.0267235391956311,0.0081047525542253,0.0178524838087761,EleutherAI/pythia-160m,0.1742624769225749,0.5457342923093875,96,4.0,0.15335222858966024,,212654688
ds001894,pythia-160m-full,EleutherAI/pythia-160m@step90000,90000,188743680000.0,Orth,ses-11+,96,0.0246961770606223,0.0078888986490924,0.0163399560537667,EleutherAI/pythia-160m,0.1742624769225749,0.5457342923093875,96,4.0,0.14171827175161092,,212654688
ds001894,pythia-160m-full,EleutherAI/pythia-160m@step114000,114000,239075328000.0,Orth,ses-11+,96,0.0203014305153791,0.0063983733036815,0.013743780376583,EleutherAI/pythia-160m,0.1742624769225749,0.5457342923093875,96,4.0,0.11649915044188805,,212654688
ds001894,pythia-160m-full,EleutherAI/pythia-160m@step143000,143000,299892736000.0,Orth,ses-11+,96,0.0228756198380796,0.0051364673211159,0.0154223571651216,EleutherAI/pythia-160m,0.1742624769225749,0.5457342923093875,96,4.0,0.13127105870441216,,212654688
ds001894,pythia-160m-full,EleutherAI/pythia-160m@step0,0,0.0,Orth,ses-7,96,0.0153301015476217,0.0067546694595939,0.0101845972685607,EleutherAI/pythia-160m,,,96,,,,212654688
ds001894,pythia-160m-full,EleutherAI/pythia-160m@step1,1,2097152.0,Orth,ses-7,96,0.0153301015476217,0.0067546694595939,0.0101845972685607,EleutherAI/pythia-160m,,,96,,,,212654688
ds001894,pythia-160m-full,EleutherAI/pythia-160m@step2,2,4194304.0,Orth,ses-7,96,0.0153199801383209,0.0067515176190504,0.0101784401780938,EleutherAI/pythia-160m,,,96,,,,212654688
ds001894,pythia-160m-full,EleutherAI/pythia-160m@step4,4,8388608.0,Orth,ses-7,96,0.0147252005672261,0.0066633452601505,0.0098161338859322,EleutherAI/pythia-160m,,,96,,,,212654688
ds001894,pythia-160m-full,EleutherAI/pythia-160m@step8,8,16777216.0,Orth,ses-7,96,0.01171771988202,0.0062973347364974,0.0077658227604545,EleutherAI/pythia-160m,,,96,,,,212654688
ds001894,pythia-160m-full,EleutherAI/pythia-160m@step32,32,67108864.0,Orth,ses-7,96,0.0141139385705845,0.0132229028953412,0.0093351111932056,EleutherAI/pythia-160m,,,96,,,,212654688
ds001894,pythia-160m-full,EleutherAI/pythia-160m@step64,64,134217728.0,Orth,ses-7,96,0.002928043283644,0.0049369720103626,0.0017076305591792,EleutherAI/pythia-160m,,,96,,,,212654688
ds001894,pythia-160m-full,EleutherAI/pythia-160m@step256,256,536870912.0,Orth,ses-7,96,-0.0111658293952561,-0.0139487631851134,-0.007342137972701,EleutherAI/pythia-160m,,,96,,,,212654688
ds001894,pythia-160m-full,EleutherAI/pythia-160m@step1000,1000,2097152000.0,Orth,ses-7,96,0.0276561143951837,0.0182719281898305,0.0183843024978546,EleutherAI/pythia-160m,,,96,,,,212654688
ds001894,pythia-160m-full,EleutherAI/pythia-160m@step4000,4000,8388608000.0,Orth,ses-7,96,0.0024723166262038,-0.0030040605158026,0.0014122826258451,EleutherAI/pythia-160m,,,96,,,,212654688
ds001894,pythia-160m-full,EleutherAI/pythia-160m@step8000,8000,16777216000.0,Orth,ses-7,96,0.0017249132900542,0.0004886550942193,0.0013235820413063,EleutherAI/pythia-160m,,,96,,,,212654688
ds001894,pythia-160m-full,EleutherAI/pythia-160m@step12000,12000,25165824000.0,Orth,ses-7,96,0.0021299824046813,-0.0038845824293489,0.0012579705460184,EleutherAI/pythia-160m,,,96,,,,212654688
ds001894,pythia-160m-full,EleutherAI/pythia-160m@step18000,18000,37748736000.0,Orth,ses-7,96,0.0121854015089729,0.0014610146080549,0.0080913789188918,EleutherAI/pythia-160m,,,96,,,,212654688
ds001894,pythia-160m-full,EleutherAI/pythia-160m@step24000,24000,50331648000.0,Orth,ses-7,96,0.0071009799192226,-0.0038582110736831,0.0049066238748879,EleutherAI/pythia-160m,,,96,,,,212654688
ds001894,pythia-160m-full,EleutherAI/pythia-160m@step33000,33000,69206016000.0,Orth,ses-7,96,0.002291141944312,-0.0021026951134591,0.0015808329773765,EleutherAI/pythia-160m,,,96,,,,212654688
ds001894,pythia-160m-full,EleutherAI/pythia-160m@step43000,43000,90177536000.0,Orth,ses-7,96,0.0082685588660443,-0.0046232669017828,0.0054403666547373,EleutherAI/pythia-160m,,,96,,,,212654688
ds001894,pythia-160m-full,EleutherAI/pythia-160m@step56000,56000,117440512000.0,Orth,ses-7,96,0.008650193263802,-0.002212492508919,0.0057788142213397,EleutherAI/pythia-160m,,,96,,,,212654688
ds001894,pythia-160m-full,EleutherAI/pythia-160m@step71000,71000,148897792000.0,Orth,ses-7,96,0.0020067709045309,-0.0041802400870322,0.0012858698621966,EleutherAI/pythia-160m,,,96,,,,212654688
ds001894,pythia-160m-full,EleutherAI/pythia-160m@step90000,90000,188743680000.0,Orth,ses-7,96,0.0164054727155521,0.0063740138136972,0.0110519773880852,EleutherAI/pythia-160m,,,96,,,,212654688
ds001894,pythia-160m-full,EleutherAI/pythia-160m@step114000,114000,239075328000.0,Orth,ses-7,96,0.0100277839551033,0.0011656926780125,0.0067406671977157,EleutherAI/pythia-160m,,,96,,,,212654688
ds001894,pythia-160m-full,EleutherAI/pythia-160m@step143000,143000,299892736000.0,Orth,ses-7,96,0.0105694219193431,-1.7248378283989726e-05,0.006968479544991,EleutherAI/pythia-160m,,,96,,,,212654688
ds001894,pythia-160m-full,EleutherAI/pythia-160m@step0,0,0.0,Orth,ses-9,96,-0.0035145651262552,0.0003971406408272,-0.0023843332833069,EleutherAI/pythia-160m,0.1650755388561307,0.607179038133363,96,3.0,-0.02129064760659828,,212654688
ds001894,pythia-160m-full,EleutherAI/pythia-160m@step1,1,2097152.0,Orth,ses-9,96,-0.0035145651262552,0.0003971406408272,-0.0023843332833069,EleutherAI/pythia-160m,0.1650755388561307,0.607179038133363,96,3.0,-0.02129064760659828,,212654688
ds001894,pythia-160m-full,EleutherAI/pythia-160m@step2,2,4194304.0,Orth,ses-9,96,-0.0035407610673589,0.0003961775002629,-0.0024155035537956,EleutherAI/pythia-160m,0.1650755388561307,0.607179038133363,96,3.0,-0.021449338235659504,,212654688
ds001894,pythia-160m-full,EleutherAI/pythia-160m@step4,4,8388608.0,Orth,ses-9,96,-0.0042788432151644,0.0003836793047169,-0.00287285993004,EleutherAI/pythia-160m,0.1650755388561307,0.607179038133363,96,3.0,-0.025920516418205166,,212654688
ds001894,pythia-160m-full,EleutherAI/pythia-160m@step8,8,16777216.0,Orth,ses-9,96,-0.0069389414400784,0.000689203313005,-0.0046557224383617,EleutherAI/pythia-160m,0.1650755388561307,0.607179038133363,96,3.0,-0.042034946474570886,,212654688
ds001894,pythia-160m-full,EleutherAI/pythia-160m@step32,32,67108864.0,Orth,ses-9,96,-9.497621688390994e-05,0.0071101135211341,-2.1357407557058915e-05,EleutherAI/pythia-160m,0.1650755388561307,0.607179038133363,96,3.0,-0.0005753500339422496,,212654688
ds001894,pythia-160m-full,EleutherAI/pythia-160m@step64,64,134217728.0,Orth,ses-9,96,-0.001720540360319,-0.0110043667215621,-0.0012558540461704,EleutherAI/pythia-160m,0.1650755388561307,0.607179038133363,96,3.0,-0.010422745685043701,,212654688
ds001894,pythia-160m-full,EleutherAI/pythia-160m@step256,256,536870912.0,Orth,ses-9,96,-0.0109982815030316,-0.0116289848695545,-0.0072863393403447,EleutherAI/pythia-160m,0.1650755388561307,0.607179038133363,96,3.0,-0.06662574951590496,,212654688
ds001894,pythia-160m-full,EleutherAI/pythia-160m@step1000,1000,2097152000.0,Orth,ses-9,96,0.0127423852888574,0.0086672071606517,0.0085318032963523,EleutherAI/pythia-160m,0.1650755388561307,0.607179038133363,96,3.0,0.07719123849089991,,212654688
ds001894,pythia-160m-full,EleutherAI/pythia-160m@step4000,4000,8388608000.0,Orth,ses-9,96,-0.0008610145894062,0.0001311276661598,-0.0005822298672762,EleutherAI/pythia-160m,0.1650755388561307,0.607179038133363,96,3.0,-0.005215882349211081,,212654688
ds001894,pythia-160m-full,EleutherAI/pythia-160m@step8000,8000,16777216000.0,Orth,ses-9,96,-0.0021853076288677,0.0031842121770987,-0.0014263284884727,EleutherAI/pythia-160m,0.1650755388561307,0.607179038133363,96,3.0,-0.013238228050082422,,212654688
ds001894,pythia-160m-full,EleutherAI/pythia-160m@step12000,12000,25165824000.0,Orth,ses-9,96,0.0134607142677341,0.0082501378184454,0.0089724200828898,EleutherAI/pythia-160m,0.1650755388561307,0.607179038133363,96,3.0,0.08154275528045132,,212654688
ds001894,pythia-160m-full,EleutherAI/pythia-160m@step18000,18000,37748736000.0,Orth,ses-9,96,0.0061933147134163,0.0051178210290523,0.0041581525650054,EleutherAI/pythia-160m,0.1650755388561307,0.607179038133363,96,3.0,0.03751806449539443,,212654688
ds001894,pythia-160m-full,EleutherAI/pythia-160m@step24000,24000,50331648000.0,Orth,ses-9,96,0.0108194901456782,0.0093055199575117,0.00722977107168,EleutherAI/pythia-160m,0.1650755388561307,0.607179038133363,96,3.0,0.06554266138187667,,212654688
ds001894,pythia-160m-full,EleutherAI/pythia-160m@step33000,33000,69206016000.0,Orth,ses-9,96,0.0085990336687139,0.0092395335370757,0.0056268110504381,EleutherAI/pythia-160m,0.1650755388561307,0.607179038133363,96,3.0,0.052091507489842384,,212654688
ds001894,pythia-160m-full,EleutherAI/pythia-160m@step43000,43000,90177536000.0,Orth,ses-9,96,0.0248021980478855,0.0136233887466435,0.016667436302975,EleutherAI/pythia-160m,0.1650755388561307,0.607179038133363,96,3.0,0.15024756677911869,,212654688
ds001894,pythia-160m-full,EleutherAI/pythia-160m@step56000,56000,117440512000.0,Orth,ses-9,96,0.0091686049508236,0.009529427596356,0.0060466476566498,EleutherAI/pythia-160m,0.1650755388561307,0.607179038133363,96,3.0,0.05554187503706635,,212654688
ds001894,pythia-160m-full,EleutherAI/pythia-160m@step71000,71000,148897792000.0,Orth,ses-9,96,0.0015682184341035,0.0037249508950518,0.0011561861442375,EleutherAI/pythia-160m,0.1650755388561307,0.607179038133363,96,3.0,0.009500004936953495,,212654688
ds001894,pythia-160m-full,EleutherAI/pythia-160m@step90000,90000,188743680000.0,Orth,ses-9,96,0.0143014490838464,0.0115878102103569,0.0095123199532061,EleutherAI/pythia-160m,0.1650755388561307,0.607179038133363,96,3.0,0.08663578615551654,,212654688
ds001894,pythia-160m-full,EleutherAI/pythia-160m@step114000,114000,239075328000.0,Orth,ses-9,96,0.0121381254470616,0.0065530749352863,0.0080802191924206,EleutherAI/pythia-160m,0.1650755388561307,0.607179038133363,96,3.0,0.07353073345191631,,212654688
ds001894,pythia-160m-full,EleutherAI/pythia-160m@step143000,143000,299892736000.0,Orth,ses-9,96,0.0055410397158633,-0.0013217625932895,0.0037271562323224,EleutherAI/pythia-160m,0.1650755388561307,0.607179038133363,96,3.0,0.033566691674970194,,212654688
ds001894,pythia-160m-full,EleutherAI/pythia-160m@step0,0,0.0,Phon,ses-11,96,0.0101532160272773,0.0091767195417579,0.0068732370518311,EleutherAI/pythia-160m,0.2136860995937111,0.5240498443952196,96,5.0,0.04751463032261793,,212654688
ds001894,pythia-160m-full,EleutherAI/pythia-160m@step1,1,2097152.0,Phon,ses-11,96,0.0101532160272773,0.0091767195417579,0.0068732370518311,EleutherAI/pythia-160m,0.2136860995937111,0.5240498443952196,96,5.0,0.04751463032261793,,212654688
ds001894,pythia-160m-full,EleutherAI/pythia-160m@step2,2,4194304.0,Phon,ses-11,96,0.0101354281645697,0.009172277711961,0.006858229143818,EleutherAI/pythia-160m,0.2136860995937111,0.5240498443952196,96,5.0,0.04743138736605023,,212654688
ds001894,pythia-160m-full,EleutherAI/pythia-160m@step4,4,8388608.0,Phon,ses-11,96,0.0089429981996407,0.0090084463213433,0.0059248527108514,EleutherAI/pythia-160m,0.2136860995937111,0.5240498443952196,96,5.0,0.04185109942408204,,212654688
ds001894,pythia-160m-full,EleutherAI/pythia-160m@step8,8,16777216.0,Phon,ses-11,96,0.0041132896107519,0.008315095548501,0.0026219584935138,EleutherAI/pythia-160m,0.2136860995937111,0.5240498443952196,96,5.0,0.019249214705929125,,212654688
ds001894,pythia-160m-full,EleutherAI/pythia-160m@step32,32,67108864.0,Phon,ses-11,96,0.0026918495193489,0.0064759102528886,0.0018350053682132,EleutherAI/pythia-160m,0.2136860995937111,0.5240498443952196,96,5.0,0.012597213971648171,,212654688
ds001894,pythia-160m-full,EleutherAI/pythia-160m@step64,64,134217728.0,Phon,ses-11,96,-0.005766516239723,-0.0121096373062765,-0.0038406775878058,EleutherAI/pythia-160m,0.2136860995937111,0.5240498443952196,96,5.0,-0.02698592117450354,,212654688
ds001894,pythia-160m-full,EleutherAI/pythia-160m@step256,256,536870912.0,Phon,ses-11,96,-0.0240566127054165,-0.0159036680362859,-0.0157357915517022,EleutherAI/pythia-160m,0.2136860995937111,0.5240498443952196,96,5.0,-0.1125792119897185,,212654688
ds001894,pythia-160m-full,EleutherAI/pythia-160m@step1000,1000,2097152000.0,Phon,ses-11,96,0.0192351813348146,0.0027246760987387,0.012815983806852,EleutherAI/pythia-160m,0.2136860995937111,0.5240498443952196,96,5.0,0.09001606267973035,,212654688
ds001894,pythia-160m-full,EleutherAI/pythia-160m@step4000,4000,8388608000.0,Phon,ses-11,96,0.0136370247249747,0.0017615127614722,0.0090309124423253,EleutherAI/pythia-160m,0.2136860995937111,0.5240498443952196,96,5.0,0.06381802443351839,,212654688
ds001894,pythia-160m-full,EleutherAI/pythia-160m@step8000,8000,16777216000.0,Phon,ses-11,96,0.004816663835625,-0.0063516647661258,0.0029671403778144,EleutherAI/pythia-160m,0.2136860995937111,0.5240498443952196,96,5.0,0.02254083838295094,,212654688
ds001894,pythia-160m-full,EleutherAI/pythia-160m@step12000,12000,25165824000.0,Phon,ses-11,96,0.0275077377620417,0.0053706498423354,0.0182507705983537,EleutherAI/pythia-160m,0.2136860995937111,0.5240498443952196,96,5.0,0.1287296544526908,,212654688
ds001894,pythia-160m-full,EleutherAI/pythia-160m@step18000,18000,37748736000.0,Phon,ses-11,96,0.0245224622908435,-0.0029785010297442,0.0162856966940272,EleutherAI/pythia-160m,0.2136860995937111,0.5240498443952196,96,5.0,0.11475927698371079,,212654688
ds001894,pythia-160m-full,EleutherAI/pythia-160m@step24000,24000,50331648000.0,Phon,ses-11,96,0.0284834651582719,0.0011668183035614,0.0189694185012872,EleutherAI/pythia-160m,0.2136860995937111,0.5240498443952196,96,5.0,0.13329582603842044,,212654688
ds001894,pythia-160m-full,EleutherAI/pythia-160m@step33000,33000,69206016000.0,Phon,ses-11,96,0.0125283716802514,0.0008311751411358,0.0082620457702712,EleutherAI/pythia-160m,0.2136860995937111,0.5240498443952196,96,5.0,0.05862979250438861,,212654688
ds001894,pythia-160m-full,EleutherAI/pythia-160m@step43000,43000,90177536000.0,Phon,ses-11,96,0.0194410246659383,0.0003537139601162,0.0129100718455493,EleutherAI/pythia-160m,0.2136860995937111,0.5240498443952196,96,5.0,0.090979360393129,,212654688
ds001894,pythia-160m-full,EleutherAI/pythia-160m@step56000,56000,117440512000.0,Phon,ses-11,96,0.0203909614836656,0.003419791365021,0.0137280028322616,EleutherAI/pythia-160m,0.2136860995937111,0.5240498443952196,96,5.0,0.0954248382203412,,212654688
ds001894,pythia-160m-full,EleutherAI/pythia-160m@step71000,71000,148897792000.0,Phon,ses-11,96,0.0187267798133454,0.0055686332706941,0.0122897449810092,EleutherAI/pythia-160m,0.2136860995937111,0.5240498443952196,96,5.0,0.08763686477010571,,212654688
ds001894,pythia-160m-full,EleutherAI/pythia-160m@step90000,90000,188743680000.0,Phon,ses-11,96,0.0302017859590246,0.0118973901251778,0.0199751407472398,EleutherAI/pythia-160m,0.2136860995937111,0.5240498443952196,96,5.0,0.14133715771146704,,212654688
ds001894,pythia-160m-full,EleutherAI/pythia-160m@step114000,114000,239075328000.0,Phon,ses-11,96,0.015734814150714,0.0017941462634254,0.0104176046609174,EleutherAI/pythia-160m,0.2136860995937111,0.5240498443952196,96,5.0,0.0736351788002643,,212654688
ds001894,pythia-160m-full,EleutherAI/pythia-160m@step143000,143000,299892736000.0,Phon,ses-11,96,0.0184923872106279,-0.0005893983484147,0.0121211946294778,EleutherAI/pythia-160m,0.2136860995937111,0.5240498443952196,96,5.0,0.08653996327223963,,212654688
ds001894,pythia-160m-full,EleutherAI/pythia-160m@step0,0,0.0,Phon,ses-11+,96,0.0007928734273111,-0.0078176895010582,0.0004492751950065,EleutherAI/pythia-160m,0.1742624769225749,0.5457342923093875,96,4.0,0.004549880394867651,,212654688
ds001894,pythia-160m-full,EleutherAI/pythia-160m@step1,1,2097152.0,Phon,ses-11+,96,0.0007928734273111,-0.0078176895010582,0.0004492751950065,EleutherAI/pythia-160m,0.1742624769225749,0.5457342923093875,96,4.0,0.004549880394867651,,212654688
ds001894,pythia-160m-full,EleutherAI/pythia-160m@step2,2,4194304.0,Phon,ses-11+,96,0.0007917389688807,-0.0078166963930466,0.0004654375574822,EleutherAI/pythia-160m,0.1742624769225749,0.5457342923093875,96,4.0,0.0045433703391721605,,212654688
ds001894,pythia-160m-full,EleutherAI/pythia-160m@step4,4,8388608.0,Phon,ses-11+,96,0.0002737256838156,-0.0077357918702952,0.0001727833512273,EleutherAI/pythia-160m,0.1742624769225749,0.5457342923093875,96,4.0,0.0015707666311733693,,212654688
ds001894,pythia-160m-full,EleutherAI/pythia-160m@step8,8,16777216.0,Phon,ses-11+,96,-0.0020293194681285,-0.0068000536924456,-0.0013391671765507,EleutherAI/pythia-160m,0.1742624769225749,0.5457342923093875,96,4.0,-0.011645188935482248,,212654688
ds001894,pythia-160m-full,EleutherAI/pythia-160m@step32,32,67108864.0,Phon,ses-11+,96,-0.0048327967102811,-0.0033635383226098,-0.003314438761963,EleutherAI/pythia-160m,0.1742624769225749,0.5457342923093875,96,4.0,-0.027732859050478887,,212654688
ds001894,pythia-160m-full,EleutherAI/pythia-160m@step64,64,134217728.0,Phon,ses-11+,96,-0.0010977398937959,-0.0106976818775602,-0.0007034475858433,EleutherAI/pythia-160m,0.1742624769225749,0.5457342923093875,96,4.0,-0.006299347473889216,,212654688
ds001894,pythia-160m-full,EleutherAI/pythia-160m@step256,256,536870912.0,Phon,ses-11+,96,-0.0127830063422275,-0.0133178654946038,-0.0083955776697721,EleutherAI/pythia-160m,0.1742624769225749,0.5457342923093875,96,4.0,-0.07335489870207118,,212654688
ds001894,pythia-160m-full,EleutherAI/pythia-160m@step1000,1000,2097152000.0,Phon,ses-11+,96,0.0104711638220467,0.0011382871379866,0.0071493440774561,EleutherAI/pythia-160m,0.1742624769225749,0.5457342923093875,96,4.0,0.06008845970150565,,212654688
ds001894,pythia-160m-full,EleutherAI/pythia-160m@step4000,4000,8388608000.0,Phon,ses-11+,96,0.0033393449589943,-0.008205238085729,0.0022586901559667,EleutherAI/pythia-160m,0.1742624769225749,0.5457342923093875,96,4.0,0.01916273094452787,,212654688
ds001894,pythia-160m-full,EleutherAI/pythia-160m@step8000,8000,16777216000.0,Phon,ses-11+,96,0.0061660364554343,-0.0112777040535667,0.0041968267895006,EleutherAI/pythia-160m,0.1742624769225749,0.5457342923093875,96,4.0,0.03538361536186519,,212654688
ds001894,pythia-160m-full,EleutherAI/pythia-160m@step12000,12000,25165824000.0,Phon,ses-11+,96,0.0183871515105758,-0.0007472175409261,0.0120965662676102,EleutherAI/pythia-160m,0.1742624769225749,0.5457342923093875,96,4.0,0.10551411775665992,,212654688
ds001894,pythia-160m-full,EleutherAI/pythia-160m@step18000,18000,37748736000.0,Phon,ses-11+,96,0.0192893824782581,-0.0035828053937159,0.0128071329893059,EleutherAI/pythia-160m,0.1742624769225749,0.5457342923093875,96,4.0,0.11069154311876563,,212654688
ds001894,pythia-160m-full,EleutherAI/pythia-160m@step24000,24000,50331648000.0,Phon,ses-11+,96,0.0226399320493317,-0.0010865264142048,0.0151291257316355,EleutherAI/pythia-160m,0.1742624769225749,0.5457342923093875,96,4.0,0.12991857139383287,,212654688
ds001894,pythia-160m-full,EleutherAI/pythia-160m@step33000,33000,69206016000.0,Phon,ses-11+,96,0.018404167627689,0.0035722176481122,0.0126052958674378,EleutherAI/pythia-160m,0.1742624769225749,0.5457342923093875,96,4.0,0.10561176423462637,,212654688
ds001894,pythia-160m-full,EleutherAI/pythia-160m@step43000,43000,90177536000.0,Phon,ses-11+,96,0.0260555840184026,0.0023361807234324,0.0173472175723361,EleutherAI/pythia-160m,0.1742624769225749,0.5457342923093875,96,4.0,0.14951918782825024,,212654688
ds001894,pythia-160m-full,EleutherAI/pythia-160m@step56000,56000,117440512000.0,Phon,ses-11+,96,0.0263712131593452,0.0081325931171689,0.0175394342403497,EleutherAI/pythia-160m,0.1742624769225749,0.5457342923093875,96,4.0,0.15133041619201806,,212654688
ds001894,pythia-160m-full,EleutherAI/pythia-160m@step71000,71000,148897792000.0,Phon,ses-11+,96,0.0267235391956311,0.0081047525542253,0.0178524838087761,EleutherAI/pythia-160m,0.1742624769225749,0.5457342923093875,96,4.0,0.15335222858966024,,212654688
ds001894,pythia-160m-full,EleutherAI/pythia-160m@step90000,90000,188743680000.0,Phon,ses-11+,96,0.0246961770606223,0.0078888986490924,0.0163399560537667,EleutherAI/pythia-160m,0.1742624769225749,0.5457342923093875,96,4.0,0.14171827175161092,,212654688
ds001894,pythia-160m-full,EleutherAI/pythia-160m@step114000,114000,239075328000.0,Phon,ses-11+,96,0.0203014305153791,0.0063983733036815,0.013743780376583,EleutherAI/pythia-160m,0.1742624769225749,0.5457342923093875,96,4.0,0.11649915044188805,,212654688
ds001894,pythia-160m-full,EleutherAI/pythia-160m@step143000,143000,299892736000.0,Phon,ses-11+,96,0.0228756198380796,0.0051364673211159,0.0154223571651216,EleutherAI/pythia-160m,0.1742624769225749,0.5457342923093875,96,4.0,0.13127105870441216,,212654688
ds001894,pythia-160m-full,EleutherAI/pythia-160m@step0,0,0.0,Phon,ses-7,96,0.0153301015476217,0.0067546694595939,0.0101845972685607,EleutherAI/pythia-160m,,,96,,,0.0081448036195669,212654688
ds001894,pythia-160m-full,EleutherAI/pythia-160m@step1,1,2097152.0,Phon,ses-7,96,0.0153301015476217,0.0067546694595939,0.0101845972685607,EleutherAI/pythia-160m,,,96,,,0.0081448036195669,212654688
ds001894,pythia-160m-full,EleutherAI/pythia-160m@step2,2,4194304.0,Phon,ses-7,96,0.0153199801383209,0.0067515176190504,0.0101784401780938,EleutherAI/pythia-160m,,,96,,,0.0081448036195669,212654688
ds001894,pythia-160m-full,EleutherAI/pythia-160m@step4,4,8388608.0,Phon,ses-7,96,0.0147252005672261,0.0066633452601505,0.0098161338859322,EleutherAI/pythia-160m,,,96,,,0.0081448036195669,212654688
ds001894,pythia-160m-full,EleutherAI/pythia-160m@step8,8,16777216.0,Phon,ses-7,96,0.01171771988202,0.0062973347364974,0.0077658227604545,EleutherAI/pythia-160m,,,96,,,0.0081448036195669,212654688
ds001894,pythia-160m-full,EleutherAI/pythia-160m@step32,32,67108864.0,Phon,ses-7,96,0.0141139385705845,0.0132229028953412,0.0093351111932056,EleutherAI/pythia-160m,,,96,,,0.0081448036195669,212654688
ds001894,pythia-160m-full,EleutherAI/pythia-160m@step64,64,134217728.0,Phon,ses-7,96,0.002928043283644,0.0049369720103626,0.0017076305591792,EleutherAI/pythia-160m,,,96,,,0.0081448036195669,212654688
ds001894,pythia-160m-full,EleutherAI/pythia-160m@step256,256,536870912.0,Phon,ses-7,96,-0.0111658293952561,-0.0139487631851134,-0.007342137972701,EleutherAI/pythia-160m,,,96,,,0.0081448036195669,212654688
ds001894,pythia-160m-full,EleutherAI/pythia-160m@step1000,1000,2097152000.0,Phon,ses-7,96,0.0276561143951837,0.0182719281898305,0.0183843024978546,EleutherAI/pythia-160m,,,96,,,0.0081448036195669,212654688
ds001894,pythia-160m-full,EleutherAI/pythia-160m@step4000,4000,8388608000.0,Phon,ses-7,96,0.0024723166262038,-0.0030040605158026,0.0014122826258451,EleutherAI/pythia-160m,,,96,,,0.0081448036195669,212654688
ds001894,pythia-160m-full,EleutherAI/pythia-160m@step8000,8000,16777216000.0,Phon,ses-7,96,0.0017249132900542,0.0004886550942193,0.0013235820413063,EleutherAI/pythia-160m,,,96,,,0.0081448036195669,212654688
ds001894,pythia-160m-full,EleutherAI/pythia-160m@step12000,12000,25165824000.0,Phon,ses-7,96,0.0021299824046813,-0.0038845824293489,0.0012579705460184,EleutherAI/pythia-160m,,,96,,,0.0081448036195669,212654688
ds001894,pythia-160m-full,EleutherAI/pythia-160m@step18000,18000,37748736000.0,Phon,ses-7,96,0.0121854015089729,0.0014610146080549,0.0080913789188918,EleutherAI/pythia-160m,,,96,,,0.0081448036195669,212654688
ds001894,pythia-160m-full,EleutherAI/pythia-160m@step24000,24000,50331648000.0,Phon,ses-7,96,0.0071009799192226,-0.0038582110736831,0.0049066238748879,EleutherAI/pythia-160m,,,96,,,0.0081448036195669,212654688
ds001894,pythia-160m-full,EleutherAI/pythia-160m@step33000,33000,69206016000.0,Phon,ses-7,96,0.002291141944312,-0.0021026951134591,0.0015808329773765,EleutherAI/pythia-160m,,,96,,,0.0081448036195669,212654688
ds001894,pythia-160m-full,EleutherAI/pythia-160m@step43000,43000,90177536000.0,Phon,ses-7,96,0.0082685588660443,-0.0046232669017828,0.0054403666547373,EleutherAI/pythia-160m,,,96,,,0.0081448036195669,212654688
ds001894,pythia-160m-full,EleutherAI/pythia-160m@step56000,56000,117440512000.0,Phon,ses-7,96,0.008650193263802,-0.002212492508919,0.0057788142213397,EleutherAI/pythia-160m,,,96,,,0.0081448036195669,212654688
ds001894,pythia-160m-full,EleutherAI/pythia-160m@step71000,71000,148897792000.0,Phon,ses-7,96,0.0020067709045309,-0.0041802400870322,0.0012858698621966,EleutherAI/pythia-160m,,,96,,,0.0081448036195669,212654688
ds001894,pythia-160m-full,EleutherAI/pythia-160m@step90000,90000,188743680000.0,Phon,ses-7,96,0.0164054727155521,0.0063740138136972,0.0110519773880852,EleutherAI/pythia-160m,,,96,,,0.0081448036195669,212654688
ds001894,pythia-160m-full,EleutherAI/pythia-160m@step114000,114000,239075328000.0,Phon,ses-7,96,0.0100277839551033,0.0011656926780125,0.0067406671977157,EleutherAI/pythia-160m,,,96,,,0.0081448036195669,212654688
ds001894,pythia-160m-full,EleutherAI/pythia-160m@step143000,143000,299892736000.0,Phon,ses-7,96,0.0105694219193431,-1.7248378283989726e-05,0.006968479544991,EleutherAI/pythia-160m,,,96,,,0.0081448036195669,212654688
ds001894,pythia-160m-full,EleutherAI/pythia-160m@step0,0,0.0,Phon,ses-9,96,-0.0035145651262552,0.0003971406408272,-0.0023843332833069,EleutherAI/pythia-160m,0.1650755388561307,0.607179038133363,96,3.0,-0.02129064760659828,0.008728626502912,212654688
ds001894,pythia-160m-full,EleutherAI/pythia-160m@step1,1,2097152.0,Phon,ses-9,96,-0.0035145651262552,0.0003971406408272,-0.0023843332833069,EleutherAI/pythia-160m,0.1650755388561307,0.607179038133363,96,3.0,-0.02129064760659828,0.008728626502912,212654688
ds001894,pythia-160m-full,EleutherAI/pythia-160m@step2,2,4194304.0,Phon,ses-9,96,-0.0035407610673589,0.0003961775002629,-0.0024155035537956,EleutherAI/pythia-160m,0.1650755388561307,0.607179038133363,96,3.0,-0.021449338235659504,0.008728626502912,212654688
ds001894,pythia-160m-full,EleutherAI/pythia-160m@step4,4,8388608.0,Phon,ses-9,96,-0.0042788432151644,0.0003836793047169,-0.00287285993004,EleutherAI/pythia-160m,0.1650755388561307,0.607179038133363,96,3.0,-0.025920516418205166,0.008728626502912,212654688
ds001894,pythia-160m-full,EleutherAI/pythia-160m@step8,8,16777216.0,Phon,ses-9,96,-0.0069389414400784,0.000689203313005,-0.0046557224383617,EleutherAI/pythia-160m,0.1650755388561307,0.607179038133363,96,3.0,-0.042034946474570886,0.008728626502912,212654688
ds001894,pythia-160m-full,EleutherAI/pythia-160m@step32,32,67108864.0,Phon,ses-9,96,-9.497621688390994e-05,0.0071101135211341,-2.1357407557058915e-05,EleutherAI/pythia-160m,0.1650755388561307,0.607179038133363,96,3.0,-0.0005753500339422496,0.008728626502912,212654688
ds001894,pythia-160m-full,EleutherAI/pythia-160m@step64,64,134217728.0,Phon,ses-9,96,-0.001720540360319,-0.0110043667215621,-0.0012558540461704,EleutherAI/pythia-160m,0.1650755388561307,0.607179038133363,96,3.0,-0.010422745685043701,0.008728626502912,212654688
ds001894,pythia-160m-full,EleutherAI/pythia-160m@step256,256,536870912.0,Phon,ses-9,96,-0.0109982815030316,-0.0116289848695545,-0.0072863393403447,EleutherAI/pythia-160m,0.1650755388561307,0.607179038133363,96,3.0,-0.06662574951590496,0.008728626502912,212654688
ds001894,pythia-160m-full,EleutherAI/pythia-160m@step1000,1000,2097152000.0,Phon,ses-9,96,0.0127423852888574,0.0086672071606517,0.0085318032963523,EleutherAI/pythia-160m,0.1650755388561307,0.607179038133363,96,3.0,0.07719123849089991,0.008728626502912,212654688
ds001894,pythia-160m-full,EleutherAI/pythia-160m@step4000,4000,8388608000.0,Phon,ses-9,96,-0.0008610145894062,0.0001311276661598,-0.0005822298672762,EleutherAI/pythia-160m,0.1650755388561307,0.607179038133363,96,3.0,-0.005215882349211081,0.008728626502912,212654688
ds001894,pythia-160m-full,EleutherAI/pythia-160m@step8000,8000,16777216000.0,Phon,ses-9,96,-0.0021853076288677,0.0031842121770987,-0.0014263284884727,EleutherAI/pythia-160m,0.1650755388561307,0.607179038133363,96,3.0,-0.013238228050082422,0.008728626502912,212654688
ds001894,pythia-160m-full,EleutherAI/pythia-160m@step12000,12000,25165824000.0,Phon,ses-9,96,0.0134607142677341,0.0082501378184454,0.0089724200828898,EleutherAI/pythia-160m,0.1650755388561307,0.607179038133363,96,3.0,0.08154275528045132,0.008728626502912,212654688
ds001894,pythia-160m-full,EleutherAI/pythia-160m@step18000,18000,37748736000.0,Phon,ses-9,96,0.0061933147134163,0.0051178210290523,0.0041581525650054,EleutherAI/pythia-160m,0.1650755388561307,0.607179038133363,96,3.0,0.03751806449539443,0.008728626502912,212654688
ds001894,pythia-160m-full,EleutherAI/pythia-160m@step24000,24000,50331648000.0,Phon,ses-9,96,0.0108194901456782,0.0093055199575117,0.00722977107168,EleutherAI/pythia-160m,0.1650755388561307,0.607179038133363,96,3.0,0.06554266138187667,0.008728626502912,212654688
ds001894,pythia-160m-full,EleutherAI/pythia-160m@step33000,33000,69206016000.0,Phon,ses-9,96,0.0085990336687139,0.0092395335370757,0.0056268110504381,EleutherAI/pythia-160m,0.1650755388561307,0.607179038133363,96,3.0,0.052091507489842384,0.008728626502912,212654688
ds001894,pythia-160m-full,EleutherAI/pythia-160m@step43000,43000,90177536000.0,Phon,ses-9,96,0.0248021980478855,0.0136233887466435,0.016667436302975,EleutherAI/pythia-160m,0.1650755388561307,0.607179038133363,96,3.0,0.15024756677911869,0.008728626502912,212654688
ds001894,pythia-160m-full,EleutherAI/pythia-160m@step56000,56000,117440512000.0,Phon,ses-9,96,0.0091686049508236,0.009529427596356,0.0060466476566498,EleutherAI/pythia-160m,0.1650755388561307,0.607179038133363,96,3.0,0.05554187503706635,0.008728626502912,212654688
ds001894,pythia-160m-full,EleutherAI/pythia-160m@step71000,71000,148897792000.0,Phon,ses-9,96,0.0015682184341035,0.0037249508950518,0.0011561861442375,EleutherAI/pythia-160m,0.1650755388561307,0.607179038133363,96,3.0,0.009500004936953495,0.008728626502912,212654688
ds001894,pythia-160m-full,EleutherAI/pythia-160m@step90000,90000,188743680000.0,Phon,ses-9,96,0.0143014490838464,0.0115878102103569,0.0095123199532061,EleutherAI/pythia-160m,0.1650755388561307,0.607179038133363,96,3.0,0.08663578615551654,0.008728626502912,212654688
ds001894,pythia-160m-full,EleutherAI/pythia-160m@step114000,114000,239075328000.0,Phon,ses-9,96,0.0121381254470616,0.0065530749352863,0.0080802191924206,EleutherAI/pythia-160m,0.1650755388561307,0.607179038133363,96,3.0,0.07353073345191631,0.008728626502912,212654688
ds001894,pythia-160m-full,EleutherAI/pythia-160m@step143000,143000,299892736000.0,Phon,ses-9,96,0.0055410397158633,-0.0013217625932895,0.0037271562323224,EleutherAI/pythia-160m,0.1650755388561307,0.607179038133363,96,3.0,0.033566691674970194,0.008728626502912,212654688
ds001894,pythia-1b-full,EleutherAI/pythia-1b@step0,0,0.0,Orth,ses-11,96,0.0045185114798777,0.0022714753347923,0.0029777228770544,EleutherAI/pythia-1b,0.2136860995937111,0.5240498443952196,96,5.0,0.021145556442224857,,1078891008
ds001894,pythia-1b-full,EleutherAI/pythia-1b@step1,1,2097152.0,Orth,ses-11,96,0.0045185114798777,0.0022714753347923,0.0029777228770544,EleutherAI/pythia-1b,0.2136860995937111,0.5240498443952196,96,5.0,0.021145556442224857,,1078891008
ds001894,pythia-1b-full,EleutherAI/pythia-1b@step2,2,4194304.0,Orth,ses-11,96,0.004529295289382,0.0022731890745327,0.002989652239834,EleutherAI/pythia-1b,0.2136860995937111,0.5240498443952196,96,5.0,0.021196022099676623,,1078891008
ds001894,pythia-1b-full,EleutherAI/pythia-1b@step4,4,8388608.0,Orth,ses-11,96,0.0048215207199606,0.002311228229439,0.0031726332721472,EleutherAI/pythia-1b,0.2136860995937111,0.5240498443952196,96,5.0,0.02256356744368458,,1078891008
ds001894,pythia-1b-full,EleutherAI/pythia-1b@step8,8,16777216.0,Orth,ses-11,96,0.0142037026571696,0.0036725542951371,0.0094270827320549,EleutherAI/pythia-1b,0.2136860995937111,0.5240498443952196,96,5.0,0.06646994205133418,,1078891008
ds001894,pythia-1b-full,EleutherAI/pythia-1b@step32,32,67108864.0,Orth,ses-11,96,0.0139815978693098,0.0048463870438211,0.0094168850509691,EleutherAI/pythia-1b,0.2136860995937111,0.5240498443952196,96,5.0,0.06543054459739545,,1078891008
ds001894,pythia-1b-full,EleutherAI/pythia-1b@step64,64,134217728.0,Orth,ses-11,96,0.0040699873172761,0.0014179172125501,0.0026021403585735,EleutherAI/pythia-1b,0.2136860995937111,0.5240498443952196,96,5.0,0.019046570296404445,,1078891008
ds001894,pythia-1b-full,EleutherAI/pythia-1b@step256,256,536870912.0,Orth,ses-11,96,0.0032350270515055,4.566706744108667e-06,0.0020655114425678,EleutherAI/pythia-1b,0.2136860995937111,0.5240498443952196,96,5.0,0.015139155320146565,,1078891008
ds001894,pythia-1b-full,EleutherAI/pythia-1b@step1000,1000,2097152000.0,Orth,ses-11,96,0.0056642204626225,-0.0030716453497079,0.0037550555485005,EleutherAI/pythia-1b,0.2136860995937111,0.5240498443952196,96,5.0,0.02650720132658176,,1078891008
ds001894,pythia-1b-full,EleutherAI/pythia-1b@step4000,4000,8388608000.0,Orth,ses-11,96,0.0205634152378487,0.0072157755686718,0.0136369933387977,EleutherAI/pythia-1b,0.2136860995937111,0.5240498443952196,96,5.0,0.09623188067425371,,1078891008
ds001894,pythia-1b-full,EleutherAI/pythia-1b@step8000,8000,16777216000.0,Orth,ses-11,96,0.0315631398722371,0.0165237303763152,0.0210072230367539,EleutherAI/pythia-1b,0.2136860995937111,0.5240498443952196,96,5.0,0.1477079694572984,,1078891008
ds001894,pythia-1b-full,EleutherAI/pythia-1b@step12000,12000,25165824000.0,Orth,ses-11,96,0.0300302660701649,0.0147790226892156,0.0199676367932333,EleutherAI/pythia-1b,0.2136860995937111,0.5240498443952196,96,5.0,0.14053448552462,,1078891008
ds001894,pythia-1b-full,EleutherAI/pythia-1b@step18000,18000,37748736000.0,Orth,ses-11,96,0.0390050526454901,0.0072337856068456,0.0261160688516641,EleutherAI/pythia-1b,0.2136860995937111,0.5240498443952196,96,5.0,0.18253434696806098,,1078891008
ds001894,pythia-1b-full,EleutherAI/pythia-1b@step24000,24000,50331648000.0,Orth,ses-11,96,0.030951433659945,0.0125186233086734,0.0206029715657865,EleutherAI/pythia-1b,0.2136860995937111,0.5240498443952196,96,5.0,0.1448453302240719,,1078891008
ds001894,pythia-1b-full,EleutherAI/pythia-1b@step33000,33000,69206016000.0,Orth,ses-11,96,0.0255857764841858,-0.0004366555499392,0.0170718801830195,EleutherAI/pythia-1b,0.2136860995937111,0.5240498443952196,96,5.0,0.11973533389786672,,1078891008
ds001894,pythia-1b-full,EleutherAI/pythia-1b@step43000,43000,90177536000.0,Orth,ses-11,96,0.0235408410008645,0.0073713722310805,0.015699233827055,EleutherAI/pythia-1b,0.2136860995937111,0.5240498443952196,96,5.0,0.11016552338043292,,1078891008
ds001894,pythia-1b-full,EleutherAI/pythia-1b@step56000,56000,117440512000.0,Orth,ses-11,96,0.0420097675504041,0.0107950030565378,0.0278666066350346,EleutherAI/pythia-1b,0.2136860995937111,0.5240498443952196,96,5.0,0.1965956963521668,,1078891008
ds001894,pythia-1b-full,EleutherAI/pythia-1b@step71000,71000,148897792000.0,Orth,ses-11,96,0.0371695750924928,0.0125651463180655,0.0247618937671003,EleutherAI/pythia-1b,0.2136860995937111,0.5240498443952196,96,5.0,0.17394474962650647,,1078891008
ds001894,pythia-1b-full,EleutherAI/pythia-1b@step90000,90000,188743680000.0,Orth,ses-11,96,0.0167396048937438,0.0031101435614335,0.0111350981093884,EleutherAI/pythia-1b,0.2136860995937111,0.5240498443952196,96,5.0,0.07833735991986095,,1078891008
ds001894,pythia-1b-full,EleutherAI/pythia-1b@step114000,114000,239075328000.0,Orth,ses-11,96,0.0209633384115745,0.0096311810905763,0.0139594709520016,EleutherAI/pythia-1b,0.2136860995937111,0.5240498443952196,96,5.0,0.09810342577936906,,1078891008
ds001894,pythia-1b-full,EleutherAI/pythia-1b@step143000,143000,299892736000.0,Orth,ses-11,96,0.0265450403118868,0.0071344963554273,0.0173947426143775,EleutherAI/pythia-1b,0.2136860995937111,0.5240498443952196,96,5.0,0.1242244599080512,,1078891008
ds001894,pythia-1b-full,EleutherAI/pythia-1b@step0,0,0.0,Orth,ses-11+,96,0.0173273816772069,0.0054786390771476,0.0115312683991179,EleutherAI/pythia-1b,0.1742624769225749,0.5457342923093875,96,4.0,0.09943266033631258,,1078891008
ds001894,pythia-1b-full,EleutherAI/pythia-1b@step1,1,2097152.0,Orth,ses-11+,96,0.0173273816772069,0.0054786390771476,0.0115312683991179,EleutherAI/pythia-1b,0.1742624769225749,0.5457342923093875,96,4.0,0.09943266033631258,,1078891008
ds001894,pythia-1b-full,EleutherAI/pythia-1b@step2,2,4194304.0,Orth,ses-11+,96,0.0173257206144114,0.0054787032776759,0.0115339621261972,EleutherAI/pythia-1b,0.1742624769225749,0.5457342923093875,96,4.0,0.09942312837725384,,1078891008
ds001894,pythia-1b-full,EleutherAI/pythia-1b@step4,4,8388608.0,Orth,ses-11+,96,0.0173953736284041,0.005480123469616,0.0115795630774677,EleutherAI/pythia-1b,0.1742624769225749,0.5457342923093875,96,4.0,0.09982283011008096,,1078891008
ds001894,pythia-1b-full,EleutherAI/pythia-1b@step8,8,16777216.0,Orth,ses-11+,96,0.0189282751464955,0.0055914835928043,0.0125427629173833,EleutherAI/pythia-1b,0.1742624769225749,0.5457342923093875,96,4.0,0.10861933952026497,,1078891008
ds001894,pythia-1b-full,EleutherAI/pythia-1b@step32,32,67108864.0,Orth,ses-11+,96,0.0132180124277668,0.0036464141680446,0.0085866398833231,EleutherAI/pythia-1b,0.1742624769225749,0.5457342923093875,96,4.0,0.07585116808387606,,1078891008
ds001894,pythia-1b-full,EleutherAI/pythia-1b@step64,64,134217728.0,Orth,ses-11+,96,-0.0090076525852726,-0.0114888740626631,-0.0060453007931102,EleutherAI/pythia-1b,0.1742624769225749,0.5457342923093875,96,4.0,-0.05169014434056687,,1078891008
ds001894,pythia-1b-full,EleutherAI/pythia-1b@step256,256,536870912.0,Orth,ses-11+,96,-0.0178132356475359,-0.0054076678241199,-0.0117519616105409,EleutherAI/pythia-1b,0.1742624769225749,0.5457342923093875,96,4.0,-0.10222071878072954,,1078891008
ds001894,pythia-1b-full,EleutherAI/pythia-1b@step1000,1000,2097152000.0,Orth,ses-11+,96,-0.0067640855043394,-0.0085013631831033,-0.0045314261745612,EleutherAI/pythia-1b,0.1742624769225749,0.5457342923093875,96,4.0,-0.03881550190144889,,1078891008
ds001894,pythia-1b-full,EleutherAI/pythia-1b@step4000,4000,8388608000.0,Orth,ses-11+,96,0.0167762476226204,0.0022572246147111,0.0112967217341445,EleutherAI/pythia-1b,0.1742624769225749,0.5457342923093875,96,4.0,0.09626999408526779,,1078891008
ds001894,pythia-1b-full,EleutherAI/pythia-1b@step8000,8000,16777216000.0,Orth,ses-11+,96,0.0138451805086241,0.0003020544004438,0.0091111470274721,EleutherAI/pythia-1b,0.1742624769225749,0.5457342923093875,96,4.0,0.07945015331542392,,1078891008
ds001894,pythia-1b-full,EleutherAI/pythia-1b@step12000,12000,25165824000.0,Orth,ses-11+,96,0.0155864732066926,0.0099434760781372,0.010420875615228,EleutherAI/pythia-1b,0.1742624769225749,0.5457342923093875,96,4.0,0.0894425092650192,,1078891008
ds001894,pythia-1b-full,EleutherAI/pythia-1b@step18000,18000,37748736000.0,Orth,ses-11+,96,0.0225733042578201,0.0026975135804836,0.0152124388620157,EleutherAI/pythia-1b,0.1742624769225749,0.5457342923093875,96,4.0,0.12953622980952725,,1078891008
ds001894,pythia-1b-full,EleutherAI/pythia-1b@step24000,24000,50331648000.0,Orth,ses-11+,96,0.0112278729065663,0.0016721034486821,0.0073119297475977,EleutherAI/pythia-1b,0.1742624769225749,0.5457342923093875,96,4.0,0.06443081209935321,,1078891008
ds001894,pythia-1b-full,EleutherAI/pythia-1b@step33000,33000,69206016000.0,Orth,ses-11+,96,0.0331734359061272,0.0047880191330553,0.0219942816022288,EleutherAI/pythia-1b,0.1742624769225749,0.5457342923093875,96,4.0,0.19036476751599377,,1078891008
ds001894,pythia-1b-full,EleutherAI/pythia-1b@step43000,43000,90177536000.0,Orth,ses-11+,96,0.0051127617889068,-0.0067588457690465,0.0034241119359046,EleutherAI/pythia-1b,0.1742624769225749,0.5457342923093875,96,4.0,0.029339430261733326,,1078891008
ds001894,pythia-1b-full,EleutherAI/pythia-1b@step56000,56000,117440512000.0,Orth,ses-11+,96,0.0204947029232662,-0.0043604660447522,0.0137762975106113,EleutherAI/pythia-1b,0.1742624769225749,0.5457342923093875,96,4.0,0.11760823836087231,,1078891008
ds001894,pythia-1b-full,EleutherAI/pythia-1b@step71000,71000,148897792000.0,Orth,ses-11+,96,0.0264995488325644,0.0038751442204848,0.0176360235970492,EleutherAI/pythia-1b,0.1742624769225749,0.5457342923093875,96,4.0,0.15206686660570187,,1078891008
ds001894,pythia-1b-full,EleutherAI/pythia-1b@step90000,90000,188743680000.0,Orth,ses-11+,96,0.0107924036218018,-0.0012729870733796,0.0072540146153934,EleutherAI/pythia-1b,0.1742624769225749,0.5457342923093875,96,4.0,0.061931884662679744,,1078891008
ds001894,pythia-1b-full,EleutherAI/pythia-1b@step114000,114000,239075328000.0,Orth,ses-11+,96,0.0148348189419152,0.000836290727571,0.0098186352039343,EleutherAI/pythia-1b,0.1742624769225749,0.5457342923093875,96,4.0,0.08512916379873525,,1078891008
ds001894,pythia-1b-full,EleutherAI/pythia-1b@step143000,143000,299892736000.0,Orth,ses-11+,96,0.0201838827014936,-0.000587626567202,0.0134086037642911,EleutherAI/pythia-1b,0.1742624769225749,0.5457342923093875,96,4.0,0.11582460583560586,,1078891008
ds001894,pythia-1b-full,EleutherAI/pythia-1b@step0,0,0.0,Orth,ses-7,96,-0.0019758727319478,-0.0078095074217361,-0.0013965050815237,EleutherAI/pythia-1b,,,96,,,,1078891008
ds001894,pythia-1b-full,EleutherAI/pythia-1b@step1,1,2097152.0,Orth,ses-7,96,-0.0019758727319478,-0.0078095074217361,-0.0013965050815237,EleutherAI/pythia-1b,,,96,,,,1078891008
ds001894,pythia-1b-full,EleutherAI/pythia-1b@step2,2,4194304.0,Orth,ses-7,96,-0.0019672612761871,-0.0078091547074622,-0.0013918872636735,EleutherAI/pythia-1b,,,96,,,,1078891008
ds001894,pythia-1b-full,EleutherAI/pythia-1b@step4,4,8388608.0,Orth,ses-7,96,-0.0018082042307447,-0.0077999385091715,-0.0013066500425224,EleutherAI/pythia-1b,,,96,,,,1078891008
ds001894,pythia-1b-full,EleutherAI/pythia-1b@step8,8,16777216.0,Orth,ses-7,96,0.0032934636836025,-0.0074832370626903,0.0020839827139685,EleutherAI/pythia-1b,,,96,,,,1078891008
ds001894,pythia-1b-full,EleutherAI/pythia-1b@step32,32,67108864.0,Orth,ses-7,96,-0.0040414805688899,-0.0119487127953365,-0.0028026306169019,EleutherAI/pythia-1b,,,96,,,,1078891008
ds001894,pythia-1b-full,EleutherAI/pythia-1b@step64,64,134217728.0,Orth,ses-7,96,-0.0127524960673563,-0.0171491625850969,-0.008495245571705,EleutherAI/pythia-1b,,,96,,,,1078891008
ds001894,pythia-1b-full,EleutherAI/pythia-1b@step256,256,536870912.0,Orth,ses-7,96,-0.0122686401815542,-0.0170911078984873,-0.0078916582968718,EleutherAI/pythia-1b,,,96,,,,1078891008
ds001894,pythia-1b-full,EleutherAI/pythia-1b@step1000,1000,2097152000.0,Orth,ses-7,96,-0.0028991758473364,-0.003271777883871,-0.0019671904041745,EleutherAI/pythia-1b,,,96,,,,1078891008
ds001894,pythia-1b-full,EleutherAI/pythia-1b@step4000,4000,8388608000.0,Orth,ses-7,96,0.0086559698390583,0.0008355884258002,0.0056854958189507,EleutherAI/pythia-1b,,,96,,,,1078891008
ds001894,pythia-1b-full,EleutherAI/pythia-1b@step8000,8000,16777216000.0,Orth,ses-7,96,0.0019653794976951,-0.0016948903427197,0.0011267475554426,EleutherAI/pythia-1b,,,96,,,,1078891008
ds001894,pythia-1b-full,EleutherAI/pythia-1b@step12000,12000,25165824000.0,Orth,ses-7,96,0.0084720243145878,-0.0008101732369943,0.0056931921820343,EleutherAI/pythia-1b,,,96,,,,1078891008
ds001894,pythia-1b-full,EleutherAI/pythia-1b@step18000,18000,37748736000.0,Orth,ses-7,96,0.0069330846275792,-0.0011789849739293,0.0046474488480468,EleutherAI/pythia-1b,,,96,,,,1078891008
ds001894,pythia-1b-full,EleutherAI/pythia-1b@step24000,24000,50331648000.0,Orth,ses-7,96,0.0019725108674068,0.0015257489685274,0.0012947206797427,EleutherAI/pythia-1b,,,96,,,,1078891008
ds001894,pythia-1b-full,EleutherAI/pythia-1b@step33000,33000,69206016000.0,Orth,ses-7,96,0.0033696055365783,-0.0061762540686444,0.0021386268918622,EleutherAI/pythia-1b,,,96,,,,1078891008
ds001894,pythia-1b-full,EleutherAI/pythia-1b@step43000,43000,90177536000.0,Orth,ses-7,96,-0.002561013962442,-0.0035023540012536,-0.0017680470093857,EleutherAI/pythia-1b,,,96,,,,1078891008
ds001894,pythia-1b-full,EleutherAI/pythia-1b@step56000,56000,117440512000.0,Orth,ses-7,96,0.0064328076964555,-0.0082730106258883,0.0043480603240938,EleutherAI/pythia-1b,,,96,,,,1078891008
ds001894,pythia-1b-full,EleutherAI/pythia-1b@step71000,71000,148897792000.0,Orth,ses-7,96,0.0129862523406463,-0.0034110882234278,0.0084948607535509,EleutherAI/pythia-1b,,,96,,,,1078891008
ds001894,pythia-1b-full,EleutherAI/pythia-1b@step90000,90000,188743680000.0,Orth,ses-7,96,0.0001667484306107,-0.0088977618679495,0.000116984718871,EleutherAI/pythia-1b,,,96,,,,1078891008
ds001894,pythia-1b-full,EleutherAI/pythia-1b@step114000,114000,239075328000.0,Orth,ses-7,96,0.0016687111512689,-0.0060869394846292,0.0011542620534666,EleutherAI/pythia-1b,,,96,,,,1078891008
ds001894,pythia-1b-full,EleutherAI/pythia-1b@step143000,143000,299892736000.0,Orth,ses-7,96,0.0035110330423268,-0.0072340851529361,0.0024707249589206,EleutherAI/pythia-1b,,,96,,,,1078891008
ds001894,pythia-1b-full,EleutherAI/pythia-1b@step0,0,0.0,Orth,ses-9,96,0.0102447897547702,0.0012006966305307,0.0066765949750445,EleutherAI/pythia-1b,0.1650755388561307,0.607179038133363,96,3.0,0.062061222551567166,,1078891008
ds001894,pythia-1b-full,EleutherAI/pythia-1b@step1,1,2097152.0,Orth,ses-9,96,0.0102447897547702,0.0012006966305307,0.0066765949750445,EleutherAI/pythia-1b,0.1650755388561307,0.607179038133363,96,3.0,0.062061222551567166,,1078891008
ds001894,pythia-1b-full,EleutherAI/pythia-1b@step2,2,4194304.0,Orth,ses-9,96,0.0102720926913993,0.0012033066584598,0.0067016081550663,EleutherAI/pythia-1b,0.1650755388561307,0.607179038133363,96,3.0,0.06222661917433934,,1078891008
ds001894,pythia-1b-full,EleutherAI/pythia-1b@step4,4,8388608.0,Orth,ses-9,96,0.0103683700425005,0.0012543651126528,0.0067706830137418,EleutherAI/pythia-1b,0.1650755388561307,0.607179038133363,96,3.0,0.06280985126171183,,1078891008
ds001894,pythia-1b-full,EleutherAI/pythia-1b@step8,8,16777216.0,Orth,ses-9,96,0.0136018169012391,0.0028648178621747,0.008994162308601,EleutherAI/pythia-1b,0.1650755388561307,0.607179038133363,96,3.0,0.08239753143010228,,1078891008
ds001894,pythia-1b-full,EleutherAI/pythia-1b@step32,32,67108864.0,Orth,ses-9,96,0.0011577624137322,-0.0026073329577998,0.0008412124850401,EleutherAI/pythia-1b,0.1650755388561307,0.607179038133363,96,3.0,0.0070135310280055,,1078891008
ds001894,pythia-1b-full,EleutherAI/pythia-1b@step64,64,134217728.0,Orth,ses-9,96,0.0010750699618767,-0.0068557967676535,0.0006207116826943,EleutherAI/pythia-1b,0.1650755388561307,0.607179038133363,96,3.0,0.006512593987735895,,1078891008
ds001894,pythia-1b-full,EleutherAI/pythia-1b@step256,256,536870912.0,Orth,ses-9,96,-0.0179988610918196,-0.0090102930423899,-0.0119037723723654,EleutherAI/pythia-1b,0.1650755388561307,0.607179038133363,96,3.0,-0.1090340895843221,,1078891008
ds001894,pythia-1b-full,EleutherAI/pythia-1b@step1000,1000,2097152000.0,Orth,ses-9,96,0.0062495336843045,-0.004285733610144,0.0041325621577523,EleutherAI/pythia-1b,0.1650755388561307,0.607179038133363,96,3.0,0.03785862961653692,,1078891008
ds001894,pythia-1b-full,EleutherAI/pythia-1b@step4000,4000,8388608000.0,Orth,ses-9,96,0.0153914398824065,0.0072897260642117,0.0103017743965089,EleutherAI/pythia-1b,0.1650755388561307,0.607179038133363,96,3.0,0.09323876807587281,,1078891008
ds001894,pythia-1b-full,EleutherAI/pythia-1b@step8000,8000,16777216000.0,Orth,ses-9,96,0.0159657455415157,0.0084367586567342,0.0106933268683883,EleutherAI/pythia-1b,0.1650755388561307,0.607179038133363,96,3.0,0.09671781568697725,,1078891008
ds001894,pythia-1b-full,EleutherAI/pythia-1b@step12000,12000,25165824000.0,Orth,ses-9,96,0.0091348306401002,0.0086326612065605,0.0060329866121764,EleutherAI/pythia-1b,0.1650755388561307,0.607179038133363,96,3.0,0.0553372759125841,,1078891008
ds001894,pythia-1b-full,EleutherAI/pythia-1b@step18000,18000,37748736000.0,Orth,ses-9,96,-0.0013307741584574,-0.0037045565455803,-0.0009828255657788,EleutherAI/pythia-1b,0.1650755388561307,0.607179038133363,96,3.0,-0.008061607235565154,,1078891008
ds001894,pythia-1b-full,EleutherAI/pythia-1b@step24000,24000,50331648000.0,Orth,ses-9,96,-0.0079956670673913,-0.0034369013946998,-0.0052079364896118,EleutherAI/pythia-1b,0.1650755388561307,0.607179038133363,96,3.0,-0.04843641355222117,,1078891008
ds001894,pythia-1b-full,EleutherAI/pythia-1b@step33000,33000,69206016000.0,Orth,ses-9,96,0.0068500514838345,0.0015243276878949,0.0044113629104566,EleutherAI/pythia-1b,0.1650755388561307,0.607179038133363,96,3.0,0.0414964659894557,,1078891008
ds001894,pythia-1b-full,EleutherAI/pythia-1b@step43000,43000,90177536000.0,Orth,ses-9,96,-0.005611448023019,0.0017367663069695,-0.0038137403170131,EleutherAI/pythia-1b,0.1650755388561307,0.607179038133363,96,3.0,-0.033993213421581375,,1078891008
ds001894,pythia-1b-full,EleutherAI/pythia-1b@step56000,56000,117440512000.0,Orth,ses-9,96,0.0094269120486246,0.0146471272220685,0.0061924937370845,EleutherAI/pythia-1b,0.1650755388561307,0.607179038133363,96,3.0,0.057106656225066124,,1078891008
ds001894,pythia-1b-full,EleutherAI/pythia-1b@step71000,71000,148897792000.0,Orth,ses-9,96,0.0159509668285291,0.0163392200292623,0.010658693234512,EleutherAI/pythia-1b,0.1650755388561307,0.607179038133363,96,3.0,0.09662828871593716,,1078891008
ds001894,pythia-1b-full,EleutherAI/pythia-1b@step90000,90000,188743680000.0,Orth,ses-9,96,0.0037839404075111,0.0085375643852154,0.0024462890061301,EleutherAI/pythia-1b,0.1650755388561307,0.607179038133363,96,3.0,0.02292247799844495,,1078891008
ds001894,pythia-1b-full,EleutherAI/pythia-1b@step114000,114000,239075328000.0,Orth,ses-9,96,0.0008554797383357,0.0101088223622279,0.0005704929135736,EleutherAI/pythia-1b,0.1650755388561307,0.607179038133363,96,3.0,0.005182353147314464,,1078891008
ds001894,pythia-1b-full,EleutherAI/pythia-1b@step143000,143000,299892736000.0,Orth,ses-9,96,0.0007330893410743,0.0058704786997624,0.0004492751950065,EleutherAI/pythia-1b,0.1650755388561307,0.607179038133363,96,3.0,0.004440932594581526,,1078891008
ds001894,pythia-1b-full,EleutherAI/pythia-1b@step0,0,0.0,Phon,ses-11,96,0.0045185114798777,0.0022714753347923,0.0029777228770544,EleutherAI/pythia-1b,0.2136860995937111,0.5240498443952196,96,5.0,0.021145556442224857,,1078891008
ds001894,pythia-1b-full,EleutherAI/pythia-1b@step1,1,2097152.0,Phon,ses-11,96,0.0045185114798777,0.0022714753347923,0.0029777228770544,EleutherAI/pythia-1b,0.2136860995937111,0.5240498443952196,96,5.0,0.021145556442224857,,1078891008
ds001894,pythia-1b-full,EleutherAI/pythia-1b@step2,2,4194304.0,Phon,ses-11,96,0.004529295289382,0.0022731890745327,0.002989652239834,EleutherAI/pythia-1b,0.2136860995937111,0.5240498443952196,96,5.0,0.021196022099676623,,1078891008
ds001894,pythia-1b-full,EleutherAI/pythia-1b@step4,4,8388608.0,Phon,ses-11,96,0.0048215207199606,0.002311228229439,0.0031726332721472,EleutherAI/pythia-1b,0.2136860995937111,0.5240498443952196,96,5.0,0.02256356744368458,,1078891008
ds001894,pythia-1b-full,EleutherAI/pythia-1b@step8,8,16777216.0,Phon,ses-11,96,0.0142037026571696,0.0036725542951371,0.0094270827320549,EleutherAI/pythia-1b,0.2136860995937111,0.5240498443952196,96,5.0,0.06646994205133418,,1078891008
ds001894,pythia-1b-full,EleutherAI/pythia-1b@step32,32,67108864.0,Phon,ses-11,96,0.0139815978693098,0.0048463870438211,0.0094168850509691,EleutherAI/pythia-1b,0.2136860995937111,0.5240498443952196,96,5.0,0.06543054459739545,,1078891008
ds001894,pythia-1b-full,EleutherAI/pythia-1b@step64,64,134217728.0,Phon,ses-11,96,0.0040699873172761,0.0014179172125501,0.0026021403585735,EleutherAI/pythia-1b,0.2136860995937111,0.5240498443952196,96,5.0,0.019046570296404445,,1078891008
ds001894,pythia-1b-full,EleutherAI/pythia-1b@step256,256,536870912.0,Phon,ses-11,96,0.0032350270515055,4.566706744108667e-06,0.0020655114425678,EleutherAI/pythia-1b,0.2136860995937111,0.5240498443952196,96,5.0,0.015139155320146565,,1078891008
ds001894,pythia-1b-full,EleutherAI/pythia-1b@step1000,1000,2097152000.0,Phon,ses-11,96,0.0056642204626225,-0.0030716453497079,0.0037550555485005,EleutherAI/pythia-1b,0.2136860995937111,0.5240498443952196,96,5.0,0.02650720132658176,,1078891008
ds001894,pythia-1b-full,EleutherAI/pythia-1b@step4000,4000,8388608000.0,Phon,ses-11,96,0.0205634152378487,0.0072157755686718,0.0136369933387977,EleutherAI/pythia-1b,0.2136860995937111,0.5240498443952196,96,5.0,0.09623188067425371,,1078891008
ds001894,pythia-1b-full,EleutherAI/pythia-1b@step8000,8000,16777216000.0,Phon,ses-11,96,0.0315631398722371,0.0165237303763152,0.0210072230367539,EleutherAI/pythia-1b,0.2136860995937111,0.5240498443952196,96,5.0,0.1477079694572984,,1078891008
ds001894,pythia-1b-full,EleutherAI/pythia-1b@step12000,12000,25165824000.0,Phon,ses-11,96,0.0300302660701649,0.0147790226892156,0.0199676367932333,EleutherAI/pythia-1b,0.2136860995937111,0.5240498443952196,96,5.0,0.14053448552462,,1078891008
ds001894,pythia-1b-full,EleutherAI/pythia-1b@step18000,18000,37748736000.0,Phon,ses-11,96,0.0390050526454901,0.0072337856068456,0.0261160688516641,EleutherAI/pythia-1b,0.2136860995937111,0.5240498443952196,96,5.0,0.18253434696806098,,1078891008
ds001894,pythia-1b-full,EleutherAI/pythia-1b@step24000,24000,50331648000.0,Phon,ses-11,96,0.030951433659945,0.0125186233086734,0.0206029715657865,EleutherAI/pythia-1b,0.2136860995937111,0.5240498443952196,96,5.0,0.1448453302240719,,1078891008
ds001894,pythia-1b-full,EleutherAI/pythia-1b@step33000,33000,69206016000.0,Phon,ses-11,96,0.0255857764841858,-0.0004366555499392,0.0170718801830195,EleutherAI/pythia-1b,0.2136860995937111,0.5240498443952196,96,5.0,0.11973533389786672,,1078891008
ds001894,pythia-1b-full,EleutherAI/pythia-1b@step43000,43000,90177536000.0,Phon,ses-11,96,0.0235408410008645,0.0073713722310805,0.015699233827055,EleutherAI/pythia-1b,0.2136860995937111,0.5240498443952196,96,5.0,0.11016552338043292,,1078891008
ds001894,pythia-1b-full,EleutherAI/pythia-1b@step56000,56000,117440512000.0,Phon,ses-11,96,0.0420097675504041,0.0107950030565378,0.0278666066350346,EleutherAI/pythia-1b,0.2136860995937111,0.5240498443952196,96,5.0,0.1965956963521668,,1078891008
ds001894,pythia-1b-full,EleutherAI/pythia-1b@step71000,71000,148897792000.0,Phon,ses-11,96,0.0371695750924928,0.0125651463180655,0.0247618937671003,EleutherAI/pythia-1b,0.2136860995937111,0.5240498443952196,96,5.0,0.17394474962650647,,1078891008
ds001894,pythia-1b-full,EleutherAI/pythia-1b@step90000,90000,188743680000.0,Phon,ses-11,96,0.0167396048937438,0.0031101435614335,0.0111350981093884,EleutherAI/pythia-1b,0.2136860995937111,0.5240498443952196,96,5.0,0.07833735991986095,,1078891008
ds001894,pythia-1b-full,EleutherAI/pythia-1b@step114000,114000,239075328000.0,Phon,ses-11,96,0.0209633384115745,0.0096311810905763,0.0139594709520016,EleutherAI/pythia-1b,0.2136860995937111,0.5240498443952196,96,5.0,0.09810342577936906,,1078891008
ds001894,pythia-1b-full,EleutherAI/pythia-1b@step143000,143000,299892736000.0,Phon,ses-11,96,0.0265450403118868,0.0071344963554273,0.0173947426143775,EleutherAI/pythia-1b,0.2136860995937111,0.5240498443952196,96,5.0,0.1242244599080512,,1078891008
ds001894,pythia-1b-full,EleutherAI/pythia-1b@step0,0,0.0,Phon,ses-11+,96,0.0173273816772069,0.0054786390771476,0.0115312683991179,EleutherAI/pythia-1b,0.1742624769225749,0.5457342923093875,96,4.0,0.09943266033631258,,1078891008
ds001894,pythia-1b-full,EleutherAI/pythia-1b@step1,1,2097152.0,Phon,ses-11+,96,0.0173273816772069,0.0054786390771476,0.0115312683991179,EleutherAI/pythia-1b,0.1742624769225749,0.5457342923093875,96,4.0,0.09943266033631258,,1078891008
ds001894,pythia-1b-full,EleutherAI/pythia-1b@step2,2,4194304.0,Phon,ses-11+,96,0.0173257206144114,0.0054787032776759,0.0115339621261972,EleutherAI/pythia-1b,0.1742624769225749,0.5457342923093875,96,4.0,0.09942312837725384,,1078891008
ds001894,pythia-1b-full,EleutherAI/pythia-1b@step4,4,8388608.0,Phon,ses-11+,96,0.0173953736284041,0.005480123469616,0.0115795630774677,EleutherAI/pythia-1b,0.1742624769225749,0.5457342923093875,96,4.0,0.09982283011008096,,1078891008
ds001894,pythia-1b-full,EleutherAI/pythia-1b@step8,8,16777216.0,Phon,ses-11+,96,0.0189282751464955,0.0055914835928043,0.0125427629173833,EleutherAI/pythia-1b,0.1742624769225749,0.5457342923093875,96,4.0,0.10861933952026497,,1078891008
ds001894,pythia-1b-full,EleutherAI/pythia-1b@step32,32,67108864.0,Phon,ses-11+,96,0.0132180124277668,0.0036464141680446,0.0085866398833231,EleutherAI/pythia-1b,0.1742624769225749,0.5457342923093875,96,4.0,0.07585116808387606,,1078891008
ds001894,pythia-1b-full,EleutherAI/pythia-1b@step64,64,134217728.0,Phon,ses-11+,96,-0.0090076525852726,-0.0114888740626631,-0.0060453007931102,EleutherAI/pythia-1b,0.1742624769225749,0.5457342923093875,96,4.0,-0.05169014434056687,,1078891008
ds001894,pythia-1b-full,EleutherAI/pythia-1b@step256,256,536870912.0,Phon,ses-11+,96,-0.0178132356475359,-0.0054076678241199,-0.0117519616105409,EleutherAI/pythia-1b,0.1742624769225749,0.5457342923093875,96,4.0,-0.10222071878072954,,1078891008
ds001894,pythia-1b-full,EleutherAI/pythia-1b@step1000,1000,2097152000.0,Phon,ses-11+,96,-0.0067640855043394,-0.0085013631831033,-0.0045314261745612,EleutherAI/pythia-1b,0.1742624769225749,0.5457342923093875,96,4.0,-0.03881550190144889,,1078891008
ds001894,pythia-1b-full,EleutherAI/pythia-1b@step4000,4000,8388608000.0,Phon,ses-11+,96,0.0167762476226204,0.0022572246147111,0.0112967217341445,EleutherAI/pythia-1b,0.1742624769225749,0.5457342923093875,96,4.0,0.09626999408526779,,1078891008
ds001894,pythia-1b-full,EleutherAI/pythia-1b@step8000,8000,16777216000.0,Phon,ses-11+,96,0.0138451805086241,0.0003020544004438,0.0091111470274721,EleutherAI/pythia-1b,0.1742624769225749,0.5457342923093875,96,4.0,0.07945015331542392,,1078891008
ds001894,pythia-1b-full,EleutherAI/pythia-1b@step12000,12000,25165824000.0,Phon,ses-11+,96,0.0155864732066926,0.0099434760781372,0.010420875615228,EleutherAI/pythia-1b,0.1742624769225749,0.5457342923093875,96,4.0,0.0894425092650192,,1078891008
ds001894,pythia-1b-full,EleutherAI/pythia-1b@step18000,18000,37748736000.0,Phon,ses-11+,96,0.0225733042578201,0.0026975135804836,0.0152124388620157,EleutherAI/pythia-1b,0.1742624769225749,0.5457342923093875,96,4.0,0.12953622980952725,,1078891008
ds001894,pythia-1b-full,EleutherAI/pythia-1b@step24000,24000,50331648000.0,Phon,ses-11+,96,0.0112278729065663,0.0016721034486821,0.0073119297475977,EleutherAI/pythia-1b,0.1742624769225749,0.5457342923093875,96,4.0,0.06443081209935321,,1078891008
ds001894,pythia-1b-full,EleutherAI/pythia-1b@step33000,33000,69206016000.0,Phon,ses-11+,96,0.0331734359061272,0.0047880191330553,0.0219942816022288,EleutherAI/pythia-1b,0.1742624769225749,0.5457342923093875,96,4.0,0.19036476751599377,,1078891008
ds001894,pythia-1b-full,EleutherAI/pythia-1b@step43000,43000,90177536000.0,Phon,ses-11+,96,0.0051127617889068,-0.0067588457690465,0.0034241119359046,EleutherAI/pythia-1b,0.1742624769225749,0.5457342923093875,96,4.0,0.029339430261733326,,1078891008
ds001894,pythia-1b-full,EleutherAI/pythia-1b@step56000,56000,117440512000.0,Phon,ses-11+,96,0.0204947029232662,-0.0043604660447522,0.0137762975106113,EleutherAI/pythia-1b,0.1742624769225749,0.5457342923093875,96,4.0,0.11760823836087231,,1078891008
ds001894,pythia-1b-full,EleutherAI/pythia-1b@step71000,71000,148897792000.0,Phon,ses-11+,96,0.0264995488325644,0.0038751442204848,0.0176360235970492,EleutherAI/pythia-1b,0.1742624769225749,0.5457342923093875,96,4.0,0.15206686660570187,,1078891008
ds001894,pythia-1b-full,EleutherAI/pythia-1b@step90000,90000,188743680000.0,Phon,ses-11+,96,0.0107924036218018,-0.0012729870733796,0.0072540146153934,EleutherAI/pythia-1b,0.1742624769225749,0.5457342923093875,96,4.0,0.061931884662679744,,1078891008
ds001894,pythia-1b-full,EleutherAI/pythia-1b@step114000,114000,239075328000.0,Phon,ses-11+,96,0.0148348189419152,0.000836290727571,0.0098186352039343,EleutherAI/pythia-1b,0.1742624769225749,0.5457342923093875,96,4.0,0.08512916379873525,,1078891008
ds001894,pythia-1b-full,EleutherAI/pythia-1b@step143000,143000,299892736000.0,Phon,ses-11+,96,0.0201838827014936,-0.000587626567202,0.0134086037642911,EleutherAI/pythia-1b,0.1742624769225749,0.5457342923093875,96,4.0,0.11582460583560586,,1078891008
ds001894,pythia-1b-full,EleutherAI/pythia-1b@step0,0,0.0,Phon,ses-7,96,-0.0019758727319478,-0.0078095074217361,-0.0013965050815237,EleutherAI/pythia-1b,,,96,,,0.0081448036195669,1078891008
ds001894,pythia-1b-full,EleutherAI/pythia-1b@step1,1,2097152.0,Phon,ses-7,96,-0.0019758727319478,-0.0078095074217361,-0.0013965050815237,EleutherAI/pythia-1b,,,96,,,0.0081448036195669,1078891008
ds001894,pythia-1b-full,EleutherAI/pythia-1b@step2,2,4194304.0,Phon,ses-7,96,-0.0019672612761871,-0.0078091547074622,-0.0013918872636735,EleutherAI/pythia-1b,,,96,,,0.0081448036195669,1078891008
ds001894,pythia-1b-full,EleutherAI/pythia-1b@step4,4,8388608.0,Phon,ses-7,96,-0.0018082042307447,-0.0077999385091715,-0.0013066500425224,EleutherAI/pythia-1b,,,96,,,0.0081448036195669,1078891008
ds001894,pythia-1b-full,EleutherAI/pythia-1b@step8,8,16777216.0,Phon,ses-7,96,0.0032934636836025,-0.0074832370626903,0.0020839827139685,EleutherAI/pythia-1b,,,96,,,0.0081448036195669,1078891008
ds001894,pythia-1b-full,EleutherAI/pythia-1b@step32,32,67108864.0,Phon,ses-7,96,-0.0040414805688899,-0.0119487127953365,-0.0028026306169019,EleutherAI/pythia-1b,,,96,,,0.0081448036195669,1078891008
ds001894,pythia-1b-full,EleutherAI/pythia-1b@step64,64,134217728.0,Phon,ses-7,96,-0.0127524960673563,-0.0171491625850969,-0.008495245571705,EleutherAI/pythia-1b,,,96,,,0.0081448036195669,1078891008
ds001894,pythia-1b-full,EleutherAI/pythia-1b@step256,256,536870912.0,Phon,ses-7,96,-0.0122686401815542,-0.0170911078984873,-0.0078916582968718,EleutherAI/pythia-1b,,,96,,,0.0081448036195669,1078891008
ds001894,pythia-1b-full,EleutherAI/pythia-1b@step1000,1000,2097152000.0,Phon,ses-7,96,-0.0028991758473364,-0.003271777883871,-0.0019671904041745,EleutherAI/pythia-1b,,,96,,,0.0081448036195669,1078891008
ds001894,pythia-1b-full,EleutherAI/pythia-1b@step4000,4000,8388608000.0,Phon,ses-7,96,0.0086559698390583,0.0008355884258002,0.0056854958189507,EleutherAI/pythia-1b,,,96,,,0.0081448036195669,1078891008
ds001894,pythia-1b-full,EleutherAI/pythia-1b@step8000,8000,16777216000.0,Phon,ses-7,96,0.0019653794976951,-0.0016948903427197,0.0011267475554426,EleutherAI/pythia-1b,,,96,,,0.0081448036195669,1078891008
ds001894,pythia-1b-full,EleutherAI/pythia-1b@step12000,12000,25165824000.0,Phon,ses-7,96,0.0084720243145878,-0.0008101732369943,0.0056931921820343,EleutherAI/pythia-1b,,,96,,,0.0081448036195669,1078891008
ds001894,pythia-1b-full,EleutherAI/pythia-1b@step18000,18000,37748736000.0,Phon,ses-7,96,0.0069330846275792,-0.0011789849739293,0.0046474488480468,EleutherAI/pythia-1b,,,96,,,0.0081448036195669,1078891008
ds001894,pythia-1b-full,EleutherAI/pythia-1b@step24000,24000,50331648000.0,Phon,ses-7,96,0.0019725108674068,0.0015257489685274,0.0012947206797427,EleutherAI/pythia-1b,,,96,,,0.0081448036195669,1078891008
ds001894,pythia-1b-full,EleutherAI/pythia-1b@step33000,33000,69206016000.0,Phon,ses-7,96,0.0033696055365783,-0.0061762540686444,0.0021386268918622,EleutherAI/pythia-1b,,,96,,,0.0081448036195669,1078891008
ds001894,pythia-1b-full,EleutherAI/pythia-1b@step43000,43000,90177536000.0,Phon,ses-7,96,-0.002561013962442,-0.0035023540012536,-0.0017680470093857,EleutherAI/pythia-1b,,,96,,,0.0081448036195669,1078891008
ds001894,pythia-1b-full,EleutherAI/pythia-1b@step56000,56000,117440512000.0,Phon,ses-7,96,0.0064328076964555,-0.0082730106258883,0.0043480603240938,EleutherAI/pythia-1b,,,96,,,0.0081448036195669,1078891008
ds001894,pythia-1b-full,EleutherAI/pythia-1b@step71000,71000,148897792000.0,Phon,ses-7,96,0.0129862523406463,-0.0034110882234278,0.0084948607535509,EleutherAI/pythia-1b,,,96,,,0.0081448036195669,1078891008
ds001894,pythia-1b-full,EleutherAI/pythia-1b@step90000,90000,188743680000.0,Phon,ses-7,96,0.0001667484306107,-0.0088977618679495,0.000116984718871,EleutherAI/pythia-1b,,,96,,,0.0081448036195669,1078891008
ds001894,pythia-1b-full,EleutherAI/pythia-1b@step114000,114000,239075328000.0,Phon,ses-7,96,0.0016687111512689,-0.0060869394846292,0.0011542620534666,EleutherAI/pythia-1b,,,96,,,0.0081448036195669,1078891008
ds001894,pythia-1b-full,EleutherAI/pythia-1b@step143000,143000,299892736000.0,Phon,ses-7,96,0.0035110330423268,-0.0072340851529361,0.0024707249589206,EleutherAI/pythia-1b,,,96,,,0.0081448036195669,1078891008
ds001894,pythia-1b-full,EleutherAI/pythia-1b@step0,0,0.0,Phon,ses-9,96,0.0102447897547702,0.0012006966305307,0.0066765949750445,EleutherAI/pythia-1b,0.1650755388561307,0.607179038133363,96,3.0,0.062061222551567166,0.008728626502912,1078891008
ds001894,pythia-1b-full,EleutherAI/pythia-1b@step1,1,2097152.0,Phon,ses-9,96,0.0102447897547702,0.0012006966305307,0.0066765949750445,EleutherAI/pythia-1b,0.1650755388561307,0.607179038133363,96,3.0,0.062061222551567166,0.008728626502912,1078891008
ds001894,pythia-1b-full,EleutherAI/pythia-1b@step2,2,4194304.0,Phon,ses-9,96,0.0102720926913993,0.0012033066584598,0.0067016081550663,EleutherAI/pythia-1b,0.1650755388561307,0.607179038133363,96,3.0,0.06222661917433934,0.008728626502912,1078891008
ds001894,pythia-1b-full,EleutherAI/pythia-1b@step4,4,8388608.0,Phon,ses-9,96,0.0103683700425005,0.0012543651126528,0.0067706830137418,EleutherAI/pythia-1b,0.1650755388561307,0.607179038133363,96,3.0,0.06280985126171183,0.008728626502912,1078891008
ds001894,pythia-1b-full,EleutherAI/pythia-1b@step8,8,16777216.0,Phon,ses-9,96,0.0136018169012391,0.0028648178621747,0.008994162308601,EleutherAI/pythia-1b,0.1650755388561307,0.607179038133363,96,3.0,0.08239753143010228,0.008728626502912,1078891008
ds001894,pythia-1b-full,EleutherAI/pythia-1b@step32,32,67108864.0,Phon,ses-9,96,0.0011577624137322,-0.0026073329577998,0.0008412124850401,EleutherAI/pythia-1b,0.1650755388561307,0.607179038133363,96,3.0,0.0070135310280055,0.008728626502912,1078891008
ds001894,pythia-1b-full,EleutherAI/pythia-1b@step64,64,134217728.0,Phon,ses-9,96,0.0010750699618767,-0.0068557967676535,0.0006207116826943,EleutherAI/pythia-1b,0.1650755388561307,0.607179038133363,96,3.0,0.006512593987735895,0.008728626502912,1078891008
ds001894,pythia-1b-full,EleutherAI/pythia-1b@step256,256,536870912.0,Phon,ses-9,96,-0.0179988610918196,-0.0090102930423899,-0.0119037723723654,EleutherAI/pythia-1b,0.1650755388561307,0.607179038133363,96,3.0,-0.1090340895843221,0.008728626502912,1078891008
ds001894,pythia-1b-full,EleutherAI/pythia-1b@step1000,1000,2097152000.0,Phon,ses-9,96,0.0062495336843045,-0.004285733610144,0.0041325621577523,EleutherAI/pythia-1b,0.1650755388561307,0.607179038133363,96,3.0,0.03785862961653692,0.008728626502912,1078891008
ds001894,pythia-1b-full,EleutherAI/pythia-1b@step4000,4000,8388608000.0,Phon,ses-9,96,0.0153914398824065,0.0072897260642117,0.0103017743965089,EleutherAI/pythia-1b,0.1650755388561307,0.607179038133363,96,3.0,0.09323876807587281,0.008728626502912,1078891008
ds001894,pythia-1b-full,EleutherAI/pythia-1b@step8000,8000,16777216000.0,Phon,ses-9,96,0.0159657455415157,0.0084367586567342,0.0106933268683883,EleutherAI/pythia-1b,0.1650755388561307,0.607179038133363,96,3.0,0.09671781568697725,0.008728626502912,1078891008
ds001894,pythia-1b-full,EleutherAI/pythia-1b@step12000,12000,25165824000.0,Phon,ses-9,96,0.0091348306401002,0.0086326612065605,0.0060329866121764,EleutherAI/pythia-1b,0.1650755388561307,0.607179038133363,96,3.0,0.0553372759125841,0.008728626502912,1078891008
ds001894,pythia-1b-full,EleutherAI/pythia-1b@step18000,18000,37748736000.0,Phon,ses-9,96,-0.0013307741584574,-0.0037045565455803,-0.0009828255657788,EleutherAI/pythia-1b,0.1650755388561307,0.607179038133363,96,3.0,-0.008061607235565154,0.008728626502912,1078891008
ds001894,pythia-1b-full,EleutherAI/pythia-1b@step24000,24000,50331648000.0,Phon,ses-9,96,-0.0079956670673913,-0.0034369013946998,-0.0052079364896118,EleutherAI/pythia-1b,0.1650755388561307,0.607179038133363,96,3.0,-0.04843641355222117,0.008728626502912,1078891008
ds001894,pythia-1b-full,EleutherAI/pythia-1b@step33000,33000,69206016000.0,Phon,ses-9,96,0.0068500514838345,0.0015243276878949,0.0044113629104566,EleutherAI/pythia-1b,0.1650755388561307,0.607179038133363,96,3.0,0.0414964659894557,0.008728626502912,1078891008
ds001894,pythia-1b-full,EleutherAI/pythia-1b@step43000,43000,90177536000.0,Phon,ses-9,96,-0.005611448023019,0.0017367663069695,-0.0038137403170131,EleutherAI/pythia-1b,0.1650755388561307,0.607179038133363,96,3.0,-0.033993213421581375,0.008728626502912,1078891008
ds001894,pythia-1b-full,EleutherAI/pythia-1b@step56000,56000,117440512000.0,Phon,ses-9,96,0.0094269120486246,0.0146471272220685,0.0061924937370845,EleutherAI/pythia-1b,0.1650755388561307,0.607179038133363,96,3.0,0.057106656225066124,0.008728626502912,1078891008
ds001894,pythia-1b-full,EleutherAI/pythia-1b@step71000,71000,148897792000.0,Phon,ses-9,96,0.0159509668285291,0.0163392200292623,0.010658693234512,EleutherAI/pythia-1b,0.1650755388561307,0.607179038133363,96,3.0,0.09662828871593716,0.008728626502912,1078891008
ds001894,pythia-1b-full,EleutherAI/pythia-1b@step90000,90000,188743680000.0,Phon,ses-9,96,0.0037839404075111,0.0085375643852154,0.0024462890061301,EleutherAI/pythia-1b,0.1650755388561307,0.607179038133363,96,3.0,0.02292247799844495,0.008728626502912,1078891008
ds001894,pythia-1b-full,EleutherAI/pythia-1b@step114000,114000,239075328000.0,Phon,ses-9,96,0.0008554797383357,0.0101088223622279,0.0005704929135736,EleutherAI/pythia-1b,0.1650755388561307,0.607179038133363,96,3.0,0.005182353147314464,0.008728626502912,1078891008
ds001894,pythia-1b-full,EleutherAI/pythia-1b@step143000,143000,299892736000.0,Phon,ses-9,96,0.0007330893410743,0.0058704786997624,0.0004492751950065,EleutherAI/pythia-1b,0.1650755388561307,0.607179038133363,96,3.0,0.004440932594581526,0.008728626502912,1078891008
ds001894,pythia-410m-full,EleutherAI/pythia-410m@step0,0,0.0,Orth,ses-11,96,-0.0035260913200917,0.0013803264701635,-0.0024666843683017,EleutherAI/pythia-410m,0.2136860995937111,0.5240498443952196,96,5.0,-0.016501266702869215,,505997504
ds001894,pythia-410m-full,EleutherAI/pythia-410m@step1,1,2097152.0,Orth,ses-11,96,-0.0035260913200917,0.0013803264701635,-0.0024666843683017,EleutherAI/pythia-410m,0.2136860995937111,0.5240498443952196,96,5.0,-0.016501266702869215,,505997504
ds001894,pythia-410m-full,EleutherAI/pythia-410m@step2,2,4194304.0,Orth,ses-11,96,-0.0035047512508663,0.0014014236955064,-0.0024537929601366,EleutherAI/pythia-410m,0.2136860995937111,0.5240498443952196,96,5.0,-0.016401400266699645,,505997504
ds001894,pythia-410m-full,EleutherAI/pythia-410m@step4,4,8388608.0,Orth,ses-11,96,-0.0023492630693958,0.0023063469715026,-0.0016068082027837,EleutherAI/pythia-410m,0.2136860995937111,0.5240498443952196,96,5.0,-0.010993991063819953,,505997504
ds001894,pythia-410m-full,EleutherAI/pythia-410m@step8,8,16777216.0,Orth,ses-11,96,0.0010020118007925,0.0053701616701015,0.0007119135852352,EleutherAI/pythia-410m,0.2136860995937111,0.5240498443952196,96,5.0,0.004689176332469264,,505997504
ds001894,pythia-410m-full,EleutherAI/pythia-410m@step32,32,67108864.0,Orth,ses-11,96,-0.0029990000895543,0.0039150411208018,-0.002129776074316,EleutherAI/pythia-410m,0.2136860995937111,0.5240498443952196,96,5.0,-0.014034605410723508,,505997504
ds001894,pythia-410m-full,EleutherAI/pythia-410m@step64,64,134217728.0,Orth,ses-11,96,0.010662876033199,0.0084750480231938,0.0071728179848612,EleutherAI/pythia-410m,0.2136860995937111,0.5240498443952196,96,5.0,0.04989971763943795,,505997504
ds001894,pythia-410m-full,EleutherAI/pythia-410m@step256,256,536870912.0,Orth,ses-11,96,-0.0017737276543107,-0.0029961790439053,-0.0011633052800898,EleutherAI/pythia-410m,0.2136860995937111,0.5240498443952196,96,5.0,-0.008300622537840087,,505997504
ds001894,pythia-410m-full,EleutherAI/pythia-410m@step1000,1000,2097152000.0,Orth,ses-11,96,-0.0136443349199611,-0.0065446467466374,-0.0091956146123149,EleutherAI/pythia-410m,0.2136860995937111,0.5240498443952196,96,5.0,-0.06385223440319025,,505997504
ds001894,pythia-410m-full,EleutherAI/pythia-410m@step4000,4000,8388608000.0,Orth,ses-11,96,0.0130792466723204,0.0079333994222914,0.0088331159110762,EleutherAI/pythia-410m,0.2136860995937111,0.5240498443952196,96,5.0,0.061207756130082544,,505997504
ds001894,pythia-410m-full,EleutherAI/pythia-410m@step8000,8000,16777216000.0,Orth,ses-11,96,0.007651584332072,0.0129213349007226,0.0051169269961479,EleutherAI/pythia-410m,0.2136860995937111,0.5240498443952196,96,5.0,0.03580759041706609,,505997504
ds001894,pythia-410m-full,EleutherAI/pythia-410m@step12000,12000,25165824000.0,Orth,ses-11,96,0.012717627543381,0.0073556170443831,0.0085200663426497,EleutherAI/pythia-410m,0.2136860995937111,0.5240498443952196,96,5.0,0.05951546482228593,,505997504
ds001894,pythia-410m-full,EleutherAI/pythia-410m@step18000,18000,37748736000.0,Orth,ses-11,96,0.0188621507993878,0.0075778690308078,0.0125673912792509,EleutherAI/pythia-410m,0.2136860995937111,0.5240498443952196,96,5.0,0.08827036871022996,,505997504
ds001894,pythia-410m-full,EleutherAI/pythia-410m@step24000,24000,50331648000.0,Orth,ses-11,96,0.0255093749359067,0.0088245079382015,0.0168623466980678,EleutherAI/pythia-410m,0.2136860995937111,0.5240498443952196,96,5.0,0.11937779286724112,,505997504
ds001894,pythia-410m-full,EleutherAI/pythia-410m@step33000,33000,69206016000.0,Orth,ses-11,96,0.0406837352358189,0.01370018229138,0.0271233303702335,EleutherAI/pythia-410m,0.2136860995937111,0.5240498443952196,96,5.0,0.19039018126669127,,505997504
ds001894,pythia-410m-full,EleutherAI/pythia-410m@step43000,43000,90177536000.0,Orth,ses-11,96,0.0130017873592531,-0.0027757796443375,0.0086878470578728,EleutherAI/pythia-410m,0.2136860995937111,0.5240498443952196,96,5.0,0.06084526501243579,,505997504
ds001894,pythia-410m-full,EleutherAI/pythia-410m@step56000,56000,117440512000.0,Orth,ses-11,96,0.0102218383597152,0.0047140991056212,0.0067745311952836,EleutherAI/pythia-410m,0.2136860995937111,0.5240498443952196,96,5.0,0.04783576647779309,,505997504
ds001894,pythia-410m-full,EleutherAI/pythia-410m@step71000,71000,148897792000.0,Orth,ses-11,96,0.0170502856495202,0.0032451747892282,0.011380612091756,EleutherAI/pythia-410m,0.2136860995937111,0.5240498443952196,96,5.0,0.07979127178575728,,505997504
ds001894,pythia-410m-full,EleutherAI/pythia-410m@step90000,90000,188743680000.0,Orth,ses-11,96,0.0049241066926413,-0.0011591652961502,0.0033136691256546,EleutherAI/pythia-410m,0.2136860995937111,0.5240498443952196,96,5.0,0.023043645337734543,,505997504
ds001894,pythia-410m-full,EleutherAI/pythia-410m@step114000,114000,239075328000.0,Orth,ses-11,96,-0.0044492200397065,-0.0020463619318278,-0.0031399237290418,EleutherAI/pythia-410m,0.2136860995937111,0.5240498443952196,96,5.0,-0.020821289022383574,,505997504
ds001894,pythia-410m-full,EleutherAI/pythia-410m@step143000,143000,299892736000.0,Orth,ses-11,96,-0.0011367656940965,-0.0003607340168098,-0.0007811808529879,EleutherAI/pythia-410m,0.2136860995937111,0.5240498443952196,96,5.0,-0.005319792425702339,,505997504
ds001894,pythia-410m-full,EleutherAI/pythia-410m@step0,0,0.0,Orth,ses-11+,96,0.0041530950031912,0.0003412734816102,0.0027431762120809,EleutherAI/pythia-410m,0.1742624769225749,0.5457342923093875,96,4.0,0.023832411179581858,,505997504
ds001894,pythia-410m-full,EleutherAI/pythia-410m@step1,1,2097152.0,Orth,ses-11+,96,0.0041530950031912,0.0003412734816102,0.0027431762120809,EleutherAI/pythia-410m,0.1742624769225749,0.5457342923093875,96,4.0,0.023832411179581858,,505997504
ds001894,pythia-410m-full,EleutherAI/pythia-410m@step2,2,4194304.0,Orth,ses-11+,96,0.0041538258708213,0.0003474997215661,0.0027318240765326,EleutherAI/pythia-410m,0.1742624769225749,0.5457342923093875,96,4.0,0.023836605241568165,,505997504
ds001894,pythia-410m-full,EleutherAI/pythia-410m@step4,4,8388608.0,Orth,ses-11+,96,0.0035984702488694,0.0006571388940514,0.0023050607435456,EleutherAI/pythia-410m,0.1742624769225749,0.5457342923093875,96,4.0,0.02064971365274583,,505997504
ds001894,pythia-410m-full,EleutherAI/pythia-410m@step8,8,16777216.0,Orth,ses-11+,96,0.0037240497601411,0.0019520352061938,0.0024499447785948,EleutherAI/pythia-410m,0.1742624769225749,0.5457342923093875,96,4.0,0.02137034791371467,,505997504
ds001894,pythia-410m-full,EleutherAI/pythia-410m@step32,32,67108864.0,Orth,ses-11+,96,-0.0041655345600902,0.0011878432088021,-0.0028368794326241,EleutherAI/pythia-410m,0.1742624769225749,0.5457342923093875,96,4.0,-0.023903795203949463,,505997504
ds001894,pythia-410m-full,EleutherAI/pythia-410m@step64,64,134217728.0,Orth,ses-11+,96,0.001014118892018,0.003333516302366,0.0006742014061255,EleutherAI/pythia-410m,0.1742624769225749,0.5457342923093875,96,4.0,0.005819490861871398,,505997504
ds001894,pythia-410m-full,EleutherAI/pythia-410m@step256,256,536870912.0,Orth,ses-11+,96,-0.007066191505933,-0.0131008244083631,-0.0046141620777101,EleutherAI/pythia-410m,0.1742624769225749,0.5457342923093875,96,4.0,-0.04054912813544203,,505997504
ds001894,pythia-410m-full,EleutherAI/pythia-410m@step1000,1000,2097152000.0,Orth,ses-11+,96,-0.0042448176884677,-0.0067623109629022,-0.0028628546580313,EleutherAI/pythia-410m,0.1742624769225749,0.5457342923093875,96,4.0,-0.02435875905949437,,505997504
ds001894,pythia-410m-full,EleutherAI/pythia-410m@step4000,4000,8388608000.0,Orth,ses-11+,96,0.0101390008733482,-0.0017880814280188,0.0068164763740894,EleutherAI/pythia-410m,0.1742624769225749,0.5457342923093875,96,4.0,0.058182352577560194,,505997504
ds001894,pythia-410m-full,EleutherAI/pythia-410m@step8000,8000,16777216000.0,Orth,ses-11+,96,0.0094634499881682,0.0005882559289785,0.0062400187791259,EleutherAI/pythia-410m,0.1742624769225749,0.5457342923093875,96,4.0,0.05430572407376504,,505997504
ds001894,pythia-410m-full,EleutherAI/pythia-410m@step12000,12000,25165824000.0,Orth,ses-11+,96,0.0111136255769965,0.0003090969182224,0.0074512339194113,EleutherAI/pythia-410m,0.1742624769225749,0.5457342923093875,96,4.0,0.06377520722337891,,505997504
ds001894,pythia-410m-full,EleutherAI/pythia-410m@step18000,18000,37748736000.0,Orth,ses-11+,96,0.0018106123604875,-0.0046073538703512,0.0010653690598507,EleutherAI/pythia-410m,0.1742624769225749,0.5457342923093875,96,4.0,0.01039014475440951,,505997504
ds001894,pythia-410m-full,EleutherAI/pythia-410m@step24000,24000,50331648000.0,Orth,ses-11+,96,0.0061228189552594,-0.0025964623476314,0.0041920165625733,EleutherAI/pythia-410m,0.1742624769225749,0.5457342923093875,96,4.0,0.0351356130326311,,505997504
ds001894,pythia-410m-full,EleutherAI/pythia-410m@step33000,33000,69206016000.0,Orth,ses-11+,96,0.0151921124734992,0.0026184302637415,0.0101303379088211,EleutherAI/pythia-410m,0.1742624769225749,0.5457342923093875,96,4.0,0.08717948201923631,,505997504
ds001894,pythia-410m-full,EleutherAI/pythia-410m@step43000,43000,90177536000.0,Orth,ses-11+,96,0.0005580458476162,-0.0070271865266524,0.0002863047067108,EleutherAI/pythia-410m,0.1742624769225749,0.5457342923093875,96,4.0,0.0032023293681527356,,505997504
ds001894,pythia-410m-full,EleutherAI/pythia-410m@step56000,56000,117440512000.0,Orth,ses-11+,96,0.0123572179212711,2.857834594251901e-05,0.0083074543124646,EleutherAI/pythia-410m,0.1742624769225749,0.5457342923093875,96,4.0,0.0709115246121598,,505997504
ds001894,pythia-410m-full,EleutherAI/pythia-410m@step71000,71000,148897792000.0,Orth,ses-11+,96,0.0140727125739639,0.0051180193817632,0.0093766715538572,EleutherAI/pythia-410m,0.1742624769225749,0.5457342923093875,96,4.0,0.0807558392517078,,505997504
ds001894,pythia-410m-full,EleutherAI/pythia-410m@step90000,90000,188743680000.0,Orth,ses-11+,96,-0.0108585296141526,-0.0146047669899565,-0.0071901348017994,EleutherAI/pythia-410m,0.1742624769225749,0.5457342923093875,96,4.0,-0.06231134668754343,,505997504
ds001894,pythia-410m-full,EleutherAI/pythia-410m@step114000,114000,239075328000.0,Orth,ses-11+,96,-0.0080637346997734,-0.0084932045057448,-0.0055129048768004,EleutherAI/pythia-410m,0.1742624769225749,0.5457342923093875,96,4.0,-0.046273499850206595,,505997504
ds001894,pythia-410m-full,EleutherAI/pythia-410m@step143000,143000,299892736000.0,Orth,ses-11+,96,0.0060972060630166,-0.0023041979930249,0.0040900397517153,EleutherAI/pythia-410m,0.1742624769225749,0.5457342923093875,96,4.0,0.03498863421828669,,505997504
ds001894,pythia-410m-full,EleutherAI/pythia-410m@step0,0,0.0,Orth,ses-7,96,0.0102043984026551,0.0069596911516961,0.0067504800606473,EleutherAI/pythia-410m,,,96,,,,505997504
ds001894,pythia-410m-full,EleutherAI/pythia-410m@step1,1,2097152.0,Orth,ses-7,96,0.0102043984026551,0.0069596911516961,0.0067504800606473,EleutherAI/pythia-410m,,,96,,,,505997504
ds001894,pythia-410m-full,EleutherAI/pythia-410m@step2,2,4194304.0,Orth,ses-7,96,0.0101931170969337,0.0069731574908497,0.0067595232872706,EleutherAI/pythia-410m,,,96,,,,505997504
ds001894,pythia-410m-full,EleutherAI/pythia-410m@step4,4,8388608.0,Orth,ses-7,96,0.0104508539281474,0.0076140834957601,0.0069161442760223,EleutherAI/pythia-410m,,,96,,,,505997504
ds001894,pythia-410m-full,EleutherAI/pythia-410m@step8,8,16777216.0,Orth,ses-7,96,0.0101807289222439,0.0098868362355581,0.0068155143287039,EleutherAI/pythia-410m,,,96,,,,505997504
ds001894,pythia-410m-full,EleutherAI/pythia-410m@step32,32,67108864.0,Orth,ses-7,96,0.018000570246338,0.0120571849697587,0.0120588540885004,EleutherAI/pythia-410m,,,96,,,,505997504
ds001894,pythia-410m-full,EleutherAI/pythia-410m@step64,64,134217728.0,Orth,ses-7,96,0.0162103775048121,0.0098851749985846,0.0105903880121448,EleutherAI/pythia-410m,,,96,,,,505997504
ds001894,pythia-410m-full,EleutherAI/pythia-410m@step256,256,536870912.0,Orth,ses-7,96,-0.0036565027839374,-0.0117132444897355,-0.0024201213716458,EleutherAI/pythia-410m,,,96,,,,505997504
ds001894,pythia-410m-full,EleutherAI/pythia-410m@step1000,1000,2097152000.0,Orth,ses-7,96,-0.0010980293300331,0.0029487713516165,-0.0006580390436499,EleutherAI/pythia-410m,,,96,,,,505997504
ds001894,pythia-410m-full,EleutherAI/pythia-410m@step4000,4000,8388608000.0,Orth,ses-7,96,-0.0030758052286338,-0.0088719393531698,-0.0020572378522529,EleutherAI/pythia-410m,,,96,,,,505997504
ds001894,pythia-410m-full,EleutherAI/pythia-410m@step8000,8000,16777216000.0,Orth,ses-7,96,0.0054773723495642,-0.0020450371631742,0.0036646232822679,EleutherAI/pythia-410m,,,96,,,,505997504
ds001894,pythia-410m-full,EleutherAI/pythia-410m@step12000,12000,25165824000.0,Orth,ses-7,96,0.0145640793744165,0.0005671445124876,0.0097268560741621,EleutherAI/pythia-410m,,,96,,,,505997504
ds001894,pythia-410m-full,EleutherAI/pythia-410m@step18000,18000,37748736000.0,Orth,ses-7,96,0.0043217482456981,-0.0040698549017283,0.0028753612480422,EleutherAI/pythia-410m,,,96,,,,505997504
ds001894,pythia-410m-full,EleutherAI/pythia-410m@step24000,24000,50331648000.0,Orth,ses-7,96,-0.0068116987145393,-0.0056807765338599,-0.0045812601255276,EleutherAI/pythia-410m,,,96,,,,505997504
ds001894,pythia-410m-full,EleutherAI/pythia-410m@step33000,33000,69206016000.0,Orth,ses-7,96,-0.0042543652875807,-0.0088005993479273,-0.0027477940299311,EleutherAI/pythia-410m,,,96,,,,505997504
ds001894,pythia-410m-full,EleutherAI/pythia-410m@step43000,43000,90177536000.0,Orth,ses-7,96,0.0061419504753918,-0.0061003712909617,0.0042705194660263,EleutherAI/pythia-410m,,,96,,,,505997504
ds001894,pythia-410m-full,EleutherAI/pythia-410m@step56000,56000,117440512000.0,Orth,ses-7,96,-0.0059652738882718,-0.007745468846513,-0.003698679688913,EleutherAI/pythia-410m,,,96,,,,505997504
ds001894,pythia-410m-full,EleutherAI/pythia-410m@step71000,71000,148897792000.0,Orth,ses-7,96,0.0049373802612601,-0.0006358087681359,0.0032594097659151,EleutherAI/pythia-410m,,,96,,,,505997504
ds001894,pythia-410m-full,EleutherAI/pythia-410m@step90000,90000,188743680000.0,Orth,ses-7,96,-0.0049592306089762,-0.0040157590394082,-0.0033063575807252,EleutherAI/pythia-410m,,,96,,,,505997504
ds001894,pythia-410m-full,EleutherAI/pythia-410m@step114000,114000,239075328000.0,Orth,ses-7,96,-0.0013066770413843,-0.0061033663040669,-0.0008598761655179,EleutherAI/pythia-410m,,,96,,,,505997504
ds001894,pythia-410m-full,EleutherAI/pythia-410m@step143000,143000,299892736000.0,Orth,ses-7,96,-0.0020762868571135,-0.0067743217167193,-0.0012837533623486,EleutherAI/pythia-410m,,,96,,,,505997504
ds001894,pythia-410m-full,EleutherAI/pythia-410m@step0,0,0.0,Orth,ses-9,96,-0.0129810235048016,-0.0008236772980543,-0.0088846815437365,EleutherAI/pythia-410m,0.1650755388561307,0.607179038133363,96,3.0,-0.0786368688828878,,505997504
ds001894,pythia-410m-full,EleutherAI/pythia-410m@step1,1,2097152.0,Orth,ses-9,96,-0.0129810235048016,-0.0008236772980543,-0.0088846815437365,EleutherAI/pythia-410m,0.1650755388561307,0.607179038133363,96,3.0,-0.0786368688828878,,505997504
ds001894,pythia-410m-full,EleutherAI/pythia-410m@step2,2,4194304.0,Orth,ses-9,96,-0.0129557459890471,-0.000820122802513,-0.008879486498655,EleutherAI/pythia-410m,0.1650755388561307,0.607179038133363,96,3.0,-0.07848374192095477,,505997504
ds001894,pythia-410m-full,EleutherAI/pythia-410m@step4,4,8388608.0,Orth,ses-9,96,-0.0122946164194188,-0.000613271370101,-0.0084404089847342,EleutherAI/pythia-410m,0.1650755388561307,0.607179038133363,96,3.0,-0.0744787295841209,,505997504
ds001894,pythia-410m-full,EleutherAI/pythia-410m@step8,8,16777216.0,Orth,ses-9,96,-0.0120976653744057,0.0003478581419114,-0.008246653044104,EleutherAI/pythia-410m,0.1650755388561307,0.607179038133363,96,3.0,-0.07328563310006368,,505997504
ds001894,pythia-410m-full,EleutherAI/pythia-410m@step32,32,67108864.0,Orth,ses-9,96,0.0057321363529633,0.0243306384122598,0.0038206670437884,EleutherAI/pythia-410m,0.1650755388561307,0.607179038133363,96,3.0,0.03472432313523486,,505997504
ds001894,pythia-410m-full,EleutherAI/pythia-410m@step64,64,134217728.0,Orth,ses-9,96,0.0033357345361805,0.007613353417338,0.0022190538860861,EleutherAI/pythia-410m,0.1650755388561307,0.607179038133363,96,3.0,0.020207321807307343,,505997504
ds001894,pythia-410m-full,EleutherAI/pythia-410m@step256,256,536870912.0,Orth,ses-9,96,-0.0190762593258677,-0.0151902777849118,-0.0126555146365584,EleutherAI/pythia-410m,0.1650755388561307,0.607179038133363,96,3.0,-0.11556078785539116,,505997504
ds001894,pythia-410m-full,EleutherAI/pythia-410m@step1000,1000,2097152000.0,Orth,ses-9,96,-0.0087890168558729,0.0014130817966568,-0.005739177951459,EleutherAI/pythia-410m,0.1650755388561307,0.607179038133363,96,3.0,-0.05324239385662613,,505997504
ds001894,pythia-410m-full,EleutherAI/pythia-410m@step4000,4000,8388608000.0,Orth,ses-9,96,-0.0017794457601566,0.0071422323488187,-0.0012164101853669,EleutherAI/pythia-410m,0.1650755388561307,0.607179038133363,96,3.0,-0.0107795847433668,,505997504
ds001894,pythia-410m-full,EleutherAI/pythia-410m@step8000,8000,16777216000.0,Orth,ses-9,96,-0.0025561993481997,0.0017443232272612,-0.0017116711497981,EleutherAI/pythia-410m,0.1650755388561307,0.607179038133363,96,3.0,-0.015485028041783467,,505997504
ds001894,pythia-410m-full,EleutherAI/pythia-410m@step12000,12000,25165824000.0,Orth,ses-9,96,-0.0038163372700466,-0.0048499652077669,-0.0025419163174441,EleutherAI/pythia-410m,0.1650755388561307,0.607179038133363,96,3.0,-0.023118732772229058,,505997504
ds001894,pythia-410m-full,EleutherAI/pythia-410m@step18000,18000,37748736000.0,Orth,ses-9,96,-0.0119151750042227,-0.0071091205459625,-0.0080223040602163,EleutherAI/pythia-410m,0.1650755388561307,0.607179038133363,96,3.0,-0.07218013696509697,,505997504
ds001894,pythia-410m-full,EleutherAI/pythia-410m@step24000,24000,50331648000.0,Orth,ses-9,96,-0.0135910923204881,-0.0062496175612343,-0.0091505908882757,EleutherAI/pythia-410m,0.1650755388561307,0.607179038133363,96,3.0,-0.08233256371395661,,505997504
ds001894,pythia-410m-full,EleutherAI/pythia-410m@step33000,33000,69206016000.0,Orth,ses-9,96,0.0030755408507153,0.0074662252951897,0.0020974513493648,EleutherAI/pythia-410m,0.1650755388561307,0.607179038133363,96,3.0,0.01863111198683256,,505997504
ds001894,pythia-410m-full,EleutherAI/pythia-410m@step43000,43000,90177536000.0,Orth,ses-9,96,-0.0026660715965625,-0.001300718964013,-0.0016741513797654,EleutherAI/pythia-410m,0.1650755388561307,0.607179038133363,96,3.0,-0.016150615742566668,,505997504
ds001894,pythia-410m-full,EleutherAI/pythia-410m@step56000,56000,117440512000.0,Orth,ses-9,96,-0.0017687048535313,0.0013390714895471,-0.001208136595052,EleutherAI/pythia-410m,0.1650755388561307,0.607179038133363,96,3.0,-0.010714518127805661,,505997504
ds001894,pythia-410m-full,EleutherAI/pythia-410m@step71000,71000,148897792000.0,Orth,ses-9,96,0.007280223465328,0.0056058418133829,0.0049364472818369,EleutherAI/pythia-410m,0.1650755388561307,0.607179038133363,96,3.0,0.0441023758927298,,505997504
ds001894,pythia-410m-full,EleutherAI/pythia-410m@step90000,90000,188743680000.0,Orth,ses-9,96,-0.0098568104135265,-0.0066590423263195,-0.0066569692491812,EleutherAI/pythia-410m,0.1650755388561307,0.607179038133363,96,3.0,-0.059710908604799814,,505997504
ds001894,pythia-410m-full,EleutherAI/pythia-410m@step114000,114000,239075328000.0,Orth,ses-9,96,-0.0238146031331438,-0.0054121714909868,-0.0159193498112466,EleutherAI/pythia-410m,0.1650755388561307,0.607179038133363,96,3.0,-0.14426488199380705,,505997504
ds001894,pythia-410m-full,EleutherAI/pythia-410m@step143000,143000,299892736000.0,Orth,ses-9,96,-0.0124008316719309,0.0004543183001711,-0.0083001427675352,EleutherAI/pythia-410m,0.1650755388561307,0.607179038133363,96,3.0,-0.07512216381579512,,505997504
ds001894,pythia-410m-full,EleutherAI/pythia-410m@step0,0,0.0,Phon,ses-11,96,-0.0035260913200917,0.0013803264701635,-0.0024666843683017,EleutherAI/pythia-410m,0.2136860995937111,0.5240498443952196,96,5.0,-0.016501266702869215,,505997504
ds001894,pythia-410m-full,EleutherAI/pythia-410m@step1,1,2097152.0,Phon,ses-11,96,-0.0035260913200917,0.0013803264701635,-0.0024666843683017,EleutherAI/pythia-410m,0.2136860995937111,0.5240498443952196,96,5.0,-0.016501266702869215,,505997504
ds001894,pythia-410m-full,EleutherAI/pythia-410m@step2,2,4194304.0,Phon,ses-11,96,-0.0035047512508663,0.0014014236955064,-0.0024537929601366,EleutherAI/pythia-410m,0.2136860995937111,0.5240498443952196,96,5.0,-0.016401400266699645,,505997504
ds001894,pythia-410m-full,EleutherAI/pythia-410m@step4,4,8388608.0,Phon,ses-11,96,-0.0023492630693958,0.0023063469715026,-0.0016068082027837,EleutherAI/pythia-410m,0.2136860995937111,0.5240498443952196,96,5.0,-0.010993991063819953,,505997504
ds001894,pythia-410m-full,EleutherAI/pythia-410m@step8,8,16777216.0,Phon,ses-11,96,0.0010020118007925,0.0053701616701015,0.0007119135852352,EleutherAI/pythia-410m,0.2136860995937111,0.5240498443952196,96,5.0,0.004689176332469264,,505997504
ds001894,pythia-410m-full,EleutherAI/pythia-410m@step32,32,67108864.0,Phon,ses-11,96,-0.0029990000895543,0.0039150411208018,-0.002129776074316,EleutherAI/pythia-410m,0.2136860995937111,0.5240498443952196,96,5.0,-0.014034605410723508,,505997504
ds001894,pythia-410m-full,EleutherAI/pythia-410m@step64,64,134217728.0,Phon,ses-11,96,0.010662876033199,0.0084750480231938,0.0071728179848612,EleutherAI/pythia-410m,0.2136860995937111,0.5240498443952196,96,5.0,0.04989971763943795,,505997504
ds001894,pythia-410m-full,EleutherAI/pythia-410m@step256,256,536870912.0,Phon,ses-11,96,-0.0017737276543107,-0.0029961790439053,-0.0011633052800898,EleutherAI/pythia-410m,0.2136860995937111,0.5240498443952196,96,5.0,-0.008300622537840087,,505997504
ds001894,pythia-410m-full,EleutherAI/pythia-410m@step1000,1000,2097152000.0,Phon,ses-11,96,-0.0136443349199611,-0.0065446467466374,-0.0091956146123149,EleutherAI/pythia-410m,0.2136860995937111,0.5240498443952196,96,5.0,-0.06385223440319025,,505997504
ds001894,pythia-410m-full,EleutherAI/pythia-410m@step4000,4000,8388608000.0,Phon,ses-11,96,0.0130792466723204,0.0079333994222914,0.0088331159110762,EleutherAI/pythia-410m,0.2136860995937111,0.5240498443952196,96,5.0,0.061207756130082544,,505997504
ds001894,pythia-410m-full,EleutherAI/pythia-410m@step8000,8000,16777216000.0,Phon,ses-11,96,0.007651584332072,0.0129213349007226,0.0051169269961479,EleutherAI/pythia-410m,0.2136860995937111,0.5240498443952196,96,5.0,0.03580759041706609,,505997504
ds001894,pythia-410m-full,EleutherAI/pythia-410m@step12000,12000,25165824000.0,Phon,ses-11,96,0.012717627543381,0.0073556170443831,0.0085200663426497,EleutherAI/pythia-410m,0.2136860995937111,0.5240498443952196,96,5.0,0.05951546482228593,,505997504
ds001894,pythia-410m-full,EleutherAI/pythia-410m@step18000,18000,37748736000.0,Phon,ses-11,96,0.0188621507993878,0.0075778690308078,0.0125673912792509,EleutherAI/pythia-410m,0.2136860995937111,0.5240498443952196,96,5.0,0.08827036871022996,,505997504
ds001894,pythia-410m-full,EleutherAI/pythia-410m@step24000,24000,50331648000.0,Phon,ses-11,96,0.0255093749359067,0.0088245079382015,0.0168623466980678,EleutherAI/pythia-410m,0.2136860995937111,0.5240498443952196,96,5.0,0.11937779286724112,,505997504
ds001894,pythia-410m-full,EleutherAI/pythia-410m@step33000,33000,69206016000.0,Phon,ses-11,96,0.0406837352358189,0.01370018229138,0.0271233303702335,EleutherAI/pythia-410m,0.2136860995937111,0.5240498443952196,96,5.0,0.19039018126669127,,505997504
ds001894,pythia-410m-full,EleutherAI/pythia-410m@step43000,43000,90177536000.0,Phon,ses-11,96,0.0130017873592531,-0.0027757796443375,0.0086878470578728,EleutherAI/pythia-410m,0.2136860995937111,0.5240498443952196,96,5.0,0.06084526501243579,,505997504
ds001894,pythia-410m-full,EleutherAI/pythia-410m@step56000,56000,117440512000.0,Phon,ses-11,96,0.0102218383597152,0.0047140991056212,0.0067745311952836,EleutherAI/pythia-410m,0.2136860995937111,0.5240498443952196,96,5.0,0.04783576647779309,,505997504
ds001894,pythia-410m-full,EleutherAI/pythia-410m@step71000,71000,148897792000.0,Phon,ses-11,96,0.0170502856495202,0.0032451747892282,0.011380612091756,EleutherAI/pythia-410m,0.2136860995937111,0.5240498443952196,96,5.0,0.07979127178575728,,505997504
ds001894,pythia-410m-full,EleutherAI/pythia-410m@step90000,90000,188743680000.0,Phon,ses-11,96,0.0049241066926413,-0.0011591652961502,0.0033136691256546,EleutherAI/pythia-410m,0.2136860995937111,0.5240498443952196,96,5.0,0.023043645337734543,,505997504
ds001894,pythia-410m-full,EleutherAI/pythia-410m@step114000,114000,239075328000.0,Phon,ses-11,96,-0.0044492200397065,-0.0020463619318278,-0.0031399237290418,EleutherAI/pythia-410m,0.2136860995937111,0.5240498443952196,96,5.0,-0.020821289022383574,,505997504
ds001894,pythia-410m-full,EleutherAI/pythia-410m@step143000,143000,299892736000.0,Phon,ses-11,96,-0.0011367656940965,-0.0003607340168098,-0.0007811808529879,EleutherAI/pythia-410m,0.2136860995937111,0.5240498443952196,96,5.0,-0.005319792425702339,,505997504
ds001894,pythia-410m-full,EleutherAI/pythia-410m@step0,0,0.0,Phon,ses-11+,96,0.0041530950031912,0.0003412734816102,0.0027431762120809,EleutherAI/pythia-410m,0.1742624769225749,0.5457342923093875,96,4.0,0.023832411179581858,,505997504
ds001894,pythia-410m-full,EleutherAI/pythia-410m@step1,1,2097152.0,Phon,ses-11+,96,0.0041530950031912,0.0003412734816102,0.0027431762120809,EleutherAI/pythia-410m,0.1742624769225749,0.5457342923093875,96,4.0,0.023832411179581858,,505997504
ds001894,pythia-410m-full,EleutherAI/pythia-410m@step2,2,4194304.0,Phon,ses-11+,96,0.0041538258708213,0.0003474997215661,0.0027318240765326,EleutherAI/pythia-410m,0.1742624769225749,0.5457342923093875,96,4.0,0.023836605241568165,,505997504
ds001894,pythia-410m-full,EleutherAI/pythia-410m@step4,4,8388608.0,Phon,ses-11+,96,0.0035984702488694,0.0006571388940514,0.0023050607435456,EleutherAI/pythia-410m,0.1742624769225749,0.5457342923093875,96,4.0,0.02064971365274583,,505997504
ds001894,pythia-410m-full,EleutherAI/pythia-410m@step8,8,16777216.0,Phon,ses-11+,96,0.0037240497601411,0.0019520352061938,0.0024499447785948,EleutherAI/pythia-410m,0.1742624769225749,0.5457342923093875,96,4.0,0.02137034791371467,,505997504
ds001894,pythia-410m-full,EleutherAI/pythia-410m@step32,32,67108864.0,Phon,ses-11+,96,-0.0041655345600902,0.0011878432088021,-0.0028368794326241,EleutherAI/pythia-410m,0.1742624769225749,0.5457342923093875,96,4.0,-0.023903795203949463,,505997504
ds001894,pythia-410m-full,EleutherAI/pythia-410m@step64,64,134217728.0,Phon,ses-11+,96,0.001014118892018,0.003333516302366,0.0006742014061255,EleutherAI/pythia-410m,0.1742624769225749,0.5457342923093875,96,4.0,0.005819490861871398,,505997504
ds001894,pythia-410m-full,EleutherAI/pythia-410m@step256,256,536870912.0,Phon,ses-11+,96,-0.007066191505933,-0.0131008244083631,-0.0046141620777101,EleutherAI/pythia-410m,0.1742624769225749,0.5457342923093875,96,4.0,-0.04054912813544203,,505997504
ds001894,pythia-410m-full,EleutherAI/pythia-410m@step1000,1000,2097152000.0,Phon,ses-11+,96,-0.0042448176884677,-0.0067623109629022,-0.0028628546580313,EleutherAI/pythia-410m,0.1742624769225749,0.5457342923093875,96,4.0,-0.02435875905949437,,505997504
ds001894,pythia-410m-full,EleutherAI/pythia-410m@step4000,4000,8388608000.0,Phon,ses-11+,96,0.0101390008733482,-0.0017880814280188,0.0068164763740894,EleutherAI/pythia-410m,0.1742624769225749,0.5457342923093875,96,4.0,0.058182352577560194,,505997504
ds001894,pythia-410m-full,EleutherAI/pythia-410m@step8000,8000,16777216000.0,Phon,ses-11+,96,0.0094634499881682,0.0005882559289785,0.0062400187791259,EleutherAI/pythia-410m,0.1742624769225749,0.5457342923093875,96,4.0,0.05430572407376504,,505997504
ds001894,pythia-410m-full,EleutherAI/pythia-410m@step12000,12000,25165824000.0,Phon,ses-11+,96,0.0111136255769965,0.0003090969182224,0.0074512339194113,EleutherAI/pythia-410m,0.1742624769225749,0.5457342923093875,96,4.0,0.06377520722337891,,505997504
ds001894,pythia-410m-full,EleutherAI/pythia-410m@step18000,18000,37748736000.0,Phon,ses-11+,96,0.0018106123604875,-0.0046073538703512,0.0010653690598507,EleutherAI/pythia-410m,0.1742624769225749,0.5457342923093875,96,4.0,0.01039014475440951,,505997504
ds001894,pythia-410m-full,EleutherAI/pythia-410m@step24000,24000,50331648000.0,Phon,ses-11+,96,0.0061228189552594,-0.0025964623476314,0.0041920165625733,EleutherAI/pythia-410m,0.1742624769225749,0.5457342923093875,96,4.0,0.0351356130326311,,505997504
ds001894,pythia-410m-full,EleutherAI/pythia-410m@step33000,33000,69206016000.0,Phon,ses-11+,96,0.0151921124734992,0.0026184302637415,0.0101303379088211,EleutherAI/pythia-410m,0.1742624769225749,0.5457342923093875,96,4.0,0.08717948201923631,,505997504
ds001894,pythia-410m-full,EleutherAI/pythia-410m@step43000,43000,90177536000.0,Phon,ses-11+,96,0.0005580458476162,-0.0070271865266524,0.0002863047067108,EleutherAI/pythia-410m,0.1742624769225749,0.5457342923093875,96,4.0,0.0032023293681527356,,505997504
ds001894,pythia-410m-full,EleutherAI/pythia-410m@step56000,56000,117440512000.0,Phon,ses-11+,96,0.0123572179212711,2.857834594251901e-05,0.0083074543124646,EleutherAI/pythia-410m,0.1742624769225749,0.5457342923093875,96,4.0,0.0709115246121598,,505997504
ds001894,pythia-410m-full,EleutherAI/pythia-410m@step71000,71000,148897792000.0,Phon,ses-11+,96,0.0140727125739639,0.0051180193817632,0.0093766715538572,EleutherAI/pythia-410m,0.1742624769225749,0.5457342923093875,96,4.0,0.0807558392517078,,505997504
ds001894,pythia-410m-full,EleutherAI/pythia-410m@step90000,90000,188743680000.0,Phon,ses-11+,96,-0.0108585296141526,-0.0146047669899565,-0.0071901348017994,EleutherAI/pythia-410m,0.1742624769225749,0.5457342923093875,96,4.0,-0.06231134668754343,,505997504
ds001894,pythia-410m-full,EleutherAI/pythia-410m@step114000,114000,239075328000.0,Phon,ses-11+,96,-0.0080637346997734,-0.0084932045057448,-0.0055129048768004,EleutherAI/pythia-410m,0.1742624769225749,0.5457342923093875,96,4.0,-0.046273499850206595,,505997504
ds001894,pythia-410m-full,EleutherAI/pythia-410m@step143000,143000,299892736000.0,Phon,ses-11+,96,0.0060972060630166,-0.0023041979930249,0.0040900397517153,EleutherAI/pythia-410m,0.1742624769225749,0.5457342923093875,96,4.0,0.03498863421828669,,505997504
ds001894,pythia-410m-full,EleutherAI/pythia-410m@step0,0,0.0,Phon,ses-7,96,0.0102043984026551,0.0069596911516961,0.0067504800606473,EleutherAI/pythia-410m,,,96,,,0.0081448036195669,505997504
ds001894,pythia-410m-full,EleutherAI/pythia-410m@step1,1,2097152.0,Phon,ses-7,96,0.0102043984026551,0.0069596911516961,0.0067504800606473,EleutherAI/pythia-410m,,,96,,,0.0081448036195669,505997504
ds001894,pythia-410m-full,EleutherAI/pythia-410m@step2,2,4194304.0,Phon,ses-7,96,0.0101931170969337,0.0069731574908497,0.0067595232872706,EleutherAI/pythia-410m,,,96,,,0.0081448036195669,505997504
ds001894,pythia-410m-full,EleutherAI/pythia-410m@step4,4,8388608.0,Phon,ses-7,96,0.0104508539281474,0.0076140834957601,0.0069161442760223,EleutherAI/pythia-410m,,,96,,,0.0081448036195669,505997504
ds001894,pythia-410m-full,EleutherAI/pythia-410m@step8,8,16777216.0,Phon,ses-7,96,0.0101807289222439,0.0098868362355581,0.0068155143287039,EleutherAI/pythia-410m,,,96,,,0.0081448036195669,505997504
ds001894,pythia-410m-full,EleutherAI/pythia-410m@step32,32,67108864.0,Phon,ses-7,96,0.018000570246338,0.0120571849697587,0.0120588540885004,EleutherAI/pythia-410m,,,96,,,0.0081448036195669,505997504
ds001894,pythia-410m-full,EleutherAI/pythia-410m@step64,64,134217728.0,Phon,ses-7,96,0.0162103775048121,0.0098851749985846,0.0105903880121448,EleutherAI/pythia-410m,,,96,,,0.0081448036195669,505997504
ds001894,pythia-410m-full,EleutherAI/pythia-410m@step256,256,536870912.0,Phon,ses-7,96,-0.0036565027839374,-0.0117132444897355,-0.0024201213716458,EleutherAI/pythia-410m,,,96,,,0.0081448036195669,505997504
ds001894,pythia-410m-full,EleutherAI/pythia-410m@step1000,1000,2097152000.0,Phon,ses-7,96,-0.0010980293300331,0.0029487713516165,-0.0006580390436499,EleutherAI/pythia-410m,,,96,,,0.0081448036195669,505997504
ds001894,pythia-410m-full,EleutherAI/pythia-410m@step4000,4000,8388608000.0,Phon,ses-7,96,-0.0030758052286338,-0.0088719393531698,-0.0020572378522529,EleutherAI/pythia-410m,,,96,,,0.0081448036195669,505997504
ds001894,pythia-410m-full,EleutherAI/pythia-410m@step8000,8000,16777216000.0,Phon,ses-7,96,0.0054773723495642,-0.0020450371631742,0.0036646232822679,EleutherAI/pythia-410m,,,96,,,0.0081448036195669,505997504
ds001894,pythia-410m-full,EleutherAI/pythia-410m@step12000,12000,25165824000.0,Phon,ses-7,96,0.0145640793744165,0.0005671445124876,0.0097268560741621,EleutherAI/pythia-410m,,,96,,,0.0081448036195669,505997504
ds001894,pythia-410m-full,EleutherAI/pythia-410m@step18000,18000,37748736000.0,Phon,ses-7,96,0.0043217482456981,-0.0040698549017283,0.0028753612480422,EleutherAI/pythia-410m,,,96,,,0.0081448036195669,505997504
ds001894,pythia-410m-full,EleutherAI/pythia-410m@step24000,24000,50331648000.0,Phon,ses-7,96,-0.0068116987145393,-0.0056807765338599,-0.0045812601255276,EleutherAI/pythia-410m,,,96,,,0.0081448036195669,505997504
ds001894,pythia-410m-full,EleutherAI/pythia-410m@step33000,33000,69206016000.0,Phon,ses-7,96,-0.0042543652875807,-0.0088005993479273,-0.0027477940299311,EleutherAI/pythia-410m,,,96,,,0.0081448036195669,505997504
ds001894,pythia-410m-full,EleutherAI/pythia-410m@step43000,43000,90177536000.0,Phon,ses-7,96,0.0061419504753918,-0.0061003712909617,0.0042705194660263,EleutherAI/pythia-410m,,,96,,,0.0081448036195669,505997504
ds001894,pythia-410m-full,EleutherAI/pythia-410m@step56000,56000,117440512000.0,Phon,ses-7,96,-0.0059652738882718,-0.007745468846513,-0.003698679688913,EleutherAI/pythia-410m,,,96,,,0.0081448036195669,505997504
ds001894,pythia-410m-full,EleutherAI/pythia-410m@step71000,71000,148897792000.0,Phon,ses-7,96,0.0049373802612601,-0.0006358087681359,0.0032594097659151,EleutherAI/pythia-410m,,,96,,,0.0081448036195669,505997504
ds001894,pythia-410m-full,EleutherAI/pythia-410m@step90000,90000,188743680000.0,Phon,ses-7,96,-0.0049592306089762,-0.0040157590394082,-0.0033063575807252,EleutherAI/pythia-410m,,,96,,,0.0081448036195669,505997504
ds001894,pythia-410m-full,EleutherAI/pythia-410m@step114000,114000,239075328000.0,Phon,ses-7,96,-0.0013066770413843,-0.0061033663040669,-0.0008598761655179,EleutherAI/pythia-410m,,,96,,,0.0081448036195669,505997504
ds001894,pythia-410m-full,EleutherAI/pythia-410m@step143000,143000,299892736000.0,Phon,ses-7,96,-0.0020762868571135,-0.0067743217167193,-0.0012837533623486,EleutherAI/pythia-410m,,,96,,,0.0081448036195669,505997504
ds001894,pythia-410m-full,EleutherAI/pythia-410m@step0,0,0.0,Phon,ses-9,96,-0.0129810235048016,-0.0008236772980543,-0.0088846815437365,EleutherAI/pythia-410m,0.1650755388561307,0.607179038133363,96,3.0,-0.0786368688828878,0.008728626502912,505997504
ds001894,pythia-410m-full,EleutherAI/pythia-410m@step1,1,2097152.0,Phon,ses-9,96,-0.0129810235048016,-0.0008236772980543,-0.0088846815437365,EleutherAI/pythia-410m,0.1650755388561307,0.607179038133363,96,3.0,-0.0786368688828878,0.008728626502912,505997504
ds001894,pythia-410m-full,EleutherAI/pythia-410m@step2,2,4194304.0,Phon,ses-9,96,-0.0129557459890471,-0.000820122802513,-0.008879486498655,EleutherAI/pythia-410m,0.1650755388561307,0.607179038133363,96,3.0,-0.07848374192095477,0.008728626502912,505997504
ds001894,pythia-410m-full,EleutherAI/pythia-410m@step4,4,8388608.0,Phon,ses-9,96,-0.0122946164194188,-0.000613271370101,-0.0084404089847342,EleutherAI/pythia-410m,0.1650755388561307,0.607179038133363,96,3.0,-0.0744787295841209,0.008728626502912,505997504
ds001894,pythia-410m-full,EleutherAI/pythia-410m@step8,8,16777216.0,Phon,ses-9,96,-0.0120976653744057,0.0003478581419114,-0.008246653044104,EleutherAI/pythia-410m,0.1650755388561307,0.607179038133363,96,3.0,-0.07328563310006368,0.008728626502912,505997504
ds001894,pythia-410m-full,EleutherAI/pythia-410m@step32,32,67108864.0,Phon,ses-9,96,0.0057321363529633,0.0243306384122598,0.0038206670437884,EleutherAI/pythia-410m,0.1650755388561307,0.607179038133363,96,3.0,0.03472432313523486,0.008728626502912,505997504
ds001894,pythia-410m-full,EleutherAI/pythia-410m@step64,64,134217728.0,Phon,ses-9,96,0.0033357345361805,0.007613353417338,0.0022190538860861,EleutherAI/pythia-410m,0.1650755388561307,0.607179038133363,96,3.0,0.020207321807307343,0.008728626502912,505997504
ds001894,pythia-410m-full,EleutherAI/pythia-410m@step256,256,536870912.0,Phon,ses-9,96,-0.0190762593258677,-0.0151902777849118,-0.0126555146365584,EleutherAI/pythia-410m,0.1650755388561307,0.607179038133363,96,3.0,-0.11556078785539116,0.008728626502912,505997504
ds001894,pythia-410m-full,EleutherAI/pythia-410m@step1000,1000,2097152000.0,Phon,ses-9,96,-0.0087890168558729,0.0014130817966568,-0.005739177951459,EleutherAI/pythia-410m,0.1650755388561307,0.607179038133363,96,3.0,-0.05324239385662613,0.008728626502912,505997504
ds001894,pythia-410m-full,EleutherAI/pythia-410m@step4000,4000,8388608000.0,Phon,ses-9,96,-0.0017794457601566,0.0071422323488187,-0.0012164101853669,EleutherAI/pythia-410m,0.1650755388561307,0.607179038133363,96,3.0,-0.0107795847433668,0.008728626502912,505997504
ds001894,pythia-410m-full,EleutherAI/pythia-410m@step8000,8000,16777216000.0,Phon,ses-9,96,-0.0025561993481997,0.0017443232272612,-0.0017116711497981,EleutherAI/pythia-410m,0.1650755388561307,0.607179038133363,96,3.0,-0.015485028041783467,0.008728626502912,505997504
ds001894,pythia-410m-full,EleutherAI/pythia-410m@step12000,12000,25165824000.0,Phon,ses-9,96,-0.0038163372700466,-0.0048499652077669,-0.0025419163174441,EleutherAI/pythia-410m,0.1650755388561307,0.607179038133363,96,3.0,-0.023118732772229058,0.008728626502912,505997504
ds001894,pythia-410m-full,EleutherAI/pythia-410m@step18000,18000,37748736000.0,Phon,ses-9,96,-0.0119151750042227,-0.0071091205459625,-0.0080223040602163,EleutherAI/pythia-410m,0.1650755388561307,0.607179038133363,96,3.0,-0.07218013696509697,0.008728626502912,505997504
ds001894,pythia-410m-full,EleutherAI/pythia-410m@step24000,24000,50331648000.0,Phon,ses-9,96,-0.0135910923204881,-0.0062496175612343,-0.0091505908882757,EleutherAI/pythia-410m,0.1650755388561307,0.607179038133363,96,3.0,-0.08233256371395661,0.008728626502912,505997504
ds001894,pythia-410m-full,EleutherAI/pythia-410m@step33000,33000,69206016000.0,Phon,ses-9,96,0.0030755408507153,0.0074662252951897,0.0020974513493648,EleutherAI/pythia-410m,0.1650755388561307,0.607179038133363,96,3.0,0.01863111198683256,0.008728626502912,505997504
ds001894,pythia-410m-full,EleutherAI/pythia-410m@step43000,43000,90177536000.0,Phon,ses-9,96,-0.0026660715965625,-0.001300718964013,-0.0016741513797654,EleutherAI/pythia-410m,0.1650755388561307,0.607179038133363,96,3.0,-0.016150615742566668,0.008728626502912,505997504
ds001894,pythia-410m-full,EleutherAI/pythia-410m@step56000,56000,117440512000.0,Phon,ses-9,96,-0.0017687048535313,0.0013390714895471,-0.001208136595052,EleutherAI/pythia-410m,0.1650755388561307,0.607179038133363,96,3.0,-0.010714518127805661,0.008728626502912,505997504
ds001894,pythia-410m-full,EleutherAI/pythia-410m@step71000,71000,148897792000.0,Phon,ses-9,96,0.007280223465328,0.0056058418133829,0.0049364472818369,EleutherAI/pythia-410m,0.1650755388561307,0.607179038133363,96,3.0,0.0441023758927298,0.008728626502912,505997504
ds001894,pythia-410m-full,EleutherAI/pythia-410m@step90000,90000,188743680000.0,Phon,ses-9,96,-0.0098568104135265,-0.0066590423263195,-0.0066569692491812,EleutherAI/pythia-410m,0.1650755388561307,0.607179038133363,96,3.0,-0.059710908604799814,0.008728626502912,505997504
ds001894,pythia-410m-full,EleutherAI/pythia-410m@step114000,114000,239075328000.0,Phon,ses-9,96,-0.0238146031331438,-0.0054121714909868,-0.0159193498112466,EleutherAI/pythia-410m,0.1650755388561307,0.607179038133363,96,3.0,-0.14426488199380705,0.008728626502912,505997504
ds001894,pythia-410m-full,EleutherAI/pythia-410m@step143000,143000,299892736000.0,Phon,ses-9,96,-0.0124008316719309,0.0004543183001711,-0.0083001427675352,EleutherAI/pythia-410m,0.1650755388561307,0.607179038133363,96,3.0,-0.07512216381579512,0.008728626502912,505997504
ds001894,pythia-70m-full,EleutherAI/pythia-70m@step0,0,0.0,Orth,ses-11,96,-0.0158271827837626,-0.0133160613250993,-0.010463398021265,EleutherAI/pythia-70m,0.2136860995937111,0.5240498443952196,96,5.0,-0.07406744198080913,,95592496
ds001894,pythia-70m-full,EleutherAI/pythia-70m@step1,1,2097152.0,Orth,ses-11,96,-0.0158271827837626,-0.0133160613250993,-0.010463398021265,EleutherAI/pythia-70m,0.2136860995937111,0.5240498443952196,96,5.0,-0.07406744198080913,,95592496
ds001894,pythia-70m-full,EleutherAI/pythia-70m@step2,2,4194304.0,Orth,ses-11,96,-0.0158231152364674,-0.0133140350413666,-0.0104574333398752,EleutherAI/pythia-70m,0.2136860995937111,0.5240498443952196,96,5.0,-0.07404840682923432,,95592496
ds001894,pythia-70m-full,EleutherAI/pythia-70m@step4,4,8388608.0,Orth,ses-11,96,-0.0157791672483339,-0.0132730818584828,-0.0104114475704505,EleutherAI/pythia-70m,0.2136860995937111,0.5240498443952196,96,5.0,-0.07384274072265526,,95592496
ds001894,pythia-70m-full,EleutherAI/pythia-70m@step8,8,16777216.0,Orth,ses-11,96,-0.0150540365811613,-0.0127004596587351,-0.0098963684710789,EleutherAI/pythia-70m,0.2136860995937111,0.5240498443952196,96,5.0,-0.07044930208274693,,95592496
ds001894,pythia-70m-full,EleutherAI/pythia-70m@step32,32,67108864.0,Orth,ses-11,96,-0.0085909705851508,-0.0066768821276098,-0.0056937694092656,EleutherAI/pythia-70m,0.2136860995937111,0.5240498443952196,96,5.0,-0.040203694117142454,,95592496
ds001894,pythia-70m-full,EleutherAI/pythia-70m@step64,64,134217728.0,Orth,ses-11,96,0.0187668192099835,0.0064534358888746,0.0125927892774269,EleutherAI/pythia-70m,0.2136860995937111,0.5240498443952196,96,5.0,0.08782423960035544,,95592496
ds001894,pythia-70m-full,EleutherAI/pythia-70m@step256,256,536870912.0,Orth,ses-11,96,-0.0084822391230766,-0.0014811912411289,-0.0056939618183427,EleutherAI/pythia-70m,0.2136860995937111,0.5240498443952196,96,5.0,-0.03969485679791142,,95592496
ds001894,pythia-70m-full,EleutherAI/pythia-70m@step1000,1000,2097152000.0,Orth,ses-11,96,0.029476899420624,0.0234721208042205,0.0196515086795734,EleutherAI/pythia-70m,0.2136860995937111,0.5240498443952196,96,5.0,0.13794486153600755,,95592496
ds001894,pythia-70m-full,EleutherAI/pythia-70m@step4000,4000,8388608000.0,Orth,ses-11,96,0.0099758646373515,0.0073547359238422,0.0066914104739805,EleutherAI/pythia-70m,0.2136860995937111,0.5240498443952196,96,5.0,0.04668466810110233,,95592496
ds001894,pythia-70m-full,EleutherAI/pythia-70m@step8000,8000,16777216000.0,Orth,ses-11,96,0.0054770158380293,0.001145962287597,0.0037023354613777,EleutherAI/pythia-70m,0.2136860995937111,0.5240498443952196,96,5.0,0.025631128315987527,,95592496
ds001894,pythia-70m-full,EleutherAI/pythia-70m@step12000,12000,25165824000.0,Orth,ses-11,96,0.0057769283508327,-0.0033347365582428,0.003894167311237,EleutherAI/pythia-70m,0.2136860995937111,0.5240498443952196,96,5.0,0.02703464737208727,,95592496
ds001894,pythia-70m-full,EleutherAI/pythia-70m@step18000,18000,37748736000.0,Orth,ses-11,96,0.0004957451721459,-0.0041770259007816,0.0005664523229547,EleutherAI/pythia-70m,0.2136860995937111,0.5240498443952196,96,5.0,0.0023199692122626496,,95592496
ds001894,pythia-70m-full,EleutherAI/pythia-70m@step24000,24000,50331648000.0,Orth,ses-11,96,0.0124216150161858,0.0006907497432984,0.0083301585835613,EleutherAI/pythia-70m,0.2136860995937111,0.5240498443952196,96,5.0,0.05813019676901517,,95592496
ds001894,pythia-70m-full,EleutherAI/pythia-70m@step33000,33000,69206016000.0,Orth,ses-11,96,0.0125820491301446,0.0018415722910939,0.0084810073000003,EleutherAI/pythia-70m,0.2136860995937111,0.5240498443952196,96,5.0,0.05888099017234763,,95592496
ds001894,pythia-70m-full,EleutherAI/pythia-70m@step43000,43000,90177536000.0,Orth,ses-11,96,0.0093540351174011,0.0038106480429763,0.0061599766030562,EleutherAI/pythia-70m,0.2136860995937111,0.5240498443952196,96,5.0,0.043774654201589415,,95592496
ds001894,pythia-70m-full,EleutherAI/pythia-70m@step56000,56000,117440512000.0,Orth,ses-11,96,0.0048882406450886,-0.0019504775065199,0.003129726047956,EleutherAI/pythia-70m,0.2136860995937111,0.5240498443952196,96,5.0,0.02287580078621297,,95592496
ds001894,pythia-70m-full,EleutherAI/pythia-70m@step71000,71000,148897792000.0,Orth,ses-11,96,0.0104374121650559,0.0003501209873294,0.0069950319976295,EleutherAI/pythia-70m,0.2136860995937111,0.5240498443952196,96,5.0,0.0488446004906305,,95592496
ds001894,pythia-70m-full,EleutherAI/pythia-70m@step90000,90000,188743680000.0,Orth,ses-11,96,0.0124011633782613,-0.0021097223132708,0.0083099556304668,EleutherAI/pythia-70m,0.2136860995937111,0.5240498443952196,96,5.0,0.05803448797951794,,95592496
ds001894,pythia-70m-full,EleutherAI/pythia-70m@step114000,114000,239075328000.0,Orth,ses-11,96,0.0114538080735933,-0.0022816387456982,0.007537625595025,EleutherAI/pythia-70m,0.2136860995937111,0.5240498443952196,96,5.0,0.05360109101795029,,95592496
ds001894,pythia-70m-full,EleutherAI/pythia-70m@step143000,143000,299892736000.0,Orth,ses-11,96,0.0205192944991844,6.16735843473055e-05,0.0136904830622289,EleutherAI/pythia-70m,0.2136860995937111,0.5240498443952196,96,5.0,0.09602540613637693,,95592496
ds001894,pythia-70m-full,EleutherAI/pythia-70m@step0,0,0.0,Orth,ses-11+,96,-0.0046030031949533,-0.0100123628764484,-0.0031035584134717,EleutherAI/pythia-70m,0.1742624769225749,0.5457342923093875,96,4.0,-0.026414195851229758,,95592496
ds001894,pythia-70m-full,EleutherAI/pythia-70m@step1,1,2097152.0,Orth,ses-11+,96,-0.0046030031949533,-0.0100123628764484,-0.0031035584134717,EleutherAI/pythia-70m,0.1742624769225749,0.5457342923093875,96,4.0,-0.026414195851229758,,95592496
ds001894,pythia-70m-full,EleutherAI/pythia-70m@step2,2,4194304.0,Orth,ses-11+,96,-0.0045903235591116,-0.0100123012729584,-0.0030952848231568,EleutherAI/pythia-70m,0.1742624769225749,0.5457342923093875,96,4.0,-0.02634143414104626,,95592496
ds001894,pythia-70m-full,EleutherAI/pythia-70m@step4,4,8388608.0,Orth,ses-11+,96,-0.004560360137752,-0.0100053166604168,-0.0030897049599211,EleutherAI/pythia-70m,0.1742624769225749,0.5457342923093875,96,4.0,-0.026169489945779754,,95592496
ds001894,pythia-70m-full,EleutherAI/pythia-70m@step8,8,16777216.0,Orth,ses-11+,96,-0.0043968447364878,-0.0099044825925268,-0.0030083159203118,EleutherAI/pythia-70m,0.1742624769225749,0.5457342923093875,96,4.0,-0.025231161717283093,,95592496
ds001894,pythia-70m-full,EleutherAI/pythia-70m@step32,32,67108864.0,Orth,ses-11+,96,-0.0075078932248636,-0.0059688765356121,-0.0051536771298722,EleutherAI/pythia-70m,0.1742624769225749,0.5457342923093875,96,4.0,-0.04308382020874964,,95592496
ds001894,pythia-70m-full,EleutherAI/pythia-70m@step64,64,134217728.0,Orth,ses-11+,96,-0.0030265660119732,-0.002541085573915,-0.001949296360005,EleutherAI/pythia-70m,0.1742624769225749,0.5457342923093875,96,4.0,-0.017367858333139082,,95592496
ds001894,pythia-70m-full,EleutherAI/pythia-70m@step256,256,536870912.0,Orth,ses-11+,96,-0.0032913820713464,-0.0055645088097135,-0.0021696047532738,EleutherAI/pythia-70m,0.1742624769225749,0.5457342923093875,96,4.0,-0.018887497351531196,,95592496
ds001894,pythia-70m-full,EleutherAI/pythia-70m@step1000,1000,2097152000.0,Orth,ses-11+,96,0.0052255466238736,0.0019886044312426,0.0034235347086734,EleutherAI/pythia-70m,0.1742624769225749,0.5457342923093875,96,4.0,0.02998664265626913,,95592496
ds001894,pythia-70m-full,EleutherAI/pythia-70m@step4000,4000,8388608000.0,Orth,ses-11+,96,-0.0110493144143971,-0.0080047600440845,-0.0073992834685969,EleutherAI/pythia-70m,0.1742624769225749,0.5457342923093875,96,4.0,-0.06340615954464097,,95592496
ds001894,pythia-70m-full,EleutherAI/pythia-70m@step8000,8000,16777216000.0,Orth,ses-11+,96,-0.0020207668614497,-0.0138987436792997,-0.0013162704963769,EleutherAI/pythia-70m,0.1742624769225749,0.5457342923093875,96,4.0,-0.011596110058435184,,95592496
ds001894,pythia-70m-full,EleutherAI/pythia-70m@step12000,12000,25165824000.0,Orth,ses-11+,96,0.0178056203232239,-0.0044948031401227,0.0117769747905627,EleutherAI/pythia-70m,0.1742624769225749,0.5457342923093875,96,4.0,0.10217701847044769,,95592496
ds001894,pythia-70m-full,EleutherAI/pythia-70m@step18000,18000,37748736000.0,Orth,ses-11+,96,0.0131597477868575,-0.0067834971424046,0.0087540357803919,EleutherAI/pythia-70m,0.1742624769225749,0.5457342923093875,96,4.0,0.07551681818860177,,95592496
ds001894,pythia-70m-full,EleutherAI/pythia-70m@step24000,24000,50331648000.0,Orth,ses-11+,96,0.0108435460051153,-0.0032888936244401,0.0072313103442968,EleutherAI/pythia-70m,0.1742624769225749,0.5457342923093875,96,4.0,0.06222536369624256,,95592496
ds001894,pythia-70m-full,EleutherAI/pythia-70m@step33000,33000,69206016000.0,Orth,ses-11+,96,0.0088394629216626,-0.0043044915774051,0.0057890119024255,EleutherAI/pythia-70m,0.1742624769225749,0.5457342923093875,96,4.0,0.05072499299771796,,95592496
ds001894,pythia-70m-full,EleutherAI/pythia-70m@step43000,43000,90177536000.0,Orth,ses-11+,96,0.0134468648640128,-0.0023160540700737,0.0087553826439316,EleutherAI/pythia-70m,0.1742624769225749,0.5457342923093875,96,4.0,0.07716443092902475,,95592496
ds001894,pythia-70m-full,EleutherAI/pythia-70m@step56000,56000,117440512000.0,Orth,ses-11+,96,0.0035276723987587,-0.0103065666004082,0.0022009674328396,EleutherAI/pythia-70m,0.1742624769225749,0.5457342923093875,96,4.0,0.020243442312174013,,95592496
ds001894,pythia-70m-full,EleutherAI/pythia-70m@step71000,71000,148897792000.0,Orth,ses-11+,96,-0.0049022657101553,-0.011428500356725,-0.003289040763787,EleutherAI/pythia-70m,0.1742624769225749,0.5457342923093875,96,4.0,-0.028131504823803145,,95592496
ds001894,pythia-70m-full,EleutherAI/pythia-70m@step90000,90000,188743680000.0,Orth,ses-11+,96,0.0025134101174723,-0.0050017806017937,0.0015919927038477,EleutherAI/pythia-70m,0.1742624769225749,0.5457342923093875,96,4.0,0.014423128615284242,,95592496
ds001894,pythia-70m-full,EleutherAI/pythia-70m@step114000,114000,239075328000.0,Orth,ses-11+,96,0.002649079019082,-0.0082514602962552,0.0021199632113844,EleutherAI/pythia-70m,0.1742624769225749,0.5457342923093875,96,4.0,0.015201660540260712,,95592496
ds001894,pythia-70m-full,EleutherAI/pythia-70m@step143000,143000,299892736000.0,Orth,ses-11+,96,0.0138769557223633,-0.0045641273569732,0.0094195787780484,EleutherAI/pythia-70m,0.1742624769225749,0.5457342923093875,96,4.0,0.07963249442694914,,95592496
ds001894,pythia-70m-full,EleutherAI/pythia-70m@step0,0,0.0,Orth,ses-7,96,-0.0186885651179177,-0.0273161370559112,-0.0125087065107383,EleutherAI/pythia-70m,,,96,,,,95592496
ds001894,pythia-70m-full,EleutherAI/pythia-70m@step1,1,2097152.0,Orth,ses-7,96,-0.0186885651179177,-0.0273161370559112,-0.0125087065107383,EleutherAI/pythia-70m,,,96,,,,95592496
ds001894,pythia-70m-full,EleutherAI/pythia-70m@step2,2,4194304.0,Orth,ses-7,96,-0.0186942803129488,-0.0273151101240952,-0.0125069748290445,EleutherAI/pythia-70m,,,96,,,,95592496
ds001894,pythia-70m-full,EleutherAI/pythia-70m@step4,4,8388608.0,Orth,ses-7,96,-0.0187017435155481,-0.0272960976104296,-0.0124979316024212,EleutherAI/pythia-70m,,,96,,,,95592496
ds001894,pythia-70m-full,EleutherAI/pythia-70m@step8,8,16777216.0,Orth,ses-7,96,-0.0181963858204633,-0.0269566294038112,-0.0121367797647221,EleutherAI/pythia-70m,,,96,,,,95592496
ds001894,pythia-70m-full,EleutherAI/pythia-70m@step32,32,67108864.0,Orth,ses-7,96,-0.0148689338179706,-0.0184269465371832,-0.01005568318691,EleutherAI/pythia-70m,,,96,,,,95592496
ds001894,pythia-70m-full,EleutherAI/pythia-70m@step64,64,134217728.0,Orth,ses-7,96,-0.0041293300986773,-0.0079599296880075,-0.0024847708215482,EleutherAI/pythia-70m,,,96,,,,95592496
ds001894,pythia-70m-full,EleutherAI/pythia-70m@step256,256,536870912.0,Orth,ses-7,96,0.0082981108500593,0.0013769894853505,0.0056400872767573,EleutherAI/pythia-70m,,,96,,,,95592496
ds001894,pythia-70m-full,EleutherAI/pythia-70m@step1000,1000,2097152000.0,Orth,ses-7,96,0.0178936210888238,0.014343428182746,0.0120332636812474,EleutherAI/pythia-70m,,,96,,,,95592496
ds001894,pythia-70m-full,EleutherAI/pythia-70m@step4000,4000,8388608000.0,Orth,ses-7,96,0.0120855766339692,0.0025044894900823,0.0078778048433212,EleutherAI/pythia-70m,,,96,,,,95592496
ds001894,pythia-70m-full,EleutherAI/pythia-70m@step8000,8000,16777216000.0,Orth,ses-7,96,0.012510588626716,0.0021445745833327,0.0083694100352878,EleutherAI/pythia-70m,,,96,,,,95592496
ds001894,pythia-70m-full,EleutherAI/pythia-70m@step12000,12000,25165824000.0,Orth,ses-7,96,0.0071146922615337,-0.0004980279523317,0.004669191073758,EleutherAI/pythia-70m,,,96,,,,95592496
ds001894,pythia-70m-full,EleutherAI/pythia-70m@step18000,18000,37748736000.0,Orth,ses-7,96,0.0094497575153321,-0.0005823958019118,0.0062540646417535,EleutherAI/pythia-70m,,,96,,,,95592496
ds001894,pythia-70m-full,EleutherAI/pythia-70m@step24000,24000,50331648000.0,Orth,ses-7,96,-0.0021050277362557,-0.0049807882373426,-0.0014688508945097,EleutherAI/pythia-70m,,,96,,,,95592496
ds001894,pythia-70m-full,EleutherAI/pythia-70m@step33000,33000,69206016000.0,Orth,ses-7,96,0.0092314909531837,-0.0017966494995981,0.0061797947379965,EleutherAI/pythia-70m,,,96,,,,95592496
ds001894,pythia-70m-full,EleutherAI/pythia-70m@step43000,43000,90177536000.0,Orth,ses-7,96,0.0121830571640415,-0.0003331149637163,0.0079809361086418,EleutherAI/pythia-70m,,,96,,,,95592496
ds001894,pythia-70m-full,EleutherAI/pythia-70m@step56000,56000,117440512000.0,Orth,ses-7,96,0.0106719571426005,-0.0008951929946399,0.007015234950724,EleutherAI/pythia-70m,,,96,,,,95592496
ds001894,pythia-70m-full,EleutherAI/pythia-70m@step71000,71000,148897792000.0,Orth,ses-7,96,0.0042861820120701,-0.0046473851881199,0.0028947945648283,EleutherAI/pythia-70m,,,96,,,,95592496
ds001894,pythia-70m-full,EleutherAI/pythia-70m@step90000,90000,188743680000.0,Orth,ses-7,96,0.0029044254385562,0.0020343257148277,0.0018523221851514,EleutherAI/pythia-70m,,,96,,,,95592496
ds001894,pythia-70m-full,EleutherAI/pythia-70m@step114000,114000,239075328000.0,Orth,ses-7,96,0.0037900753926598,0.0002607032478825,0.0025353744088231,EleutherAI/pythia-70m,,,96,,,,95592496
ds001894,pythia-70m-full,EleutherAI/pythia-70m@step143000,143000,299892736000.0,Orth,ses-7,96,0.0109351804800475,-0.0007027467245806,0.007337904973005,EleutherAI/pythia-70m,,,96,,,,95592496
ds001894,pythia-70m-full,EleutherAI/pythia-70m@step0,0,0.0,Orth,ses-9,96,0.0014899983859152,-0.002878852204177,0.0010026437007192,EleutherAI/pythia-70m,0.1650755388561307,0.607179038133363,96,3.0,0.009026160969941086,,95592496
ds001894,pythia-70m-full,EleutherAI/pythia-70m@step1,1,2097152.0,Orth,ses-9,96,0.0014899983859152,-0.002878852204177,0.0010026437007192,EleutherAI/pythia-70m,0.1650755388561307,0.607179038133363,96,3.0,0.009026160969941086,,95592496
ds001894,pythia-70m-full,EleutherAI/pythia-70m@step2,2,4194304.0,Orth,ses-9,96,0.0014979421260714,-0.0028753594097979,0.0010093780184173,EleutherAI/pythia-70m,0.1650755388561307,0.607179038133363,96,3.0,0.009074282818951819,,95592496
ds001894,pythia-70m-full,EleutherAI/pythia-70m@step4,4,8388608.0,Orth,ses-9,96,0.0015846046762047,-0.0028146024097218,0.0010734502410885,EleutherAI/pythia-70m,0.1650755388561307,0.607179038133363,96,3.0,0.009599270050456963,,95592496
ds001894,pythia-70m-full,EleutherAI/pythia-70m@step8,8,16777216.0,Orth,ses-9,96,0.0027269965956451,-0.0021029105173282,0.0018375066862154,EleutherAI/pythia-70m,0.1650755388561307,0.607179038133363,96,3.0,0.016519689195270634,,95592496
ds001894,pythia-70m-full,EleutherAI/pythia-70m@step32,32,67108864.0,Orth,ses-9,96,0.0071359019768788,0.0006651306141341,0.0048725674682428,EleutherAI/pythia-70m,0.1650755388561307,0.607179038133363,96,3.0,0.043228100458287746,,95592496
ds001894,pythia-70m-full,EleutherAI/pythia-70m@step64,64,134217728.0,Orth,ses-9,96,0.0326735745887345,0.0158572904674823,0.021903464517842,EleutherAI/pythia-70m,0.1650755388561307,0.607179038133363,96,3.0,0.19793104911328327,,95592496
ds001894,pythia-70m-full,EleutherAI/pythia-70m@step256,256,536870912.0,Orth,ses-9,96,-0.0106041281970323,-0.003908686387426,-0.0069527020006695,EleutherAI/pythia-70m,0.1650755388561307,0.607179038133363,96,3.0,-0.06423803472344973,,95592496
ds001894,pythia-70m-full,EleutherAI/pythia-70m@step1000,1000,2097152000.0,Orth,ses-9,96,0.0058003249739954,0.0134610285412046,0.0036892516441355,EleutherAI/pythia-70m,0.1650755388561307,0.607179038133363,96,3.0,0.035137398394625825,,95592496
ds001894,pythia-70m-full,EleutherAI/pythia-70m@step4000,4000,8388608000.0,Orth,ses-9,96,9.210248332975731e-05,0.0055565062673113,1.4815498935977804e-05,EleutherAI/pythia-70m,0.1650755388561307,0.607179038133363,96,3.0,0.0005579414367989916,,95592496
ds001894,pythia-70m-full,EleutherAI/pythia-70m@step8000,8000,16777216000.0,Orth,ses-9,96,0.0025520683957647,-0.0010486328202351,0.0016520243359,EleutherAI/pythia-70m,0.1650755388561307,0.607179038133363,96,3.0,0.015460003422971831,,95592496
ds001894,pythia-70m-full,EleutherAI/pythia-70m@step12000,12000,25165824000.0,Orth,ses-9,96,0.0156034142754067,0.0058568823213743,0.0104095234796796,EleutherAI/pythia-70m,0.1650755388561307,0.607179038133363,96,3.0,0.09452287348887979,,95592496
ds001894,pythia-70m-full,EleutherAI/pythia-70m@step18000,18000,37748736000.0,Orth,ses-9,96,-0.0076166617681872,-0.0039039903623394,-0.0051650292654206,EleutherAI/pythia-70m,0.1650755388561307,0.607179038133363,96,3.0,-0.04614046285092182,,95592496
ds001894,pythia-70m-full,EleutherAI/pythia-70m@step24000,24000,50331648000.0,Orth,ses-9,96,0.0072985969080398,0.0029571736200976,0.0048902691033352,EleutherAI/pythia-70m,0.1650755388561307,0.607179038133363,96,3.0,0.044213679135106695,,95592496
ds001894,pythia-70m-full,EleutherAI/pythia-70m@step33000,33000,69206016000.0,Orth,ses-9,96,-0.006836519485484,-0.0011081249178512,-0.0045766423076775,EleutherAI/pythia-70m,0.1650755388561307,0.607179038133363,96,3.0,-0.0414144914071265,,95592496
ds001894,pythia-70m-full,EleutherAI/pythia-70m@step43000,43000,90177536000.0,Orth,ses-9,96,-0.0021267517799208,-0.0017840267993984,-0.0013081893151391,EleutherAI/pythia-70m,0.1650755388561307,0.607179038133363,96,3.0,-0.012883506512581135,,95592496
ds001894,pythia-70m-full,EleutherAI/pythia-70m@step56000,56000,117440512000.0,Orth,ses-9,96,-0.0106662333416821,-0.0022559831973655,-0.0072430472979993,EleutherAI/pythia-70m,0.1650755388561307,0.607179038133363,96,3.0,-0.0646142573005811,,95592496
ds001894,pythia-70m-full,EleutherAI/pythia-70m@step71000,71000,148897792000.0,Orth,ses-9,96,0.0077762860428447,0.0031070254025618,0.0051836929458984,EleutherAI/pythia-70m,0.1650755388561307,0.607179038133363,96,3.0,0.0471074400043123,,95592496
ds001894,pythia-70m-full,EleutherAI/pythia-70m@step90000,90000,188743680000.0,Orth,ses-9,96,-0.0158351938523307,-0.0106533381056077,-0.0106661971885185,EleutherAI/pythia-70m,0.1650755388561307,0.607179038133363,96,3.0,-0.09592695539301946,,95592496
ds001894,pythia-70m-full,EleutherAI/pythia-70m@step114000,114000,239075328000.0,Orth,ses-9,96,-0.0149701238651172,-0.0127538712401461,-0.0099742941473006,EleutherAI/pythia-70m,0.1650755388561307,0.607179038133363,96,3.0,-0.09068650612229233,,95592496
ds001894,pythia-70m-full,EleutherAI/pythia-70m@step143000,143000,299892736000.0,Orth,ses-9,96,0.0022880391422885,-0.0057714148405308,0.0015748682959867,EleutherAI/pythia-70m,0.1650755388561307,0.607179038133363,96,3.0,0.013860558373113105,,95592496
ds001894,pythia-70m-full,EleutherAI/pythia-70m@step0,0,0.0,Phon,ses-11,96,-0.0158271827837626,-0.0133160613250993,-0.010463398021265,EleutherAI/pythia-70m,0.2136860995937111,0.5240498443952196,96,5.0,-0.07406744198080913,,95592496
ds001894,pythia-70m-full,EleutherAI/pythia-70m@step1,1,2097152.0,Phon,ses-11,96,-0.0158271827837626,-0.0133160613250993,-0.010463398021265,EleutherAI/pythia-70m,0.2136860995937111,0.5240498443952196,96,5.0,-0.07406744198080913,,95592496
ds001894,pythia-70m-full,EleutherAI/pythia-70m@step2,2,4194304.0,Phon,ses-11,96,-0.0158231152364674,-0.0133140350413666,-0.0104574333398752,EleutherAI/pythia-70m,0.2136860995937111,0.5240498443952196,96,5.0,-0.07404840682923432,,95592496
ds001894,pythia-70m-full,EleutherAI/pythia-70m@step4,4,8388608.0,Phon,ses-11,96,-0.0157791672483339,-0.0132730818584828,-0.0104114475704505,EleutherAI/pythia-70m,0.2136860995937111,0.5240498443952196,96,5.0,-0.07384274072265526,,95592496
ds001894,pythia-70m-full,EleutherAI/pythia-70m@step8,8,16777216.0,Phon,ses-11,96,-0.0150540365811613,-0.0127004596587351,-0.0098963684710789,EleutherAI/pythia-70m,0.2136860995937111,0.5240498443952196,96,5.0,-0.07044930208274693,,95592496
ds001894,pythia-70m-full,EleutherAI/pythia-70m@step32,32,67108864.0,Phon,ses-11,96,-0.0085909705851508,-0.0066768821276098,-0.0056937694092656,EleutherAI/pythia-70m,0.2136860995937111,0.5240498443952196,96,5.0,-0.040203694117142454,,95592496
ds001894,pythia-70m-full,EleutherAI/pythia-70m@step64,64,134217728.0,Phon,ses-11,96,0.0187668192099835,0.0064534358888746,0.0125927892774269,EleutherAI/pythia-70m,0.2136860995937111,0.5240498443952196,96,5.0,0.08782423960035544,,95592496
ds001894,pythia-70m-full,EleutherAI/pythia-70m@step256,256,536870912.0,Phon,ses-11,96,-0.0084822391230766,-0.0014811912411289,-0.0056939618183427,EleutherAI/pythia-70m,0.2136860995937111,0.5240498443952196,96,5.0,-0.03969485679791142,,95592496
ds001894,pythia-70m-full,EleutherAI/pythia-70m@step1000,1000,2097152000.0,Phon,ses-11,96,0.029476899420624,0.0234721208042205,0.0196515086795734,EleutherAI/pythia-70m,0.2136860995937111,0.5240498443952196,96,5.0,0.13794486153600755,,95592496
ds001894,pythia-70m-full,EleutherAI/pythia-70m@step4000,4000,8388608000.0,Phon,ses-11,96,0.0099758646373515,0.0073547359238422,0.0066914104739805,EleutherAI/pythia-70m,0.2136860995937111,0.5240498443952196,96,5.0,0.04668466810110233,,95592496
ds001894,pythia-70m-full,EleutherAI/pythia-70m@step8000,8000,16777216000.0,Phon,ses-11,96,0.0054770158380293,0.001145962287597,0.0037023354613777,EleutherAI/pythia-70m,0.2136860995937111,0.5240498443952196,96,5.0,0.025631128315987527,,95592496
ds001894,pythia-70m-full,EleutherAI/pythia-70m@step12000,12000,25165824000.0,Phon,ses-11,96,0.0057769283508327,-0.0033347365582428,0.003894167311237,EleutherAI/pythia-70m,0.2136860995937111,0.5240498443952196,96,5.0,0.02703464737208727,,95592496
ds001894,pythia-70m-full,EleutherAI/pythia-70m@step18000,18000,37748736000.0,Phon,ses-11,96,0.0004957451721459,-0.0041770259007816,0.0005664523229547,EleutherAI/pythia-70m,0.2136860995937111,0.5240498443952196,96,5.0,0.0023199692122626496,,95592496
ds001894,pythia-70m-full,EleutherAI/pythia-70m@step24000,24000,50331648000.0,Phon,ses-11,96,0.0124216150161858,0.0006907497432984,0.0083301585835613,EleutherAI/pythia-70m,0.2136860995937111,0.5240498443952196,96,5.0,0.05813019676901517,,95592496
ds001894,pythia-70m-full,EleutherAI/pythia-70m@step33000,33000,69206016000.0,Phon,ses-11,96,0.0125820491301446,0.0018415722910939,0.0084810073000003,EleutherAI/pythia-70m,0.2136860995937111,0.5240498443952196,96,5.0,0.05888099017234763,,95592496
ds001894,pythia-70m-full,EleutherAI/pythia-70m@step43000,43000,90177536000.0,Phon,ses-11,96,0.0093540351174011,0.0038106480429763,0.0061599766030562,EleutherAI/pythia-70m,0.2136860995937111,0.5240498443952196,96,5.0,0.043774654201589415,,95592496
ds001894,pythia-70m-full,EleutherAI/pythia-70m@step56000,56000,117440512000.0,Phon,ses-11,96,0.0048882406450886,-0.0019504775065199,0.003129726047956,EleutherAI/pythia-70m,0.2136860995937111,0.5240498443952196,96,5.0,0.02287580078621297,,95592496
ds001894,pythia-70m-full,EleutherAI/pythia-70m@step71000,71000,148897792000.0,Phon,ses-11,96,0.0104374121650559,0.0003501209873294,0.0069950319976295,EleutherAI/pythia-70m,0.2136860995937111,0.5240498443952196,96,5.0,0.0488446004906305,,95592496
ds001894,pythia-70m-full,EleutherAI/pythia-70m@step90000,90000,188743680000.0,Phon,ses-11,96,0.0124011633782613,-0.0021097223132708,0.0083099556304668,EleutherAI/pythia-70m,0.2136860995937111,0.5240498443952196,96,5.0,0.05803448797951794,,95592496
ds001894,pythia-70m-full,EleutherAI/pythia-70m@step114000,114000,239075328000.0,Phon,ses-11,96,0.0114538080735933,-0.0022816387456982,0.007537625595025,EleutherAI/pythia-70m,0.2136860995937111,0.5240498443952196,96,5.0,0.05360109101795029,,95592496
ds001894,pythia-70m-full,EleutherAI/pythia-70m@step143000,143000,299892736000.0,Phon,ses-11,96,0.0205192944991844,6.16735843473055e-05,0.0136904830622289,EleutherAI/pythia-70m,0.2136860995937111,0.5240498443952196,96,5.0,0.09602540613637693,,95592496
ds001894,pythia-70m-full,EleutherAI/pythia-70m@step0,0,0.0,Phon,ses-11+,96,-0.0046030031949533,-0.0100123628764484,-0.0031035584134717,EleutherAI/pythia-70m,0.1742624769225749,0.5457342923093875,96,4.0,-0.026414195851229758,,95592496
ds001894,pythia-70m-full,EleutherAI/pythia-70m@step1,1,2097152.0,Phon,ses-11+,96,-0.0046030031949533,-0.0100123628764484,-0.0031035584134717,EleutherAI/pythia-70m,0.1742624769225749,0.5457342923093875,96,4.0,-0.026414195851229758,,95592496
ds001894,pythia-70m-full,EleutherAI/pythia-70m@step2,2,4194304.0,Phon,ses-11+,96,-0.0045903235591116,-0.0100123012729584,-0.0030952848231568,EleutherAI/pythia-70m,0.1742624769225749,0.5457342923093875,96,4.0,-0.02634143414104626,,95592496
ds001894,pythia-70m-full,EleutherAI/pythia-70m@step4,4,8388608.0,Phon,ses-11+,96,-0.004560360137752,-0.0100053166604168,-0.0030897049599211,EleutherAI/pythia-70m,0.1742624769225749,0.5457342923093875,96,4.0,-0.026169489945779754,,95592496
ds001894,pythia-70m-full,EleutherAI/pythia-70m@step8,8,16777216.0,Phon,ses-11+,96,-0.0043968447364878,-0.0099044825925268,-0.0030083159203118,EleutherAI/pythia-70m,0.1742624769225749,0.5457342923093875,96,4.0,-0.025231161717283093,,95592496
ds001894,pythia-70m-full,EleutherAI/pythia-70m@step32,32,67108864.0,Phon,ses-11+,96,-0.0075078932248636,-0.0059688765356121,-0.0051536771298722,EleutherAI/pythia-70m,0.1742624769225749,0.5457342923093875,96,4.0,-0.04308382020874964,,95592496
ds001894,pythia-70m-full,EleutherAI/pythia-70m@step64,64,134217728.0,Phon,ses-11+,96,-0.0030265660119732,-0.002541085573915,-0.001949296360005,EleutherAI/pythia-70m,0.1742624769225749,0.5457342923093875,96,4.0,-0.017367858333139082,,95592496
ds001894,pythia-70m-full,EleutherAI/pythia-70m@step256,256,536870912.0,Phon,ses-11+,96,-0.0032913820713464,-0.0055645088097135,-0.0021696047532738,EleutherAI/pythia-70m,0.1742624769225749,0.5457342923093875,96,4.0,-0.018887497351531196,,95592496
ds001894,pythia-70m-full,EleutherAI/pythia-70m@step1000,1000,2097152000.0,Phon,ses-11+,96,0.0052255466238736,0.0019886044312426,0.0034235347086734,EleutherAI/pythia-70m,0.1742624769225749,0.5457342923093875,96,4.0,0.02998664265626913,,95592496
ds001894,pythia-70m-full,EleutherAI/pythia-70m@step4000,4000,8388608000.0,Phon,ses-11+,96,-0.0110493144143971,-0.0080047600440845,-0.0073992834685969,EleutherAI/pythia-70m,0.1742624769225749,0.5457342923093875,96,4.0,-0.06340615954464097,,95592496
ds001894,pythia-70m-full,EleutherAI/pythia-70m@step8000,8000,16777216000.0,Phon,ses-11+,96,-0.0020207668614497,-0.0138987436792997,-0.0013162704963769,EleutherAI/pythia-70m,0.1742624769225749,0.5457342923093875,96,4.0,-0.011596110058435184,,95592496
ds001894,pythia-70m-full,EleutherAI/pythia-70m@step12000,12000,25165824000.0,Phon,ses-11+,96,0.0178056203232239,-0.0044948031401227,0.0117769747905627,EleutherAI/pythia-70m,0.1742624769225749,0.5457342923093875,96,4.0,0.10217701847044769,,95592496
ds001894,pythia-70m-full,EleutherAI/pythia-70m@step18000,18000,37748736000.0,Phon,ses-11+,96,0.0131597477868575,-0.0067834971424046,0.0087540357803919,EleutherAI/pythia-70m,0.1742624769225749,0.5457342923093875,96,4.0,0.07551681818860177,,95592496
ds001894,pythia-70m-full,EleutherAI/pythia-70m@step24000,24000,50331648000.0,Phon,ses-11+,96,0.0108435460051153,-0.0032888936244401,0.0072313103442968,EleutherAI/pythia-70m,0.1742624769225749,0.5457342923093875,96,4.0,0.06222536369624256,,95592496
ds001894,pythia-70m-full,EleutherAI/pythia-70m@step33000,33000,69206016000.0,Phon,ses-11+,96,0.0088394629216626,-0.0043044915774051,0.0057890119024255,EleutherAI/pythia-70m,0.1742624769225749,0.5457342923093875,96,4.0,0.05072499299771796,,95592496
ds001894,pythia-70m-full,EleutherAI/pythia-70m@step43000,43000,90177536000.0,Phon,ses-11+,96,0.0134468648640128,-0.0023160540700737,0.0087553826439316,EleutherAI/pythia-70m,0.1742624769225749,0.5457342923093875,96,4.0,0.07716443092902475,,95592496
ds001894,pythia-70m-full,EleutherAI/pythia-70m@step56000,56000,117440512000.0,Phon,ses-11+,96,0.0035276723987587,-0.0103065666004082,0.0022009674328396,EleutherAI/pythia-70m,0.1742624769225749,0.5457342923093875,96,4.0,0.020243442312174013,,95592496
ds001894,pythia-70m-full,EleutherAI/pythia-70m@step71000,71000,148897792000.0,Phon,ses-11+,96,-0.0049022657101553,-0.011428500356725,-0.003289040763787,EleutherAI/pythia-70m,0.1742624769225749,0.5457342923093875,96,4.0,-0.028131504823803145,,95592496
ds001894,pythia-70m-full,EleutherAI/pythia-70m@step90000,90000,188743680000.0,Phon,ses-11+,96,0.0025134101174723,-0.0050017806017937,0.0015919927038477,EleutherAI/pythia-70m,0.1742624769225749,0.5457342923093875,96,4.0,0.014423128615284242,,95592496
ds001894,pythia-70m-full,EleutherAI/pythia-70m@step114000,114000,239075328000.0,Phon,ses-11+,96,0.002649079019082,-0.0082514602962552,0.0021199632113844,EleutherAI/pythia-70m,0.1742624769225749,0.5457342923093875,96,4.0,0.015201660540260712,,95592496
ds001894,pythia-70m-full,EleutherAI/pythia-70m@step143000,143000,299892736000.0,Phon,ses-11+,96,0.0138769557223633,-0.0045641273569732,0.0094195787780484,EleutherAI/pythia-70m,0.1742624769225749,0.5457342923093875,96,4.0,0.07963249442694914,,95592496
ds001894,pythia-70m-full,EleutherAI/pythia-70m@step0,0,0.0,Phon,ses-7,96,-0.0186885651179177,-0.0273161370559112,-0.0125087065107383,EleutherAI/pythia-70m,,,96,,,0.0081448036195669,95592496
ds001894,pythia-70m-full,EleutherAI/pythia-70m@step1,1,2097152.0,Phon,ses-7,96,-0.0186885651179177,-0.0273161370559112,-0.0125087065107383,EleutherAI/pythia-70m,,,96,,,0.0081448036195669,95592496
ds001894,pythia-70m-full,EleutherAI/pythia-70m@step2,2,4194304.0,Phon,ses-7,96,-0.0186942803129488,-0.0273151101240952,-0.0125069748290445,EleutherAI/pythia-70m,,,96,,,0.0081448036195669,95592496
ds001894,pythia-70m-full,EleutherAI/pythia-70m@step4,4,8388608.0,Phon,ses-7,96,-0.0187017435155481,-0.0272960976104296,-0.0124979316024212,EleutherAI/pythia-70m,,,96,,,0.0081448036195669,95592496
ds001894,pythia-70m-full,EleutherAI/pythia-70m@step8,8,16777216.0,Phon,ses-7,96,-0.0181963858204633,-0.0269566294038112,-0.0121367797647221,EleutherAI/pythia-70m,,,96,,,0.0081448036195669,95592496
ds001894,pythia-70m-full,EleutherAI/pythia-70m@step32,32,67108864.0,Phon,ses-7,96,-0.0148689338179706,-0.0184269465371832,-0.01005568318691,EleutherAI/pythia-70m,,,96,,,0.0081448036195669,95592496
ds001894,pythia-70m-full,EleutherAI/pythia-70m@step64,64,134217728.0,Phon,ses-7,96,-0.0041293300986773,-0.0079599296880075,-0.0024847708215482,EleutherAI/pythia-70m,,,96,,,0.0081448036195669,95592496
ds001894,pythia-70m-full,EleutherAI/pythia-70m@step256,256,536870912.0,Phon,ses-7,96,0.0082981108500593,0.0013769894853505,0.0056400872767573,EleutherAI/pythia-70m,,,96,,,0.0081448036195669,95592496
ds001894,pythia-70m-full,EleutherAI/pythia-70m@step1000,1000,2097152000.0,Phon,ses-7,96,0.0178936210888238,0.014343428182746,0.0120332636812474,EleutherAI/pythia-70m,,,96,,,0.0081448036195669,95592496
ds001894,pythia-70m-full,EleutherAI/pythia-70m@step4000,4000,8388608000.0,Phon,ses-7,96,0.0120855766339692,0.0025044894900823,0.0078778048433212,EleutherAI/pythia-70m,,,96,,,0.0081448036195669,95592496
ds001894,pythia-70m-full,EleutherAI/pythia-70m@step8000,8000,16777216000.0,Phon,ses-7,96,0.012510588626716,0.0021445745833327,0.0083694100352878,EleutherAI/pythia-70m,,,96,,,0.0081448036195669,95592496
ds001894,pythia-70m-full,EleutherAI/pythia-70m@step12000,12000,25165824000.0,Phon,ses-7,96,0.0071146922615337,-0.0004980279523317,0.004669191073758,EleutherAI/pythia-70m,,,96,,,0.0081448036195669,95592496
ds001894,pythia-70m-full,EleutherAI/pythia-70m@step18000,18000,37748736000.0,Phon,ses-7,96,0.0094497575153321,-0.0005823958019118,0.0062540646417535,EleutherAI/pythia-70m,,,96,,,0.0081448036195669,95592496
ds001894,pythia-70m-full,EleutherAI/pythia-70m@step24000,24000,50331648000.0,Phon,ses-7,96,-0.0021050277362557,-0.0049807882373426,-0.0014688508945097,EleutherAI/pythia-70m,,,96,,,0.0081448036195669,95592496
ds001894,pythia-70m-full,EleutherAI/pythia-70m@step33000,33000,69206016000.0,Phon,ses-7,96,0.0092314909531837,-0.0017966494995981,0.0061797947379965,EleutherAI/pythia-70m,,,96,,,0.0081448036195669,95592496
ds001894,pythia-70m-full,EleutherAI/pythia-70m@step43000,43000,90177536000.0,Phon,ses-7,96,0.0121830571640415,-0.0003331149637163,0.0079809361086418,EleutherAI/pythia-70m,,,96,,,0.0081448036195669,95592496
ds001894,pythia-70m-full,EleutherAI/pythia-70m@step56000,56000,117440512000.0,Phon,ses-7,96,0.0106719571426005,-0.0008951929946399,0.007015234950724,EleutherAI/pythia-70m,,,96,,,0.0081448036195669,95592496
ds001894,pythia-70m-full,EleutherAI/pythia-70m@step71000,71000,148897792000.0,Phon,ses-7,96,0.0042861820120701,-0.0046473851881199,0.0028947945648283,EleutherAI/pythia-70m,,,96,,,0.0081448036195669,95592496
ds001894,pythia-70m-full,EleutherAI/pythia-70m@step90000,90000,188743680000.0,Phon,ses-7,96,0.0029044254385562,0.0020343257148277,0.0018523221851514,EleutherAI/pythia-70m,,,96,,,0.0081448036195669,95592496
ds001894,pythia-70m-full,EleutherAI/pythia-70m@step114000,114000,239075328000.0,Phon,ses-7,96,0.0037900753926598,0.0002607032478825,0.0025353744088231,EleutherAI/pythia-70m,,,96,,,0.0081448036195669,95592496
ds001894,pythia-70m-full,EleutherAI/pythia-70m@step143000,143000,299892736000.0,Phon,ses-7,96,0.0109351804800475,-0.0007027467245806,0.007337904973005,EleutherAI/pythia-70m,,,96,,,0.0081448036195669,95592496
ds001894,pythia-70m-full,EleutherAI/pythia-70m@step0,0,0.0,Phon,ses-9,96,0.0014899983859152,-0.002878852204177,0.0010026437007192,EleutherAI/pythia-70m,0.1650755388561307,0.607179038133363,96,3.0,0.009026160969941086,0.008728626502912,95592496
ds001894,pythia-70m-full,EleutherAI/pythia-70m@step1,1,2097152.0,Phon,ses-9,96,0.0014899983859152,-0.002878852204177,0.0010026437007192,EleutherAI/pythia-70m,0.1650755388561307,0.607179038133363,96,3.0,0.009026160969941086,0.008728626502912,95592496
ds001894,pythia-70m-full,EleutherAI/pythia-70m@step2,2,4194304.0,Phon,ses-9,96,0.0014979421260714,-0.0028753594097979,0.0010093780184173,EleutherAI/pythia-70m,0.1650755388561307,0.607179038133363,96,3.0,0.009074282818951819,0.008728626502912,95592496
ds001894,pythia-70m-full,EleutherAI/pythia-70m@step4,4,8388608.0,Phon,ses-9,96,0.0015846046762047,-0.0028146024097218,0.0010734502410885,EleutherAI/pythia-70m,0.1650755388561307,0.607179038133363,96,3.0,0.009599270050456963,0.008728626502912,95592496
ds001894,pythia-70m-full,EleutherAI/pythia-70m@step8,8,16777216.0,Phon,ses-9,96,0.0027269965956451,-0.0021029105173282,0.0018375066862154,EleutherAI/pythia-70m,0.1650755388561307,0.607179038133363,96,3.0,0.016519689195270634,0.008728626502912,95592496
ds001894,pythia-70m-full,EleutherAI/pythia-70m@step32,32,67108864.0,Phon,ses-9,96,0.0071359019768788,0.0006651306141341,0.0048725674682428,EleutherAI/pythia-70m,0.1650755388561307,0.607179038133363,96,3.0,0.043228100458287746,0.008728626502912,95592496
ds001894,pythia-70m-full,EleutherAI/pythia-70m@step64,64,134217728.0,Phon,ses-9,96,0.0326735745887345,0.0158572904674823,0.021903464517842,EleutherAI/pythia-70m,0.1650755388561307,0.607179038133363,96,3.0,0.19793104911328327,0.008728626502912,95592496
ds001894,pythia-70m-full,EleutherAI/pythia-70m@step256,256,536870912.0,Phon,ses-9,96,-0.0106041281970323,-0.003908686387426,-0.0069527020006695,EleutherAI/pythia-70m,0.1650755388561307,0.607179038133363,96,3.0,-0.06423803472344973,0.008728626502912,95592496
ds001894,pythia-70m-full,EleutherAI/pythia-70m@step1000,1000,2097152000.0,Phon,ses-9,96,0.0058003249739954,0.0134610285412046,0.0036892516441355,EleutherAI/pythia-70m,0.1650755388561307,0.607179038133363,96,3.0,0.035137398394625825,0.008728626502912,95592496
ds001894,pythia-70m-full,EleutherAI/pythia-70m@step4000,4000,8388608000.0,Phon,ses-9,96,9.210248332975731e-05,0.0055565062673113,1.4815498935977804e-05,EleutherAI/pythia-70m,0.1650755388561307,0.607179038133363,96,3.0,0.0005579414367989916,0.008728626502912,95592496
ds001894,pythia-70m-full,EleutherAI/pythia-70m@step8000,8000,16777216000.0,Phon,ses-9,96,0.0025520683957647,-0.0010486328202351,0.0016520243359,EleutherAI/pythia-70m,0.1650755388561307,0.607179038133363,96,3.0,0.015460003422971831,0.008728626502912,95592496
ds001894,pythia-70m-full,EleutherAI/pythia-70m@step12000,12000,25165824000.0,Phon,ses-9,96,0.0156034142754067,0.0058568823213743,0.0104095234796796,EleutherAI/pythia-70m,0.1650755388561307,0.607179038133363,96,3.0,0.09452287348887979,0.008728626502912,95592496
ds001894,pythia-70m-full,EleutherAI/pythia-70m@step18000,18000,37748736000.0,Phon,ses-9,96,-0.0076166617681872,-0.0039039903623394,-0.0051650292654206,EleutherAI/pythia-70m,0.1650755388561307,0.607179038133363,96,3.0,-0.04614046285092182,0.008728626502912,95592496
ds001894,pythia-70m-full,EleutherAI/pythia-70m@step24000,24000,50331648000.0,Phon,ses-9,96,0.0072985969080398,0.0029571736200976,0.0048902691033352,EleutherAI/pythia-70m,0.1650755388561307,0.607179038133363,96,3.0,0.044213679135106695,0.008728626502912,95592496
ds001894,pythia-70m-full,EleutherAI/pythia-70m@step33000,33000,69206016000.0,Phon,ses-9,96,-0.006836519485484,-0.0011081249178512,-0.0045766423076775,EleutherAI/pythia-70m,0.1650755388561307,0.607179038133363,96,3.0,-0.0414144914071265,0.008728626502912,95592496
ds001894,pythia-70m-full,EleutherAI/pythia-70m@step43000,43000,90177536000.0,Phon,ses-9,96,-0.0021267517799208,-0.0017840267993984,-0.0013081893151391,EleutherAI/pythia-70m,0.1650755388561307,0.607179038133363,96,3.0,-0.012883506512581135,0.008728626502912,95592496
ds001894,pythia-70m-full,EleutherAI/pythia-70m@step56000,56000,117440512000.0,Phon,ses-9,96,-0.0106662333416821,-0.0022559831973655,-0.0072430472979993,EleutherAI/pythia-70m,0.1650755388561307,0.607179038133363,96,3.0,-0.0646142573005811,0.008728626502912,95592496
ds001894,pythia-70m-full,EleutherAI/pythia-70m@step71000,71000,148897792000.0,Phon,ses-9,96,0.0077762860428447,0.0031070254025618,0.0051836929458984,EleutherAI/pythia-70m,0.1650755388561307,0.607179038133363,96,3.0,0.0471074400043123,0.008728626502912,95592496
ds001894,pythia-70m-full,EleutherAI/pythia-70m@step90000,90000,188743680000.0,Phon,ses-9,96,-0.0158351938523307,-0.0106533381056077,-0.0106661971885185,EleutherAI/pythia-70m,0.1650755388561307,0.607179038133363,96,3.0,-0.09592695539301946,0.008728626502912,95592496
ds001894,pythia-70m-full,EleutherAI/pythia-70m@step114000,114000,239075328000.0,Phon,ses-9,96,-0.0149701238651172,-0.0127538712401461,-0.0099742941473006,EleutherAI/pythia-70m,0.1650755388561307,0.607179038133363,96,3.0,-0.09068650612229233,0.008728626502912,95592496
ds001894,pythia-70m-full,EleutherAI/pythia-70m@step143000,143000,299892736000.0,Phon,ses-9,96,0.0022880391422885,-0.0057714148405308,0.0015748682959867,EleutherAI/pythia-70m,0.1650755388561307,0.607179038133363,96,3.0,0.013860558373113105,0.008728626502912,95592496
