family,model_ref,step,task,session,layer,n_layers,n_stim,rsa,rsa_pearson,rsa_kendall
babylm-gpt2-3,BrainAlign/gpt2-babylm-3@checkpoint-01,191,Sem,ses-5,0,12,72,-0.0191577366474451,-0.0012165254635412,-0.0127994756974112
babylm-gpt2-3,BrainAlign/gpt2-babylm-3@checkpoint-01,191,Sem,ses-7,0,12,72,0.0200365747665284,0.0020988408091116,0.0134487289030989
babylm-gpt2-3,BrainAlign/gpt2-babylm-3@checkpoint-01,191,Sem,ses-9,0,12,72,0.025566255422866,0.0035684635055944,0.0173424106281524
babylm-gpt2-3,BrainAlign/gpt2-babylm-3@checkpoint-01,191,Sem,ses-5,1,12,72,-0.0167587496215706,0.0025675202252711,-0.0109423665279347
babylm-gpt2-3,BrainAlign/gpt2-babylm-3@checkpoint-01,191,Sem,ses-7,1,12,72,0.0258157348273338,0.0064830706567655,0.0173613982219037
babylm-gpt2-3,BrainAlign/gpt2-babylm-3@checkpoint-01,191,Sem,ses-9,1,12,72,0.0278959409773114,0.0070092075003693,0.0188111928802648
babylm-gpt2-3,BrainAlign/gpt2-babylm-3@checkpoint-01,191,Sem,ses-5,2,12,72,-0.0119071083758215,0.0066587397408697,-0.0079362016849958
babylm-gpt2-3,BrainAlign/gpt2-babylm-3@checkpoint-01,191,Sem,ses-7,2,12,72,0.0301059110550535,0.0105890078395617,0.0202707875870137
babylm-gpt2-3,BrainAlign/gpt2-babylm-3@checkpoint-01,191,Sem,ses-9,2,12,72,0.0306934885358028,0.0108524325736406,0.0205568264993308
babylm-gpt2-3,BrainAlign/gpt2-babylm-3@checkpoint-01,191,Sem,ses-5,3,12,72,-0.0103156940115647,0.0080081843074193,-0.0068796339681927
babylm-gpt2-3,BrainAlign/gpt2-babylm-3@checkpoint-01,191,Sem,ses-7,3,12,72,0.0338917179905335,0.0119149316946848,0.0228328877373832
babylm-gpt2-3,BrainAlign/gpt2-babylm-3@checkpoint-01,191,Sem,ses-9,3,12,72,0.0342394922731755,0.0119822013513234,0.0229915260206597
babylm-gpt2-3,BrainAlign/gpt2-babylm-3@checkpoint-01,191,Sem,ses-5,4,12,72,-0.0079225543894151,0.0092028552745422,-0.0052375133602222
babylm-gpt2-3,BrainAlign/gpt2-babylm-3@checkpoint-01,191,Sem,ses-7,4,12,72,0.0349376587678892,0.0129143922564661,0.0235893289723117
babylm-gpt2-3,BrainAlign/gpt2-babylm-3@checkpoint-01,191,Sem,ses-9,4,12,72,0.0342547794575727,0.0129886976126554,0.0230472637958649
babylm-gpt2-3,BrainAlign/gpt2-babylm-3@checkpoint-01,191,Sem,ses-5,5,12,72,-0.0090168905709558,0.0077202281904328,-0.0059229042443397
babylm-gpt2-3,BrainAlign/gpt2-babylm-3@checkpoint-01,191,Sem,ses-7,5,12,72,0.0342597717045527,0.0114530087702438,0.0231844644732933
babylm-gpt2-3,BrainAlign/gpt2-babylm-3@checkpoint-01,191,Sem,ses-9,5,12,72,0.0340245216771473,0.0116277776719696,0.0229841759843689
babylm-gpt2-3,BrainAlign/gpt2-babylm-3@checkpoint-01,191,Sem,ses-5,6,12,72,-0.0102649695628335,0.007164312639542,-0.0067773459631456
babylm-gpt2-3,BrainAlign/gpt2-babylm-3@checkpoint-01,191,Sem,ses-7,6,12,72,0.0362443052175006,0.0110815991725068,0.0243953829522033
babylm-gpt2-3,BrainAlign/gpt2-babylm-3@checkpoint-01,191,Sem,ses-9,6,12,72,0.0349544284635171,0.01116725388276,0.0236413917293716
babylm-gpt2-3,BrainAlign/gpt2-babylm-3@checkpoint-01,191,Sem,ses-5,7,12,72,-0.0100166492909954,0.0071786413430497,-0.0066493328310808
babylm-gpt2-3,BrainAlign/gpt2-babylm-3@checkpoint-01,191,Sem,ses-7,7,12,72,0.0369782043290039,0.0111640511037251,0.0249153980197777
babylm-gpt2-3,BrainAlign/gpt2-babylm-3@checkpoint-01,191,Sem,ses-9,7,12,72,0.0351419528397511,0.0112108543631376,0.0237841049340181
babylm-gpt2-3,BrainAlign/gpt2-babylm-3@checkpoint-01,191,Sem,ses-5,8,12,72,-0.0102266290772818,0.0070554369389201,-0.0068679964107322
babylm-gpt2-3,BrainAlign/gpt2-babylm-3@checkpoint-01,191,Sem,ses-7,8,12,72,0.0380602485306116,0.0109848146504482,0.0255566886861503
babylm-gpt2-3,BrainAlign/gpt2-babylm-3@checkpoint-01,191,Sem,ses-9,8,12,72,0.0358343121734102,0.0110091583785249,0.0242404196870722
babylm-gpt2-3,BrainAlign/gpt2-babylm-3@checkpoint-01,191,Sem,ses-5,9,12,72,-0.0106588367940215,0.0068208104629996,-0.0071209601597407
babylm-gpt2-3,BrainAlign/gpt2-babylm-3@checkpoint-01,191,Sem,ses-7,9,12,72,0.03884631148493,0.0108463784358813,0.0260203534754952
babylm-gpt2-3,BrainAlign/gpt2-babylm-3@checkpoint-01,191,Sem,ses-9,9,12,72,0.036246692470195,0.010837854101573,0.0244492832183358
babylm-gpt2-3,BrainAlign/gpt2-babylm-3@checkpoint-01,191,Sem,ses-5,10,12,72,-0.0106093584308327,0.0064025935067392,-0.0071828229651883
babylm-gpt2-3,BrainAlign/gpt2-babylm-3@checkpoint-01,191,Sem,ses-7,10,12,72,0.0383965629942538,0.0103990410028968,0.0257049144180149
babylm-gpt2-3,BrainAlign/gpt2-babylm-3@checkpoint-01,191,Sem,ses-9,10,12,72,0.0361560738813891,0.0103925553317716,0.0243016699894955
babylm-gpt2-3,BrainAlign/gpt2-babylm-3@checkpoint-01,191,Sem,ses-5,11,12,72,-0.0110424809497037,0.0069522159848719,-0.0074149616113729
babylm-gpt2-3,BrainAlign/gpt2-babylm-3@checkpoint-01,191,Sem,ses-7,11,12,72,0.0402546274480716,0.0109924970397881,0.0269182829090218
babylm-gpt2-3,BrainAlign/gpt2-babylm-3@checkpoint-01,191,Sem,ses-9,11,12,72,0.0375488956978289,0.0108563577518593,0.0251842868474163
babylm-gpt2-3,BrainAlign/gpt2-babylm-3@checkpoint-01,191,Phon,ses-5,0,12,72,0.0110563287400169,-0.0084467967781398,0.0076893629662296
babylm-gpt2-3,BrainAlign/gpt2-babylm-3@checkpoint-01,191,Phon,ses-7,0,12,72,-0.0280420930139547,-0.006172067602523,-0.0190904942593154
babylm-gpt2-3,BrainAlign/gpt2-babylm-3@checkpoint-01,191,Phon,ses-9,0,12,72,-0.0286127858200179,-0.0087725001758556,-0.0185955918157345
babylm-gpt2-3,BrainAlign/gpt2-babylm-3@checkpoint-01,191,Phon,ses-5,1,12,72,0.0044441971436535,-0.0017399699414865,0.0034673796201868
babylm-gpt2-3,BrainAlign/gpt2-babylm-3@checkpoint-01,191,Phon,ses-7,1,12,72,-0.0274296606539338,0.000507523143807,-0.0185717041977894
babylm-gpt2-3,BrainAlign/gpt2-babylm-3@checkpoint-01,191,Phon,ses-9,1,12,72,-0.0291392993602338,-0.0026221118219083,-0.0188252804498222
babylm-gpt2-3,BrainAlign/gpt2-babylm-3@checkpoint-01,191,Phon,ses-5,2,12,72,0.0085879432291331,0.0002607245622002,0.0063112311617038
babylm-gpt2-3,BrainAlign/gpt2-babylm-3@checkpoint-01,191,Phon,ses-7,2,12,72,-0.0196321330550883,0.0033913274928171,-0.0134860915875772
babylm-gpt2-3,BrainAlign/gpt2-babylm-3@checkpoint-01,191,Phon,ses-9,2,12,72,-0.0245702105264039,0.0008285755357129,-0.0158809784123309
babylm-gpt2-3,BrainAlign/gpt2-babylm-3@checkpoint-01,191,Phon,ses-5,3,12,72,0.0093320726023333,0.0011565441919926,0.0066211576919661
babylm-gpt2-3,BrainAlign/gpt2-babylm-3@checkpoint-01,191,Phon,ses-7,3,12,72,-0.0196341789637038,0.0045020375558098,-0.0137016926521074
babylm-gpt2-3,BrainAlign/gpt2-babylm-3@checkpoint-01,191,Phon,ses-9,3,12,72,-0.0230584378439973,0.0019176162514846,-0.0147453978054016
babylm-gpt2-3,BrainAlign/gpt2-babylm-3@checkpoint-01,191,Phon,ses-5,4,12,72,0.0111118988374291,0.0009364619784473,0.0075919749853764
babylm-gpt2-3,BrainAlign/gpt2-babylm-3@checkpoint-01,191,Phon,ses-7,4,12,72,-0.0205919595482402,0.0041896497334866,-0.0144348587721151
babylm-gpt2-3,BrainAlign/gpt2-babylm-3@checkpoint-01,191,Phon,ses-9,4,12,72,-0.0210874826391952,0.0017112397350872,-0.0133593034615608
babylm-gpt2-3,BrainAlign/gpt2-babylm-3@checkpoint-01,191,Phon,ses-5,5,12,72,0.0095429291039379,-0.0002062753741321,0.0065403072927672
babylm-gpt2-3,BrainAlign/gpt2-babylm-3@checkpoint-01,191,Phon,ses-7,5,12,72,-0.0230959159866131,0.0026409505583718,-0.0160194040958077
babylm-gpt2-3,BrainAlign/gpt2-babylm-3@checkpoint-01,191,Phon,ses-9,5,12,72,-0.0222392882284645,-1.7081867975636197e-05,-0.0140961445997139
babylm-gpt2-3,BrainAlign/gpt2-babylm-3@checkpoint-01,191,Phon,ses-5,6,12,72,0.0057665037409819,-0.0016182603901167,0.0041092827895837
babylm-gpt2-3,BrainAlign/gpt2-babylm-3@checkpoint-01,191,Phon,ses-7,6,12,72,-0.0280487459897056,0.0008788020145462,-0.0192969077784821
babylm-gpt2-3,BrainAlign/gpt2-babylm-3@checkpoint-01,191,Phon,ses-9,6,12,72,-0.0236908161961269,-0.0016818675505883,-0.0149836614818285
babylm-gpt2-3,BrainAlign/gpt2-babylm-3@checkpoint-01,191,Phon,ses-5,7,12,72,0.0016276385165199,-0.0026020087282449,0.0012397061210489
babylm-gpt2-3,BrainAlign/gpt2-babylm-3@checkpoint-01,191,Phon,ses-7,7,12,72,-0.03335970773272,-0.0002737041276866,-0.0228132876406077
babylm-gpt2-3,BrainAlign/gpt2-babylm-3@checkpoint-01,191,Phon,ses-9,7,12,72,-0.0265650770635818,-0.002662378392796,-0.016982258849903
babylm-gpt2-3,BrainAlign/gpt2-babylm-3@checkpoint-01,191,Phon,ses-5,8,12,72,2.527958316757036e-05,-0.0044503040176555,0.0001488382348887
babylm-gpt2-3,BrainAlign/gpt2-babylm-3@checkpoint-01,191,Phon,ses-7,8,12,72,-0.0374959075988908,-0.0023072512764204,-0.0256179389885737
babylm-gpt2-3,BrainAlign/gpt2-babylm-3@checkpoint-01,191,Phon,ses-9,8,12,72,-0.0274211974766365,-0.0044106283671825,-0.0174838988267504
babylm-gpt2-3,BrainAlign/gpt2-babylm-3@checkpoint-01,191,Phon,ses-5,9,12,72,-0.0016522849962486,-0.005552215069669,-0.0009457046694168
babylm-gpt2-3,BrainAlign/gpt2-babylm-3@checkpoint-01,191,Phon,ses-7,9,12,72,-0.0404162427307948,-0.0035190473481156,-0.027644711495763
babylm-gpt2-3,BrainAlign/gpt2-babylm-3@checkpoint-01,191,Phon,ses-9,9,12,72,-0.028488956248891,-0.0055600058804,-0.018203589880225
babylm-gpt2-3,BrainAlign/gpt2-babylm-3@checkpoint-01,191,Phon,ses-5,10,12,72,-0.0037516430642147,-0.0061127681597976,-0.0023562991342269
babylm-gpt2-3,BrainAlign/gpt2-babylm-3@checkpoint-01,191,Phon,ses-7,10,12,72,-0.0438382810780282,-0.0042539190299854,-0.0299287352731304
babylm-gpt2-3,BrainAlign/gpt2-babylm-3@checkpoint-01,191,Phon,ses-9,10,12,72,-0.0298953937416704,-0.0063291915285817,-0.0191352069800844
babylm-gpt2-3,BrainAlign/gpt2-babylm-3@checkpoint-01,191,Phon,ses-5,11,12,72,-0.0067086637018526,-0.0075804265067955,-0.0043824591383919
babylm-gpt2-3,BrainAlign/gpt2-babylm-3@checkpoint-01,191,Phon,ses-7,11,12,72,-0.0483413388760138,-0.0060291220577254,-0.0330329005999467
babylm-gpt2-3,BrainAlign/gpt2-babylm-3@checkpoint-01,191,Phon,ses-9,11,12,72,-0.0312746106610573,-0.0079271266195368,-0.0200539615164349
babylm-gpt2-3,BrainAlign/gpt2-babylm-3@checkpoint-01,191,Gram,ses-5,0,12,60,-0.0218361061924553,-0.0195900667908728,-0.0142089277672916
babylm-gpt2-3,BrainAlign/gpt2-babylm-3@checkpoint-01,191,Gram,ses-7,0,12,60,-0.0266413312398516,-0.0126597461268153,-0.0174512077109541
babylm-gpt2-3,BrainAlign/gpt2-babylm-3@checkpoint-01,191,Gram,ses-9,0,12,60,-0.0200562287462988,-0.0133063726691735,-0.0134373213504389
babylm-gpt2-3,BrainAlign/gpt2-babylm-3@checkpoint-01,191,Gram,ses-5,1,12,60,-0.0221305537875649,-0.0250115272500126,-0.0147365328172257
babylm-gpt2-3,BrainAlign/gpt2-babylm-3@checkpoint-01,191,Gram,ses-7,1,12,60,-0.0295669823672979,-0.020310365099968,-0.0199001638386141
babylm-gpt2-3,BrainAlign/gpt2-babylm-3@checkpoint-01,191,Gram,ses-9,1,12,60,-0.0328976084916119,-0.0209604821039193,-0.0218700596909103
babylm-gpt2-3,BrainAlign/gpt2-babylm-3@checkpoint-01,191,Gram,ses-5,2,12,60,-0.0199235720599517,-0.0261894289082883,-0.013521635958903
babylm-gpt2-3,BrainAlign/gpt2-babylm-3@checkpoint-01,191,Gram,ses-7,2,12,60,-0.0299241541276539,-0.021950157465928,-0.0199065513089523
babylm-gpt2-3,BrainAlign/gpt2-babylm-3@checkpoint-01,191,Gram,ses-9,2,12,60,-0.0344542736047456,-0.022007489524315,-0.0228754475221405
babylm-gpt2-3,BrainAlign/gpt2-babylm-3@checkpoint-01,191,Gram,ses-5,3,12,60,-0.0192595745010979,-0.0234349144631012,-0.0127666369649295
babylm-gpt2-3,BrainAlign/gpt2-babylm-3@checkpoint-01,191,Gram,ses-7,3,12,60,-0.0302733557965625,-0.0189357517239981,-0.0198643940047203
babylm-gpt2-3,BrainAlign/gpt2-babylm-3@checkpoint-01,191,Gram,ses-9,3,12,60,-0.0335815951177206,-0.0183700672548417,-0.0220744587417322
babylm-gpt2-3,BrainAlign/gpt2-babylm-3@checkpoint-01,191,Gram,ses-5,4,12,60,-0.0190703221585946,-0.0226955135980814,-0.012859894031867
babylm-gpt2-3,BrainAlign/gpt2-babylm-3@checkpoint-01,191,Gram,ses-7,4,12,60,-0.0291279002264437,-0.0174019716455008,-0.0191809346785345
babylm-gpt2-3,BrainAlign/gpt2-babylm-3@checkpoint-01,191,Gram,ses-9,4,12,60,-0.03479774061649,-0.0174070222476177,-0.0231846010865087
babylm-gpt2-3,BrainAlign/gpt2-babylm-3@checkpoint-01,191,Gram,ses-5,5,12,60,-0.0179777942280686,-0.0204055157362072,-0.0118928310226659
babylm-gpt2-3,BrainAlign/gpt2-babylm-3@checkpoint-01,191,Gram,ses-7,5,12,60,-0.0284245477712928,-0.0140307440890585,-0.0184872553998077
babylm-gpt2-3,BrainAlign/gpt2-babylm-3@checkpoint-01,191,Gram,ses-9,5,12,60,-0.0342593861500704,-0.0145030359963363,-0.0226748809535215
babylm-gpt2-3,BrainAlign/gpt2-babylm-3@checkpoint-01,191,Gram,ses-5,6,12,60,-0.0168282919376114,-0.0183710338336568,-0.0114086607710315
babylm-gpt2-3,BrainAlign/gpt2-babylm-3@checkpoint-01,191,Gram,ses-7,6,12,60,-0.0282150618270971,-0.0116328471148895,-0.018588177431151
babylm-gpt2-3,BrainAlign/gpt2-babylm-3@checkpoint-01,191,Gram,ses-9,6,12,60,-0.035035386973394,-0.0121809412959554,-0.0232970205644607
babylm-gpt2-3,BrainAlign/gpt2-babylm-3@checkpoint-01,191,Gram,ses-5,7,12,60,-0.0158044868401276,-0.0163058439607731,-0.0107047615397636
babylm-gpt2-3,BrainAlign/gpt2-babylm-3@checkpoint-01,191,Gram,ses-7,7,12,60,-0.0272781616718983,-0.0089181836579807,-0.0178382884134481
babylm-gpt2-3,BrainAlign/gpt2-babylm-3@checkpoint-01,191,Gram,ses-9,7,12,60,-0.0349461989883513,-0.009737028077045,-0.0232523082720934
babylm-gpt2-3,BrainAlign/gpt2-babylm-3@checkpoint-01,191,Gram,ses-5,8,12,60,-0.014231918332466,-0.0146805494795511,-0.0095473519144845
babylm-gpt2-3,BrainAlign/gpt2-babylm-3@checkpoint-01,191,Gram,ses-7,8,12,60,-0.0267751846301276,-0.0066644373567442,-0.017212316320306
babylm-gpt2-3,BrainAlign/gpt2-babylm-3@checkpoint-01,191,Gram,ses-9,8,12,60,-0.035473157717176,-0.0077458285698884,-0.0235026971093503
babylm-gpt2-3,BrainAlign/gpt2-babylm-3@checkpoint-01,191,Gram,ses-5,9,12,60,-0.0140628563112236,-0.0139035714570847,-0.0094055500729768
babylm-gpt2-3,BrainAlign/gpt2-babylm-3@checkpoint-01,191,Gram,ses-7,9,12,60,-0.02666540165179,-0.0057353732878723,-0.0170424096093103
babylm-gpt2-3,BrainAlign/gpt2-babylm-3@checkpoint-01,191,Gram,ses-9,9,12,60,-0.0360246542865986,-0.0069225450865969,-0.0236777137966165
babylm-gpt2-3,BrainAlign/gpt2-babylm-3@checkpoint-01,191,Gram,ses-5,10,12,60,-0.0128254904169253,-0.0120758417397531,-0.0085841213874863
babylm-gpt2-3,BrainAlign/gpt2-babylm-3@checkpoint-01,191,Gram,ses-7,10,12,60,-0.0261772200255028,-0.0032661287775972,-0.0167396435152804
babylm-gpt2-3,BrainAlign/gpt2-babylm-3@checkpoint-01,191,Gram,ses-9,10,12,60,-0.0372809055971503,-0.0048508141591549,-0.0244173828617783
babylm-gpt2-3,BrainAlign/gpt2-babylm-3@checkpoint-01,191,Gram,ses-5,11,12,60,-0.0124996536889229,-0.0108459663421897,-0.0083375650324323
babylm-gpt2-3,BrainAlign/gpt2-babylm-3@checkpoint-01,191,Gram,ses-7,11,12,60,-0.0254420759294468,-0.0018495056127312,-0.0161328338331528
babylm-gpt2-3,BrainAlign/gpt2-babylm-3@checkpoint-01,191,Gram,ses-9,11,12,60,-0.0383531241852289,-0.0036573527143038,-0.0250267475320411
babylm-gpt2-3,BrainAlign/gpt2-babylm-3@checkpoint-01,191,Plaus,ses-5,0,12,60,-0.0411172375944366,-0.0382814979957979,-0.0272521421978646
babylm-gpt2-3,BrainAlign/gpt2-babylm-3@checkpoint-01,191,Plaus,ses-7,0,12,60,-0.0702101553301682,-0.0435397039280963,-0.0471286723962275
babylm-gpt2-3,BrainAlign/gpt2-babylm-3@checkpoint-01,191,Plaus,ses-9,0,12,60,-0.0625522413066262,-0.04352457809808,-0.0427200403688125
babylm-gpt2-3,BrainAlign/gpt2-babylm-3@checkpoint-01,191,Plaus,ses-5,1,12,60,-0.0397663428004606,-0.0322754938827186,-0.0273006869724348
babylm-gpt2-3,BrainAlign/gpt2-babylm-3@checkpoint-01,191,Plaus,ses-7,1,12,60,-0.0686875043080935,-0.0369654746469872,-0.0466585545793371
babylm-gpt2-3,BrainAlign/gpt2-babylm-3@checkpoint-01,191,Plaus,ses-9,1,12,60,-0.060882789553214,-0.0382145620348424,-0.0416750502214855
babylm-gpt2-3,BrainAlign/gpt2-babylm-3@checkpoint-01,191,Plaus,ses-5,2,12,60,-0.0359525079714304,-0.0315408133559011,-0.0248491758566396
babylm-gpt2-3,BrainAlign/gpt2-babylm-3@checkpoint-01,191,Plaus,ses-7,2,12,60,-0.0677495589304758,-0.036363861289147,-0.0458550108107935
babylm-gpt2-3,BrainAlign/gpt2-babylm-3@checkpoint-01,191,Plaus,ses-9,2,12,60,-0.0593923889446175,-0.038120638109428,-0.0408178517021011
babylm-gpt2-3,BrainAlign/gpt2-babylm-3@checkpoint-01,191,Plaus,ses-5,3,12,60,-0.0315243961431703,-0.0292029886987672,-0.0215992309485712
babylm-gpt2-3,BrainAlign/gpt2-babylm-3@checkpoint-01,191,Plaus,ses-7,3,12,60,-0.0659464572048152,-0.0344594003767873,-0.0445851817075624
babylm-gpt2-3,BrainAlign/gpt2-babylm-3@checkpoint-01,191,Plaus,ses-9,3,12,60,-0.0576069867513892,-0.0367112128661378,-0.0397268717683392
babylm-gpt2-3,BrainAlign/gpt2-babylm-3@checkpoint-01,191,Plaus,ses-5,4,12,60,-0.0318621155136212,-0.0313378994353689,-0.0219122169951423
babylm-gpt2-3,BrainAlign/gpt2-babylm-3@checkpoint-01,191,Plaus,ses-7,4,12,60,-0.0704779703117989,-0.037509705641192,-0.0476345600470117
babylm-gpt2-3,BrainAlign/gpt2-babylm-3@checkpoint-01,191,Plaus,ses-9,4,12,60,-0.0612534280198086,-0.0398796036599804,-0.0421042882282115
babylm-gpt2-3,BrainAlign/gpt2-babylm-3@checkpoint-01,191,Plaus,ses-5,5,12,60,-0.0305411274977617,-0.0329797559487146,-0.0206973201368196
babylm-gpt2-3,BrainAlign/gpt2-babylm-3@checkpoint-01,191,Plaus,ses-7,5,12,60,-0.0758747566239902,-0.0402453484147873,-0.0512204858948686
babylm-gpt2-3,BrainAlign/gpt2-babylm-3@checkpoint-01,191,Plaus,ses-9,5,12,60,-0.0647418178087408,-0.0422410521217655,-0.0442517557559092
babylm-gpt2-3,BrainAlign/gpt2-babylm-3@checkpoint-01,191,Plaus,ses-5,6,12,60,-0.0295911025517325,-0.0336162187719835,-0.0200279132453778
babylm-gpt2-3,BrainAlign/gpt2-babylm-3@checkpoint-01,191,Plaus,ses-7,6,12,60,-0.0780194881070811,-0.0412819332533338,-0.0527125989658685
babylm-gpt2-3,BrainAlign/gpt2-babylm-3@checkpoint-01,191,Plaus,ses-9,6,12,60,-0.0664019426291805,-0.0431198028225215,-0.0453095208439125
babylm-gpt2-3,BrainAlign/gpt2-babylm-3@checkpoint-01,191,Plaus,ses-5,7,12,60,-0.0285402861369948,-0.0346343798518517,-0.0193035741090277
babylm-gpt2-3,BrainAlign/gpt2-babylm-3@checkpoint-01,191,Plaus,ses-7,7,12,60,-0.0799640237905823,-0.042777373039495,-0.0540194753970611
babylm-gpt2-3,BrainAlign/gpt2-babylm-3@checkpoint-01,191,Plaus,ses-9,7,12,60,-0.0677777950839391,-0.0447164603636907,-0.0463149086751428
babylm-gpt2-3,BrainAlign/gpt2-babylm-3@checkpoint-01,191,Plaus,ses-5,8,12,60,-0.0282844684909559,-0.0361635971152374,-0.0191911546310756
babylm-gpt2-3,BrainAlign/gpt2-babylm-3@checkpoint-01,191,Plaus,ses-7,8,12,60,-0.0819390180777006,-0.0446780458446511,-0.0554196088951911
babylm-gpt2-3,BrainAlign/gpt2-babylm-3@checkpoint-01,191,Plaus,ses-9,8,12,60,-0.0692835321134119,-0.0464231817743891,-0.0473087990597643
babylm-gpt2-3,BrainAlign/gpt2-babylm-3@checkpoint-01,191,Plaus,ses-5,9,12,60,-0.0260970538463911,-0.0353253727799355,-0.0177884661448103
babylm-gpt2-3,BrainAlign/gpt2-babylm-3@checkpoint-01,191,Plaus,ses-7,9,12,60,-0.0806607976201562,-0.0437080071073249,-0.0545151430953042
babylm-gpt2-3,BrainAlign/gpt2-babylm-3@checkpoint-01,191,Plaus,ses-9,9,12,60,-0.0689222984845665,-0.0457583631964634,-0.0471733846885948
babylm-gpt2-3,BrainAlign/gpt2-babylm-3@checkpoint-01,191,Plaus,ses-5,10,12,60,-0.0235011043894737,-0.0352957247686254,-0.0160344667899448
babylm-gpt2-3,BrainAlign/gpt2-babylm-3@checkpoint-01,191,Plaus,ses-7,10,12,60,-0.0803725521108702,-0.0439736466852873,-0.0544627658385311
babylm-gpt2-3,BrainAlign/gpt2-babylm-3@checkpoint-01,191,Plaus,ses-9,10,12,60,-0.0682046396828072,-0.0458560306266979,-0.0469293833216762
babylm-gpt2-3,BrainAlign/gpt2-babylm-3@checkpoint-01,191,Plaus,ses-5,11,12,60,-0.021408389492894,-0.0350821904179647,-0.014506583885051
babylm-gpt2-3,BrainAlign/gpt2-babylm-3@checkpoint-01,191,Plaus,ses-7,11,12,60,-0.079153229828434,-0.0437453687042098,-0.0534714304420448
babylm-gpt2-3,BrainAlign/gpt2-babylm-3@checkpoint-01,191,Plaus,ses-9,11,12,60,-0.0673574447138068,-0.0459208365368188,-0.0461756618217704
babylm-gpt2-3,BrainAlign/gpt2-babylm-3@checkpoint-05,1146,Sem,ses-5,0,12,72,0.0225998934553744,0.013039410133379,0.0151692498981713
babylm-gpt2-3,BrainAlign/gpt2-babylm-3@checkpoint-05,1146,Sem,ses-7,0,12,72,0.026428822567986,0.0142308043254827,0.0177233875092258
babylm-gpt2-3,BrainAlign/gpt2-babylm-3@checkpoint-05,1146,Sem,ses-9,0,12,72,0.0218358791726901,0.0148692096223748,0.0146921100422933
babylm-gpt2-3,BrainAlign/gpt2-babylm-3@checkpoint-05,1146,Sem,ses-5,1,12,72,0.0242049005001592,0.0123571209725952,0.0163709808317178
babylm-gpt2-3,BrainAlign/gpt2-babylm-3@checkpoint-05,1146,Sem,ses-7,1,12,72,0.0251630554852536,0.0139467917746087,0.0167225575676279
babylm-gpt2-3,BrainAlign/gpt2-babylm-3@checkpoint-05,1146,Sem,ses-9,1,12,72,0.0189617613104387,0.0138292891963302,0.0126059247417534
babylm-gpt2-3,BrainAlign/gpt2-babylm-3@checkpoint-05,1146,Sem,ses-5,2,12,72,0.0263663170775114,0.0157606765699756,0.0178581381745572
babylm-gpt2-3,BrainAlign/gpt2-babylm-3@checkpoint-05,1146,Sem,ses-7,2,12,72,0.0284941676747006,0.0174898409486674,0.0187695426746169
babylm-gpt2-3,BrainAlign/gpt2-babylm-3@checkpoint-05,1146,Sem,ses-9,2,12,72,0.0213677246906651,0.0169973168303177,0.014232732774118
babylm-gpt2-3,BrainAlign/gpt2-babylm-3@checkpoint-05,1146,Sem,ses-5,3,12,72,0.0287994126409794,0.0192400177047571,0.0193526455536874
babylm-gpt2-3,BrainAlign/gpt2-babylm-3@checkpoint-05,1146,Sem,ses-7,3,12,72,0.030756213923726,0.0213138318914738,0.0202174998239053
babylm-gpt2-3,BrainAlign/gpt2-babylm-3@checkpoint-05,1146,Sem,ses-9,3,12,72,0.0233000411829834,0.0207424161376379,0.015585139451626
babylm-gpt2-3,BrainAlign/gpt2-babylm-3@checkpoint-05,1146,Sem,ses-5,4,12,72,0.0276331735868196,0.0215579053310797,0.018680729736103
babylm-gpt2-3,BrainAlign/gpt2-babylm-3@checkpoint-05,1146,Sem,ses-7,4,12,72,0.0317536421619812,0.0241063466047717,0.0210976666697291
babylm-gpt2-3,BrainAlign/gpt2-babylm-3@checkpoint-05,1146,Sem,ses-9,4,12,72,0.0240237028465987,0.023144160722114,0.0161247546159759
babylm-gpt2-3,BrainAlign/gpt2-babylm-3@checkpoint-05,1146,Sem,ses-5,5,12,72,0.0264167785116471,0.0203859889230627,0.0177154249699107
babylm-gpt2-3,BrainAlign/gpt2-babylm-3@checkpoint-05,1146,Sem,ses-7,5,12,72,0.0308114412398211,0.022789266478725,0.0205488639600158
babylm-gpt2-3,BrainAlign/gpt2-babylm-3@checkpoint-05,1146,Sem,ses-9,5,12,72,0.0253373838587101,0.0218769567077732,0.0169504086926429
babylm-gpt2-3,BrainAlign/gpt2-babylm-3@checkpoint-05,1146,Sem,ses-5,6,12,72,0.0227542018189536,0.019463591140601,0.015294200515115
babylm-gpt2-3,BrainAlign/gpt2-babylm-3@checkpoint-05,1146,Sem,ses-7,6,12,72,0.0329494236478887,0.0220883960671111,0.0219974336123284
babylm-gpt2-3,BrainAlign/gpt2-babylm-3@checkpoint-05,1146,Sem,ses-9,6,12,72,0.0273523020250065,0.0211207367457285,0.018342628066726
babylm-gpt2-3,BrainAlign/gpt2-babylm-3@checkpoint-05,1146,Sem,ses-5,7,12,72,0.0204073211463652,0.0179188084705472,0.0136006296531089
babylm-gpt2-3,BrainAlign/gpt2-babylm-3@checkpoint-05,1146,Sem,ses-7,7,12,72,0.0310658194707843,0.0206017156150067,0.0207338398733343
babylm-gpt2-3,BrainAlign/gpt2-babylm-3@checkpoint-05,1146,Sem,ses-9,7,12,72,0.0265346615096115,0.0198050764856367,0.0179451136039984
babylm-gpt2-3,BrainAlign/gpt2-babylm-3@checkpoint-05,1146,Sem,ses-5,8,12,72,0.020719828477403,0.0186646467467557,0.0138235807539299
babylm-gpt2-3,BrainAlign/gpt2-babylm-3@checkpoint-05,1146,Sem,ses-7,8,12,72,0.0304001597116606,0.0212358193762673,0.0201482869821669
babylm-gpt2-3,BrainAlign/gpt2-babylm-3@checkpoint-05,1146,Sem,ses-9,8,12,72,0.0283632597053077,0.0205788846638112,0.0190623191202006
babylm-gpt2-3,BrainAlign/gpt2-babylm-3@checkpoint-05,1146,Sem,ses-5,9,12,72,0.0193242177001844,0.0158398525264983,0.0129807765925844
babylm-gpt2-3,BrainAlign/gpt2-babylm-3@checkpoint-05,1146,Sem,ses-7,9,12,72,0.0255246883374955,0.0181435442998681,0.0169938964073635
babylm-gpt2-3,BrainAlign/gpt2-babylm-3@checkpoint-05,1146,Sem,ses-9,9,12,72,0.0250251761918426,0.0178346452578301,0.0169491836865944
babylm-gpt2-3,BrainAlign/gpt2-babylm-3@checkpoint-05,1146,Sem,ses-5,10,12,72,0.0195455250795537,0.0131167625173391,0.0128625635089073
babylm-gpt2-3,BrainAlign/gpt2-babylm-3@checkpoint-05,1146,Sem,ses-7,10,12,72,0.0208094855538353,0.0150267928301802,0.0138021431480817
babylm-gpt2-3,BrainAlign/gpt2-babylm-3@checkpoint-05,1146,Sem,ses-9,10,12,72,0.0228308260191471,0.0153428314797682,0.0151931375161164
babylm-gpt2-3,BrainAlign/gpt2-babylm-3@checkpoint-05,1146,Sem,ses-5,11,12,72,0.0191824549890852,0.012597362534444,0.0126843251288553
babylm-gpt2-3,BrainAlign/gpt2-babylm-3@checkpoint-05,1146,Sem,ses-7,11,12,72,0.0197955089546391,0.0143564560781747,0.0131167522639643
babylm-gpt2-3,BrainAlign/gpt2-babylm-3@checkpoint-05,1146,Sem,ses-9,11,12,72,0.023207294762983,0.0149008224013068,0.0155330766945661
babylm-gpt2-3,BrainAlign/gpt2-babylm-3@checkpoint-05,1146,Phon,ses-5,0,12,72,0.0101922187196606,-0.0023275816867104,0.0073414612484649
babylm-gpt2-3,BrainAlign/gpt2-babylm-3@checkpoint-05,1146,Phon,ses-7,0,12,72,-0.0211959193889153,0.0012355575463372,-0.0139258687589769
babylm-gpt2-3,BrainAlign/gpt2-babylm-3@checkpoint-05,1146,Phon,ses-9,0,12,72,0.0012299209241229,0.0053765281275497,0.0010081799778886
babylm-gpt2-3,BrainAlign/gpt2-babylm-3@checkpoint-05,1146,Phon,ses-5,1,12,72,-0.0003929315891024,-0.0097580263861659,0.0005371651522529
babylm-gpt2-3,BrainAlign/gpt2-babylm-3@checkpoint-05,1146,Phon,ses-7,1,12,72,-0.0310321406674205,-0.0065828981879326,-0.0205917391717121
babylm-gpt2-3,BrainAlign/gpt2-babylm-3@checkpoint-05,1146,Phon,ses-9,1,12,72,-0.0130674547532524,-0.0030163592288937,-0.0085340046366478
babylm-gpt2-3,BrainAlign/gpt2-babylm-3@checkpoint-05,1146,Phon,ses-5,2,12,72,0.0004218854717963,-0.0119314669533732,0.0010161425172036
babylm-gpt2-3,BrainAlign/gpt2-babylm-3@checkpoint-05,1146,Phon,ses-7,2,12,72,-0.0325439320339241,-0.0090780420732268,-0.0214810935628994
babylm-gpt2-3,BrainAlign/gpt2-babylm-3@checkpoint-05,1146,Phon,ses-9,2,12,72,-0.014830674419259,-0.0053496046880101,-0.0094037589310597
babylm-gpt2-3,BrainAlign/gpt2-babylm-3@checkpoint-05,1146,Phon,ses-5,3,12,72,-0.0012283586461706,-0.0150562352302652,-0.0005016399768473
babylm-gpt2-3,BrainAlign/gpt2-babylm-3@checkpoint-05,1146,Phon,ses-7,3,12,72,-0.0349069464242251,-0.0127019027032023,-0.0232120271093838
babylm-gpt2-3,BrainAlign/gpt2-babylm-3@checkpoint-05,1146,Phon,ses-9,3,12,72,-0.0187594887141425,-0.0087208815046342,-0.0121428724554327
babylm-gpt2-3,BrainAlign/gpt2-babylm-3@checkpoint-05,1146,Phon,ses-5,4,12,72,-0.000731404784561,-0.014319980828072,-0.0001776258770277
babylm-gpt2-3,BrainAlign/gpt2-babylm-3@checkpoint-05,1146,Phon,ses-7,4,12,72,-0.0325062059677142,-0.0121144824323366,-0.0213984056546279
babylm-gpt2-3,BrainAlign/gpt2-babylm-3@checkpoint-05,1146,Phon,ses-9,4,12,72,-0.0198586152106924,-0.0079834142612537,-0.012759663000836
babylm-gpt2-3,BrainAlign/gpt2-babylm-3@checkpoint-05,1146,Phon,ses-5,5,12,72,-0.0030853401409846,-0.0170456246046883,-0.0016206830021223
babylm-gpt2-3,BrainAlign/gpt2-babylm-3@checkpoint-05,1146,Phon,ses-7,5,12,72,-0.0352309329769787,-0.0147907763833619,-0.0232910399995099
babylm-gpt2-3,BrainAlign/gpt2-babylm-3@checkpoint-05,1146,Phon,ses-9,5,12,72,-0.0215362976436432,-0.0101511123874851,-0.0139773190130126
babylm-gpt2-3,BrainAlign/gpt2-babylm-3@checkpoint-05,1146,Phon,ses-5,6,12,72,-0.003843932442459,-0.016107652047083,-0.0020414725797708
babylm-gpt2-3,BrainAlign/gpt2-babylm-3@checkpoint-05,1146,Phon,ses-7,6,12,72,-0.0369446088854572,-0.0136818688158189,-0.0245399336659224
babylm-gpt2-3,BrainAlign/gpt2-babylm-3@checkpoint-05,1146,Phon,ses-9,6,12,72,-0.020030242294902,-0.0090235340465879,-0.012974651562342
babylm-gpt2-3,BrainAlign/gpt2-babylm-3@checkpoint-05,1146,Phon,ses-5,7,12,72,-0.0024567568163924,-0.0136249860326675,-0.0011472181643896
babylm-gpt2-3,BrainAlign/gpt2-babylm-3@checkpoint-05,1146,Phon,ses-7,7,12,72,-0.0337895044823346,-0.0108779067394502,-0.0224929485589335
babylm-gpt2-3,BrainAlign/gpt2-babylm-3@checkpoint-05,1146,Phon,ses-9,7,12,72,-0.017686402099782,-0.0067948596626933,-0.011567119612653
babylm-gpt2-3,BrainAlign/gpt2-babylm-3@checkpoint-05,1146,Phon,ses-5,8,12,72,0.000131441903394,-0.0117562799400731,0.0007466411865408
babylm-gpt2-3,BrainAlign/gpt2-babylm-3@checkpoint-05,1146,Phon,ses-7,8,12,72,-0.0271768569174478,-0.008562847994688,-0.0182372775465578
babylm-gpt2-3,BrainAlign/gpt2-babylm-3@checkpoint-05,1146,Phon,ses-9,8,12,72,-0.0132627308738615,-0.0048506773274357,-0.0084703043221275
babylm-gpt2-3,BrainAlign/gpt2-babylm-3@checkpoint-05,1146,Phon,ses-5,9,12,72,-0.0015512730192071,-0.0137413708485589,-6.860033871417239e-05
babylm-gpt2-3,BrainAlign/gpt2-babylm-3@checkpoint-05,1146,Phon,ses-7,9,12,72,-0.0275549712990532,-0.0103415955614078,-0.0183175154427325
babylm-gpt2-3,BrainAlign/gpt2-babylm-3@checkpoint-05,1146,Phon,ses-9,9,12,72,-0.0091320435349088,-0.0061673278203543,-0.0056950531193247
babylm-gpt2-3,BrainAlign/gpt2-babylm-3@checkpoint-05,1146,Phon,ses-5,10,12,72,-0.0043376553925352,-0.0148088587669528,-0.0020953728459034
babylm-gpt2-3,BrainAlign/gpt2-babylm-3@checkpoint-05,1146,Phon,ses-7,10,12,72,-0.0285063195239065,-0.0112542980280449,-0.0189575811030566
babylm-gpt2-3,BrainAlign/gpt2-babylm-3@checkpoint-05,1146,Phon,ses-9,10,12,72,-0.005474216195935,-0.0060085505858193,-0.0032860787250137
babylm-gpt2-3,BrainAlign/gpt2-babylm-3@checkpoint-05,1146,Phon,ses-5,11,12,72,-0.0119171086794022,-0.0193890184399054,-0.0071381102444193
babylm-gpt2-3,BrainAlign/gpt2-babylm-3@checkpoint-05,1146,Phon,ses-7,11,12,72,-0.0345050479058269,-0.0167375515230531,-0.0231072890922398
babylm-gpt2-3,BrainAlign/gpt2-babylm-3@checkpoint-05,1146,Phon,ses-9,11,12,72,-0.0082984985412984,-0.0111321419925143,-0.0052246507967133
babylm-gpt2-3,BrainAlign/gpt2-babylm-3@checkpoint-05,1146,Gram,ses-5,0,12,60,-0.011076045606127,-0.0260397766871486,-0.0076119484020146
babylm-gpt2-3,BrainAlign/gpt2-babylm-3@checkpoint-05,1146,Gram,ses-7,0,12,60,-0.0262180507845116,-0.0213182922222291,-0.0172519186364028
babylm-gpt2-3,BrainAlign/gpt2-babylm-3@checkpoint-05,1146,Gram,ses-9,0,12,60,-0.0509379851415141,-0.0271625822973739,-0.0339973108749876
babylm-gpt2-3,BrainAlign/gpt2-babylm-3@checkpoint-05,1146,Gram,ses-5,1,12,60,-0.0115915739730117,-0.026356227920211,-0.0082481404476977
babylm-gpt2-3,BrainAlign/gpt2-babylm-3@checkpoint-05,1146,Gram,ses-7,1,12,60,-0.0247708397184367,-0.0235253567798088,-0.0164113275398977
babylm-gpt2-3,BrainAlign/gpt2-babylm-3@checkpoint-05,1146,Gram,ses-9,1,12,60,-0.0604687148456386,-0.0295775814725425,-0.040336236438602
babylm-gpt2-3,BrainAlign/gpt2-babylm-3@checkpoint-05,1146,Gram,ses-5,2,12,60,-0.0103331002123062,-0.0257952501253392,-0.0073436746478108
babylm-gpt2-3,BrainAlign/gpt2-babylm-3@checkpoint-05,1146,Gram,ses-7,2,12,60,-0.0257527601784064,-0.0215169024634506,-0.0171088393008274
babylm-gpt2-3,BrainAlign/gpt2-babylm-3@checkpoint-05,1146,Gram,ses-9,2,12,60,-0.0621004174067598,-0.0278186869929105,-0.0417312599604615
babylm-gpt2-3,BrainAlign/gpt2-babylm-3@checkpoint-05,1146,Gram,ses-5,3,12,60,-0.0085848326292427,-0.0266420077512517,-0.0060572381217004
babylm-gpt2-3,BrainAlign/gpt2-babylm-3@checkpoint-05,1146,Gram,ses-7,3,12,60,-0.0235272803944011,-0.0208811298217034,-0.0154979192815373
babylm-gpt2-3,BrainAlign/gpt2-babylm-3@checkpoint-05,1146,Gram,ses-9,3,12,60,-0.0582169227233469,-0.0277007006929662,-0.0385617971786543
babylm-gpt2-3,BrainAlign/gpt2-babylm-3@checkpoint-05,1146,Gram,ses-5,4,12,60,-0.0100925432463886,-0.0269773911330604,-0.006991086285143
babylm-gpt2-3,BrainAlign/gpt2-babylm-3@checkpoint-05,1146,Gram,ses-7,4,12,60,-0.0224762757097867,-0.0212028899787498,-0.0146202808570707
babylm-gpt2-3,BrainAlign/gpt2-babylm-3@checkpoint-05,1146,Gram,ses-9,4,12,60,-0.0576327364440671,-0.0282372639518663,-0.038031637140585
babylm-gpt2-3,BrainAlign/gpt2-babylm-3@checkpoint-05,1146,Gram,ses-5,5,12,60,-0.0091485948729319,-0.0263568702557583,-0.0064123814725035
babylm-gpt2-3,BrainAlign/gpt2-babylm-3@checkpoint-05,1146,Gram,ses-7,5,12,60,-0.0220921488967377,-0.0207106359784272,-0.0145397987308096
babylm-gpt2-3,BrainAlign/gpt2-babylm-3@checkpoint-05,1146,Gram,ses-9,5,12,60,-0.0578856737773944,-0.0279287045285566,-0.0383369582227502
babylm-gpt2-3,BrainAlign/gpt2-babylm-3@checkpoint-05,1146,Gram,ses-5,6,12,60,-0.0091970689561307,-0.0243685851680889,-0.0065592932902817
babylm-gpt2-3,BrainAlign/gpt2-babylm-3@checkpoint-05,1146,Gram,ses-7,6,12,60,-0.0206756755930626,-0.0193278720134998,-0.013792464701242
babylm-gpt2-3,BrainAlign/gpt2-babylm-3@checkpoint-05,1146,Gram,ses-9,6,12,60,-0.0563424385821328,-0.0257349014328778,-0.0374337699169309
babylm-gpt2-3,BrainAlign/gpt2-babylm-3@checkpoint-05,1146,Gram,ses-5,7,12,60,-0.0102553966897427,-0.0238469614763381,-0.0070690134232689
babylm-gpt2-3,BrainAlign/gpt2-babylm-3@checkpoint-05,1146,Gram,ses-7,7,12,60,-0.0239436338166911,-0.0182722383280651,-0.0160012519441862
babylm-gpt2-3,BrainAlign/gpt2-babylm-3@checkpoint-05,1146,Gram,ses-9,7,12,60,-0.0556165045618846,-0.0248207596261952,-0.0367911904009095
babylm-gpt2-3,BrainAlign/gpt2-babylm-3@checkpoint-05,1146,Gram,ses-5,8,12,60,-0.010677701171354,-0.0239709993799334,-0.0074190467978014
babylm-gpt2-3,BrainAlign/gpt2-babylm-3@checkpoint-05,1146,Gram,ses-7,8,12,60,-0.026610602133538,-0.0180170141177613,-0.0178996081286947
babylm-gpt2-3,BrainAlign/gpt2-babylm-3@checkpoint-05,1146,Gram,ses-9,8,12,60,-0.0564849805190179,-0.0245631046281354,-0.0374094975296458
babylm-gpt2-3,BrainAlign/gpt2-babylm-3@checkpoint-05,1146,Gram,ses-5,9,12,60,-0.0113988743441452,-0.0239666419431735,-0.0077141479274255
babylm-gpt2-3,BrainAlign/gpt2-babylm-3@checkpoint-05,1146,Gram,ses-7,9,12,60,-0.0276063355431979,-0.0184723257319784,-0.0183965533210055
babylm-gpt2-3,BrainAlign/gpt2-babylm-3@checkpoint-05,1146,Gram,ses-9,9,12,60,-0.0569888448096329,-0.0247881690724078,-0.0375538543592888
babylm-gpt2-3,BrainAlign/gpt2-babylm-3@checkpoint-05,1146,Gram,ses-5,10,12,60,-0.0086581907964909,-0.0198360161102959,-0.0054414859810994
babylm-gpt2-3,BrainAlign/gpt2-babylm-3@checkpoint-05,1146,Gram,ses-7,10,12,60,-0.0256269244880524,-0.0141462534263028,-0.0168699479101793
babylm-gpt2-3,BrainAlign/gpt2-babylm-3@checkpoint-05,1146,Gram,ses-9,10,12,60,-0.0507307908961625,-0.0196442961174038,-0.0333649513115073
babylm-gpt2-3,BrainAlign/gpt2-babylm-3@checkpoint-05,1146,Gram,ses-5,11,12,60,-0.0070767844247317,-0.0187916801561622,-0.0042866313439556
babylm-gpt2-3,BrainAlign/gpt2-babylm-3@checkpoint-05,1146,Gram,ses-7,11,12,60,-0.0234917904406305,-0.0134702174233581,-0.0154033847205322
babylm-gpt2-3,BrainAlign/gpt2-babylm-3@checkpoint-05,1146,Gram,ses-9,11,12,60,-0.048858933877136,-0.018649972856528,-0.032102787172682
babylm-gpt2-3,BrainAlign/gpt2-babylm-3@checkpoint-05,1146,Plaus,ses-5,0,12,60,-0.0336519366388982,-0.0298798251823743,-0.0223567849306799
babylm-gpt2-3,BrainAlign/gpt2-babylm-3@checkpoint-05,1146,Plaus,ses-7,0,12,60,-0.0516702445968155,-0.0304829548017527,-0.0349515989435124
babylm-gpt2-3,BrainAlign/gpt2-babylm-3@checkpoint-05,1146,Plaus,ses-9,0,12,60,-0.0324394743048433,-0.029496155623688,-0.0218968870663306
babylm-gpt2-3,BrainAlign/gpt2-babylm-3@checkpoint-05,1146,Plaus,ses-5,1,12,60,-0.0261535477935335,-0.0276526618359787,-0.0172851334821613
babylm-gpt2-3,BrainAlign/gpt2-babylm-3@checkpoint-05,1146,Plaus,ses-7,1,12,60,-0.046063489763618,-0.0274936788499808,-0.0312136513016067
babylm-gpt2-3,BrainAlign/gpt2-babylm-3@checkpoint-05,1146,Plaus,ses-9,1,12,60,-0.029696548830841,-0.0281425222263731,-0.0199857559411458
babylm-gpt2-3,BrainAlign/gpt2-babylm-3@checkpoint-05,1146,Plaus,ses-5,2,12,60,-0.0189992059176944,-0.023645308236679,-0.0125341330446196
babylm-gpt2-3,BrainAlign/gpt2-babylm-3@checkpoint-05,1146,Plaus,ses-7,2,12,60,-0.0348565825270373,-0.0223253275348598,-0.0238054632033802
babylm-gpt2-3,BrainAlign/gpt2-babylm-3@checkpoint-05,1146,Plaus,ses-9,2,12,60,-0.0182494049035354,-0.0231882042779983,-0.0124140486022618
babylm-gpt2-3,BrainAlign/gpt2-babylm-3@checkpoint-05,1146,Plaus,ses-5,3,12,60,-0.0204023683246839,-0.0253766874280841,-0.0134718136902651
babylm-gpt2-3,BrainAlign/gpt2-babylm-3@checkpoint-05,1146,Plaus,ses-7,3,12,60,-0.0357462680595918,-0.0245639377149712,-0.0245898445609093
babylm-gpt2-3,BrainAlign/gpt2-babylm-3@checkpoint-05,1146,Plaus,ses-9,3,12,60,-0.0190629731413382,-0.025691919325369,-0.0132112049004672
babylm-gpt2-3,BrainAlign/gpt2-babylm-3@checkpoint-05,1146,Plaus,ses-5,4,12,60,-0.0209629343085121,-0.027151587045407,-0.0138014071597155
babylm-gpt2-3,BrainAlign/gpt2-babylm-3@checkpoint-05,1146,Plaus,ses-7,4,12,60,-0.0378380134745075,-0.0266761138958779,-0.0257983539488938
babylm-gpt2-3,BrainAlign/gpt2-babylm-3@checkpoint-05,1146,Plaus,ses-9,4,12,60,-0.0199226501867623,-0.0280542316204516,-0.0135970081088935
babylm-gpt2-3,BrainAlign/gpt2-babylm-3@checkpoint-05,1146,Plaus,ses-5,5,12,60,-0.0306254940427434,-0.0332602988932058,-0.0203562292207605
babylm-gpt2-3,BrainAlign/gpt2-babylm-3@checkpoint-05,1146,Plaus,ses-7,5,12,60,-0.0507403883318315,-0.0340071219085924,-0.0343179618859644
babylm-gpt2-3,BrainAlign/gpt2-babylm-3@checkpoint-05,1146,Plaus,ses-9,5,12,60,-0.0302210146068155,-0.0349039146653572,-0.0204584287461715
babylm-gpt2-3,BrainAlign/gpt2-babylm-3@checkpoint-05,1146,Plaus,ses-5,6,12,60,-0.0336640205353528,-0.0351929085777851,-0.0222149830891722
babylm-gpt2-3,BrainAlign/gpt2-babylm-3@checkpoint-05,1146,Plaus,ses-7,6,12,60,-0.055818615520565,-0.0365717645872989,-0.0374490998457425
babylm-gpt2-3,BrainAlign/gpt2-babylm-3@checkpoint-05,1146,Plaus,ses-9,6,12,60,-0.0349913101820282,-0.037282784288508,-0.0235333569669735
babylm-gpt2-3,BrainAlign/gpt2-babylm-3@checkpoint-05,1146,Plaus,ses-5,7,12,60,-0.0395429638377767,-0.0391922755162174,-0.0260257478929332
babylm-gpt2-3,BrainAlign/gpt2-babylm-3@checkpoint-05,1146,Plaus,ses-7,7,12,60,-0.0637950237469177,-0.0414756404067638,-0.0427800825899914
babylm-gpt2-3,BrainAlign/gpt2-babylm-3@checkpoint-05,1146,Plaus,ses-9,7,12,60,-0.0412431317133731,-0.041426283158585,-0.0276916001571317
babylm-gpt2-3,BrainAlign/gpt2-babylm-3@checkpoint-05,1146,Plaus,ses-5,8,12,60,-0.0418045871100671,-0.0387333861257234,-0.0279023866782918
babylm-gpt2-3,BrainAlign/gpt2-babylm-3@checkpoint-05,1146,Plaus,ses-7,8,12,60,-0.0666446376484105,-0.0411661170958998,-0.0448457904973603
babylm-gpt2-3,BrainAlign/gpt2-babylm-3@checkpoint-05,1146,Plaus,ses-9,8,12,60,-0.0437053532932656,-0.040594902972958,-0.0296295586577369
babylm-gpt2-3,BrainAlign/gpt2-babylm-3@checkpoint-05,1146,Plaus,ses-5,9,12,60,-0.0413845461950195,-0.0379711719564121,-0.0273415667825992
babylm-gpt2-3,BrainAlign/gpt2-babylm-3@checkpoint-05,1146,Plaus,ses-7,9,12,60,-0.0660038210886293,-0.0404239722716405,-0.0442696406728561
babylm-gpt2-3,BrainAlign/gpt2-babylm-3@checkpoint-05,1146,Plaus,ses-9,9,12,60,-0.0425585473736863,-0.0391557511379165,-0.0284708715383902
babylm-gpt2-3,BrainAlign/gpt2-babylm-3@checkpoint-05,1146,Plaus,ses-5,10,12,60,-0.0504020132628445,-0.042750689659869,-0.0333125740547342
babylm-gpt2-3,BrainAlign/gpt2-babylm-3@checkpoint-05,1146,Plaus,ses-7,10,12,60,-0.0819345104207674,-0.0469693411359165,-0.0547323170868025
babylm-gpt2-3,BrainAlign/gpt2-babylm-3@checkpoint-05,1146,Plaus,ses-9,10,12,60,-0.0529079848668456,-0.0438489738303437,-0.035484313969717
babylm-gpt2-3,BrainAlign/gpt2-babylm-3@checkpoint-05,1146,Plaus,ses-5,11,12,60,-0.0515781243625435,-0.0408277103367898,-0.0342170398546211
babylm-gpt2-3,BrainAlign/gpt2-babylm-3@checkpoint-05,1146,Plaus,ses-7,11,12,60,-0.0834452506681132,-0.0454046510449425,-0.0561196756442562
babylm-gpt2-3,BrainAlign/gpt2-babylm-3@checkpoint-05,1146,Plaus,ses-9,11,12,60,-0.0527232033929088,-0.0416672030204556,-0.0357065979374858
babylm-gpt2-3,BrainAlign/gpt2-babylm-3@checkpoint-09,1908,Sem,ses-5,0,12,72,0.0249002837830471,0.01701195027011,0.0165179815575339
babylm-gpt2-3,BrainAlign/gpt2-babylm-3@checkpoint-09,1908,Sem,ses-7,0,12,72,0.0301766303619931,0.018267936276587,0.0200459989771199
babylm-gpt2-3,BrainAlign/gpt2-babylm-3@checkpoint-09,1908,Sem,ses-9,0,12,72,0.024869203506397,0.0185135671251039,0.0164953189456372
babylm-gpt2-3,BrainAlign/gpt2-babylm-3@checkpoint-09,1908,Sem,ses-5,1,12,72,0.0243048934752981,0.0166901246940666,0.0162791053780828
babylm-gpt2-3,BrainAlign/gpt2-babylm-3@checkpoint-09,1908,Sem,ses-7,1,12,72,0.0274970814991433,0.0184264433758047,0.0184730912108878
babylm-gpt2-3,BrainAlign/gpt2-babylm-3@checkpoint-09,1908,Sem,ses-9,1,12,72,0.0195108014039992,0.0175427316863151,0.0131228772942066
babylm-gpt2-3,BrainAlign/gpt2-babylm-3@checkpoint-09,1908,Sem,ses-5,2,12,72,0.0193521856374549,0.017198160957729,0.0131829025905815
babylm-gpt2-3,BrainAlign/gpt2-babylm-3@checkpoint-09,1908,Sem,ses-7,2,12,72,0.0329828832724229,0.0194781996235898,0.0219882460669649
babylm-gpt2-3,BrainAlign/gpt2-babylm-3@checkpoint-09,1908,Sem,ses-9,2,12,72,0.02334040386272,0.0182418369518928,0.0157180526078847
babylm-gpt2-3,BrainAlign/gpt2-babylm-3@checkpoint-09,1908,Sem,ses-5,3,12,72,0.0165361846587531,0.0187735477237382,0.0109631916307586
babylm-gpt2-3,BrainAlign/gpt2-babylm-3@checkpoint-09,1908,Sem,ses-7,3,12,72,0.0375527920506612,0.021747367177401,0.0249858358675645
babylm-gpt2-3,BrainAlign/gpt2-babylm-3@checkpoint-09,1908,Sem,ses-9,3,12,72,0.0281538440350253,0.0206203196373092,0.0188234429407495
babylm-gpt2-3,BrainAlign/gpt2-babylm-3@checkpoint-09,1908,Sem,ses-5,4,12,72,0.0141920447994628,0.0216537129416789,0.009344346137709
babylm-gpt2-3,BrainAlign/gpt2-babylm-3@checkpoint-09,1908,Sem,ses-7,4,12,72,0.0401305133037758,0.0251162782064056,0.0267700571771573
babylm-gpt2-3,BrainAlign/gpt2-babylm-3@checkpoint-09,1908,Sem,ses-9,4,12,72,0.0303838937680312,0.0236865379984996,0.0202168873208811
babylm-gpt2-3,BrainAlign/gpt2-babylm-3@checkpoint-09,1908,Sem,ses-5,5,12,72,0.014769473222475,0.0212362605368847,0.0098570111689926
babylm-gpt2-3,BrainAlign/gpt2-babylm-3@checkpoint-09,1908,Sem,ses-7,5,12,72,0.0386178998370067,0.0245648612715094,0.0257967898716499
babylm-gpt2-3,BrainAlign/gpt2-babylm-3@checkpoint-09,1908,Sem,ses-9,5,12,72,0.0314558887999585,0.0231064682650376,0.0208398028965268
babylm-gpt2-3,BrainAlign/gpt2-babylm-3@checkpoint-09,1908,Sem,ses-5,6,12,72,0.0124244559292474,0.021984952009661,0.0082418406940884
babylm-gpt2-3,BrainAlign/gpt2-babylm-3@checkpoint-09,1908,Sem,ses-7,6,12,72,0.0419534897421487,0.0255658187701882,0.0280403884494179
babylm-gpt2-3,BrainAlign/gpt2-babylm-3@checkpoint-09,1908,Sem,ses-9,6,12,72,0.0344740093090854,0.0240489116519604,0.0229829509783204
babylm-gpt2-3,BrainAlign/gpt2-babylm-3@checkpoint-09,1908,Sem,ses-5,7,12,72,0.0098185209711256,0.020610088246877,0.0065274447292583
babylm-gpt2-3,BrainAlign/gpt2-babylm-3@checkpoint-09,1908,Sem,ses-7,7,12,72,0.0406903183116535,0.0242704609606538,0.0272006468031935
babylm-gpt2-3,BrainAlign/gpt2-babylm-3@checkpoint-09,1908,Sem,ses-9,7,12,72,0.0349563593930745,0.02293321844346,0.0233290151870124
babylm-gpt2-3,BrainAlign/gpt2-babylm-3@checkpoint-09,1908,Sem,ses-5,8,12,72,0.0119030158399713,0.0238827011509827,0.0078939389763236
babylm-gpt2-3,BrainAlign/gpt2-babylm-3@checkpoint-09,1908,Sem,ses-7,8,12,72,0.0421036854485425,0.0275230782198876,0.0280465134796603
babylm-gpt2-3,BrainAlign/gpt2-babylm-3@checkpoint-09,1908,Sem,ses-9,8,12,72,0.0378225386699813,0.0263072165258919,0.0251475366659622
babylm-gpt2-3,BrainAlign/gpt2-babylm-3@checkpoint-09,1908,Sem,ses-5,9,12,72,0.0101779900612174,0.0212752320887309,0.0067724459389518
babylm-gpt2-3,BrainAlign/gpt2-babylm-3@checkpoint-09,1908,Sem,ses-7,9,12,72,0.0380170322143761,0.0247220708602512,0.0254354130873521
babylm-gpt2-3,BrainAlign/gpt2-babylm-3@checkpoint-09,1908,Sem,ses-9,9,12,72,0.0344784374400615,0.0236895631879289,0.0231256641829669
babylm-gpt2-3,BrainAlign/gpt2-babylm-3@checkpoint-09,1908,Sem,ses-5,10,12,72,0.0136214763145062,0.0205957639024832,0.0088843563665095
babylm-gpt2-3,BrainAlign/gpt2-babylm-3@checkpoint-09,1908,Sem,ses-7,10,12,72,0.0344694381729057,0.0236864656783048,0.0230601263593739
babylm-gpt2-3,BrainAlign/gpt2-babylm-3@checkpoint-09,1908,Sem,ses-9,10,12,72,0.0328544911885457,0.023362500254015,0.0219631334429713
babylm-gpt2-3,BrainAlign/gpt2-babylm-3@checkpoint-09,1908,Sem,ses-5,11,12,72,0.0106676477829696,0.0185878335286439,0.0070793099540928
babylm-gpt2-3,BrainAlign/gpt2-babylm-3@checkpoint-09,1908,Sem,ses-7,11,12,72,0.032004985664429,0.0215408689686687,0.021375130539707
babylm-gpt2-3,BrainAlign/gpt2-babylm-3@checkpoint-09,1908,Sem,ses-9,11,12,72,0.0310453036137188,0.0215310271901387,0.0208759405749565
babylm-gpt2-3,BrainAlign/gpt2-babylm-3@checkpoint-09,1908,Phon,ses-5,0,12,72,0.0158123979554122,0.0035145556355088,0.0110556795874179
babylm-gpt2-3,BrainAlign/gpt2-babylm-3@checkpoint-09,1908,Phon,ses-7,0,12,72,-0.0061253260738717,0.0077742495504923,-0.0037766936474248
babylm-gpt2-3,BrainAlign/gpt2-babylm-3@checkpoint-09,1908,Phon,ses-9,0,12,72,0.0050689423235616,0.0105810709668765,0.0036370429578996
babylm-gpt2-3,BrainAlign/gpt2-babylm-3@checkpoint-09,1908,Phon,ses-5,1,12,72,-0.0005286284362663,-0.0053291353183439,0.0002247886098937
babylm-gpt2-3,BrainAlign/gpt2-babylm-3@checkpoint-09,1908,Phon,ses-7,1,12,72,-0.0202202451884578,-0.001245525121379,-0.0132466029051018
babylm-gpt2-3,BrainAlign/gpt2-babylm-3@checkpoint-09,1908,Phon,ses-9,1,12,72,-0.0145786561334638,0.0003402094041712,-0.009540959608488
babylm-gpt2-3,BrainAlign/gpt2-babylm-3@checkpoint-09,1908,Phon,ses-5,2,12,72,-0.0036112751928144,-0.0087460875997416,-0.002005334901341
babylm-gpt2-3,BrainAlign/gpt2-babylm-3@checkpoint-09,1908,Phon,ses-7,2,12,72,-0.0279611542246049,-0.005072998046282,-0.0185576166282321
babylm-gpt2-3,BrainAlign/gpt2-babylm-3@checkpoint-09,1908,Phon,ses-9,2,12,72,-0.0178559617168027,-0.0028887593147536,-0.0116436824906822
babylm-gpt2-3,BrainAlign/gpt2-babylm-3@checkpoint-09,1908,Phon,ses-5,3,12,72,-0.0063666735844535,-0.0122100346440675,-0.003910831809732
babylm-gpt2-3,BrainAlign/gpt2-babylm-3@checkpoint-09,1908,Phon,ses-7,3,12,72,-0.0303072559140745,-0.008902634952544,-0.020090711697889
babylm-gpt2-3,BrainAlign/gpt2-babylm-3@checkpoint-09,1908,Phon,ses-9,3,12,72,-0.0216474565225645,-0.0065592299564552,-0.0141298322660468
babylm-gpt2-3,BrainAlign/gpt2-babylm-3@checkpoint-09,1908,Phon,ses-5,4,12,72,-0.0063682832912673,-0.0114805304027257,-0.0037393309629466
babylm-gpt2-3,BrainAlign/gpt2-babylm-3@checkpoint-09,1908,Phon,ses-7,4,12,72,-0.0268025684640016,-0.0079021936180554,-0.0176174244860333
babylm-gpt2-3,BrainAlign/gpt2-babylm-3@checkpoint-09,1908,Phon,ses-9,4,12,72,-0.0228872462429703,-0.0055288389081769,-0.0149995865604586
babylm-gpt2-3,BrainAlign/gpt2-babylm-3@checkpoint-09,1908,Phon,ses-5,5,12,72,-0.0080065911457623,-0.0139286804057868,-0.0048093737462828
babylm-gpt2-3,BrainAlign/gpt2-babylm-3@checkpoint-09,1908,Phon,ses-7,5,12,72,-0.0286565777501631,-0.0105593685698449,-0.0189434935334993
babylm-gpt2-3,BrainAlign/gpt2-babylm-3@checkpoint-09,1908,Phon,ses-9,5,12,72,-0.0242186491210348,-0.0079570449453451,-0.015952028763142
babylm-gpt2-3,BrainAlign/gpt2-babylm-3@checkpoint-09,1908,Phon,ses-5,6,12,72,-0.0098932961643406,-0.014898424646118,-0.0059847670497873
babylm-gpt2-3,BrainAlign/gpt2-babylm-3@checkpoint-09,1908,Phon,ses-7,6,12,72,-0.033423275342244,-0.0118573179531353,-0.0220911465750362
babylm-gpt2-3,BrainAlign/gpt2-babylm-3@checkpoint-09,1908,Phon,ses-9,6,12,72,-0.0242804173082992,-0.0089212523976433,-0.0160383916895589
babylm-gpt2-3,BrainAlign/gpt2-babylm-3@checkpoint-09,1908,Phon,ses-5,7,12,72,-0.0057997743686894,-0.0105593381918818,-0.0030833402239923
babylm-gpt2-3,BrainAlign/gpt2-babylm-3@checkpoint-09,1908,Phon,ses-7,7,12,72,-0.0260300751943996,-0.0074091239740856,-0.0170520841946657
babylm-gpt2-3,BrainAlign/gpt2-babylm-3@checkpoint-09,1908,Phon,ses-9,7,12,72,-0.020255175826317,-0.0053936272939826,-0.0131639149968302
babylm-gpt2-3,BrainAlign/gpt2-babylm-3@checkpoint-09,1908,Phon,ses-5,8,12,72,-0.0014279155808376,-0.0074187362286027,3.0625151211684105e-06
babylm-gpt2-3,BrainAlign/gpt2-babylm-3@checkpoint-09,1908,Phon,ses-7,8,12,72,-0.0162926424853993,-0.0041968960694249,-0.0104719642053232
babylm-gpt2-3,BrainAlign/gpt2-babylm-3@checkpoint-09,1908,Phon,ses-9,8,12,72,-0.0152159692430444,-0.0025403527123256,-0.0095813848080874
babylm-gpt2-3,BrainAlign/gpt2-babylm-3@checkpoint-09,1908,Phon,ses-5,9,12,72,-0.0036425516524824,-0.0068487689476291,-0.0016874458317637
babylm-gpt2-3,BrainAlign/gpt2-babylm-3@checkpoint-09,1908,Phon,ses-7,9,12,72,-0.0170832284284169,-0.0034865638416049,-0.0111628676166588
babylm-gpt2-3,BrainAlign/gpt2-babylm-3@checkpoint-09,1908,Phon,ses-9,9,12,72,-0.0127782996689203,-0.0012272528115989,-0.0079496767515289
babylm-gpt2-3,BrainAlign/gpt2-babylm-3@checkpoint-09,1908,Phon,ses-5,10,12,72,-0.0006299781642911,-0.0073226456910586,0.0001580257802522
babylm-gpt2-3,BrainAlign/gpt2-babylm-3@checkpoint-09,1908,Phon,ses-7,10,12,72,-0.0145140163442228,-0.0040738572017609,-0.0095231970207852
babylm-gpt2-3,BrainAlign/gpt2-babylm-3@checkpoint-09,1908,Phon,ses-9,10,12,72,-0.0041040014181804,-0.0003707987410914,-0.0024328620122561
babylm-gpt2-3,BrainAlign/gpt2-babylm-3@checkpoint-09,1908,Phon,ses-5,11,12,72,-0.0056111612844987,-0.0100360699131475,-0.0030337274790294
babylm-gpt2-3,BrainAlign/gpt2-babylm-3@checkpoint-09,1908,Phon,ses-7,11,12,72,-0.0181890653902467,-0.0077551758279214,-0.0121612475461597
babylm-gpt2-3,BrainAlign/gpt2-babylm-3@checkpoint-09,1908,Phon,ses-9,11,12,72,-0.0035507013505163,-0.0037718669681932,-0.0020610726765463
babylm-gpt2-3,BrainAlign/gpt2-babylm-3@checkpoint-09,1908,Gram,ses-5,0,12,60,-0.0063259555003263,-0.0272398211785025,-0.004443763114275
babylm-gpt2-3,BrainAlign/gpt2-babylm-3@checkpoint-09,1908,Gram,ses-7,0,12,60,-0.0235072588668227,-0.0238600098037813,-0.0153561174400296
babylm-gpt2-3,BrainAlign/gpt2-babylm-3@checkpoint-09,1908,Gram,ses-9,0,12,60,-0.0543820211443193,-0.0295320248558593,-0.0363223500780868
babylm-gpt2-3,BrainAlign/gpt2-babylm-3@checkpoint-09,1908,Gram,ses-5,1,12,60,-0.0052792507265743,-0.0292772242163322,-0.0039008281355293
babylm-gpt2-3,BrainAlign/gpt2-babylm-3@checkpoint-09,1908,Gram,ses-7,1,12,60,-0.0204789465560302,-0.027155010000048,-0.013591898132623
babylm-gpt2-3,BrainAlign/gpt2-babylm-3@checkpoint-09,1908,Gram,ses-9,1,12,60,-0.062204325066531,-0.0334446114009852,-0.0415281384037072
babylm-gpt2-3,BrainAlign/gpt2-babylm-3@checkpoint-09,1908,Gram,ses-5,2,12,60,-0.0049457209018856,-0.0260261996213817,-0.0034600926821946
babylm-gpt2-3,BrainAlign/gpt2-babylm-3@checkpoint-09,1908,Gram,ses-7,2,12,60,-0.020993005552268,-0.0223551912656171,-0.0136774902351547
babylm-gpt2-3,BrainAlign/gpt2-babylm-3@checkpoint-09,1908,Gram,ses-9,2,12,60,-0.0594848013218016,-0.0281726550714276,-0.0396489446302133
babylm-gpt2-3,BrainAlign/gpt2-babylm-3@checkpoint-09,1908,Gram,ses-5,3,12,60,-0.0059814259539903,-0.026532444018522,-0.0038854982067177
babylm-gpt2-3,BrainAlign/gpt2-babylm-3@checkpoint-09,1908,Gram,ses-7,3,12,60,-0.0215735065028117,-0.0217672335686232,-0.0139112716495322
babylm-gpt2-3,BrainAlign/gpt2-babylm-3@checkpoint-09,1908,Gram,ses-9,3,12,60,-0.0559955091358742,-0.0275220405477803,-0.0371616636805242
babylm-gpt2-3,BrainAlign/gpt2-babylm-3@checkpoint-09,1908,Gram,ses-5,4,12,60,-0.0076992760498465,-0.026526968100927,-0.0050659027252142
babylm-gpt2-3,BrainAlign/gpt2-babylm-3@checkpoint-09,1908,Gram,ses-7,4,12,60,-0.0201815948439719,-0.0221246752142621,-0.0131498851852206
babylm-gpt2-3,BrainAlign/gpt2-babylm-3@checkpoint-09,1908,Gram,ses-9,4,12,60,-0.0554198036571326,-0.027786672128093,-0.0367835254365037
babylm-gpt2-3,BrainAlign/gpt2-babylm-3@checkpoint-09,1908,Gram,ses-5,5,12,60,-0.0087945046792936,-0.0279925397460813,-0.0058886089047723
babylm-gpt2-3,BrainAlign/gpt2-babylm-3@checkpoint-09,1908,Gram,ses-7,5,12,60,-0.0210976727836108,-0.0241888475517728,-0.0137707473020922
babylm-gpt2-3,BrainAlign/gpt2-babylm-3@checkpoint-09,1908,Gram,ses-9,5,12,60,-0.0598388568910948,-0.0303903529523953,-0.0396808819819042
babylm-gpt2-3,BrainAlign/gpt2-babylm-3@checkpoint-09,1908,Gram,ses-5,6,12,60,-0.0090410581489854,-0.0260857531174112,-0.0060099708411979
babylm-gpt2-3,BrainAlign/gpt2-babylm-3@checkpoint-09,1908,Gram,ses-7,6,12,60,-0.0194282015540044,-0.0225945964256942,-0.0126784898742626
babylm-gpt2-3,BrainAlign/gpt2-babylm-3@checkpoint-09,1908,Gram,ses-9,6,12,60,-0.0585208855213058,-0.0281985010521167,-0.0387572537710028
babylm-gpt2-3,BrainAlign/gpt2-babylm-3@checkpoint-09,1908,Gram,ses-5,7,12,60,-0.0092039570367924,-0.0260912041831845,-0.0063829991089478
babylm-gpt2-3,BrainAlign/gpt2-babylm-3@checkpoint-09,1908,Gram,ses-7,7,12,60,-0.0215799617791592,-0.021641459858601,-0.0143111272927026
babylm-gpt2-3,BrainAlign/gpt2-babylm-3@checkpoint-09,1908,Gram,ses-9,7,12,60,-0.0588900329770378,-0.0279480029740748,-0.0390076426082596
babylm-gpt2-3,BrainAlign/gpt2-babylm-3@checkpoint-09,1908,Gram,ses-5,8,12,60,-0.0098803111588188,-0.0260307834170857,-0.0068211795741473
babylm-gpt2-3,BrainAlign/gpt2-babylm-3@checkpoint-09,1908,Gram,ses-7,8,12,60,-0.0230971313345936,-0.0211797221059133,-0.0155592389967839
babylm-gpt2-3,BrainAlign/gpt2-babylm-3@checkpoint-09,1908,Gram,ses-9,8,12,60,-0.0617897526339943,-0.0274858719070428,-0.0410682405393579
babylm-gpt2-3,BrainAlign/gpt2-babylm-3@checkpoint-09,1908,Gram,ses-5,9,12,60,-0.0083422198428324,-0.0267744531136386,-0.0055513504709162
babylm-gpt2-3,BrainAlign/gpt2-babylm-3@checkpoint-09,1908,Gram,ses-7,9,12,60,-0.0224742696617901,-0.0221635455847337,-0.0149613717731298
babylm-gpt2-3,BrainAlign/gpt2-babylm-3@checkpoint-09,1908,Gram,ses-9,9,12,60,-0.060455843245332,-0.0282233032539155,-0.0401509997987946
babylm-gpt2-3,BrainAlign/gpt2-babylm-3@checkpoint-09,1908,Gram,ses-5,10,12,60,-0.0047451702027581,-0.0239941415131724,-0.0031930964220584
babylm-gpt2-3,BrainAlign/gpt2-babylm-3@checkpoint-09,1908,Gram,ses-7,10,12,60,-0.0198405775046462,-0.0198083452712226,-0.0133057394614723
babylm-gpt2-3,BrainAlign/gpt2-babylm-3@checkpoint-09,1908,Gram,ses-9,10,12,60,-0.0570495304665591,-0.0251094717736117,-0.037989479836353
babylm-gpt2-3,BrainAlign/gpt2-babylm-3@checkpoint-09,1908,Gram,ses-5,11,12,60,-0.0008884985667225,-0.0232420645502895,-0.0005499611961176
babylm-gpt2-3,BrainAlign/gpt2-babylm-3@checkpoint-09,1908,Gram,ses-7,11,12,60,-0.014862769572911,-0.0195013734166474,-0.0098782228780025
babylm-gpt2-3,BrainAlign/gpt2-babylm-3@checkpoint-09,1908,Gram,ses-9,11,12,60,-0.0547858989822503,-0.024375837157889,-0.0364577644492563
babylm-gpt2-3,BrainAlign/gpt2-babylm-3@checkpoint-09,1908,Plaus,ses-5,0,12,60,-0.0276403799305588,-0.0226898098492169,-0.0181755468473043
babylm-gpt2-3,BrainAlign/gpt2-babylm-3@checkpoint-09,1908,Plaus,ses-7,0,12,60,-0.0439931227178059,-0.0221868930265818,-0.0299553196449843
babylm-gpt2-3,BrainAlign/gpt2-babylm-3@checkpoint-09,1908,Plaus,ses-9,0,12,60,-0.0265664842257624,-0.0228455190234238,-0.0179532628795355
babylm-gpt2-3,BrainAlign/gpt2-babylm-3@checkpoint-09,1908,Plaus,ses-5,1,12,60,-0.0226210790492139,-0.0237422140050024,-0.0148872771172068
babylm-gpt2-3,BrainAlign/gpt2-babylm-3@checkpoint-09,1908,Plaus,ses-7,1,12,60,-0.0397468406380593,-0.0228647444540314,-0.0270094183250136
babylm-gpt2-3,BrainAlign/gpt2-babylm-3@checkpoint-09,1908,Plaus,ses-9,1,12,60,-0.0238697584482874,-0.0246551954681173,-0.0161264463628147
babylm-gpt2-3,BrainAlign/gpt2-babylm-3@checkpoint-09,1908,Plaus,ses-5,2,12,60,-0.0191559698043466,-0.0196951023874162,-0.0126095051946102
babylm-gpt2-3,BrainAlign/gpt2-babylm-3@checkpoint-09,1908,Plaus,ses-7,2,12,60,-0.0312753302444341,-0.0177347363035503,-0.021149553036763
babylm-gpt2-3,BrainAlign/gpt2-babylm-3@checkpoint-09,1908,Plaus,ses-9,2,12,60,-0.0168767660208102,-0.0197052183823634,-0.0114929753794955
babylm-gpt2-3,BrainAlign/gpt2-babylm-3@checkpoint-09,1908,Plaus,ses-5,3,12,60,-0.021672138277992,-0.0215949491931408,-0.014277912446944
babylm-gpt2-3,BrainAlign/gpt2-babylm-3@checkpoint-09,1908,Plaus,ses-7,3,12,60,-0.0316757867642608,-0.0201260713994056,-0.0213718370045319
babylm-gpt2-3,BrainAlign/gpt2-babylm-3@checkpoint-09,1908,Plaus,ses-9,3,12,60,-0.0179296122877819,-0.0221780821225543,-0.0123565613692181
babylm-gpt2-3,BrainAlign/gpt2-babylm-3@checkpoint-09,1908,Plaus,ses-5,4,12,60,-0.0197422898088958,-0.0226591848287694,-0.0129135487827078
babylm-gpt2-3,BrainAlign/gpt2-babylm-3@checkpoint-09,1908,Plaus,ses-7,4,12,60,-0.0305793484467553,-0.0213762392039049,-0.0205542408012442
babylm-gpt2-3,BrainAlign/gpt2-babylm-3@checkpoint-09,1908,Plaus,ses-9,4,12,60,-0.0170536444879684,-0.0238031415014423,-0.0117050393947233
babylm-gpt2-3,BrainAlign/gpt2-babylm-3@checkpoint-09,1908,Plaus,ses-5,5,12,60,-0.0249241281864453,-0.0262514330950141,-0.0164100500458301
babylm-gpt2-3,BrainAlign/gpt2-babylm-3@checkpoint-09,1908,Plaus,ses-7,5,12,60,-0.0370832590149716,-0.025453183266965,-0.0247559187897021
babylm-gpt2-3,BrainAlign/gpt2-babylm-3@checkpoint-09,1908,Plaus,ses-9,5,12,60,-0.0218105772299778,-0.0279022149111225,-0.0148821671409363
babylm-gpt2-3,BrainAlign/gpt2-babylm-3@checkpoint-09,1908,Plaus,ses-5,6,12,60,-0.0283584910128265,-0.0276048220711793,-0.0186290572413154
babylm-gpt2-3,BrainAlign/gpt2-babylm-3@checkpoint-09,1908,Plaus,ses-7,6,12,60,-0.0428263277309718,-0.0274844247837569,-0.0284491541392404
babylm-gpt2-3,BrainAlign/gpt2-babylm-3@checkpoint-09,1908,Plaus,ses-9,6,12,60,-0.0274073083152566,-0.0299018312084675,-0.0185651825379335
babylm-gpt2-3,BrainAlign/gpt2-babylm-3@checkpoint-09,1908,Plaus,ses-5,7,12,60,-0.033915797953118,-0.0317041934988342,-0.0223682823772887
babylm-gpt2-3,BrainAlign/gpt2-babylm-3@checkpoint-09,1908,Plaus,ses-7,7,12,60,-0.0493807487266856,-0.032200696218958,-0.0333074640784636
babylm-gpt2-3,BrainAlign/gpt2-babylm-3@checkpoint-09,1908,Plaus,ses-9,7,12,60,-0.032718704500263,-0.0342106398893973,-0.0223095176501774
babylm-gpt2-3,BrainAlign/gpt2-babylm-3@checkpoint-09,1908,Plaus,ses-5,8,12,60,-0.0351857367001087,-0.0301630997501436,-0.0232075959797261
babylm-gpt2-3,BrainAlign/gpt2-babylm-3@checkpoint-09,1908,Plaus,ses-7,8,12,60,-0.0513497227057923,-0.0308743409895957,-0.0347088750706613
babylm-gpt2-3,BrainAlign/gpt2-babylm-3@checkpoint-09,1908,Plaus,ses-9,8,12,60,-0.035944613620738,-0.0324890038679054,-0.0244518752016045
babylm-gpt2-3,BrainAlign/gpt2-babylm-3@checkpoint-09,1908,Plaus,ses-5,9,12,60,-0.0331428678764041,-0.0264290737155113,-0.0218227924104077
babylm-gpt2-3,BrainAlign/gpt2-babylm-3@checkpoint-09,1908,Plaus,ses-7,9,12,60,-0.0462196910046616,-0.026664553357076,-0.0313592856253173
babylm-gpt2-3,BrainAlign/gpt2-babylm-3@checkpoint-09,1908,Plaus,ses-9,9,12,60,-0.0320013789578257,-0.0283118442635871,-0.022039966401906
babylm-gpt2-3,BrainAlign/gpt2-babylm-3@checkpoint-09,1908,Plaus,ses-5,10,12,60,-0.0400996432388627,-0.0291425773623524,-0.0266964322784426
babylm-gpt2-3,BrainAlign/gpt2-babylm-3@checkpoint-09,1908,Plaus,ses-7,10,12,60,-0.0572550475951928,-0.0305586266282859,-0.0391353920150233
babylm-gpt2-3,BrainAlign/gpt2-babylm-3@checkpoint-09,1908,Plaus,ses-9,10,12,60,-0.0394272319641393,-0.0309286447600971,-0.0272738595970144
babylm-gpt2-3,BrainAlign/gpt2-babylm-3@checkpoint-09,1908,Plaus,ses-5,11,12,60,-0.0401089809919432,-0.0266545660393415,-0.0264984206979588
babylm-gpt2-3,BrainAlign/gpt2-babylm-3@checkpoint-09,1908,Plaus,ses-7,11,12,60,-0.0561288193567358,-0.0281261222466629,-0.038390612973591
babylm-gpt2-3,BrainAlign/gpt2-babylm-3@checkpoint-09,1908,Plaus,ses-9,11,12,60,-0.0391302113473814,-0.028746046711001,-0.0273671166639519
beetle-humanscale-eng,Beetle-HumanScale/beetle-monolingual-humanscale-eng@step-0,0,Sem,ses-5,0,14,72,0.007369793286086,0.0102924170727458,0.00502742482291
beetle-humanscale-eng,Beetle-HumanScale/beetle-monolingual-humanscale-eng@step-0,0,Sem,ses-7,0,14,72,-0.0060365435569003,0.0089680637216188,-0.0038783691494476
beetle-humanscale-eng,Beetle-HumanScale/beetle-monolingual-humanscale-eng@step-0,0,Sem,ses-9,0,14,72,-0.0080124457356784,0.0091958078197606,-0.0050317123440796
beetle-humanscale-eng,Beetle-HumanScale/beetle-monolingual-humanscale-eng@step-0,0,Sem,ses-5,1,14,72,0.0156052452167175,0.0097099406580048,0.0102741257284957
beetle-humanscale-eng,Beetle-HumanScale/beetle-monolingual-humanscale-eng@step-0,0,Sem,ses-7,1,14,72,-0.0061808171231814,0.008532648281917,-0.0045092472644083
beetle-humanscale-eng,Beetle-HumanScale/beetle-monolingual-humanscale-eng@step-0,0,Sem,ses-9,1,14,72,-0.0142622560426893,0.0077532672468817,-0.0097173604794673
beetle-humanscale-eng,Beetle-HumanScale/beetle-monolingual-humanscale-eng@step-0,0,Sem,ses-5,2,14,72,0.0061027247841394,0.0101135189357845,0.0040823326565174
beetle-humanscale-eng,Beetle-HumanScale/beetle-monolingual-humanscale-eng@step-0,0,Sem,ses-7,2,14,72,0.0004869212201688,0.0098690073183575,-1.6537581654309418e-05
beetle-humanscale-eng,Beetle-HumanScale/beetle-monolingual-humanscale-eng@step-0,0,Sem,ses-9,2,14,72,-0.0108844127709237,0.0096579740649119,-0.0071393352504677
beetle-humanscale-eng,Beetle-HumanScale/beetle-monolingual-humanscale-eng@step-0,0,Sem,ses-5,3,14,72,0.0161868653450176,0.0177653872754581,0.0111726676650465
beetle-humanscale-eng,Beetle-HumanScale/beetle-monolingual-humanscale-eng@step-0,0,Sem,ses-7,3,14,72,0.004399610420769,0.016843418667757,0.0029247019407158
beetle-humanscale-eng,Beetle-HumanScale/beetle-monolingual-humanscale-eng@step-0,0,Sem,ses-9,3,14,72,-0.0095041940964929,0.0172839135819388,-0.0063675814399333
beetle-humanscale-eng,Beetle-HumanScale/beetle-monolingual-humanscale-eng@step-0,0,Sem,ses-5,4,14,72,0.0118880261638871,0.0159505181652483,0.0080280771386308
beetle-humanscale-eng,Beetle-HumanScale/beetle-monolingual-humanscale-eng@step-0,0,Sem,ses-7,4,14,72,0.0042925225191246,0.0154382454941564,0.0029038768378918
beetle-humanscale-eng,Beetle-HumanScale/beetle-monolingual-humanscale-eng@step-0,0,Sem,ses-9,4,14,72,-0.0064502453942344,0.0170353964388468,-0.0041723706010798
beetle-humanscale-eng,Beetle-HumanScale/beetle-monolingual-humanscale-eng@step-0,0,Sem,ses-5,5,14,72,0.0039778478328411,0.0007611213063596,0.0028934642864799
beetle-humanscale-eng,Beetle-HumanScale/beetle-monolingual-humanscale-eng@step-0,0,Sem,ses-7,5,14,72,-0.0125133584556107,0.0001756371828568,-0.0083177910690934
beetle-humanscale-eng,Beetle-HumanScale/beetle-monolingual-humanscale-eng@step-0,0,Sem,ses-9,5,14,72,-0.0189471036363848,0.0016003332139431,-0.0126157247901411
beetle-humanscale-eng,Beetle-HumanScale/beetle-monolingual-humanscale-eng@step-0,0,Sem,ses-5,6,14,72,0.0023387710558948,0.0069337319252826,0.0019532721442812
beetle-humanscale-eng,Beetle-HumanScale/beetle-monolingual-humanscale-eng@step-0,0,Sem,ses-7,6,14,72,-0.0100914632896426,0.0065430285804616,-0.0066474953220081
beetle-humanscale-eng,Beetle-HumanScale/beetle-monolingual-humanscale-eng@step-0,0,Sem,ses-9,6,14,72,-0.0172553463294809,0.0079289818600904,-0.0113313059483231
beetle-humanscale-eng,Beetle-HumanScale/beetle-monolingual-humanscale-eng@step-0,0,Sem,ses-5,7,14,72,0.0035932069524487,0.0011436169535588,0.0026270254709382
beetle-humanscale-eng,Beetle-HumanScale/beetle-monolingual-humanscale-eng@step-0,0,Sem,ses-7,7,14,72,-0.0103362192106787,0.0007707976058266,-0.0069427217796887
beetle-humanscale-eng,Beetle-HumanScale/beetle-monolingual-humanscale-eng@step-0,0,Sem,ses-9,7,14,72,-0.0145897817945759,0.0024231360786315,-0.0097865733212057
beetle-humanscale-eng,Beetle-HumanScale/beetle-monolingual-humanscale-eng@step-0,0,Sem,ses-5,8,14,72,0.0081876127376402,0.0015818316396402,0.0056270652836348
beetle-humanscale-eng,Beetle-HumanScale/beetle-monolingual-humanscale-eng@step-0,0,Sem,ses-7,8,14,72,-0.0101361376840589,0.0012309439142253,-0.0066621953945897
beetle-humanscale-eng,Beetle-HumanScale/beetle-monolingual-humanscale-eng@step-0,0,Sem,ses-9,8,14,72,-0.0122619725546353,0.0027521277367893,-0.0079208891093899
beetle-humanscale-eng,Beetle-HumanScale/beetle-monolingual-humanscale-eng@step-0,0,Sem,ses-5,9,14,72,0.012090125572977,0.0059236072171299,0.0080764648775453
beetle-humanscale-eng,Beetle-HumanScale/beetle-monolingual-humanscale-eng@step-0,0,Sem,ses-7,9,14,72,-0.0008428863234641,0.0057257198780659,-0.0003871019113156
beetle-humanscale-eng,Beetle-HumanScale/beetle-monolingual-humanscale-eng@step-0,0,Sem,ses-9,9,14,72,-0.003254751722468,0.0067749843043532,-0.0019128469446817
beetle-humanscale-eng,Beetle-HumanScale/beetle-monolingual-humanscale-eng@step-0,0,Sem,ses-5,10,14,72,0.0112791624663828,-0.0022726427030067,0.0073947490115732
beetle-humanscale-eng,Beetle-HumanScale/beetle-monolingual-humanscale-eng@step-0,0,Sem,ses-7,10,14,72,-0.0038502778492294,-0.0023414940686416,-0.0025596501382725
beetle-humanscale-eng,Beetle-HumanScale/beetle-monolingual-humanscale-eng@step-0,0,Sem,ses-9,10,14,72,-0.0066049425307539,-0.0012868273277096,-0.004183395655516
beetle-humanscale-eng,Beetle-HumanScale/beetle-monolingual-humanscale-eng@step-0,0,Sem,ses-5,11,14,72,0.0113898125629719,-0.0050233688436276,0.0074902994833536
beetle-humanscale-eng,Beetle-HumanScale/beetle-monolingual-humanscale-eng@step-0,0,Sem,ses-7,11,14,72,-0.0055346434399339,-0.0051679664986189,-0.0036462305032631
beetle-humanscale-eng,Beetle-HumanScale/beetle-monolingual-humanscale-eng@step-0,0,Sem,ses-9,11,14,72,-0.0084333330455263,-0.0042988320494878,-0.0053790015588201
beetle-humanscale-eng,Beetle-HumanScale/beetle-monolingual-humanscale-eng@step-0,0,Sem,ses-5,12,14,72,0.0166440414828488,-0.0013733013926756,0.0111169298898413
beetle-humanscale-eng,Beetle-HumanScale/beetle-monolingual-humanscale-eng@step-0,0,Sem,ses-7,12,14,72,0.000975671325981,-0.0013477769755026,0.0007582787440012
beetle-humanscale-eng,Beetle-HumanScale/beetle-monolingual-humanscale-eng@step-0,0,Sem,ses-9,12,14,72,-0.0024154649621423,0.0002609246792719,-0.0012390936180247
beetle-humanscale-eng,Beetle-HumanScale/beetle-monolingual-humanscale-eng@step-0,0,Sem,ses-5,13,14,72,0.0139698779516341,0.001358318273645,0.0091360951094696
beetle-humanscale-eng,Beetle-HumanScale/beetle-monolingual-humanscale-eng@step-0,0,Sem,ses-7,13,14,72,0.0012574885905472,0.0015157026494058,0.0008170790343277
beetle-humanscale-eng,Beetle-HumanScale/beetle-monolingual-humanscale-eng@step-0,0,Sem,ses-9,13,14,72,-0.0032022659382901,0.0037882454855927,-0.0019961473559775
beetle-humanscale-eng,Beetle-HumanScale/beetle-monolingual-humanscale-eng@step-0,0,Phon,ses-5,0,14,72,-0.0230876913908614,-0.0302201269014933,-0.0154363012167372
beetle-humanscale-eng,Beetle-HumanScale/beetle-monolingual-humanscale-eng@step-0,0,Phon,ses-7,0,14,72,-0.0253966455025073,-0.0310017343105012,-0.0167654327793243
beetle-humanscale-eng,Beetle-HumanScale/beetle-monolingual-humanscale-eng@step-0,0,Phon,ses-9,0,14,72,-0.0128332424118465,-0.0277060788516085,-0.0088102435005772
beetle-humanscale-eng,Beetle-HumanScale/beetle-monolingual-humanscale-eng@step-0,0,Phon,ses-5,1,14,72,-0.0255706842724612,-0.0299529500398662,-0.0170545342067626
beetle-humanscale-eng,Beetle-HumanScale/beetle-monolingual-humanscale-eng@step-0,0,Phon,ses-7,1,14,72,-0.0252288055410247,-0.0311053937142124,-0.0168291330938446
beetle-humanscale-eng,Beetle-HumanScale/beetle-monolingual-humanscale-eng@step-0,0,Phon,ses-9,1,14,72,-0.0146373824060216,-0.0291323003340955,-0.0100989498635649
beetle-humanscale-eng,Beetle-HumanScale/beetle-monolingual-humanscale-eng@step-0,0,Phon,ses-5,2,14,72,-0.0048976716744322,-0.0159138158587011,-0.003394491760303
beetle-humanscale-eng,Beetle-HumanScale/beetle-monolingual-humanscale-eng@step-0,0,Phon,ses-7,2,14,72,-0.0061885918633682,-0.0165284956519049,-0.0041184703349472
beetle-humanscale-eng,Beetle-HumanScale/beetle-monolingual-humanscale-eng@step-0,0,Phon,ses-9,2,14,72,0.0050144465617239,-0.0150427754412619,0.0031004903086708
beetle-humanscale-eng,Beetle-HumanScale/beetle-monolingual-humanscale-eng@step-0,0,Phon,ses-5,3,14,72,-0.0038825366612253,-0.0123944634396116,-0.0026386630283987
beetle-humanscale-eng,Beetle-HumanScale/beetle-monolingual-humanscale-eng@step-0,0,Phon,ses-7,3,14,72,-0.0038352033760898,-0.0135842143236209,-0.0025516875989575
beetle-humanscale-eng,Beetle-HumanScale/beetle-monolingual-humanscale-eng@step-0,0,Phon,ses-9,3,14,72,0.0048824498843743,-0.0137322078724309,0.0032107408530329
beetle-humanscale-eng,Beetle-HumanScale/beetle-monolingual-humanscale-eng@step-0,0,Phon,ses-5,4,14,72,-0.0087112273683531,-0.0190137416478685,-0.0057269032765849
beetle-humanscale-eng,Beetle-HumanScale/beetle-monolingual-humanscale-eng@step-0,0,Phon,ses-7,4,14,72,-0.0131157380528557,-0.0185357301496854,-0.0083410661840142
beetle-humanscale-eng,Beetle-HumanScale/beetle-monolingual-humanscale-eng@step-0,0,Phon,ses-9,4,14,72,0.0014400192825629,-0.0196320984924052,0.0008820043548965
beetle-humanscale-eng,Beetle-HumanScale/beetle-monolingual-humanscale-eng@step-0,0,Phon,ses-5,5,14,72,-0.0001506484364351,-0.011217107229839,-0.000222951100821
beetle-humanscale-eng,Beetle-HumanScale/beetle-monolingual-humanscale-eng@step-0,0,Phon,ses-7,5,14,72,-0.0057884985161826,-0.0119816913967083,-0.0036431679881419
beetle-humanscale-eng,Beetle-HumanScale/beetle-monolingual-humanscale-eng@step-0,0,Phon,ses-9,5,14,72,0.0110097629400944,-0.0111550080355098,0.0072103856012789
beetle-humanscale-eng,Beetle-HumanScale/beetle-monolingual-humanscale-eng@step-0,0,Phon,ses-5,6,14,72,-0.0058219329890479,-0.0130089641588772,-0.0039439069730406
beetle-humanscale-eng,Beetle-HumanScale/beetle-monolingual-humanscale-eng@step-0,0,Phon,ses-7,6,14,72,-0.0158960430643426,-0.015838690709279,-0.0104535891145962
beetle-humanscale-eng,Beetle-HumanScale/beetle-monolingual-humanscale-eng@step-0,0,Phon,ses-9,6,14,72,0.0031308028605682,-0.0131784852831773,0.0019777722652505
beetle-humanscale-eng,Beetle-HumanScale/beetle-monolingual-humanscale-eng@step-0,0,Phon,ses-5,7,14,72,-0.0094174977308074,-0.0159768581880246,-0.0065017196022405
beetle-humanscale-eng,Beetle-HumanScale/beetle-monolingual-humanscale-eng@step-0,0,Phon,ses-7,7,14,72,-0.0177553880974203,-0.0185453165239626,-0.0116124448364463
beetle-humanscale-eng,Beetle-HumanScale/beetle-monolingual-humanscale-eng@step-0,0,Phon,ses-9,7,14,72,-1.5066568329389964e-05,-0.0161113693173755,-0.0001990634828759
beetle-humanscale-eng,Beetle-HumanScale/beetle-monolingual-humanscale-eng@step-0,0,Phon,ses-5,8,14,72,-0.0175561078311119,-0.0259454322271763,-0.0120056717780044
beetle-humanscale-eng,Beetle-HumanScale/beetle-monolingual-humanscale-eng@step-0,0,Phon,ses-7,8,14,72,-0.0267677355583419,-0.028339584900206,-0.0178893758287931
beetle-humanscale-eng,Beetle-HumanScale/beetle-monolingual-humanscale-eng@step-0,0,Phon,ses-9,8,14,72,-0.0108946444698588,-0.0259794816992384,-0.0075086745740807
beetle-humanscale-eng,Beetle-HumanScale/beetle-monolingual-humanscale-eng@step-0,0,Phon,ses-5,9,14,72,-0.0214138449467374,-0.0283128176838869,-0.0145500093406711
beetle-humanscale-eng,Beetle-HumanScale/beetle-monolingual-humanscale-eng@step-0,0,Phon,ses-7,9,14,72,-0.0308591359903707,-0.0311427064201596,-0.0204606635245261
beetle-humanscale-eng,Beetle-HumanScale/beetle-monolingual-humanscale-eng@step-0,0,Phon,ses-9,9,14,72,-0.0143013611389776,-0.028590508104561,-0.0097002103947888
beetle-humanscale-eng,Beetle-HumanScale/beetle-monolingual-humanscale-eng@step-0,0,Phon,ses-5,10,14,72,-0.0217787036801789,-0.0251614913764406,-0.0145359217711137
beetle-humanscale-eng,Beetle-HumanScale/beetle-monolingual-humanscale-eng@step-0,0,Phon,ses-7,10,14,72,-0.0348910268550082,-0.0286764632103857,-0.0231685393946632
beetle-humanscale-eng,Beetle-HumanScale/beetle-monolingual-humanscale-eng@step-0,0,Phon,ses-9,10,14,72,-0.0155172488690561,-0.0261860866500011,-0.0103709012063247
beetle-humanscale-eng,Beetle-HumanScale/beetle-monolingual-humanscale-eng@step-0,0,Phon,ses-5,11,14,72,-0.0285636588615756,-0.0314523441397583,-0.0192080948399682
beetle-humanscale-eng,Beetle-HumanScale/beetle-monolingual-humanscale-eng@step-0,0,Phon,ses-7,11,14,72,-0.040633249174771,-0.0345319243321295,-0.0271865592336362
beetle-humanscale-eng,Beetle-HumanScale/beetle-monolingual-humanscale-eng@step-0,0,Phon,ses-9,11,14,72,-0.0204270831719808,-0.0312831473922298,-0.013737217827513
beetle-humanscale-eng,Beetle-HumanScale/beetle-monolingual-humanscale-eng@step-0,0,Phon,ses-5,12,14,72,-0.0299350600794862,-0.0306593789903827,-0.0200061862805447
beetle-humanscale-eng,Beetle-HumanScale/beetle-monolingual-humanscale-eng@step-0,0,Phon,ses-7,12,14,72,-0.0392550929371954,-0.0346420014187481,-0.026357842641848
beetle-humanscale-eng,Beetle-HumanScale/beetle-monolingual-humanscale-eng@step-0,0,Phon,ses-9,12,14,72,-0.0176141054238887,-0.0310782682188452,-0.0116161198545917
beetle-humanscale-eng,Beetle-HumanScale/beetle-monolingual-humanscale-eng@step-0,0,Phon,ses-5,13,14,72,-0.0274917586873711,-0.0312917750002754,-0.0183757032300346
beetle-humanscale-eng,Beetle-HumanScale/beetle-monolingual-humanscale-eng@step-0,0,Phon,ses-7,13,14,72,-0.034770538144139,-0.0358277736505721,-0.0234533533009319
beetle-humanscale-eng,Beetle-HumanScale/beetle-monolingual-humanscale-eng@step-0,0,Phon,ses-9,13,14,72,-0.0154356949417453,-0.0317436978318079,-0.0103715137093489
beetle-humanscale-eng,Beetle-HumanScale/beetle-monolingual-humanscale-eng@step-0,0,Gram,ses-5,0,14,60,-0.0184657551241555,-0.0368518329988637,-0.0122096495514398
beetle-humanscale-eng,Beetle-HumanScale/beetle-monolingual-humanscale-eng@step-0,0,Gram,ses-7,0,14,60,-0.0200064670702649,-0.0360936489821006,-0.0134641487258593
beetle-humanscale-eng,Beetle-HumanScale/beetle-monolingual-humanscale-eng@step-0,0,Gram,ses-9,0,14,60,-0.0281865508428942,-0.0376492667393582,-0.0186533296286005
beetle-humanscale-eng,Beetle-HumanScale/beetle-monolingual-humanscale-eng@step-0,0,Gram,ses-5,1,14,60,-0.0239284813376483,-0.037532090767442,-0.0157023183323592
beetle-humanscale-eng,Beetle-HumanScale/beetle-monolingual-humanscale-eng@step-0,0,Gram,ses-7,1,14,60,-0.024734663769828,-0.0363970358003831,-0.0164637047966708
beetle-humanscale-eng,Beetle-HumanScale/beetle-monolingual-humanscale-eng@step-0,0,Gram,ses-9,1,14,60,-0.0285081893690481,-0.0380126304400289,-0.0186993194150354
beetle-humanscale-eng,Beetle-HumanScale/beetle-monolingual-humanscale-eng@step-0,0,Gram,ses-5,2,14,60,-0.0280375947460715,-0.0387659882020666,-0.0187338117548616
beetle-humanscale-eng,Beetle-HumanScale/beetle-monolingual-humanscale-eng@step-0,0,Gram,ses-7,2,14,60,-0.0279947817433034,-0.0376573343381122,-0.0187644716124849
beetle-humanscale-eng,Beetle-HumanScale/beetle-monolingual-humanscale-eng@step-0,0,Gram,ses-9,2,14,60,-0.032141122814819,-0.0391213514515217,-0.0214063293443581
beetle-humanscale-eng,Beetle-HumanScale/beetle-monolingual-humanscale-eng@step-0,0,Gram,ses-5,3,14,60,-0.0260949936978552,-0.0378425270439075,-0.0173579506440166
beetle-humanscale-eng,Beetle-HumanScale/beetle-monolingual-humanscale-eng@step-0,0,Gram,ses-7,3,14,60,-0.027368723810639,-0.0367637323615758,-0.018088677250705
beetle-humanscale-eng,Beetle-HumanScale/beetle-monolingual-humanscale-eng@step-0,0,Gram,ses-9,3,14,60,-0.0310502287205794,-0.038015931913517,-0.0206538853385199
beetle-humanscale-eng,Beetle-HumanScale/beetle-monolingual-humanscale-eng@step-0,0,Gram,ses-5,4,14,60,-0.0298988718636355,-0.0383568596769757,-0.0197238696572802
beetle-humanscale-eng,Beetle-HumanScale/beetle-monolingual-humanscale-eng@step-0,0,Gram,ses-7,4,14,60,-0.0278349427819982,-0.03752694034648,-0.0184821454235371
beetle-humanscale-eng,Beetle-HumanScale/beetle-monolingual-humanscale-eng@step-0,0,Gram,ses-9,4,14,60,-0.0337550955472058,-0.0384342685429358,-0.0223759473416945
beetle-humanscale-eng,Beetle-HumanScale/beetle-monolingual-humanscale-eng@step-0,0,Gram,ses-5,5,14,60,-0.0297774291370713,-0.0365038083532152,-0.0196970422818599
beetle-humanscale-eng,Beetle-HumanScale/beetle-monolingual-humanscale-eng@step-0,0,Gram,ses-7,5,14,60,-0.031484790220371,-0.0351898832541767,-0.0205631832597177
beetle-humanscale-eng,Beetle-HumanScale/beetle-monolingual-humanscale-eng@step-0,0,Gram,ses-9,5,14,60,-0.0361211112200996,-0.0361583317149438,-0.0238744478830326
beetle-humanscale-eng,Beetle-HumanScale/beetle-monolingual-humanscale-eng@step-0,0,Gram,ses-5,6,14,60,-0.0309188531350026,-0.0356963671010746,-0.0205504083190413
beetle-humanscale-eng,Beetle-HumanScale/beetle-monolingual-humanscale-eng@step-0,0,Gram,ses-7,6,14,60,-0.0345725373836214,-0.0343379309360341,-0.0225075292306611
beetle-humanscale-eng,Beetle-HumanScale/beetle-monolingual-humanscale-eng@step-0,0,Gram,ses-9,6,14,60,-0.0375542431618311,-0.0352821216872661,-0.0248683382676541
beetle-humanscale-eng,Beetle-HumanScale/beetle-monolingual-humanscale-eng@step-0,0,Gram,ses-5,7,14,60,-0.0315843871491721,-0.0347219810525406,-0.0206934876546167
beetle-humanscale-eng,Beetle-HumanScale/beetle-monolingual-humanscale-eng@step-0,0,Gram,ses-7,7,14,60,-0.0333203219733002,-0.0331957122868982,-0.0215775135494214
beetle-humanscale-eng,Beetle-HumanScale/beetle-monolingual-humanscale-eng@step-0,0,Gram,ses-9,7,14,60,-0.0354951073879745,-0.0343908715773631,-0.023514194555959
beetle-humanscale-eng,Beetle-HumanScale/beetle-monolingual-humanscale-eng@step-0,0,Gram,ses-5,8,14,60,-0.0315615242612705,-0.0341844311275141,-0.0205772356944617
beetle-humanscale-eng,Beetle-HumanScale/beetle-monolingual-humanscale-eng@step-0,0,Gram,ses-7,8,14,60,-0.0357638940152906,-0.032363552936688,-0.0233059630229342
beetle-humanscale-eng,Beetle-HumanScale/beetle-monolingual-humanscale-eng@step-0,0,Gram,ses-9,8,14,60,-0.0410677832094659,-0.0339487172887156,-0.0274782586478364
beetle-humanscale-eng,Beetle-HumanScale/beetle-monolingual-humanscale-eng@step-0,0,Gram,ses-5,9,14,60,-0.0304753325859055,-0.0349756968137133,-0.0197966868191355
beetle-humanscale-eng,Beetle-HumanScale/beetle-monolingual-humanscale-eng@step-0,0,Gram,ses-7,9,14,60,-0.0340960782621863,-0.0331173973809043,-0.0221728257849402
beetle-humanscale-eng,Beetle-HumanScale/beetle-monolingual-humanscale-eng@step-0,0,Gram,ses-9,9,14,60,-0.0384023232156542,-0.0346708246911307,-0.0254151057286027
beetle-humanscale-eng,Beetle-HumanScale/beetle-monolingual-humanscale-eng@step-0,0,Gram,ses-5,10,14,60,-0.0246604378299297,-0.0347093219741944,-0.016195431042467
beetle-humanscale-eng,Beetle-HumanScale/beetle-monolingual-humanscale-eng@step-0,0,Gram,ses-7,10,14,60,-0.0291811741094879,-0.0326440430896051,-0.0189880330743214
beetle-humanscale-eng,Beetle-HumanScale/beetle-monolingual-humanscale-eng@step-0,0,Gram,ses-9,10,14,60,-0.0333516440215244,-0.034291290485816,-0.0221894332078195
beetle-humanscale-eng,Beetle-HumanScale/beetle-monolingual-humanscale-eng@step-0,0,Gram,ses-5,11,14,60,-0.0227739433689945,-0.0349321375949128,-0.0149728692197385
beetle-humanscale-eng,Beetle-HumanScale/beetle-monolingual-humanscale-eng@step-0,0,Gram,ses-7,11,14,60,-0.0288032558743271,-0.0326777489257729,-0.0186954869328325
beetle-humanscale-eng,Beetle-HumanScale/beetle-monolingual-humanscale-eng@step-0,0,Gram,ses-9,11,14,60,-0.035041420265535,-0.0345149558207051,-0.0235806242474761
beetle-humanscale-eng,Beetle-HumanScale/beetle-monolingual-humanscale-eng@step-0,0,Gram,ses-5,12,14,60,-0.0247254796622791,-0.0354001222045536,-0.0163334004017718
beetle-humanscale-eng,Beetle-HumanScale/beetle-monolingual-humanscale-eng@step-0,0,Gram,ses-7,12,14,60,-0.0307723055941889,-0.0333809268087891,-0.0198797239335319
beetle-humanscale-eng,Beetle-HumanScale/beetle-monolingual-humanscale-eng@step-0,0,Gram,ses-9,12,14,60,-0.0386309694068429,-0.0352167040052093,-0.0258558411819375
beetle-humanscale-eng,Beetle-HumanScale/beetle-monolingual-humanscale-eng@step-0,0,Gram,ses-5,13,14,60,-0.0227692344580552,-0.0356514190386736,-0.0153854998035852
beetle-humanscale-eng,Beetle-HumanScale/beetle-monolingual-humanscale-eng@step-0,0,Gram,ses-7,13,14,60,-0.0287791162136984,-0.0334884968640425,-0.0188858335489104
beetle-humanscale-eng,Beetle-HumanScale/beetle-monolingual-humanscale-eng@step-0,0,Gram,ses-9,13,14,60,-0.0382337459352438,-0.0356282876285574,-0.0257102068582269
beetle-humanscale-eng,Beetle-HumanScale/beetle-monolingual-humanscale-eng@step-0,0,Plaus,ses-5,0,14,60,-0.0147042571568291,-0.0091950791573821,-0.0098232906330941
beetle-humanscale-eng,Beetle-HumanScale/beetle-monolingual-humanscale-eng@step-0,0,Plaus,ses-7,0,14,60,-0.0411550235750944,-0.0108049383640025,-0.0277145950503492
beetle-humanscale-eng,Beetle-HumanScale/beetle-monolingual-humanscale-eng@step-0,0,Plaus,ses-9,0,14,60,-0.0288741254167682,-0.0121860337359969,-0.0193559513658008
beetle-humanscale-eng,Beetle-HumanScale/beetle-monolingual-humanscale-eng@step-0,0,Plaus,ses-5,1,14,60,-0.0073769472008113,-0.0041698060692857,-0.0050224679269145
beetle-humanscale-eng,Beetle-HumanScale/beetle-monolingual-humanscale-eng@step-0,0,Plaus,ses-7,1,14,60,-0.0287525441928234,-0.0052785255387513,-0.0194287685276561
beetle-humanscale-eng,Beetle-HumanScale/beetle-monolingual-humanscale-eng@step-0,0,Plaus,ses-9,1,14,60,-0.0172146801532025,-0.0070331707595361,-0.0115044728261043
beetle-humanscale-eng,Beetle-HumanScale/beetle-monolingual-humanscale-eng@step-0,0,Plaus,ses-5,2,14,60,-0.0053192007288035,-0.0025154470308594,-0.0035699571720113
beetle-humanscale-eng,Beetle-HumanScale/beetle-monolingual-humanscale-eng@step-0,0,Plaus,ses-7,2,14,60,-0.0240116100622913,-0.0031119004693596,-0.0159833670272393
beetle-humanscale-eng,Beetle-HumanScale/beetle-monolingual-humanscale-eng@step-0,0,Plaus,ses-9,2,14,60,-0.0138121587402226,-0.0050538402940564,-0.0090120819001446
beetle-humanscale-eng,Beetle-HumanScale/beetle-monolingual-humanscale-eng@step-0,0,Plaus,ses-5,3,14,60,-0.0006472707541178,0.0001613932155636,-0.0006674906503402
beetle-humanscale-eng,Beetle-HumanScale/beetle-monolingual-humanscale-eng@step-0,0,Plaus,ses-7,3,14,60,-0.0211088889074153,-0.0006389345710788,-0.0142127602494945
beetle-humanscale-eng,Beetle-HumanScale/beetle-monolingual-humanscale-eng@step-0,0,Plaus,ses-9,3,14,60,-0.0121666086050662,-0.0023661400137908,-0.0080897311833108
beetle-humanscale-eng,Beetle-HumanScale/beetle-monolingual-humanscale-eng@step-0,0,Plaus,ses-5,4,14,60,-0.0004711215622292,0.0002705370424655,-0.0002012053156528
beetle-humanscale-eng,Beetle-HumanScale/beetle-monolingual-humanscale-eng@step-0,0,Plaus,ses-7,4,14,60,-0.0193863775090944,-0.0001369282836181,-0.012589065289528
beetle-humanscale-eng,Beetle-HumanScale/beetle-monolingual-humanscale-eng@step-0,0,Plaus,ses-9,4,14,60,-0.0136790324611945,-0.0018822375974199,-0.0087297557111969
beetle-humanscale-eng,Beetle-HumanScale/beetle-monolingual-humanscale-eng@step-0,0,Plaus,ses-5,5,14,60,-0.0011518145475062,0.001757279490881,-0.0003992168961365
beetle-humanscale-eng,Beetle-HumanScale/beetle-monolingual-humanscale-eng@step-0,0,Plaus,ses-7,5,14,60,-0.0227733482630624,0.0012731630134389,-0.0148898321053421
beetle-humanscale-eng,Beetle-HumanScale/beetle-monolingual-humanscale-eng@step-0,0,Plaus,ses-9,5,14,60,-0.0154878320556526,-0.0004138211301615,-0.0102384762050761
beetle-humanscale-eng,Beetle-HumanScale/beetle-monolingual-humanscale-eng@step-0,0,Plaus,ses-5,6,14,60,0.0010044684827326,0.0031283936793896,0.0010251889892786
beetle-humanscale-eng,Beetle-HumanScale/beetle-monolingual-humanscale-eng@step-0,0,Plaus,ses-7,6,14,60,-0.0213686861891239,0.0027253942049745,-0.014063293443581
beetle-humanscale-eng,Beetle-HumanScale/beetle-monolingual-humanscale-eng@step-0,0,Plaus,ses-9,6,14,60,-0.015234814653527,0.0007483649467313,-0.0100225797076454
beetle-humanscale-eng,Beetle-HumanScale/beetle-monolingual-humanscale-eng@step-0,0,Plaus,ses-5,7,14,60,-0.0001061852924751,0.0024114192427588,1.3413687710187696e-05
beetle-humanscale-eng,Beetle-HumanScale/beetle-monolingual-humanscale-eng@step-0,0,Plaus,ses-7,7,14,60,-0.0228236509444891,0.0019325893664081,-0.0151389434485313
beetle-humanscale-eng,Beetle-HumanScale/beetle-monolingual-humanscale-eng@step-0,0,Plaus,ses-9,7,14,60,-0.016094578259814,9.20472470033705e-05,-0.0107788561956865
beetle-humanscale-eng,Beetle-HumanScale/beetle-monolingual-humanscale-eng@step-0,0,Plaus,ses-5,8,14,60,-0.0015451038278885,0.0030557408850689,-0.0009102145231913
beetle-humanscale-eng,Beetle-HumanScale/beetle-monolingual-humanscale-eng@step-0,0,Plaus,ses-7,8,14,60,-0.0198736437542569,0.0029534187940697,-0.0133977190343422
beetle-humanscale-eng,Beetle-HumanScale/beetle-monolingual-humanscale-eng@step-0,0,Plaus,ses-9,8,14,60,-0.012780885604296,0.0010020832325323,-0.008567513964607
beetle-humanscale-eng,Beetle-HumanScale/beetle-monolingual-humanscale-eng@step-0,0,Plaus,ses-5,9,14,60,0.002196299035126,0.0034164848386279,0.0012819652968736
beetle-humanscale-eng,Beetle-HumanScale/beetle-monolingual-humanscale-eng@step-0,0,Plaus,ses-7,9,14,60,-0.0160047497243861,0.003434177250171,-0.0108248459821214
beetle-humanscale-eng,Beetle-HumanScale/beetle-monolingual-humanscale-eng@step-0,0,Plaus,ses-9,9,14,60,-0.0095771750171002,0.0014433043724363,-0.0062399197733725
beetle-humanscale-eng,Beetle-HumanScale/beetle-monolingual-humanscale-eng@step-0,0,Plaus,ses-5,10,14,60,-0.004560637591302,0.0025786562581443,-0.00299763982971
beetle-humanscale-eng,Beetle-HumanScale/beetle-monolingual-humanscale-eng@step-0,0,Plaus,ses-7,10,14,60,-0.022674651567235,0.0024807925571493,-0.0154136046730733
beetle-humanscale-eng,Beetle-HumanScale/beetle-monolingual-humanscale-eng@step-0,0,Plaus,ses-9,10,14,60,-0.0184944716904077,0.0005570533277281,-0.012244141891266
beetle-humanscale-eng,Beetle-HumanScale/beetle-monolingual-humanscale-eng@step-0,0,Plaus,ses-5,11,14,60,-0.0069599683762871,0.0029100076431825,-0.0044386531380044
beetle-humanscale-eng,Beetle-HumanScale/beetle-monolingual-humanscale-eng@step-0,0,Plaus,ses-7,11,14,60,-0.0279388829020931,0.0024327523557488,-0.0187529741658762
beetle-humanscale-eng,Beetle-HumanScale/beetle-monolingual-humanscale-eng@step-0,0,Plaus,ses-9,11,14,60,-0.0233030704474338,0.0007139804594399,-0.0150214139943087
beetle-humanscale-eng,Beetle-HumanScale/beetle-monolingual-humanscale-eng@step-0,0,Plaus,ses-5,12,14,60,-0.0023663738184638,0.0041883876001366,-0.0014748669010868
beetle-humanscale-eng,Beetle-HumanScale/beetle-monolingual-humanscale-eng@step-0,0,Plaus,ses-7,12,14,60,-0.0193182043375312,0.0039954985551018,-0.0131294452801384
beetle-humanscale-eng,Beetle-HumanScale/beetle-monolingual-humanscale-eng@step-0,0,Plaus,ses-9,12,14,60,-0.0154987993169763,0.0021751692764969,-0.0101746015016942
beetle-humanscale-eng,Beetle-HumanScale/beetle-monolingual-humanscale-eng@step-0,0,Plaus,ses-5,13,14,60,-0.0077947808138561,0.0026960060984962,-0.0051029500531756
beetle-humanscale-eng,Beetle-HumanScale/beetle-monolingual-humanscale-eng@step-0,0,Plaus,ses-7,13,14,60,-0.029795580950012,0.0020324758113091,-0.0199538185894549
beetle-humanscale-eng,Beetle-HumanScale/beetle-monolingual-humanscale-eng@step-0,0,Plaus,ses-9,13,14,60,-0.0243356658005404,0.0005624091632783,-0.0156933758738857
beetle-humanscale-eng,Beetle-HumanScale/beetle-monolingual-humanscale-eng@step-2048,2048,Sem,ses-5,0,14,72,0.007251424501601,0.011903017017693,0.004896349175724
beetle-humanscale-eng,Beetle-HumanScale/beetle-monolingual-humanscale-eng@step-2048,2048,Sem,ses-7,0,14,72,-0.0063288885914763,0.0106566871155067,-0.0039040942764654
beetle-humanscale-eng,Beetle-HumanScale/beetle-monolingual-humanscale-eng@step-2048,2048,Sem,ses-9,0,14,72,-0.007434863528176,0.0113851918012217,-0.0044767846041239
beetle-humanscale-eng,Beetle-HumanScale/beetle-monolingual-humanscale-eng@step-2048,2048,Sem,ses-5,1,14,72,0.0209988280364259,0.0112534794455397,0.014025706751927
beetle-humanscale-eng,Beetle-HumanScale/beetle-monolingual-humanscale-eng@step-2048,2048,Sem,ses-7,1,14,72,-0.0061382935557712,0.0099904315303092,-0.0042869086666115
beetle-humanscale-eng,Beetle-HumanScale/beetle-monolingual-humanscale-eng@step-2048,2048,Sem,ses-9,1,14,72,-0.0147390008975947,0.0096352314517446,-0.009926224010731
beetle-humanscale-eng,Beetle-HumanScale/beetle-monolingual-humanscale-eng@step-2048,2048,Sem,ses-5,2,14,72,0.0080078357940666,0.0069488432445288,0.0053030511838152
beetle-humanscale-eng,Beetle-HumanScale/beetle-monolingual-humanscale-eng@step-2048,2048,Sem,ses-7,2,14,72,-0.0062776445811262,0.0064665875765076,-0.0043401964297198
beetle-humanscale-eng,Beetle-HumanScale/beetle-monolingual-humanscale-eng@step-2048,2048,Sem,ses-9,2,14,72,-0.0168116622655018,0.0066625905875196,-0.0110881422477023
beetle-humanscale-eng,Beetle-HumanScale/beetle-monolingual-humanscale-eng@step-2048,2048,Sem,ses-5,3,14,72,0.024155711021854,0.0194365652691098,0.0163287181230457
beetle-humanscale-eng,Beetle-HumanScale/beetle-monolingual-humanscale-eng@step-2048,2048,Sem,ses-7,3,14,72,0.0008263631141921,0.0180527711408657,0.000702540968796
beetle-humanscale-eng,Beetle-HumanScale/beetle-monolingual-humanscale-eng@step-2048,2048,Sem,ses-9,3,14,72,-0.0056008239485539,0.0187707927233092,-0.0036652180970143
beetle-humanscale-eng,Beetle-HumanScale/beetle-monolingual-humanscale-eng@step-2048,2048,Sem,ses-5,4,14,72,0.0214836537632604,0.0171257301088908,0.0144324087600182
beetle-humanscale-eng,Beetle-HumanScale/beetle-monolingual-humanscale-eng@step-2048,2048,Sem,ses-7,4,14,72,0.0056049466664069,0.016112926454664,0.0037711811202067
beetle-humanscale-eng,Beetle-HumanScale/beetle-monolingual-humanscale-eng@step-2048,2048,Sem,ses-9,4,14,72,0.0050652967687999,0.0183650347193135,0.00341286685103
beetle-humanscale-eng,Beetle-HumanScale/beetle-monolingual-humanscale-eng@step-2048,2048,Sem,ses-5,5,14,72,0.0223165742768613,0.0062316672846679,0.0150785994505847
beetle-humanscale-eng,Beetle-HumanScale/beetle-monolingual-humanscale-eng@step-2048,2048,Sem,ses-7,5,14,72,-0.0065921776994444,0.0046897145684689,-0.0044712720769058
beetle-humanscale-eng,Beetle-HumanScale/beetle-monolingual-humanscale-eng@step-2048,2048,Sem,ses-9,5,14,72,-0.001668994327871,0.0071162827122445,-0.0010871928680147
beetle-humanscale-eng,Beetle-HumanScale/beetle-monolingual-humanscale-eng@step-2048,2048,Sem,ses-5,6,14,72,0.0207030048853416,0.0080646923542085,0.0140796070180596
beetle-humanscale-eng,Beetle-HumanScale/beetle-monolingual-humanscale-eng@step-2048,2048,Sem,ses-7,6,14,72,-0.0036112133915706,0.0068904837933423,-0.0024530746120558
beetle-humanscale-eng,Beetle-HumanScale/beetle-monolingual-humanscale-eng@step-2048,2048,Sem,ses-9,6,14,72,-0.0030773986811636,0.0088681023064792,-0.0019661347077901
beetle-humanscale-eng,Beetle-HumanScale/beetle-monolingual-humanscale-eng@step-2048,2048,Sem,ses-5,7,14,72,0.0199131059421964,0.0070733561241528,0.0133789035583363
beetle-humanscale-eng,Beetle-HumanScale/beetle-monolingual-humanscale-eng@step-2048,2048,Sem,ses-7,7,14,72,-0.0047992524751514,0.0059488642874561,-0.0031623531141185
beetle-humanscale-eng,Beetle-HumanScale/beetle-monolingual-humanscale-eng@step-2048,2048,Sem,ses-9,7,14,72,-0.0056048733672574,0.0079789950802271,-0.0036578680607235
beetle-humanscale-eng,Beetle-HumanScale/beetle-monolingual-humanscale-eng@step-2048,2048,Sem,ses-5,8,14,72,0.0279007966866599,0.0096215667234789,0.0189563560970082
beetle-humanscale-eng,Beetle-HumanScale/beetle-monolingual-humanscale-eng@step-2048,2048,Sem,ses-7,8,14,72,0.0053755763805865,0.0083312828118727,0.0036143803460029
beetle-humanscale-eng,Beetle-HumanScale/beetle-monolingual-humanscale-eng@step-2048,2048,Sem,ses-9,8,14,72,0.007321461120383,0.0108452629486205,0.0047860986313619
beetle-humanscale-eng,Beetle-HumanScale/beetle-monolingual-humanscale-eng@step-2048,2048,Sem,ses-5,9,14,72,0.0259223656872222,0.0103188819746764,0.0177301250424923
beetle-humanscale-eng,Beetle-HumanScale/beetle-monolingual-humanscale-eng@step-2048,2048,Sem,ses-7,9,14,72,0.0137631182975944,0.0093673102854882,0.009184482848384
beetle-humanscale-eng,Beetle-HumanScale/beetle-monolingual-humanscale-eng@step-2048,2048,Sem,ses-9,9,14,72,0.0082906512205812,0.0101829971409933,0.0054476018975343
beetle-humanscale-eng,Beetle-HumanScale/beetle-monolingual-humanscale-eng@step-2048,2048,Sem,ses-5,10,14,72,0.0320743331274812,0.0074710505571687,0.0218406328381246
beetle-humanscale-eng,Beetle-HumanScale/beetle-monolingual-humanscale-eng@step-2048,2048,Sem,ses-7,10,14,72,0.0010355596056449,0.0053415559776503,0.0005941279335066
beetle-humanscale-eng,Beetle-HumanScale/beetle-monolingual-humanscale-eng@step-2048,2048,Sem,ses-9,10,14,72,-0.0021269106433889,0.0056810912313812,-0.0015453451301415
beetle-humanscale-eng,Beetle-HumanScale/beetle-monolingual-humanscale-eng@step-2048,2048,Sem,ses-5,11,14,72,0.0377223746634935,0.0150858836370978,0.0254654257355395
beetle-humanscale-eng,Beetle-HumanScale/beetle-monolingual-humanscale-eng@step-2048,2048,Sem,ses-7,11,14,72,0.0088761360824725,0.013481603992632,0.005590927605205
beetle-humanscale-eng,Beetle-HumanScale/beetle-monolingual-humanscale-eng@step-2048,2048,Sem,ses-9,11,14,72,0.0061399334445877,0.013790959028338,0.0038753066343265
beetle-humanscale-eng,Beetle-HumanScale/beetle-monolingual-humanscale-eng@step-2048,2048,Sem,ses-5,12,14,72,0.0385921129087452,0.0232341682495033,0.0257949523625772
beetle-humanscale-eng,Beetle-HumanScale/beetle-monolingual-humanscale-eng@step-2048,2048,Sem,ses-7,12,14,72,0.0190863871115432,0.0224822186708744,0.0126126622750199
beetle-humanscale-eng,Beetle-HumanScale/beetle-monolingual-humanscale-eng@step-2048,2048,Sem,ses-9,12,14,72,0.0142942137532768,0.0220292579181879,0.009559334699215
beetle-humanscale-eng,Beetle-HumanScale/beetle-monolingual-humanscale-eng@step-2048,2048,Sem,ses-5,13,14,72,0.0332408280100454,0.0252826919829527,0.0225254112192178
beetle-humanscale-eng,Beetle-HumanScale/beetle-monolingual-humanscale-eng@step-2048,2048,Sem,ses-7,13,14,72,0.0241740695843414,0.025061072363608,0.0160328791623408
beetle-humanscale-eng,Beetle-HumanScale/beetle-monolingual-humanscale-eng@step-2048,2048,Sem,ses-9,13,14,72,0.017668737723358,0.024183318021179,0.0121502224917235
beetle-humanscale-eng,Beetle-HumanScale/beetle-monolingual-humanscale-eng@step-2048,2048,Phon,ses-5,0,14,72,-0.0248171467378297,-0.0313957719819089,-0.016421206079705
beetle-humanscale-eng,Beetle-HumanScale/beetle-monolingual-humanscale-eng@step-2048,2048,Phon,ses-7,0,14,72,-0.0264872671418514,-0.0324049835177507,-0.017469811257193
beetle-humanscale-eng,Beetle-HumanScale/beetle-monolingual-humanscale-eng@step-2048,2048,Phon,ses-9,0,14,72,-0.0132474257239865,-0.0292411411982099,-0.0089560192203449
beetle-humanscale-eng,Beetle-HumanScale/beetle-monolingual-humanscale-eng@step-2048,2048,Phon,ses-5,1,14,72,-0.0215562766922311,-0.0265114879114606,-0.0141678074535493
beetle-humanscale-eng,Beetle-HumanScale/beetle-monolingual-humanscale-eng@step-2048,2048,Phon,ses-7,1,14,72,-0.0175267565520483,-0.0272570099254921,-0.0115144443525689
beetle-humanscale-eng,Beetle-HumanScale/beetle-monolingual-humanscale-eng@step-2048,2048,Phon,ses-9,1,14,72,-0.0104857846881101,-0.0264243497893381,-0.0071681228926067
beetle-humanscale-eng,Beetle-HumanScale/beetle-monolingual-humanscale-eng@step-2048,2048,Phon,ses-5,2,14,72,-0.0042162612215832,-0.014107871127174,-0.0028003638267963
beetle-humanscale-eng,Beetle-HumanScale/beetle-monolingual-humanscale-eng@step-2048,2048,Phon,ses-7,2,14,72,-0.0011629880212912,-0.0146452721181047,-0.0006039279818944
beetle-humanscale-eng,Beetle-HumanScale/beetle-monolingual-humanscale-eng@step-2048,2048,Phon,ses-9,2,14,72,0.0069411836952466,-0.0135106831376716,0.0044014467321432
beetle-humanscale-eng,Beetle-HumanScale/beetle-monolingual-humanscale-eng@step-2048,2048,Phon,ses-5,3,14,72,-0.0071555599932681,-0.0103005623926903,-0.0045018972281175
beetle-humanscale-eng,Beetle-HumanScale/beetle-monolingual-humanscale-eng@step-2048,2048,Phon,ses-7,3,14,72,0.0014155869513299,-0.0114387597047781,0.0011564057097531
beetle-humanscale-eng,Beetle-HumanScale/beetle-monolingual-humanscale-eng@step-2048,2048,Phon,ses-9,3,14,72,0.0050019490567245,-0.0112931179981778,0.0034251169115147
beetle-humanscale-eng,Beetle-HumanScale/beetle-monolingual-humanscale-eng@step-2048,2048,Phon,ses-5,4,14,72,-0.0165219545630716,-0.0159176172986035,-0.010602427349485
beetle-humanscale-eng,Beetle-HumanScale/beetle-monolingual-humanscale-eng@step-2048,2048,Phon,ses-7,4,14,72,-0.0049966334311435,-0.0150562019924727,-0.0029351144921278
beetle-humanscale-eng,Beetle-HumanScale/beetle-monolingual-humanscale-eng@step-2048,2048,Phon,ses-9,4,14,72,-0.0019093501440764,-0.015552827700309,-0.001087805371039
beetle-humanscale-eng,Beetle-HumanScale/beetle-monolingual-humanscale-eng@step-2048,2048,Phon,ses-5,5,14,72,-0.0163254711623521,-0.0117754611488989,-0.010620802440212
beetle-humanscale-eng,Beetle-HumanScale/beetle-monolingual-humanscale-eng@step-2048,2048,Phon,ses-7,5,14,72,-0.0029279826765077,-0.012236923025339,-0.0017395085888236
beetle-humanscale-eng,Beetle-HumanScale/beetle-monolingual-humanscale-eng@step-2048,2048,Phon,ses-9,5,14,72,0.0010954119543532,-0.0103325164311479,0.0008317791069093
beetle-humanscale-eng,Beetle-HumanScale/beetle-monolingual-humanscale-eng@step-2048,2048,Phon,ses-5,6,14,72,-0.0273429240455779,-0.0140389488983536,-0.0177803502904795
beetle-humanscale-eng,Beetle-HumanScale/beetle-monolingual-humanscale-eng@step-2048,2048,Phon,ses-7,6,14,72,-0.0073759985621293,-0.016068160226453,-0.0042991587270962
beetle-humanscale-eng,Beetle-HumanScale/beetle-monolingual-humanscale-eng@step-2048,2048,Phon,ses-9,6,14,72,-0.0072032324666251,-0.0130308837681157,-0.0044878096585601
beetle-humanscale-eng,Beetle-HumanScale/beetle-monolingual-humanscale-eng@step-2048,2048,Phon,ses-5,7,14,72,-0.03022859011698,-0.0120595746865983,-0.0198322354216623
beetle-humanscale-eng,Beetle-HumanScale/beetle-monolingual-humanscale-eng@step-2048,2048,Phon,ses-7,7,14,72,-0.0017532660726683,-0.0139240034800662,-0.0007723663135586
beetle-humanscale-eng,Beetle-HumanScale/beetle-monolingual-humanscale-eng@step-2048,2048,Phon,ses-9,7,14,72,-0.0110939886932684,-0.0119580288264803,-0.0070982975478441
beetle-humanscale-eng,Beetle-HumanScale/beetle-monolingual-humanscale-eng@step-2048,2048,Phon,ses-5,8,14,72,-0.0471272706895302,-0.0218951024189039,-0.0313472922772556
beetle-humanscale-eng,Beetle-HumanScale/beetle-monolingual-humanscale-eng@step-2048,2048,Phon,ses-7,8,14,72,-0.0166125436884939,-0.0238307356350827,-0.0109288914614015
beetle-humanscale-eng,Beetle-HumanScale/beetle-monolingual-humanscale-eng@step-2048,2048,Phon,ses-9,8,14,72,-0.0340106056180183,-0.0213559513741496,-0.0225394987887752
beetle-humanscale-eng,Beetle-HumanScale/beetle-monolingual-humanscale-eng@step-2048,2048,Phon,ses-5,9,14,72,-0.0566209061153915,-0.0175808261085816,-0.0376971111294862
beetle-humanscale-eng,Beetle-HumanScale/beetle-monolingual-humanscale-eng@step-2048,2048,Phon,ses-7,9,14,72,-0.0181139143592354,-0.0203926449599406,-0.011839683458437
beetle-humanscale-eng,Beetle-HumanScale/beetle-monolingual-humanscale-eng@step-2048,2048,Phon,ses-9,9,14,72,-0.0443040907058866,-0.0188287260411094,-0.0292788695644184
beetle-humanscale-eng,Beetle-HumanScale/beetle-monolingual-humanscale-eng@step-2048,2048,Phon,ses-5,10,14,72,-0.0570275633295579,-0.0129740777764692,-0.0381552633916129
beetle-humanscale-eng,Beetle-HumanScale/beetle-monolingual-humanscale-eng@step-2048,2048,Phon,ses-7,10,14,72,-0.012750408623895,-0.0154266118128001,-0.0083202410811903
beetle-humanscale-eng,Beetle-HumanScale/beetle-monolingual-humanscale-eng@step-2048,2048,Phon,ses-9,10,14,72,-0.0478994865721545,-0.0148908235970267,-0.031864857332733
beetle-humanscale-eng,Beetle-HumanScale/beetle-monolingual-humanscale-eng@step-2048,2048,Phon,ses-5,11,14,72,-0.060435696396949,-0.0137747515197699,-0.0405691378101179
beetle-humanscale-eng,Beetle-HumanScale/beetle-monolingual-humanscale-eng@step-2048,2048,Phon,ses-7,11,14,72,-0.0206222622790097,-0.0162386120210803,-0.0131302273304974
beetle-humanscale-eng,Beetle-HumanScale/beetle-monolingual-humanscale-eng@step-2048,2048,Phon,ses-9,11,14,72,-0.0533215985706608,-0.016119286965907,-0.0353996122855856
beetle-humanscale-eng,Beetle-HumanScale/beetle-monolingual-humanscale-eng@step-2048,2048,Phon,ses-5,12,14,72,-0.0623903346361646,-0.0097085115907603,-0.0416722557567628
beetle-humanscale-eng,Beetle-HumanScale/beetle-monolingual-humanscale-eng@step-2048,2048,Phon,ses-7,12,14,72,-0.0336665350982863,-0.0123322782438112,-0.0215833815679464
beetle-humanscale-eng,Beetle-HumanScale/beetle-monolingual-humanscale-eng@step-2048,2048,Phon,ses-9,12,14,72,-0.0613366069020972,-0.0130467481163861,-0.0407388011478306
beetle-humanscale-eng,Beetle-HumanScale/beetle-monolingual-humanscale-eng@step-2048,2048,Phon,ses-5,13,14,72,-0.0597287088526196,-0.0042515566620769,-0.0396681458614701
beetle-humanscale-eng,Beetle-HumanScale/beetle-monolingual-humanscale-eng@step-2048,2048,Phon,ses-7,13,14,72,-0.0336581179126122,-0.0065815877892557,-0.0215772565377041
beetle-humanscale-eng,Beetle-HumanScale/beetle-monolingual-humanscale-eng@step-2048,2048,Phon,ses-9,13,14,72,-0.0645930761242461,-0.008887060634208,-0.0425775352265801
beetle-humanscale-eng,Beetle-HumanScale/beetle-monolingual-humanscale-eng@step-2048,2048,Gram,ses-5,0,14,60,-0.017950200789012,-0.036225306978298,-0.01204740780485
beetle-humanscale-eng,Beetle-HumanScale/beetle-monolingual-humanscale-eng@step-2048,2048,Gram,ses-7,0,14,60,-0.0207270516291887,-0.0357848715962918,-0.0139610939181701
beetle-humanscale-eng,Beetle-HumanScale/beetle-monolingual-humanscale-eng@step-2048,2048,Gram,ses-9,0,14,60,-0.0291208260399269,-0.0372477209715566,-0.019418548575115
beetle-humanscale-eng,Beetle-HumanScale/beetle-monolingual-humanscale-eng@step-2048,2048,Gram,ses-5,1,14,60,-0.0245604686894183,-0.0371637160538535,-0.0164969196424294
beetle-humanscale-eng,Beetle-HumanScale/beetle-monolingual-humanscale-eng@step-2048,2048,Gram,ses-7,1,14,60,-0.025931530000418,-0.0368747659942276,-0.0175393548016211
beetle-humanscale-eng,Beetle-HumanScale/beetle-monolingual-humanscale-eng@step-2048,2048,Gram,ses-9,1,14,60,-0.0280651340845889,-0.0378678224557016,-0.0189522632404275
beetle-humanscale-eng,Beetle-HumanScale/beetle-monolingual-humanscale-eng@step-2048,2048,Gram,ses-5,2,14,60,-0.0289384747622147,-0.0388369830257676,-0.0195233030886612
beetle-humanscale-eng,Beetle-HumanScale/beetle-monolingual-humanscale-eng@step-2048,2048,Gram,ses-7,2,14,60,-0.0293365054138599,-0.0387496581230011,-0.0198120167479472
beetle-humanscale-eng,Beetle-HumanScale/beetle-monolingual-humanscale-eng@step-2048,2048,Gram,ses-9,2,14,60,-0.0334578715124202,-0.0396058300103743,-0.0224104396815207
beetle-humanscale-eng,Beetle-HumanScale/beetle-monolingual-humanscale-eng@step-2048,2048,Gram,ses-5,3,14,60,-0.0266957498903071,-0.0360530178412997,-0.0176543292677084
beetle-humanscale-eng,Beetle-HumanScale/beetle-monolingual-humanscale-eng@step-2048,2048,Gram,ses-7,3,14,60,-0.0287624921999871,-0.0359507530246156,-0.0191745472081964
beetle-humanscale-eng,Beetle-HumanScale/beetle-monolingual-humanscale-eng@step-2048,2048,Gram,ses-9,3,14,60,-0.0333424296176734,-0.0362969181032325,-0.0219773691925918
beetle-humanscale-eng,Beetle-HumanScale/beetle-monolingual-humanscale-eng@step-2048,2048,Gram,ses-5,4,14,60,-0.0311348138317398,-0.0363216137089082,-0.0206602728088581
beetle-humanscale-eng,Beetle-HumanScale/beetle-monolingual-humanscale-eng@step-2048,2048,Gram,ses-7,4,14,60,-0.0337502156785624,-0.0368268157222291,-0.0226991533408066
beetle-humanscale-eng,Beetle-HumanScale/beetle-monolingual-humanscale-eng@step-2048,2048,Gram,ses-9,4,14,60,-0.0404757501879682,-0.0365520223061401,-0.0267436995589451
beetle-humanscale-eng,Beetle-HumanScale/beetle-monolingual-humanscale-eng@step-2048,2048,Gram,ses-5,5,14,60,-0.0251093792530631,-0.033598921220387,-0.0170015297991459
beetle-humanscale-eng,Beetle-HumanScale/beetle-monolingual-humanscale-eng@step-2048,2048,Gram,ses-7,5,14,60,-0.0311915674614708,-0.0333763437670984,-0.020808462120704
beetle-humanscale-eng,Beetle-HumanScale/beetle-monolingual-humanscale-eng@step-2048,2048,Gram,ses-9,5,14,60,-0.037185485229982,-0.0328861900255153,-0.0243828905219521
beetle-humanscale-eng,Beetle-HumanScale/beetle-monolingual-humanscale-eng@step-2048,2048,Gram,ses-5,6,14,60,-0.0294314973047571,-0.0327964056184478,-0.0195552404403522
beetle-humanscale-eng,Beetle-HumanScale/beetle-monolingual-humanscale-eng@step-2048,2048,Gram,ses-7,6,14,60,-0.0373298860613969,-0.032701265194985,-0.0246549967583588
beetle-humanscale-eng,Beetle-HumanScale/beetle-monolingual-humanscale-eng@step-2048,2048,Gram,ses-9,6,14,60,-0.0415259888089463,-0.032027647442933,-0.0274041639919134
beetle-humanscale-eng,Beetle-HumanScale/beetle-monolingual-humanscale-eng@step-2048,2048,Gram,ses-5,7,14,60,-0.0304764492210363,-0.0313926994369969,-0.0202093174029823
beetle-humanscale-eng,Beetle-HumanScale/beetle-monolingual-humanscale-eng@step-2048,2048,Gram,ses-7,7,14,60,-0.0393378665293277,-0.031516094267521,-0.0259222708734546
beetle-humanscale-eng,Beetle-HumanScale/beetle-monolingual-humanscale-eng@step-2048,2048,Gram,ses-9,7,14,60,-0.0464388328131088,-0.0309112359595596,-0.0309632624643499
beetle-humanscale-eng,Beetle-HumanScale/beetle-monolingual-humanscale-eng@step-2048,2048,Gram,ses-5,8,14,60,-0.0314366926769255,-0.0317448945665591,-0.0207599173461338
beetle-humanscale-eng,Beetle-HumanScale/beetle-monolingual-humanscale-eng@step-2048,2048,Gram,ses-7,8,14,60,-0.0422291421741127,-0.0324036985942317,-0.0280135286621762
beetle-humanscale-eng,Beetle-HumanScale/beetle-monolingual-humanscale-eng@step-2048,2048,Gram,ses-9,8,14,60,-0.0538477588426912,-0.0319644983740903,-0.0357065979374858
beetle-humanscale-eng,Beetle-HumanScale/beetle-monolingual-humanscale-eng@step-2048,2048,Gram,ses-5,9,14,60,-0.0298823993314341,-0.0320244331959966,-0.0197902993487974
beetle-humanscale-eng,Beetle-HumanScale/beetle-monolingual-humanscale-eng@step-2048,2048,Gram,ses-7,9,14,60,-0.040419093939208,-0.0320899419720523,-0.0266044527055727
beetle-humanscale-eng,Beetle-HumanScale/beetle-monolingual-humanscale-eng@step-2048,2048,Gram,ses-9,9,14,60,-0.0530934847959442,-0.0320866667741186,-0.0349541539316476
beetle-humanscale-eng,Beetle-HumanScale/beetle-monolingual-humanscale-eng@step-2048,2048,Gram,ses-5,10,14,60,-0.0194707332339683,-0.0256921044521739,-0.0131422202208148
beetle-humanscale-eng,Beetle-HumanScale/beetle-monolingual-humanscale-eng@step-2048,2048,Gram,ses-7,10,14,60,-0.0343389983396598,-0.0236364048453418,-0.022296742709501
beetle-humanscale-eng,Beetle-HumanScale/beetle-monolingual-humanscale-eng@step-2048,2048,Gram,ses-9,10,14,60,-0.0453934156321917,-0.0244745477885249,-0.029770083005177
beetle-humanscale-eng,Beetle-HumanScale/beetle-monolingual-humanscale-eng@step-2048,2048,Gram,ses-5,11,14,60,-0.01962762046985,-0.0212770840642034,-0.0124830332819141
beetle-humanscale-eng,Beetle-HumanScale/beetle-monolingual-humanscale-eng@step-2048,2048,Gram,ses-7,11,14,60,-0.0365591091861466,-0.0179321274740229,-0.0231705486517646
beetle-humanscale-eng,Beetle-HumanScale/beetle-monolingual-humanscale-eng@step-2048,2048,Gram,ses-9,11,14,60,-0.04617922812932,-0.0187036992750327,-0.0300153618661633
beetle-humanscale-eng,Beetle-HumanScale/beetle-monolingual-humanscale-eng@step-2048,2048,Gram,ses-5,12,14,60,-0.0198977271503248,-0.0200359836121016,-0.0122748017488893
beetle-humanscale-eng,Beetle-HumanScale/beetle-monolingual-humanscale-eng@step-2048,2048,Gram,ses-7,12,14,60,-0.0309867125234379,-0.0162368609604788,-0.0194492084327383
beetle-humanscale-eng,Beetle-HumanScale/beetle-monolingual-humanscale-eng@step-2048,2048,Gram,ses-9,12,14,60,-0.043892757561347,-0.0179417355949747,-0.0285500761705837
beetle-humanscale-eng,Beetle-HumanScale/beetle-monolingual-humanscale-eng@step-2048,2048,Gram,ses-5,13,14,60,-0.015231144472942,-0.0186116037608274,-0.0094068275670444
beetle-humanscale-eng,Beetle-HumanScale/beetle-monolingual-humanscale-eng@step-2048,2048,Gram,ses-7,13,14,60,-0.0270513116186139,-0.0144222420510719,-0.0173477306914756
beetle-humanscale-eng,Beetle-HumanScale/beetle-monolingual-humanscale-eng@step-2048,2048,Gram,ses-9,13,14,60,-0.0458791237818229,-0.0177885498362394,-0.0303142954779903
beetle-humanscale-eng,Beetle-HumanScale/beetle-monolingual-humanscale-eng@step-2048,2048,Plaus,ses-5,0,14,60,-0.0161598538064931,-0.0096815453142392,-0.0109257680134647
beetle-humanscale-eng,Beetle-HumanScale/beetle-monolingual-humanscale-eng@step-2048,2048,Plaus,ses-7,0,14,60,-0.0407203646943321,-0.0110149874065406,-0.0274731486715658
beetle-humanscale-eng,Beetle-HumanScale/beetle-monolingual-humanscale-eng@step-2048,2048,Plaus,ses-9,0,14,60,-0.0285032229395418,-0.0124213488725879,-0.0191119499988821
beetle-humanscale-eng,Beetle-HumanScale/beetle-monolingual-humanscale-eng@step-2048,2048,Plaus,ses-5,1,14,60,-0.005874029891446,-0.0048295918663142,-0.0038292884677416
beetle-humanscale-eng,Beetle-HumanScale/beetle-monolingual-humanscale-eng@step-2048,2048,Plaus,ses-7,1,14,60,-0.0226151279898926,-0.0048996845760935,-0.0152488079383481
beetle-humanscale-eng,Beetle-HumanScale/beetle-monolingual-humanscale-eng@step-2048,2048,Plaus,ses-9,1,14,60,-0.0146071142284899,-0.0072571947970503,-0.0095294669975376
beetle-humanscale-eng,Beetle-HumanScale/beetle-monolingual-humanscale-eng@step-2048,2048,Plaus,ses-5,2,14,60,-0.0020424868738972,-0.0028169533140333,-0.0011772107833274
beetle-humanscale-eng,Beetle-HumanScale/beetle-monolingual-humanscale-eng@step-2048,2048,Plaus,ses-7,2,14,60,-0.0126507716432953,-0.0019056031010718,-0.0083452299968382
beetle-humanscale-eng,Beetle-HumanScale/beetle-monolingual-humanscale-eng@step-2048,2048,Plaus,ses-9,2,14,60,-0.0086456849158299,-0.0049423877498312,-0.0056842098539504
beetle-humanscale-eng,Beetle-HumanScale/beetle-monolingual-humanscale-eng@step-2048,2048,Plaus,ses-5,3,14,60,0.001165694581865,-0.001830212246637,0.0005972284766202
beetle-humanscale-eng,Beetle-HumanScale/beetle-monolingual-humanscale-eng@step-2048,2048,Plaus,ses-7,3,14,60,-0.0101422400017753,-0.0011470625035623,-0.0068518394317706
beetle-humanscale-eng,Beetle-HumanScale/beetle-monolingual-humanscale-eng@step-2048,2048,Plaus,ses-9,3,14,60,-0.0078782492898857,-0.0041751952854056,-0.0050774001718229
beetle-humanscale-eng,Beetle-HumanScale/beetle-monolingual-humanscale-eng@step-2048,2048,Plaus,ses-5,4,14,60,0.0027463219058585,-0.0017545729570422,0.0018466176747691
beetle-humanscale-eng,Beetle-HumanScale/beetle-monolingual-humanscale-eng@step-2048,2048,Plaus,ses-7,4,14,60,-0.00832861031117,-0.0006975664826286,-0.0053801662658529
beetle-humanscale-eng,Beetle-HumanScale/beetle-monolingual-humanscale-eng@step-2048,2048,Plaus,ses-9,4,14,60,-0.0059796471282587,-0.0034109435113854,-0.003585287100823
beetle-humanscale-eng,Beetle-HumanScale/beetle-monolingual-humanscale-eng@step-2048,2048,Plaus,ses-5,5,14,60,-0.0002067625230481,-0.0016971130639841,-0.0002714674893728
beetle-humanscale-eng,Beetle-HumanScale/beetle-monolingual-humanscale-eng@step-2048,2048,Plaus,ses-7,5,14,60,-0.0151698139375875,-0.000875619533672,-0.0100890093991626
beetle-humanscale-eng,Beetle-HumanScale/beetle-monolingual-humanscale-eng@step-2048,2048,Plaus,ses-9,5,14,60,-0.0126800486911345,-0.0031573963617814,-0.0083861098070025
beetle-humanscale-eng,Beetle-HumanScale/beetle-monolingual-humanscale-eng@step-2048,2048,Plaus,ses-5,6,14,60,0.0029862621256282,-0.0013435801051658,0.0018389527103633
beetle-humanscale-eng,Beetle-HumanScale/beetle-monolingual-humanscale-eng@step-2048,2048,Plaus,ses-7,6,14,60,-0.0097303184956635,-0.0001981472256313,-0.0065222459623203
beetle-humanscale-eng,Beetle-HumanScale/beetle-monolingual-humanscale-eng@step-2048,2048,Plaus,ses-9,6,14,60,-0.0088526908913048,-0.0026491747411659,-0.0058949963751105
beetle-humanscale-eng,Beetle-HumanScale/beetle-monolingual-humanscale-eng@step-2048,2048,Plaus,ses-5,7,14,60,0.003577133067542,-0.0002961393212616,0.0025300770009549
beetle-humanscale-eng,Beetle-HumanScale/beetle-monolingual-humanscale-eng@step-2048,2048,Plaus,ses-7,7,14,60,-0.0046225848728043,0.0017834864536098,-0.0030359646517391
beetle-humanscale-eng,Beetle-HumanScale/beetle-monolingual-humanscale-eng@step-2048,2048,Plaus,ses-9,7,14,60,-0.006369300852401,-0.0007139572969628,-0.0040771223168632
beetle-humanscale-eng,Beetle-HumanScale/beetle-monolingual-humanscale-eng@step-2048,2048,Plaus,ses-5,8,14,60,0.00360481090344,0.0009992872244417,0.0025747892933222
beetle-humanscale-eng,Beetle-HumanScale/beetle-monolingual-humanscale-eng@step-2048,2048,Plaus,ses-7,8,14,60,0.0020826402941541,0.0043188630506301,0.0013292325773762
beetle-humanscale-eng,Beetle-HumanScale/beetle-monolingual-humanscale-eng@step-2048,2048,Plaus,ses-9,8,14,60,-0.0006802699190598,0.0015384057479713,-0.000422211789354
beetle-humanscale-eng,Beetle-HumanScale/beetle-monolingual-humanscale-eng@step-2048,2048,Plaus,ses-5,9,14,60,0.0008154866429257,-0.0032428376209938,0.0008731671952298
beetle-humanscale-eng,Beetle-HumanScale/beetle-monolingual-humanscale-eng@step-2048,2048,Plaus,ses-7,9,14,60,0.0024960181867835,0.0003556351870715,0.0016792659519087
beetle-humanscale-eng,Beetle-HumanScale/beetle-monolingual-humanscale-eng@step-2048,2048,Plaus,ses-9,9,14,60,0.0007173049842323,-0.0025140365242947,0.0007709676698188
beetle-humanscale-eng,Beetle-HumanScale/beetle-monolingual-humanscale-eng@step-2048,2048,Plaus,ses-5,10,14,60,-0.016531334077479,-0.0113392980112125,-0.0107060390338312
beetle-humanscale-eng,Beetle-HumanScale/beetle-monolingual-humanscale-eng@step-2048,2048,Plaus,ses-7,10,14,60,-0.0289133569638357,-0.0098562604862127,-0.0192665267810662
beetle-humanscale-eng,Beetle-HumanScale/beetle-monolingual-humanscale-eng@step-2048,2048,Plaus,ses-9,10,14,60,-0.0255087970425355,-0.011239630055925,-0.0170602945262572
beetle-humanscale-eng,Beetle-HumanScale/beetle-monolingual-humanscale-eng@step-2048,2048,Plaus,ses-5,11,14,60,-0.0193450230568653,-0.0169812763553931,-0.0128151817394997
beetle-humanscale-eng,Beetle-HumanScale/beetle-monolingual-humanscale-eng@step-2048,2048,Plaus,ses-7,11,14,60,-0.033970870138088,-0.01547237977391,-0.0226429436018306
beetle-humanscale-eng,Beetle-HumanScale/beetle-monolingual-humanscale-eng@step-2048,2048,Plaus,ses-9,11,14,60,-0.0338115851663051,-0.0164954983251326,-0.0227924104077441
beetle-humanscale-eng,Beetle-HumanScale/beetle-monolingual-humanscale-eng@step-2048,2048,Plaus,ses-5,12,14,60,-0.0253007004001887,-0.0230864129604735,-0.0167498634678215
beetle-humanscale-eng,Beetle-HumanScale/beetle-monolingual-humanscale-eng@step-2048,2048,Plaus,ses-7,12,14,60,-0.0379717694838128,-0.022448250029762,-0.0252694714048921
beetle-humanscale-eng,Beetle-HumanScale/beetle-monolingual-humanscale-eng@step-2048,2048,Plaus,ses-9,12,14,60,-0.0343381738474411,-0.0228810880143298,-0.0228435101704496
beetle-humanscale-eng,Beetle-HumanScale/beetle-monolingual-humanscale-eng@step-2048,2048,Plaus,ses-5,13,14,60,-0.03645384468485,-0.0335896720074257,-0.0244914775177012
beetle-humanscale-eng,Beetle-HumanScale/beetle-monolingual-humanscale-eng@step-2048,2048,Plaus,ses-7,13,14,60,-0.053929262387134,-0.0348595072371114,-0.0361716057781056
beetle-humanscale-eng,Beetle-HumanScale/beetle-monolingual-humanscale-eng@step-2048,2048,Plaus,ses-9,13,14,60,-0.0467797268032049,-0.0337218048692293,-0.0312698610405828
beetle-humanscale-eng,Beetle-HumanScale/beetle-monolingual-humanscale-eng@step-9500,9500,Sem,ses-5,0,14,72,-0.0037051979923032,-0.0010642169527755,-0.0023544616251542
beetle-humanscale-eng,Beetle-HumanScale/beetle-monolingual-humanscale-eng@step-9500,9500,Sem,ses-7,0,14,72,-0.0226681629897567,-0.0023130061346734,-0.01489852356146
beetle-humanscale-eng,Beetle-HumanScale/beetle-monolingual-humanscale-eng@step-9500,9500,Sem,ses-9,0,14,72,-0.015037233578566,-7.030433651112819e-05,-0.0094699092576769
beetle-humanscale-eng,Beetle-HumanScale/beetle-monolingual-humanscale-eng@step-9500,9500,Sem,ses-5,1,14,72,0.0192902952849412,0.0063361215209201,0.0127216878133335
beetle-humanscale-eng,Beetle-HumanScale/beetle-monolingual-humanscale-eng@step-9500,9500,Sem,ses-7,1,14,72,-0.008354261947252,0.0050690991592826,-0.0055946026233504
beetle-humanscale-eng,Beetle-HumanScale/beetle-monolingual-humanscale-eng@step-9500,9500,Sem,ses-9,1,14,72,0.0006409989070126,0.0079312780751823,0.000288488924414
beetle-humanscale-eng,Beetle-HumanScale/beetle-monolingual-humanscale-eng@step-9500,9500,Sem,ses-5,2,14,72,0.0033277892946671,-0.0078549974946879,0.0020083974164622
beetle-humanscale-eng,Beetle-HumanScale/beetle-monolingual-humanscale-eng@step-9500,9500,Sem,ses-7,2,14,72,-0.0160050453673049,-0.0081540881990611,-0.0108553910984935
beetle-humanscale-eng,Beetle-HumanScale/beetle-monolingual-humanscale-eng@step-9500,9500,Sem,ses-9,2,14,72,-0.0117571505323542,-0.0056086191132525,-0.007750613268653
beetle-humanscale-eng,Beetle-HumanScale/beetle-monolingual-humanscale-eng@step-9500,9500,Sem,ses-5,3,14,72,0.0069619539434782,-0.0058166269752293,0.0042967087149992
beetle-humanscale-eng,Beetle-HumanScale/beetle-monolingual-humanscale-eng@step-9500,9500,Sem,ses-7,3,14,72,-0.0257693357470455,-0.0065645894411185,-0.0170490216795445
beetle-humanscale-eng,Beetle-HumanScale/beetle-monolingual-humanscale-eng@step-9500,9500,Sem,ses-9,3,14,72,-0.0216683446243307,-0.003733986034557,-0.0143791209969099
beetle-humanscale-eng,Beetle-HumanScale/beetle-monolingual-humanscale-eng@step-9500,9500,Sem,ses-5,4,14,72,0.008032771877298,-0.0048740707832972,0.0052761010507489
beetle-humanscale-eng,Beetle-HumanScale/beetle-monolingual-humanscale-eng@step-9500,9500,Sem,ses-7,4,14,72,-0.01870951091067,-0.0049825028822914,-0.0124962867004155
beetle-humanscale-eng,Beetle-HumanScale/beetle-monolingual-humanscale-eng@step-9500,9500,Sem,ses-9,4,14,72,-0.0165063375325014,-0.001947481276845,-0.010966866648904
beetle-humanscale-eng,Beetle-HumanScale/beetle-monolingual-humanscale-eng@step-9500,9500,Sem,ses-5,5,14,72,0.0070239779591469,-0.0028651155442031,0.0046764605900241
beetle-humanscale-eng,Beetle-HumanScale/beetle-monolingual-humanscale-eng@step-9500,9500,Sem,ses-7,5,14,72,-0.0048634481577805,-0.0020703369367685,-0.0029957522915269
beetle-humanscale-eng,Beetle-HumanScale/beetle-monolingual-humanscale-eng@step-9500,9500,Sem,ses-9,5,14,72,-0.005323188328608,0.000414880320034,-0.0034814671897442
beetle-humanscale-eng,Beetle-HumanScale/beetle-monolingual-humanscale-eng@step-9500,9500,Sem,ses-5,6,14,72,-0.0027078847331061,-0.0071252715304425,-0.0015771952874017
beetle-humanscale-eng,Beetle-HumanScale/beetle-monolingual-humanscale-eng@step-9500,9500,Sem,ses-7,6,14,72,-0.0018709047401341,-0.0060681073952321,-0.0013407691200475
beetle-humanscale-eng,Beetle-HumanScale/beetle-monolingual-humanscale-eng@step-9500,9500,Sem,ses-9,6,14,72,-0.0046633917828297,-0.0043950923370602,-0.0029694146614848
beetle-humanscale-eng,Beetle-HumanScale/beetle-monolingual-humanscale-eng@step-9500,9500,Sem,ses-5,7,14,72,0.0052352041974714,-0.0061081744107944,0.0040149573238517
beetle-humanscale-eng,Beetle-HumanScale/beetle-monolingual-humanscale-eng@step-9500,9500,Sem,ses-7,7,14,72,-0.0066563015201622,-0.0052818194161312,-0.004660535511394
beetle-humanscale-eng,Beetle-HumanScale/beetle-monolingual-humanscale-eng@step-9500,9500,Sem,ses-9,7,14,72,-0.0047022978216236,-0.0032734237946887,-0.0030882402481862
beetle-humanscale-eng,Beetle-HumanScale/beetle-monolingual-humanscale-eng@step-9500,9500,Sem,ses-5,8,14,72,0.0126574724884487,-0.0025237002403514,0.0092702332717767
beetle-humanscale-eng,Beetle-HumanScale/beetle-monolingual-humanscale-eng@step-9500,9500,Sem,ses-7,8,14,72,-0.0039713371436746,-0.0014630734451066,-0.0030435275274171
beetle-humanscale-eng,Beetle-HumanScale/beetle-monolingual-humanscale-eng@step-9500,9500,Sem,ses-9,8,14,72,0.0005457768441669,-3.1859171258288334e-05,0.0002217260947725
beetle-humanscale-eng,Beetle-HumanScale/beetle-monolingual-humanscale-eng@step-9500,9500,Sem,ses-5,9,14,72,-0.0011100171692119,0.000433178370341,-0.0003264641119165
beetle-humanscale-eng,Beetle-HumanScale/beetle-monolingual-humanscale-eng@step-9500,9500,Sem,ses-7,9,14,72,0.0196849141917217,0.0027337959335041,0.0132674280079257
beetle-humanscale-eng,Beetle-HumanScale/beetle-monolingual-humanscale-eng@step-9500,9500,Sem,ses-9,9,14,72,0.0152671421101023,0.003039770195554,0.0105240269623831
beetle-humanscale-eng,Beetle-HumanScale/beetle-monolingual-humanscale-eng@step-9500,9500,Sem,ses-5,10,14,72,-0.0001944497086288,0.0020727525858452,0.0002627637973962
beetle-humanscale-eng,Beetle-HumanScale/beetle-monolingual-humanscale-eng@step-9500,9500,Sem,ses-7,10,14,72,0.0220177350813585,0.0046537010248526,0.0147839854959283
beetle-humanscale-eng,Beetle-HumanScale/beetle-monolingual-humanscale-eng@step-9500,9500,Sem,ses-9,10,14,72,0.0182103652607649,0.0045230761159097,0.0123750111016173
beetle-humanscale-eng,Beetle-HumanScale/beetle-monolingual-humanscale-eng@step-9500,9500,Sem,ses-5,11,14,72,-0.0054145629047211,0.0069067552131151,-0.0034710546383322
beetle-humanscale-eng,Beetle-HumanScale/beetle-monolingual-humanscale-eng@step-9500,9500,Sem,ses-7,11,14,72,0.0278353549184884,0.0102055806384096,0.0184406285506034
beetle-humanscale-eng,Beetle-HumanScale/beetle-monolingual-humanscale-eng@step-9500,9500,Sem,ses-9,11,14,72,0.0250306470391521,0.0111643941639943,0.0169871588740969
beetle-humanscale-eng,Beetle-HumanScale/beetle-monolingual-humanscale-eng@step-9500,9500,Sem,ses-5,12,14,72,-0.0093700214404683,0.0061804953413946,-0.0060723549822527
beetle-humanscale-eng,Beetle-HumanScale/beetle-monolingual-humanscale-eng@step-9500,9500,Sem,ses-7,12,14,72,0.0317928507394218,0.0098058389304665,0.021320005267526
beetle-humanscale-eng,Beetle-HumanScale/beetle-monolingual-humanscale-eng@step-9500,9500,Sem,ses-9,12,14,72,0.0301867794197302,0.0103407249847305,0.0204765886031562
beetle-humanscale-eng,Beetle-HumanScale/beetle-monolingual-humanscale-eng@step-9500,9500,Sem,ses-5,13,14,72,-0.011752005219503,0.0075740811790313,-0.0079864269329829
beetle-humanscale-eng,Beetle-HumanScale/beetle-monolingual-humanscale-eng@step-9500,9500,Sem,ses-7,13,14,72,0.0394625891758261,0.0115178881860036,0.0265771187245237
beetle-humanscale-eng,Beetle-HumanScale/beetle-monolingual-humanscale-eng@step-9500,9500,Sem,ses-9,13,14,72,0.036602275268122,0.0115776658198281,0.0249055979713899
beetle-humanscale-eng,Beetle-HumanScale/beetle-monolingual-humanscale-eng@step-9500,9500,Phon,ses-5,0,14,72,-0.0171675785026975,-0.0174140117897264,-0.0115230193949082
beetle-humanscale-eng,Beetle-HumanScale/beetle-monolingual-humanscale-eng@step-9500,9500,Phon,ses-7,0,14,72,-0.0183067040577126,-0.01753776524368,-0.0123082482719758
beetle-humanscale-eng,Beetle-HumanScale/beetle-monolingual-humanscale-eng@step-9500,9500,Phon,ses-9,0,14,72,-0.0095493722429077,-0.0149582788094956,-0.0065041696143374
beetle-humanscale-eng,Beetle-HumanScale/beetle-monolingual-humanscale-eng@step-9500,9500,Phon,ses-5,1,14,72,-0.0151030634010587,-0.0208830632199372,-0.0101626501780852
beetle-humanscale-eng,Beetle-HumanScale/beetle-monolingual-humanscale-eng@step-9500,9500,Phon,ses-7,1,14,72,-0.0044295624654112,-0.0176263471283546,-0.0029755396917272
beetle-humanscale-eng,Beetle-HumanScale/beetle-monolingual-humanscale-eng@step-9500,9500,Phon,ses-9,1,14,72,-0.0151197375203446,-0.0190763403252682,-0.0099874743131544
beetle-humanscale-eng,Beetle-HumanScale/beetle-monolingual-humanscale-eng@step-9500,9500,Phon,ses-5,2,14,72,0.0378886365374033,0.0165258268092217,0.0251260990601141
beetle-humanscale-eng,Beetle-HumanScale/beetle-monolingual-humanscale-eng@step-9500,9500,Phon,ses-7,2,14,72,0.0450372453279885,0.0193287227726245,0.0297786720321931
beetle-humanscale-eng,Beetle-HumanScale/beetle-monolingual-humanscale-eng@step-9500,9500,Phon,ses-9,2,14,72,0.0292516504282641,0.0144659571913654,0.019480046182728
beetle-humanscale-eng,Beetle-HumanScale/beetle-monolingual-humanscale-eng@step-9500,9500,Phon,ses-5,3,14,72,0.0337053951454569,0.0080167316785258,0.0222454973371431
beetle-humanscale-eng,Beetle-HumanScale/beetle-monolingual-humanscale-eng@step-9500,9500,Phon,ses-7,3,14,72,0.019027322369383,0.0093856449507077,0.0125605995179601
beetle-humanscale-eng,Beetle-HumanScale/beetle-monolingual-humanscale-eng@step-9500,9500,Phon,ses-9,3,14,72,0.0250567329129648,0.008509331875971,0.0167599202521062
beetle-humanscale-eng,Beetle-HumanScale/beetle-monolingual-humanscale-eng@step-9500,9500,Phon,ses-5,4,14,72,0.0176427948547489,0.0040706597961816,0.0114966817648662
beetle-humanscale-eng,Beetle-HumanScale/beetle-monolingual-humanscale-eng@step-9500,9500,Phon,ses-7,4,14,72,0.010401488510263,0.0063162460847736,0.0066579078734201
beetle-humanscale-eng,Beetle-HumanScale/beetle-monolingual-humanscale-eng@step-9500,9500,Phon,ses-9,4,14,72,0.0179555378928559,0.0061266139830567,0.0120626345592581
beetle-humanscale-eng,Beetle-HumanScale/beetle-monolingual-humanscale-eng@step-9500,9500,Phon,ses-5,5,14,72,0.0102717727299791,-0.0007454519552872,0.0065819574984151
beetle-humanscale-eng,Beetle-HumanScale/beetle-monolingual-humanscale-eng@step-9500,9500,Phon,ses-7,5,14,72,0.0083260439305302,0.0029614489095511,0.0055162022362485
beetle-humanscale-eng,Beetle-HumanScale/beetle-monolingual-humanscale-eng@step-9500,9500,Phon,ses-9,5,14,72,0.0027907752919676,0.0036310796417852,0.0017921838489077
beetle-humanscale-eng,Beetle-HumanScale/beetle-monolingual-humanscale-eng@step-9500,9500,Phon,ses-5,6,14,72,0.0098532913569225,0.0021871214591685,0.0066180951768449
beetle-humanscale-eng,Beetle-HumanScale/beetle-monolingual-humanscale-eng@step-9500,9500,Phon,ses-7,6,14,72,0.0037965301698886,0.0064365162011465,0.0024714497027829
beetle-humanscale-eng,Beetle-HumanScale/beetle-monolingual-humanscale-eng@step-9500,9500,Phon,ses-9,6,14,72,-0.0029836914674087,0.0065643569609112,-0.0018785467753247
beetle-humanscale-eng,Beetle-HumanScale/beetle-monolingual-humanscale-eng@step-9500,9500,Phon,ses-5,7,14,72,0.0066901125494428,-0.0005644734868244,0.004710148256357
beetle-humanscale-eng,Beetle-HumanScale/beetle-monolingual-humanscale-eng@step-9500,9500,Phon,ses-7,7,14,72,0.006887380682234,0.0060990799465892,0.0048399988974945
beetle-humanscale-eng,Beetle-HumanScale/beetle-monolingual-humanscale-eng@step-9500,9500,Phon,ses-9,7,14,72,-0.0039394024288988,0.0063222097786553,-0.0022601361594222
beetle-humanscale-eng,Beetle-HumanScale/beetle-monolingual-humanscale-eng@step-9500,9500,Phon,ses-5,8,14,72,-0.0096435594942302,-0.0111330233394823,-0.0065807324923666
beetle-humanscale-eng,Beetle-HumanScale/beetle-monolingual-humanscale-eng@step-9500,9500,Phon,ses-7,8,14,72,-0.0168328047584341,-0.0040509175609453,-0.0105963023192427
beetle-humanscale-eng,Beetle-HumanScale/beetle-monolingual-humanscale-eng@step-9500,9500,Phon,ses-9,8,14,72,-0.0210246171205448,-0.0020024594993121,-0.0137690679847731
beetle-humanscale-eng,Beetle-HumanScale/beetle-monolingual-humanscale-eng@step-9500,9500,Phon,ses-5,9,14,72,-0.017588127342943,-0.0146148675180361,-0.0115401694795868
beetle-humanscale-eng,Beetle-HumanScale/beetle-monolingual-humanscale-eng@step-9500,9500,Phon,ses-7,9,14,72,-0.0284326107614556,-0.0104922345498349,-0.0188767307038578
beetle-humanscale-eng,Beetle-HumanScale/beetle-monolingual-humanscale-eng@step-9500,9500,Phon,ses-9,9,14,72,-0.0278738125389556,-0.0057314981950577,-0.018549654088917
beetle-humanscale-eng,Beetle-HumanScale/beetle-monolingual-humanscale-eng@step-9500,9500,Phon,ses-5,10,14,72,-0.0201937288617963,-0.0151004861378378,-0.0133874786006755
beetle-humanscale-eng,Beetle-HumanScale/beetle-monolingual-humanscale-eng@step-9500,9500,Phon,ses-7,10,14,72,-0.0263974347223554,-0.0110397030194445,-0.0175218740142529
beetle-humanscale-eng,Beetle-HumanScale/beetle-monolingual-humanscale-eng@step-9500,9500,Phon,ses-9,10,14,72,-0.0285789101150171,-0.0065153834661773,-0.0191327569679875
beetle-humanscale-eng,Beetle-HumanScale/beetle-monolingual-humanscale-eng@step-9500,9500,Phon,ses-5,11,14,72,-0.0181765412963402,-0.0169119519074194,-0.0121496099886993
beetle-humanscale-eng,Beetle-HumanScale/beetle-monolingual-humanscale-eng@step-9500,9500,Phon,ses-7,11,14,72,-0.0231388563531091,-0.0127402421820134,-0.0156053520514257
beetle-humanscale-eng,Beetle-HumanScale/beetle-monolingual-humanscale-eng@step-9500,9500,Phon,ses-9,11,14,72,-0.0265030480175794,-0.0074149347894,-0.0176106869527668
beetle-humanscale-eng,Beetle-HumanScale/beetle-monolingual-humanscale-eng@step-9500,9500,Phon,ses-5,12,14,72,-0.0120187925653146,-0.0119940471725731,-0.008235715663846
beetle-humanscale-eng,Beetle-HumanScale/beetle-monolingual-humanscale-eng@step-9500,9500,Phon,ses-7,12,14,72,-0.0159988400912616,-0.0080599897983783,-0.0108903037708748
beetle-humanscale-eng,Beetle-HumanScale/beetle-monolingual-humanscale-eng@step-9500,9500,Phon,ses-9,12,14,72,-0.0191830701270462,-0.0033898888219026,-0.0126420624201832
beetle-humanscale-eng,Beetle-HumanScale/beetle-monolingual-humanscale-eng@step-9500,9500,Phon,ses-5,13,14,72,-0.0093752881999497,-0.0103329873758005,-0.0064753819721984
beetle-humanscale-eng,Beetle-HumanScale/beetle-monolingual-humanscale-eng@step-9500,9500,Phon,ses-7,13,14,72,-0.0121373424418162,-0.0063323689953769,-0.0083912914320014
beetle-humanscale-eng,Beetle-HumanScale/beetle-monolingual-humanscale-eng@step-9500,9500,Phon,ses-9,13,14,72,-0.0149137654728531,-0.0022506207128373,-0.0100119744341237
beetle-humanscale-eng,Beetle-HumanScale/beetle-monolingual-humanscale-eng@step-9500,9500,Gram,ses-5,0,14,60,-0.0189939603294054,-0.0364369206370409,-0.0126669924276539
beetle-humanscale-eng,Beetle-HumanScale/beetle-monolingual-humanscale-eng@step-9500,9500,Gram,ses-7,0,14,60,-0.0320211905753116,-0.0342902691613504,-0.0211980978113332
beetle-humanscale-eng,Beetle-HumanScale/beetle-monolingual-humanscale-eng@step-9500,9500,Gram,ses-9,0,14,60,-0.0335399679987736,-0.0356269967780028,-0.0221996531603606
beetle-humanscale-eng,Beetle-HumanScale/beetle-monolingual-humanscale-eng@step-9500,9500,Gram,ses-5,1,14,60,-0.0251816770497413,-0.0326164563452221,-0.0166399989780047
beetle-humanscale-eng,Beetle-HumanScale/beetle-monolingual-humanscale-eng@step-9500,9500,Gram,ses-7,1,14,60,-0.0360004561973874,-0.0292703721773143,-0.0236611063737372
beetle-humanscale-eng,Beetle-HumanScale/beetle-monolingual-humanscale-eng@step-9500,9500,Gram,ses-9,1,14,60,-0.0299902779707889,-0.030183150243362,-0.0199895884233487
beetle-humanscale-eng,Beetle-HumanScale/beetle-monolingual-humanscale-eng@step-9500,9500,Gram,ses-5,2,14,60,-0.0232192557279527,-0.0330819163792655,-0.0155132492103489
beetle-humanscale-eng,Beetle-HumanScale/beetle-monolingual-humanscale-eng@step-9500,9500,Gram,ses-7,2,14,60,-0.0331453846334916,-0.0295138709798067,-0.0220719037535969
beetle-humanscale-eng,Beetle-HumanScale/beetle-monolingual-humanscale-eng@step-9500,9500,Gram,ses-9,2,14,60,-0.033899580775462,-0.0307685781659804,-0.0224781468671054
beetle-humanscale-eng,Beetle-HumanScale/beetle-monolingual-humanscale-eng@step-9500,9500,Gram,ses-5,3,14,60,-0.0210731760594228,-0.0347266653327215,-0.0140173036571461
beetle-humanscale-eng,Beetle-HumanScale/beetle-monolingual-humanscale-eng@step-9500,9500,Gram,ses-7,3,14,60,-0.0329541046027759,-0.0312061729498663,-0.0218841121256543
beetle-humanscale-eng,Beetle-HumanScale/beetle-monolingual-humanscale-eng@step-9500,9500,Gram,ses-9,3,14,60,-0.0374512205868825,-0.0328188293131347,-0.0250063076269589
beetle-humanscale-eng,Beetle-HumanScale/beetle-monolingual-humanscale-eng@step-9500,9500,Gram,ses-5,4,14,60,-0.0197730751797702,-0.0340509985477156,-0.0132827445682549
beetle-humanscale-eng,Beetle-HumanScale/beetle-monolingual-humanscale-eng@step-9500,9500,Gram,ses-7,4,14,60,-0.0314971554396298,-0.0301462443620132,-0.0208276245317185
beetle-humanscale-eng,Beetle-HumanScale/beetle-monolingual-humanscale-eng@step-9500,9500,Gram,ses-9,4,14,60,-0.0345484951039634,-0.0320853712704993,-0.0231015639721123
beetle-humanscale-eng,Beetle-HumanScale/beetle-monolingual-humanscale-eng@step-9500,9500,Gram,ses-5,5,14,60,-0.0189704265948166,-0.0339190127760929,-0.0128126267513645
beetle-humanscale-eng,Beetle-HumanScale/beetle-monolingual-humanscale-eng@step-9500,9500,Gram,ses-7,5,14,60,-0.029727275773133,-0.0295854827200746,-0.0196216701318693
beetle-humanscale-eng,Beetle-HumanScale/beetle-monolingual-humanscale-eng@step-9500,9500,Gram,ses-9,5,14,60,-0.0352864437719759,-0.0312989351914676,-0.0234107175364804
beetle-humanscale-eng,Beetle-HumanScale/beetle-monolingual-humanscale-eng@step-9500,9500,Gram,ses-5,6,14,60,-0.011494974214087,-0.0324317070239783,-0.0077396978087783
beetle-humanscale-eng,Beetle-HumanScale/beetle-monolingual-humanscale-eng@step-9500,9500,Gram,ses-7,6,14,60,-0.026058259431681,-0.0273904833695879,-0.0167894657839182
beetle-humanscale-eng,Beetle-HumanScale/beetle-monolingual-humanscale-eng@step-9500,9500,Gram,ses-9,6,14,60,-0.0367059943143254,-0.030445624965217,-0.0244237703321165
beetle-humanscale-eng,Beetle-HumanScale/beetle-monolingual-humanscale-eng@step-9500,9500,Gram,ses-5,7,14,60,-0.0099952769688199,-0.0312976320174633,-0.0068671693605822
beetle-humanscale-eng,Beetle-HumanScale/beetle-monolingual-humanscale-eng@step-9500,9500,Gram,ses-7,7,14,60,-0.022919876327682,-0.0253520702439562,-0.0149511518205887
beetle-humanscale-eng,Beetle-HumanScale/beetle-monolingual-humanscale-eng@step-9500,9500,Gram,ses-9,7,14,60,-0.0332067108408029,-0.0288861867614812,-0.0223452874840712
beetle-humanscale-eng,Beetle-HumanScale/beetle-monolingual-humanscale-eng@step-9500,9500,Gram,ses-5,8,14,60,-0.0085582692644541,-0.0304469502330487,-0.0057864093793614
beetle-humanscale-eng,Beetle-HumanScale/beetle-monolingual-humanscale-eng@step-9500,9500,Gram,ses-7,8,14,60,-0.0213168578724894,-0.0248185378158828,-0.0140006962342668
beetle-humanscale-eng,Beetle-HumanScale/beetle-monolingual-humanscale-eng@step-9500,9500,Gram,ses-9,8,14,60,-0.0313020537468191,-0.0288452548947221,-0.0210575734638932
beetle-humanscale-eng,Beetle-HumanScale/beetle-monolingual-humanscale-eng@step-9500,9500,Gram,ses-5,9,14,60,-0.005335056514857,-0.0282637663275671,-0.0037526388236834
beetle-humanscale-eng,Beetle-HumanScale/beetle-monolingual-humanscale-eng@step-9500,9500,Gram,ses-7,9,14,60,-0.0180426889069511,-0.0219122677671081,-0.012276079242957
beetle-humanscale-eng,Beetle-HumanScale/beetle-monolingual-humanscale-eng@step-9500,9500,Gram,ses-9,9,14,60,-0.0347755182789735,-0.0273521484027151,-0.0235256920025677
beetle-humanscale-eng,Beetle-HumanScale/beetle-monolingual-humanscale-eng@step-9500,9500,Gram,ses-5,10,14,60,-0.0094295649416949,-0.0277621274121333,-0.0065260784445232
beetle-humanscale-eng,Beetle-HumanScale/beetle-monolingual-humanscale-eng@step-9500,9500,Gram,ses-7,10,14,60,-0.0222198781059667,-0.0218045200006858,-0.0148400098367043
beetle-humanscale-eng,Beetle-HumanScale/beetle-monolingual-humanscale-eng@step-9500,9500,Gram,ses-9,10,14,60,-0.0371761474769015,-0.0267141978333333,-0.0247150389795377
beetle-humanscale-eng,Beetle-HumanScale/beetle-monolingual-humanscale-eng@step-9500,9500,Gram,ses-5,11,14,60,-0.014199979538094,-0.0314458034548888,-0.0096048391475282
beetle-humanscale-eng,Beetle-HumanScale/beetle-monolingual-humanscale-eng@step-9500,9500,Gram,ses-7,11,14,60,-0.0285463021169633,-0.0268799341363396,-0.0188743361023017
beetle-humanscale-eng,Beetle-HumanScale/beetle-monolingual-humanscale-eng@step-9500,9500,Gram,ses-9,11,14,60,-0.0382091301898694,-0.0305303393343749,-0.0256373896963715
beetle-humanscale-eng,Beetle-HumanScale/beetle-monolingual-humanscale-eng@step-9500,9500,Gram,ses-5,12,14,60,-0.0203830198078142,-0.0318957104184547,-0.013577845697879
beetle-humanscale-eng,Beetle-HumanScale/beetle-monolingual-humanscale-eng@step-9500,9500,Gram,ses-7,12,14,60,-0.0341648270634874,-0.026383920089859,-0.0227528080916474
beetle-humanscale-eng,Beetle-HumanScale/beetle-monolingual-humanscale-eng@step-9500,9500,Gram,ses-9,12,14,60,-0.041277206397036,-0.0314325038502464,-0.0273926665453047
beetle-humanscale-eng,Beetle-HumanScale/beetle-monolingual-humanscale-eng@step-9500,9500,Gram,ses-5,13,14,60,-0.0198300257354642,-0.0310523591918558,-0.0132840220623225
beetle-humanscale-eng,Beetle-HumanScale/beetle-monolingual-humanscale-eng@step-9500,9500,Gram,ses-7,13,14,60,-0.0318491313841929,-0.0254588221162486,-0.0214369892019813
beetle-humanscale-eng,Beetle-HumanScale/beetle-monolingual-humanscale-eng@step-9500,9500,Gram,ses-9,13,14,60,-0.0417210061049158,-0.0313875685634309,-0.0276583853113732
beetle-humanscale-eng,Beetle-HumanScale/beetle-monolingual-humanscale-eng@step-9500,9500,Plaus,ses-5,0,14,60,-0.0346858130927752,-0.0173591978258301,-0.0234056075602098
beetle-humanscale-eng,Beetle-HumanScale/beetle-monolingual-humanscale-eng@step-9500,9500,Plaus,ses-7,0,14,60,-0.0627751788089096,-0.0194404206215521,-0.0422933573502218
beetle-humanscale-eng,Beetle-HumanScale/beetle-monolingual-humanscale-eng@step-9500,9500,Plaus,ses-9,0,14,60,-0.052966644999581,-0.0203126661034392,-0.0359224944349164
beetle-humanscale-eng,Beetle-HumanScale/beetle-monolingual-humanscale-eng@step-9500,9500,Plaus,ses-5,1,14,60,-0.0410008694984573,-0.0223853858570362,-0.0272253148224442
beetle-humanscale-eng,Beetle-HumanScale/beetle-monolingual-humanscale-eng@step-9500,9500,Plaus,ses-7,1,14,60,-0.0686128931723556,-0.024732337153734,-0.0461309495294031
beetle-humanscale-eng,Beetle-HumanScale/beetle-monolingual-humanscale-eng@step-9500,9500,Plaus,ses-9,1,14,60,-0.0618104926167344,-0.025382241207252,-0.0417708622765583
beetle-humanscale-eng,Beetle-HumanScale/beetle-monolingual-humanscale-eng@step-9500,9500,Plaus,ses-5,2,14,60,-0.0450194900168302,-0.0266012849386554,-0.0300677391229364
beetle-humanscale-eng,Beetle-HumanScale/beetle-monolingual-humanscale-eng@step-9500,9500,Plaus,ses-7,2,14,60,-0.064974647053627,-0.0280699382452908,-0.0437867479152893
beetle-humanscale-eng,Beetle-HumanScale/beetle-monolingual-humanscale-eng@step-9500,9500,Plaus,ses-9,2,14,60,-0.0603158461978149,-0.0285925068315812,-0.0406964897656756
beetle-humanscale-eng,Beetle-HumanScale/beetle-monolingual-humanscale-eng@step-9500,9500,Plaus,ses-5,3,14,60,-0.0522489018009804,-0.0280126618046049,-0.0349937562477444
beetle-humanscale-eng,Beetle-HumanScale/beetle-monolingual-humanscale-eng@step-9500,9500,Plaus,ses-7,3,14,60,-0.0655313610790582,-0.0290548155410702,-0.0443105204830205
beetle-humanscale-eng,Beetle-HumanScale/beetle-monolingual-humanscale-eng@step-9500,9500,Plaus,ses-9,3,14,60,-0.0627475420894216,-0.0295922456225236,-0.0425309712468022
beetle-humanscale-eng,Beetle-HumanScale/beetle-monolingual-humanscale-eng@step-9500,9500,Plaus,ses-5,4,14,60,-0.0517250570991969,-0.0299559474007877,-0.0346552203198206
beetle-humanscale-eng,Beetle-HumanScale/beetle-monolingual-humanscale-eng@step-9500,9500,Plaus,ses-7,4,14,60,-0.0624931938140296,-0.0310073639662508,-0.0424619865671498
beetle-humanscale-eng,Beetle-HumanScale/beetle-monolingual-humanscale-eng@step-9500,9500,Plaus,ses-9,4,14,60,-0.060686331018878,-0.0315623851403947,-0.0409251612037826
beetle-humanscale-eng,Beetle-HumanScale/beetle-monolingual-humanscale-eng@step-9500,9500,Plaus,ses-5,5,14,60,-0.0516272173559117,-0.0321651384305797,-0.0343907790478198
beetle-humanscale-eng,Beetle-HumanScale/beetle-monolingual-humanscale-eng@step-9500,9500,Plaus,ses-7,5,14,60,-0.0590507721713166,-0.0326197064900837,-0.0402353144072587
beetle-humanscale-eng,Beetle-HumanScale/beetle-monolingual-humanscale-eng@step-9500,9500,Plaus,ses-9,5,14,60,-0.0583310943374312,-0.0335602946183109,-0.0393883358404154
beetle-humanscale-eng,Beetle-HumanScale/beetle-monolingual-humanscale-eng@step-9500,9500,Plaus,ses-5,6,14,60,-0.0519979921558654,-0.0306444864443288,-0.034653942825753
beetle-humanscale-eng,Beetle-HumanScale/beetle-monolingual-humanscale-eng@step-9500,9500,Plaus,ses-7,6,14,60,-0.0657742573522944,-0.0319317827220117,-0.0447959682287225
beetle-humanscale-eng,Beetle-HumanScale/beetle-monolingual-humanscale-eng@step-9500,9500,Plaus,ses-9,6,14,60,-0.061365145633431,-0.032254045136473,-0.0415498558028571
beetle-humanscale-eng,Beetle-HumanScale/beetle-monolingual-humanscale-eng@step-9500,9500,Plaus,ses-5,7,14,60,-0.0460487527767169,-0.0313996094827056,-0.0307703608601367
beetle-humanscale-eng,Beetle-HumanScale/beetle-monolingual-humanscale-eng@step-9500,9500,Plaus,ses-7,7,14,60,-0.0609615772505847,-0.0327400425845993,-0.0416150080003066
beetle-humanscale-eng,Beetle-HumanScale/beetle-monolingual-humanscale-eng@step-9500,9500,Plaus,ses-9,7,14,60,-0.0555671497219062,-0.0333083362437758,-0.0377352585168932
beetle-humanscale-eng,Beetle-HumanScale/beetle-monolingual-humanscale-eng@step-9500,9500,Plaus,ses-5,8,14,60,-0.038735099960836,-0.0312471859769865,-0.0257280917751738
beetle-humanscale-eng,Beetle-HumanScale/beetle-monolingual-humanscale-eng@step-9500,9500,Plaus,ses-7,8,14,60,-0.0537553724337659,-0.0329102252545761,-0.0365088642119618
beetle-humanscale-eng,Beetle-HumanScale/beetle-monolingual-humanscale-eng@step-9500,9500,Plaus,ses-9,8,14,60,-0.0466643216968249,-0.032912558566169,-0.0316301143676564
beetle-humanscale-eng,Beetle-HumanScale/beetle-monolingual-humanscale-eng@step-9500,9500,Plaus,ses-5,9,14,60,-0.0354574685607835,-0.0327507084623924,-0.023355785291572
beetle-humanscale-eng,Beetle-HumanScale/beetle-monolingual-humanscale-eng@step-9500,9500,Plaus,ses-7,9,14,60,-0.0483694560019276,-0.034374053560966,-0.032746644182771
beetle-humanscale-eng,Beetle-HumanScale/beetle-monolingual-humanscale-eng@step-9500,9500,Plaus,ses-9,9,14,60,-0.0425354009989588,-0.0340255288904433,-0.0283022423214622
beetle-humanscale-eng,Beetle-HumanScale/beetle-monolingual-humanscale-eng@step-9500,9500,Plaus,ses-5,10,14,60,-0.035681182946811,-0.0312515704194148,-0.0236087291169641
beetle-humanscale-eng,Beetle-HumanScale/beetle-monolingual-humanscale-eng@step-9500,9500,Plaus,ses-7,10,14,60,-0.0489866977107102,-0.0328369906290769,-0.0331963220945792
beetle-humanscale-eng,Beetle-HumanScale/beetle-monolingual-humanscale-eng@step-9500,9500,Plaus,ses-9,10,14,60,-0.0407670707719072,-0.0319501871723388,-0.0269736484911198
beetle-humanscale-eng,Beetle-HumanScale/beetle-monolingual-humanscale-eng@step-9500,9500,Plaus,ses-5,11,14,60,-0.0433946495681118,-0.0301952794957163,-0.0293753373382772
beetle-humanscale-eng,Beetle-HumanScale/beetle-monolingual-humanscale-eng@step-9500,9500,Plaus,ses-7,11,14,60,-0.0530881526467923,-0.0320174426442711,-0.0367324256737982
beetle-humanscale-eng,Beetle-HumanScale/beetle-monolingual-humanscale-eng@step-9500,9500,Plaus,ses-9,11,14,60,-0.0480517516669904,-0.0310840543656671,-0.0325971773768575
beetle-humanscale-eng,Beetle-HumanScale/beetle-monolingual-humanscale-eng@step-9500,9500,Plaus,ses-5,12,14,60,-0.045847552871118,-0.0337107261088385,-0.0309555974999441
beetle-humanscale-eng,Beetle-HumanScale/beetle-monolingual-humanscale-eng@step-9500,9500,Plaus,ses-7,12,14,60,-0.0531010956598107,-0.0358619282989614,-0.0363683398645217
beetle-humanscale-eng,Beetle-HumanScale/beetle-monolingual-humanscale-eng@step-9500,9500,Plaus,ses-9,12,14,60,-0.0472165497055386,-0.0342954602731268,-0.0322509764845279
beetle-humanscale-eng,Beetle-HumanScale/beetle-monolingual-humanscale-eng@step-9500,9500,Plaus,ses-5,13,14,60,-0.0488372438889261,-0.0363941828881919,-0.0329382682929166
beetle-humanscale-eng,Beetle-HumanScale/beetle-monolingual-humanscale-eng@step-9500,9500,Plaus,ses-7,13,14,60,-0.0563054078450034,-0.0385692120517768,-0.0382079313219189
beetle-humanscale-eng,Beetle-HumanScale/beetle-monolingual-humanscale-eng@step-9500,9500,Plaus,ses-9,13,14,60,-0.0521220057400564,-0.0376308349276899,-0.0353910569027795
