family,model_ref,accuracy,alignment,tokens,task
babylm-gpt2,BrainAlign/gpt2-babylm-9@checkpoint-01,0.6666666666666666,-0.0034881709479124,,Sem
babylm-gpt2,BrainAlign/gpt2-babylm-9@checkpoint-02,0.625,-0.0027260935832783,,Sem
babylm-gpt2,BrainAlign/gpt2-babylm-9@checkpoint-03,0.6666666666666666,0.0033786795048737,,Sem
babylm-gpt2,BrainAlign/gpt2-babylm-9@checkpoint-04,0.6666666666666666,-0.0036801926820972,,Sem
babylm-gpt2,BrainAlign/gpt2-babylm-9@checkpoint-05,0.6666666666666666,0.0009572344340102,,Sem
babylm-gpt2,BrainAlign/gpt2-babylm-9@checkpoint-06,0.6666666666666666,-0.0042153224654816,,Sem
babylm-gpt2,BrainAlign/gpt2-babylm-9@checkpoint-07,0.7083333333333334,-0.0055449520311142,,Sem
babylm-gpt2,BrainAlign/gpt2-babylm-9@checkpoint-08,0.75,-0.006903440382178,,Sem
babylm-gpt2,BrainAlign/gpt2-babylm-9@checkpoint-09,0.7083333333333334,-0.0057675601110784,,Sem
babylm-gpt2-3,BrainAlign/gpt2-babylm-3@checkpoint-01,0.625,-0.0168709845128442,,Sem
babylm-gpt2-3,BrainAlign/gpt2-babylm-3@checkpoint-02,0.5833333333333334,-0.0201374348753973,,Sem
babylm-gpt2-3,BrainAlign/gpt2-babylm-3@checkpoint-03,0.6666666666666666,-0.0110403916844016,,Sem
babylm-gpt2-3,BrainAlign/gpt2-babylm-3@checkpoint-04,0.6666666666666666,-0.0101371315342926,,Sem
babylm-gpt2-3,BrainAlign/gpt2-babylm-3@checkpoint-05,0.6666666666666666,-0.0153434187381847,,Sem
babylm-gpt2-3,BrainAlign/gpt2-babylm-3@checkpoint-06,0.6666666666666666,-0.0135690956882585,,Sem
babylm-gpt2-3,BrainAlign/gpt2-babylm-3@checkpoint-07,0.6666666666666666,-0.0182196222726426,,Sem
babylm-gpt2-3,BrainAlign/gpt2-babylm-3@checkpoint-08,0.6666666666666666,-0.0157356446433179,,Sem
babylm-gpt2-3,BrainAlign/gpt2-babylm-3@checkpoint-09,0.6666666666666666,-0.0160264156624961,,Sem
babylm-gpt2-5,BrainAlign/gpt2-babylm-5@checkpoint-01,0.6666666666666666,-0.0170003608653669,,Sem
babylm-gpt2-5,BrainAlign/gpt2-babylm-5@checkpoint-02,0.5833333333333334,-0.0172127271857286,,Sem
babylm-gpt2-5,BrainAlign/gpt2-babylm-5@checkpoint-03,0.6666666666666666,-0.0151284814381754,,Sem
babylm-gpt2-5,BrainAlign/gpt2-babylm-5@checkpoint-04,0.6666666666666666,-0.011481071201868,,Sem
babylm-gpt2-5,BrainAlign/gpt2-babylm-5@checkpoint-05,0.6666666666666666,-0.0117884130987194,,Sem
babylm-gpt2-5,BrainAlign/gpt2-babylm-5@checkpoint-06,0.6666666666666666,-0.0095510772865238,,Sem
babylm-gpt2-5,BrainAlign/gpt2-babylm-5@checkpoint-07,0.6666666666666666,-0.0141081383527148,,Sem
babylm-gpt2-5,BrainAlign/gpt2-babylm-5@checkpoint-08,0.6666666666666666,-0.0123203342477629,,Sem
babylm-gpt2-5,BrainAlign/gpt2-babylm-5@checkpoint-09,0.6666666666666666,-0.0125966191033155,,Sem
babylm-gpt2-7,BrainAlign/gpt2-babylm-7@checkpoint-01,0.6666666666666666,-0.0168587569690917,,Sem
babylm-gpt2-7,BrainAlign/gpt2-babylm-7@checkpoint-02,0.625,-0.0198114644548116,,Sem
babylm-gpt2-7,BrainAlign/gpt2-babylm-7@checkpoint-03,0.625,-0.0087714325590459,,Sem
babylm-gpt2-7,BrainAlign/gpt2-babylm-7@checkpoint-04,0.7083333333333334,-0.0108903423367672,,Sem
babylm-gpt2-7,BrainAlign/gpt2-babylm-7@checkpoint-05,0.6666666666666666,-0.0149241734730106,,Sem
babylm-gpt2-7,BrainAlign/gpt2-babylm-7@checkpoint-06,0.6666666666666666,-0.0116515453814802,,Sem
babylm-gpt2-7,BrainAlign/gpt2-babylm-7@checkpoint-07,0.7083333333333334,-0.0151335534518771,,Sem
babylm-gpt2-7,BrainAlign/gpt2-babylm-7@checkpoint-08,0.7083333333333334,-0.0129045972176219,,Sem
babylm-gpt2-7,BrainAlign/gpt2-babylm-7@checkpoint-09,0.7083333333333334,-0.0134740683711926,,Sem
parc-mamba-seed0,jmichaelov/parc-mamba-seed0@checkpoint-10,0.4166666666666667,-0.0034566551880797,5242880.0,Sem
parc-mamba-seed0,jmichaelov/parc-mamba-seed0@checkpoint-100,0.6666666666666666,-0.0209568623569873,52428800.0,Sem
parc-mamba-seed0,jmichaelov/parc-mamba-seed0@checkpoint-1100,0.6666666666666666,-0.0056732475804905,576716800.0,Sem
parc-mamba-seed0,jmichaelov/parc-mamba-seed0@checkpoint-1850,0.5833333333333334,-0.0035194651335186,969932800.0,Sem
parc-mamba-seed0,jmichaelov/parc-mamba-seed0@checkpoint-20,0.6666666666666666,-0.0181534063121463,10485760.0,Sem
parc-mamba-seed0,jmichaelov/parc-mamba-seed0@checkpoint-30,0.7083333333333334,-0.0118868938597041,15728640.0,Sem
parc-mamba-seed0,jmichaelov/parc-mamba-seed0@checkpoint-300,0.625,0.0014597427422862,157286400.0,Sem
parc-mamba-seed0,jmichaelov/parc-mamba-seed0@checkpoint-4000,0.5833333333333334,0.0071945438824659,2097152000.0,Sem
parc-mamba-seed0,jmichaelov/parc-mamba-seed0@checkpoint-50,0.5416666666666666,-0.0085078028256181,26214400.0,Sem
parc-mamba-seed0,jmichaelov/parc-mamba-seed0@checkpoint-640,0.6666666666666666,-0.0031818576345518,335544320.0,Sem
parc-mamba-seed0,jmichaelov/parc-mamba-seed0@checkpoint-70,0.6666666666666666,-0.0192224193142932,36700160.0,Sem
parc-mamba-seed1,jmichaelov/parc-mamba-seed1@checkpoint-10,0.5,0.0001281858401917,5242880.0,Sem
parc-mamba-seed1,jmichaelov/parc-mamba-seed1@checkpoint-100,0.5833333333333334,-0.0080277559158871,52428800.0,Sem
parc-mamba-seed1,jmichaelov/parc-mamba-seed1@checkpoint-1100,0.7083333333333334,-0.0161894341688078,576716800.0,Sem
parc-mamba-seed1,jmichaelov/parc-mamba-seed1@checkpoint-1850,0.6666666666666666,-0.0120663344895327,969932800.0,Sem
parc-mamba-seed1,jmichaelov/parc-mamba-seed1@checkpoint-20,0.5833333333333334,-0.0116884016790233,10485760.0,Sem
parc-mamba-seed1,jmichaelov/parc-mamba-seed1@checkpoint-30,0.625,-0.0240089074372146,15728640.0,Sem
parc-mamba-seed1,jmichaelov/parc-mamba-seed1@checkpoint-300,0.625,-0.0043560649769796,157286400.0,Sem
parc-mamba-seed1,jmichaelov/parc-mamba-seed1@checkpoint-4000,0.6666666666666666,-0.0079218211583799,2097152000.0,Sem
parc-mamba-seed1,jmichaelov/parc-mamba-seed1@checkpoint-50,0.5,-0.025267379817328,26214400.0,Sem
parc-mamba-seed1,jmichaelov/parc-mamba-seed1@checkpoint-640,0.7083333333333334,-0.0120832788096051,335544320.0,Sem
parc-mamba-seed1,jmichaelov/parc-mamba-seed1@checkpoint-70,0.6666666666666666,-0.0036443532305994,36700160.0,Sem
parc-mamba-seed2,jmichaelov/parc-mamba-seed2@checkpoint-10,0.4583333333333333,-0.0014125229989705,5242880.0,Sem
parc-mamba-seed2,jmichaelov/parc-mamba-seed2@checkpoint-100,0.625,0.0055647715462589,52428800.0,Sem
parc-mamba-seed2,jmichaelov/parc-mamba-seed2@checkpoint-1100,0.625,-0.008128186530066,576716800.0,Sem
parc-mamba-seed2,jmichaelov/parc-mamba-seed2@checkpoint-1850,0.6666666666666666,-0.000679254595509,969932800.0,Sem
parc-mamba-seed2,jmichaelov/parc-mamba-seed2@checkpoint-20,0.4583333333333333,-0.0089383306504107,10485760.0,Sem
parc-mamba-seed2,jmichaelov/parc-mamba-seed2@checkpoint-30,0.4166666666666667,-0.0141604837666259,15728640.0,Sem
parc-mamba-seed2,jmichaelov/parc-mamba-seed2@checkpoint-300,0.5833333333333334,-0.0071216993792686,157286400.0,Sem
parc-mamba-seed2,jmichaelov/parc-mamba-seed2@checkpoint-4000,0.6666666666666666,-0.0057890278989294,2097152000.0,Sem
parc-mamba-seed2,jmichaelov/parc-mamba-seed2@checkpoint-50,0.5,-0.01807402884259,26214400.0,Sem
parc-mamba-seed2,jmichaelov/parc-mamba-seed2@checkpoint-640,0.6666666666666666,-0.0072875015764856,335544320.0,Sem
parc-mamba-seed2,jmichaelov/parc-mamba-seed2@checkpoint-70,0.6666666666666666,-0.0220256561803046,36700160.0,Sem
parc-pythia-seed0,jmichaelov/parc-pythia-seed0@checkpoint-10,0.5,0.0012203723924248,5242880.0,Sem
parc-pythia-seed0,jmichaelov/parc-pythia-seed0@checkpoint-100,0.5416666666666666,-0.0180376544989323,52428800.0,Sem
parc-pythia-seed0,jmichaelov/parc-pythia-seed0@checkpoint-1100,0.8333333333333334,0.0257569196855456,576716800.0,Sem
parc-pythia-seed0,jmichaelov/parc-pythia-seed0@checkpoint-1850,0.7916666666666666,0.0168463080906524,969932800.0,Sem
parc-pythia-seed0,jmichaelov/parc-pythia-seed0@checkpoint-20,0.5,0.0095354535488419,10485760.0,Sem
parc-pythia-seed0,jmichaelov/parc-pythia-seed0@checkpoint-30,0.625,0.0145809075671458,15728640.0,Sem
parc-pythia-seed0,jmichaelov/parc-pythia-seed0@checkpoint-300,0.625,0.0034452380071473,157286400.0,Sem
parc-pythia-seed0,jmichaelov/parc-pythia-seed0@checkpoint-4000,0.7083333333333334,0.0076481020126014,2097152000.0,Sem
parc-pythia-seed0,jmichaelov/parc-pythia-seed0@checkpoint-50,0.5,-0.0081598177480363,26214400.0,Sem
parc-pythia-seed0,jmichaelov/parc-pythia-seed0@checkpoint-640,0.7916666666666666,0.0163721385271093,335544320.0,Sem
parc-pythia-seed0,jmichaelov/parc-pythia-seed0@checkpoint-70,0.5833333333333334,-0.006628325199002,36700160.0,Sem
parc-pythia-seed1,jmichaelov/parc-pythia-seed1@checkpoint-10,0.5,0.0066992924295357,5242880.0,Sem
parc-pythia-seed1,jmichaelov/parc-pythia-seed1@checkpoint-100,0.5416666666666666,-0.0276915053374841,52428800.0,Sem
parc-pythia-seed1,jmichaelov/parc-pythia-seed1@checkpoint-1100,0.7916666666666666,0.0062931315416369,576716800.0,Sem
parc-pythia-seed1,jmichaelov/parc-pythia-seed1@checkpoint-1850,0.7916666666666666,-0.0066826154357734,969932800.0,Sem
parc-pythia-seed1,jmichaelov/parc-pythia-seed1@checkpoint-20,0.5833333333333334,0.0005119753964745,10485760.0,Sem
parc-pythia-seed1,jmichaelov/parc-pythia-seed1@checkpoint-30,0.625,-0.0169009820700303,15728640.0,Sem
parc-pythia-seed1,jmichaelov/parc-pythia-seed1@checkpoint-300,0.7083333333333334,0.0133751164356092,157286400.0,Sem
parc-pythia-seed1,jmichaelov/parc-pythia-seed1@checkpoint-4000,0.7083333333333334,-0.0002264605970307,2097152000.0,Sem
parc-pythia-seed1,jmichaelov/parc-pythia-seed1@checkpoint-50,0.5833333333333334,-0.0116324519111796,26214400.0,Sem
parc-pythia-seed1,jmichaelov/parc-pythia-seed1@checkpoint-640,0.7916666666666666,0.0135841471655865,335544320.0,Sem
parc-pythia-seed1,jmichaelov/parc-pythia-seed1@checkpoint-70,0.625,-0.0196190376589866,36700160.0,Sem
parc-pythia-seed2,jmichaelov/parc-pythia-seed2@checkpoint-10,0.2916666666666667,-0.0109720534021241,5242880.0,Sem
parc-pythia-seed2,jmichaelov/parc-pythia-seed2@checkpoint-100,0.5416666666666666,-0.0059327601054785,52428800.0,Sem
parc-pythia-seed2,jmichaelov/parc-pythia-seed2@checkpoint-1100,0.75,0.0119898710204808,576716800.0,Sem
parc-pythia-seed2,jmichaelov/parc-pythia-seed2@checkpoint-1850,0.7916666666666666,0.0126047258455326,969932800.0,Sem
parc-pythia-seed2,jmichaelov/parc-pythia-seed2@checkpoint-20,0.5833333333333334,-0.003298041337853,10485760.0,Sem
parc-pythia-seed2,jmichaelov/parc-pythia-seed2@checkpoint-30,0.6666666666666666,-0.0015838937756964,15728640.0,Sem
parc-pythia-seed2,jmichaelov/parc-pythia-seed2@checkpoint-300,0.75,-0.0069942688077649,157286400.0,Sem
parc-pythia-seed2,jmichaelov/parc-pythia-seed2@checkpoint-4000,0.7083333333333334,-0.0007526900431572,2097152000.0,Sem
parc-pythia-seed2,jmichaelov/parc-pythia-seed2@checkpoint-50,0.6666666666666666,-0.0256692189298795,26214400.0,Sem
parc-pythia-seed2,jmichaelov/parc-pythia-seed2@checkpoint-640,0.75,0.0076183039919891,335544320.0,Sem
parc-pythia-seed2,jmichaelov/parc-pythia-seed2@checkpoint-70,0.625,-0.003081076094706,36700160.0,Sem
parc-rwkv-seed0,jmichaelov/parc-rwkv-seed0@checkpoint-10,0.625,-0.000108645867882,5242880.0,Sem
parc-rwkv-seed0,jmichaelov/parc-rwkv-seed0@checkpoint-100,0.6666666666666666,-0.0073912790394147,52428800.0,Sem
parc-rwkv-seed0,jmichaelov/parc-rwkv-seed0@checkpoint-1100,0.625,0.0067289079208932,576716800.0,Sem
parc-rwkv-seed0,jmichaelov/parc-rwkv-seed0@checkpoint-1850,0.625,-0.0069197295611587,969932800.0,Sem
parc-rwkv-seed0,jmichaelov/parc-rwkv-seed0@checkpoint-20,0.5416666666666666,0.0041121862503411,10485760.0,Sem
parc-rwkv-seed0,jmichaelov/parc-rwkv-seed0@checkpoint-30,0.6666666666666666,0.0090470883833348,15728640.0,Sem
parc-rwkv-seed0,jmichaelov/parc-rwkv-seed0@checkpoint-300,0.5833333333333334,-0.0126267934408035,157286400.0,Sem
parc-rwkv-seed0,jmichaelov/parc-rwkv-seed0@checkpoint-4000,0.7083333333333334,0.0053092818510671,2097152000.0,Sem
parc-rwkv-seed0,jmichaelov/parc-rwkv-seed0@checkpoint-50,0.5416666666666666,0.0300673413300046,26214400.0,Sem
parc-rwkv-seed0,jmichaelov/parc-rwkv-seed0@checkpoint-640,0.625,0.0090819126655651,335544320.0,Sem
parc-rwkv-seed0,jmichaelov/parc-rwkv-seed0@checkpoint-70,0.625,0.0007261864120999,36700160.0,Sem
parc-rwkv-seed1,jmichaelov/parc-rwkv-seed1@checkpoint-10,0.375,0.0016793704692479,5242880.0,Sem
parc-rwkv-seed1,jmichaelov/parc-rwkv-seed1@checkpoint-100,0.625,-0.0035622347082053,52428800.0,Sem
parc-rwkv-seed1,jmichaelov/parc-rwkv-seed1@checkpoint-1100,0.625,-0.0083728231603293,576716800.0,Sem
parc-rwkv-seed1,jmichaelov/parc-rwkv-seed1@checkpoint-1850,0.7083333333333334,-0.0135070532280326,969932800.0,Sem
parc-rwkv-seed1,jmichaelov/parc-rwkv-seed1@checkpoint-20,0.4583333333333333,-0.0009931198771312,10485760.0,Sem
parc-rwkv-seed1,jmichaelov/parc-rwkv-seed1@checkpoint-30,0.5833333333333334,-0.0013693684839788,15728640.0,Sem
parc-rwkv-seed1,jmichaelov/parc-rwkv-seed1@checkpoint-300,0.6666666666666666,0.010953085929708,157286400.0,Sem
parc-rwkv-seed1,jmichaelov/parc-rwkv-seed1@checkpoint-4000,0.6666666666666666,0.0046035387155022,2097152000.0,Sem
parc-rwkv-seed1,jmichaelov/parc-rwkv-seed1@checkpoint-50,0.5,-0.011942992621244,26214400.0,Sem
parc-rwkv-seed1,jmichaelov/parc-rwkv-seed1@checkpoint-640,0.625,0.0138182790216517,335544320.0,Sem
parc-rwkv-seed1,jmichaelov/parc-rwkv-seed1@checkpoint-70,0.625,-0.005054703364911,36700160.0,Sem
parc-rwkv-seed2,jmichaelov/parc-rwkv-seed2@checkpoint-10,0.5416666666666666,-0.0013427254408135,5242880.0,Sem
parc-rwkv-seed2,jmichaelov/parc-rwkv-seed2@checkpoint-100,0.5,0.0043489139981832,52428800.0,Sem
parc-rwkv-seed2,jmichaelov/parc-rwkv-seed2@checkpoint-1100,0.625,-4.864428593789998e-05,576716800.0,Sem
parc-rwkv-seed2,jmichaelov/parc-rwkv-seed2@checkpoint-1850,0.625,-0.0113085683604989,969932800.0,Sem
parc-rwkv-seed2,jmichaelov/parc-rwkv-seed2@checkpoint-20,0.5416666666666666,-0.0009322964344611,10485760.0,Sem
parc-rwkv-seed2,jmichaelov/parc-rwkv-seed2@checkpoint-30,0.6666666666666666,-0.0026067393324492,15728640.0,Sem
parc-rwkv-seed2,jmichaelov/parc-rwkv-seed2@checkpoint-300,0.5833333333333334,-0.0192778471251209,157286400.0,Sem
parc-rwkv-seed2,jmichaelov/parc-rwkv-seed2@checkpoint-4000,0.6666666666666666,-0.0041679086950053,2097152000.0,Sem
parc-rwkv-seed2,jmichaelov/parc-rwkv-seed2@checkpoint-50,0.5416666666666666,-0.0109565055985285,26214400.0,Sem
parc-rwkv-seed2,jmichaelov/parc-rwkv-seed2@checkpoint-640,0.7083333333333334,-0.0020435869967418,335544320.0,Sem
parc-rwkv-seed2,jmichaelov/parc-rwkv-seed2@checkpoint-70,0.5833333333333334,-0.0080759841213584,36700160.0,Sem
polypythia-160m-seed1,EleutherAI/pythia-160m-seed1@step0,0.5,0.0311985496187089,0.0,Sem
polypythia-160m-seed1,EleutherAI/pythia-160m-seed1@step1,0.5,0.0311985496187089,2097152.0,Sem
polypythia-160m-seed1,EleutherAI/pythia-160m-seed1@step14000,0.6666666666666666,-0.0072423770869646,29360128000.0,Sem
polypythia-160m-seed1,EleutherAI/pythia-160m-seed1@step143000,0.6666666666666666,-0.0061431178854184,299892736000.0,Sem
polypythia-160m-seed1,EleutherAI/pythia-160m-seed1@step16,0.5,0.0229090731008381,33554432.0,Sem
polypythia-160m-seed1,EleutherAI/pythia-160m-seed1@step256,0.5,0.0164384445545344,536870912.0,Sem
polypythia-160m-seed1,EleutherAI/pythia-160m-seed1@step28000,0.625,-0.0036646127801812,58720256000.0,Sem
polypythia-160m-seed1,EleutherAI/pythia-160m-seed1@step4,0.4583333333333333,0.0312155401699442,8388608.0,Sem
polypythia-160m-seed1,EleutherAI/pythia-160m-seed1@step5000,0.75,-0.0068288747862043,10485760000.0,Sem
polypythia-160m-seed1,EleutherAI/pythia-160m-seed1@step51000,0.75,-0.0070233573117727,106954752000.0,Sem
polypythia-160m-seed1,EleutherAI/pythia-160m-seed1@step86000,0.6666666666666666,-0.0009374635454254,180355072000.0,Sem
polypythia-160m-seed2,EleutherAI/pythia-160m-seed2@step0,0.375,0.0059054394044894,0.0,Sem
polypythia-160m-seed2,EleutherAI/pythia-160m-seed2@step1,0.375,0.0059054394044894,2097152.0,Sem
polypythia-160m-seed2,EleutherAI/pythia-160m-seed2@step14000,0.6666666666666666,0.0192136478493963,29360128000.0,Sem
polypythia-160m-seed2,EleutherAI/pythia-160m-seed2@step143000,0.625,-0.0065154210337943,299892736000.0,Sem
polypythia-160m-seed2,EleutherAI/pythia-160m-seed2@step16,0.4583333333333333,-0.0064497157719479,33554432.0,Sem
polypythia-160m-seed2,EleutherAI/pythia-160m-seed2@step256,0.5416666666666666,-1.8061293714242656e-06,536870912.0,Sem
polypythia-160m-seed2,EleutherAI/pythia-160m-seed2@step28000,0.75,0.002684969646361,58720256000.0,Sem
polypythia-160m-seed2,EleutherAI/pythia-160m-seed2@step4,0.375,0.0054854043769098,8388608.0,Sem
polypythia-160m-seed2,EleutherAI/pythia-160m-seed2@step5000,0.7083333333333334,-0.0029341781314231,10485760000.0,Sem
polypythia-160m-seed2,EleutherAI/pythia-160m-seed2@step51000,0.6666666666666666,-0.014816889627888,106954752000.0,Sem
polypythia-160m-seed2,EleutherAI/pythia-160m-seed2@step86000,0.6666666666666666,-0.008745564905904,180355072000.0,Sem
polypythia-160m-seed3,EleutherAI/pythia-160m-seed3@step0,0.4583333333333333,0.0171149111474236,0.0,Sem
polypythia-160m-seed3,EleutherAI/pythia-160m-seed3@step1,0.4583333333333333,0.0171149111474236,2097152.0,Sem
polypythia-160m-seed3,EleutherAI/pythia-160m-seed3@step14000,0.625,0.0114897973937607,29360128000.0,Sem
polypythia-160m-seed3,EleutherAI/pythia-160m-seed3@step143000,0.7083333333333334,-0.0030533709324913,299892736000.0,Sem
polypythia-160m-seed3,EleutherAI/pythia-160m-seed3@step16,0.3333333333333333,0.0078883653664809,33554432.0,Sem
polypythia-160m-seed3,EleutherAI/pythia-160m-seed3@step256,0.4166666666666667,-0.0071260019914396,536870912.0,Sem
polypythia-160m-seed3,EleutherAI/pythia-160m-seed3@step28000,0.625,0.0003649617355144,58720256000.0,Sem
polypythia-160m-seed3,EleutherAI/pythia-160m-seed3@step4,0.4583333333333333,0.0171593364205473,8388608.0,Sem
polypythia-160m-seed3,EleutherAI/pythia-160m-seed3@step5000,0.6666666666666666,-0.0062256560813747,10485760000.0,Sem
polypythia-160m-seed3,EleutherAI/pythia-160m-seed3@step51000,0.7916666666666666,0.0012084852345923,106954752000.0,Sem
polypythia-160m-seed3,EleutherAI/pythia-160m-seed3@step86000,0.7916666666666666,-0.0120368845201109,180355072000.0,Sem
polypythia-410m-seed1,EleutherAI/pythia-410m-seed1@step0,0.5416666666666666,0.0026479475873425,0.0,Sem
polypythia-410m-seed1,EleutherAI/pythia-410m-seed1@step1,0.5416666666666666,0.0026479475873425,2097152.0,Sem
polypythia-410m-seed1,EleutherAI/pythia-410m-seed1@step14000,0.6666666666666666,-0.0139100191353537,29360128000.0,Sem
polypythia-410m-seed1,EleutherAI/pythia-410m-seed1@step143000,0.7083333333333334,-0.0086795515959977,299892736000.0,Sem
polypythia-410m-seed1,EleutherAI/pythia-410m-seed1@step16,0.625,0.001903091450679,33554432.0,Sem
polypythia-410m-seed1,EleutherAI/pythia-410m-seed1@step256,0.5416666666666666,0.0002218463437042,536870912.0,Sem
polypythia-410m-seed1,EleutherAI/pythia-410m-seed1@step28000,0.6666666666666666,-0.0188961954607002,58720256000.0,Sem
polypythia-410m-seed1,EleutherAI/pythia-410m-seed1@step4,0.5416666666666666,0.0028599040552698,8388608.0,Sem
polypythia-410m-seed1,EleutherAI/pythia-410m-seed1@step5000,0.5833333333333334,-0.0158848953655777,10485760000.0,Sem
polypythia-410m-seed1,EleutherAI/pythia-410m-seed1@step51000,0.6666666666666666,-0.0151869938017771,106954752000.0,Sem
polypythia-410m-seed1,EleutherAI/pythia-410m-seed1@step86000,0.7083333333333334,-0.0131195666159516,180355072000.0,Sem
polypythia-410m-seed2,EleutherAI/pythia-410m-seed2@step0,0.375,-0.017116706737048,0.0,Sem
polypythia-410m-seed2,EleutherAI/pythia-410m-seed2@step1,0.375,-0.017116706737048,2097152.0,Sem
polypythia-410m-seed2,EleutherAI/pythia-410m-seed2@step14000,0.5833333333333334,-0.0037235215819937,29360128000.0,Sem
polypythia-410m-seed2,EleutherAI/pythia-410m-seed2@step143000,0.6666666666666666,-0.0051420172639546,299892736000.0,Sem
polypythia-410m-seed2,EleutherAI/pythia-410m-seed2@step16,0.375,-0.0121781408442751,33554432.0,Sem
polypythia-410m-seed2,EleutherAI/pythia-410m-seed2@step256,0.4166666666666667,0.0020075726812598,536870912.0,Sem
polypythia-410m-seed2,EleutherAI/pythia-410m-seed2@step28000,0.6666666666666666,-0.0033927153338549,58720256000.0,Sem
polypythia-410m-seed2,EleutherAI/pythia-410m-seed2@step4,0.3333333333333333,-0.016695245729608,8388608.0,Sem
polypythia-410m-seed2,EleutherAI/pythia-410m-seed2@step5000,0.625,0.0018314051219526,10485760000.0,Sem
polypythia-410m-seed2,EleutherAI/pythia-410m-seed2@step51000,0.7083333333333334,0.0023506004846585,106954752000.0,Sem
polypythia-410m-seed2,EleutherAI/pythia-410m-seed2@step86000,0.7083333333333334,0.0006305968953476,180355072000.0,Sem
polypythia-410m-seed3,EleutherAI/pythia-410m-seed3@step0,0.625,0.0007508122914141,0.0,Sem
polypythia-410m-seed3,EleutherAI/pythia-410m-seed3@step1,0.625,0.0007508122914141,2097152.0,Sem
polypythia-410m-seed3,EleutherAI/pythia-410m-seed3@step14000,0.625,-0.0095425396123784,29360128000.0,Sem
polypythia-410m-seed3,EleutherAI/pythia-410m-seed3@step143000,0.6666666666666666,0.0021089049228862,299892736000.0,Sem
polypythia-410m-seed3,EleutherAI/pythia-410m-seed3@step16,0.5416666666666666,-0.0011170167589151,33554432.0,Sem
polypythia-410m-seed3,EleutherAI/pythia-410m-seed3@step256,0.5833333333333334,0.0009548083758837,536870912.0,Sem
polypythia-410m-seed3,EleutherAI/pythia-410m-seed3@step28000,0.6666666666666666,-0.0099030140506096,58720256000.0,Sem
polypythia-410m-seed3,EleutherAI/pythia-410m-seed3@step4,0.625,-0.0006545338584719,8388608.0,Sem
polypythia-410m-seed3,EleutherAI/pythia-410m-seed3@step5000,0.625,-0.0160719933611378,10485760000.0,Sem
polypythia-410m-seed3,EleutherAI/pythia-410m-seed3@step51000,0.625,-0.0050797041238627,106954752000.0,Sem
polypythia-410m-seed3,EleutherAI/pythia-410m-seed3@step86000,0.625,-0.0142519512841443,180355072000.0,Sem
polypythia-70m-seed1,EleutherAI/pythia-70m-seed1@step0,0.625,-0.0096080209046012,0.0,Sem
polypythia-70m-seed1,EleutherAI/pythia-70m-seed1@step1,0.625,-0.0096080209046012,2097152.0,Sem
polypythia-70m-seed1,EleutherAI/pythia-70m-seed1@step14000,0.7916666666666666,0.0026666664175453,29360128000.0,Sem
polypythia-70m-seed1,EleutherAI/pythia-70m-seed1@step143000,0.75,-0.0004436419049911,299892736000.0,Sem
polypythia-70m-seed1,EleutherAI/pythia-70m-seed1@step16,0.5,-0.0096311063040761,33554432.0,Sem
polypythia-70m-seed1,EleutherAI/pythia-70m-seed1@step256,0.5416666666666666,0.0017425921834388,536870912.0,Sem
polypythia-70m-seed1,EleutherAI/pythia-70m-seed1@step28000,0.6666666666666666,0.0043043689552072,58720256000.0,Sem
polypythia-70m-seed1,EleutherAI/pythia-70m-seed1@step4,0.625,-0.009733392871885,8388608.0,Sem
polypythia-70m-seed1,EleutherAI/pythia-70m-seed1@step5000,0.7916666666666666,0.0010658970696716,10485760000.0,Sem
polypythia-70m-seed1,EleutherAI/pythia-70m-seed1@step51000,0.6666666666666666,-0.0003112993323083,106954752000.0,Sem
polypythia-70m-seed1,EleutherAI/pythia-70m-seed1@step86000,0.75,-0.0064492503463022,180355072000.0,Sem
polypythia-70m-seed2,EleutherAI/pythia-70m-seed2@step0,0.5416666666666666,0.0017894439937684,0.0,Sem
polypythia-70m-seed2,EleutherAI/pythia-70m-seed2@step1,0.5416666666666666,0.0017894439937684,2097152.0,Sem
polypythia-70m-seed2,EleutherAI/pythia-70m-seed2@step14000,0.6666666666666666,0.0116772027187617,29360128000.0,Sem
polypythia-70m-seed2,EleutherAI/pythia-70m-seed2@step143000,0.7083333333333334,-0.0023266513050093,299892736000.0,Sem
polypythia-70m-seed2,EleutherAI/pythia-70m-seed2@step16,0.5416666666666666,-7.194551068656658e-05,33554432.0,Sem
polypythia-70m-seed2,EleutherAI/pythia-70m-seed2@step256,0.625,0.0001344198609995,536870912.0,Sem
polypythia-70m-seed2,EleutherAI/pythia-70m-seed2@step28000,0.6666666666666666,0.0094719448660851,58720256000.0,Sem
polypythia-70m-seed2,EleutherAI/pythia-70m-seed2@step4,0.5416666666666666,0.0017170505438345,8388608.0,Sem
polypythia-70m-seed2,EleutherAI/pythia-70m-seed2@step5000,0.5833333333333334,0.007552410451935,10485760000.0,Sem
polypythia-70m-seed2,EleutherAI/pythia-70m-seed2@step51000,0.6666666666666666,0.0020210451128562,106954752000.0,Sem
polypythia-70m-seed2,EleutherAI/pythia-70m-seed2@step86000,0.7083333333333334,0.0110517171216271,180355072000.0,Sem
polypythia-70m-seed3,EleutherAI/pythia-70m-seed3@step0,0.5416666666666666,-0.021032162142155,0.0,Sem
polypythia-70m-seed3,EleutherAI/pythia-70m-seed3@step1,0.5416666666666666,-0.021032162142155,2097152.0,Sem
polypythia-70m-seed3,EleutherAI/pythia-70m-seed3@step14000,0.7083333333333334,-0.0181330336998241,29360128000.0,Sem
polypythia-70m-seed3,EleutherAI/pythia-70m-seed3@step143000,0.75,-0.0108603093277048,299892736000.0,Sem
polypythia-70m-seed3,EleutherAI/pythia-70m-seed3@step16,0.5,-0.0161989999473647,33554432.0,Sem
polypythia-70m-seed3,EleutherAI/pythia-70m-seed3@step256,0.5,-0.0041905943027136,536870912.0,Sem
polypythia-70m-seed3,EleutherAI/pythia-70m-seed3@step28000,0.75,-0.0113012310198124,58720256000.0,Sem
polypythia-70m-seed3,EleutherAI/pythia-70m-seed3@step4,0.5416666666666666,-0.0208024260792059,8388608.0,Sem
polypythia-70m-seed3,EleutherAI/pythia-70m-seed3@step5000,0.7916666666666666,-0.003319261920729,10485760000.0,Sem
polypythia-70m-seed3,EleutherAI/pythia-70m-seed3@step51000,0.7916666666666666,-0.0142525237840379,106954752000.0,Sem
polypythia-70m-seed3,EleutherAI/pythia-70m-seed3@step86000,0.7916666666666666,0.0033522680966027,180355072000.0,Sem
pythia-1.4b-full,EleutherAI/pythia-1.4b@step0,0.5,-0.0025201921999996,0.0,Sem
pythia-1.4b-full,EleutherAI/pythia-1.4b@step1,0.5,-0.0025201921999996,2097152.0,Sem
pythia-1.4b-full,EleutherAI/pythia-1.4b@step14000,0.5833333333333334,-0.0025871904971705,29360128000.0,Sem
pythia-1.4b-full,EleutherAI/pythia-1.4b@step143000,0.625,-8.438576569659985e-05,299892736000.0,Sem
pythia-1.4b-full,EleutherAI/pythia-1.4b@step16,0.4583333333333333,-0.0081763069426703,33554432.0,Sem
pythia-1.4b-full,EleutherAI/pythia-1.4b@step256,0.5,-0.0039557083756589,536870912.0,Sem
pythia-1.4b-full,EleutherAI/pythia-1.4b@step28000,0.5833333333333334,-0.0071042992151386,58720256000.0,Sem
pythia-1.4b-full,EleutherAI/pythia-1.4b@step4,0.5,-0.0033332548721031,8388608.0,Sem
pythia-1.4b-full,EleutherAI/pythia-1.4b@step5000,0.5416666666666666,-0.0078021066398353,10485760000.0,Sem
pythia-1.4b-full,EleutherAI/pythia-1.4b@step51000,0.6666666666666666,-0.0018247602905517,106954752000.0,Sem
pythia-1.4b-full,EleutherAI/pythia-1.4b@step86000,0.7083333333333334,-0.0012693077191035,180355072000.0,Sem
pythia-160m-full,EleutherAI/pythia-160m@step0,0.4166666666666667,0.0042836526034091,0.0,Sem
pythia-160m-full,EleutherAI/pythia-160m@step1,0.4166666666666667,0.0042836526034091,2097152.0,Sem
pythia-160m-full,EleutherAI/pythia-160m@step14000,0.7083333333333334,-0.0062310330291201,29360128000.0,Sem
pythia-160m-full,EleutherAI/pythia-160m@step143000,0.625,-0.0002201726797893,299892736000.0,Sem
pythia-160m-full,EleutherAI/pythia-160m@step16,0.625,-0.0022240277048363,33554432.0,Sem
pythia-160m-full,EleutherAI/pythia-160m@step256,0.5833333333333334,0.0057532488114371,536870912.0,Sem
pythia-160m-full,EleutherAI/pythia-160m@step28000,0.7083333333333334,-0.0026655566300947,58720256000.0,Sem
pythia-160m-full,EleutherAI/pythia-160m@step4,0.4166666666666667,0.0041382520028186,8388608.0,Sem
pythia-160m-full,EleutherAI/pythia-160m@step5000,0.7083333333333334,-0.0040980428680326,10485760000.0,Sem
pythia-160m-full,EleutherAI/pythia-160m@step51000,0.6666666666666666,-0.012300607194944,106954752000.0,Sem
pythia-160m-full,EleutherAI/pythia-160m@step86000,0.6666666666666666,-0.0072136732837222,180355072000.0,Sem
pythia-1b-full,EleutherAI/pythia-1b@step0,0.6666666666666666,0.013908293491323,0.0,Sem
pythia-1b-full,EleutherAI/pythia-1b@step1,0.6666666666666666,0.013908293491323,2097152.0,Sem
pythia-1b-full,EleutherAI/pythia-1b@step14000,0.6666666666666666,0.0121058362635715,29360128000.0,Sem
pythia-1b-full,EleutherAI/pythia-1b@step143000,0.6666666666666666,-0.0050892560091166,299892736000.0,Sem
pythia-1b-full,EleutherAI/pythia-1b@step16,0.6666666666666666,0.0064290779891728,33554432.0,Sem
pythia-1b-full,EleutherAI/pythia-1b@step256,0.4166666666666667,0.0148115232198896,536870912.0,Sem
pythia-1b-full,EleutherAI/pythia-1b@step28000,0.75,-0.0132980680105991,58720256000.0,Sem
pythia-1b-full,EleutherAI/pythia-1b@step4,0.6666666666666666,0.0140244266517465,8388608.0,Sem
pythia-1b-full,EleutherAI/pythia-1b@step5000,0.625,0.0079711215435682,10485760000.0,Sem
pythia-1b-full,EleutherAI/pythia-1b@step51000,0.75,0.0018895902743181,106954752000.0,Sem
pythia-1b-full,EleutherAI/pythia-1b@step86000,0.6666666666666666,-0.0031733151696124,180355072000.0,Sem
pythia-2.8b-full,EleutherAI/pythia-2.8b@step143000,0.6666666666666666,-0.0089539517531558,299892736000.0,Sem
pythia-2.8b-full,EleutherAI/pythia-2.8b@step28000,0.6666666666666666,-0.0089539517531558,58720256000.0,Sem
pythia-2.8b-full,EleutherAI/pythia-2.8b@step51000,0.6666666666666666,-0.0089539517531558,106954752000.0,Sem
pythia-2.8b-full,EleutherAI/pythia-2.8b@step86000,0.7083333333333334,-0.0012760598642921,180355072000.0,Sem
pythia-410m-full,EleutherAI/pythia-410m@step0,0.4166666666666667,-1.13723870076666e-05,0.0,Sem
pythia-410m-full,EleutherAI/pythia-410m@step1,0.4166666666666667,-1.13723870076666e-05,2097152.0,Sem
pythia-410m-full,EleutherAI/pythia-410m@step14000,0.5833333333333334,0.0038833475031248,29360128000.0,Sem
pythia-410m-full,EleutherAI/pythia-410m@step143000,0.5833333333333334,-0.0005609557566177,299892736000.0,Sem
pythia-410m-full,EleutherAI/pythia-410m@step16,0.5416666666666666,0.0052299891785662,33554432.0,Sem
pythia-410m-full,EleutherAI/pythia-410m@step256,0.5416666666666666,0.007003707151199,536870912.0,Sem
pythia-410m-full,EleutherAI/pythia-410m@step28000,0.7083333333333334,-0.0064493061590533,58720256000.0,Sem
pythia-410m-full,EleutherAI/pythia-410m@step4,0.4583333333333333,0.0003992839425242,8388608.0,Sem
pythia-410m-full,EleutherAI/pythia-410m@step5000,0.5833333333333334,-0.0032206316869686,10485760000.0,Sem
pythia-410m-full,EleutherAI/pythia-410m@step51000,0.625,0.00348282394263,106954752000.0,Sem
pythia-410m-full,EleutherAI/pythia-410m@step86000,0.5833333333333334,-0.0009911475072049,180355072000.0,Sem
pythia-6.9b-full,EleutherAI/pythia-6.9b@step0,0.4166666666666667,-0.0114774270843444,0.0,Sem
pythia-70m-full,EleutherAI/pythia-70m@step0,0.5,-0.0124882106192806,0.0,Sem
pythia-70m-full,EleutherAI/pythia-70m@step1,0.5,-0.0124882106192806,2097152.0,Sem
pythia-70m-full,EleutherAI/pythia-70m@step14000,0.75,0.0076449338604705,29360128000.0,Sem
pythia-70m-full,EleutherAI/pythia-70m@step143000,0.7083333333333334,-0.0026419473572861,299892736000.0,Sem
pythia-70m-full,EleutherAI/pythia-70m@step16,0.5416666666666666,-0.0065386635713154,33554432.0,Sem
pythia-70m-full,EleutherAI/pythia-70m@step256,0.5416666666666666,-0.0085338331262194,536870912.0,Sem
pythia-70m-full,EleutherAI/pythia-70m@step28000,0.7083333333333334,-0.0073477807849472,58720256000.0,Sem
pythia-70m-full,EleutherAI/pythia-70m@step4,0.5416666666666666,-0.0125925169858771,8388608.0,Sem
pythia-70m-full,EleutherAI/pythia-70m@step5000,0.7916666666666666,-0.0025161042154037,10485760000.0,Sem
pythia-70m-full,EleutherAI/pythia-70m@step51000,0.6666666666666666,-0.0138629105384609,106954752000.0,Sem
pythia-70m-full,EleutherAI/pythia-70m@step86000,0.6666666666666666,-0.007663034678236,180355072000.0,Sem
babylm-gpt2,BrainAlign/gpt2-babylm-9@checkpoint-01,0.5833333333333334,-0.0002983189152648,,Phon
babylm-gpt2,BrainAlign/gpt2-babylm-9@checkpoint-02,0.5833333333333334,-0.0052925562307448,,Phon
babylm-gpt2,BrainAlign/gpt2-babylm-9@checkpoint-03,0.4166666666666667,-0.0087932218091803,,Phon
babylm-gpt2,BrainAlign/gpt2-babylm-9@checkpoint-04,0.5416666666666666,-0.0057272036593742,,Phon
babylm-gpt2,BrainAlign/gpt2-babylm-9@checkpoint-05,0.5833333333333334,-0.0090532138926565,,Phon
babylm-gpt2,BrainAlign/gpt2-babylm-9@checkpoint-06,0.625,-0.009943125692736,,Phon
babylm-gpt2,BrainAlign/gpt2-babylm-9@checkpoint-07,0.5833333333333334,-0.0049838537483722,,Phon
babylm-gpt2,BrainAlign/gpt2-babylm-9@checkpoint-08,0.5833333333333334,-0.0079632155356234,,Phon
babylm-gpt2,BrainAlign/gpt2-babylm-9@checkpoint-09,0.5833333333333334,-0.0072347882295885,,Phon
babylm-gpt2-3,BrainAlign/gpt2-babylm-3@checkpoint-01,0.5,-0.0065380101070016,,Phon
babylm-gpt2-3,BrainAlign/gpt2-babylm-3@checkpoint-02,0.6666666666666666,-0.0063797071793114,,Phon
babylm-gpt2-3,BrainAlign/gpt2-babylm-3@checkpoint-03,0.625,-0.0116498518357699,,Phon
babylm-gpt2-3,BrainAlign/gpt2-babylm-3@checkpoint-04,0.5833333333333334,-0.0111066093216758,,Phon
babylm-gpt2-3,BrainAlign/gpt2-babylm-3@checkpoint-05,0.625,-0.0051675155468723,,Phon
babylm-gpt2-3,BrainAlign/gpt2-babylm-3@checkpoint-06,0.625,-0.0028816343786367,,Phon
babylm-gpt2-3,BrainAlign/gpt2-babylm-3@checkpoint-07,0.5833333333333334,-0.0044251221179101,,Phon
babylm-gpt2-3,BrainAlign/gpt2-babylm-3@checkpoint-08,0.5833333333333334,-0.0031798294518744,,Phon
babylm-gpt2-3,BrainAlign/gpt2-babylm-3@checkpoint-09,0.5833333333333334,-0.0037501085728681,,Phon
babylm-gpt2-5,BrainAlign/gpt2-babylm-5@checkpoint-01,0.5416666666666666,-0.007787188346583,,Phon
babylm-gpt2-5,BrainAlign/gpt2-babylm-5@checkpoint-02,0.75,-0.013129965034521,,Phon
babylm-gpt2-5,BrainAlign/gpt2-babylm-5@checkpoint-03,0.6666666666666666,-0.0089612481325529,,Phon
babylm-gpt2-5,BrainAlign/gpt2-babylm-5@checkpoint-04,0.625,-0.0066899328946644,,Phon
babylm-gpt2-5,BrainAlign/gpt2-babylm-5@checkpoint-05,0.5416666666666666,-0.0010472275846478,,Phon
babylm-gpt2-5,BrainAlign/gpt2-babylm-5@checkpoint-06,0.5833333333333334,0.0034656786487456,,Phon
babylm-gpt2-5,BrainAlign/gpt2-babylm-5@checkpoint-07,0.5416666666666666,0.0007539703828773,,Phon
babylm-gpt2-5,BrainAlign/gpt2-babylm-5@checkpoint-08,0.5416666666666666,0.0005553668162339,,Phon
babylm-gpt2-5,BrainAlign/gpt2-babylm-5@checkpoint-09,0.5416666666666666,0.0001416036567355,,Phon
babylm-gpt2-7,BrainAlign/gpt2-babylm-7@checkpoint-01,0.4583333333333333,-0.0020514968373218,,Phon
babylm-gpt2-7,BrainAlign/gpt2-babylm-7@checkpoint-02,0.75,-0.0071434598846383,,Phon
babylm-gpt2-7,BrainAlign/gpt2-babylm-7@checkpoint-03,0.625,-0.0090823979730063,,Phon
babylm-gpt2-7,BrainAlign/gpt2-babylm-7@checkpoint-04,0.5833333333333334,-0.0045366618649615,,Phon
babylm-gpt2-7,BrainAlign/gpt2-babylm-7@checkpoint-05,0.625,-0.0016627787516204,,Phon
babylm-gpt2-7,BrainAlign/gpt2-babylm-7@checkpoint-06,0.5833333333333334,0.0027298981924037,,Phon
babylm-gpt2-7,BrainAlign/gpt2-babylm-7@checkpoint-07,0.5833333333333334,0.0009779095849792,,Phon
babylm-gpt2-7,BrainAlign/gpt2-babylm-7@checkpoint-08,0.5833333333333334,0.0010796368275781,,Phon
babylm-gpt2-7,BrainAlign/gpt2-babylm-7@checkpoint-09,0.5833333333333334,0.0002059054554536,,Phon
parc-mamba-seed0,jmichaelov/parc-mamba-seed0@checkpoint-10,0.5,-0.0013530960727772,5242880.0,Phon
parc-mamba-seed0,jmichaelov/parc-mamba-seed0@checkpoint-100,0.375,-0.0248826059923997,52428800.0,Phon
parc-mamba-seed0,jmichaelov/parc-mamba-seed0@checkpoint-1100,0.4166666666666667,-0.0041085718357409,576716800.0,Phon
parc-mamba-seed0,jmichaelov/parc-mamba-seed0@checkpoint-1850,0.4583333333333333,-0.0163196721456474,969932800.0,Phon
parc-mamba-seed0,jmichaelov/parc-mamba-seed0@checkpoint-20,0.5,-0.0009566363033682,10485760.0,Phon
parc-mamba-seed0,jmichaelov/parc-mamba-seed0@checkpoint-30,0.4166666666666667,-0.0112366992629781,15728640.0,Phon
parc-mamba-seed0,jmichaelov/parc-mamba-seed0@checkpoint-300,0.4166666666666667,-0.0201758980052777,157286400.0,Phon
parc-mamba-seed0,jmichaelov/parc-mamba-seed0@checkpoint-4000,0.4583333333333333,-0.0110260578680281,2097152000.0,Phon
parc-mamba-seed0,jmichaelov/parc-mamba-seed0@checkpoint-50,0.4583333333333333,-0.0203107042438205,26214400.0,Phon
parc-mamba-seed0,jmichaelov/parc-mamba-seed0@checkpoint-640,0.3333333333333333,-0.0037984541527946,335544320.0,Phon
parc-mamba-seed0,jmichaelov/parc-mamba-seed0@checkpoint-70,0.4166666666666667,-0.0210066607452211,36700160.0,Phon
parc-mamba-seed1,jmichaelov/parc-mamba-seed1@checkpoint-10,0.5,-0.0066922312781285,5242880.0,Phon
parc-mamba-seed1,jmichaelov/parc-mamba-seed1@checkpoint-100,0.375,0.0066938527223877,52428800.0,Phon
parc-mamba-seed1,jmichaelov/parc-mamba-seed1@checkpoint-1100,0.5,-0.0148035654713686,576716800.0,Phon
parc-mamba-seed1,jmichaelov/parc-mamba-seed1@checkpoint-1850,0.5,-0.0016818104206772,969932800.0,Phon
parc-mamba-seed1,jmichaelov/parc-mamba-seed1@checkpoint-20,0.4166666666666667,0.0016194541634385,10485760.0,Phon
parc-mamba-seed1,jmichaelov/parc-mamba-seed1@checkpoint-30,0.4583333333333333,-0.0197976370253732,15728640.0,Phon
parc-mamba-seed1,jmichaelov/parc-mamba-seed1@checkpoint-300,0.375,0.0007709336265864,157286400.0,Phon
parc-mamba-seed1,jmichaelov/parc-mamba-seed1@checkpoint-4000,0.4166666666666667,-0.0044607184366079,2097152000.0,Phon
parc-mamba-seed1,jmichaelov/parc-mamba-seed1@checkpoint-50,0.4166666666666667,-0.018055188565757,26214400.0,Phon
parc-mamba-seed1,jmichaelov/parc-mamba-seed1@checkpoint-640,0.5,-0.0207758831636372,335544320.0,Phon
parc-mamba-seed1,jmichaelov/parc-mamba-seed1@checkpoint-70,0.4583333333333333,-0.0170459239520867,36700160.0,Phon
parc-mamba-seed2,jmichaelov/parc-mamba-seed2@checkpoint-10,0.5,0.0074775051886604,5242880.0,Phon
parc-mamba-seed2,jmichaelov/parc-mamba-seed2@checkpoint-100,0.5,-0.0160236506556878,52428800.0,Phon
parc-mamba-seed2,jmichaelov/parc-mamba-seed2@checkpoint-1100,0.4583333333333333,-0.01847049603773,576716800.0,Phon
parc-mamba-seed2,jmichaelov/parc-mamba-seed2@checkpoint-1850,0.5,-0.0128078904876882,969932800.0,Phon
parc-mamba-seed2,jmichaelov/parc-mamba-seed2@checkpoint-20,0.5,-0.0021921856919262,10485760.0,Phon
parc-mamba-seed2,jmichaelov/parc-mamba-seed2@checkpoint-30,0.5416666666666666,-0.0173559731266777,15728640.0,Phon
parc-mamba-seed2,jmichaelov/parc-mamba-seed2@checkpoint-300,0.375,-0.0042007119807494,157286400.0,Phon
parc-mamba-seed2,jmichaelov/parc-mamba-seed2@checkpoint-4000,0.4583333333333333,-0.0052325500975463,2097152000.0,Phon
parc-mamba-seed2,jmichaelov/parc-mamba-seed2@checkpoint-50,0.5,-0.0153715095593235,26214400.0,Phon
parc-mamba-seed2,jmichaelov/parc-mamba-seed2@checkpoint-640,0.4583333333333333,-0.020198444200878,335544320.0,Phon
parc-mamba-seed2,jmichaelov/parc-mamba-seed2@checkpoint-70,0.4166666666666667,-0.0030491931205063,36700160.0,Phon
parc-pythia-seed0,jmichaelov/parc-pythia-seed0@checkpoint-10,0.5,0.0068137191091049,5242880.0,Phon
parc-pythia-seed0,jmichaelov/parc-pythia-seed0@checkpoint-100,0.5,-0.0016105950270098,52428800.0,Phon
parc-pythia-seed0,jmichaelov/parc-pythia-seed0@checkpoint-1100,0.5833333333333334,-0.0336708166309632,576716800.0,Phon
parc-pythia-seed0,jmichaelov/parc-pythia-seed0@checkpoint-1850,0.5,-0.0233097839813817,969932800.0,Phon
parc-pythia-seed0,jmichaelov/parc-pythia-seed0@checkpoint-20,0.5,-0.0008609603127826,10485760.0,Phon
parc-pythia-seed0,jmichaelov/parc-pythia-seed0@checkpoint-30,0.4166666666666667,-0.0095916706429957,15728640.0,Phon
parc-pythia-seed0,jmichaelov/parc-pythia-seed0@checkpoint-300,0.4166666666666667,-0.0206830030804817,157286400.0,Phon
parc-pythia-seed0,jmichaelov/parc-pythia-seed0@checkpoint-4000,0.4583333333333333,-0.0223996679653921,2097152000.0,Phon
parc-pythia-seed0,jmichaelov/parc-pythia-seed0@checkpoint-50,0.5,0.0015540334747609,26214400.0,Phon
parc-pythia-seed0,jmichaelov/parc-pythia-seed0@checkpoint-640,0.5,-0.0329315602139703,335544320.0,Phon
parc-pythia-seed0,jmichaelov/parc-pythia-seed0@checkpoint-70,0.4166666666666667,-0.0206788413176569,36700160.0,Phon
parc-pythia-seed1,jmichaelov/parc-pythia-seed1@checkpoint-10,0.4583333333333333,-0.0033169000592432,5242880.0,Phon
parc-pythia-seed1,jmichaelov/parc-pythia-seed1@checkpoint-100,0.4166666666666667,-0.0144838326646863,52428800.0,Phon
parc-pythia-seed1,jmichaelov/parc-pythia-seed1@checkpoint-1100,0.5416666666666666,-0.0142020374377729,576716800.0,Phon
parc-pythia-seed1,jmichaelov/parc-pythia-seed1@checkpoint-1850,0.4583333333333333,-0.003865314235556,969932800.0,Phon
parc-pythia-seed1,jmichaelov/parc-pythia-seed1@checkpoint-20,0.375,-0.0083260202160994,10485760.0,Phon
parc-pythia-seed1,jmichaelov/parc-pythia-seed1@checkpoint-30,0.4166666666666667,-0.0044477871252038,15728640.0,Phon
parc-pythia-seed1,jmichaelov/parc-pythia-seed1@checkpoint-300,0.5833333333333334,-0.0005035622829754,157286400.0,Phon
parc-pythia-seed1,jmichaelov/parc-pythia-seed1@checkpoint-4000,0.4583333333333333,-0.0051914644869817,2097152000.0,Phon
parc-pythia-seed1,jmichaelov/parc-pythia-seed1@checkpoint-50,0.5,-0.0082537156353958,26214400.0,Phon
parc-pythia-seed1,jmichaelov/parc-pythia-seed1@checkpoint-640,0.625,0.0022888219971868,335544320.0,Phon
parc-pythia-seed1,jmichaelov/parc-pythia-seed1@checkpoint-70,0.4166666666666667,-0.0235636943913022,36700160.0,Phon
parc-pythia-seed2,jmichaelov/parc-pythia-seed2@checkpoint-10,0.5416666666666666,0.016057989630477,5242880.0,Phon
parc-pythia-seed2,jmichaelov/parc-pythia-seed2@checkpoint-100,0.4583333333333333,-0.0048984185592306,52428800.0,Phon
parc-pythia-seed2,jmichaelov/parc-pythia-seed2@checkpoint-1100,0.4583333333333333,-0.0533538468429097,576716800.0,Phon
parc-pythia-seed2,jmichaelov/parc-pythia-seed2@checkpoint-1850,0.4166666666666667,-0.0167236022002789,969932800.0,Phon
parc-pythia-seed2,jmichaelov/parc-pythia-seed2@checkpoint-20,0.4583333333333333,0.0291134317070918,10485760.0,Phon
parc-pythia-seed2,jmichaelov/parc-pythia-seed2@checkpoint-30,0.4583333333333333,0.0303221476184196,15728640.0,Phon
parc-pythia-seed2,jmichaelov/parc-pythia-seed2@checkpoint-300,0.4166666666666667,-0.0135042149220747,157286400.0,Phon
parc-pythia-seed2,jmichaelov/parc-pythia-seed2@checkpoint-4000,0.4166666666666667,-0.016145192143558,2097152000.0,Phon
parc-pythia-seed2,jmichaelov/parc-pythia-seed2@checkpoint-50,0.5416666666666666,-0.0070927076493014,26214400.0,Phon
parc-pythia-seed2,jmichaelov/parc-pythia-seed2@checkpoint-640,0.4583333333333333,-0.0345343421744407,335544320.0,Phon
parc-pythia-seed2,jmichaelov/parc-pythia-seed2@checkpoint-70,0.4166666666666667,-0.0140416989016743,36700160.0,Phon
parc-rwkv-seed0,jmichaelov/parc-rwkv-seed0@checkpoint-10,0.375,-0.0124311625618921,5242880.0,Phon
parc-rwkv-seed0,jmichaelov/parc-rwkv-seed0@checkpoint-100,0.4583333333333333,-0.0172087630431599,52428800.0,Phon
parc-rwkv-seed0,jmichaelov/parc-rwkv-seed0@checkpoint-1100,0.5,-0.0291247916380349,576716800.0,Phon
parc-rwkv-seed0,jmichaelov/parc-rwkv-seed0@checkpoint-1850,0.4166666666666667,-0.0069555934457064,969932800.0,Phon
parc-rwkv-seed0,jmichaelov/parc-rwkv-seed0@checkpoint-20,0.375,0.0005117595712007,10485760.0,Phon
parc-rwkv-seed0,jmichaelov/parc-rwkv-seed0@checkpoint-30,0.375,0.0040129823189887,15728640.0,Phon
parc-rwkv-seed0,jmichaelov/parc-rwkv-seed0@checkpoint-300,0.3333333333333333,-0.0132872214132427,157286400.0,Phon
parc-rwkv-seed0,jmichaelov/parc-rwkv-seed0@checkpoint-4000,0.375,-0.0030796985018658,2097152000.0,Phon
parc-rwkv-seed0,jmichaelov/parc-rwkv-seed0@checkpoint-50,0.4583333333333333,0.001133655186785,26214400.0,Phon
parc-rwkv-seed0,jmichaelov/parc-rwkv-seed0@checkpoint-640,0.4583333333333333,-0.0195665010923914,335544320.0,Phon
parc-rwkv-seed0,jmichaelov/parc-rwkv-seed0@checkpoint-70,0.4166666666666667,-0.0061356085552242,36700160.0,Phon
parc-rwkv-seed1,jmichaelov/parc-rwkv-seed1@checkpoint-10,0.375,-0.0088864063473,5242880.0,Phon
parc-rwkv-seed1,jmichaelov/parc-rwkv-seed1@checkpoint-100,0.375,-0.0049179161330126,52428800.0,Phon
parc-rwkv-seed1,jmichaelov/parc-rwkv-seed1@checkpoint-1100,0.5,-0.0055441313680868,576716800.0,Phon
parc-rwkv-seed1,jmichaelov/parc-rwkv-seed1@checkpoint-1850,0.4583333333333333,-0.0123221159440844,969932800.0,Phon
parc-rwkv-seed1,jmichaelov/parc-rwkv-seed1@checkpoint-20,0.4166666666666667,-0.0015959093268105,10485760.0,Phon
parc-rwkv-seed1,jmichaelov/parc-rwkv-seed1@checkpoint-30,0.4166666666666667,-0.0091662148319048,15728640.0,Phon
parc-rwkv-seed1,jmichaelov/parc-rwkv-seed1@checkpoint-300,0.4583333333333333,-0.0109118319227312,157286400.0,Phon
parc-rwkv-seed1,jmichaelov/parc-rwkv-seed1@checkpoint-4000,0.5,-0.0134935661845142,2097152000.0,Phon
parc-rwkv-seed1,jmichaelov/parc-rwkv-seed1@checkpoint-50,0.4166666666666667,-0.0079289711790175,26214400.0,Phon
parc-rwkv-seed1,jmichaelov/parc-rwkv-seed1@checkpoint-640,0.5,-0.0118639105041433,335544320.0,Phon
parc-rwkv-seed1,jmichaelov/parc-rwkv-seed1@checkpoint-70,0.4583333333333333,0.0025813768685439,36700160.0,Phon
parc-rwkv-seed2,jmichaelov/parc-rwkv-seed2@checkpoint-10,0.6666666666666666,-0.012841937224038,5242880.0,Phon
parc-rwkv-seed2,jmichaelov/parc-rwkv-seed2@checkpoint-100,0.375,0.0003087295503592,52428800.0,Phon
parc-rwkv-seed2,jmichaelov/parc-rwkv-seed2@checkpoint-1100,0.5833333333333334,-0.0206131204857297,576716800.0,Phon
parc-rwkv-seed2,jmichaelov/parc-rwkv-seed2@checkpoint-1850,0.4583333333333333,-0.0050408764145521,969932800.0,Phon
parc-rwkv-seed2,jmichaelov/parc-rwkv-seed2@checkpoint-20,0.5,-0.0065291155186967,10485760.0,Phon
parc-rwkv-seed2,jmichaelov/parc-rwkv-seed2@checkpoint-30,0.375,-0.00297628298343,15728640.0,Phon
parc-rwkv-seed2,jmichaelov/parc-rwkv-seed2@checkpoint-300,0.5,-0.0058733430004131,157286400.0,Phon
parc-rwkv-seed2,jmichaelov/parc-rwkv-seed2@checkpoint-4000,0.4583333333333333,-0.0046374223253133,2097152000.0,Phon
parc-rwkv-seed2,jmichaelov/parc-rwkv-seed2@checkpoint-50,0.4166666666666667,-0.0207123965185332,26214400.0,Phon
parc-rwkv-seed2,jmichaelov/parc-rwkv-seed2@checkpoint-640,0.4583333333333333,-0.0204888412985776,335544320.0,Phon
parc-rwkv-seed2,jmichaelov/parc-rwkv-seed2@checkpoint-70,0.4166666666666667,-0.0065986883886109,36700160.0,Phon
polypythia-160m-seed1,EleutherAI/pythia-160m-seed1@step0,0.5833333333333334,-0.0169116593128156,0.0,Phon
polypythia-160m-seed1,EleutherAI/pythia-160m-seed1@step1,0.5833333333333334,-0.0169116593128156,2097152.0,Phon
polypythia-160m-seed1,EleutherAI/pythia-160m-seed1@step14000,0.5416666666666666,-0.0142319386999978,29360128000.0,Phon
polypythia-160m-seed1,EleutherAI/pythia-160m-seed1@step143000,0.4583333333333333,-0.0104805260729787,299892736000.0,Phon
polypythia-160m-seed1,EleutherAI/pythia-160m-seed1@step16,0.4166666666666667,-0.0065789330701069,33554432.0,Phon
polypythia-160m-seed1,EleutherAI/pythia-160m-seed1@step256,0.4583333333333333,-0.0102660973157619,536870912.0,Phon
polypythia-160m-seed1,EleutherAI/pythia-160m-seed1@step28000,0.4166666666666667,-0.0131595946587211,58720256000.0,Phon
polypythia-160m-seed1,EleutherAI/pythia-160m-seed1@step4,0.5833333333333334,-0.0160683427760423,8388608.0,Phon
polypythia-160m-seed1,EleutherAI/pythia-160m-seed1@step5000,0.4583333333333333,-0.0073422843068893,10485760000.0,Phon
polypythia-160m-seed1,EleutherAI/pythia-160m-seed1@step51000,0.4583333333333333,-0.0042101809852656,106954752000.0,Phon
polypythia-160m-seed1,EleutherAI/pythia-160m-seed1@step86000,0.4166666666666667,-0.0036835158164168,180355072000.0,Phon
polypythia-160m-seed2,EleutherAI/pythia-160m-seed2@step0,0.625,0.0286166059992241,0.0,Phon
polypythia-160m-seed2,EleutherAI/pythia-160m-seed2@step1,0.625,0.0286166059992241,2097152.0,Phon
polypythia-160m-seed2,EleutherAI/pythia-160m-seed2@step14000,0.4166666666666667,0.0031445018967251,29360128000.0,Phon
polypythia-160m-seed2,EleutherAI/pythia-160m-seed2@step143000,0.5416666666666666,-0.0103875964051045,299892736000.0,Phon
polypythia-160m-seed2,EleutherAI/pythia-160m-seed2@step16,0.5,0.0139057376026767,33554432.0,Phon
polypythia-160m-seed2,EleutherAI/pythia-160m-seed2@step256,0.4583333333333333,-0.0154722228303535,536870912.0,Phon
polypythia-160m-seed2,EleutherAI/pythia-160m-seed2@step28000,0.4583333333333333,-0.0135856883640448,58720256000.0,Phon
polypythia-160m-seed2,EleutherAI/pythia-160m-seed2@step4,0.5833333333333334,0.0278387544659737,8388608.0,Phon
polypythia-160m-seed2,EleutherAI/pythia-160m-seed2@step5000,0.4166666666666667,-0.0144481671190139,10485760000.0,Phon
polypythia-160m-seed2,EleutherAI/pythia-160m-seed2@step51000,0.4583333333333333,-0.0109909859017433,106954752000.0,Phon
polypythia-160m-seed2,EleutherAI/pythia-160m-seed2@step86000,0.4583333333333333,0.0075797982240413,180355072000.0,Phon
polypythia-160m-seed3,EleutherAI/pythia-160m-seed3@step0,0.3333333333333333,0.0129919676480357,0.0,Phon
polypythia-160m-seed3,EleutherAI/pythia-160m-seed3@step1,0.3333333333333333,0.0129919676480357,2097152.0,Phon
polypythia-160m-seed3,EleutherAI/pythia-160m-seed3@step14000,0.4166666666666667,-0.0086712520243185,29360128000.0,Phon
polypythia-160m-seed3,EleutherAI/pythia-160m-seed3@step143000,0.5,-0.0035762183175309,299892736000.0,Phon
polypythia-160m-seed3,EleutherAI/pythia-160m-seed3@step16,0.2916666666666667,0.0137050280029519,33554432.0,Phon
polypythia-160m-seed3,EleutherAI/pythia-160m-seed3@step256,0.5833333333333334,-0.0107045723493284,536870912.0,Phon
polypythia-160m-seed3,EleutherAI/pythia-160m-seed3@step28000,0.4583333333333333,-0.023511752601793,58720256000.0,Phon
polypythia-160m-seed3,EleutherAI/pythia-160m-seed3@step4,0.2916666666666667,0.0132871232019638,8388608.0,Phon
polypythia-160m-seed3,EleutherAI/pythia-160m-seed3@step5000,0.4166666666666667,-0.0102534711779413,10485760000.0,Phon
polypythia-160m-seed3,EleutherAI/pythia-160m-seed3@step51000,0.5,-0.0045930789747685,106954752000.0,Phon
polypythia-160m-seed3,EleutherAI/pythia-160m-seed3@step86000,0.5,-0.008899514439006,180355072000.0,Phon
polypythia-410m-seed1,EleutherAI/pythia-410m-seed1@step0,0.5,0.00106246207031,0.0,Phon
polypythia-410m-seed1,EleutherAI/pythia-410m-seed1@step1,0.5,0.00106246207031,2097152.0,Phon
polypythia-410m-seed1,EleutherAI/pythia-410m-seed1@step14000,0.375,-0.0090481991289442,29360128000.0,Phon
polypythia-410m-seed1,EleutherAI/pythia-410m-seed1@step143000,0.5,-0.0078964371359011,299892736000.0,Phon
polypythia-410m-seed1,EleutherAI/pythia-410m-seed1@step16,0.5,0.0074611043841774,33554432.0,Phon
polypythia-410m-seed1,EleutherAI/pythia-410m-seed1@step256,0.4166666666666667,-0.0177619969978656,536870912.0,Phon
polypythia-410m-seed1,EleutherAI/pythia-410m-seed1@step28000,0.4166666666666667,0.0039748864034751,58720256000.0,Phon
polypythia-410m-seed1,EleutherAI/pythia-410m-seed1@step4,0.5,0.0029651417522372,8388608.0,Phon
polypythia-410m-seed1,EleutherAI/pythia-410m-seed1@step5000,0.4166666666666667,-0.0179632956257236,10485760000.0,Phon
polypythia-410m-seed1,EleutherAI/pythia-410m-seed1@step51000,0.375,-0.0157169670139442,106954752000.0,Phon
polypythia-410m-seed1,EleutherAI/pythia-410m-seed1@step86000,0.4583333333333333,-0.0010802649006831,180355072000.0,Phon
polypythia-410m-seed2,EleutherAI/pythia-410m-seed2@step0,0.375,0.0014011331255645,0.0,Phon
polypythia-410m-seed2,EleutherAI/pythia-410m-seed2@step1,0.375,0.0014011331255645,2097152.0,Phon
polypythia-410m-seed2,EleutherAI/pythia-410m-seed2@step14000,0.5,-0.0061770359889469,29360128000.0,Phon
polypythia-410m-seed2,EleutherAI/pythia-410m-seed2@step143000,0.375,-0.0094406521177172,299892736000.0,Phon
polypythia-410m-seed2,EleutherAI/pythia-410m-seed2@step16,0.4166666666666667,-0.0142930047963884,33554432.0,Phon
polypythia-410m-seed2,EleutherAI/pythia-410m-seed2@step256,0.4166666666666667,-0.0016195909406098,536870912.0,Phon
polypythia-410m-seed2,EleutherAI/pythia-410m-seed2@step28000,0.3333333333333333,-0.0057507607125272,58720256000.0,Phon
polypythia-410m-seed2,EleutherAI/pythia-410m-seed2@step4,0.375,-0.000554061085305,8388608.0,Phon
polypythia-410m-seed2,EleutherAI/pythia-410m-seed2@step5000,0.4166666666666667,-0.0092105840527378,10485760000.0,Phon
polypythia-410m-seed2,EleutherAI/pythia-410m-seed2@step51000,0.4166666666666667,-0.0079192686232894,106954752000.0,Phon
polypythia-410m-seed2,EleutherAI/pythia-410m-seed2@step86000,0.4166666666666667,-0.0053670370296631,180355072000.0,Phon
polypythia-410m-seed3,EleutherAI/pythia-410m-seed3@step0,0.7083333333333334,-0.0017453145521796,0.0,Phon
polypythia-410m-seed3,EleutherAI/pythia-410m-seed3@step1,0.7083333333333334,-0.0017453145521796,2097152.0,Phon
polypythia-410m-seed3,EleutherAI/pythia-410m-seed3@step14000,0.4166666666666667,-0.0104030869587107,29360128000.0,Phon
polypythia-410m-seed3,EleutherAI/pythia-410m-seed3@step143000,0.5,-0.0087827009858218,299892736000.0,Phon
polypythia-410m-seed3,EleutherAI/pythia-410m-seed3@step16,0.5,-0.0083058246236187,33554432.0,Phon
polypythia-410m-seed3,EleutherAI/pythia-410m-seed3@step256,0.5416666666666666,-0.0109122760293432,536870912.0,Phon
polypythia-410m-seed3,EleutherAI/pythia-410m-seed3@step28000,0.4583333333333333,-0.0036552383938482,58720256000.0,Phon
polypythia-410m-seed3,EleutherAI/pythia-410m-seed3@step4,0.6666666666666666,-0.0047290433877823,8388608.0,Phon
polypythia-410m-seed3,EleutherAI/pythia-410m-seed3@step5000,0.4166666666666667,-0.0113281296518422,10485760000.0,Phon
polypythia-410m-seed3,EleutherAI/pythia-410m-seed3@step51000,0.5,-0.0076582565797517,106954752000.0,Phon
polypythia-410m-seed3,EleutherAI/pythia-410m-seed3@step86000,0.4166666666666667,-0.019952691315592,180355072000.0,Phon
polypythia-70m-seed1,EleutherAI/pythia-70m-seed1@step0,0.3333333333333333,0.0071775815969156,0.0,Phon
polypythia-70m-seed1,EleutherAI/pythia-70m-seed1@step1,0.3333333333333333,0.0071775815969156,2097152.0,Phon
polypythia-70m-seed1,EleutherAI/pythia-70m-seed1@step14000,0.5,-0.0001900927209449,29360128000.0,Phon
polypythia-70m-seed1,EleutherAI/pythia-70m-seed1@step143000,0.4583333333333333,0.0040168856184724,299892736000.0,Phon
polypythia-70m-seed1,EleutherAI/pythia-70m-seed1@step16,0.375,0.0058912881173707,33554432.0,Phon
polypythia-70m-seed1,EleutherAI/pythia-70m-seed1@step256,0.4166666666666667,-0.0065487445997764,536870912.0,Phon
polypythia-70m-seed1,EleutherAI/pythia-70m-seed1@step28000,0.4583333333333333,-0.0013040218130699,58720256000.0,Phon
polypythia-70m-seed1,EleutherAI/pythia-70m-seed1@step4,0.3333333333333333,0.0072495239935861,8388608.0,Phon
polypythia-70m-seed1,EleutherAI/pythia-70m-seed1@step5000,0.4583333333333333,-0.0001311736189251,10485760000.0,Phon
polypythia-70m-seed1,EleutherAI/pythia-70m-seed1@step51000,0.4166666666666667,0.0040113369207589,106954752000.0,Phon
polypythia-70m-seed1,EleutherAI/pythia-70m-seed1@step86000,0.4166666666666667,0.0088475187530633,180355072000.0,Phon
polypythia-70m-seed2,EleutherAI/pythia-70m-seed2@step0,0.5416666666666666,-0.0302633736774606,0.0,Phon
polypythia-70m-seed2,EleutherAI/pythia-70m-seed2@step1,0.5416666666666666,-0.0302633736774606,2097152.0,Phon
polypythia-70m-seed2,EleutherAI/pythia-70m-seed2@step14000,0.5,-0.0039657994647875,29360128000.0,Phon
polypythia-70m-seed2,EleutherAI/pythia-70m-seed2@step143000,0.4583333333333333,-0.006743653266479,299892736000.0,Phon
polypythia-70m-seed2,EleutherAI/pythia-70m-seed2@step16,0.4583333333333333,-0.0248787259282672,33554432.0,Phon
polypythia-70m-seed2,EleutherAI/pythia-70m-seed2@step256,0.4583333333333333,-0.0100936275308721,536870912.0,Phon
polypythia-70m-seed2,EleutherAI/pythia-70m-seed2@step28000,0.4166666666666667,-0.0079683165336293,58720256000.0,Phon
polypythia-70m-seed2,EleutherAI/pythia-70m-seed2@step4,0.5416666666666666,-0.030210191551362,8388608.0,Phon
polypythia-70m-seed2,EleutherAI/pythia-70m-seed2@step5000,0.4166666666666667,-0.0069046275409531,10485760000.0,Phon
polypythia-70m-seed2,EleutherAI/pythia-70m-seed2@step51000,0.625,-0.0065577275782323,106954752000.0,Phon
polypythia-70m-seed2,EleutherAI/pythia-70m-seed2@step86000,0.625,-0.016197638164145,180355072000.0,Phon
polypythia-70m-seed3,EleutherAI/pythia-70m-seed3@step0,0.4583333333333333,0.0002563019743294,0.0,Phon
polypythia-70m-seed3,EleutherAI/pythia-70m-seed3@step1,0.4583333333333333,0.0002563019743294,2097152.0,Phon
polypythia-70m-seed3,EleutherAI/pythia-70m-seed3@step14000,0.5,0.002590303794709,29360128000.0,Phon
polypythia-70m-seed3,EleutherAI/pythia-70m-seed3@step143000,0.4166666666666667,-0.0195347977729701,299892736000.0,Phon
polypythia-70m-seed3,EleutherAI/pythia-70m-seed3@step16,0.4166666666666667,-0.0006240011695861,33554432.0,Phon
polypythia-70m-seed3,EleutherAI/pythia-70m-seed3@step256,0.4583333333333333,-0.0258329967770543,536870912.0,Phon
polypythia-70m-seed3,EleutherAI/pythia-70m-seed3@step28000,0.4166666666666667,0.0139781205128636,58720256000.0,Phon
polypythia-70m-seed3,EleutherAI/pythia-70m-seed3@step4,0.4583333333333333,0.0001278344354453,8388608.0,Phon
polypythia-70m-seed3,EleutherAI/pythia-70m-seed3@step5000,0.5416666666666666,-0.0104747917319943,10485760000.0,Phon
polypythia-70m-seed3,EleutherAI/pythia-70m-seed3@step51000,0.4166666666666667,0.0125554074948665,106954752000.0,Phon
polypythia-70m-seed3,EleutherAI/pythia-70m-seed3@step86000,0.4166666666666667,-0.0129864714095175,180355072000.0,Phon
pythia-1.4b-full,EleutherAI/pythia-1.4b@step0,0.5416666666666666,-0.0459401169446969,0.0,Phon
pythia-1.4b-full,EleutherAI/pythia-1.4b@step1,0.5416666666666666,-0.0459401169446969,2097152.0,Phon
pythia-1.4b-full,EleutherAI/pythia-1.4b@step14000,0.4583333333333333,-0.009000085902531,29360128000.0,Phon
pythia-1.4b-full,EleutherAI/pythia-1.4b@step143000,0.4583333333333333,-0.0050135734395012,299892736000.0,Phon
pythia-1.4b-full,EleutherAI/pythia-1.4b@step16,0.5833333333333334,-0.0301087553495039,33554432.0,Phon
pythia-1.4b-full,EleutherAI/pythia-1.4b@step256,0.4583333333333333,-0.0286992510298886,536870912.0,Phon
pythia-1.4b-full,EleutherAI/pythia-1.4b@step28000,0.4166666666666667,-0.001865398680488,58720256000.0,Phon
pythia-1.4b-full,EleutherAI/pythia-1.4b@step4,0.5,-0.045812963760171,8388608.0,Phon
pythia-1.4b-full,EleutherAI/pythia-1.4b@step5000,0.4583333333333333,-0.0106840749368201,10485760000.0,Phon
pythia-1.4b-full,EleutherAI/pythia-1.4b@step51000,0.4583333333333333,-0.0002601544913958,106954752000.0,Phon
pythia-1.4b-full,EleutherAI/pythia-1.4b@step86000,0.2916666666666667,-0.0013903897698206,180355072000.0,Phon
pythia-160m-full,EleutherAI/pythia-160m@step0,0.5,-0.0061243310259395,0.0,Phon
pythia-160m-full,EleutherAI/pythia-160m@step1,0.5,-0.0061243310259395,2097152.0,Phon
pythia-160m-full,EleutherAI/pythia-160m@step14000,0.4583333333333333,-0.0004225614528422,29360128000.0,Phon
pythia-160m-full,EleutherAI/pythia-160m@step143000,0.3333333333333333,-0.0152045899093853,299892736000.0,Phon
pythia-160m-full,EleutherAI/pythia-160m@step16,0.5416666666666666,-0.0039227216025012,33554432.0,Phon
pythia-160m-full,EleutherAI/pythia-160m@step256,0.4583333333333333,-0.0266601566003033,536870912.0,Phon
pythia-160m-full,EleutherAI/pythia-160m@step28000,0.5,-0.0124549601129083,58720256000.0,Phon
pythia-160m-full,EleutherAI/pythia-160m@step4,0.5,-0.0054396925360336,8388608.0,Phon
pythia-160m-full,EleutherAI/pythia-160m@step5000,0.5,-0.0051259163631815,10485760000.0,Phon
pythia-160m-full,EleutherAI/pythia-160m@step51000,0.375,-0.0287480586819049,106954752000.0,Phon
pythia-160m-full,EleutherAI/pythia-160m@step86000,0.4583333333333333,-0.0213971329801782,180355072000.0,Phon
pythia-1b-full,EleutherAI/pythia-1b@step0,0.5416666666666666,-0.026045811994822,0.0,Phon
pythia-1b-full,EleutherAI/pythia-1b@step1,0.5416666666666666,-0.026045811994822,2097152.0,Phon
pythia-1b-full,EleutherAI/pythia-1b@step14000,0.4166666666666667,-0.0099660419771796,29360128000.0,Phon
pythia-1b-full,EleutherAI/pythia-1b@step143000,0.4583333333333333,-0.003406424670219,299892736000.0,Phon
pythia-1b-full,EleutherAI/pythia-1b@step16,0.4166666666666667,-0.014336443884549,33554432.0,Phon
pythia-1b-full,EleutherAI/pythia-1b@step256,0.4583333333333333,-0.0376507908577606,536870912.0,Phon
pythia-1b-full,EleutherAI/pythia-1b@step28000,0.3333333333333333,-0.0127470454864447,58720256000.0,Phon
pythia-1b-full,EleutherAI/pythia-1b@step4,0.5416666666666666,-0.0259044045211044,8388608.0,Phon
pythia-1b-full,EleutherAI/pythia-1b@step5000,0.375,-0.0007996987519932,10485760000.0,Phon
pythia-1b-full,EleutherAI/pythia-1b@step51000,0.4583333333333333,-0.0091135261575973,106954752000.0,Phon
pythia-1b-full,EleutherAI/pythia-1b@step86000,0.5833333333333334,0.0132977671487303,180355072000.0,Phon
pythia-2.8b-full,EleutherAI/pythia-2.8b@step143000,0.4583333333333333,0.0062809660386679,299892736000.0,Phon
pythia-2.8b-full,EleutherAI/pythia-2.8b@step28000,0.4583333333333333,0.0062809660386679,58720256000.0,Phon
pythia-2.8b-full,EleutherAI/pythia-2.8b@step51000,0.4583333333333333,0.0062809660386679,106954752000.0,Phon
pythia-2.8b-full,EleutherAI/pythia-2.8b@step86000,0.4166666666666667,-0.0006718348531642,180355072000.0,Phon
pythia-410m-full,EleutherAI/pythia-410m@step0,0.5833333333333334,0.0049167227462051,0.0,Phon
pythia-410m-full,EleutherAI/pythia-410m@step1,0.5833333333333334,0.0049167227462051,2097152.0,Phon
pythia-410m-full,EleutherAI/pythia-410m@step14000,0.4583333333333333,-0.005176433849608,29360128000.0,Phon
pythia-410m-full,EleutherAI/pythia-410m@step143000,0.5416666666666666,-0.0175652225564052,299892736000.0,Phon
pythia-410m-full,EleutherAI/pythia-410m@step16,0.4166666666666667,0.004074333946707,33554432.0,Phon
pythia-410m-full,EleutherAI/pythia-410m@step256,0.375,-0.0183825392141197,536870912.0,Phon
pythia-410m-full,EleutherAI/pythia-410m@step28000,0.5,-0.0043811874221011,58720256000.0,Phon
pythia-410m-full,EleutherAI/pythia-410m@step4,0.5833333333333334,0.0050556794892066,8388608.0,Phon
pythia-410m-full,EleutherAI/pythia-410m@step5000,0.4583333333333333,-0.0160136225655015,10485760000.0,Phon
pythia-410m-full,EleutherAI/pythia-410m@step51000,0.4583333333333333,-0.0052293563146671,106954752000.0,Phon
pythia-410m-full,EleutherAI/pythia-410m@step86000,0.5416666666666666,-0.0009509975387259,180355072000.0,Phon
pythia-6.9b-full,EleutherAI/pythia-6.9b@step0,0.4166666666666667,0.0058989936305829,0.0,Phon
pythia-70m-full,EleutherAI/pythia-70m@step0,0.375,-0.0238658581583629,0.0,Phon
pythia-70m-full,EleutherAI/pythia-70m@step1,0.375,-0.0238658581583629,2097152.0,Phon
pythia-70m-full,EleutherAI/pythia-70m@step14000,0.4166666666666667,0.0008382461998496,29360128000.0,Phon
pythia-70m-full,EleutherAI/pythia-70m@step143000,0.4583333333333333,-0.0108741966420693,299892736000.0,Phon
pythia-70m-full,EleutherAI/pythia-70m@step16,0.375,-0.0245597383296054,33554432.0,Phon
pythia-70m-full,EleutherAI/pythia-70m@step256,0.375,-0.0183312643031477,536870912.0,Phon
pythia-70m-full,EleutherAI/pythia-70m@step28000,0.4166666666666667,-0.0128188139772897,58720256000.0,Phon
pythia-70m-full,EleutherAI/pythia-70m@step4,0.375,-0.0238535268939184,8388608.0,Phon
pythia-70m-full,EleutherAI/pythia-70m@step5000,0.4166666666666667,-0.0057807616232691,10485760000.0,Phon
pythia-70m-full,EleutherAI/pythia-70m@step51000,0.375,-0.0056605845535554,106954752000.0,Phon
pythia-70m-full,EleutherAI/pythia-70m@step86000,0.4166666666666667,0.0069880204145748,180355072000.0,Phon
babylm-gpt2,BrainAlign/gpt2-babylm-9@checkpoint-01,0.85,0.0221985091142898,,Gram
babylm-gpt2,BrainAlign/gpt2-babylm-9@checkpoint-02,0.75,0.0310691509251995,,Gram
babylm-gpt2,BrainAlign/gpt2-babylm-9@checkpoint-03,0.85,0.0247722643659712,,Gram
babylm-gpt2,BrainAlign/gpt2-babylm-9@checkpoint-04,0.85,0.0240678977060438,,Gram
babylm-gpt2,BrainAlign/gpt2-babylm-9@checkpoint-05,0.85,0.0267023573695049,,Gram
babylm-gpt2,BrainAlign/gpt2-babylm-9@checkpoint-06,0.8,0.0281286517244114,,Gram
babylm-gpt2,BrainAlign/gpt2-babylm-9@checkpoint-07,0.75,0.0274915010171721,,Gram
babylm-gpt2,BrainAlign/gpt2-babylm-9@checkpoint-08,0.8,0.0293907091048392,,Gram
babylm-gpt2,BrainAlign/gpt2-babylm-9@checkpoint-09,0.8,0.0289993299341639,,Gram
babylm-gpt2-3,BrainAlign/gpt2-babylm-3@checkpoint-01,0.8,0.0298265675748925,,Gram
babylm-gpt2-3,BrainAlign/gpt2-babylm-3@checkpoint-02,0.9,0.0204468043436305,,Gram
babylm-gpt2-3,BrainAlign/gpt2-babylm-3@checkpoint-03,0.7,0.0091501190654587,,Gram
babylm-gpt2-3,BrainAlign/gpt2-babylm-3@checkpoint-04,0.75,0.0125904040975402,,Gram
babylm-gpt2-3,BrainAlign/gpt2-babylm-3@checkpoint-05,0.85,0.0291203982849962,,Gram
babylm-gpt2-3,BrainAlign/gpt2-babylm-3@checkpoint-06,0.85,0.0293703153655505,,Gram
babylm-gpt2-3,BrainAlign/gpt2-babylm-3@checkpoint-07,0.75,0.029215742190069,,Gram
babylm-gpt2-3,BrainAlign/gpt2-babylm-3@checkpoint-08,0.75,0.0322318414844532,,Gram
babylm-gpt2-3,BrainAlign/gpt2-babylm-3@checkpoint-09,0.75,0.0322370740886128,,Gram
babylm-gpt2-5,BrainAlign/gpt2-babylm-5@checkpoint-01,0.8,0.0247330198347742,,Gram
babylm-gpt2-5,BrainAlign/gpt2-babylm-5@checkpoint-02,0.95,0.0207141764221795,,Gram
babylm-gpt2-5,BrainAlign/gpt2-babylm-5@checkpoint-03,0.75,0.0089173929722674,,Gram
babylm-gpt2-5,BrainAlign/gpt2-babylm-5@checkpoint-04,0.75,0.014064506738342,,Gram
babylm-gpt2-5,BrainAlign/gpt2-babylm-5@checkpoint-05,0.85,0.0235559443027951,,Gram
babylm-gpt2-5,BrainAlign/gpt2-babylm-5@checkpoint-06,0.8,0.02971338996805,,Gram
babylm-gpt2-5,BrainAlign/gpt2-babylm-5@checkpoint-07,0.8,0.028983977643796,,Gram
babylm-gpt2-5,BrainAlign/gpt2-babylm-5@checkpoint-08,0.8,0.0301940177163721,,Gram
babylm-gpt2-5,BrainAlign/gpt2-babylm-5@checkpoint-09,0.8,0.0304096978116455,,Gram
babylm-gpt2-7,BrainAlign/gpt2-babylm-7@checkpoint-01,0.85,0.0311290488782737,,Gram
babylm-gpt2-7,BrainAlign/gpt2-babylm-7@checkpoint-02,0.9,0.0228206364624401,,Gram
babylm-gpt2-7,BrainAlign/gpt2-babylm-7@checkpoint-03,0.7,0.0091698700903406,,Gram
babylm-gpt2-7,BrainAlign/gpt2-babylm-7@checkpoint-04,0.75,0.0164299042224069,,Gram
babylm-gpt2-7,BrainAlign/gpt2-babylm-7@checkpoint-05,0.85,0.0266546334804509,,Gram
babylm-gpt2-7,BrainAlign/gpt2-babylm-7@checkpoint-06,0.85,0.0310438253807496,,Gram
babylm-gpt2-7,BrainAlign/gpt2-babylm-7@checkpoint-07,0.8,0.02927943655832,,Gram
babylm-gpt2-7,BrainAlign/gpt2-babylm-7@checkpoint-08,0.75,0.0315936960486316,,Gram
babylm-gpt2-7,BrainAlign/gpt2-babylm-7@checkpoint-09,0.75,0.0318398470103112,,Gram
parc-mamba-seed0,jmichaelov/parc-mamba-seed0@checkpoint-10,0.3,0.0182827705094634,5242880.0,Gram
parc-mamba-seed0,jmichaelov/parc-mamba-seed0@checkpoint-100,0.6,-0.0103635876695442,52428800.0,Gram
parc-mamba-seed0,jmichaelov/parc-mamba-seed0@checkpoint-1100,0.75,0.0078613280838786,576716800.0,Gram
parc-mamba-seed0,jmichaelov/parc-mamba-seed0@checkpoint-1850,0.65,0.0196568852549003,969932800.0,Gram
parc-mamba-seed0,jmichaelov/parc-mamba-seed0@checkpoint-20,0.45,0.0132898014425991,10485760.0,Gram
parc-mamba-seed0,jmichaelov/parc-mamba-seed0@checkpoint-30,0.45,0.0074686634843899,15728640.0,Gram
parc-mamba-seed0,jmichaelov/parc-mamba-seed0@checkpoint-300,0.7,0.0130594550517958,157286400.0,Gram
parc-mamba-seed0,jmichaelov/parc-mamba-seed0@checkpoint-4000,0.65,0.012990546834239,2097152000.0,Gram
parc-mamba-seed0,jmichaelov/parc-mamba-seed0@checkpoint-50,0.5,0.0211341783848389,26214400.0,Gram
parc-mamba-seed0,jmichaelov/parc-mamba-seed0@checkpoint-640,0.8,0.0165251622879574,335544320.0,Gram
parc-mamba-seed0,jmichaelov/parc-mamba-seed0@checkpoint-70,0.7,0.0257619313018259,36700160.0,Gram
parc-mamba-seed1,jmichaelov/parc-mamba-seed1@checkpoint-10,0.55,0.0099861173868488,5242880.0,Gram
parc-mamba-seed1,jmichaelov/parc-mamba-seed1@checkpoint-100,0.7,-0.0145545717847368,52428800.0,Gram
parc-mamba-seed1,jmichaelov/parc-mamba-seed1@checkpoint-1100,0.8,0.0099407320837728,576716800.0,Gram
parc-mamba-seed1,jmichaelov/parc-mamba-seed1@checkpoint-1850,0.8,0.0097606667341804,969932800.0,Gram
parc-mamba-seed1,jmichaelov/parc-mamba-seed1@checkpoint-20,0.65,-0.0059841987869638,10485760.0,Gram
parc-mamba-seed1,jmichaelov/parc-mamba-seed1@checkpoint-30,0.6,-0.0054678776668434,15728640.0,Gram
parc-mamba-seed1,jmichaelov/parc-mamba-seed1@checkpoint-300,0.8,-0.006513869756158,157286400.0,Gram
parc-mamba-seed1,jmichaelov/parc-mamba-seed1@checkpoint-4000,0.7,0.0065740396546096,2097152000.0,Gram
parc-mamba-seed1,jmichaelov/parc-mamba-seed1@checkpoint-50,0.7,-0.0004590874382707,26214400.0,Gram
parc-mamba-seed1,jmichaelov/parc-mamba-seed1@checkpoint-640,0.85,0.0147078249070598,335544320.0,Gram
parc-mamba-seed1,jmichaelov/parc-mamba-seed1@checkpoint-70,0.65,-0.0092859381086619,36700160.0,Gram
parc-mamba-seed2,jmichaelov/parc-mamba-seed2@checkpoint-10,0.5,-0.010957686610302,5242880.0,Gram
parc-mamba-seed2,jmichaelov/parc-mamba-seed2@checkpoint-100,0.55,-0.0077578626058484,52428800.0,Gram
parc-mamba-seed2,jmichaelov/parc-mamba-seed2@checkpoint-1100,0.8,0.0184449213671473,576716800.0,Gram
parc-mamba-seed2,jmichaelov/parc-mamba-seed2@checkpoint-1850,0.75,0.0139026977960664,969932800.0,Gram
parc-mamba-seed2,jmichaelov/parc-mamba-seed2@checkpoint-20,0.5,-0.0085211433103754,10485760.0,Gram
parc-mamba-seed2,jmichaelov/parc-mamba-seed2@checkpoint-30,0.5,-0.0084340659677053,15728640.0,Gram
parc-mamba-seed2,jmichaelov/parc-mamba-seed2@checkpoint-300,0.75,5.41824114339001e-05,157286400.0,Gram
parc-mamba-seed2,jmichaelov/parc-mamba-seed2@checkpoint-4000,0.75,0.0033014937052498,2097152000.0,Gram
parc-mamba-seed2,jmichaelov/parc-mamba-seed2@checkpoint-50,0.6,0.0099197302544226,26214400.0,Gram
parc-mamba-seed2,jmichaelov/parc-mamba-seed2@checkpoint-640,0.75,0.0225646204477572,335544320.0,Gram
parc-mamba-seed2,jmichaelov/parc-mamba-seed2@checkpoint-70,0.65,0.0037499345180597,36700160.0,Gram
parc-pythia-seed0,jmichaelov/parc-pythia-seed0@checkpoint-10,0.55,0.0165846209446526,5242880.0,Gram
parc-pythia-seed0,jmichaelov/parc-pythia-seed0@checkpoint-100,0.8,0.0257228642203978,52428800.0,Gram
parc-pythia-seed0,jmichaelov/parc-pythia-seed0@checkpoint-1100,0.8,0.0305993663676311,576716800.0,Gram
parc-pythia-seed0,jmichaelov/parc-pythia-seed0@checkpoint-1850,0.75,0.0325087186670843,969932800.0,Gram
parc-pythia-seed0,jmichaelov/parc-pythia-seed0@checkpoint-20,0.6,0.017411849929295,10485760.0,Gram
parc-pythia-seed0,jmichaelov/parc-pythia-seed0@checkpoint-30,0.75,0.0061363129125996,15728640.0,Gram
parc-pythia-seed0,jmichaelov/parc-pythia-seed0@checkpoint-300,0.6,0.040771704663432,157286400.0,Gram
parc-pythia-seed0,jmichaelov/parc-pythia-seed0@checkpoint-4000,0.75,0.0291997125609494,2097152000.0,Gram
parc-pythia-seed0,jmichaelov/parc-pythia-seed0@checkpoint-50,0.7,0.0217364667045633,26214400.0,Gram
parc-pythia-seed0,jmichaelov/parc-pythia-seed0@checkpoint-640,0.75,0.0162295425144967,335544320.0,Gram
parc-pythia-seed0,jmichaelov/parc-pythia-seed0@checkpoint-70,0.55,0.0364626450392403,36700160.0,Gram
parc-pythia-seed1,jmichaelov/parc-pythia-seed1@checkpoint-10,0.55,0.0161803312212825,5242880.0,Gram
parc-pythia-seed1,jmichaelov/parc-pythia-seed1@checkpoint-100,0.7,0.0265764610865469,52428800.0,Gram
parc-pythia-seed1,jmichaelov/parc-pythia-seed1@checkpoint-1100,0.85,0.0493237967283106,576716800.0,Gram
parc-pythia-seed1,jmichaelov/parc-pythia-seed1@checkpoint-1850,0.75,0.0441515738199432,969932800.0,Gram
parc-pythia-seed1,jmichaelov/parc-pythia-seed1@checkpoint-20,0.55,0.0215075045662252,10485760.0,Gram
parc-pythia-seed1,jmichaelov/parc-pythia-seed1@checkpoint-30,0.6,0.029390612445209,15728640.0,Gram
parc-pythia-seed1,jmichaelov/parc-pythia-seed1@checkpoint-300,0.7,0.039685955169808,157286400.0,Gram
parc-pythia-seed1,jmichaelov/parc-pythia-seed1@checkpoint-4000,0.7,0.0302197356700668,2097152000.0,Gram
parc-pythia-seed1,jmichaelov/parc-pythia-seed1@checkpoint-50,0.7,0.0108761419494494,26214400.0,Gram
parc-pythia-seed1,jmichaelov/parc-pythia-seed1@checkpoint-640,0.85,0.0311941642873564,335544320.0,Gram
parc-pythia-seed1,jmichaelov/parc-pythia-seed1@checkpoint-70,0.55,0.012691961629885,36700160.0,Gram
parc-pythia-seed2,jmichaelov/parc-pythia-seed2@checkpoint-10,0.45,0.0204979567641942,5242880.0,Gram
parc-pythia-seed2,jmichaelov/parc-pythia-seed2@checkpoint-100,0.7,0.0324864364583043,52428800.0,Gram
parc-pythia-seed2,jmichaelov/parc-pythia-seed2@checkpoint-1100,0.8,0.0396694054541707,576716800.0,Gram
parc-pythia-seed2,jmichaelov/parc-pythia-seed2@checkpoint-1850,0.85,0.0375774414730762,969932800.0,Gram
parc-pythia-seed2,jmichaelov/parc-pythia-seed2@checkpoint-20,0.65,0.0279604581971597,10485760.0,Gram
parc-pythia-seed2,jmichaelov/parc-pythia-seed2@checkpoint-30,0.6,0.0190956772780059,15728640.0,Gram
parc-pythia-seed2,jmichaelov/parc-pythia-seed2@checkpoint-300,0.7,0.0369841143666789,157286400.0,Gram
parc-pythia-seed2,jmichaelov/parc-pythia-seed2@checkpoint-4000,0.75,0.0343674790275607,2097152000.0,Gram
parc-pythia-seed2,jmichaelov/parc-pythia-seed2@checkpoint-50,0.65,0.021216131324428,26214400.0,Gram
parc-pythia-seed2,jmichaelov/parc-pythia-seed2@checkpoint-640,0.8,0.03457742446567,335544320.0,Gram
parc-pythia-seed2,jmichaelov/parc-pythia-seed2@checkpoint-70,0.55,0.0387357938904199,36700160.0,Gram
parc-rwkv-seed0,jmichaelov/parc-rwkv-seed0@checkpoint-10,0.7,-0.0057833379114111,5242880.0,Gram
parc-rwkv-seed0,jmichaelov/parc-rwkv-seed0@checkpoint-100,0.65,0.0117123653290828,52428800.0,Gram
parc-rwkv-seed0,jmichaelov/parc-rwkv-seed0@checkpoint-1100,0.8,0.0149447318899269,576716800.0,Gram
parc-rwkv-seed0,jmichaelov/parc-rwkv-seed0@checkpoint-1850,0.8,0.0133574364941315,969932800.0,Gram
parc-rwkv-seed0,jmichaelov/parc-rwkv-seed0@checkpoint-20,0.7,-0.0020391528379962,10485760.0,Gram
parc-rwkv-seed0,jmichaelov/parc-rwkv-seed0@checkpoint-30,0.75,0.003231464524519,15728640.0,Gram
parc-rwkv-seed0,jmichaelov/parc-rwkv-seed0@checkpoint-300,0.75,0.0262469520139379,157286400.0,Gram
parc-rwkv-seed0,jmichaelov/parc-rwkv-seed0@checkpoint-4000,0.8,0.0136519035654352,2097152000.0,Gram
parc-rwkv-seed0,jmichaelov/parc-rwkv-seed0@checkpoint-50,0.65,0.0001713237844546,26214400.0,Gram
parc-rwkv-seed0,jmichaelov/parc-rwkv-seed0@checkpoint-640,0.8,0.0256948805361178,335544320.0,Gram
parc-rwkv-seed0,jmichaelov/parc-rwkv-seed0@checkpoint-70,0.7,0.0079175205106821,36700160.0,Gram
parc-rwkv-seed1,jmichaelov/parc-rwkv-seed1@checkpoint-10,0.6,-0.0001068727299943,5242880.0,Gram
parc-rwkv-seed1,jmichaelov/parc-rwkv-seed1@checkpoint-100,0.65,-0.0021915980589325,52428800.0,Gram
parc-rwkv-seed1,jmichaelov/parc-rwkv-seed1@checkpoint-1100,0.75,0.0130627371511791,576716800.0,Gram
parc-rwkv-seed1,jmichaelov/parc-rwkv-seed1@checkpoint-1850,0.65,0.0143023673333816,969932800.0,Gram
parc-rwkv-seed1,jmichaelov/parc-rwkv-seed1@checkpoint-20,0.5,-0.0004515515938186,10485760.0,Gram
parc-rwkv-seed1,jmichaelov/parc-rwkv-seed1@checkpoint-30,0.55,0.0002041426142656,15728640.0,Gram
parc-rwkv-seed1,jmichaelov/parc-rwkv-seed1@checkpoint-300,0.7,0.0149241419460158,157286400.0,Gram
parc-rwkv-seed1,jmichaelov/parc-rwkv-seed1@checkpoint-4000,0.65,0.0084199486123142,2097152000.0,Gram
parc-rwkv-seed1,jmichaelov/parc-rwkv-seed1@checkpoint-50,0.6,-0.0075325793041816,26214400.0,Gram
parc-rwkv-seed1,jmichaelov/parc-rwkv-seed1@checkpoint-640,0.75,0.0219195364374372,335544320.0,Gram
parc-rwkv-seed1,jmichaelov/parc-rwkv-seed1@checkpoint-70,0.65,0.0045594387233514,36700160.0,Gram
parc-rwkv-seed2,jmichaelov/parc-rwkv-seed2@checkpoint-10,0.7,0.0116546241841749,5242880.0,Gram
parc-rwkv-seed2,jmichaelov/parc-rwkv-seed2@checkpoint-100,0.65,-0.0069095069999452,52428800.0,Gram
parc-rwkv-seed2,jmichaelov/parc-rwkv-seed2@checkpoint-1100,0.75,0.0190658606674549,576716800.0,Gram
parc-rwkv-seed2,jmichaelov/parc-rwkv-seed2@checkpoint-1850,0.7,0.0152996220502061,969932800.0,Gram
parc-rwkv-seed2,jmichaelov/parc-rwkv-seed2@checkpoint-20,0.55,0.0070037342698872,10485760.0,Gram
parc-rwkv-seed2,jmichaelov/parc-rwkv-seed2@checkpoint-30,0.6,0.0054774527409563,15728640.0,Gram
parc-rwkv-seed2,jmichaelov/parc-rwkv-seed2@checkpoint-300,0.7,0.0358218919574251,157286400.0,Gram
parc-rwkv-seed2,jmichaelov/parc-rwkv-seed2@checkpoint-4000,0.7,0.0212672729248839,2097152000.0,Gram
parc-rwkv-seed2,jmichaelov/parc-rwkv-seed2@checkpoint-50,0.6,0.0158114888925921,26214400.0,Gram
parc-rwkv-seed2,jmichaelov/parc-rwkv-seed2@checkpoint-640,0.8,0.022341658419896,335544320.0,Gram
parc-rwkv-seed2,jmichaelov/parc-rwkv-seed2@checkpoint-70,0.6,0.0253494760037265,36700160.0,Gram
polypythia-160m-seed1,EleutherAI/pythia-160m-seed1@step0,0.6,0.0184540448820922,0.0,Gram
polypythia-160m-seed1,EleutherAI/pythia-160m-seed1@step1,0.6,0.0184540448820922,2097152.0,Gram
polypythia-160m-seed1,EleutherAI/pythia-160m-seed1@step14000,0.75,-6.54454223723994e-05,29360128000.0,Gram
polypythia-160m-seed1,EleutherAI/pythia-160m-seed1@step143000,0.7,0.0101722463248841,299892736000.0,Gram
polypythia-160m-seed1,EleutherAI/pythia-160m-seed1@step16,0.75,0.0211639156479323,33554432.0,Gram
polypythia-160m-seed1,EleutherAI/pythia-160m-seed1@step256,0.65,0.0098006491967333,536870912.0,Gram
polypythia-160m-seed1,EleutherAI/pythia-160m-seed1@step28000,0.75,-0.0006706631059639,58720256000.0,Gram
polypythia-160m-seed1,EleutherAI/pythia-160m-seed1@step4,0.7,0.0188531762993767,8388608.0,Gram
polypythia-160m-seed1,EleutherAI/pythia-160m-seed1@step5000,0.7,0.0097126074217828,10485760000.0,Gram
polypythia-160m-seed1,EleutherAI/pythia-160m-seed1@step51000,0.7,0.0042856755677616,106954752000.0,Gram
polypythia-160m-seed1,EleutherAI/pythia-160m-seed1@step86000,0.75,0.0121683391009828,180355072000.0,Gram
polypythia-160m-seed2,EleutherAI/pythia-160m-seed2@step0,0.4,0.0266824317802163,0.0,Gram
polypythia-160m-seed2,EleutherAI/pythia-160m-seed2@step1,0.4,0.0266824317802163,2097152.0,Gram
polypythia-160m-seed2,EleutherAI/pythia-160m-seed2@step14000,0.7,0.014100782231943,29360128000.0,Gram
polypythia-160m-seed2,EleutherAI/pythia-160m-seed2@step143000,0.75,0.0196276233552121,299892736000.0,Gram
polypythia-160m-seed2,EleutherAI/pythia-160m-seed2@step16,0.45,0.0296011969910224,33554432.0,Gram
polypythia-160m-seed2,EleutherAI/pythia-160m-seed2@step256,0.55,0.0135676596483425,536870912.0,Gram
polypythia-160m-seed2,EleutherAI/pythia-160m-seed2@step28000,0.6,0.0074528379946385,58720256000.0,Gram
polypythia-160m-seed2,EleutherAI/pythia-160m-seed2@step4,0.4,0.0271690726231446,8388608.0,Gram
polypythia-160m-seed2,EleutherAI/pythia-160m-seed2@step5000,0.65,0.0154668266195997,10485760000.0,Gram
polypythia-160m-seed2,EleutherAI/pythia-160m-seed2@step51000,0.7,0.0042766941568998,106954752000.0,Gram
polypythia-160m-seed2,EleutherAI/pythia-160m-seed2@step86000,0.75,0.0235949486275976,180355072000.0,Gram
polypythia-160m-seed3,EleutherAI/pythia-160m-seed3@step0,0.4,0.0439845661765126,0.0,Gram
polypythia-160m-seed3,EleutherAI/pythia-160m-seed3@step1,0.4,0.0439845661765126,2097152.0,Gram
polypythia-160m-seed3,EleutherAI/pythia-160m-seed3@step14000,0.75,0.0078397462967473,29360128000.0,Gram
polypythia-160m-seed3,EleutherAI/pythia-160m-seed3@step143000,0.65,0.0124288901835388,299892736000.0,Gram
polypythia-160m-seed3,EleutherAI/pythia-160m-seed3@step16,0.4,0.0457989554386895,33554432.0,Gram
polypythia-160m-seed3,EleutherAI/pythia-160m-seed3@step256,0.65,-0.0008893937503125,536870912.0,Gram
polypythia-160m-seed3,EleutherAI/pythia-160m-seed3@step28000,0.65,0.0196088338772484,58720256000.0,Gram
polypythia-160m-seed3,EleutherAI/pythia-160m-seed3@step4,0.4,0.0440405652840557,8388608.0,Gram
polypythia-160m-seed3,EleutherAI/pythia-160m-seed3@step5000,0.7,0.0171314908359556,10485760000.0,Gram
polypythia-160m-seed3,EleutherAI/pythia-160m-seed3@step51000,0.65,0.0041466407885032,106954752000.0,Gram
polypythia-160m-seed3,EleutherAI/pythia-160m-seed3@step86000,0.65,0.0073560081280866,180355072000.0,Gram
polypythia-410m-seed1,EleutherAI/pythia-410m-seed1@step0,0.5,0.0222409095102783,0.0,Gram
polypythia-410m-seed1,EleutherAI/pythia-410m-seed1@step1,0.5,0.0222409095102783,2097152.0,Gram
polypythia-410m-seed1,EleutherAI/pythia-410m-seed1@step14000,0.7,0.0135362560886391,29360128000.0,Gram
polypythia-410m-seed1,EleutherAI/pythia-410m-seed1@step143000,0.65,0.0196539717605247,299892736000.0,Gram
polypythia-410m-seed1,EleutherAI/pythia-410m-seed1@step16,0.4,0.0139424140839659,33554432.0,Gram
polypythia-410m-seed1,EleutherAI/pythia-410m-seed1@step256,0.65,0.0243422566889063,536870912.0,Gram
polypythia-410m-seed1,EleutherAI/pythia-410m-seed1@step28000,0.7,0.0173310092967935,58720256000.0,Gram
polypythia-410m-seed1,EleutherAI/pythia-410m-seed1@step4,0.5,0.0202575491157651,8388608.0,Gram
polypythia-410m-seed1,EleutherAI/pythia-410m-seed1@step5000,0.75,0.0071074630372086,10485760000.0,Gram
polypythia-410m-seed1,EleutherAI/pythia-410m-seed1@step51000,0.7,0.0131238635471653,106954752000.0,Gram
polypythia-410m-seed1,EleutherAI/pythia-410m-seed1@step86000,0.65,0.0177085445001361,180355072000.0,Gram
polypythia-410m-seed2,EleutherAI/pythia-410m-seed2@step0,0.7,0.0061527082613649,0.0,Gram
polypythia-410m-seed2,EleutherAI/pythia-410m-seed2@step1,0.7,0.0061527082613649,2097152.0,Gram
polypythia-410m-seed2,EleutherAI/pythia-410m-seed2@step14000,0.65,0.0106211177779867,29360128000.0,Gram
polypythia-410m-seed2,EleutherAI/pythia-410m-seed2@step143000,0.7,0.0110156953725444,299892736000.0,Gram
polypythia-410m-seed2,EleutherAI/pythia-410m-seed2@step16,0.6,0.0011962303689182,33554432.0,Gram
polypythia-410m-seed2,EleutherAI/pythia-410m-seed2@step256,0.65,-0.0020953647409938,536870912.0,Gram
polypythia-410m-seed2,EleutherAI/pythia-410m-seed2@step28000,0.75,-0.0011641530771657,58720256000.0,Gram
polypythia-410m-seed2,EleutherAI/pythia-410m-seed2@step4,0.7,0.0051241048067169,8388608.0,Gram
polypythia-410m-seed2,EleutherAI/pythia-410m-seed2@step5000,0.7,0.0056175356279957,10485760000.0,Gram
polypythia-410m-seed2,EleutherAI/pythia-410m-seed2@step51000,0.75,0.0137502864781348,106954752000.0,Gram
polypythia-410m-seed2,EleutherAI/pythia-410m-seed2@step86000,0.65,0.0094371750842209,180355072000.0,Gram
polypythia-410m-seed3,EleutherAI/pythia-410m-seed3@step0,0.4,0.0036965582046611,0.0,Gram
polypythia-410m-seed3,EleutherAI/pythia-410m-seed3@step1,0.4,0.0036965582046611,2097152.0,Gram
polypythia-410m-seed3,EleutherAI/pythia-410m-seed3@step14000,0.7,0.0197515987083554,29360128000.0,Gram
polypythia-410m-seed3,EleutherAI/pythia-410m-seed3@step143000,0.7,-0.0019977630400815,299892736000.0,Gram
polypythia-410m-seed3,EleutherAI/pythia-410m-seed3@step16,0.6,0.0070191550876048,33554432.0,Gram
polypythia-410m-seed3,EleutherAI/pythia-410m-seed3@step256,0.7,0.0143360193114976,536870912.0,Gram
polypythia-410m-seed3,EleutherAI/pythia-410m-seed3@step28000,0.7,0.0087894242779845,58720256000.0,Gram
polypythia-410m-seed3,EleutherAI/pythia-410m-seed3@step4,0.4,0.0036079566694642,8388608.0,Gram
polypythia-410m-seed3,EleutherAI/pythia-410m-seed3@step5000,0.7,0.004975111200187,10485760000.0,Gram
polypythia-410m-seed3,EleutherAI/pythia-410m-seed3@step51000,0.65,0.0033416377480799,106954752000.0,Gram
polypythia-410m-seed3,EleutherAI/pythia-410m-seed3@step86000,0.7,-0.0018108478408753,180355072000.0,Gram
polypythia-70m-seed1,EleutherAI/pythia-70m-seed1@step0,0.4,0.011360941931361,0.0,Gram
polypythia-70m-seed1,EleutherAI/pythia-70m-seed1@step1,0.4,0.011360941931361,2097152.0,Gram
polypythia-70m-seed1,EleutherAI/pythia-70m-seed1@step14000,0.85,0.0210731349430129,29360128000.0,Gram
polypythia-70m-seed1,EleutherAI/pythia-70m-seed1@step143000,0.75,-0.0018904614731458,299892736000.0,Gram
polypythia-70m-seed1,EleutherAI/pythia-70m-seed1@step16,0.55,0.0093104434889363,33554432.0,Gram
polypythia-70m-seed1,EleutherAI/pythia-70m-seed1@step256,0.7,0.006173645170068,536870912.0,Gram
polypythia-70m-seed1,EleutherAI/pythia-70m-seed1@step28000,0.8,0.0075546833418522,58720256000.0,Gram
polypythia-70m-seed1,EleutherAI/pythia-70m-seed1@step4,0.4,0.0113609412100205,8388608.0,Gram
polypythia-70m-seed1,EleutherAI/pythia-70m-seed1@step5000,0.75,0.0276371165860291,10485760000.0,Gram
polypythia-70m-seed1,EleutherAI/pythia-70m-seed1@step51000,0.75,0.0117821297778415,106954752000.0,Gram
polypythia-70m-seed1,EleutherAI/pythia-70m-seed1@step86000,0.75,0.0009697842663271,180355072000.0,Gram
polypythia-70m-seed2,EleutherAI/pythia-70m-seed2@step0,0.6,-0.0002418189511639,0.0,Gram
polypythia-70m-seed2,EleutherAI/pythia-70m-seed2@step1,0.6,-0.0002418189511639,2097152.0,Gram
polypythia-70m-seed2,EleutherAI/pythia-70m-seed2@step14000,0.8,0.0140811545562906,29360128000.0,Gram
polypythia-70m-seed2,EleutherAI/pythia-70m-seed2@step143000,0.75,0.007811026845133,299892736000.0,Gram
polypythia-70m-seed2,EleutherAI/pythia-70m-seed2@step16,0.45,0.0057940462114868,33554432.0,Gram
polypythia-70m-seed2,EleutherAI/pythia-70m-seed2@step256,0.6,0.013147880579905,536870912.0,Gram
polypythia-70m-seed2,EleutherAI/pythia-70m-seed2@step28000,0.8,0.0166099464891024,58720256000.0,Gram
polypythia-70m-seed2,EleutherAI/pythia-70m-seed2@step4,0.6,-0.0001219451402389,8388608.0,Gram
polypythia-70m-seed2,EleutherAI/pythia-70m-seed2@step5000,0.65,0.0089475861225718,10485760000.0,Gram
polypythia-70m-seed2,EleutherAI/pythia-70m-seed2@step51000,0.7,-0.0053368418326533,106954752000.0,Gram
polypythia-70m-seed2,EleutherAI/pythia-70m-seed2@step86000,0.75,0.0013141471830021,180355072000.0,Gram
polypythia-70m-seed3,EleutherAI/pythia-70m-seed3@step0,0.45,0.0169844102244948,0.0,Gram
polypythia-70m-seed3,EleutherAI/pythia-70m-seed3@step1,0.45,0.0169844102244948,2097152.0,Gram
polypythia-70m-seed3,EleutherAI/pythia-70m-seed3@step14000,0.8,0.0124597015226721,29360128000.0,Gram
polypythia-70m-seed3,EleutherAI/pythia-70m-seed3@step143000,0.8,0.0096720197545305,299892736000.0,Gram
polypythia-70m-seed3,EleutherAI/pythia-70m-seed3@step16,0.6,0.0185171044706822,33554432.0,Gram
polypythia-70m-seed3,EleutherAI/pythia-70m-seed3@step256,0.65,0.0018622181062772,536870912.0,Gram
polypythia-70m-seed3,EleutherAI/pythia-70m-seed3@step28000,0.7,0.0177404010616884,58720256000.0,Gram
polypythia-70m-seed3,EleutherAI/pythia-70m-seed3@step4,0.45,0.0171028788640793,8388608.0,Gram
polypythia-70m-seed3,EleutherAI/pythia-70m-seed3@step5000,0.7,0.027234175048098,10485760000.0,Gram
polypythia-70m-seed3,EleutherAI/pythia-70m-seed3@step51000,0.75,0.0091607711009735,106954752000.0,Gram
polypythia-70m-seed3,EleutherAI/pythia-70m-seed3@step86000,0.7,0.0169218433114826,180355072000.0,Gram
pythia-1.4b-full,EleutherAI/pythia-1.4b@step0,0.5,0.0107662529340548,0.0,Gram
pythia-1.4b-full,EleutherAI/pythia-1.4b@step1,0.5,0.0107662529340548,2097152.0,Gram
pythia-1.4b-full,EleutherAI/pythia-1.4b@step14000,0.75,0.0120911318606996,29360128000.0,Gram
pythia-1.4b-full,EleutherAI/pythia-1.4b@step143000,0.7,0.0138782400242667,299892736000.0,Gram
pythia-1.4b-full,EleutherAI/pythia-1.4b@step16,0.45,0.0139201434166343,33554432.0,Gram
pythia-1.4b-full,EleutherAI/pythia-1.4b@step256,0.65,-0.0017401947005914,536870912.0,Gram
pythia-1.4b-full,EleutherAI/pythia-1.4b@step28000,0.7,0.0244860941533721,58720256000.0,Gram
pythia-1.4b-full,EleutherAI/pythia-1.4b@step4,0.55,0.0093173366189817,8388608.0,Gram
pythia-1.4b-full,EleutherAI/pythia-1.4b@step5000,0.7,0.0131466665638035,10485760000.0,Gram
pythia-1.4b-full,EleutherAI/pythia-1.4b@step51000,0.7,0.0193757463924547,106954752000.0,Gram
pythia-1.4b-full,EleutherAI/pythia-1.4b@step86000,0.75,0.0136899369658927,180355072000.0,Gram
pythia-160m-full,EleutherAI/pythia-160m@step0,0.4,0.0242794113384519,0.0,Gram
pythia-160m-full,EleutherAI/pythia-160m@step1,0.4,0.0242794113384519,2097152.0,Gram
pythia-160m-full,EleutherAI/pythia-160m@step14000,0.7,0.0103637932515935,29360128000.0,Gram
pythia-160m-full,EleutherAI/pythia-160m@step143000,0.7,0.0139863379511407,299892736000.0,Gram
pythia-160m-full,EleutherAI/pythia-160m@step16,0.65,0.0232085892656274,33554432.0,Gram
pythia-160m-full,EleutherAI/pythia-160m@step256,0.6,0.009809326201894,536870912.0,Gram
pythia-160m-full,EleutherAI/pythia-160m@step28000,0.7,0.0017396414324096,58720256000.0,Gram
pythia-160m-full,EleutherAI/pythia-160m@step4,0.4,0.0237607372055429,8388608.0,Gram
pythia-160m-full,EleutherAI/pythia-160m@step5000,0.65,0.0103286913790247,10485760000.0,Gram
pythia-160m-full,EleutherAI/pythia-160m@step51000,0.75,0.0049427533069707,106954752000.0,Gram
pythia-160m-full,EleutherAI/pythia-160m@step86000,0.75,0.0091670078111422,180355072000.0,Gram
pythia-1b-full,EleutherAI/pythia-1b@step0,0.5,0.0111699843398595,0.0,Gram
pythia-1b-full,EleutherAI/pythia-1b@step1,0.5,0.0111699843398595,2097152.0,Gram
pythia-1b-full,EleutherAI/pythia-1b@step14000,0.75,0.012280658312602,29360128000.0,Gram
pythia-1b-full,EleutherAI/pythia-1b@step143000,0.75,0.0173940566225945,299892736000.0,Gram
pythia-1b-full,EleutherAI/pythia-1b@step16,0.5,0.0047778555845722,33554432.0,Gram
pythia-1b-full,EleutherAI/pythia-1b@step256,0.65,0.0181260838062473,536870912.0,Gram
pythia-1b-full,EleutherAI/pythia-1b@step28000,0.7,0.0225117916318162,58720256000.0,Gram
pythia-1b-full,EleutherAI/pythia-1b@step4,0.5,0.0111600630222952,8388608.0,Gram
pythia-1b-full,EleutherAI/pythia-1b@step5000,0.65,0.0096103934695614,10485760000.0,Gram
pythia-1b-full,EleutherAI/pythia-1b@step51000,0.7,0.0215015203252398,106954752000.0,Gram
pythia-1b-full,EleutherAI/pythia-1b@step86000,0.7,0.0224052150121068,180355072000.0,Gram
pythia-2.8b-full,EleutherAI/pythia-2.8b@step143000,0.75,0.0154923425979478,299892736000.0,Gram
pythia-2.8b-full,EleutherAI/pythia-2.8b@step28000,0.75,0.0154923425979478,58720256000.0,Gram
pythia-2.8b-full,EleutherAI/pythia-2.8b@step51000,0.75,0.0154923425979478,106954752000.0,Gram
pythia-2.8b-full,EleutherAI/pythia-2.8b@step86000,0.75,0.0137807833127997,180355072000.0,Gram
pythia-410m-full,EleutherAI/pythia-410m@step0,0.4,0.0269195594932837,0.0,Gram
pythia-410m-full,EleutherAI/pythia-410m@step1,0.4,0.0269195594932837,2097152.0,Gram
pythia-410m-full,EleutherAI/pythia-410m@step14000,0.7,0.0128078356076054,29360128000.0,Gram
pythia-410m-full,EleutherAI/pythia-410m@step143000,0.75,0.0113185436993941,299892736000.0,Gram
pythia-410m-full,EleutherAI/pythia-410m@step16,0.45,0.0176232416551545,33554432.0,Gram
pythia-410m-full,EleutherAI/pythia-410m@step256,0.6,0.001818509919919,536870912.0,Gram
pythia-410m-full,EleutherAI/pythia-410m@step28000,0.7,0.0131389164812158,58720256000.0,Gram
pythia-410m-full,EleutherAI/pythia-410m@step4,0.4,0.0277702104047335,8388608.0,Gram
pythia-410m-full,EleutherAI/pythia-410m@step5000,0.7,0.0018361510237689,10485760000.0,Gram
pythia-410m-full,EleutherAI/pythia-410m@step51000,0.7,0.0137833722039396,106954752000.0,Gram
pythia-410m-full,EleutherAI/pythia-410m@step86000,0.7,0.008995737045216,180355072000.0,Gram
pythia-6.9b-full,EleutherAI/pythia-6.9b@step0,0.6,0.0382316071605908,0.0,Gram
pythia-70m-full,EleutherAI/pythia-70m@step0,0.5,0.0134546436217773,0.0,Gram
pythia-70m-full,EleutherAI/pythia-70m@step1,0.5,0.0134546436217773,2097152.0,Gram
pythia-70m-full,EleutherAI/pythia-70m@step14000,0.7,0.0193830542933013,29360128000.0,Gram
pythia-70m-full,EleutherAI/pythia-70m@step143000,0.7,0.0070332818204228,299892736000.0,Gram
pythia-70m-full,EleutherAI/pythia-70m@step16,0.55,0.0102375536105461,33554432.0,Gram
pythia-70m-full,EleutherAI/pythia-70m@step256,0.65,0.0027508144146407,536870912.0,Gram
pythia-70m-full,EleutherAI/pythia-70m@step28000,0.65,0.0082813928031635,58720256000.0,Gram
pythia-70m-full,EleutherAI/pythia-70m@step4,0.5,0.0134375875250922,8388608.0,Gram
pythia-70m-full,EleutherAI/pythia-70m@step5000,0.7,0.0302567793913257,10485760000.0,Gram
pythia-70m-full,EleutherAI/pythia-70m@step51000,0.75,0.0094466412359147,106954752000.0,Gram
pythia-70m-full,EleutherAI/pythia-70m@step86000,0.8,0.0223024946788377,180355072000.0,Gram
babylm-gpt2,BrainAlign/gpt2-babylm-9@checkpoint-01,0.75,0.0051562643312892,,Plaus
babylm-gpt2,BrainAlign/gpt2-babylm-9@checkpoint-02,0.85,-0.0069750148182729,,Plaus
babylm-gpt2,BrainAlign/gpt2-babylm-9@checkpoint-03,0.9,-0.0034359385947554,,Plaus
babylm-gpt2,BrainAlign/gpt2-babylm-9@checkpoint-04,0.85,0.0001866443358395,,Plaus
babylm-gpt2,BrainAlign/gpt2-babylm-9@checkpoint-05,0.95,-0.0061420446844017,,Plaus
babylm-gpt2,BrainAlign/gpt2-babylm-9@checkpoint-06,1.0,-0.0058532047905241,,Plaus
babylm-gpt2,BrainAlign/gpt2-babylm-9@checkpoint-07,1.0,-0.0060395847550617,,Plaus
babylm-gpt2,BrainAlign/gpt2-babylm-9@checkpoint-08,1.0,-0.0063978204926902,,Plaus
babylm-gpt2,BrainAlign/gpt2-babylm-9@checkpoint-09,1.0,-0.0056805750190511,,Plaus
babylm-gpt2-3,BrainAlign/gpt2-babylm-3@checkpoint-01,0.55,0.0079753734633713,,Plaus
babylm-gpt2-3,BrainAlign/gpt2-babylm-3@checkpoint-02,0.75,0.0065688099358121,,Plaus
babylm-gpt2-3,BrainAlign/gpt2-babylm-3@checkpoint-03,0.7,0.0100893094768204,,Plaus
babylm-gpt2-3,BrainAlign/gpt2-babylm-3@checkpoint-04,0.75,0.009636532686122,,Plaus
babylm-gpt2-3,BrainAlign/gpt2-babylm-3@checkpoint-05,0.8,0.0016151553701755,,Plaus
babylm-gpt2-3,BrainAlign/gpt2-babylm-3@checkpoint-06,0.8,0.0025659658560351,,Plaus
babylm-gpt2-3,BrainAlign/gpt2-babylm-3@checkpoint-07,0.75,0.0017702003023595,,Plaus
babylm-gpt2-3,BrainAlign/gpt2-babylm-3@checkpoint-08,0.8,0.0016353983492948,,Plaus
babylm-gpt2-3,BrainAlign/gpt2-babylm-3@checkpoint-09,0.8,0.0021716111556992,,Plaus
babylm-gpt2-5,BrainAlign/gpt2-babylm-5@checkpoint-01,0.55,0.006752016002045,,Plaus
babylm-gpt2-5,BrainAlign/gpt2-babylm-5@checkpoint-02,0.7,0.0066331643306422,,Plaus
babylm-gpt2-5,BrainAlign/gpt2-babylm-5@checkpoint-03,0.75,0.0107312700826724,,Plaus
babylm-gpt2-5,BrainAlign/gpt2-babylm-5@checkpoint-04,0.65,0.0096339012358912,,Plaus
babylm-gpt2-5,BrainAlign/gpt2-babylm-5@checkpoint-05,0.8,-0.0004591985247114,,Plaus
babylm-gpt2-5,BrainAlign/gpt2-babylm-5@checkpoint-06,0.7,-0.0024787312611308,,Plaus
babylm-gpt2-5,BrainAlign/gpt2-babylm-5@checkpoint-07,0.75,-0.0006909601856224,,Plaus
babylm-gpt2-5,BrainAlign/gpt2-babylm-5@checkpoint-08,0.8,-0.0004755794466662,,Plaus
babylm-gpt2-5,BrainAlign/gpt2-babylm-5@checkpoint-09,0.8,0.000133905687464,,Plaus
babylm-gpt2-7,BrainAlign/gpt2-babylm-7@checkpoint-01,0.55,0.0023896911508954,,Plaus
babylm-gpt2-7,BrainAlign/gpt2-babylm-7@checkpoint-02,0.75,-5.056344602603324e-05,,Plaus
babylm-gpt2-7,BrainAlign/gpt2-babylm-7@checkpoint-03,0.7,0.0099461075133561,,Plaus
babylm-gpt2-7,BrainAlign/gpt2-babylm-7@checkpoint-04,0.7,0.0077245741833564,,Plaus
babylm-gpt2-7,BrainAlign/gpt2-babylm-7@checkpoint-05,0.8,0.0003167518047755,,Plaus
babylm-gpt2-7,BrainAlign/gpt2-babylm-7@checkpoint-06,0.8,-0.0001177866121193,,Plaus
babylm-gpt2-7,BrainAlign/gpt2-babylm-7@checkpoint-07,0.75,-0.0006165445331663,,Plaus
babylm-gpt2-7,BrainAlign/gpt2-babylm-7@checkpoint-08,0.8,0.0002363519113341,,Plaus
babylm-gpt2-7,BrainAlign/gpt2-babylm-7@checkpoint-09,0.8,0.0005829589183785,,Plaus
parc-mamba-seed0,jmichaelov/parc-mamba-seed0@checkpoint-10,0.6,-0.0004977491263245,5242880.0,Plaus
parc-mamba-seed0,jmichaelov/parc-mamba-seed0@checkpoint-100,0.65,-0.0135850886780784,52428800.0,Plaus
parc-mamba-seed0,jmichaelov/parc-mamba-seed0@checkpoint-1100,0.75,0.0030952422519628,576716800.0,Plaus
parc-mamba-seed0,jmichaelov/parc-mamba-seed0@checkpoint-1850,0.85,0.0002701661910679,969932800.0,Plaus
parc-mamba-seed0,jmichaelov/parc-mamba-seed0@checkpoint-20,0.4,0.016989647878038,10485760.0,Plaus
parc-mamba-seed0,jmichaelov/parc-mamba-seed0@checkpoint-30,0.5,0.0165578043893401,15728640.0,Plaus
parc-mamba-seed0,jmichaelov/parc-mamba-seed0@checkpoint-300,0.7,-0.0115052792848098,157286400.0,Plaus
parc-mamba-seed0,jmichaelov/parc-mamba-seed0@checkpoint-4000,0.9,-0.0026541078973184,2097152000.0,Plaus
parc-mamba-seed0,jmichaelov/parc-mamba-seed0@checkpoint-50,0.6,0.0196587499201543,26214400.0,Plaus
parc-mamba-seed0,jmichaelov/parc-mamba-seed0@checkpoint-640,0.75,-0.0051039108787533,335544320.0,Plaus
parc-mamba-seed0,jmichaelov/parc-mamba-seed0@checkpoint-70,0.7,-0.0044256899274513,36700160.0,Plaus
parc-mamba-seed1,jmichaelov/parc-mamba-seed1@checkpoint-10,0.65,0.0168502848888412,5242880.0,Plaus
parc-mamba-seed1,jmichaelov/parc-mamba-seed1@checkpoint-100,0.6,-0.0309764961775993,52428800.0,Plaus
parc-mamba-seed1,jmichaelov/parc-mamba-seed1@checkpoint-1100,0.65,-0.010434098705745,576716800.0,Plaus
parc-mamba-seed1,jmichaelov/parc-mamba-seed1@checkpoint-1850,0.75,-0.0045847181020077,969932800.0,Plaus
parc-mamba-seed1,jmichaelov/parc-mamba-seed1@checkpoint-20,0.55,0.0146097146610782,10485760.0,Plaus
parc-mamba-seed1,jmichaelov/parc-mamba-seed1@checkpoint-30,0.5,0.0125848728584037,15728640.0,Plaus
parc-mamba-seed1,jmichaelov/parc-mamba-seed1@checkpoint-300,0.7,-0.0135044247740052,157286400.0,Plaus
parc-mamba-seed1,jmichaelov/parc-mamba-seed1@checkpoint-4000,0.85,-0.0040114103591672,2097152000.0,Plaus
parc-mamba-seed1,jmichaelov/parc-mamba-seed1@checkpoint-50,0.6,-0.0076919587715731,26214400.0,Plaus
parc-mamba-seed1,jmichaelov/parc-mamba-seed1@checkpoint-640,0.65,-0.0098541654501934,335544320.0,Plaus
parc-mamba-seed1,jmichaelov/parc-mamba-seed1@checkpoint-70,0.7,-0.0107848642409091,36700160.0,Plaus
parc-mamba-seed2,jmichaelov/parc-mamba-seed2@checkpoint-10,0.55,0.015100156968567,5242880.0,Plaus
parc-mamba-seed2,jmichaelov/parc-mamba-seed2@checkpoint-100,0.75,-0.0256943979593074,52428800.0,Plaus
parc-mamba-seed2,jmichaelov/parc-mamba-seed2@checkpoint-1100,0.65,-0.0094257916094149,576716800.0,Plaus
parc-mamba-seed2,jmichaelov/parc-mamba-seed2@checkpoint-1850,0.8,-0.0164930987016748,969932800.0,Plaus
parc-mamba-seed2,jmichaelov/parc-mamba-seed2@checkpoint-20,0.4,0.0210948985079563,10485760.0,Plaus
parc-mamba-seed2,jmichaelov/parc-mamba-seed2@checkpoint-30,0.45,0.0139255866522269,15728640.0,Plaus
parc-mamba-seed2,jmichaelov/parc-mamba-seed2@checkpoint-300,0.6,-0.0047622255781026,157286400.0,Plaus
parc-mamba-seed2,jmichaelov/parc-mamba-seed2@checkpoint-4000,0.9,-0.0120121111703397,2097152000.0,Plaus
parc-mamba-seed2,jmichaelov/parc-mamba-seed2@checkpoint-50,0.65,0.0058352044590933,26214400.0,Plaus
parc-mamba-seed2,jmichaelov/parc-mamba-seed2@checkpoint-640,0.7,-0.0071484330149384,335544320.0,Plaus
parc-mamba-seed2,jmichaelov/parc-mamba-seed2@checkpoint-70,0.75,-0.0101609761005402,36700160.0,Plaus
parc-pythia-seed0,jmichaelov/parc-pythia-seed0@checkpoint-10,0.45,0.0155764768712809,5242880.0,Plaus
parc-pythia-seed0,jmichaelov/parc-pythia-seed0@checkpoint-100,0.7,-0.0081475769225947,52428800.0,Plaus
parc-pythia-seed0,jmichaelov/parc-pythia-seed0@checkpoint-1100,0.8,-0.003708241757125,576716800.0,Plaus
parc-pythia-seed0,jmichaelov/parc-pythia-seed0@checkpoint-1850,0.8,-0.0033384559150295,969932800.0,Plaus
parc-pythia-seed0,jmichaelov/parc-pythia-seed0@checkpoint-20,0.65,0.0131597177779004,10485760.0,Plaus
parc-pythia-seed0,jmichaelov/parc-pythia-seed0@checkpoint-30,0.65,0.0034384409250324,15728640.0,Plaus
parc-pythia-seed0,jmichaelov/parc-pythia-seed0@checkpoint-300,0.65,-0.0092833622016515,157286400.0,Plaus
parc-pythia-seed0,jmichaelov/parc-pythia-seed0@checkpoint-4000,0.95,-0.0026695020254367,2097152000.0,Plaus
parc-pythia-seed0,jmichaelov/parc-pythia-seed0@checkpoint-50,0.65,0.0013588695741367,26214400.0,Plaus
parc-pythia-seed0,jmichaelov/parc-pythia-seed0@checkpoint-640,0.75,-0.0085140323354919,335544320.0,Plaus
parc-pythia-seed0,jmichaelov/parc-pythia-seed0@checkpoint-70,0.75,-0.0051175651335282,36700160.0,Plaus
parc-pythia-seed1,jmichaelov/parc-pythia-seed1@checkpoint-10,0.5,0.0068555940091969,5242880.0,Plaus
parc-pythia-seed1,jmichaelov/parc-pythia-seed1@checkpoint-100,0.75,-0.0026840839241251,52428800.0,Plaus
parc-pythia-seed1,jmichaelov/parc-pythia-seed1@checkpoint-1100,0.85,-0.0057600184149579,576716800.0,Plaus
parc-pythia-seed1,jmichaelov/parc-pythia-seed1@checkpoint-1850,0.85,0.0037909391201347,969932800.0,Plaus
parc-pythia-seed1,jmichaelov/parc-pythia-seed1@checkpoint-20,0.65,0.0082644968440747,10485760.0,Plaus
parc-pythia-seed1,jmichaelov/parc-pythia-seed1@checkpoint-30,0.55,0.005662170736927,15728640.0,Plaus
parc-pythia-seed1,jmichaelov/parc-pythia-seed1@checkpoint-300,0.55,-0.0188460105026134,157286400.0,Plaus
parc-pythia-seed1,jmichaelov/parc-pythia-seed1@checkpoint-4000,0.9,0.0033655653345946,2097152000.0,Plaus
parc-pythia-seed1,jmichaelov/parc-pythia-seed1@checkpoint-50,0.7,0.0056596777840767,26214400.0,Plaus
parc-pythia-seed1,jmichaelov/parc-pythia-seed1@checkpoint-640,0.8,-0.0110693364179152,335544320.0,Plaus
parc-pythia-seed1,jmichaelov/parc-pythia-seed1@checkpoint-70,0.55,-0.0097786403760118,36700160.0,Plaus
parc-pythia-seed2,jmichaelov/parc-pythia-seed2@checkpoint-10,0.45,0.0202148471994376,5242880.0,Plaus
parc-pythia-seed2,jmichaelov/parc-pythia-seed2@checkpoint-100,0.75,-0.0221057165906496,52428800.0,Plaus
parc-pythia-seed2,jmichaelov/parc-pythia-seed2@checkpoint-1100,0.8,0.0041164577369661,576716800.0,Plaus
parc-pythia-seed2,jmichaelov/parc-pythia-seed2@checkpoint-1850,0.95,-0.0001313225670483,969932800.0,Plaus
parc-pythia-seed2,jmichaelov/parc-pythia-seed2@checkpoint-20,0.6,0.0167953187409282,10485760.0,Plaus
parc-pythia-seed2,jmichaelov/parc-pythia-seed2@checkpoint-30,0.6,0.006507866760319,15728640.0,Plaus
parc-pythia-seed2,jmichaelov/parc-pythia-seed2@checkpoint-300,0.65,-0.0103090932783338,157286400.0,Plaus
parc-pythia-seed2,jmichaelov/parc-pythia-seed2@checkpoint-4000,0.95,-0.0090712116255609,2097152000.0,Plaus
parc-pythia-seed2,jmichaelov/parc-pythia-seed2@checkpoint-50,0.75,-0.0107298216309006,26214400.0,Plaus
parc-pythia-seed2,jmichaelov/parc-pythia-seed2@checkpoint-640,0.7,0.0006633342862422,335544320.0,Plaus
parc-pythia-seed2,jmichaelov/parc-pythia-seed2@checkpoint-70,0.7,-0.0116994771379442,36700160.0,Plaus
parc-rwkv-seed0,jmichaelov/parc-rwkv-seed0@checkpoint-10,0.6,0.0242444797022467,5242880.0,Plaus
parc-rwkv-seed0,jmichaelov/parc-rwkv-seed0@checkpoint-100,0.75,-0.0055769191071225,52428800.0,Plaus
parc-rwkv-seed0,jmichaelov/parc-rwkv-seed0@checkpoint-1100,0.75,-0.0014653307793622,576716800.0,Plaus
parc-rwkv-seed0,jmichaelov/parc-rwkv-seed0@checkpoint-1850,0.8,-0.0035006522171664,969932800.0,Plaus
parc-rwkv-seed0,jmichaelov/parc-rwkv-seed0@checkpoint-20,0.6,0.0221356139913393,10485760.0,Plaus
parc-rwkv-seed0,jmichaelov/parc-rwkv-seed0@checkpoint-30,0.5,0.020634379569416,15728640.0,Plaus
parc-rwkv-seed0,jmichaelov/parc-rwkv-seed0@checkpoint-300,0.65,-0.0061510794744622,157286400.0,Plaus
parc-rwkv-seed0,jmichaelov/parc-rwkv-seed0@checkpoint-4000,0.8,-0.0033921222073186,2097152000.0,Plaus
parc-rwkv-seed0,jmichaelov/parc-rwkv-seed0@checkpoint-50,0.7,0.0256002081990726,26214400.0,Plaus
parc-rwkv-seed0,jmichaelov/parc-rwkv-seed0@checkpoint-640,0.6,0.0012777411267663,335544320.0,Plaus
parc-rwkv-seed0,jmichaelov/parc-rwkv-seed0@checkpoint-70,0.75,0.0110540418347892,36700160.0,Plaus
parc-rwkv-seed1,jmichaelov/parc-rwkv-seed1@checkpoint-10,0.55,0.0197889691968714,5242880.0,Plaus
parc-rwkv-seed1,jmichaelov/parc-rwkv-seed1@checkpoint-100,0.75,-0.0013040505796906,52428800.0,Plaus
parc-rwkv-seed1,jmichaelov/parc-rwkv-seed1@checkpoint-1100,0.6,-0.0039551429129493,576716800.0,Plaus
parc-rwkv-seed1,jmichaelov/parc-rwkv-seed1@checkpoint-1850,0.85,6.408641682556649e-05,969932800.0,Plaus
parc-rwkv-seed1,jmichaelov/parc-rwkv-seed1@checkpoint-20,0.6,0.0129182598576686,10485760.0,Plaus
parc-rwkv-seed1,jmichaelov/parc-rwkv-seed1@checkpoint-30,0.65,-0.0023057004243265,15728640.0,Plaus
parc-rwkv-seed1,jmichaelov/parc-rwkv-seed1@checkpoint-300,0.65,-0.0195942743401161,157286400.0,Plaus
parc-rwkv-seed1,jmichaelov/parc-rwkv-seed1@checkpoint-4000,0.8,-0.0029530544932749,2097152000.0,Plaus
parc-rwkv-seed1,jmichaelov/parc-rwkv-seed1@checkpoint-50,0.65,-0.0149801965967791,26214400.0,Plaus
parc-rwkv-seed1,jmichaelov/parc-rwkv-seed1@checkpoint-640,0.6,-0.0045730107453066,335544320.0,Plaus
parc-rwkv-seed1,jmichaelov/parc-rwkv-seed1@checkpoint-70,0.75,-0.0210217805471026,36700160.0,Plaus
parc-rwkv-seed2,jmichaelov/parc-rwkv-seed2@checkpoint-10,0.45,0.0124985925970123,5242880.0,Plaus
parc-rwkv-seed2,jmichaelov/parc-rwkv-seed2@checkpoint-100,0.75,0.0050401032600401,52428800.0,Plaus
parc-rwkv-seed2,jmichaelov/parc-rwkv-seed2@checkpoint-1100,0.8,-0.0059692201509872,576716800.0,Plaus
parc-rwkv-seed2,jmichaelov/parc-rwkv-seed2@checkpoint-1850,0.8,-0.005968546418938,969932800.0,Plaus
parc-rwkv-seed2,jmichaelov/parc-rwkv-seed2@checkpoint-20,0.5,0.0136907787702839,10485760.0,Plaus
parc-rwkv-seed2,jmichaelov/parc-rwkv-seed2@checkpoint-30,0.55,0.0111797570612758,15728640.0,Plaus
parc-rwkv-seed2,jmichaelov/parc-rwkv-seed2@checkpoint-300,0.7,-0.0114333457650962,157286400.0,Plaus
parc-rwkv-seed2,jmichaelov/parc-rwkv-seed2@checkpoint-4000,0.85,-0.0022039870824286,2097152000.0,Plaus
parc-rwkv-seed2,jmichaelov/parc-rwkv-seed2@checkpoint-50,0.6,0.0078993939446596,26214400.0,Plaus
parc-rwkv-seed2,jmichaelov/parc-rwkv-seed2@checkpoint-640,0.75,-0.0025624327301496,335544320.0,Plaus
parc-rwkv-seed2,jmichaelov/parc-rwkv-seed2@checkpoint-70,0.7,0.0096373268820387,36700160.0,Plaus
polypythia-160m-seed1,EleutherAI/pythia-160m-seed1@step0,0.5,0.0161476234779122,0.0,Plaus
polypythia-160m-seed1,EleutherAI/pythia-160m-seed1@step1,0.5,0.0161476234779122,2097152.0,Plaus
polypythia-160m-seed1,EleutherAI/pythia-160m-seed1@step14000,0.85,-0.0241991427289858,29360128000.0,Plaus
polypythia-160m-seed1,EleutherAI/pythia-160m-seed1@step143000,0.9,-0.0102836436633139,299892736000.0,Plaus
polypythia-160m-seed1,EleutherAI/pythia-160m-seed1@step16,0.7,0.0152429073728634,33554432.0,Plaus
polypythia-160m-seed1,EleutherAI/pythia-160m-seed1@step256,0.75,0.0109042850499851,536870912.0,Plaus
polypythia-160m-seed1,EleutherAI/pythia-160m-seed1@step28000,0.85,-0.0098277232706128,58720256000.0,Plaus
polypythia-160m-seed1,EleutherAI/pythia-160m-seed1@step4,0.6,0.0161661554373089,8388608.0,Plaus
polypythia-160m-seed1,EleutherAI/pythia-160m-seed1@step5000,0.9,-0.0077214947806603,10485760000.0,Plaus
polypythia-160m-seed1,EleutherAI/pythia-160m-seed1@step51000,0.85,0.0023708035706204,106954752000.0,Plaus
polypythia-160m-seed1,EleutherAI/pythia-160m-seed1@step86000,0.85,-0.0056682566869262,180355072000.0,Plaus
polypythia-160m-seed2,EleutherAI/pythia-160m-seed2@step0,0.6,0.0157481941469913,0.0,Plaus
polypythia-160m-seed2,EleutherAI/pythia-160m-seed2@step1,0.6,0.0157481941469913,2097152.0,Plaus
polypythia-160m-seed2,EleutherAI/pythia-160m-seed2@step14000,0.9,-0.0071978282499862,29360128000.0,Plaus
polypythia-160m-seed2,EleutherAI/pythia-160m-seed2@step143000,1.0,-0.0043922269405526,299892736000.0,Plaus
polypythia-160m-seed2,EleutherAI/pythia-160m-seed2@step16,0.5,0.0190535142030497,33554432.0,Plaus
polypythia-160m-seed2,EleutherAI/pythia-160m-seed2@step256,0.7,0.0063557843736661,536870912.0,Plaus
polypythia-160m-seed2,EleutherAI/pythia-160m-seed2@step28000,0.9,-0.0072987574947347,58720256000.0,Plaus
polypythia-160m-seed2,EleutherAI/pythia-160m-seed2@step4,0.6,0.0153353356195391,8388608.0,Plaus
polypythia-160m-seed2,EleutherAI/pythia-160m-seed2@step5000,0.85,-0.0092580359358611,10485760000.0,Plaus
polypythia-160m-seed2,EleutherAI/pythia-160m-seed2@step51000,1.0,-0.0063777780462366,106954752000.0,Plaus
polypythia-160m-seed2,EleutherAI/pythia-160m-seed2@step86000,0.95,-0.0003606489823508,180355072000.0,Plaus
polypythia-160m-seed3,EleutherAI/pythia-160m-seed3@step0,0.5,0.013060687822751,0.0,Plaus
polypythia-160m-seed3,EleutherAI/pythia-160m-seed3@step1,0.5,0.013060687822751,2097152.0,Plaus
polypythia-160m-seed3,EleutherAI/pythia-160m-seed3@step14000,0.9,-0.0117584113800787,29360128000.0,Plaus
polypythia-160m-seed3,EleutherAI/pythia-160m-seed3@step143000,0.9,-0.0116733941859444,299892736000.0,Plaus
polypythia-160m-seed3,EleutherAI/pythia-160m-seed3@step16,0.6,0.0060006092838801,33554432.0,Plaus
polypythia-160m-seed3,EleutherAI/pythia-160m-seed3@step256,0.65,5.549380850619992e-05,536870912.0,Plaus
polypythia-160m-seed3,EleutherAI/pythia-160m-seed3@step28000,0.85,-0.0111238719255355,58720256000.0,Plaus
polypythia-160m-seed3,EleutherAI/pythia-160m-seed3@step4,0.5,0.0125038158237451,8388608.0,Plaus
polypythia-160m-seed3,EleutherAI/pythia-160m-seed3@step5000,0.95,-0.0023238356464352,10485760000.0,Plaus
polypythia-160m-seed3,EleutherAI/pythia-160m-seed3@step51000,0.9,-0.00420292049751,106954752000.0,Plaus
polypythia-160m-seed3,EleutherAI/pythia-160m-seed3@step86000,0.9,-0.0172385760007341,180355072000.0,Plaus
polypythia-410m-seed1,EleutherAI/pythia-410m-seed1@step0,0.45,0.0269972053086053,0.0,Plaus
polypythia-410m-seed1,EleutherAI/pythia-410m-seed1@step1,0.45,0.0269972053086053,2097152.0,Plaus
polypythia-410m-seed1,EleutherAI/pythia-410m-seed1@step14000,0.95,-0.0189038223388927,29360128000.0,Plaus
polypythia-410m-seed1,EleutherAI/pythia-410m-seed1@step143000,0.95,-0.0150226503719665,299892736000.0,Plaus
polypythia-410m-seed1,EleutherAI/pythia-410m-seed1@step16,0.35,0.0284944536027941,33554432.0,Plaus
polypythia-410m-seed1,EleutherAI/pythia-410m-seed1@step256,0.65,0.0036796716229991,536870912.0,Plaus
polypythia-410m-seed1,EleutherAI/pythia-410m-seed1@step28000,0.9,-0.008539213611837,58720256000.0,Plaus
polypythia-410m-seed1,EleutherAI/pythia-410m-seed1@step4,0.5,0.0274761097744159,8388608.0,Plaus
polypythia-410m-seed1,EleutherAI/pythia-410m-seed1@step5000,0.95,-0.0137842522393786,10485760000.0,Plaus
polypythia-410m-seed1,EleutherAI/pythia-410m-seed1@step51000,0.9,-0.0099783233024891,106954752000.0,Plaus
polypythia-410m-seed1,EleutherAI/pythia-410m-seed1@step86000,0.9,-0.0093422459499493,180355072000.0,Plaus
polypythia-410m-seed2,EleutherAI/pythia-410m-seed2@step0,0.25,0.036733284790362,0.0,Plaus
polypythia-410m-seed2,EleutherAI/pythia-410m-seed2@step1,0.25,0.036733284790362,2097152.0,Plaus
polypythia-410m-seed2,EleutherAI/pythia-410m-seed2@step14000,0.9,-0.0056887701687419,29360128000.0,Plaus
polypythia-410m-seed2,EleutherAI/pythia-410m-seed2@step143000,0.95,0.0012671136168293,299892736000.0,Plaus
polypythia-410m-seed2,EleutherAI/pythia-410m-seed2@step16,0.45,0.0300025688919738,33554432.0,Plaus
polypythia-410m-seed2,EleutherAI/pythia-410m-seed2@step256,0.7,-0.0051375130843731,536870912.0,Plaus
polypythia-410m-seed2,EleutherAI/pythia-410m-seed2@step28000,0.95,-0.0037276285050424,58720256000.0,Plaus
polypythia-410m-seed2,EleutherAI/pythia-410m-seed2@step4,0.3,0.0356075102750945,8388608.0,Plaus
polypythia-410m-seed2,EleutherAI/pythia-410m-seed2@step5000,0.9,-0.010443694698733,10485760000.0,Plaus
polypythia-410m-seed2,EleutherAI/pythia-410m-seed2@step51000,0.85,-0.0071455000443687,106954752000.0,Plaus
polypythia-410m-seed2,EleutherAI/pythia-410m-seed2@step86000,1.0,-0.004119032922636,180355072000.0,Plaus
polypythia-410m-seed3,EleutherAI/pythia-410m-seed3@step0,0.45,0.0319403730257069,0.0,Plaus
polypythia-410m-seed3,EleutherAI/pythia-410m-seed3@step1,0.45,0.0319403730257069,2097152.0,Plaus
polypythia-410m-seed3,EleutherAI/pythia-410m-seed3@step14000,0.85,-0.0152213335204778,29360128000.0,Plaus
polypythia-410m-seed3,EleutherAI/pythia-410m-seed3@step143000,0.95,-0.0125047362542535,299892736000.0,Plaus
polypythia-410m-seed3,EleutherAI/pythia-410m-seed3@step16,0.45,0.0248836285227369,33554432.0,Plaus
polypythia-410m-seed3,EleutherAI/pythia-410m-seed3@step256,0.65,-0.0025102329231453,536870912.0,Plaus
polypythia-410m-seed3,EleutherAI/pythia-410m-seed3@step28000,0.95,-0.0187659489178776,58720256000.0,Plaus
polypythia-410m-seed3,EleutherAI/pythia-410m-seed3@step4,0.45,0.0317106044286632,8388608.0,Plaus
polypythia-410m-seed3,EleutherAI/pythia-410m-seed3@step5000,0.95,-0.0054067736324134,10485760000.0,Plaus
polypythia-410m-seed3,EleutherAI/pythia-410m-seed3@step51000,0.9,-0.0103476438799468,106954752000.0,Plaus
polypythia-410m-seed3,EleutherAI/pythia-410m-seed3@step86000,1.0,-0.0199620108537835,180355072000.0,Plaus
polypythia-70m-seed1,EleutherAI/pythia-70m-seed1@step0,0.6,0.0121153566395101,0.0,Plaus
polypythia-70m-seed1,EleutherAI/pythia-70m-seed1@step1,0.6,0.0121153566395101,2097152.0,Plaus
polypythia-70m-seed1,EleutherAI/pythia-70m-seed1@step14000,0.95,-0.0061428215681458,29360128000.0,Plaus
polypythia-70m-seed1,EleutherAI/pythia-70m-seed1@step143000,0.9,0.0018648437857838,299892736000.0,Plaus
polypythia-70m-seed1,EleutherAI/pythia-70m-seed1@step16,0.65,0.0098351487499646,33554432.0,Plaus
polypythia-70m-seed1,EleutherAI/pythia-70m-seed1@step256,0.75,-0.0106483368413114,536870912.0,Plaus
polypythia-70m-seed1,EleutherAI/pythia-70m-seed1@step28000,0.95,-0.0097681585768605,58720256000.0,Plaus
polypythia-70m-seed1,EleutherAI/pythia-70m-seed1@step4,0.6,0.0120725926878976,8388608.0,Plaus
polypythia-70m-seed1,EleutherAI/pythia-70m-seed1@step5000,0.8,-0.0063682945823703,10485760000.0,Plaus
polypythia-70m-seed1,EleutherAI/pythia-70m-seed1@step51000,0.85,-0.0004077049100799,106954752000.0,Plaus
polypythia-70m-seed1,EleutherAI/pythia-70m-seed1@step86000,0.85,0.0014485762030161,180355072000.0,Plaus
polypythia-70m-seed2,EleutherAI/pythia-70m-seed2@step0,0.35,0.0080167300796218,0.0,Plaus
polypythia-70m-seed2,EleutherAI/pythia-70m-seed2@step1,0.35,0.0080167300796218,2097152.0,Plaus
polypythia-70m-seed2,EleutherAI/pythia-70m-seed2@step14000,0.85,0.0028055244866677,29360128000.0,Plaus
polypythia-70m-seed2,EleutherAI/pythia-70m-seed2@step143000,0.85,-0.0047315007998322,299892736000.0,Plaus
polypythia-70m-seed2,EleutherAI/pythia-70m-seed2@step16,0.45,0.0058578920612477,33554432.0,Plaus
polypythia-70m-seed2,EleutherAI/pythia-70m-seed2@step256,0.65,0.0108576850094671,536870912.0,Plaus
polypythia-70m-seed2,EleutherAI/pythia-70m-seed2@step28000,0.85,0.0051441876482398,58720256000.0,Plaus
polypythia-70m-seed2,EleutherAI/pythia-70m-seed2@step4,0.35,0.0079897901750798,8388608.0,Plaus
polypythia-70m-seed2,EleutherAI/pythia-70m-seed2@step5000,0.9,-0.0152009159769519,10485760000.0,Plaus
polypythia-70m-seed2,EleutherAI/pythia-70m-seed2@step51000,0.95,-0.0057091256769828,106954752000.0,Plaus
polypythia-70m-seed2,EleutherAI/pythia-70m-seed2@step86000,0.85,-0.0057808940097165,180355072000.0,Plaus
polypythia-70m-seed3,EleutherAI/pythia-70m-seed3@step0,0.4,0.0228035608895609,0.0,Plaus
polypythia-70m-seed3,EleutherAI/pythia-70m-seed3@step1,0.4,0.0228035608895609,2097152.0,Plaus
polypythia-70m-seed3,EleutherAI/pythia-70m-seed3@step14000,0.9,-0.0061114886998138,29360128000.0,Plaus
polypythia-70m-seed3,EleutherAI/pythia-70m-seed3@step143000,0.9,-0.0027429756071686,299892736000.0,Plaus
polypythia-70m-seed3,EleutherAI/pythia-70m-seed3@step16,0.35,0.0202953805408759,33554432.0,Plaus
polypythia-70m-seed3,EleutherAI/pythia-70m-seed3@step256,0.75,0.0064410915466909,536870912.0,Plaus
polypythia-70m-seed3,EleutherAI/pythia-70m-seed3@step28000,0.9,0.0041731276911963,58720256000.0,Plaus
polypythia-70m-seed3,EleutherAI/pythia-70m-seed3@step4,0.4,0.0228168003735346,8388608.0,Plaus
polypythia-70m-seed3,EleutherAI/pythia-70m-seed3@step5000,0.95,0.0077844678083874,10485760000.0,Plaus
polypythia-70m-seed3,EleutherAI/pythia-70m-seed3@step51000,0.9,-0.0019226484086579,106954752000.0,Plaus
polypythia-70m-seed3,EleutherAI/pythia-70m-seed3@step86000,0.85,-0.0005389232434226,180355072000.0,Plaus
pythia-1.4b-full,EleutherAI/pythia-1.4b@step0,0.5,0.0058101335478484,0.0,Plaus
pythia-1.4b-full,EleutherAI/pythia-1.4b@step1,0.5,0.0058101335478484,2097152.0,Plaus
pythia-1.4b-full,EleutherAI/pythia-1.4b@step14000,0.9,-0.0147875012959558,29360128000.0,Plaus
pythia-1.4b-full,EleutherAI/pythia-1.4b@step143000,0.95,-0.0052152909050105,299892736000.0,Plaus
pythia-1.4b-full,EleutherAI/pythia-1.4b@step16,0.5,0.0129500038900992,33554432.0,Plaus
pythia-1.4b-full,EleutherAI/pythia-1.4b@step256,0.65,-0.0019084769527275,536870912.0,Plaus
pythia-1.4b-full,EleutherAI/pythia-1.4b@step28000,0.95,-0.0129458417552769,58720256000.0,Plaus
pythia-1.4b-full,EleutherAI/pythia-1.4b@step4,0.5,0.0061060577270102,8388608.0,Plaus
pythia-1.4b-full,EleutherAI/pythia-1.4b@step5000,0.95,-0.0097652429184634,10485760000.0,Plaus
pythia-1.4b-full,EleutherAI/pythia-1.4b@step51000,0.9,-0.0133184696790362,106954752000.0,Plaus
pythia-1.4b-full,EleutherAI/pythia-1.4b@step86000,0.9,-0.0042884058416442,180355072000.0,Plaus
pythia-160m-full,EleutherAI/pythia-160m@step0,0.5,-0.009384394598095,0.0,Plaus
pythia-160m-full,EleutherAI/pythia-160m@step1,0.5,-0.009384394598095,2097152.0,Plaus
pythia-160m-full,EleutherAI/pythia-160m@step14000,0.95,-0.0076191149201184,29360128000.0,Plaus
pythia-160m-full,EleutherAI/pythia-160m@step143000,0.95,-0.0108403230643999,299892736000.0,Plaus
pythia-160m-full,EleutherAI/pythia-160m@step16,0.35,-0.0050838669896187,33554432.0,Plaus
pythia-160m-full,EleutherAI/pythia-160m@step256,0.8,-0.0087426972815342,536870912.0,Plaus
pythia-160m-full,EleutherAI/pythia-160m@step28000,0.9,-0.0117120529886361,58720256000.0,Plaus
pythia-160m-full,EleutherAI/pythia-160m@step4,0.5,-0.008982943349686,8388608.0,Plaus
pythia-160m-full,EleutherAI/pythia-160m@step5000,0.85,-0.0043823633302303,10485760000.0,Plaus
pythia-160m-full,EleutherAI/pythia-160m@step51000,0.95,-0.0103397423158492,106954752000.0,Plaus
pythia-160m-full,EleutherAI/pythia-160m@step86000,0.9,-0.0148570313090442,180355072000.0,Plaus
pythia-1b-full,EleutherAI/pythia-1b@step0,0.5,0.0063300599279067,0.0,Plaus
pythia-1b-full,EleutherAI/pythia-1b@step1,0.5,0.0063300599279067,2097152.0,Plaus
pythia-1b-full,EleutherAI/pythia-1b@step14000,0.9,-0.0111658986671327,29360128000.0,Plaus
pythia-1b-full,EleutherAI/pythia-1b@step143000,0.95,-0.0044987054579507,299892736000.0,Plaus
pythia-1b-full,EleutherAI/pythia-1b@step16,0.6,0.0085664016575192,33554432.0,Plaus
pythia-1b-full,EleutherAI/pythia-1b@step256,0.65,0.0035827205712393,536870912.0,Plaus
pythia-1b-full,EleutherAI/pythia-1b@step28000,0.95,0.0063112805487103,58720256000.0,Plaus
pythia-1b-full,EleutherAI/pythia-1b@step4,0.5,0.0063246657434697,8388608.0,Plaus
pythia-1b-full,EleutherAI/pythia-1b@step5000,0.95,-0.007134249296219,10485760000.0,Plaus
pythia-1b-full,EleutherAI/pythia-1b@step51000,0.95,-0.0062639281500259,106954752000.0,Plaus
pythia-1b-full,EleutherAI/pythia-1b@step86000,0.9,-0.0058005144719636,180355072000.0,Plaus
pythia-2.8b-full,EleutherAI/pythia-2.8b@step143000,0.9,-0.002138909183053,299892736000.0,Plaus
pythia-2.8b-full,EleutherAI/pythia-2.8b@step28000,0.9,-0.002138909183053,58720256000.0,Plaus
pythia-2.8b-full,EleutherAI/pythia-2.8b@step51000,0.9,-0.002138909183053,106954752000.0,Plaus
pythia-2.8b-full,EleutherAI/pythia-2.8b@step86000,0.95,-0.0071482281542297,180355072000.0,Plaus
pythia-410m-full,EleutherAI/pythia-410m@step0,0.5,0.0131065080941628,0.0,Plaus
pythia-410m-full,EleutherAI/pythia-410m@step1,0.5,0.0131065080941628,2097152.0,Plaus
pythia-410m-full,EleutherAI/pythia-410m@step14000,0.9,-0.0226941739271708,29360128000.0,Plaus
pythia-410m-full,EleutherAI/pythia-410m@step143000,0.9,-0.0158944863332596,299892736000.0,Plaus
pythia-410m-full,EleutherAI/pythia-410m@step16,0.5,0.0166379979793916,33554432.0,Plaus
pythia-410m-full,EleutherAI/pythia-410m@step256,0.5,-0.0163523211637109,536870912.0,Plaus
pythia-410m-full,EleutherAI/pythia-410m@step28000,0.95,-0.0116784204867142,58720256000.0,Plaus
pythia-410m-full,EleutherAI/pythia-410m@step4,0.55,0.0136907326044904,8388608.0,Plaus
pythia-410m-full,EleutherAI/pythia-410m@step5000,0.95,-0.0116970887794699,10485760000.0,Plaus
pythia-410m-full,EleutherAI/pythia-410m@step51000,0.95,-0.0146861955114538,106954752000.0,Plaus
pythia-410m-full,EleutherAI/pythia-410m@step86000,0.85,-0.0202864791988123,180355072000.0,Plaus
pythia-6.9b-full,EleutherAI/pythia-6.9b@step0,0.55,0.0093977949410055,0.0,Plaus
pythia-70m-full,EleutherAI/pythia-70m@step0,0.5,0.014052529600285,0.0,Plaus
pythia-70m-full,EleutherAI/pythia-70m@step1,0.5,0.014052529600285,2097152.0,Plaus
pythia-70m-full,EleutherAI/pythia-70m@step14000,0.9,-0.0015721851151732,29360128000.0,Plaus
pythia-70m-full,EleutherAI/pythia-70m@step143000,0.9,-0.0102789412444392,299892736000.0,Plaus
pythia-70m-full,EleutherAI/pythia-70m@step16,0.5,0.0137178016289863,33554432.0,Plaus
pythia-70m-full,EleutherAI/pythia-70m@step256,0.7,-0.0004028719285706,536870912.0,Plaus
pythia-70m-full,EleutherAI/pythia-70m@step28000,0.95,-0.0026437119376895,58720256000.0,Plaus
pythia-70m-full,EleutherAI/pythia-70m@step4,0.5,0.0140873544780926,8388608.0,Plaus
pythia-70m-full,EleutherAI/pythia-70m@step5000,0.95,-0.0036737169569753,10485760000.0,Plaus
pythia-70m-full,EleutherAI/pythia-70m@step51000,0.95,-0.0155913119604932,106954752000.0,Plaus
pythia-70m-full,EleutherAI/pythia-70m@step86000,0.9,-0.0083266987587819,180355072000.0,Plaus
