family,model_ref,step,tokens,task,session,rsa_intact,rsa_circuit_ablated,rsa_random_ablated
pico-decoder-small,pico-lm/pico-decoder-small@a8294defc7001e32644ce53dbcb87ef35587ff22,0,,Gram,ses-5,-0.0138672417453004,-0.0103163182250201,-0.0185550210139749
pico-decoder-small,pico-lm/pico-decoder-small@a8294defc7001e32644ce53dbcb87ef35587ff22,0,,Gram,ses-7,-0.0288119422569146,-0.0301599870344811,-0.0329141416164173
pico-decoder-small,pico-lm/pico-decoder-small@a8294defc7001e32644ce53dbcb87ef35587ff22,0,,Gram,ses-9,-0.0296876006016434,-0.0329567165768126,-0.0260996376881474
pico-decoder-small,pico-lm/pico-decoder-small@5e3d06988f3cc3adbf36b55cd8b1ddb3ae9f9bde,1000,,Gram,ses-5,-0.0263409672097659,-0.0235098556927084,-0.0227896303613654
pico-decoder-small,pico-lm/pico-decoder-small@5e3d06988f3cc3adbf36b55cd8b1ddb3ae9f9bde,1000,,Gram,ses-7,-0.0413418651975672,-0.0417770369514419,-0.0309782295588781
pico-decoder-small,pico-lm/pico-decoder-small@5e3d06988f3cc3adbf36b55cd8b1ddb3ae9f9bde,1000,,Gram,ses-9,-0.0360041739864471,-0.0377114874612721,-0.0255785910662556
pico-decoder-small,pico-lm/pico-decoder-small@9f1ca389bbb1cc08b42a32bfe58fb818b24b3490,2000,,Gram,ses-5,-0.0015309770950705,-0.0023154955072991,-0.0106028801255236
pico-decoder-small,pico-lm/pico-decoder-small@9f1ca389bbb1cc08b42a32bfe58fb818b24b3490,2000,,Gram,ses-7,-0.010865945079805,-0.0151050188036973,-0.0105701471352349
pico-decoder-small,pico-lm/pico-decoder-small@9f1ca389bbb1cc08b42a32bfe58fb818b24b3490,2000,,Gram,ses-9,-0.0078332484613089,-0.0098065504835584,-0.0078078147157805
pico-decoder-small,pico-lm/pico-decoder-small@f2269f20ce160cf71bea0a02ccf685e126dd2dc1,3000,,Gram,ses-5,0.0006577035021134,0.0035848153441204,-0.0057089215376145
pico-decoder-small,pico-lm/pico-decoder-small@f2269f20ce160cf71bea0a02ccf685e126dd2dc1,3000,,Gram,ses-7,-0.0027816906744211,-0.0008292757883786,-0.0168313605201996
pico-decoder-small,pico-lm/pico-decoder-small@f2269f20ce160cf71bea0a02ccf685e126dd2dc1,3000,,Gram,ses-9,-0.0182399589493764,-0.0125807742015475,-0.0270503421369499
pico-decoder-small,pico-lm/pico-decoder-small@10da1c98e1cd32fc61ab4ced31075c08cf699861,4000,,Gram,ses-5,0.0097412316564479,0.0116988380302402,0.002529277034314
pico-decoder-small,pico-lm/pico-decoder-small@10da1c98e1cd32fc61ab4ced31075c08cf699861,4000,,Gram,ses-7,0.0038090685715192,0.0014920463470014,-0.0023024810815688
pico-decoder-small,pico-lm/pico-decoder-small@10da1c98e1cd32fc61ab4ced31075c08cf699861,4000,,Gram,ses-9,-0.0371822630018622,-0.0386752344680854,-0.0380355540196292
pico-decoder-small,pico-lm/pico-decoder-small@be2865b50166a683e659f4a1f99e058c77288911,5000,,Gram,ses-5,0.0147561395740029,0.016235570757254,0.0133925701056834
pico-decoder-small,pico-lm/pico-decoder-small@be2865b50166a683e659f4a1f99e058c77288911,5000,,Gram,ses-7,0.0102861279600778,0.020299321945498,-0.0030292785464241
pico-decoder-small,pico-lm/pico-decoder-small@be2865b50166a683e659f4a1f99e058c77288911,5000,,Gram,ses-9,-0.0399742533369523,-0.0269041538237171,-0.0475792700172036
pico-decoder-small,pico-lm/pico-decoder-small@496ea4785860af671e895085f1bcdc3bff2f9d97,6000,,Gram,ses-5,0.0155145209336924,0.0153277074435,0.0068322629712954
pico-decoder-small,pico-lm/pico-decoder-small@496ea4785860af671e895085f1bcdc3bff2f9d97,6000,,Gram,ses-7,0.0097719585987399,0.0049125053347865,0.0061862397756134
pico-decoder-small,pico-lm/pico-decoder-small@496ea4785860af671e895085f1bcdc3bff2f9d97,6000,,Gram,ses-9,-0.0547270072992068,-0.0539534929366687,-0.0423997211744766
pico-decoder-small,pico-lm/pico-decoder-small@c5bddf28e9cfbede4fe480513c4a3487279f7d47,7000,,Gram,ses-5,0.0034574540185585,-0.0068935653743694,0.0079861127810895
pico-decoder-small,pico-lm/pico-decoder-small@c5bddf28e9cfbede4fe480513c4a3487279f7d47,7000,,Gram,ses-7,-0.0007511762498675,-0.017772069353364,0.0047839797656192
pico-decoder-small,pico-lm/pico-decoder-small@c5bddf28e9cfbede4fe480513c4a3487279f7d47,7000,,Gram,ses-9,-0.0593745314386105,-0.0629708907558035,-0.0582195671577071
pico-decoder-small,pico-lm/pico-decoder-small@9fe9969ca88ccf3b71599f85000ce082bf854421,8000,,Gram,ses-5,0.0052768551546947,0.0037011942602076,-0.0013161157212915
pico-decoder-small,pico-lm/pico-decoder-small@9fe9969ca88ccf3b71599f85000ce082bf854421,8000,,Gram,ses-7,0.0064479522164128,0.0034575881878959,-0.0030532840377154
pico-decoder-small,pico-lm/pico-decoder-small@9fe9969ca88ccf3b71599f85000ce082bf854421,8000,,Gram,ses-9,-0.0701664074700813,-0.0655703654038607,-0.0567119863818555
pico-decoder-small,pico-lm/pico-decoder-small@8335f55c1bf51378b17a73d527c39899546e2d5b,9000,,Gram,ses-5,0.0053931821342642,0.0037469243640539,-4.220924074973156e-06
pico-decoder-small,pico-lm/pico-decoder-small@8335f55c1bf51378b17a73d527c39899546e2d5b,9000,,Gram,ses-7,0.0072392656563755,0.0068144249414825,0.0039818873342095
pico-decoder-small,pico-lm/pico-decoder-small@8335f55c1bf51378b17a73d527c39899546e2d5b,9000,,Gram,ses-9,-0.0567812913367005,-0.0537908212711266,-0.0679973545485496
pico-decoder-small,pico-lm/pico-decoder-small@8ce4e4fa15c0cec038fcb9f29d30cc50bac60a3d,10000,,Gram,ses-5,0.0216199247655178,0.0187554591839806,0.0106743512659615
pico-decoder-small,pico-lm/pico-decoder-small@8ce4e4fa15c0cec038fcb9f29d30cc50bac60a3d,10000,,Gram,ses-7,0.0290535292971002,0.0268837600844284,0.0196445106582147
pico-decoder-small,pico-lm/pico-decoder-small@8ce4e4fa15c0cec038fcb9f29d30cc50bac60a3d,10000,,Gram,ses-9,-0.0434544328280427,-0.039572502732226,-0.0408705997279035
pico-decoder-small,pico-lm/pico-decoder-small@3261da23d1d8811f9a32b69d6d6b9a17ca82fcd0,11000,,Gram,ses-5,-0.0111943548294558,-0.0097492363722405,-0.0170161376660933
pico-decoder-small,pico-lm/pico-decoder-small@3261da23d1d8811f9a32b69d6d6b9a17ca82fcd0,11000,,Gram,ses-7,-0.0111681744964853,-0.0115225330287985,-0.0066666958448908
pico-decoder-small,pico-lm/pico-decoder-small@3261da23d1d8811f9a32b69d6d6b9a17ca82fcd0,11000,,Gram,ses-9,-0.0607873800061535,-0.0605212659454779,-0.0585082692755447
pico-decoder-small,pico-lm/pico-decoder-small@a6a20b8103a7cdacefa2bb78dee23c516ad6e78e,12000,,Gram,ses-5,0.0099742253669735,0.0109703093481279,0.0092464930447995
pico-decoder-small,pico-lm/pico-decoder-small@a6a20b8103a7cdacefa2bb78dee23c516ad6e78e,12000,,Gram,ses-7,0.0131364841209696,0.0137119212610363,0.0102020751982239
pico-decoder-small,pico-lm/pico-decoder-small@a6a20b8103a7cdacefa2bb78dee23c516ad6e78e,12000,,Gram,ses-9,-0.036921569815223,-0.0391720462123993,-0.0293269014861261
pico-decoder-small,pico-lm/pico-decoder-small@c2395fd6ba7da947893c62b8169b47a83345153b,13000,,Gram,ses-5,0.0099625374864665,0.0173346859694433,0.0115050022900487
pico-decoder-small,pico-lm/pico-decoder-small@c2395fd6ba7da947893c62b8169b47a83345153b,13000,,Gram,ses-7,0.0198067863078092,0.0333247300852411,0.0175666041612479
pico-decoder-small,pico-lm/pico-decoder-small@c2395fd6ba7da947893c62b8169b47a83345153b,13000,,Gram,ses-9,-0.0327156662139768,-0.0169245043366748,-0.0152367709290276
pico-decoder-small,pico-lm/pico-decoder-small@6dc7fa92550aabc62d659674176bda49750efe64,14000,,Gram,ses-5,0.0217476453186605,0.0274677451097021,0.018519128552192
pico-decoder-small,pico-lm/pico-decoder-small@6dc7fa92550aabc62d659674176bda49750efe64,14000,,Gram,ses-7,0.0197594786322373,0.0189701366159261,0.0160738512612034
pico-decoder-small,pico-lm/pico-decoder-small@6dc7fa92550aabc62d659674176bda49750efe64,14000,,Gram,ses-9,-0.0307452423404172,-0.0222958157869279,-0.0261341949486207
pico-decoder-small,pico-lm/pico-decoder-small@d1c60a45e64f88520c2cd94890471321a15410bf,15000,,Gram,ses-5,0.0291538836334513,0.0355848298863454,0.0290198138410181
pico-decoder-small,pico-lm/pico-decoder-small@d1c60a45e64f88520c2cd94890471321a15410bf,15000,,Gram,ses-7,0.0231268931232647,0.0257999856211586,0.021034541782309
pico-decoder-small,pico-lm/pico-decoder-small@d1c60a45e64f88520c2cd94890471321a15410bf,15000,,Gram,ses-9,-0.0252257430209993,-0.0001186760249851,-0.010752645566414
pico-decoder-small,pico-lm/pico-decoder-small@cbb63c23390c0d43e0d6dfaa0c69aed19778fa74,16000,,Gram,ses-5,0.0311500788399043,0.0322294992917725,0.0292684555915263
pico-decoder-small,pico-lm/pico-decoder-small@cbb63c23390c0d43e0d6dfaa0c69aed19778fa74,16000,,Gram,ses-7,0.0275144728274929,0.0304952091240386,0.0166808441638239
pico-decoder-small,pico-lm/pico-decoder-small@cbb63c23390c0d43e0d6dfaa0c69aed19778fa74,16000,,Gram,ses-9,-0.028451582892784,-0.0296996823340764,-0.0190175113761667
pico-decoder-small,pico-lm/pico-decoder-small@a4f386c7a4155bfab638b897e60bc656a82e6a4f,17000,,Gram,ses-5,0.0163361414957623,0.020818241334185,0.0326124380569789
pico-decoder-small,pico-lm/pico-decoder-small@a4f386c7a4155bfab638b897e60bc656a82e6a4f,17000,,Gram,ses-7,0.010863108047525,0.0147338847761628,0.0164566277247919
pico-decoder-small,pico-lm/pico-decoder-small@a4f386c7a4155bfab638b897e60bc656a82e6a4f,17000,,Gram,ses-9,-0.0546937051712449,-0.0523124309822514,-0.0550350752460867
pico-decoder-small,pico-lm/pico-decoder-small@9b68d0ee8ceef680cc668de7d4560f7d8d311e42,18000,,Gram,ses-5,0.0130764736387737,0.0197673167183688,0.0200228335654093
pico-decoder-small,pico-lm/pico-decoder-small@9b68d0ee8ceef680cc668de7d4560f7d8d311e42,18000,,Gram,ses-7,0.012912901740258,0.0143158823694354,0.0230575903324413
pico-decoder-small,pico-lm/pico-decoder-small@9b68d0ee8ceef680cc668de7d4560f7d8d311e42,18000,,Gram,ses-9,-0.0600357222614863,-0.0453665990768792,-0.0563801488220356
pico-decoder-small,pico-lm/pico-decoder-small@a161849d9bc2ecbb0bc6095f0fe9fa54a03b14ce,19000,,Gram,ses-5,0.013983618497366,0.0184649587642173,0.0261708837703418
pico-decoder-small,pico-lm/pico-decoder-small@a161849d9bc2ecbb0bc6095f0fe9fa54a03b14ce,19000,,Gram,ses-7,0.0203603646659834,0.0185254518232236,0.0349130028974463
pico-decoder-small,pico-lm/pico-decoder-small@a161849d9bc2ecbb0bc6095f0fe9fa54a03b14ce,19000,,Gram,ses-9,-0.0455352218017426,-0.0434666270895974,-0.0237596530307357
pico-decoder-small,pico-lm/pico-decoder-small@082423f29dc36ca1b544cb85c655531783bb8985,20000,,Gram,ses-5,0.0217226249012523,0.0228451375146713,0.0180115443084958
pico-decoder-small,pico-lm/pico-decoder-small@082423f29dc36ca1b544cb85c655531783bb8985,20000,,Gram,ses-7,0.0263010388477524,0.0278644622002534,0.017087225774713
pico-decoder-small,pico-lm/pico-decoder-small@082423f29dc36ca1b544cb85c655531783bb8985,20000,,Gram,ses-9,-0.0491297698328803,-0.0388901456143606,-0.0473981197714635
pico-decoder-small,pico-lm/pico-decoder-small@62236c27ddef441fc85ceabb80793b680397d2f4,21000,,Gram,ses-5,0.0143384293101876,0.0104586848761579,0.0094663900967751
pico-decoder-small,pico-lm/pico-decoder-small@62236c27ddef441fc85ceabb80793b680397d2f4,21000,,Gram,ses-7,0.0237447385940658,0.0318326350477543,0.0163082299455346
pico-decoder-small,pico-lm/pico-decoder-small@62236c27ddef441fc85ceabb80793b680397d2f4,21000,,Gram,ses-9,-0.0344376279508185,-0.0211176142423911,-0.0247011279275363
pico-decoder-small,pico-lm/pico-decoder-small@457283267b592ffd80ca1a4ede807a4a5606a7f4,22000,,Gram,ses-5,0.0239576783166894,0.0189422467059141,0.0242229505729736
pico-decoder-small,pico-lm/pico-decoder-small@457283267b592ffd80ca1a4ede807a4a5606a7f4,22000,,Gram,ses-7,0.0249685295810468,0.0244424213126997,0.0147158628045164
pico-decoder-small,pico-lm/pico-decoder-small@457283267b592ffd80ca1a4ede807a4a5606a7f4,22000,,Gram,ses-9,-0.0355695324178573,-0.0296383604548083,-0.0589791214170883
pico-decoder-small,pico-lm/pico-decoder-small@542883f65bdcba033a9c80f753fdd6f6829cb7e7,23000,,Gram,ses-5,0.0068362729032671,0.0178758991083587,0.0117615037669042
pico-decoder-small,pico-lm/pico-decoder-small@542883f65bdcba033a9c80f753fdd6f6829cb7e7,23000,,Gram,ses-7,0.0002440442866798,0.010780115656241,0.0006435875894033
pico-decoder-small,pico-lm/pico-decoder-small@542883f65bdcba033a9c80f753fdd6f6829cb7e7,23000,,Gram,ses-9,-0.0686930636795104,-0.061955096866177,-0.0643330233137996
pico-decoder-small,pico-lm/pico-decoder-small@bbc3997ae0773f6e0f145401283a22dced84175c,24000,,Gram,ses-5,0.0233836759229245,0.0164770604164688,0.017603338427422
pico-decoder-small,pico-lm/pico-decoder-small@bbc3997ae0773f6e0f145401283a22dced84175c,24000,,Gram,ses-7,0.0208510349170777,0.0171719926636855,0.0273421236574836
pico-decoder-small,pico-lm/pico-decoder-small@bbc3997ae0773f6e0f145401283a22dced84175c,24000,,Gram,ses-9,-0.0469466572631994,-0.0518180992066583,-0.0121933450915806
pico-decoder-small,pico-lm/pico-decoder-small@8316a2db89b6a337de59490bec6e6ed79275e85f,25000,,Gram,ses-5,0.0157765320094686,0.0095543489175653,0.0133910379784108
pico-decoder-small,pico-lm/pico-decoder-small@8316a2db89b6a337de59490bec6e6ed79275e85f,25000,,Gram,ses-7,0.0200720628921366,0.0146296546771774,0.025035899900607
pico-decoder-small,pico-lm/pico-decoder-small@8316a2db89b6a337de59490bec6e6ed79275e85f,25000,,Gram,ses-9,-0.0452946085712642,-0.0415902018210339,-0.0154119982477268
pico-decoder-small,pico-lm/pico-decoder-small@b2ff4ecd5fdb6684736075b48a28007f425925d5,26000,,Gram,ses-5,0.0111611565745293,0.0040899499153978,0.0028613850968303
pico-decoder-small,pico-lm/pico-decoder-small@b2ff4ecd5fdb6684736075b48a28007f425925d5,26000,,Gram,ses-7,0.0227807275766208,0.0147922376178351,0.0229454096182027
pico-decoder-small,pico-lm/pico-decoder-small@b2ff4ecd5fdb6684736075b48a28007f425925d5,26000,,Gram,ses-9,-0.0421021032877649,-0.0396345993312167,-0.0436677382703119
pico-decoder-small,pico-lm/pico-decoder-small@d0bf4c35052d4efe8b11ad72cf76ba92d8837271,27000,,Gram,ses-5,0.0050034526693668,0.0027189838213473,-0.0097507122349521
pico-decoder-small,pico-lm/pico-decoder-small@d0bf4c35052d4efe8b11ad72cf76ba92d8837271,27000,,Gram,ses-7,0.0150315762396079,0.0197132724436452,0.0045863699718072
pico-decoder-small,pico-lm/pico-decoder-small@d0bf4c35052d4efe8b11ad72cf76ba92d8837271,27000,,Gram,ses-9,-0.0266323115979421,-0.0254042163720556,-0.0298269679188833
pico-decoder-small,pico-lm/pico-decoder-small@c5fe4eaa6e28635b04a285d9d63224a7013711d4,28000,,Gram,ses-5,0.0044278337514881,0.0064853984456839,0.0066617294153845
pico-decoder-small,pico-lm/pico-decoder-small@c5fe4eaa6e28635b04a285d9d63224a7013711d4,28000,,Gram,ses-7,0.0101089660060938,0.0140836590505893,0.0210014171041159
pico-decoder-small,pico-lm/pico-decoder-small@c5fe4eaa6e28635b04a285d9d63224a7013711d4,28000,,Gram,ses-9,-0.0321468055354654,-0.0257228772045273,-0.0230579430679575
pico-decoder-small,pico-lm/pico-decoder-small@574194afaad5aebab0de6f7ec3ebd45241ba9f36,29000,,Gram,ses-5,-0.0013205736057286,0.0053158118710227,-0.0056668854185905
pico-decoder-small,pico-lm/pico-decoder-small@574194afaad5aebab0de6f7ec3ebd45241ba9f36,29000,,Gram,ses-7,-0.0021025666047834,0.0053765537925097,-0.0050982043538696
pico-decoder-small,pico-lm/pico-decoder-small@574194afaad5aebab0de6f7ec3ebd45241ba9f36,29000,,Gram,ses-9,-0.0528711380715498,-0.0486323781307853,-0.0494698761191244
pico-decoder-small,pico-lm/pico-decoder-small@4e76d0f5009af59c7519cc564d83ccb252becc09,30000,,Gram,ses-5,0.0125526332650333,0.0071056827687959,0.0246091072382566
pico-decoder-small,pico-lm/pico-decoder-small@4e76d0f5009af59c7519cc564d83ccb252becc09,30000,,Gram,ses-7,0.020628331129124,0.0146938373929629,0.0211670556432323
pico-decoder-small,pico-lm/pico-decoder-small@4e76d0f5009af59c7519cc564d83ccb252becc09,30000,,Gram,ses-9,-0.0409819364737293,-0.0333066020765377,-0.0401732264643543
pico-decoder-small,pico-lm/pico-decoder-small@63e4f365e97340e8419c8d14c3479eab48b41672,31000,,Gram,ses-5,0.0086024088124455,0.0148026530536581,0.014991210745237
pico-decoder-small,pico-lm/pico-decoder-small@63e4f365e97340e8419c8d14c3479eab48b41672,31000,,Gram,ses-7,0.0104157225559014,0.0185324416128991,0.0167197121552675
pico-decoder-small,pico-lm/pico-decoder-small@63e4f365e97340e8419c8d14c3479eab48b41672,31000,,Gram,ses-9,-0.0393737092186145,-0.023685792810483,-0.0381347311282454
pico-decoder-small,pico-lm/pico-decoder-small@8c1e326d52a990b3ef622fa0187927b4c3c8b198,32000,,Gram,ses-5,0.0016518290437457,0.0078126664521436,0.0025492228211374
pico-decoder-small,pico-lm/pico-decoder-small@8c1e326d52a990b3ef622fa0187927b4c3c8b198,32000,,Gram,ses-7,0.0022791594210941,0.0122014645005164,0.0050673562263696
pico-decoder-small,pico-lm/pico-decoder-small@8c1e326d52a990b3ef622fa0187927b4c3c8b198,32000,,Gram,ses-9,-0.0379449983729533,-0.0271385757884797,-0.0277903163291533
pico-decoder-small,pico-lm/pico-decoder-small@5087b4b665fc374f51db109f5832fccfa45038ed,33000,,Gram,ses-5,0.0229839378582595,0.0147962259095911,0.0153626369156836
pico-decoder-small,pico-lm/pico-decoder-small@5087b4b665fc374f51db109f5832fccfa45038ed,33000,,Gram,ses-7,0.0218781466395225,0.0133263640297286,0.0164758117760221
pico-decoder-small,pico-lm/pico-decoder-small@5087b4b665fc374f51db109f5832fccfa45038ed,33000,,Gram,ses-9,-0.0180388477686619,-0.0143457610152714,-0.0295558398202269
pico-decoder-small,pico-lm/pico-decoder-small@1b37af2dca833f47e09a88bc07d1b193eb75b975,34000,,Gram,ses-5,0.0098394587595944,0.0172334075958812,0.0057637080717371
pico-decoder-small,pico-lm/pico-decoder-small@1b37af2dca833f47e09a88bc07d1b193eb75b975,34000,,Gram,ses-7,0.0065753373462119,0.0125328000073317,-9.156516273893956e-05
pico-decoder-small,pico-lm/pico-decoder-small@1b37af2dca833f47e09a88bc07d1b193eb75b975,34000,,Gram,ses-9,-0.0415425825263557,-0.030325729446633,-0.0546876221066078
pico-decoder-small,pico-lm/pico-decoder-small@f84a2138adf461f090569b0490e077e154d5692a,35000,,Gram,ses-5,0.0365258330264435,0.0324513656033781,0.0321995816935482
pico-decoder-small,pico-lm/pico-decoder-small@f84a2138adf461f090569b0490e077e154d5692a,35000,,Gram,ses-7,0.0196191959338727,0.02209750917817,0.0169017496498518
pico-decoder-small,pico-lm/pico-decoder-small@f84a2138adf461f090569b0490e077e154d5692a,35000,,Gram,ses-9,-0.0304688946217306,-0.0198641826519468,-0.0482139537398515
pico-decoder-small,pico-lm/pico-decoder-small@a5edb37d58f3dac4abc7615fe9f16119c9719363,36000,,Gram,ses-5,0.0222715094966382,0.0194605904648632,0.0076843204967667
pico-decoder-small,pico-lm/pico-decoder-small@a5edb37d58f3dac4abc7615fe9f16119c9719363,36000,,Gram,ses-7,0.0121339448634678,0.0099916241004074,0.0159701924639128
pico-decoder-small,pico-lm/pico-decoder-small@a5edb37d58f3dac4abc7615fe9f16119c9719363,36000,,Gram,ses-9,-0.0391614273585485,-0.0396506823395351,-0.0448699453061401
pico-decoder-small,pico-lm/pico-decoder-small@ad19a8ed94822569698ab34f7cbdb71a73e75edb,37000,,Gram,ses-5,0.0220681304213169,0.0208641532158434,0.0033687074939163
pico-decoder-small,pico-lm/pico-decoder-small@ad19a8ed94822569698ab34f7cbdb71a73e75edb,37000,,Gram,ses-7,0.023999201562601,0.020003876736444,0.0209099439122938
pico-decoder-small,pico-lm/pico-decoder-small@ad19a8ed94822569698ab34f7cbdb71a73e75edb,37000,,Gram,ses-9,-0.01568944312535,-0.010002723367047,-0.0118946430300617
pico-decoder-small,pico-lm/pico-decoder-small@6ffc4bc90cff1f5d9492cc62aa823b2f31820dec,38000,,Gram,ses-5,0.0228597468242996,0.0230551925965402,0.019450004071336
pico-decoder-small,pico-lm/pico-decoder-small@6ffc4bc90cff1f5d9492cc62aa823b2f31820dec,38000,,Gram,ses-7,0.0236459877976991,0.0251056722841114,0.0026526154437747
pico-decoder-small,pico-lm/pico-decoder-small@6ffc4bc90cff1f5d9492cc62aa823b2f31820dec,38000,,Gram,ses-9,-0.0104240237426492,-0.0043690805658252,-0.0121159748283391
pico-decoder-small,pico-lm/pico-decoder-small@2be3f69fedc1c81a1c9dee69aecdfbb30a7ed07b,39000,,Gram,ses-5,0.0197656590778451,0.0151115043763468,0.0128837999781661
pico-decoder-small,pico-lm/pico-decoder-small@2be3f69fedc1c81a1c9dee69aecdfbb30a7ed07b,39000,,Gram,ses-7,0.020548989442231,0.0195835393504411,0.0276595077172282
pico-decoder-small,pico-lm/pico-decoder-small@2be3f69fedc1c81a1c9dee69aecdfbb30a7ed07b,39000,,Gram,ses-9,-0.0191532561212961,-0.0223965120386873,-6.397929775779612e-06
pico-decoder-small,pico-lm/pico-decoder-small@89ce452106683eb2c3d635f0b06d00b4836a270d,40000,,Gram,ses-5,0.0132419174159487,0.0059995323224781,0.0143957672257429
pico-decoder-small,pico-lm/pico-decoder-small@89ce452106683eb2c3d635f0b06d00b4836a270d,40000,,Gram,ses-7,0.0169369323125593,0.0129217158001182,0.0148281560478768
pico-decoder-small,pico-lm/pico-decoder-small@89ce452106683eb2c3d635f0b06d00b4836a270d,40000,,Gram,ses-9,-0.0340894606842211,-0.034575497765131,-0.0361309315499905
pico-decoder-small,pico-lm/pico-decoder-small@fb21f9a6029769e4fde8c343509be2fc23d627f8,41000,,Gram,ses-5,0.0155706188648872,0.0058392627208802,0.0127668692365782
pico-decoder-small,pico-lm/pico-decoder-small@fb21f9a6029769e4fde8c343509be2fc23d627f8,41000,,Gram,ses-7,0.0235914782583376,0.0118646042466294,0.013314961800069
pico-decoder-small,pico-lm/pico-decoder-small@fb21f9a6029769e4fde8c343509be2fc23d627f8,41000,,Gram,ses-9,-0.0107427105433798,-0.003362150508555,-0.0143465876715117
pico-decoder-small,pico-lm/pico-decoder-small@3b04367b1f9f520d1eb5dc4b1d62222a11574175,42000,,Gram,ses-5,0.0199266406425399,0.0141547341750796,0.0166952911718345
pico-decoder-small,pico-lm/pico-decoder-small@3b04367b1f9f520d1eb5dc4b1d62222a11574175,42000,,Gram,ses-7,0.0277287542434907,0.0245907303670725,0.019070562364989
pico-decoder-small,pico-lm/pico-decoder-small@3b04367b1f9f520d1eb5dc4b1d62222a11574175,42000,,Gram,ses-9,-0.0157599642603181,-0.0314892004963335,-0.0098717502894825
pico-decoder-small,pico-lm/pico-decoder-small@a8fcdde6a31d48184ff170362f4802ba6f7c825b,43000,,Gram,ses-5,0.0291834333480084,0.0254661290292127,0.0328740206564839
pico-decoder-small,pico-lm/pico-decoder-small@a8fcdde6a31d48184ff170362f4802ba6f7c825b,43000,,Gram,ses-7,0.035388615886447,0.0288822231854883,0.0358006088052706
pico-decoder-small,pico-lm/pico-decoder-small@a8fcdde6a31d48184ff170362f4802ba6f7c825b,43000,,Gram,ses-9,-0.0243511147505385,-0.0180324033124223,-0.0336638950221017
pico-decoder-small,pico-lm/pico-decoder-small@42a2d16068cea73c52aa94a34fd039b076c656d2,44000,,Gram,ses-5,0.0411255928817237,0.0442999853046705,0.0425757167208336
pico-decoder-small,pico-lm/pico-decoder-small@42a2d16068cea73c52aa94a34fd039b076c656d2,44000,,Gram,ses-7,0.0450654321947905,0.0430930022732343,0.0534573801713224
pico-decoder-small,pico-lm/pico-decoder-small@42a2d16068cea73c52aa94a34fd039b076c656d2,44000,,Gram,ses-9,-0.0115184019116187,-0.0183954741955819,0.0055822613550418
pico-decoder-small,pico-lm/pico-decoder-small@9b211dca4e657296153efe83773900826fe138d5,45000,,Gram,ses-5,0.0277731253417903,0.0216941030969415,0.0216663646684396
pico-decoder-small,pico-lm/pico-decoder-small@9b211dca4e657296153efe83773900826fe138d5,45000,,Gram,ses-7,0.0227049327210833,0.0154428788355503,0.0233172404606831
pico-decoder-small,pico-lm/pico-decoder-small@9b211dca4e657296153efe83773900826fe138d5,45000,,Gram,ses-9,-0.0177994810146086,-0.0213076175003796,-0.009621115475107
pico-decoder-small,pico-lm/pico-decoder-small@8866040c1a6ead0d48bd6a4f6ff9046c778670fa,46000,,Gram,ses-5,0.0291980058692701,0.0237367230581654,0.025362072051953
pico-decoder-small,pico-lm/pico-decoder-small@8866040c1a6ead0d48bd6a4f6ff9046c778670fa,46000,,Gram,ses-7,0.0329246284649522,0.027488889764476,0.0431466635161398
pico-decoder-small,pico-lm/pico-decoder-small@8866040c1a6ead0d48bd6a4f6ff9046c778670fa,46000,,Gram,ses-9,0.0003711762259551,-0.0026554113596449,-0.0125819406091745
pico-decoder-small,pico-lm/pico-decoder-small@2c39df607c549d2902ed46ce83a2e6630df09d90,47000,,Gram,ses-5,0.0353789492020876,0.0257687739380346,0.0451868316409233
pico-decoder-small,pico-lm/pico-decoder-small@2c39df607c549d2902ed46ce83a2e6630df09d90,47000,,Gram,ses-7,0.0345063897362491,0.0259756024637407,0.0554178776779341
pico-decoder-small,pico-lm/pico-decoder-small@2c39df607c549d2902ed46ce83a2e6630df09d90,47000,,Gram,ses-9,-0.0063616337239736,-0.021456761867079,0.0092657636568926
pico-decoder-small,pico-lm/pico-decoder-small@e2f848f2a712b27ddfebe48ddc4dd6258de6df59,48000,,Gram,ses-5,0.0311806153482981,0.0217908024008585,0.0388601804076617
pico-decoder-small,pico-lm/pico-decoder-small@e2f848f2a712b27ddfebe48ddc4dd6258de6df59,48000,,Gram,ses-7,0.0284838809147369,0.0249062209079421,0.0372313386830579
pico-decoder-small,pico-lm/pico-decoder-small@e2f848f2a712b27ddfebe48ddc4dd6258de6df59,48000,,Gram,ses-9,-0.0045994298419905,-0.0208025629979004,0.0021838970275005
pico-decoder-small,pico-lm/pico-decoder-small@fa46e0b2c4bcc53653b39cd684396f35c777aead,49000,,Gram,ses-5,0.0255918002539273,0.0220932720239332,0.0145061301618616
pico-decoder-small,pico-lm/pico-decoder-small@fa46e0b2c4bcc53653b39cd684396f35c777aead,49000,,Gram,ses-7,0.0252024732970423,0.0225801703854286,0.0179521289322321
pico-decoder-small,pico-lm/pico-decoder-small@fa46e0b2c4bcc53653b39cd684396f35c777aead,49000,,Gram,ses-9,-0.005350232798137,-0.0123049912924911,-0.010908708310077
pico-decoder-small,pico-lm/pico-decoder-small@1c1daa1853e150e7a21ae4af47574da037fbb206,50000,,Gram,ses-5,0.0349615548854218,0.0347707184791282,0.0386842584380381
pico-decoder-small,pico-lm/pico-decoder-small@1c1daa1853e150e7a21ae4af47574da037fbb206,50000,,Gram,ses-7,0.0239459060393411,0.0251171286143102,0.0296895071046478
pico-decoder-small,pico-lm/pico-decoder-small@1c1daa1853e150e7a21ae4af47574da037fbb206,50000,,Gram,ses-9,-0.0169679146093967,-0.0196883299310135,-0.0346916386388453
pico-decoder-small,pico-lm/pico-decoder-small@7aa7c5e89a41da940802066eaa61d34d72089434,51000,,Gram,ses-5,0.0389219783716755,0.0350603944066729,0.0393082886824901
pico-decoder-small,pico-lm/pico-decoder-small@7aa7c5e89a41da940802066eaa61d34d72089434,51000,,Gram,ses-7,0.0228652715713714,0.0144611964179535,0.0287691097779524
pico-decoder-small,pico-lm/pico-decoder-small@7aa7c5e89a41da940802066eaa61d34d72089434,51000,,Gram,ses-9,-0.0155853125713569,-0.0244833992251753,-0.0061813036424091
pico-decoder-small,pico-lm/pico-decoder-small@9213448a01fde86281f3df23d6846b5c31f86998,52000,,Gram,ses-5,0.032024324078547,0.0344565869438054,0.0282908913069798
pico-decoder-small,pico-lm/pico-decoder-small@9213448a01fde86281f3df23d6846b5c31f86998,52000,,Gram,ses-7,0.0162392517579469,0.0205480589129553,0.0248182512670441
pico-decoder-small,pico-lm/pico-decoder-small@9213448a01fde86281f3df23d6846b5c31f86998,52000,,Gram,ses-9,-0.0206304864946091,-0.0163826809436763,-0.0144335142540124
pico-decoder-small,pico-lm/pico-decoder-small@41f9cd78186e1fbaf4b6b2164f52331d4ef4c15e,53000,,Gram,ses-5,0.03405019667683,0.0345405358326238,0.0242737336671892
pico-decoder-small,pico-lm/pico-decoder-small@41f9cd78186e1fbaf4b6b2164f52331d4ef4c15e,53000,,Gram,ses-7,0.0203433835887128,0.0172901049610513,0.0171269810150008
pico-decoder-small,pico-lm/pico-decoder-small@41f9cd78186e1fbaf4b6b2164f52331d4ef4c15e,53000,,Gram,ses-9,-0.0223323899155058,-0.0146321281538335,-0.0350804743628337
pico-decoder-small,pico-lm/pico-decoder-small@f4454c4dd5fa26693e9755fbac1a1f6aa12f6c37,54000,,Gram,ses-5,0.0276944328613687,0.0291767378652666,0.0352976187793705
pico-decoder-small,pico-lm/pico-decoder-small@f4454c4dd5fa26693e9755fbac1a1f6aa12f6c37,54000,,Gram,ses-7,0.0226833228016715,0.0245340416579887,0.019107231710516
pico-decoder-small,pico-lm/pico-decoder-small@f4454c4dd5fa26693e9755fbac1a1f6aa12f6c37,54000,,Gram,ses-9,-0.0210749440650466,-0.0136686083692852,-0.0169156448323616
pico-decoder-small,pico-lm/pico-decoder-small@497f4bdf16cbdcb120415cd944d84b34d1fef37a,55000,,Gram,ses-5,0.0227720671622921,0.0226417454552206,0.0272463354066481
pico-decoder-small,pico-lm/pico-decoder-small@497f4bdf16cbdcb120415cd944d84b34d1fef37a,55000,,Gram,ses-7,0.0083650502704104,0.0113192491704263,0.0196303190047496
pico-decoder-small,pico-lm/pico-decoder-small@497f4bdf16cbdcb120415cd944d84b34d1fef37a,55000,,Gram,ses-9,-0.0190571389391818,-0.0079326246599098,-0.0139654363881233
pico-decoder-small,pico-lm/pico-decoder-small@79119d3d39e86e4f4fdd14e0de769ebbba87b4c1,56000,,Gram,ses-5,0.0247239172387045,0.0307882890575151,0.0237046847188011
pico-decoder-small,pico-lm/pico-decoder-small@79119d3d39e86e4f4fdd14e0de769ebbba87b4c1,56000,,Gram,ses-7,0.0119996803090932,0.0144504304106359,0.0112547050630384
pico-decoder-small,pico-lm/pico-decoder-small@79119d3d39e86e4f4fdd14e0de769ebbba87b4c1,56000,,Gram,ses-9,-0.0117060334019651,-0.004876807634945,0.0034200986781934
pico-decoder-small,pico-lm/pico-decoder-small@1e0aa9e9184e67611fe6a3fe7e0d301e199367b4,57000,,Gram,ses-5,0.0252943360127473,0.0352413996629677,0.030913469049333
pico-decoder-small,pico-lm/pico-decoder-small@1e0aa9e9184e67611fe6a3fe7e0d301e199367b4,57000,,Gram,ses-7,0.014028911468855,0.0229140983900864,0.0222700141577324
pico-decoder-small,pico-lm/pico-decoder-small@1e0aa9e9184e67611fe6a3fe7e0d301e199367b4,57000,,Gram,ses-9,-0.016358372489365,-0.004934545894491,-0.0039662241460758
pico-decoder-small,pico-lm/pico-decoder-small@12cffd4abfebe78cd4df44f368d49ae2aec28999,58000,,Gram,ses-5,0.030755694564607,0.0375778093567434,0.0216649147739868
pico-decoder-small,pico-lm/pico-decoder-small@12cffd4abfebe78cd4df44f368d49ae2aec28999,58000,,Gram,ses-7,0.0211605960388418,0.0260427282488633,0.0111269910019604
pico-decoder-small,pico-lm/pico-decoder-small@12cffd4abfebe78cd4df44f368d49ae2aec28999,58000,,Gram,ses-9,-0.0171916895880282,0.0004730626895787,-0.0391968761959093
pico-decoder-small,pico-lm/pico-decoder-small@88752c656e1478698735820b50bc1648b43897bc,59000,,Gram,ses-5,0.0290608631662056,0.0304097346000123,0.0460757489458198
pico-decoder-small,pico-lm/pico-decoder-small@88752c656e1478698735820b50bc1648b43897bc,59000,,Gram,ses-7,0.0183624209301006,0.0228943690054201,0.0238430436019888
pico-decoder-small,pico-lm/pico-decoder-small@88752c656e1478698735820b50bc1648b43897bc,59000,,Gram,ses-9,-0.009844857993415,0.0033602916140252,0.0033866364126352
pico-decoder-small,pico-lm/pico-decoder-small@ef0c2a9858930c1b946d7fd3ec94d87a30fb6316,60000,,Gram,ses-5,0.0236387945899958,0.0208752957629144,0.0293434952035354
pico-decoder-small,pico-lm/pico-decoder-small@ef0c2a9858930c1b946d7fd3ec94d87a30fb6316,60000,,Gram,ses-7,0.0097870634693082,0.010504860768448,0.0204188776452519
pico-decoder-small,pico-lm/pico-decoder-small@ef0c2a9858930c1b946d7fd3ec94d87a30fb6316,60000,,Gram,ses-9,-0.0182559359206378,-0.0088302088711997,-0.0227051383031325
pico-decoder-small,pico-lm/pico-decoder-small@2adfdbab6dd63824aeb0c5b7f40693509b21f72e,61000,,Gram,ses-5,0.0194862016601605,0.014898499733076,0.0248164508010967
pico-decoder-small,pico-lm/pico-decoder-small@2adfdbab6dd63824aeb0c5b7f40693509b21f72e,61000,,Gram,ses-7,0.0015514985116319,0.0046948631932883,0.0226850237226266
pico-decoder-small,pico-lm/pico-decoder-small@2adfdbab6dd63824aeb0c5b7f40693509b21f72e,61000,,Gram,ses-9,-0.0246633960474178,-0.0063912245549406,-0.0231934411146277
pico-decoder-small,pico-lm/pico-decoder-small@8f2f5e9d39b7ef2738d2ddfa5002e690090afb1b,62000,,Gram,ses-5,0.040579519350359,0.036281579911682,0.0454428245727094
pico-decoder-small,pico-lm/pico-decoder-small@8f2f5e9d39b7ef2738d2ddfa5002e690090afb1b,62000,,Gram,ses-7,0.0181360686017776,0.0208045603898108,0.0288462549829504
pico-decoder-small,pico-lm/pico-decoder-small@8f2f5e9d39b7ef2738d2ddfa5002e690090afb1b,62000,,Gram,ses-9,-0.0133921914019084,0.0014770756457706,0.0074906946666676
pico-decoder-small,pico-lm/pico-decoder-small@27a605b8a3168bf13fde7e4903edf05011890db5,63000,,Gram,ses-5,0.0235558736114237,0.0237488242667925,0.0137765865536323
pico-decoder-small,pico-lm/pico-decoder-small@27a605b8a3168bf13fde7e4903edf05011890db5,63000,,Gram,ses-7,0.0123908142239904,0.0160470498540418,0.0074727700759919
pico-decoder-small,pico-lm/pico-decoder-small@27a605b8a3168bf13fde7e4903edf05011890db5,63000,,Gram,ses-9,-0.0257517365962032,-0.010156736782282,-0.0271655524813885
pico-decoder-small,pico-lm/pico-decoder-small@64faca95211d12573bc85e90ab9b9346d61f571c,64000,,Gram,ses-5,0.026723988207792,0.0237596357185631,0.0245616069647649
pico-decoder-small,pico-lm/pico-decoder-small@64faca95211d12573bc85e90ab9b9346d61f571c,64000,,Gram,ses-7,0.0117680239638987,0.0145563397903607,0.0112692472879981
pico-decoder-small,pico-lm/pico-decoder-small@64faca95211d12573bc85e90ab9b9346d61f571c,64000,,Gram,ses-9,-0.0205300650735893,-0.0087277554339244,-0.0215654476864799
pico-decoder-small,pico-lm/pico-decoder-small@04de7a38c9b974bc56e59c77ce6289b59ac333a3,65000,,Gram,ses-5,0.0317718346976849,0.0302817824965614,0.0158282088445931
pico-decoder-small,pico-lm/pico-decoder-small@04de7a38c9b974bc56e59c77ce6289b59ac333a3,65000,,Gram,ses-7,0.0178880133011153,0.0202372707909603,0.0094653145780541
pico-decoder-small,pico-lm/pico-decoder-small@04de7a38c9b974bc56e59c77ce6289b59ac333a3,65000,,Gram,ses-9,-0.0223711929863022,-0.0104413402432634,-0.0399246388143853
pico-decoder-small,pico-lm/pico-decoder-small@0a060522b26b84154fe744cff68debc60a62771b,66000,,Gram,ses-5,0.0318425917110042,0.0278546743306861,0.0237827063525356
pico-decoder-small,pico-lm/pico-decoder-small@0a060522b26b84154fe744cff68debc60a62771b,66000,,Gram,ses-7,0.0169445431764258,0.0173922532712851,0.0209303008632157
pico-decoder-small,pico-lm/pico-decoder-small@0a060522b26b84154fe744cff68debc60a62771b,66000,,Gram,ses-9,-0.0181043288973902,-0.0123489663748431,0.0022808625060708
pico-decoder-small,pico-lm/pico-decoder-small@96a66aee1fd9e46f20ddd7b0e811fbcd6761cd3b,67000,,Gram,ses-5,0.0318043794180968,0.0272871640016353,0.0381268064812511
pico-decoder-small,pico-lm/pico-decoder-small@96a66aee1fd9e46f20ddd7b0e811fbcd6761cd3b,67000,,Gram,ses-7,0.0229924792514017,0.0248867100894546,0.0140346006815661
pico-decoder-small,pico-lm/pico-decoder-small@96a66aee1fd9e46f20ddd7b0e811fbcd6761cd3b,67000,,Gram,ses-9,-0.0120359644587805,-0.0060217892843397,-0.0164949806791014
pico-decoder-small,pico-lm/pico-decoder-small@e7396619711d862dc1bed1a5f5797fb2b5cc9768,68000,,Gram,ses-5,0.0305834968761077,0.0279028043344551,0.0368614511319485
pico-decoder-small,pico-lm/pico-decoder-small@e7396619711d862dc1bed1a5f5797fb2b5cc9768,68000,,Gram,ses-7,0.0086295001984975,0.0066890826480467,0.0260248036581875
pico-decoder-small,pico-lm/pico-decoder-small@e7396619711d862dc1bed1a5f5797fb2b5cc9768,68000,,Gram,ses-9,-0.0204559083823813,-0.0187330312644149,-0.0011101506401925
pico-decoder-small,pico-lm/pico-decoder-small@ba3a7a617ab159a7fcbc81cd6ffb20319f00199a,69000,,Gram,ses-5,0.0317821938689471,0.0235933436449321,0.023426274687557
pico-decoder-small,pico-lm/pico-decoder-small@ba3a7a617ab159a7fcbc81cd6ffb20319f00199a,69000,,Gram,ses-7,0.0170803788104612,0.0165920348825561,0.0003592070226438
pico-decoder-small,pico-lm/pico-decoder-small@ba3a7a617ab159a7fcbc81cd6ffb20319f00199a,69000,,Gram,ses-9,-0.0125030793350703,-0.0124865483742866,-0.0300296912956684
pico-decoder-small,pico-lm/pico-decoder-small@63bfd31a42bdd16864908136aa5cce931810bb58,70000,,Gram,ses-5,0.0324449427873542,0.0265947311993335,0.0290705320145865
pico-decoder-small,pico-lm/pico-decoder-small@63bfd31a42bdd16864908136aa5cce931810bb58,70000,,Gram,ses-7,0.0214955389696166,0.0207730457436668,0.0294661259779423
pico-decoder-small,pico-lm/pico-decoder-small@63bfd31a42bdd16864908136aa5cce931810bb58,70000,,Gram,ses-9,-0.0131034611517904,-0.0050380294060343,0.0086121620576677
pico-decoder-small,pico-lm/pico-decoder-small@5e0a9fbd93f2dbafe06c6cb20fa5521f766270e0,71000,,Gram,ses-5,0.0393420430909605,0.0321941435073393,0.0271176345517335
pico-decoder-small,pico-lm/pico-decoder-small@5e0a9fbd93f2dbafe06c6cb20fa5521f766270e0,71000,,Gram,ses-7,0.0256026787903666,0.0257403235464357,0.0246537661514252
pico-decoder-small,pico-lm/pico-decoder-small@5e0a9fbd93f2dbafe06c6cb20fa5521f766270e0,71000,,Gram,ses-9,-0.0182623544086185,-0.0154730734285358,-0.029642021979307
pico-decoder-small,pico-lm/pico-decoder-small@4b4e4304ce873cafd39ac997ad47e16ec2d5d76d,72000,,Gram,ses-5,0.0256737907032237,0.0293534194064617,0.0198354942179751
pico-decoder-small,pico-lm/pico-decoder-small@4b4e4304ce873cafd39ac997ad47e16ec2d5d76d,72000,,Gram,ses-7,0.0112456031883092,0.0220703939878806,0.0166179836652185
pico-decoder-small,pico-lm/pico-decoder-small@4b4e4304ce873cafd39ac997ad47e16ec2d5d76d,72000,,Gram,ses-9,-0.0292290768909919,-0.0217925401101804,-0.0276732579102927
pico-decoder-small,pico-lm/pico-decoder-small@f2bf3399e04924384ec7ea3acb5440318247824d,73000,,Gram,ses-5,0.0327670747104264,0.0353967699197279,0.0303724441802943
pico-decoder-small,pico-lm/pico-decoder-small@f2bf3399e04924384ec7ea3acb5440318247824d,73000,,Gram,ses-7,0.0202203957507467,0.0295990704791583,0.0304424459500853
pico-decoder-small,pico-lm/pico-decoder-small@f2bf3399e04924384ec7ea3acb5440318247824d,73000,,Gram,ses-9,-0.0113337481149546,-0.0064716093002311,0.0017696448701562
pico-decoder-small,pico-lm/pico-decoder-small@81c21ab4b67c2a986c2c4a8771db3b328075f9ca,74000,,Gram,ses-5,0.0400618183058166,0.038552313714788,0.0400902686974155
pico-decoder-small,pico-lm/pico-decoder-small@81c21ab4b67c2a986c2c4a8771db3b328075f9ca,74000,,Gram,ses-7,0.0246725650068157,0.0260636803057173,0.0215869797011151
pico-decoder-small,pico-lm/pico-decoder-small@81c21ab4b67c2a986c2c4a8771db3b328075f9ca,74000,,Gram,ses-9,-0.0185965031434766,-0.0164544247508322,-0.0319153850686222
pico-decoder-small,pico-lm/pico-decoder-small@67737816c3793c77c33cd993cb625dfe02f5dba2,75000,,Gram,ses-5,0.0327691543351565,0.0252759375013474,0.0320143414470382
pico-decoder-small,pico-lm/pico-decoder-small@67737816c3793c77c33cd993cb625dfe02f5dba2,75000,,Gram,ses-7,0.0163023286587095,0.0133680928576895,0.0144739966055482
pico-decoder-small,pico-lm/pico-decoder-small@67737816c3793c77c33cd993cb625dfe02f5dba2,75000,,Gram,ses-9,-0.0144304175391438,-0.0118783522756723,-0.0160895339255311
pico-decoder-small,pico-lm/pico-decoder-small@cd3c66fe9f41cb98971992c1c48e0000704daae7,76000,,Gram,ses-5,0.0377161963722115,0.0218747642738064,0.0308188796664481
pico-decoder-small,pico-lm/pico-decoder-small@cd3c66fe9f41cb98971992c1c48e0000704daae7,76000,,Gram,ses-7,0.0136394287024167,0.0040856023960609,0.0142847161307644
pico-decoder-small,pico-lm/pico-decoder-small@cd3c66fe9f41cb98971992c1c48e0000704daae7,76000,,Gram,ses-9,-0.0110728233780072,-0.0101359578471536,-0.0099329985920172
pico-decoder-small,pico-lm/pico-decoder-small@8bc1f96e0ab394e6d9396f9105337a8ee9281b02,77000,,Gram,ses-5,0.0308698142421736,0.0329444162782009,0.0296594921254528
pico-decoder-small,pico-lm/pico-decoder-small@8bc1f96e0ab394e6d9396f9105337a8ee9281b02,77000,,Gram,ses-7,0.0188814138955211,0.0220551982284064,0.0195275993928209
pico-decoder-small,pico-lm/pico-decoder-small@8bc1f96e0ab394e6d9396f9105337a8ee9281b02,77000,,Gram,ses-9,-0.0210171668531124,-0.0136969592158918,-0.0230012630149599
pico-decoder-small,pico-lm/pico-decoder-small@54681b82e00ed8da204a8f5e199732edcd50c540,78000,,Gram,ses-5,0.040116146067366,0.0410335786845087,0.0447408094828896
pico-decoder-small,pico-lm/pico-decoder-small@54681b82e00ed8da204a8f5e199732edcd50c540,78000,,Gram,ses-7,0.0189325151009077,0.0222875600446331,0.0160371905717626
pico-decoder-small,pico-lm/pico-decoder-small@54681b82e00ed8da204a8f5e199732edcd50c540,78000,,Gram,ses-9,-0.008249632179901,-0.0016996690686242,-0.0147600780932628
pico-decoder-small,pico-lm/pico-decoder-small@9f79f048c9629723d93a9c6d020fad45ecd81ebb,79000,,Gram,ses-5,0.034468110358673,0.034510252514754,0.0414237301336124
pico-decoder-small,pico-lm/pico-decoder-small@9f79f048c9629723d93a9c6d020fad45ecd81ebb,79000,,Gram,ses-7,0.0187684692816678,0.0183697201748609,0.0154934347075009
pico-decoder-small,pico-lm/pico-decoder-small@9f79f048c9629723d93a9c6d020fad45ecd81ebb,79000,,Gram,ses-9,-0.0077959017770301,-0.0125820120218864,-0.0209030623236968
pico-decoder-small,pico-lm/pico-decoder-small@a8eea15ae0deddaf3beced3d114c9bc8ed9a25e5,80000,,Gram,ses-5,0.043312373467968,0.0317897333201017,0.0428917828914413
pico-decoder-small,pico-lm/pico-decoder-small@a8eea15ae0deddaf3beced3d114c9bc8ed9a25e5,80000,,Gram,ses-7,0.0281861504989035,0.0120509935885937,0.0378088013473155
pico-decoder-small,pico-lm/pico-decoder-small@a8eea15ae0deddaf3beced3d114c9bc8ed9a25e5,80000,,Gram,ses-9,-0.0110276948721577,-0.0147168560904177,-0.0114471493373595
pico-decoder-small,pico-lm/pico-decoder-small@8d7bca4dea2e340144c93745d61646c84d35ffdb,81000,,Gram,ses-5,0.0442104986846508,0.0449106873402644,0.0478496515284178
pico-decoder-small,pico-lm/pico-decoder-small@8d7bca4dea2e340144c93745d61646c84d35ffdb,81000,,Gram,ses-7,0.0180658374457001,0.0132956890239543,0.030273388256886
pico-decoder-small,pico-lm/pico-decoder-small@8d7bca4dea2e340144c93745d61646c84d35ffdb,81000,,Gram,ses-9,-0.0108661484978327,-0.0076782785485394,-0.0232840032533683
pico-decoder-small,pico-lm/pico-decoder-small@063ab25b24aefd512a554e49853ed6fc32ee9c1b,82000,,Gram,ses-5,0.0390150421193527,0.0319379082051372,0.0455617180818625
pico-decoder-small,pico-lm/pico-decoder-small@063ab25b24aefd512a554e49853ed6fc32ee9c1b,82000,,Gram,ses-7,0.0115867698451233,0.0050794531069536,0.0280537664792744
pico-decoder-small,pico-lm/pico-decoder-small@063ab25b24aefd512a554e49853ed6fc32ee9c1b,82000,,Gram,ses-9,-0.0156107095285186,-0.0152056566268743,-0.0079658337349441
pico-decoder-small,pico-lm/pico-decoder-small@d63e823855aefabdb4d0fb89c6cb30f1917edff8,83000,,Gram,ses-5,0.0417280867834973,0.0341565951254299,0.0312137140582323
pico-decoder-small,pico-lm/pico-decoder-small@d63e823855aefabdb4d0fb89c6cb30f1917edff8,83000,,Gram,ses-7,0.0137405707426198,0.0091722389726208,0.0061580101142148
pico-decoder-small,pico-lm/pico-decoder-small@d63e823855aefabdb4d0fb89c6cb30f1917edff8,83000,,Gram,ses-9,-0.0131360231843749,-0.0115285814690905,-0.0137198632202033
pico-decoder-small,pico-lm/pico-decoder-small@aac007e3728b91b2460f8be94a5ef79547dc60b8,84000,,Gram,ses-5,0.0314994038580425,0.0280584797182569,0.0313834902065932
pico-decoder-small,pico-lm/pico-decoder-small@aac007e3728b91b2460f8be94a5ef79547dc60b8,84000,,Gram,ses-7,0.0163156828358264,0.0152397616068392,0.0174611643742041
pico-decoder-small,pico-lm/pico-decoder-small@aac007e3728b91b2460f8be94a5ef79547dc60b8,84000,,Gram,ses-9,-0.0173000551322365,-0.0131693469525526,-0.0197641074743784
pico-decoder-small,pico-lm/pico-decoder-small@804cfb5f121020ed666ca55376b9e9f358701d23,85000,,Gram,ses-5,0.0349233014761045,0.0326584711238452,0.033172681601593
pico-decoder-small,pico-lm/pico-decoder-small@804cfb5f121020ed666ca55376b9e9f358701d23,85000,,Gram,ses-7,0.0174248607483226,0.0201814693307207,0.0112753541568725
pico-decoder-small,pico-lm/pico-decoder-small@804cfb5f121020ed666ca55376b9e9f358701d23,85000,,Gram,ses-9,-0.0148678506955606,-0.0064498284231151,-0.0088248226215086
pico-decoder-small,pico-lm/pico-decoder-small@938244e11e03da85918d38722414505f45c1ceda,86000,,Gram,ses-5,0.0289821685217624,0.0205634602544788,0.0379260913164842
pico-decoder-small,pico-lm/pico-decoder-small@938244e11e03da85918d38722414505f45c1ceda,86000,,Gram,ses-7,0.0170904739710917,0.0141367901082097,0.0186867709752835
pico-decoder-small,pico-lm/pico-decoder-small@938244e11e03da85918d38722414505f45c1ceda,86000,,Gram,ses-9,-0.0159050857109163,-0.010492354887787,-0.0223687368218187
pico-decoder-small,pico-lm/pico-decoder-small@9bd6535d2bbcd3e8e0be555350c1a9abcfa9ef20,87000,,Gram,ses-5,0.0279462925119535,0.0232027226031474,0.0183370196448958
pico-decoder-small,pico-lm/pico-decoder-small@9bd6535d2bbcd3e8e0be555350c1a9abcfa9ef20,87000,,Gram,ses-7,0.019323183751167,0.018136975326816,0.0128617507623753
pico-decoder-small,pico-lm/pico-decoder-small@9bd6535d2bbcd3e8e0be555350c1a9abcfa9ef20,87000,,Gram,ses-9,-0.0193673535954604,-0.0179338321298461,-0.0218963309127868
pico-decoder-small,pico-lm/pico-decoder-small@5e4f19facb03a2fb589181b485fc44570680d8b4,88000,,Gram,ses-5,0.0380985508515936,0.0268782677976802,0.0370990477163564
pico-decoder-small,pico-lm/pico-decoder-small@5e4f19facb03a2fb589181b485fc44570680d8b4,88000,,Gram,ses-7,0.0275660998901212,0.0162459472406888,0.0203888648300785
pico-decoder-small,pico-lm/pico-decoder-small@5e4f19facb03a2fb589181b485fc44570680d8b4,88000,,Gram,ses-9,-0.0111346992467976,-0.0232515624059918,-0.0110331027620646
pico-decoder-small,pico-lm/pico-decoder-small@48b3ab14f90bae2930c79eefee13f8548f7a3ac0,89000,,Gram,ses-5,0.0291339897831456,0.0225100539224944,0.0156277966428462
pico-decoder-small,pico-lm/pico-decoder-small@48b3ab14f90bae2930c79eefee13f8548f7a3ac0,89000,,Gram,ses-7,0.0115136886726362,0.0108353782751093,0.0182189030194868
pico-decoder-small,pico-lm/pico-decoder-small@48b3ab14f90bae2930c79eefee13f8548f7a3ac0,89000,,Gram,ses-9,-0.0083095344610183,-0.0053569369369652,-0.0183818884681568
pico-decoder-small,pico-lm/pico-decoder-small@a7e691278d2179f7a23f55c82de28f96b4acd2e4,90000,,Gram,ses-5,0.0391345372265026,0.0294215103452052,0.0312546941347295
pico-decoder-small,pico-lm/pico-decoder-small@a7e691278d2179f7a23f55c82de28f96b4acd2e4,90000,,Gram,ses-7,0.0207080147314253,0.0043473083447955,0.0161495076193603
pico-decoder-small,pico-lm/pico-decoder-small@a7e691278d2179f7a23f55c82de28f96b4acd2e4,90000,,Gram,ses-9,-0.0116195742481238,-0.0242404596715076,-0.0212356897513902
pico-decoder-small,pico-lm/pico-decoder-small@c025f14d64c01b36a07900656ded25b50f8caafd,91000,,Gram,ses-5,0.0370387147949464,0.0307348766770903,0.0348330509564702
pico-decoder-small,pico-lm/pico-decoder-small@c025f14d64c01b36a07900656ded25b50f8caafd,91000,,Gram,ses-7,0.0126009320624849,0.004964591169988,0.0139223139302704
pico-decoder-small,pico-lm/pico-decoder-small@c025f14d64c01b36a07900656ded25b50f8caafd,91000,,Gram,ses-9,-0.0128079012495931,-0.0082499676032445,-0.0142015397976469
pico-decoder-small,pico-lm/pico-decoder-small@b3b967e1f18d21573f4a6146c441a2825a5a8f83,92000,,Gram,ses-5,0.0453116372570093,0.0422660517260341,0.0429916503229388
pico-decoder-small,pico-lm/pico-decoder-small@b3b967e1f18d21573f4a6146c441a2825a5a8f83,92000,,Gram,ses-7,0.0106599864907707,0.007454583638706,0.0149472096946262
pico-decoder-small,pico-lm/pico-decoder-small@b3b967e1f18d21573f4a6146c441a2825a5a8f83,92000,,Gram,ses-9,-0.0188615330293449,-0.0158306541889687,-0.0364096055918663
pico-decoder-small,pico-lm/pico-decoder-small@41ae4009882dd5c1963328961a9ed1964aab8606,93000,,Gram,ses-5,0.0329969565579323,0.0290462711687498,0.0248004413695116
pico-decoder-small,pico-lm/pico-decoder-small@41ae4009882dd5c1963328961a9ed1964aab8606,93000,,Gram,ses-7,0.0112367566681254,0.0146329504820306,0.0125750222322108
pico-decoder-small,pico-lm/pico-decoder-small@41ae4009882dd5c1963328961a9ed1964aab8606,93000,,Gram,ses-9,-0.0115950645398063,0.0035017731803403,-0.0158695113603044
pico-decoder-small,pico-lm/pico-decoder-small@bfda4783bf178eae55bcebd43810ed9180cbdc63,94000,,Gram,ses-5,0.0358565422708261,0.0274872927165563,0.0465384600382119
pico-decoder-small,pico-lm/pico-decoder-small@bfda4783bf178eae55bcebd43810ed9180cbdc63,94000,,Gram,ses-7,0.0195568807687033,0.0174431683708165,0.0275459701614643
pico-decoder-small,pico-lm/pico-decoder-small@bfda4783bf178eae55bcebd43810ed9180cbdc63,94000,,Gram,ses-9,-0.0044937130601855,0.0008531427822893,0.0052224213560883
pico-decoder-small,pico-lm/pico-decoder-small@94177e145ce01fae74b87897c8260f2f6fe1deb0,95000,,Gram,ses-5,0.0364012156802341,0.0336479180508402,0.0330872806543001
pico-decoder-small,pico-lm/pico-decoder-small@94177e145ce01fae74b87897c8260f2f6fe1deb0,95000,,Gram,ses-7,0.0196799248712303,0.0205411188957759,0.0161603818277565
pico-decoder-small,pico-lm/pico-decoder-small@94177e145ce01fae74b87897c8260f2f6fe1deb0,95000,,Gram,ses-9,-0.0027353394963838,0.0022538425327305,-0.0129426700209938
pico-decoder-small,pico-lm/pico-decoder-small@938d2d29f7aba65159e5bdc0ccfbefdc61757005,96000,,Gram,ses-5,0.0416484334774981,0.0353621888550173,0.0392711973527567
pico-decoder-small,pico-lm/pico-decoder-small@938d2d29f7aba65159e5bdc0ccfbefdc61757005,96000,,Gram,ses-7,0.022586807439588,0.023647896464725,0.023753643542832
pico-decoder-small,pico-lm/pico-decoder-small@938d2d29f7aba65159e5bdc0ccfbefdc61757005,96000,,Gram,ses-9,-0.0018921176709884,0.0009535165948345,-0.0019884209589579
pico-decoder-small,pico-lm/pico-decoder-small@57a25f8bc299440e75e421522b5461ef9addc60f,97000,,Gram,ses-5,0.0413509216278434,0.0305681431430587,0.0454218552036828
pico-decoder-small,pico-lm/pico-decoder-small@57a25f8bc299440e75e421522b5461ef9addc60f,97000,,Gram,ses-7,0.0186137265911632,0.0119351470218131,0.0321153038734509
pico-decoder-small,pico-lm/pico-decoder-small@57a25f8bc299440e75e421522b5461ef9addc60f,97000,,Gram,ses-9,-0.0127810890223237,-0.0184806197883293,-0.0174092083802968
pico-decoder-small,pico-lm/pico-decoder-small@2b2b81f5b793cfe7595f1880023e3199b0ca4d01,98000,,Gram,ses-5,0.0382997399370846,0.0329271646982338,0.0476015789155829
pico-decoder-small,pico-lm/pico-decoder-small@2b2b81f5b793cfe7595f1880023e3199b0ca4d01,98000,,Gram,ses-7,0.0186436744856895,0.0156546196902234,0.021457095126401
pico-decoder-small,pico-lm/pico-decoder-small@2b2b81f5b793cfe7595f1880023e3199b0ca4d01,98000,,Gram,ses-9,-0.0040740962933659,-0.0044830314497092,0.0026878262387626
pico-decoder-small,pico-lm/pico-decoder-small@a014170484f226c32a449440e37684a5138bffea,99000,,Gram,ses-5,0.0465666204509203,0.0342657288972961,0.0539724670778066
pico-decoder-small,pico-lm/pico-decoder-small@a014170484f226c32a449440e37684a5138bffea,99000,,Gram,ses-7,0.027797976965516,0.0199487396308269,0.0309012271793037
pico-decoder-small,pico-lm/pico-decoder-small@a014170484f226c32a449440e37684a5138bffea,99000,,Gram,ses-9,-0.015611495068349,-0.0132052004619471,-0.0251316015905796
pico-decoder-small,pico-lm/pico-decoder-small@912032713d1ca4f482ce957408afca3e5a267267,100000,,Gram,ses-5,0.0367006556731088,0.0358559731331528,0.0449383954724643
pico-decoder-small,pico-lm/pico-decoder-small@912032713d1ca4f482ce957408afca3e5a267267,100000,,Gram,ses-7,0.0174694720530166,0.0223892777145742,0.0198779869455506
pico-decoder-small,pico-lm/pico-decoder-small@912032713d1ca4f482ce957408afca3e5a267267,100000,,Gram,ses-9,-0.0121437413891214,-0.00120506029827,0.0081741143191246
pico-decoder-small,pico-lm/pico-decoder-small@0405a0c52b2083efba346cb0195a2684e628b1af,101000,,Gram,ses-5,0.0408219287187416,0.0368467877217809,0.0499575059199109
pico-decoder-small,pico-lm/pico-decoder-small@0405a0c52b2083efba346cb0195a2684e628b1af,101000,,Gram,ses-7,0.0170967712738644,0.0125018609909257,0.0278300044847724
pico-decoder-small,pico-lm/pico-decoder-small@0405a0c52b2083efba346cb0195a2684e628b1af,101000,,Gram,ses-9,-0.0152215730055318,-0.017348258712739,-0.0082852844352894
pico-decoder-small,pico-lm/pico-decoder-small@a29b66f6847b3a1ec6358c6bdf5686f8db25e228,102000,,Gram,ses-5,0.0344566064199995,0.0275873960264052,0.0415840321955339
pico-decoder-small,pico-lm/pico-decoder-small@a29b66f6847b3a1ec6358c6bdf5686f8db25e228,102000,,Gram,ses-7,0.011880358323669,0.0102237197419808,0.0148615144403996
pico-decoder-small,pico-lm/pico-decoder-small@a29b66f6847b3a1ec6358c6bdf5686f8db25e228,102000,,Gram,ses-9,-0.0123948631083504,-0.0101248672366003,-0.0231411886497652
pico-decoder-small,pico-lm/pico-decoder-small@b6e1c3f17ee3de24e5563176b76cde040230086b,103000,,Gram,ses-5,0.0317959613741842,0.0275838556871144,0.0260876684848361
pico-decoder-small,pico-lm/pico-decoder-small@b6e1c3f17ee3de24e5563176b76cde040230086b,103000,,Gram,ses-7,0.011597358402672,0.0116022123030566,0.0045959457672606
pico-decoder-small,pico-lm/pico-decoder-small@b6e1c3f17ee3de24e5563176b76cde040230086b,103000,,Gram,ses-9,-0.0159758513803219,-0.0144810902682592,-0.0319313598758622
pico-decoder-small,pico-lm/pico-decoder-small@fd779f78578d7ce2eb7316f95b1536f35f90d660,104000,,Gram,ses-5,0.0316307318351447,0.0268606440060029,0.0254945750927684
pico-decoder-small,pico-lm/pico-decoder-small@fd779f78578d7ce2eb7316f95b1536f35f90d660,104000,,Gram,ses-7,0.0079846607226151,0.0077285076532327,0.0054167678053706
pico-decoder-small,pico-lm/pico-decoder-small@fd779f78578d7ce2eb7316f95b1536f35f90d660,104000,,Gram,ses-9,-0.0199598215852939,-0.0162023184017882,-0.0325218391298716
pico-decoder-small,pico-lm/pico-decoder-small@2a9ae447eace88eb5c4be50d7b3c867cbd1a9a7e,105000,,Gram,ses-5,0.0344651369930339,0.0316710691972352,0.0405332179448177
pico-decoder-small,pico-lm/pico-decoder-small@2a9ae447eace88eb5c4be50d7b3c867cbd1a9a7e,105000,,Gram,ses-7,0.0052584955956832,0.0071091387112454,0.0153958633028906
pico-decoder-small,pico-lm/pico-decoder-small@2a9ae447eace88eb5c4be50d7b3c867cbd1a9a7e,105000,,Gram,ses-9,-0.017329552910276,-0.0164858290318761,-0.0214815550622223
pico-decoder-small,pico-lm/pico-decoder-small@36d78ffabfbf506523a459e2116bbc012c1adab7,106000,,Gram,ses-5,0.0371732736562547,0.024962106765023,0.0393920493014319
pico-decoder-small,pico-lm/pico-decoder-small@36d78ffabfbf506523a459e2116bbc012c1adab7,106000,,Gram,ses-7,0.0177129807443575,0.0108492107009936,0.0259568728570404
pico-decoder-small,pico-lm/pico-decoder-small@36d78ffabfbf506523a459e2116bbc012c1adab7,106000,,Gram,ses-9,-0.0077148959575487,-0.0063067498088803,-0.0072170108585354
pico-decoder-small,pico-lm/pico-decoder-small@3f9b3375f2ae4b81043ba582d1b2ec8bc15a04e1,107000,,Gram,ses-5,0.0322712670721217,0.0261218427134913,0.0382008441512726
pico-decoder-small,pico-lm/pico-decoder-small@3f9b3375f2ae4b81043ba582d1b2ec8bc15a04e1,107000,,Gram,ses-7,0.0152031939703261,0.0173828029890829,0.0247394224532635
pico-decoder-small,pico-lm/pico-decoder-small@3f9b3375f2ae4b81043ba582d1b2ec8bc15a04e1,107000,,Gram,ses-9,-0.0106111272117321,-0.0071617568957534,-0.0043893747601215
pico-decoder-small,pico-lm/pico-decoder-small@00c972e3e00659382b3fe4f9d9f634ebbd9833c1,108000,,Gram,ses-5,0.0365123922884636,0.0289557458183759,0.0349341475522202
pico-decoder-small,pico-lm/pico-decoder-small@00c972e3e00659382b3fe4f9d9f634ebbd9833c1,108000,,Gram,ses-7,0.0186532481171213,0.0207808189091512,0.0236457605754341
pico-decoder-small,pico-lm/pico-decoder-small@00c972e3e00659382b3fe4f9d9f634ebbd9833c1,108000,,Gram,ses-9,-0.0156033302149602,-0.0119265645122611,-0.0180195771565688
pico-decoder-small,pico-lm/pico-decoder-small@076cdde7affce35bd2bad3498e51f33f575aaddb,109000,,Gram,ses-5,0.0348963096350447,0.0209896340066598,0.0253552402358521
pico-decoder-small,pico-lm/pico-decoder-small@076cdde7affce35bd2bad3498e51f33f575aaddb,109000,,Gram,ses-7,0.0128274272162317,0.001676243535114,0.0037880277897807
pico-decoder-small,pico-lm/pico-decoder-small@076cdde7affce35bd2bad3498e51f33f575aaddb,109000,,Gram,ses-9,-0.0077436558042323,-0.0214476881246302,-0.0082491149787454
pico-decoder-small,pico-lm/pico-decoder-small@1f7f52ddf73285dd5484e753c1740cc68df81b76,110000,,Gram,ses-5,0.0296882584642011,0.0234049114666044,0.0277569622646736
pico-decoder-small,pico-lm/pico-decoder-small@1f7f52ddf73285dd5484e753c1740cc68df81b76,110000,,Gram,ses-7,0.0114875364719461,0.0159384181351802,0.014947705255566
pico-decoder-small,pico-lm/pico-decoder-small@1f7f52ddf73285dd5484e753c1740cc68df81b76,110000,,Gram,ses-9,-0.016578449155131,-0.0077581742249547,0.0054480747054437
pico-decoder-small,pico-lm/pico-decoder-small@a801b2ab639f60dbd4ebfe264aab726255eb2877,111000,,Gram,ses-5,0.0307862029407203,0.025538506894689,0.0352082143921706
pico-decoder-small,pico-lm/pico-decoder-small@a801b2ab639f60dbd4ebfe264aab726255eb2877,111000,,Gram,ses-7,0.0142279689930982,0.0157141302834363,0.0164845890475156
pico-decoder-small,pico-lm/pico-decoder-small@a801b2ab639f60dbd4ebfe264aab726255eb2877,111000,,Gram,ses-9,-0.009523749652546,-0.00639892197967,-0.0159541505720041
pico-decoder-small,pico-lm/pico-decoder-small@197b11d764b16772e54f2cbbfab17581cbdb9b59,112000,,Gram,ses-5,0.0416882601304977,0.0371264766897736,0.0428084420926843
pico-decoder-small,pico-lm/pico-decoder-small@197b11d764b16772e54f2cbbfab17581cbdb9b59,112000,,Gram,ses-7,0.017241799671535,0.0212576870306632,0.0245487916290192
pico-decoder-small,pico-lm/pico-decoder-small@197b11d764b16772e54f2cbbfab17581cbdb9b59,112000,,Gram,ses-9,-0.007113007981815,0.0022167057585441,0.0019174432154382
pico-decoder-small,pico-lm/pico-decoder-small@0ff198943f69ee08bd0b54c8ab55d364ce931a26,113000,,Gram,ses-5,0.0240327698652162,0.018305706252758,0.0311672698272674
pico-decoder-small,pico-lm/pico-decoder-small@0ff198943f69ee08bd0b54c8ab55d364ce931a26,113000,,Gram,ses-7,0.0096569646564585,0.008384515644445,0.0261789923591698
pico-decoder-small,pico-lm/pico-decoder-small@0ff198943f69ee08bd0b54c8ab55d364ce931a26,113000,,Gram,ses-9,-0.010234851468944,-0.0162820128241974,0.0094202834531753
pico-decoder-small,pico-lm/pico-decoder-small@fe2f1951a2f9a01d14429415f467c91c8a765024,114000,,Gram,ses-5,0.0242558826532469,0.0109287211815691,0.0345803733057313
pico-decoder-small,pico-lm/pico-decoder-small@fe2f1951a2f9a01d14429415f467c91c8a765024,114000,,Gram,ses-7,0.0080473307873222,0.0092974557528054,0.0161132710781476
pico-decoder-small,pico-lm/pico-decoder-small@fe2f1951a2f9a01d14429415f467c91c8a765024,114000,,Gram,ses-9,-0.0183656799465871,-0.0261376833513938,-0.0104913010092818
pico-decoder-small,pico-lm/pico-decoder-small@dde9b48ac9a426d9bc86b1fc423b8241736f6ea3,115000,,Gram,ses-5,0.0322504102322167,0.0257292610681628,0.0496224482959928
pico-decoder-small,pico-lm/pico-decoder-small@dde9b48ac9a426d9bc86b1fc423b8241736f6ea3,115000,,Gram,ses-7,0.0171655070910361,0.0133479133565364,0.0389214178900886
pico-decoder-small,pico-lm/pico-decoder-small@dde9b48ac9a426d9bc86b1fc423b8241736f6ea3,115000,,Gram,ses-9,-0.013041479245943,-0.0098863401229167,0.0047999848691611
pico-decoder-small,pico-lm/pico-decoder-small@eb892260583a7bfbf95a1aecbf60ebc4ee0b8fe2,116000,,Gram,ses-5,0.0373391697139381,0.0303445910586491,0.0520891710407538
pico-decoder-small,pico-lm/pico-decoder-small@eb892260583a7bfbf95a1aecbf60ebc4ee0b8fe2,116000,,Gram,ses-7,0.0202087489866495,0.0149635415654254,0.0327327836246064
pico-decoder-small,pico-lm/pico-decoder-small@eb892260583a7bfbf95a1aecbf60ebc4ee0b8fe2,116000,,Gram,ses-9,-0.0132784461000736,-0.0252189544853299,-0.0113906770304328
pico-decoder-small,pico-lm/pico-decoder-small@62d95f269e32053c9fc3638cfe64f8b2f7b23654,117000,,Gram,ses-5,0.0289113465877959,0.0169592455389817,0.0410304538373596
pico-decoder-small,pico-lm/pico-decoder-small@62d95f269e32053c9fc3638cfe64f8b2f7b23654,117000,,Gram,ses-7,0.0108177934358203,0.0026271622220521,0.0178764249656005
pico-decoder-small,pico-lm/pico-decoder-small@62d95f269e32053c9fc3638cfe64f8b2f7b23654,117000,,Gram,ses-9,-0.0227353069278591,-0.0387904080241573,-0.0141431436755433
pico-decoder-small,pico-lm/pico-decoder-small@31ddb818fbb16fbd1caf8ec968855022dd6afc74,118000,,Gram,ses-5,0.0316807899821338,0.0256036526000738,0.0436946846669187
pico-decoder-small,pico-lm/pico-decoder-small@31ddb818fbb16fbd1caf8ec968855022dd6afc74,118000,,Gram,ses-7,0.0125751217772031,0.0106889237872232,0.028152891651373
pico-decoder-small,pico-lm/pico-decoder-small@31ddb818fbb16fbd1caf8ec968855022dd6afc74,118000,,Gram,ses-9,-0.0157240285181038,-0.0218795445974576,-0.0003322692821233
pico-decoder-small,pico-lm/pico-decoder-small@82d2ace20cd9a6db92a58205d7a22f5f6173e7b8,119000,,Gram,ses-5,0.0284916778844585,0.0204190399468698,0.0277628938478008
pico-decoder-small,pico-lm/pico-decoder-small@82d2ace20cd9a6db92a58205d7a22f5f6173e7b8,119000,,Gram,ses-7,0.0126518341778869,0.0140698655770933,0.0253505248328481
pico-decoder-small,pico-lm/pico-decoder-small@82d2ace20cd9a6db92a58205d7a22f5f6173e7b8,119000,,Gram,ses-9,-0.014004278411308,-0.0145206961910585,0.0096134570027659
pico-decoder-small,pico-lm/pico-decoder-small@8e25d91566448034f3bb0406ab0045355c528ae7,120000,,Gram,ses-5,0.025165340850899,0.0100878321714277,0.0185807555585017
pico-decoder-small,pico-lm/pico-decoder-small@8e25d91566448034f3bb0406ab0045355c528ae7,120000,,Gram,ses-7,0.0061377462162204,-0.0027224657320556,0.0040148497107847
pico-decoder-small,pico-lm/pico-decoder-small@8e25d91566448034f3bb0406ab0045355c528ae7,120000,,Gram,ses-9,-0.0214223474320294,-0.0268817713486043,-0.0190409152694611
pico-decoder-small,pico-lm/pico-decoder-small@8a2f1db72ebb1ce87faaf75ea1db7910f308be65,121000,,Gram,ses-5,0.02205432179967,0.0173697669231369,0.0233264527005125
pico-decoder-small,pico-lm/pico-decoder-small@8a2f1db72ebb1ce87faaf75ea1db7910f308be65,121000,,Gram,ses-7,0.0039160166815983,0.0029555005589911,0.0144071672913809
pico-decoder-small,pico-lm/pico-decoder-small@8a2f1db72ebb1ce87faaf75ea1db7910f308be65,121000,,Gram,ses-9,-0.0164425745687073,-0.0224555595312839,-0.0134592241341034
pico-decoder-small,pico-lm/pico-decoder-small@e197ddf7837d73cb367f53e1dd174a4745892831,122000,,Gram,ses-5,0.0242044092361501,0.0166681413571999,0.01809672668961
pico-decoder-small,pico-lm/pico-decoder-small@e197ddf7837d73cb367f53e1dd174a4745892831,122000,,Gram,ses-7,0.0050899702517905,0.0076841971475371,-0.0012087694312433
pico-decoder-small,pico-lm/pico-decoder-small@e197ddf7837d73cb367f53e1dd174a4745892831,122000,,Gram,ses-9,-0.0185894311209814,-0.0108208014258045,-0.0189459644949738
pico-decoder-small,pico-lm/pico-decoder-small@51a1f29ffaf81f8b5d071b1858b6ac094aca1b30,123000,,Gram,ses-5,0.0280836407970673,0.0224165963228913,0.0229682357177376
pico-decoder-small,pico-lm/pico-decoder-small@51a1f29ffaf81f8b5d071b1858b6ac094aca1b30,123000,,Gram,ses-7,0.0140581798606079,0.0086853535952548,0.0137856408198869
pico-decoder-small,pico-lm/pico-decoder-small@51a1f29ffaf81f8b5d071b1858b6ac094aca1b30,123000,,Gram,ses-9,-0.0223774773049455,-0.0191207611733803,-0.0207299254498355
pico-decoder-small,pico-lm/pico-decoder-small@c2d4754b377c202474754e86b41f1321342ad24a,124000,,Gram,ses-5,0.0230710592027016,0.0277267979679902,0.0225657125573102
pico-decoder-small,pico-lm/pico-decoder-small@c2d4754b377c202474754e86b41f1321342ad24a,124000,,Gram,ses-7,0.0066962801837931,0.0151929105398189,0.0124863904007119
pico-decoder-small,pico-lm/pico-decoder-small@c2d4754b377c202474754e86b41f1321342ad24a,124000,,Gram,ses-9,-0.0221189416478129,-0.0120863169127033,-0.020947015765833
pico-decoder-small,pico-lm/pico-decoder-small@ef21ca419b33425716396ead8c1e60e01f301271,125000,,Gram,ses-5,0.0198588093863851,0.0170162913116248,0.0198218392418597
pico-decoder-small,pico-lm/pico-decoder-small@ef21ca419b33425716396ead8c1e60e01f301271,125000,,Gram,ses-7,0.0045488090493928,0.009893699960281,0.0067684589592849
pico-decoder-small,pico-lm/pico-decoder-small@ef21ca419b33425716396ead8c1e60e01f301271,125000,,Gram,ses-9,-0.0203846449880143,-0.0086080763849409,-0.0296092110842418
pico-decoder-small,pico-lm/pico-decoder-small@a8294defc7001e32644ce53dbcb87ef35587ff22,0,,Phon,ses-5,-0.0090621125531365,-0.0190142276919005,-0.0046885506379862
pico-decoder-small,pico-lm/pico-decoder-small@a8294defc7001e32644ce53dbcb87ef35587ff22,0,,Phon,ses-7,-0.0190120703973224,-0.0294008601892344,-0.0153350753307396
pico-decoder-small,pico-lm/pico-decoder-small@a8294defc7001e32644ce53dbcb87ef35587ff22,0,,Phon,ses-9,-0.0035973325447782,-0.0128838691283783,-0.0012643765547481
pico-decoder-small,pico-lm/pico-decoder-small@5e3d06988f3cc3adbf36b55cd8b1ddb3ae9f9bde,1000,,Phon,ses-5,-0.0013438680452037,0.0006238217543475,0.018594789118185
pico-decoder-small,pico-lm/pico-decoder-small@5e3d06988f3cc3adbf36b55cd8b1ddb3ae9f9bde,1000,,Phon,ses-7,-0.0101020737008504,-0.0082818926908283,0.0182556188621865
pico-decoder-small,pico-lm/pico-decoder-small@5e3d06988f3cc3adbf36b55cd8b1ddb3ae9f9bde,1000,,Phon,ses-9,0.0011049782119894,0.0050187999563122,0.0189061904944074
pico-decoder-small,pico-lm/pico-decoder-small@9f1ca389bbb1cc08b42a32bfe58fb818b24b3490,2000,,Phon,ses-5,0.0125907867905921,0.0124799038614103,-0.0141267481923522
pico-decoder-small,pico-lm/pico-decoder-small@9f1ca389bbb1cc08b42a32bfe58fb818b24b3490,2000,,Phon,ses-7,0.0147469279850335,0.0170188265021023,-0.0215582198383135
pico-decoder-small,pico-lm/pico-decoder-small@9f1ca389bbb1cc08b42a32bfe58fb818b24b3490,2000,,Phon,ses-9,0.013753436342281,0.0165972220103792,-0.0055477179960813
pico-decoder-small,pico-lm/pico-decoder-small@f2269f20ce160cf71bea0a02ccf685e126dd2dc1,3000,,Phon,ses-5,-0.0114037760509623,-0.0167024522816158,0.0092396402188854
pico-decoder-small,pico-lm/pico-decoder-small@f2269f20ce160cf71bea0a02ccf685e126dd2dc1,3000,,Phon,ses-7,-0.0131489590958443,-0.0137706328976622,0.0009783409959869
pico-decoder-small,pico-lm/pico-decoder-small@f2269f20ce160cf71bea0a02ccf685e126dd2dc1,3000,,Phon,ses-9,-0.0037999687623457,-0.0039774798998551,0.0053657844765487
pico-decoder-small,pico-lm/pico-decoder-small@10da1c98e1cd32fc61ab4ced31075c08cf699861,4000,,Phon,ses-5,0.002849549712006,-0.0178515975429277,-0.0153753503389444
pico-decoder-small,pico-lm/pico-decoder-small@10da1c98e1cd32fc61ab4ced31075c08cf699861,4000,,Phon,ses-7,0.0048941425359668,-0.0146230344568055,-0.0282229601027231
pico-decoder-small,pico-lm/pico-decoder-small@10da1c98e1cd32fc61ab4ced31075c08cf699861,4000,,Phon,ses-9,0.0204581124266739,0.0075331045099166,-0.0021551329718255
pico-decoder-small,pico-lm/pico-decoder-small@be2865b50166a683e659f4a1f99e058c77288911,5000,,Phon,ses-5,-0.0126692966473389,0.0001573761485738,-0.0192329221721738
pico-decoder-small,pico-lm/pico-decoder-small@be2865b50166a683e659f4a1f99e058c77288911,5000,,Phon,ses-7,-0.0330421535396495,-0.0154787466942038,-0.0406184492141326
pico-decoder-small,pico-lm/pico-decoder-small@be2865b50166a683e659f4a1f99e058c77288911,5000,,Phon,ses-9,0.0023859340283005,0.014487308146258,-0.0054643200921258
pico-decoder-small,pico-lm/pico-decoder-small@496ea4785860af671e895085f1bcdc3bff2f9d97,6000,,Phon,ses-5,0.0071318434066719,0.0303777617911374,0.0289817004397348
pico-decoder-small,pico-lm/pico-decoder-small@496ea4785860af671e895085f1bcdc3bff2f9d97,6000,,Phon,ses-7,0.0029285288270338,0.0405564496315138,0.0221279928119117
pico-decoder-small,pico-lm/pico-decoder-small@496ea4785860af671e895085f1bcdc3bff2f9d97,6000,,Phon,ses-9,0.0265259022612396,0.0437360057685855,0.0370189579375381
pico-decoder-small,pico-lm/pico-decoder-small@c5bddf28e9cfbede4fe480513c4a3487279f7d47,7000,,Phon,ses-5,0.0360150973395998,0.0364207592662943,0.0155040535848977
pico-decoder-small,pico-lm/pico-decoder-small@c5bddf28e9cfbede4fe480513c4a3487279f7d47,7000,,Phon,ses-7,0.0386517036800962,0.0310089436424433,0.0242189006377245
pico-decoder-small,pico-lm/pico-decoder-small@c5bddf28e9cfbede4fe480513c4a3487279f7d47,7000,,Phon,ses-9,0.0462125634160258,0.0437559769123632,0.0357057382788973
pico-decoder-small,pico-lm/pico-decoder-small@9fe9969ca88ccf3b71599f85000ce082bf854421,8000,,Phon,ses-5,0.0287337157630227,0.0406513224454704,0.0349077670872525
pico-decoder-small,pico-lm/pico-decoder-small@9fe9969ca88ccf3b71599f85000ce082bf854421,8000,,Phon,ses-7,0.0314120774670972,0.0563428910645537,0.0492438274687348
pico-decoder-small,pico-lm/pico-decoder-small@9fe9969ca88ccf3b71599f85000ce082bf854421,8000,,Phon,ses-9,0.0334969345199761,0.040872270515283,0.0367799825886493
pico-decoder-small,pico-lm/pico-decoder-small@8335f55c1bf51378b17a73d527c39899546e2d5b,9000,,Phon,ses-5,0.0194464009149228,0.0179502725706127,0.0228757404323473
pico-decoder-small,pico-lm/pico-decoder-small@8335f55c1bf51378b17a73d527c39899546e2d5b,9000,,Phon,ses-7,-0.0030586283499242,-0.0038243888770538,-0.0024462937221028
pico-decoder-small,pico-lm/pico-decoder-small@8335f55c1bf51378b17a73d527c39899546e2d5b,9000,,Phon,ses-9,0.0209356930356081,0.0187463581057043,0.0284624039912737
pico-decoder-small,pico-lm/pico-decoder-small@8ce4e4fa15c0cec038fcb9f29d30cc50bac60a3d,10000,,Phon,ses-5,0.0660826801256265,0.070121712627012,0.0576262291032253
pico-decoder-small,pico-lm/pico-decoder-small@8ce4e4fa15c0cec038fcb9f29d30cc50bac60a3d,10000,,Phon,ses-7,0.0452576364679883,0.0622317548005759,0.0493460481631249
pico-decoder-small,pico-lm/pico-decoder-small@8ce4e4fa15c0cec038fcb9f29d30cc50bac60a3d,10000,,Phon,ses-9,0.052617836907531,0.0529985914957586,0.0447397966604699
pico-decoder-small,pico-lm/pico-decoder-small@3261da23d1d8811f9a32b69d6d6b9a17ca82fcd0,11000,,Phon,ses-5,0.0261660364933972,0.0019103885486951,0.0380040546718091
pico-decoder-small,pico-lm/pico-decoder-small@3261da23d1d8811f9a32b69d6d6b9a17ca82fcd0,11000,,Phon,ses-7,0.0128017137168697,-0.0117748860520704,0.0421940740792321
pico-decoder-small,pico-lm/pico-decoder-small@3261da23d1d8811f9a32b69d6d6b9a17ca82fcd0,11000,,Phon,ses-9,0.0222866739727953,-0.0011174167902215,0.0318856108131854
pico-decoder-small,pico-lm/pico-decoder-small@a6a20b8103a7cdacefa2bb78dee23c516ad6e78e,12000,,Phon,ses-5,0.0065388101696145,0.0315405306335991,-0.006993780865387
pico-decoder-small,pico-lm/pico-decoder-small@a6a20b8103a7cdacefa2bb78dee23c516ad6e78e,12000,,Phon,ses-7,0.0120836500961471,0.0442208142485613,-0.0037706174832822
pico-decoder-small,pico-lm/pico-decoder-small@a6a20b8103a7cdacefa2bb78dee23c516ad6e78e,12000,,Phon,ses-9,0.019760426688147,0.0323696043790866,0.0131533498586266
pico-decoder-small,pico-lm/pico-decoder-small@c2395fd6ba7da947893c62b8169b47a83345153b,13000,,Phon,ses-5,0.0219956037685263,0.0275748389616785,0.0180817238160553
pico-decoder-small,pico-lm/pico-decoder-small@c2395fd6ba7da947893c62b8169b47a83345153b,13000,,Phon,ses-7,0.0043486689490656,0.0166397858204598,0.0179211828689065
pico-decoder-small,pico-lm/pico-decoder-small@c2395fd6ba7da947893c62b8169b47a83345153b,13000,,Phon,ses-9,0.0250893460041836,0.0256389617116538,0.0242893942982625
pico-decoder-small,pico-lm/pico-decoder-small@6dc7fa92550aabc62d659674176bda49750efe64,14000,,Phon,ses-5,0.0278839429125958,0.0345087940672645,0.0642690349564398
pico-decoder-small,pico-lm/pico-decoder-small@6dc7fa92550aabc62d659674176bda49750efe64,14000,,Phon,ses-7,0.0047142851070525,0.0271451579097412,0.0478700102533653
pico-decoder-small,pico-lm/pico-decoder-small@6dc7fa92550aabc62d659674176bda49750efe64,14000,,Phon,ses-9,0.0422855701019753,0.0411731671173073,0.0632005216341164
pico-decoder-small,pico-lm/pico-decoder-small@d1c60a45e64f88520c2cd94890471321a15410bf,15000,,Phon,ses-5,-0.0010906554144423,0.0087823217944698,0.0255582629410879
pico-decoder-small,pico-lm/pico-decoder-small@d1c60a45e64f88520c2cd94890471321a15410bf,15000,,Phon,ses-7,-0.0118551629932169,0.0071653993261673,0.0094001811660343
pico-decoder-small,pico-lm/pico-decoder-small@d1c60a45e64f88520c2cd94890471321a15410bf,15000,,Phon,ses-9,0.0125695645309382,0.0240510937327211,0.0341656261331388
pico-decoder-small,pico-lm/pico-decoder-small@cbb63c23390c0d43e0d6dfaa0c69aed19778fa74,16000,,Phon,ses-5,0.0593505973454907,0.0551419563609848,0.0598160462265542
pico-decoder-small,pico-lm/pico-decoder-small@cbb63c23390c0d43e0d6dfaa0c69aed19778fa74,16000,,Phon,ses-7,0.0805478864224359,0.085016233480011,0.0903913736587957
pico-decoder-small,pico-lm/pico-decoder-small@cbb63c23390c0d43e0d6dfaa0c69aed19778fa74,16000,,Phon,ses-9,0.0585383191659192,0.0460042400467956,0.0701825581073349
pico-decoder-small,pico-lm/pico-decoder-small@a4f386c7a4155bfab638b897e60bc656a82e6a4f,17000,,Phon,ses-5,0.0386377445038204,0.0319164984999131,0.0221063084801679
pico-decoder-small,pico-lm/pico-decoder-small@a4f386c7a4155bfab638b897e60bc656a82e6a4f,17000,,Phon,ses-7,0.0352467770911887,0.0189671746682192,-0.0015476073431102
pico-decoder-small,pico-lm/pico-decoder-small@a4f386c7a4155bfab638b897e60bc656a82e6a4f,17000,,Phon,ses-9,0.0486280542484562,0.035101015983343,0.0240580161906395
pico-decoder-small,pico-lm/pico-decoder-small@9b68d0ee8ceef680cc668de7d4560f7d8d311e42,18000,,Phon,ses-5,0.0056312955548151,0.0203435250159631,0.0067807634761088
pico-decoder-small,pico-lm/pico-decoder-small@9b68d0ee8ceef680cc668de7d4560f7d8d311e42,18000,,Phon,ses-7,-0.0102107519065926,0.0182377295579801,-0.0224897902279305
pico-decoder-small,pico-lm/pico-decoder-small@9b68d0ee8ceef680cc668de7d4560f7d8d311e42,18000,,Phon,ses-9,0.0127456757984148,0.0242554316403489,0.0014395924228096
pico-decoder-small,pico-lm/pico-decoder-small@a161849d9bc2ecbb0bc6095f0fe9fa54a03b14ce,19000,,Phon,ses-5,0.0001456044488789,0.0039523864390378,0.0270948588835251
pico-decoder-small,pico-lm/pico-decoder-small@a161849d9bc2ecbb0bc6095f0fe9fa54a03b14ce,19000,,Phon,ses-7,0.0021216927500073,0.024498956566844,0.0238844035618198
pico-decoder-small,pico-lm/pico-decoder-small@a161849d9bc2ecbb0bc6095f0fe9fa54a03b14ce,19000,,Phon,ses-9,0.0097027219685897,0.0107576203331927,0.0382396115495759
pico-decoder-small,pico-lm/pico-decoder-small@082423f29dc36ca1b544cb85c655531783bb8985,20000,,Phon,ses-5,0.0258027982460562,0.0120495667102225,-0.0008644801091996
pico-decoder-small,pico-lm/pico-decoder-small@082423f29dc36ca1b544cb85c655531783bb8985,20000,,Phon,ses-7,0.0373698855208492,0.0310952864475251,0.0017488717167905
pico-decoder-small,pico-lm/pico-decoder-small@082423f29dc36ca1b544cb85c655531783bb8985,20000,,Phon,ses-9,0.0353013368101275,0.0191714040643609,0.0167492372603679
pico-decoder-small,pico-lm/pico-decoder-small@62236c27ddef441fc85ceabb80793b680397d2f4,21000,,Phon,ses-5,0.0263090409783243,0.033246400901269,0.0209352870158091
pico-decoder-small,pico-lm/pico-decoder-small@62236c27ddef441fc85ceabb80793b680397d2f4,21000,,Phon,ses-7,0.0375458889954589,0.0314277749830081,0.054789223606461
pico-decoder-small,pico-lm/pico-decoder-small@62236c27ddef441fc85ceabb80793b680397d2f4,21000,,Phon,ses-9,0.0500942140198845,0.0517513195131451,0.0440524015476454
pico-decoder-small,pico-lm/pico-decoder-small@457283267b592ffd80ca1a4ede807a4a5606a7f4,22000,,Phon,ses-5,0.0313721064347774,0.0430373886996878,0.0289675393314882
pico-decoder-small,pico-lm/pico-decoder-small@457283267b592ffd80ca1a4ede807a4a5606a7f4,22000,,Phon,ses-7,0.0615471464926728,0.0687875811521743,0.0629543586568564
pico-decoder-small,pico-lm/pico-decoder-small@457283267b592ffd80ca1a4ede807a4a5606a7f4,22000,,Phon,ses-9,0.0612855547630504,0.0679770542473819,0.0565719509069172
pico-decoder-small,pico-lm/pico-decoder-small@542883f65bdcba033a9c80f753fdd6f6829cb7e7,23000,,Phon,ses-5,0.0133964615791315,0.0292690122660413,0.0196753206265592
pico-decoder-small,pico-lm/pico-decoder-small@542883f65bdcba033a9c80f753fdd6f6829cb7e7,23000,,Phon,ses-7,-0.0084329708614932,0.0152665003832341,0.0245175637715446
pico-decoder-small,pico-lm/pico-decoder-small@542883f65bdcba033a9c80f753fdd6f6829cb7e7,23000,,Phon,ses-9,0.0340129892776171,0.0508673518908311,0.0451713719923899
pico-decoder-small,pico-lm/pico-decoder-small@bbc3997ae0773f6e0f145401283a22dced84175c,24000,,Phon,ses-5,0.0029858509178442,0.0262599909121271,0.0132923789426188
pico-decoder-small,pico-lm/pico-decoder-small@bbc3997ae0773f6e0f145401283a22dced84175c,24000,,Phon,ses-7,0.0030524094201178,0.0310348742945275,-0.0064933345148868
pico-decoder-small,pico-lm/pico-decoder-small@bbc3997ae0773f6e0f145401283a22dced84175c,24000,,Phon,ses-9,0.0413539946820245,0.0576945568457559,0.0414823292763727
pico-decoder-small,pico-lm/pico-decoder-small@8316a2db89b6a337de59490bec6e6ed79275e85f,25000,,Phon,ses-5,0.0121535738917282,0.0075309845835324,0.0146805936919233
pico-decoder-small,pico-lm/pico-decoder-small@8316a2db89b6a337de59490bec6e6ed79275e85f,25000,,Phon,ses-7,-0.0074647645508612,-0.0167370839739238,0.0098621454630174
pico-decoder-small,pico-lm/pico-decoder-small@8316a2db89b6a337de59490bec6e6ed79275e85f,25000,,Phon,ses-9,0.0332792389202703,0.031701071580748,0.0431061662977833
pico-decoder-small,pico-lm/pico-decoder-small@b2ff4ecd5fdb6684736075b48a28007f425925d5,26000,,Phon,ses-5,0.0453278843607896,0.0492722998766227,0.0652169359654066
pico-decoder-small,pico-lm/pico-decoder-small@b2ff4ecd5fdb6684736075b48a28007f425925d5,26000,,Phon,ses-7,0.0375318177146014,0.0238571585553773,0.0600164001098179
pico-decoder-small,pico-lm/pico-decoder-small@b2ff4ecd5fdb6684736075b48a28007f425925d5,26000,,Phon,ses-9,0.0587409661627734,0.0564231047672182,0.0736054623905998
pico-decoder-small,pico-lm/pico-decoder-small@d0bf4c35052d4efe8b11ad72cf76ba92d8837271,27000,,Phon,ses-5,0.0183551282066621,0.0097023892479403,0.0329418386231479
pico-decoder-small,pico-lm/pico-decoder-small@d0bf4c35052d4efe8b11ad72cf76ba92d8837271,27000,,Phon,ses-7,0.0163259174248215,0.0024693671445925,0.0258889419936436
pico-decoder-small,pico-lm/pico-decoder-small@d0bf4c35052d4efe8b11ad72cf76ba92d8837271,27000,,Phon,ses-9,0.0433574027259831,0.0430944190311382,0.0507879617256705
pico-decoder-small,pico-lm/pico-decoder-small@c5fe4eaa6e28635b04a285d9d63224a7013711d4,28000,,Phon,ses-5,0.0260620444028929,0.0179273809587586,0.0189751305004225
pico-decoder-small,pico-lm/pico-decoder-small@c5fe4eaa6e28635b04a285d9d63224a7013711d4,28000,,Phon,ses-7,0.022862977038276,0.0052489068267238,0.0301764212438311
pico-decoder-small,pico-lm/pico-decoder-small@c5fe4eaa6e28635b04a285d9d63224a7013711d4,28000,,Phon,ses-9,0.0538591163253587,0.0478554273156991,0.0419548393088434
pico-decoder-small,pico-lm/pico-decoder-small@574194afaad5aebab0de6f7ec3ebd45241ba9f36,29000,,Phon,ses-5,0.0171740812870537,0.0153875711755851,0.0111120116606299
pico-decoder-small,pico-lm/pico-decoder-small@574194afaad5aebab0de6f7ec3ebd45241ba9f36,29000,,Phon,ses-7,0.0275339401920835,0.0193769571569093,0.0354194318007304
pico-decoder-small,pico-lm/pico-decoder-small@574194afaad5aebab0de6f7ec3ebd45241ba9f36,29000,,Phon,ses-9,0.0490899172201444,0.0501537623927078,0.0306639928142975
pico-decoder-small,pico-lm/pico-decoder-small@4e76d0f5009af59c7519cc564d83ccb252becc09,30000,,Phon,ses-5,0.0413606922121604,0.0396422935388693,0.0407767538186009
pico-decoder-small,pico-lm/pico-decoder-small@4e76d0f5009af59c7519cc564d83ccb252becc09,30000,,Phon,ses-7,0.0427207449970339,0.036108464646514,0.0380918052517338
pico-decoder-small,pico-lm/pico-decoder-small@4e76d0f5009af59c7519cc564d83ccb252becc09,30000,,Phon,ses-9,0.0579041686990562,0.0616207165616349,0.0483981945830196
pico-decoder-small,pico-lm/pico-decoder-small@63e4f365e97340e8419c8d14c3479eab48b41672,31000,,Phon,ses-5,0.0332020211406891,0.0401410676626928,0.0230189561912936
pico-decoder-small,pico-lm/pico-decoder-small@63e4f365e97340e8419c8d14c3479eab48b41672,31000,,Phon,ses-7,0.0298910238188425,0.022694671411608,0.0484455817645887
pico-decoder-small,pico-lm/pico-decoder-small@63e4f365e97340e8419c8d14c3479eab48b41672,31000,,Phon,ses-9,0.0361023333882394,0.0481735398758206,0.0367138875957038
pico-decoder-small,pico-lm/pico-decoder-small@8c1e326d52a990b3ef622fa0187927b4c3c8b198,32000,,Phon,ses-5,0.0438626688548762,0.0405968899221146,0.0575858060594833
pico-decoder-small,pico-lm/pico-decoder-small@8c1e326d52a990b3ef622fa0187927b4c3c8b198,32000,,Phon,ses-7,0.0313612092945434,0.0203509497886417,0.0466953123336228
pico-decoder-small,pico-lm/pico-decoder-small@8c1e326d52a990b3ef622fa0187927b4c3c8b198,32000,,Phon,ses-9,0.0387075712858213,0.0412855066874317,0.0462856900969949
pico-decoder-small,pico-lm/pico-decoder-small@5087b4b665fc374f51db109f5832fccfa45038ed,33000,,Phon,ses-5,0.0459755829537955,0.0351330714261299,0.0552782187613908
pico-decoder-small,pico-lm/pico-decoder-small@5087b4b665fc374f51db109f5832fccfa45038ed,33000,,Phon,ses-7,0.0288600719989519,0.0004111600815303,0.0455882149138682
pico-decoder-small,pico-lm/pico-decoder-small@5087b4b665fc374f51db109f5832fccfa45038ed,33000,,Phon,ses-9,0.0405489551527812,0.0366475525839744,0.0413313394958587
pico-decoder-small,pico-lm/pico-decoder-small@1b37af2dca833f47e09a88bc07d1b193eb75b975,34000,,Phon,ses-5,0.0240281158865734,0.0296595458231627,0.0332305783456325
pico-decoder-small,pico-lm/pico-decoder-small@1b37af2dca833f47e09a88bc07d1b193eb75b975,34000,,Phon,ses-7,0.0297872422837383,0.0113715898194969,0.0391282243258383
pico-decoder-small,pico-lm/pico-decoder-small@1b37af2dca833f47e09a88bc07d1b193eb75b975,34000,,Phon,ses-9,0.0363021526188828,0.0412416975104278,0.0262191733464918
pico-decoder-small,pico-lm/pico-decoder-small@f84a2138adf461f090569b0490e077e154d5692a,35000,,Phon,ses-5,0.0759186707273964,0.0563529043032784,0.0646117702818594
pico-decoder-small,pico-lm/pico-decoder-small@f84a2138adf461f090569b0490e077e154d5692a,35000,,Phon,ses-7,0.1166368908633619,0.0735160208999015,0.1088349739389724
pico-decoder-small,pico-lm/pico-decoder-small@f84a2138adf461f090569b0490e077e154d5692a,35000,,Phon,ses-9,0.0912679236946223,0.063575326774705,0.0835401287386738
pico-decoder-small,pico-lm/pico-decoder-small@a5edb37d58f3dac4abc7615fe9f16119c9719363,36000,,Phon,ses-5,0.0716823542835992,0.061551682416516,0.0281384670232389
pico-decoder-small,pico-lm/pico-decoder-small@a5edb37d58f3dac4abc7615fe9f16119c9719363,36000,,Phon,ses-7,0.0672213220499784,0.0488110455753236,0.0362173649055622
pico-decoder-small,pico-lm/pico-decoder-small@a5edb37d58f3dac4abc7615fe9f16119c9719363,36000,,Phon,ses-9,0.0703202821790174,0.0614167250284196,0.0341581021910226
pico-decoder-small,pico-lm/pico-decoder-small@ad19a8ed94822569698ab34f7cbdb71a73e75edb,37000,,Phon,ses-5,0.1094988781116023,0.1014034462407203,0.1012212058708263
pico-decoder-small,pico-lm/pico-decoder-small@ad19a8ed94822569698ab34f7cbdb71a73e75edb,37000,,Phon,ses-7,0.1247962194713218,0.0958712885042992,0.1194340546792468
pico-decoder-small,pico-lm/pico-decoder-small@ad19a8ed94822569698ab34f7cbdb71a73e75edb,37000,,Phon,ses-9,0.1069073248777949,0.0989564022802632,0.090767254572197
pico-decoder-small,pico-lm/pico-decoder-small@6ffc4bc90cff1f5d9492cc62aa823b2f31820dec,38000,,Phon,ses-5,0.0690623336722376,0.0710863423703172,0.0463579817425544
pico-decoder-small,pico-lm/pico-decoder-small@6ffc4bc90cff1f5d9492cc62aa823b2f31820dec,38000,,Phon,ses-7,0.0812728308211684,0.0722549895171257,0.0637033760772653
pico-decoder-small,pico-lm/pico-decoder-small@6ffc4bc90cff1f5d9492cc62aa823b2f31820dec,38000,,Phon,ses-9,0.0783857655983527,0.0737534303777423,0.0581987809769347
pico-decoder-small,pico-lm/pico-decoder-small@2be3f69fedc1c81a1c9dee69aecdfbb30a7ed07b,39000,,Phon,ses-5,0.093249652437171,0.0782100704113427,0.0910863746363154
pico-decoder-small,pico-lm/pico-decoder-small@2be3f69fedc1c81a1c9dee69aecdfbb30a7ed07b,39000,,Phon,ses-7,0.1220476910784058,0.0991563522995852,0.1105238517390893
pico-decoder-small,pico-lm/pico-decoder-small@2be3f69fedc1c81a1c9dee69aecdfbb30a7ed07b,39000,,Phon,ses-9,0.0882457056193115,0.0720953497183449,0.0941802081366001
pico-decoder-small,pico-lm/pico-decoder-small@89ce452106683eb2c3d635f0b06d00b4836a270d,40000,,Phon,ses-5,0.0686364569898861,0.0252102816961413,0.0517511470445579
pico-decoder-small,pico-lm/pico-decoder-small@89ce452106683eb2c3d635f0b06d00b4836a270d,40000,,Phon,ses-7,0.0840693629708527,0.0308277028717359,0.0708712050546547
pico-decoder-small,pico-lm/pico-decoder-small@89ce452106683eb2c3d635f0b06d00b4836a270d,40000,,Phon,ses-9,0.0922269539577967,0.0509871011426327,0.0783969041946088
pico-decoder-small,pico-lm/pico-decoder-small@fb21f9a6029769e4fde8c343509be2fc23d627f8,41000,,Phon,ses-5,0.0435769839822422,0.0176958138543089,0.0252925952038548
pico-decoder-small,pico-lm/pico-decoder-small@fb21f9a6029769e4fde8c343509be2fc23d627f8,41000,,Phon,ses-7,0.0505312522943038,0.0146907068187047,0.0499168078007656
pico-decoder-small,pico-lm/pico-decoder-small@fb21f9a6029769e4fde8c343509be2fc23d627f8,41000,,Phon,ses-9,0.0629005793582746,0.0357543162123371,0.0451376306691632
pico-decoder-small,pico-lm/pico-decoder-small@3b04367b1f9f520d1eb5dc4b1d62222a11574175,42000,,Phon,ses-5,0.0288697747942197,0.0537349432542956,0.0345657266665155
pico-decoder-small,pico-lm/pico-decoder-small@3b04367b1f9f520d1eb5dc4b1d62222a11574175,42000,,Phon,ses-7,0.0237354934650197,0.0638348079199917,0.0282013986548477
pico-decoder-small,pico-lm/pico-decoder-small@3b04367b1f9f520d1eb5dc4b1d62222a11574175,42000,,Phon,ses-9,0.0406435182419,0.075876254234234,0.039330290678449
pico-decoder-small,pico-lm/pico-decoder-small@a8fcdde6a31d48184ff170362f4802ba6f7c825b,43000,,Phon,ses-5,0.0610398215200202,0.067019536677441,0.0828531712648893
pico-decoder-small,pico-lm/pico-decoder-small@a8fcdde6a31d48184ff170362f4802ba6f7c825b,43000,,Phon,ses-7,0.0871174578018143,0.0902546872731128,0.0814544014380488
pico-decoder-small,pico-lm/pico-decoder-small@a8fcdde6a31d48184ff170362f4802ba6f7c825b,43000,,Phon,ses-9,0.0787308745227035,0.0874379224022936,0.0661258274544271
pico-decoder-small,pico-lm/pico-decoder-small@42a2d16068cea73c52aa94a34fd039b076c656d2,44000,,Phon,ses-5,0.0162743996205892,0.0062757977300051,0.030215980507399
pico-decoder-small,pico-lm/pico-decoder-small@42a2d16068cea73c52aa94a34fd039b076c656d2,44000,,Phon,ses-7,0.0388679562926225,0.0296718126514267,0.0602946860800614
pico-decoder-small,pico-lm/pico-decoder-small@42a2d16068cea73c52aa94a34fd039b076c656d2,44000,,Phon,ses-9,0.0400594993629998,0.0351732817586144,0.0457170820049793
pico-decoder-small,pico-lm/pico-decoder-small@9b211dca4e657296153efe83773900826fe138d5,45000,,Phon,ses-5,0.0436316213120453,0.0463152569617924,0.0328336490784027
pico-decoder-small,pico-lm/pico-decoder-small@9b211dca4e657296153efe83773900826fe138d5,45000,,Phon,ses-7,0.1155258683460105,0.09997964978464,0.1029881422348869
pico-decoder-small,pico-lm/pico-decoder-small@9b211dca4e657296153efe83773900826fe138d5,45000,,Phon,ses-9,0.0714357342645832,0.0763060064294636,0.0614287554309953
pico-decoder-small,pico-lm/pico-decoder-small@8866040c1a6ead0d48bd6a4f6ff9046c778670fa,46000,,Phon,ses-5,0.0300969764636179,0.0440210180137295,0.0179647175334091
pico-decoder-small,pico-lm/pico-decoder-small@8866040c1a6ead0d48bd6a4f6ff9046c778670fa,46000,,Phon,ses-7,0.0847840648913634,0.0971556778827336,0.0451811294027102
pico-decoder-small,pico-lm/pico-decoder-small@8866040c1a6ead0d48bd6a4f6ff9046c778670fa,46000,,Phon,ses-9,0.0745280263268699,0.0823727945089853,0.0521003628771412
pico-decoder-small,pico-lm/pico-decoder-small@2c39df607c549d2902ed46ce83a2e6630df09d90,47000,,Phon,ses-5,0.0510000542521499,0.0687109727616012,0.0756529153186315
pico-decoder-small,pico-lm/pico-decoder-small@2c39df607c549d2902ed46ce83a2e6630df09d90,47000,,Phon,ses-7,0.0974901562745414,0.1196747762725809,0.123261756390413
pico-decoder-small,pico-lm/pico-decoder-small@2c39df607c549d2902ed46ce83a2e6630df09d90,47000,,Phon,ses-9,0.0804048438506959,0.1040572045822129,0.0954136395150914
pico-decoder-small,pico-lm/pico-decoder-small@e2f848f2a712b27ddfebe48ddc4dd6258de6df59,48000,,Phon,ses-5,0.0280530203361915,0.0080084688975054,0.0238741079057836
pico-decoder-small,pico-lm/pico-decoder-small@e2f848f2a712b27ddfebe48ddc4dd6258de6df59,48000,,Phon,ses-7,0.0765877712348346,0.0549447263150065,0.0779811557300401
pico-decoder-small,pico-lm/pico-decoder-small@e2f848f2a712b27ddfebe48ddc4dd6258de6df59,48000,,Phon,ses-9,0.0620435089307522,0.0486837479483559,0.056496552670931
pico-decoder-small,pico-lm/pico-decoder-small@fa46e0b2c4bcc53653b39cd684396f35c777aead,49000,,Phon,ses-5,-0.0008567082434893,-0.0129858088426951,0.0073030630338443
pico-decoder-small,pico-lm/pico-decoder-small@fa46e0b2c4bcc53653b39cd684396f35c777aead,49000,,Phon,ses-7,0.0492707074166677,0.0275380183555514,0.0659036002425928
pico-decoder-small,pico-lm/pico-decoder-small@fa46e0b2c4bcc53653b39cd684396f35c777aead,49000,,Phon,ses-9,0.0378902297159775,0.0226742123254524,0.0563984079841515
pico-decoder-small,pico-lm/pico-decoder-small@1c1daa1853e150e7a21ae4af47574da037fbb206,50000,,Phon,ses-5,0.032643804999671,0.0271443652728592,0.0228971143206341
pico-decoder-small,pico-lm/pico-decoder-small@1c1daa1853e150e7a21ae4af47574da037fbb206,50000,,Phon,ses-7,0.0766959794636766,0.0772499773104997,0.0713540861981686
pico-decoder-small,pico-lm/pico-decoder-small@1c1daa1853e150e7a21ae4af47574da037fbb206,50000,,Phon,ses-9,0.065036372133904,0.0608157108074899,0.0559130971894156
pico-decoder-small,pico-lm/pico-decoder-small@7aa7c5e89a41da940802066eaa61d34d72089434,51000,,Phon,ses-5,0.0195561951361479,0.0287073230388486,0.0023643215584681
pico-decoder-small,pico-lm/pico-decoder-small@7aa7c5e89a41da940802066eaa61d34d72089434,51000,,Phon,ses-7,0.0677385955856356,0.0919599337793924,0.0571177184090357
pico-decoder-small,pico-lm/pico-decoder-small@7aa7c5e89a41da940802066eaa61d34d72089434,51000,,Phon,ses-9,0.0537873801723737,0.0678870594199663,0.0363353441984878
pico-decoder-small,pico-lm/pico-decoder-small@9213448a01fde86281f3df23d6846b5c31f86998,52000,,Phon,ses-5,-0.0075783911678175,-0.0196054514460307,-0.0035236295312802
pico-decoder-small,pico-lm/pico-decoder-small@9213448a01fde86281f3df23d6846b5c31f86998,52000,,Phon,ses-7,0.0161895853183614,0.0040828826396788,0.0201487497728759
pico-decoder-small,pico-lm/pico-decoder-small@9213448a01fde86281f3df23d6846b5c31f86998,52000,,Phon,ses-9,0.02083668816175,0.0233265603841214,0.0225194778207391
pico-decoder-small,pico-lm/pico-decoder-small@41f9cd78186e1fbaf4b6b2164f52331d4ef4c15e,53000,,Phon,ses-5,0.0347381571668938,0.0447690408652855,-0.0028791905945721
pico-decoder-small,pico-lm/pico-decoder-small@41f9cd78186e1fbaf4b6b2164f52331d4ef4c15e,53000,,Phon,ses-7,0.0443440150279641,0.0664769936192838,-0.0188965609982892
pico-decoder-small,pico-lm/pico-decoder-small@41f9cd78186e1fbaf4b6b2164f52331d4ef4c15e,53000,,Phon,ses-9,0.0429367712445395,0.0576997689901846,0.0002999178427919
pico-decoder-small,pico-lm/pico-decoder-small@f4454c4dd5fa26693e9755fbac1a1f6aa12f6c37,54000,,Phon,ses-5,0.0068663819131244,-0.0127553419441078,0.0158157172570965
pico-decoder-small,pico-lm/pico-decoder-small@f4454c4dd5fa26693e9755fbac1a1f6aa12f6c37,54000,,Phon,ses-7,0.0189172644149433,0.0123169131417042,0.0135940150037107
pico-decoder-small,pico-lm/pico-decoder-small@f4454c4dd5fa26693e9755fbac1a1f6aa12f6c37,54000,,Phon,ses-9,0.0228430892543155,0.0214489114036089,0.0258328027498937
pico-decoder-small,pico-lm/pico-decoder-small@497f4bdf16cbdcb120415cd944d84b34d1fef37a,55000,,Phon,ses-5,0.0322687246279619,0.0451856207721683,0.0279857913622852
pico-decoder-small,pico-lm/pico-decoder-small@497f4bdf16cbdcb120415cd944d84b34d1fef37a,55000,,Phon,ses-7,0.0131532923690975,0.0497511402248626,0.0032704894810492
pico-decoder-small,pico-lm/pico-decoder-small@497f4bdf16cbdcb120415cd944d84b34d1fef37a,55000,,Phon,ses-9,0.0480417386628699,0.0596810277558332,0.0453601855713132
pico-decoder-small,pico-lm/pico-decoder-small@79119d3d39e86e4f4fdd14e0de769ebbba87b4c1,56000,,Phon,ses-5,0.0223912891060709,0.0118811410741626,0.0199789271412597
pico-decoder-small,pico-lm/pico-decoder-small@79119d3d39e86e4f4fdd14e0de769ebbba87b4c1,56000,,Phon,ses-7,0.0287377544024394,0.0295797266423914,0.0245308136707556
pico-decoder-small,pico-lm/pico-decoder-small@79119d3d39e86e4f4fdd14e0de769ebbba87b4c1,56000,,Phon,ses-9,0.0382839022013858,0.0331928213788007,0.0268218928505773
pico-decoder-small,pico-lm/pico-decoder-small@1e0aa9e9184e67611fe6a3fe7e0d301e199367b4,57000,,Phon,ses-5,0.0281898468526015,0.0249061383729631,0.0062454008601317
pico-decoder-small,pico-lm/pico-decoder-small@1e0aa9e9184e67611fe6a3fe7e0d301e199367b4,57000,,Phon,ses-7,0.0287724227443222,0.0361760550858343,0.0145308902396221
pico-decoder-small,pico-lm/pico-decoder-small@1e0aa9e9184e67611fe6a3fe7e0d301e199367b4,57000,,Phon,ses-9,0.0348605128502194,0.030962677506691,0.0200238889833214
pico-decoder-small,pico-lm/pico-decoder-small@12cffd4abfebe78cd4df44f368d49ae2aec28999,58000,,Phon,ses-5,0.0546117570233367,0.0577407971112201,0.0348841733845247
pico-decoder-small,pico-lm/pico-decoder-small@12cffd4abfebe78cd4df44f368d49ae2aec28999,58000,,Phon,ses-7,0.0674546246195868,0.0845585916769943,0.0400403539125833
pico-decoder-small,pico-lm/pico-decoder-small@12cffd4abfebe78cd4df44f368d49ae2aec28999,58000,,Phon,ses-9,0.0618476960016654,0.0701162245328437,0.0491642885494177
pico-decoder-small,pico-lm/pico-decoder-small@88752c656e1478698735820b50bc1648b43897bc,59000,,Phon,ses-5,0.033181906991708,0.0246008775970638,0.0274493522548764
pico-decoder-small,pico-lm/pico-decoder-small@88752c656e1478698735820b50bc1648b43897bc,59000,,Phon,ses-7,0.0592286907991109,0.0401352691250676,0.0502125210031257
pico-decoder-small,pico-lm/pico-decoder-small@88752c656e1478698735820b50bc1648b43897bc,59000,,Phon,ses-9,0.0620739790997751,0.055025130451736,0.0476616250828913
pico-decoder-small,pico-lm/pico-decoder-small@ef0c2a9858930c1b946d7fd3ec94d87a30fb6316,60000,,Phon,ses-5,0.0100014691808461,0.0566958961757214,-0.0018880272777467
pico-decoder-small,pico-lm/pico-decoder-small@ef0c2a9858930c1b946d7fd3ec94d87a30fb6316,60000,,Phon,ses-7,0.0290055815901079,0.0716053916138033,-0.0014320921951241
pico-decoder-small,pico-lm/pico-decoder-small@ef0c2a9858930c1b946d7fd3ec94d87a30fb6316,60000,,Phon,ses-9,0.0341133717443154,0.0600608359226886,0.0205806980681157
pico-decoder-small,pico-lm/pico-decoder-small@2adfdbab6dd63824aeb0c5b7f40693509b21f72e,61000,,Phon,ses-5,0.0229008080228764,0.030317870636997,0.0095642555633632
pico-decoder-small,pico-lm/pico-decoder-small@2adfdbab6dd63824aeb0c5b7f40693509b21f72e,61000,,Phon,ses-7,0.0358004558711255,0.0473594601181321,0.0297715260837305
pico-decoder-small,pico-lm/pico-decoder-small@2adfdbab6dd63824aeb0c5b7f40693509b21f72e,61000,,Phon,ses-9,0.0380067430259119,0.0478690530527063,0.0221234683859743
pico-decoder-small,pico-lm/pico-decoder-small@8f2f5e9d39b7ef2738d2ddfa5002e690090afb1b,62000,,Phon,ses-5,0.0465147168828792,0.0817606675620876,0.0403885342150243
pico-decoder-small,pico-lm/pico-decoder-small@8f2f5e9d39b7ef2738d2ddfa5002e690090afb1b,62000,,Phon,ses-7,0.0588029664640114,0.1106290971013272,0.05628403184746
pico-decoder-small,pico-lm/pico-decoder-small@8f2f5e9d39b7ef2738d2ddfa5002e690090afb1b,62000,,Phon,ses-9,0.0678865520748723,0.096582622975645,0.0522562392676256
pico-decoder-small,pico-lm/pico-decoder-small@27a605b8a3168bf13fde7e4903edf05011890db5,63000,,Phon,ses-5,0.0758817071160657,0.0934609666991507,0.0615233602000227
pico-decoder-small,pico-lm/pico-decoder-small@27a605b8a3168bf13fde7e4903edf05011890db5,63000,,Phon,ses-7,0.0903751644860762,0.129419071075494,0.055516251282003
pico-decoder-small,pico-lm/pico-decoder-small@27a605b8a3168bf13fde7e4903edf05011890db5,63000,,Phon,ses-9,0.0804626416673593,0.0988384538879595,0.0637917619164861
pico-decoder-small,pico-lm/pico-decoder-small@64faca95211d12573bc85e90ab9b9346d61f571c,64000,,Phon,ses-5,0.0422346566564173,0.060549872757527,0.0252781847347758
pico-decoder-small,pico-lm/pico-decoder-small@64faca95211d12573bc85e90ab9b9346d61f571c,64000,,Phon,ses-7,0.0572597189830615,0.0826271274669444,0.0338630026893853
pico-decoder-small,pico-lm/pico-decoder-small@64faca95211d12573bc85e90ab9b9346d61f571c,64000,,Phon,ses-9,0.0750135620493883,0.0868253218854002,0.0572756126819903
pico-decoder-small,pico-lm/pico-decoder-small@04de7a38c9b974bc56e59c77ce6289b59ac333a3,65000,,Phon,ses-5,0.0700189314097135,0.0905139442092362,0.0137307552858271
pico-decoder-small,pico-lm/pico-decoder-small@04de7a38c9b974bc56e59c77ce6289b59ac333a3,65000,,Phon,ses-7,0.0775260190332524,0.0918174301719873,0.0333651081553564
pico-decoder-small,pico-lm/pico-decoder-small@04de7a38c9b974bc56e59c77ce6289b59ac333a3,65000,,Phon,ses-9,0.0944063798487472,0.107584455235205,0.0490625881352657
pico-decoder-small,pico-lm/pico-decoder-small@0a060522b26b84154fe744cff68debc60a62771b,66000,,Phon,ses-5,0.0499042995164796,0.0706637289373591,0.0148281937460799
pico-decoder-small,pico-lm/pico-decoder-small@0a060522b26b84154fe744cff68debc60a62771b,66000,,Phon,ses-7,0.0767201940533183,0.0982796700378418,0.0405800699231488
pico-decoder-small,pico-lm/pico-decoder-small@0a060522b26b84154fe744cff68debc60a62771b,66000,,Phon,ses-9,0.0778906521202923,0.0972315913686241,0.0437718080914291
pico-decoder-small,pico-lm/pico-decoder-small@96a66aee1fd9e46f20ddd7b0e811fbcd6761cd3b,67000,,Phon,ses-5,0.0702580907250953,0.0941311178277325,0.0155645411929021
pico-decoder-small,pico-lm/pico-decoder-small@96a66aee1fd9e46f20ddd7b0e811fbcd6761cd3b,67000,,Phon,ses-7,0.1068875355446529,0.1270334209017433,0.0233170602394436
pico-decoder-small,pico-lm/pico-decoder-small@96a66aee1fd9e46f20ddd7b0e811fbcd6761cd3b,67000,,Phon,ses-9,0.0928734984485067,0.1142594552246952,0.0411591691355994
pico-decoder-small,pico-lm/pico-decoder-small@e7396619711d862dc1bed1a5f5797fb2b5cc9768,68000,,Phon,ses-5,0.0462519818302475,0.0707420418924689,0.0386980984486698
pico-decoder-small,pico-lm/pico-decoder-small@e7396619711d862dc1bed1a5f5797fb2b5cc9768,68000,,Phon,ses-7,0.0611441980717501,0.0870161979011787,0.0388506145761804
pico-decoder-small,pico-lm/pico-decoder-small@e7396619711d862dc1bed1a5f5797fb2b5cc9768,68000,,Phon,ses-9,0.0609477254503173,0.0810079147595278,0.0556635006500323
pico-decoder-small,pico-lm/pico-decoder-small@ba3a7a617ab159a7fcbc81cd6ffb20319f00199a,69000,,Phon,ses-5,0.0292570558812343,0.045029529514569,0.0347437688635496
pico-decoder-small,pico-lm/pico-decoder-small@ba3a7a617ab159a7fcbc81cd6ffb20319f00199a,69000,,Phon,ses-7,0.058431772384467,0.0743334472668006,0.0375934946372383
pico-decoder-small,pico-lm/pico-decoder-small@ba3a7a617ab159a7fcbc81cd6ffb20319f00199a,69000,,Phon,ses-9,0.0504523572577122,0.0678425488707078,0.0519054992439031
pico-decoder-small,pico-lm/pico-decoder-small@63bfd31a42bdd16864908136aa5cce931810bb58,70000,,Phon,ses-5,0.0166327282621482,0.0320553637387475,0.0199047196571442
pico-decoder-small,pico-lm/pico-decoder-small@63bfd31a42bdd16864908136aa5cce931810bb58,70000,,Phon,ses-7,0.0486193309310399,0.0681874443651819,0.025461466383765
pico-decoder-small,pico-lm/pico-decoder-small@63bfd31a42bdd16864908136aa5cce931810bb58,70000,,Phon,ses-9,0.0469915968381779,0.0646117329136655,0.0418248813539183
pico-decoder-small,pico-lm/pico-decoder-small@5e0a9fbd93f2dbafe06c6cb20fa5521f766270e0,71000,,Phon,ses-5,0.021822063720237,0.0363385808589741,0.0334793434427017
pico-decoder-small,pico-lm/pico-decoder-small@5e0a9fbd93f2dbafe06c6cb20fa5521f766270e0,71000,,Phon,ses-7,0.0650803020389189,0.0905195005722202,0.0515119151486457
pico-decoder-small,pico-lm/pico-decoder-small@5e0a9fbd93f2dbafe06c6cb20fa5521f766270e0,71000,,Phon,ses-9,0.0540339592301003,0.0710090505729674,0.0663168759387927
pico-decoder-small,pico-lm/pico-decoder-small@4b4e4304ce873cafd39ac997ad47e16ec2d5d76d,72000,,Phon,ses-5,0.0237496373264076,0.0354628090876472,0.0181441064226615
pico-decoder-small,pico-lm/pico-decoder-small@4b4e4304ce873cafd39ac997ad47e16ec2d5d76d,72000,,Phon,ses-7,0.05875007825313,0.0886040428842998,0.017961063355218
pico-decoder-small,pico-lm/pico-decoder-small@4b4e4304ce873cafd39ac997ad47e16ec2d5d76d,72000,,Phon,ses-9,0.0414851548867262,0.0566283754424551,0.031752987499969
pico-decoder-small,pico-lm/pico-decoder-small@f2bf3399e04924384ec7ea3acb5440318247824d,73000,,Phon,ses-5,0.0149777692841789,0.0248430910436771,-0.0038281731253044
pico-decoder-small,pico-lm/pico-decoder-small@f2bf3399e04924384ec7ea3acb5440318247824d,73000,,Phon,ses-7,0.0642595578075737,0.0770511972030941,0.0499298457073382
pico-decoder-small,pico-lm/pico-decoder-small@f2bf3399e04924384ec7ea3acb5440318247824d,73000,,Phon,ses-9,0.039094364430458,0.0556217071996411,0.0173905185846921
pico-decoder-small,pico-lm/pico-decoder-small@81c21ab4b67c2a986c2c4a8771db3b328075f9ca,74000,,Phon,ses-5,0.0222952765622006,0.0246101183202417,-0.0037884133670039
pico-decoder-small,pico-lm/pico-decoder-small@81c21ab4b67c2a986c2c4a8771db3b328075f9ca,74000,,Phon,ses-7,0.0618600346918407,0.0707131311269218,0.0368474350530999
pico-decoder-small,pico-lm/pico-decoder-small@81c21ab4b67c2a986c2c4a8771db3b328075f9ca,74000,,Phon,ses-9,0.0426213944673823,0.0455273816500702,0.0019540906514512
pico-decoder-small,pico-lm/pico-decoder-small@67737816c3793c77c33cd993cb625dfe02f5dba2,75000,,Phon,ses-5,0.0093462013727198,0.0148290395607762,-0.0446864787153588
pico-decoder-small,pico-lm/pico-decoder-small@67737816c3793c77c33cd993cb625dfe02f5dba2,75000,,Phon,ses-7,0.0275376554528992,0.04127868411757,-0.0403278489867637
pico-decoder-small,pico-lm/pico-decoder-small@67737816c3793c77c33cd993cb625dfe02f5dba2,75000,,Phon,ses-9,0.0240950236377361,0.0299208680706177,-0.0258537310943303
pico-decoder-small,pico-lm/pico-decoder-small@cd3c66fe9f41cb98971992c1c48e0000704daae7,76000,,Phon,ses-5,0.0129998973704113,0.0340347332547473,-0.0041455979669345
pico-decoder-small,pico-lm/pico-decoder-small@cd3c66fe9f41cb98971992c1c48e0000704daae7,76000,,Phon,ses-7,0.0225015353387182,0.0535606421883653,-0.00814978965785
pico-decoder-small,pico-lm/pico-decoder-small@cd3c66fe9f41cb98971992c1c48e0000704daae7,76000,,Phon,ses-9,0.0341240008396201,0.0515366708584797,0.0045428103700949
pico-decoder-small,pico-lm/pico-decoder-small@8bc1f96e0ab394e6d9396f9105337a8ee9281b02,77000,,Phon,ses-5,-0.0111303371666381,-0.0052433425589295,0.0040075224905056
pico-decoder-small,pico-lm/pico-decoder-small@8bc1f96e0ab394e6d9396f9105337a8ee9281b02,77000,,Phon,ses-7,-0.0205231043392805,-0.003457289489217,0.0039521126451557
pico-decoder-small,pico-lm/pico-decoder-small@8bc1f96e0ab394e6d9396f9105337a8ee9281b02,77000,,Phon,ses-9,0.0035778385640917,0.0074937716113694,0.013526320364619
pico-decoder-small,pico-lm/pico-decoder-small@54681b82e00ed8da204a8f5e199732edcd50c540,78000,,Phon,ses-5,-0.0207884716937242,0.0073920273614514,-0.0352014803726202
pico-decoder-small,pico-lm/pico-decoder-small@54681b82e00ed8da204a8f5e199732edcd50c540,78000,,Phon,ses-7,-0.0044532474327664,0.0472257042611932,-0.036976790805208
pico-decoder-small,pico-lm/pico-decoder-small@54681b82e00ed8da204a8f5e199732edcd50c540,78000,,Phon,ses-9,0.0057402159351984,0.0167869705127689,-0.0022156435756416
pico-decoder-small,pico-lm/pico-decoder-small@9f79f048c9629723d93a9c6d020fad45ecd81ebb,79000,,Phon,ses-5,-0.0297868254846526,-0.0109020311557244,-0.0155690519650763
pico-decoder-small,pico-lm/pico-decoder-small@9f79f048c9629723d93a9c6d020fad45ecd81ebb,79000,,Phon,ses-7,-0.0326532138797214,0.0323664934769451,-0.0186166200482278
pico-decoder-small,pico-lm/pico-decoder-small@9f79f048c9629723d93a9c6d020fad45ecd81ebb,79000,,Phon,ses-9,-0.0035508033944304,0.0142994395514687,0.0077814542451383
pico-decoder-small,pico-lm/pico-decoder-small@a8eea15ae0deddaf3beced3d114c9bc8ed9a25e5,80000,,Phon,ses-5,-0.030045518304772,-0.0165724052179206,-0.0047842829204023
pico-decoder-small,pico-lm/pico-decoder-small@a8eea15ae0deddaf3beced3d114c9bc8ed9a25e5,80000,,Phon,ses-7,-0.029565782557117,0.0295838163037652,-0.0054042622183511
pico-decoder-small,pico-lm/pico-decoder-small@a8eea15ae0deddaf3beced3d114c9bc8ed9a25e5,80000,,Phon,ses-9,-0.0036926559329188,0.0119314695637623,0.0189273502341985
pico-decoder-small,pico-lm/pico-decoder-small@8d7bca4dea2e340144c93745d61646c84d35ffdb,81000,,Phon,ses-5,-0.0340465523833037,0.0087676325011749,-0.0467994625203321
pico-decoder-small,pico-lm/pico-decoder-small@8d7bca4dea2e340144c93745d61646c84d35ffdb,81000,,Phon,ses-7,-0.0260111999447698,0.0427498426035504,-0.0356221808414987
pico-decoder-small,pico-lm/pico-decoder-small@8d7bca4dea2e340144c93745d61646c84d35ffdb,81000,,Phon,ses-9,9.704879263167916e-05,0.0403177768212717,-0.0094272148984574
pico-decoder-small,pico-lm/pico-decoder-small@063ab25b24aefd512a554e49853ed6fc32ee9c1b,82000,,Phon,ses-5,-0.0107062038542554,0.0074272806592925,0.0029829160773855
pico-decoder-small,pico-lm/pico-decoder-small@063ab25b24aefd512a554e49853ed6fc32ee9c1b,82000,,Phon,ses-7,0.0151346323387059,0.0608459258667276,0.0315177187884666
pico-decoder-small,pico-lm/pico-decoder-small@063ab25b24aefd512a554e49853ed6fc32ee9c1b,82000,,Phon,ses-9,0.0285224216223781,0.039793611728318,0.0322358930765327
pico-decoder-small,pico-lm/pico-decoder-small@d63e823855aefabdb4d0fb89c6cb30f1917edff8,83000,,Phon,ses-5,0.0048681091213494,0.0268595643017346,0.0021545264572938
pico-decoder-small,pico-lm/pico-decoder-small@d63e823855aefabdb4d0fb89c6cb30f1917edff8,83000,,Phon,ses-7,0.0428651127024188,0.0900087082623458,0.0517354164721679
pico-decoder-small,pico-lm/pico-decoder-small@d63e823855aefabdb4d0fb89c6cb30f1917edff8,83000,,Phon,ses-9,0.0376663101561314,0.0510580999924074,0.0297589344396273
pico-decoder-small,pico-lm/pico-decoder-small@aac007e3728b91b2460f8be94a5ef79547dc60b8,84000,,Phon,ses-5,0.0167876072093033,0.0149742775139074,0.0091254430183531
pico-decoder-small,pico-lm/pico-decoder-small@aac007e3728b91b2460f8be94a5ef79547dc60b8,84000,,Phon,ses-7,0.0274550056314407,0.0754784633426874,0.0263687359494468
pico-decoder-small,pico-lm/pico-decoder-small@aac007e3728b91b2460f8be94a5ef79547dc60b8,84000,,Phon,ses-9,0.0399292381508089,0.0521967167650903,0.0185711846361705
pico-decoder-small,pico-lm/pico-decoder-small@804cfb5f121020ed666ca55376b9e9f358701d23,85000,,Phon,ses-5,-0.0016167737141459,-0.003525937017253,0.0234844122585483
pico-decoder-small,pico-lm/pico-decoder-small@804cfb5f121020ed666ca55376b9e9f358701d23,85000,,Phon,ses-7,0.0118189489016214,0.0323816570588548,0.0469875136443761
pico-decoder-small,pico-lm/pico-decoder-small@804cfb5f121020ed666ca55376b9e9f358701d23,85000,,Phon,ses-9,0.0262825850156682,0.0300271166251378,0.0462407799955094
pico-decoder-small,pico-lm/pico-decoder-small@938244e11e03da85918d38722414505f45c1ceda,86000,,Phon,ses-5,-0.0040411488346741,-0.0044556368413181,0.0016043078283876
pico-decoder-small,pico-lm/pico-decoder-small@938244e11e03da85918d38722414505f45c1ceda,86000,,Phon,ses-7,0.000366695523895,0.0085448426105749,0.0114426368167521
pico-decoder-small,pico-lm/pico-decoder-small@938244e11e03da85918d38722414505f45c1ceda,86000,,Phon,ses-9,0.0220786006830165,0.0244420627730251,0.0207433165431211
pico-decoder-small,pico-lm/pico-decoder-small@9bd6535d2bbcd3e8e0be555350c1a9abcfa9ef20,87000,,Phon,ses-5,0.0110509419711436,0.0278999400926769,-0.0250733366075775
pico-decoder-small,pico-lm/pico-decoder-small@9bd6535d2bbcd3e8e0be555350c1a9abcfa9ef20,87000,,Phon,ses-7,0.0151174774632332,0.0629146333922733,-0.0290253946376807
pico-decoder-small,pico-lm/pico-decoder-small@9bd6535d2bbcd3e8e0be555350c1a9abcfa9ef20,87000,,Phon,ses-9,0.0351485763521184,0.0493640725677246,0.0018778947482492
pico-decoder-small,pico-lm/pico-decoder-small@5e4f19facb03a2fb589181b485fc44570680d8b4,88000,,Phon,ses-5,0.0040137744767912,0.017482145396114,0.0025414949449942
pico-decoder-small,pico-lm/pico-decoder-small@5e4f19facb03a2fb589181b485fc44570680d8b4,88000,,Phon,ses-7,0.0012628581125617,0.0168526307411509,0.0114282011960042
pico-decoder-small,pico-lm/pico-decoder-small@5e4f19facb03a2fb589181b485fc44570680d8b4,88000,,Phon,ses-9,0.0256480421827694,0.0349387582551325,0.03316927869803
pico-decoder-small,pico-lm/pico-decoder-small@48b3ab14f90bae2930c79eefee13f8548f7a3ac0,89000,,Phon,ses-5,0.0314497460437781,0.0262602460219123,0.0336640731092041
pico-decoder-small,pico-lm/pico-decoder-small@48b3ab14f90bae2930c79eefee13f8548f7a3ac0,89000,,Phon,ses-7,0.0273754271880724,0.0367928667107316,0.016690744539022
pico-decoder-small,pico-lm/pico-decoder-small@48b3ab14f90bae2930c79eefee13f8548f7a3ac0,89000,,Phon,ses-9,0.0493186896148625,0.0468712173574139,0.0392971350297997
pico-decoder-small,pico-lm/pico-decoder-small@a7e691278d2179f7a23f55c82de28f96b4acd2e4,90000,,Phon,ses-5,0.0297329534842051,0.0474870480672216,0.0343659433668277
pico-decoder-small,pico-lm/pico-decoder-small@a7e691278d2179f7a23f55c82de28f96b4acd2e4,90000,,Phon,ses-7,0.0535011347768314,0.0843831113570992,0.0621108076107124
pico-decoder-small,pico-lm/pico-decoder-small@a7e691278d2179f7a23f55c82de28f96b4acd2e4,90000,,Phon,ses-9,0.0580537471116317,0.0660562392539718,0.0545525392153055
pico-decoder-small,pico-lm/pico-decoder-small@c025f14d64c01b36a07900656ded25b50f8caafd,91000,,Phon,ses-5,0.0269321326156527,0.0316848307887874,0.0132843577160762
pico-decoder-small,pico-lm/pico-decoder-small@c025f14d64c01b36a07900656ded25b50f8caafd,91000,,Phon,ses-7,0.0519110117711212,0.0550997137736478,0.0250080428749434
pico-decoder-small,pico-lm/pico-decoder-small@c025f14d64c01b36a07900656ded25b50f8caafd,91000,,Phon,ses-9,0.0476339316581222,0.0491351780077572,0.0324386234332041
pico-decoder-small,pico-lm/pico-decoder-small@b3b967e1f18d21573f4a6146c441a2825a5a8f83,92000,,Phon,ses-5,0.0393529932934763,0.05106043191143,0.0233831200200526
pico-decoder-small,pico-lm/pico-decoder-small@b3b967e1f18d21573f4a6146c441a2825a5a8f83,92000,,Phon,ses-7,0.0552015018593317,0.0669730642980032,0.0587469199221271
pico-decoder-small,pico-lm/pico-decoder-small@b3b967e1f18d21573f4a6146c441a2825a5a8f83,92000,,Phon,ses-9,0.0516922274634587,0.0665753114932696,0.038530282201618
pico-decoder-small,pico-lm/pico-decoder-small@41ae4009882dd5c1963328961a9ed1964aab8606,93000,,Phon,ses-5,0.029975544924472,0.0365046436753895,0.0556370446873762
pico-decoder-small,pico-lm/pico-decoder-small@41ae4009882dd5c1963328961a9ed1964aab8606,93000,,Phon,ses-7,0.0462766865181244,0.0635254445475746,0.0893658998724059
pico-decoder-small,pico-lm/pico-decoder-small@41ae4009882dd5c1963328961a9ed1964aab8606,93000,,Phon,ses-9,0.0473271696868952,0.0593048637065013,0.0587756452839429
pico-decoder-small,pico-lm/pico-decoder-small@bfda4783bf178eae55bcebd43810ed9180cbdc63,94000,,Phon,ses-5,0.0430899786836371,0.0366354567870594,0.0277726280933269
pico-decoder-small,pico-lm/pico-decoder-small@bfda4783bf178eae55bcebd43810ed9180cbdc63,94000,,Phon,ses-7,0.0802341718112878,0.0794208192961419,0.0581602795207015
pico-decoder-small,pico-lm/pico-decoder-small@bfda4783bf178eae55bcebd43810ed9180cbdc63,94000,,Phon,ses-9,0.0613799173574365,0.0542721994316362,0.0588255993729847
pico-decoder-small,pico-lm/pico-decoder-small@94177e145ce01fae74b87897c8260f2f6fe1deb0,95000,,Phon,ses-5,0.0405882449341816,0.0394267221772624,0.0511663822390181
pico-decoder-small,pico-lm/pico-decoder-small@94177e145ce01fae74b87897c8260f2f6fe1deb0,95000,,Phon,ses-7,0.0768023846771634,0.0848200188428399,0.0944964565987417
pico-decoder-small,pico-lm/pico-decoder-small@94177e145ce01fae74b87897c8260f2f6fe1deb0,95000,,Phon,ses-9,0.0681207184246549,0.0687551225640649,0.0781345564776792
pico-decoder-small,pico-lm/pico-decoder-small@938d2d29f7aba65159e5bdc0ccfbefdc61757005,96000,,Phon,ses-5,0.0552810494020781,0.0647197629249674,0.0620937677142979
pico-decoder-small,pico-lm/pico-decoder-small@938d2d29f7aba65159e5bdc0ccfbefdc61757005,96000,,Phon,ses-7,0.0982355892228131,0.1039628613905428,0.0817848871820631
pico-decoder-small,pico-lm/pico-decoder-small@938d2d29f7aba65159e5bdc0ccfbefdc61757005,96000,,Phon,ses-9,0.0833952723722918,0.0896254665333671,0.0697683094008556
pico-decoder-small,pico-lm/pico-decoder-small@57a25f8bc299440e75e421522b5461ef9addc60f,97000,,Phon,ses-5,0.0190057975710824,0.0134487382451474,0.0336677244129188
pico-decoder-small,pico-lm/pico-decoder-small@57a25f8bc299440e75e421522b5461ef9addc60f,97000,,Phon,ses-7,0.0683180828524073,0.0521346187316529,0.0667668888813026
pico-decoder-small,pico-lm/pico-decoder-small@57a25f8bc299440e75e421522b5461ef9addc60f,97000,,Phon,ses-9,0.0501619453085509,0.0550720965225047,0.0538393514252665
pico-decoder-small,pico-lm/pico-decoder-small@2b2b81f5b793cfe7595f1880023e3199b0ca4d01,98000,,Phon,ses-5,0.0210673217799716,0.021612536663992,0.0099027769063023
pico-decoder-small,pico-lm/pico-decoder-small@2b2b81f5b793cfe7595f1880023e3199b0ca4d01,98000,,Phon,ses-7,0.0418950731944287,0.0276927938215543,0.0236897296440276
pico-decoder-small,pico-lm/pico-decoder-small@2b2b81f5b793cfe7595f1880023e3199b0ca4d01,98000,,Phon,ses-9,0.0484695211231099,0.0497963643629006,0.0280048857907446
pico-decoder-small,pico-lm/pico-decoder-small@a014170484f226c32a449440e37684a5138bffea,99000,,Phon,ses-5,0.0115888693387361,0.0271798779922001,0.0043476334189233
pico-decoder-small,pico-lm/pico-decoder-small@a014170484f226c32a449440e37684a5138bffea,99000,,Phon,ses-7,0.0145113344576919,0.0340220532204931,0.0019083728220824
pico-decoder-small,pico-lm/pico-decoder-small@a014170484f226c32a449440e37684a5138bffea,99000,,Phon,ses-9,0.0359722676404473,0.0446010449634553,0.0267878633610862
pico-decoder-small,pico-lm/pico-decoder-small@912032713d1ca4f482ce957408afca3e5a267267,100000,,Phon,ses-5,0.0262542009979312,0.0292723761221107,0.0486303157428058
pico-decoder-small,pico-lm/pico-decoder-small@912032713d1ca4f482ce957408afca3e5a267267,100000,,Phon,ses-7,0.041576344059108,0.0382886371827233,0.0808172112123366
pico-decoder-small,pico-lm/pico-decoder-small@912032713d1ca4f482ce957408afca3e5a267267,100000,,Phon,ses-9,0.0485670700746445,0.0465442485353401,0.0586672459024167
pico-decoder-small,pico-lm/pico-decoder-small@0405a0c52b2083efba346cb0195a2684e628b1af,101000,,Phon,ses-5,0.0535467067265203,0.0493455939958453,0.0504229786711224
pico-decoder-small,pico-lm/pico-decoder-small@0405a0c52b2083efba346cb0195a2684e628b1af,101000,,Phon,ses-7,0.0592960117562637,0.0573047958041813,0.0613050228734487
pico-decoder-small,pico-lm/pico-decoder-small@0405a0c52b2083efba346cb0195a2684e628b1af,101000,,Phon,ses-9,0.0630364989773636,0.0614049332073895,0.0579858332937104
pico-decoder-small,pico-lm/pico-decoder-small@a29b66f6847b3a1ec6358c6bdf5686f8db25e228,102000,,Phon,ses-5,0.0488345171128021,0.0434716243595652,0.0540454722269145
pico-decoder-small,pico-lm/pico-decoder-small@a29b66f6847b3a1ec6358c6bdf5686f8db25e228,102000,,Phon,ses-7,0.0793994691222859,0.069797216573307,0.0984102783430645
pico-decoder-small,pico-lm/pico-decoder-small@a29b66f6847b3a1ec6358c6bdf5686f8db25e228,102000,,Phon,ses-9,0.0730602748141057,0.0673947852060225,0.0864615870722519
pico-decoder-small,pico-lm/pico-decoder-small@b6e1c3f17ee3de24e5563176b76cde040230086b,103000,,Phon,ses-5,0.052470405728866,0.0249521558665022,0.0650075353861256
pico-decoder-small,pico-lm/pico-decoder-small@b6e1c3f17ee3de24e5563176b76cde040230086b,103000,,Phon,ses-7,0.0815381040365083,0.0432264861331608,0.096149944563386
pico-decoder-small,pico-lm/pico-decoder-small@b6e1c3f17ee3de24e5563176b76cde040230086b,103000,,Phon,ses-9,0.0764342871273783,0.0521071581394765,0.0873310881731962
pico-decoder-small,pico-lm/pico-decoder-small@fd779f78578d7ce2eb7316f95b1536f35f90d660,104000,,Phon,ses-5,0.0571527446232369,0.0356842199481688,0.0732754710565354
pico-decoder-small,pico-lm/pico-decoder-small@fd779f78578d7ce2eb7316f95b1536f35f90d660,104000,,Phon,ses-7,0.0943001959699473,0.0651977193716979,0.0966578343706618
pico-decoder-small,pico-lm/pico-decoder-small@fd779f78578d7ce2eb7316f95b1536f35f90d660,104000,,Phon,ses-9,0.0826886096438016,0.0648214310012594,0.0823315536766923
pico-decoder-small,pico-lm/pico-decoder-small@2a9ae447eace88eb5c4be50d7b3c867cbd1a9a7e,105000,,Phon,ses-5,0.0501966287414351,0.0433490006313104,0.0588869902852145
pico-decoder-small,pico-lm/pico-decoder-small@2a9ae447eace88eb5c4be50d7b3c867cbd1a9a7e,105000,,Phon,ses-7,0.0836791456061412,0.0684066749353137,0.0844860887574156
pico-decoder-small,pico-lm/pico-decoder-small@2a9ae447eace88eb5c4be50d7b3c867cbd1a9a7e,105000,,Phon,ses-9,0.079039213144265,0.0748877505267469,0.0813250679631331
pico-decoder-small,pico-lm/pico-decoder-small@36d78ffabfbf506523a459e2116bbc012c1adab7,106000,,Phon,ses-5,0.0354694110414411,0.01541037296005,0.033849776504605
pico-decoder-small,pico-lm/pico-decoder-small@36d78ffabfbf506523a459e2116bbc012c1adab7,106000,,Phon,ses-7,0.064523063938514,0.043350196413515,0.0474509467988268
pico-decoder-small,pico-lm/pico-decoder-small@36d78ffabfbf506523a459e2116bbc012c1adab7,106000,,Phon,ses-9,0.0624635741403345,0.0451252883858924,0.0548777754466971
pico-decoder-small,pico-lm/pico-decoder-small@3f9b3375f2ae4b81043ba582d1b2ec8bc15a04e1,107000,,Phon,ses-5,0.0339934873921204,0.0380958956317267,0.0386397106457144
pico-decoder-small,pico-lm/pico-decoder-small@3f9b3375f2ae4b81043ba582d1b2ec8bc15a04e1,107000,,Phon,ses-7,0.0833039193547521,0.0800216466761022,0.0767891778950992
pico-decoder-small,pico-lm/pico-decoder-small@3f9b3375f2ae4b81043ba582d1b2ec8bc15a04e1,107000,,Phon,ses-9,0.0669744210508891,0.0691527876972666,0.0640299295374916
pico-decoder-small,pico-lm/pico-decoder-small@00c972e3e00659382b3fe4f9d9f634ebbd9833c1,108000,,Phon,ses-5,0.0183322840236695,0.0284233599776101,0.0286562392805607
pico-decoder-small,pico-lm/pico-decoder-small@00c972e3e00659382b3fe4f9d9f634ebbd9833c1,108000,,Phon,ses-7,0.0477020747155406,0.0664264768514764,0.0398730931581061
pico-decoder-small,pico-lm/pico-decoder-small@00c972e3e00659382b3fe4f9d9f634ebbd9833c1,108000,,Phon,ses-9,0.0571231626674381,0.0706498452160902,0.0563567740672035
pico-decoder-small,pico-lm/pico-decoder-small@076cdde7affce35bd2bad3498e51f33f575aaddb,109000,,Phon,ses-5,0.0124144211319493,0.0259169631087284,0.0477939185499347
pico-decoder-small,pico-lm/pico-decoder-small@076cdde7affce35bd2bad3498e51f33f575aaddb,109000,,Phon,ses-7,0.0373317038501215,0.0609958707750509,0.0800355735145179
pico-decoder-small,pico-lm/pico-decoder-small@076cdde7affce35bd2bad3498e51f33f575aaddb,109000,,Phon,ses-9,0.0444763796382996,0.0561107842771498,0.0700489114805012
pico-decoder-small,pico-lm/pico-decoder-small@1f7f52ddf73285dd5484e753c1740cc68df81b76,110000,,Phon,ses-5,-0.0003067583781314,0.0043383718557912,0.0063743462807262
pico-decoder-small,pico-lm/pico-decoder-small@1f7f52ddf73285dd5484e753c1740cc68df81b76,110000,,Phon,ses-7,0.0226982127665983,0.0305625640381703,0.021569424547528
pico-decoder-small,pico-lm/pico-decoder-small@1f7f52ddf73285dd5484e753c1740cc68df81b76,110000,,Phon,ses-9,0.0342411724046624,0.0387360523171386,0.0263195191636153
pico-decoder-small,pico-lm/pico-decoder-small@a801b2ab639f60dbd4ebfe264aab726255eb2877,111000,,Phon,ses-5,0.0164606649761367,0.0107960139965588,0.0082414854567067
pico-decoder-small,pico-lm/pico-decoder-small@a801b2ab639f60dbd4ebfe264aab726255eb2877,111000,,Phon,ses-7,0.0492563817446441,0.0430104217988422,0.0404340465193268
pico-decoder-small,pico-lm/pico-decoder-small@a801b2ab639f60dbd4ebfe264aab726255eb2877,111000,,Phon,ses-9,0.0526435958096471,0.0464367416787526,0.032624821238555
pico-decoder-small,pico-lm/pico-decoder-small@197b11d764b16772e54f2cbbfab17581cbdb9b59,112000,,Phon,ses-5,0.0189650712700745,0.0101452504930346,0.03894009559093
pico-decoder-small,pico-lm/pico-decoder-small@197b11d764b16772e54f2cbbfab17581cbdb9b59,112000,,Phon,ses-7,0.0546977304581943,0.040712914571052,0.0846041190722982
pico-decoder-small,pico-lm/pico-decoder-small@197b11d764b16772e54f2cbbfab17581cbdb9b59,112000,,Phon,ses-9,0.0457256350096658,0.0446355889842315,0.0543407621626168
pico-decoder-small,pico-lm/pico-decoder-small@0ff198943f69ee08bd0b54c8ab55d364ce931a26,113000,,Phon,ses-5,0.0237937555096302,0.021055545768562,0.0168280201923778
pico-decoder-small,pico-lm/pico-decoder-small@0ff198943f69ee08bd0b54c8ab55d364ce931a26,113000,,Phon,ses-7,0.0662587367780505,0.0622408395834062,0.0569300747420289
pico-decoder-small,pico-lm/pico-decoder-small@0ff198943f69ee08bd0b54c8ab55d364ce931a26,113000,,Phon,ses-9,0.050534875571873,0.0473071209322533,0.0322082736695323
pico-decoder-small,pico-lm/pico-decoder-small@fe2f1951a2f9a01d14429415f467c91c8a765024,114000,,Phon,ses-5,0.0035384266174421,0.0217811254265907,0.0326802296466667
pico-decoder-small,pico-lm/pico-decoder-small@fe2f1951a2f9a01d14429415f467c91c8a765024,114000,,Phon,ses-7,0.0231756015042293,0.0514309159952904,0.0381402832971169
pico-decoder-small,pico-lm/pico-decoder-small@fe2f1951a2f9a01d14429415f467c91c8a765024,114000,,Phon,ses-9,0.027220255044319,0.047780213764825,0.0498139604705088
pico-decoder-small,pico-lm/pico-decoder-small@dde9b48ac9a426d9bc86b1fc423b8241736f6ea3,115000,,Phon,ses-5,0.0175246028505658,0.0350382446037965,0.0138671146998135
pico-decoder-small,pico-lm/pico-decoder-small@dde9b48ac9a426d9bc86b1fc423b8241736f6ea3,115000,,Phon,ses-7,0.0276584531699871,0.0396954656043004,0.0083114379970524
pico-decoder-small,pico-lm/pico-decoder-small@dde9b48ac9a426d9bc86b1fc423b8241736f6ea3,115000,,Phon,ses-9,0.039058001584706,0.0592546947503447,0.0379421772544395
pico-decoder-small,pico-lm/pico-decoder-small@eb892260583a7bfbf95a1aecbf60ebc4ee0b8fe2,116000,,Phon,ses-5,0.0256001886173959,0.039016481928197,0.0109791828223471
pico-decoder-small,pico-lm/pico-decoder-small@eb892260583a7bfbf95a1aecbf60ebc4ee0b8fe2,116000,,Phon,ses-7,0.0575948168245449,0.0625823101391864,0.035390563433711
pico-decoder-small,pico-lm/pico-decoder-small@eb892260583a7bfbf95a1aecbf60ebc4ee0b8fe2,116000,,Phon,ses-9,0.0465800235506574,0.0642172900685678,0.0274374361127397
pico-decoder-small,pico-lm/pico-decoder-small@62d95f269e32053c9fc3638cfe64f8b2f7b23654,117000,,Phon,ses-5,0.0357988540691219,0.0492718284624844,0.0123441301220012
pico-decoder-small,pico-lm/pico-decoder-small@62d95f269e32053c9fc3638cfe64f8b2f7b23654,117000,,Phon,ses-7,0.0648983800172922,0.0915660945743498,0.0150804010287018
pico-decoder-small,pico-lm/pico-decoder-small@62d95f269e32053c9fc3638cfe64f8b2f7b23654,117000,,Phon,ses-9,0.0500620737800422,0.0644792073326485,0.0263682825007863
pico-decoder-small,pico-lm/pico-decoder-small@31ddb818fbb16fbd1caf8ec968855022dd6afc74,118000,,Phon,ses-5,0.0212384034322743,0.0277161130117808,0.0213358043482715
pico-decoder-small,pico-lm/pico-decoder-small@31ddb818fbb16fbd1caf8ec968855022dd6afc74,118000,,Phon,ses-7,0.0555929660282048,0.0587880127188828,0.0484209022283807
pico-decoder-small,pico-lm/pico-decoder-small@31ddb818fbb16fbd1caf8ec968855022dd6afc74,118000,,Phon,ses-9,0.0441153159323954,0.0517779465071501,0.0449440706109966
pico-decoder-small,pico-lm/pico-decoder-small@82d2ace20cd9a6db92a58205d7a22f5f6173e7b8,119000,,Phon,ses-5,0.0157142633293003,0.0309304848076535,0.0201416749677055
pico-decoder-small,pico-lm/pico-decoder-small@82d2ace20cd9a6db92a58205d7a22f5f6173e7b8,119000,,Phon,ses-7,0.0460851723685733,0.0715356790922415,0.038594141570502
pico-decoder-small,pico-lm/pico-decoder-small@82d2ace20cd9a6db92a58205d7a22f5f6173e7b8,119000,,Phon,ses-9,0.0419365195517882,0.0640682340920876,0.0291851292941844
pico-decoder-small,pico-lm/pico-decoder-small@8e25d91566448034f3bb0406ab0045355c528ae7,120000,,Phon,ses-5,0.0207691588050544,0.0209944229012614,0.0277268879867655
pico-decoder-small,pico-lm/pico-decoder-small@8e25d91566448034f3bb0406ab0045355c528ae7,120000,,Phon,ses-7,0.0488056214382564,0.0544163982615295,0.0330096453668213
pico-decoder-small,pico-lm/pico-decoder-small@8e25d91566448034f3bb0406ab0045355c528ae7,120000,,Phon,ses-9,0.0377522160407923,0.0490585128462742,0.0400365172051374
pico-decoder-small,pico-lm/pico-decoder-small@8a2f1db72ebb1ce87faaf75ea1db7910f308be65,121000,,Phon,ses-5,0.0191581599141028,-0.0047140666468421,0.0437056735744324
pico-decoder-small,pico-lm/pico-decoder-small@8a2f1db72ebb1ce87faaf75ea1db7910f308be65,121000,,Phon,ses-7,0.0554718478069923,0.0241649754594626,0.0701360778230868
pico-decoder-small,pico-lm/pico-decoder-small@8a2f1db72ebb1ce87faaf75ea1db7910f308be65,121000,,Phon,ses-9,0.0334522119780792,0.0260224362732253,0.0484487573424503
pico-decoder-small,pico-lm/pico-decoder-small@e197ddf7837d73cb367f53e1dd174a4745892831,122000,,Phon,ses-5,0.0148197801535014,0.0245355177514712,0.0344303517607143
pico-decoder-small,pico-lm/pico-decoder-small@e197ddf7837d73cb367f53e1dd174a4745892831,122000,,Phon,ses-7,0.0503910640776817,0.0758454908686129,0.0595610614810594
pico-decoder-small,pico-lm/pico-decoder-small@e197ddf7837d73cb367f53e1dd174a4745892831,122000,,Phon,ses-9,0.0326971495336893,0.0501805086774856,0.0315388267876815
pico-decoder-small,pico-lm/pico-decoder-small@51a1f29ffaf81f8b5d071b1858b6ac094aca1b30,123000,,Phon,ses-5,-0.0003560808009725,0.0137162571452163,0.0531348150907326
pico-decoder-small,pico-lm/pico-decoder-small@51a1f29ffaf81f8b5d071b1858b6ac094aca1b30,123000,,Phon,ses-7,0.031202174573056,0.0532821176365762,0.0539786313073293
pico-decoder-small,pico-lm/pico-decoder-small@51a1f29ffaf81f8b5d071b1858b6ac094aca1b30,123000,,Phon,ses-9,0.0226595805216866,0.0410551447072349,0.0449298972862251
pico-decoder-small,pico-lm/pico-decoder-small@c2d4754b377c202474754e86b41f1321342ad24a,124000,,Phon,ses-5,-0.003769284444827,0.0055394524390401,0.0349943628462621
pico-decoder-small,pico-lm/pico-decoder-small@c2d4754b377c202474754e86b41f1321342ad24a,124000,,Phon,ses-7,0.039281146473148,0.0446681841099724,0.0260056658589783
pico-decoder-small,pico-lm/pico-decoder-small@c2d4754b377c202474754e86b41f1321342ad24a,124000,,Phon,ses-9,0.0260286523285553,0.0333066384298221,0.0223554364798894
pico-decoder-small,pico-lm/pico-decoder-small@ef21ca419b33425716396ead8c1e60e01f301271,125000,,Phon,ses-5,0.0005297832571814,0.0276905186734416,0.0366799213446947
pico-decoder-small,pico-lm/pico-decoder-small@ef21ca419b33425716396ead8c1e60e01f301271,125000,,Phon,ses-7,0.0497026607422413,0.0772509409787307,0.0641739659594653
pico-decoder-small,pico-lm/pico-decoder-small@ef21ca419b33425716396ead8c1e60e01f301271,125000,,Phon,ses-9,0.0316038697222451,0.0486035593973604,0.0557147331624766
pico-decoder-small,pico-lm/pico-decoder-small@a8294defc7001e32644ce53dbcb87ef35587ff22,0,,Plaus,ses-5,-0.0146599531431983,-0.0152868939966638,-0.0149016873368506
pico-decoder-small,pico-lm/pico-decoder-small@a8294defc7001e32644ce53dbcb87ef35587ff22,0,,Plaus,ses-7,-0.0545101290573233,-0.0573172047867875,-0.0511048939612929
pico-decoder-small,pico-lm/pico-decoder-small@a8294defc7001e32644ce53dbcb87ef35587ff22,0,,Plaus,ses-9,-0.0333301596153637,-0.0362641573740109,-0.0313868401119857
pico-decoder-small,pico-lm/pico-decoder-small@5e3d06988f3cc3adbf36b55cd8b1ddb3ae9f9bde,1000,,Plaus,ses-5,-0.0131508250919231,-0.0168941539341363,-0.0186726464064871
pico-decoder-small,pico-lm/pico-decoder-small@5e3d06988f3cc3adbf36b55cd8b1ddb3ae9f9bde,1000,,Plaus,ses-7,-0.0129030229817846,-0.0158978427307169,-0.0195646279659288
pico-decoder-small,pico-lm/pico-decoder-small@5e3d06988f3cc3adbf36b55cd8b1ddb3ae9f9bde,1000,,Plaus,ses-9,-0.0080460280463363,-0.0072948031059833,-0.010481166896263
pico-decoder-small,pico-lm/pico-decoder-small@9f1ca389bbb1cc08b42a32bfe58fb818b24b3490,2000,,Plaus,ses-5,-0.0508210717120988,-0.0526269628615649,-0.0441868048124658
pico-decoder-small,pico-lm/pico-decoder-small@9f1ca389bbb1cc08b42a32bfe58fb818b24b3490,2000,,Plaus,ses-7,-0.0825483070072084,-0.0803904009607909,-0.0628316078354049
pico-decoder-small,pico-lm/pico-decoder-small@9f1ca389bbb1cc08b42a32bfe58fb818b24b3490,2000,,Plaus,ses-9,-0.0656044595637177,-0.0577294508961351,-0.0536710794655176
pico-decoder-small,pico-lm/pico-decoder-small@f2269f20ce160cf71bea0a02ccf685e126dd2dc1,3000,,Plaus,ses-5,-0.0290096948761503,-0.0235356746340765,-0.0326467918994245
pico-decoder-small,pico-lm/pico-decoder-small@f2269f20ce160cf71bea0a02ccf685e126dd2dc1,3000,,Plaus,ses-7,-0.0410511288994525,-0.037528196998198,-0.045509677691114
pico-decoder-small,pico-lm/pico-decoder-small@f2269f20ce160cf71bea0a02ccf685e126dd2dc1,3000,,Plaus,ses-9,-0.020971527638172,-0.0133442150436709,-0.0242149588413105
pico-decoder-small,pico-lm/pico-decoder-small@10da1c98e1cd32fc61ab4ced31075c08cf699861,4000,,Plaus,ses-5,-0.0237977181701762,-0.025693141384115,-0.0251343152736301
pico-decoder-small,pico-lm/pico-decoder-small@10da1c98e1cd32fc61ab4ced31075c08cf699861,4000,,Plaus,ses-7,-0.0391610962632481,-0.0426509748990214,-0.0383950715793685
pico-decoder-small,pico-lm/pico-decoder-small@10da1c98e1cd32fc61ab4ced31075c08cf699861,4000,,Plaus,ses-9,-0.0243427421510788,-0.027355218152012,-0.0269402951479806
pico-decoder-small,pico-lm/pico-decoder-small@be2865b50166a683e659f4a1f99e058c77288911,5000,,Plaus,ses-5,-0.0303855494949306,-0.0142160841866282,-0.0306999839932734
pico-decoder-small,pico-lm/pico-decoder-small@be2865b50166a683e659f4a1f99e058c77288911,5000,,Plaus,ses-7,-0.0507618597538627,-0.0360283569275072,-0.057964820702346
pico-decoder-small,pico-lm/pico-decoder-small@be2865b50166a683e659f4a1f99e058c77288911,5000,,Plaus,ses-9,-0.031730969314331,-0.0243417683413717,-0.0377403338688186
pico-decoder-small,pico-lm/pico-decoder-small@496ea4785860af671e895085f1bcdc3bff2f9d97,6000,,Plaus,ses-5,-0.0301607595901821,-0.0271588093901721,-0.0336699780867388
pico-decoder-small,pico-lm/pico-decoder-small@496ea4785860af671e895085f1bcdc3bff2f9d97,6000,,Plaus,ses-7,-0.051371888778748,-0.0638334264737234,-0.076176155056387
pico-decoder-small,pico-lm/pico-decoder-small@496ea4785860af671e895085f1bcdc3bff2f9d97,6000,,Plaus,ses-9,-0.031997979279937,-0.0438840646866947,-0.0481527270775325
pico-decoder-small,pico-lm/pico-decoder-small@c5bddf28e9cfbede4fe480513c4a3487279f7d47,7000,,Plaus,ses-5,0.0005906512937243,-0.008830762860722,0.0063963749262805
pico-decoder-small,pico-lm/pico-decoder-small@c5bddf28e9cfbede4fe480513c4a3487279f7d47,7000,,Plaus,ses-7,0.0130787848138119,-0.006969561483913,0.0206836262083159
pico-decoder-small,pico-lm/pico-decoder-small@c5bddf28e9cfbede4fe480513c4a3487279f7d47,7000,,Plaus,ses-9,0.016064199724995,-0.0014838620174185,0.0234612560962584
pico-decoder-small,pico-lm/pico-decoder-small@9fe9969ca88ccf3b71599f85000ce082bf854421,8000,,Plaus,ses-5,-0.0099608582057271,-0.006142175968377,-0.0340139644636604
pico-decoder-small,pico-lm/pico-decoder-small@9fe9969ca88ccf3b71599f85000ce082bf854421,8000,,Plaus,ses-7,-0.0074495111721427,-0.0060100711075307,-0.0585584832320869
pico-decoder-small,pico-lm/pico-decoder-small@9fe9969ca88ccf3b71599f85000ce082bf854421,8000,,Plaus,ses-9,-0.0039566267104068,-0.0051420669070999,-0.0459720793284214
pico-decoder-small,pico-lm/pico-decoder-small@8335f55c1bf51378b17a73d527c39899546e2d5b,9000,,Plaus,ses-5,-0.0200338203029272,-0.0085142573937354,-0.0271066781105176
pico-decoder-small,pico-lm/pico-decoder-small@8335f55c1bf51378b17a73d527c39899546e2d5b,9000,,Plaus,ses-7,-0.0114988781090017,0.006971697373204,-0.0365672177749745
pico-decoder-small,pico-lm/pico-decoder-small@8335f55c1bf51378b17a73d527c39899546e2d5b,9000,,Plaus,ses-9,-0.0091391792150748,0.0053964151824918,-0.0409438540221162
pico-decoder-small,pico-lm/pico-decoder-small@8ce4e4fa15c0cec038fcb9f29d30cc50bac60a3d,10000,,Plaus,ses-5,-0.0247026513987226,-0.0191283482330095,-0.0279834336141831
pico-decoder-small,pico-lm/pico-decoder-small@8ce4e4fa15c0cec038fcb9f29d30cc50bac60a3d,10000,,Plaus,ses-7,-0.0297973922360673,-0.0319623681409584,-0.0537881768367664
pico-decoder-small,pico-lm/pico-decoder-small@8ce4e4fa15c0cec038fcb9f29d30cc50bac60a3d,10000,,Plaus,ses-9,-0.0092426324303161,-0.0071428022308097,-0.021247358155703
pico-decoder-small,pico-lm/pico-decoder-small@3261da23d1d8811f9a32b69d6d6b9a17ca82fcd0,11000,,Plaus,ses-5,0.0087105363142809,0.0068950953376203,0.0045364243539398
pico-decoder-small,pico-lm/pico-decoder-small@3261da23d1d8811f9a32b69d6d6b9a17ca82fcd0,11000,,Plaus,ses-7,0.0466504286783366,0.0452164570962354,0.045545301814222
pico-decoder-small,pico-lm/pico-decoder-small@3261da23d1d8811f9a32b69d6d6b9a17ca82fcd0,11000,,Plaus,ses-9,0.0427396651591028,0.0457737921958576,0.0445579042156552
pico-decoder-small,pico-lm/pico-decoder-small@a6a20b8103a7cdacefa2bb78dee23c516ad6e78e,12000,,Plaus,ses-5,-0.0077754863975257,-0.0037327889751497,-0.0129183637307041
pico-decoder-small,pico-lm/pico-decoder-small@a6a20b8103a7cdacefa2bb78dee23c516ad6e78e,12000,,Plaus,ses-7,-0.0114788609094665,-0.0060680365893416,-0.0198588894551832
pico-decoder-small,pico-lm/pico-decoder-small@a6a20b8103a7cdacefa2bb78dee23c516ad6e78e,12000,,Plaus,ses-9,-0.0024166526956532,-3.184249541204434e-05,-0.0095334358130995
pico-decoder-small,pico-lm/pico-decoder-small@c2395fd6ba7da947893c62b8169b47a83345153b,13000,,Plaus,ses-5,-0.0076185169288242,-0.0192250626850776,-0.0130519357981759
pico-decoder-small,pico-lm/pico-decoder-small@c2395fd6ba7da947893c62b8169b47a83345153b,13000,,Plaus,ses-7,-0.001743170230252,-0.0219896976234839,-0.0174935944014727
pico-decoder-small,pico-lm/pico-decoder-small@c2395fd6ba7da947893c62b8169b47a83345153b,13000,,Plaus,ses-9,-0.0114040550117871,-0.0196710307425719,-0.0267263318431538
pico-decoder-small,pico-lm/pico-decoder-small@6dc7fa92550aabc62d659674176bda49750efe64,14000,,Plaus,ses-5,-0.0141144963579814,0.0062890005039519,-0.0410998107287223
pico-decoder-small,pico-lm/pico-decoder-small@6dc7fa92550aabc62d659674176bda49750efe64,14000,,Plaus,ses-7,-0.0112105893192843,0.0237493998965305,-0.0782414734398731
pico-decoder-small,pico-lm/pico-decoder-small@6dc7fa92550aabc62d659674176bda49750efe64,14000,,Plaus,ses-9,-0.0083883135023027,0.012786615933417,-0.0604369599931002
pico-decoder-small,pico-lm/pico-decoder-small@d1c60a45e64f88520c2cd94890471321a15410bf,15000,,Plaus,ses-5,-0.0180844739994728,-0.0118119146494094,-0.0231674771838143
pico-decoder-small,pico-lm/pico-decoder-small@d1c60a45e64f88520c2cd94890471321a15410bf,15000,,Plaus,ses-7,-0.0355866801247889,-0.0315612818908545,-0.0456076819000386
pico-decoder-small,pico-lm/pico-decoder-small@d1c60a45e64f88520c2cd94890471321a15410bf,15000,,Plaus,ses-9,-0.029318212939517,-0.0190703459628319,-0.038287004670137
pico-decoder-small,pico-lm/pico-decoder-small@cbb63c23390c0d43e0d6dfaa0c69aed19778fa74,16000,,Plaus,ses-5,-0.0146115461446681,-0.0041585558912752,-0.0313066999011328
pico-decoder-small,pico-lm/pico-decoder-small@cbb63c23390c0d43e0d6dfaa0c69aed19778fa74,16000,,Plaus,ses-7,-0.0191973199285325,0.0039408791254318,-0.0425163576091307
pico-decoder-small,pico-lm/pico-decoder-small@cbb63c23390c0d43e0d6dfaa0c69aed19778fa74,16000,,Plaus,ses-9,-0.0118383330247528,0.005087832198478,-0.0273389836621835
pico-decoder-small,pico-lm/pico-decoder-small@a4f386c7a4155bfab638b897e60bc656a82e6a4f,17000,,Plaus,ses-5,0.0221171649861028,0.0204965162471682,0.0061581248073581
pico-decoder-small,pico-lm/pico-decoder-small@a4f386c7a4155bfab638b897e60bc656a82e6a4f,17000,,Plaus,ses-7,0.0604766135243741,0.067447221312717,0.0211823033392243
pico-decoder-small,pico-lm/pico-decoder-small@a4f386c7a4155bfab638b897e60bc656a82e6a4f,17000,,Plaus,ses-9,0.0528061157153946,0.0611088670507974,0.0182964269282599
pico-decoder-small,pico-lm/pico-decoder-small@9b68d0ee8ceef680cc668de7d4560f7d8d311e42,18000,,Plaus,ses-5,-0.0063176045410824,-0.0065225741722586,-0.0152274375039902
pico-decoder-small,pico-lm/pico-decoder-small@9b68d0ee8ceef680cc668de7d4560f7d8d311e42,18000,,Plaus,ses-7,0.007607582127824,0.0150053309859902,-0.0229104844740622
pico-decoder-small,pico-lm/pico-decoder-small@9b68d0ee8ceef680cc668de7d4560f7d8d311e42,18000,,Plaus,ses-9,0.0116934279763118,0.021185980011874,-0.0086412508356301
pico-decoder-small,pico-lm/pico-decoder-small@a161849d9bc2ecbb0bc6095f0fe9fa54a03b14ce,19000,,Plaus,ses-5,0.0206271495733461,0.0234286918996523,0.0056093029685977
pico-decoder-small,pico-lm/pico-decoder-small@a161849d9bc2ecbb0bc6095f0fe9fa54a03b14ce,19000,,Plaus,ses-7,0.0465971461392061,0.0521650805894346,0.018605412420286
pico-decoder-small,pico-lm/pico-decoder-small@a161849d9bc2ecbb0bc6095f0fe9fa54a03b14ce,19000,,Plaus,ses-9,0.0485102320972105,0.0550068217804508,0.0243450879504622
pico-decoder-small,pico-lm/pico-decoder-small@082423f29dc36ca1b544cb85c655531783bb8985,20000,,Plaus,ses-5,-0.009242567509669,0.0034607195271097,-0.0221666020589009
pico-decoder-small,pico-lm/pico-decoder-small@082423f29dc36ca1b544cb85c655531783bb8985,20000,,Plaus,ses-7,0.0068099670570455,0.0120816967266484,-0.0098744358402526
pico-decoder-small,pico-lm/pico-decoder-small@082423f29dc36ca1b544cb85c655531783bb8985,20000,,Plaus,ses-9,0.0151475007111651,0.0260324924268306,0.0006294673486501
pico-decoder-small,pico-lm/pico-decoder-small@62236c27ddef441fc85ceabb80793b680397d2f4,21000,,Plaus,ses-5,0.0002587033688043,-0.0025806206101165,-0.024489408713079
pico-decoder-small,pico-lm/pico-decoder-small@62236c27ddef441fc85ceabb80793b680397d2f4,21000,,Plaus,ses-7,0.0020850575062493,-0.0067713284518885,-0.0428474139571633
pico-decoder-small,pico-lm/pico-decoder-small@62236c27ddef441fc85ceabb80793b680397d2f4,21000,,Plaus,ses-9,0.0160604581316981,0.0129351089296234,-0.0126347795238829
pico-decoder-small,pico-lm/pico-decoder-small@457283267b592ffd80ca1a4ede807a4a5606a7f4,22000,,Plaus,ses-5,-0.0015755256431389,-0.0100682326280558,0.0053425981300332
pico-decoder-small,pico-lm/pico-decoder-small@457283267b592ffd80ca1a4ede807a4a5606a7f4,22000,,Plaus,ses-7,0.0127767133707064,-0.0042656186944976,0.0291080907729793
pico-decoder-small,pico-lm/pico-decoder-small@457283267b592ffd80ca1a4ede807a4a5606a7f4,22000,,Plaus,ses-9,0.0283464374126739,0.0140848492624535,0.0352625767780652
pico-decoder-small,pico-lm/pico-decoder-small@542883f65bdcba033a9c80f753fdd6f6829cb7e7,23000,,Plaus,ses-5,-0.0138525069224209,-0.0317112247815137,-0.01953193609205
pico-decoder-small,pico-lm/pico-decoder-small@542883f65bdcba033a9c80f753fdd6f6829cb7e7,23000,,Plaus,ses-7,0.0033614774978463,-0.0333017373560453,-0.0070847112357476
pico-decoder-small,pico-lm/pico-decoder-small@542883f65bdcba033a9c80f753fdd6f6829cb7e7,23000,,Plaus,ses-9,0.0100003948798362,-0.0130736885430114,-0.0004381007570715
pico-decoder-small,pico-lm/pico-decoder-small@bbc3997ae0773f6e0f145401283a22dced84175c,24000,,Plaus,ses-5,-0.0312609178607688,-0.0361476551086941,-0.0326336476323999
pico-decoder-small,pico-lm/pico-decoder-small@bbc3997ae0773f6e0f145401283a22dced84175c,24000,,Plaus,ses-7,-0.0512706190612722,-0.0754722010032393,-0.0648814231683536
pico-decoder-small,pico-lm/pico-decoder-small@bbc3997ae0773f6e0f145401283a22dced84175c,24000,,Plaus,ses-9,-0.0241492288501015,-0.0434472136520806,-0.0418245696852573
pico-decoder-small,pico-lm/pico-decoder-small@8316a2db89b6a337de59490bec6e6ed79275e85f,25000,,Plaus,ses-5,0.004713196784041,-0.0097738780858737,0.0035917402131488
pico-decoder-small,pico-lm/pico-decoder-small@8316a2db89b6a337de59490bec6e6ed79275e85f,25000,,Plaus,ses-7,0.0158951982963567,-0.0193975460244243,0.0233635007498145
pico-decoder-small,pico-lm/pico-decoder-small@8316a2db89b6a337de59490bec6e6ed79275e85f,25000,,Plaus,ses-9,0.007792443670559,-0.0196948999005042,0.018259231725491
pico-decoder-small,pico-lm/pico-decoder-small@b2ff4ecd5fdb6684736075b48a28007f425925d5,26000,,Plaus,ses-5,-0.0015630457307368,-0.0152573377900419,-0.0304131667382245
pico-decoder-small,pico-lm/pico-decoder-small@b2ff4ecd5fdb6684736075b48a28007f425925d5,26000,,Plaus,ses-7,0.0060665022980475,-0.0171664809007432,-0.0427948477091729
pico-decoder-small,pico-lm/pico-decoder-small@b2ff4ecd5fdb6684736075b48a28007f425925d5,26000,,Plaus,ses-9,0.0002719969533173,-0.0205463904523238,-0.0307391441276291
pico-decoder-small,pico-lm/pico-decoder-small@d0bf4c35052d4efe8b11ad72cf76ba92d8837271,27000,,Plaus,ses-5,-0.008510896668235,-0.0154950880199814,-0.0105298963340073
pico-decoder-small,pico-lm/pico-decoder-small@d0bf4c35052d4efe8b11ad72cf76ba92d8837271,27000,,Plaus,ses-7,-0.0121251329676292,-0.0334145997370789,-0.0297209460100368
pico-decoder-small,pico-lm/pico-decoder-small@d0bf4c35052d4efe8b11ad72cf76ba92d8837271,27000,,Plaus,ses-9,-0.0038543290826846,-0.0218106508067112,-0.0197332247225333
pico-decoder-small,pico-lm/pico-decoder-small@c5fe4eaa6e28635b04a285d9d63224a7013711d4,28000,,Plaus,ses-5,-0.0130358722660515,-0.0106150895352293,-0.0233566191612175
pico-decoder-small,pico-lm/pico-decoder-small@c5fe4eaa6e28635b04a285d9d63224a7013711d4,28000,,Plaus,ses-7,-0.0246057443487347,-0.0134658893205432,-0.0288583323873403
pico-decoder-small,pico-lm/pico-decoder-small@c5fe4eaa6e28635b04a285d9d63224a7013711d4,28000,,Plaus,ses-9,-0.0071891317686314,-0.0006986251500282,-0.014161553007051
pico-decoder-small,pico-lm/pico-decoder-small@574194afaad5aebab0de6f7ec3ebd45241ba9f36,29000,,Plaus,ses-5,-0.0055250164924141,-0.017827762612525,0.0063728217154976
pico-decoder-small,pico-lm/pico-decoder-small@574194afaad5aebab0de6f7ec3ebd45241ba9f36,29000,,Plaus,ses-7,0.008914410950542,-0.0053677289125416,0.022942358347787
pico-decoder-small,pico-lm/pico-decoder-small@574194afaad5aebab0de6f7ec3ebd45241ba9f36,29000,,Plaus,ses-9,0.0167516358014884,0.0100045000287571,0.0300083475509099
pico-decoder-small,pico-lm/pico-decoder-small@4e76d0f5009af59c7519cc564d83ccb252becc09,30000,,Plaus,ses-5,-0.0104362677767,-0.0177168067344957,-0.0078352198849605
pico-decoder-small,pico-lm/pico-decoder-small@4e76d0f5009af59c7519cc564d83ccb252becc09,30000,,Plaus,ses-7,-0.0181578516429151,-0.042216478319877,-0.0110827778772356
pico-decoder-small,pico-lm/pico-decoder-small@4e76d0f5009af59c7519cc564d83ccb252becc09,30000,,Plaus,ses-9,0.0039391370880669,-0.023358408807057,0.0035461962151576
pico-decoder-small,pico-lm/pico-decoder-small@63e4f365e97340e8419c8d14c3479eab48b41672,31000,,Plaus,ses-5,-0.0223335087146582,-0.0312345362737921,-0.0279627758642627
pico-decoder-small,pico-lm/pico-decoder-small@63e4f365e97340e8419c8d14c3479eab48b41672,31000,,Plaus,ses-7,-0.0269591697441262,-0.0428259944716498,-0.0393947023918784
pico-decoder-small,pico-lm/pico-decoder-small@63e4f365e97340e8419c8d14c3479eab48b41672,31000,,Plaus,ses-9,-0.0181293233465396,-0.0286031617837512,-0.0129566236320861
pico-decoder-small,pico-lm/pico-decoder-small@8c1e326d52a990b3ef622fa0187927b4c3c8b198,32000,,Plaus,ses-5,0.0017291127461243,-9.250110206856065e-06,0.0100296719276754
pico-decoder-small,pico-lm/pico-decoder-small@8c1e326d52a990b3ef622fa0187927b4c3c8b198,32000,,Plaus,ses-7,0.0150812773230378,0.0150987734374423,0.0322053834353811
pico-decoder-small,pico-lm/pico-decoder-small@8c1e326d52a990b3ef622fa0187927b4c3c8b198,32000,,Plaus,ses-9,0.0161655343631179,0.0152758098781752,0.024358922540368
pico-decoder-small,pico-lm/pico-decoder-small@5087b4b665fc374f51db109f5832fccfa45038ed,33000,,Plaus,ses-5,-0.0174497231921562,-0.0346768259111892,-0.0096193756017636
pico-decoder-small,pico-lm/pico-decoder-small@5087b4b665fc374f51db109f5832fccfa45038ed,33000,,Plaus,ses-7,-0.0266003944437858,-0.0421121594960071,-0.0272038080547274
pico-decoder-small,pico-lm/pico-decoder-small@5087b4b665fc374f51db109f5832fccfa45038ed,33000,,Plaus,ses-9,-0.0039032381342193,-0.0237804839023818,-0.0098916571239176
pico-decoder-small,pico-lm/pico-decoder-small@1b37af2dca833f47e09a88bc07d1b193eb75b975,34000,,Plaus,ses-5,-0.0144961821546979,-0.0059855484150838,-0.0145069806223391
pico-decoder-small,pico-lm/pico-decoder-small@1b37af2dca833f47e09a88bc07d1b193eb75b975,34000,,Plaus,ses-7,-0.009118341851364,-0.0005414630834068,-0.0242189211648077
pico-decoder-small,pico-lm/pico-decoder-small@1b37af2dca833f47e09a88bc07d1b193eb75b975,34000,,Plaus,ses-9,-0.0007117434487939,0.0103062230643896,-0.0111821281075775
pico-decoder-small,pico-lm/pico-decoder-small@f84a2138adf461f090569b0490e077e154d5692a,35000,,Plaus,ses-5,-0.032828833722052,-0.0209886753451036,-0.0166411365320107
pico-decoder-small,pico-lm/pico-decoder-small@f84a2138adf461f090569b0490e077e154d5692a,35000,,Plaus,ses-7,-0.0374191562792594,-0.0136203420321572,-0.0095800683139411
pico-decoder-small,pico-lm/pico-decoder-small@f84a2138adf461f090569b0490e077e154d5692a,35000,,Plaus,ses-9,-0.0298127156728142,-0.00762648485625,-0.0210391792805365
pico-decoder-small,pico-lm/pico-decoder-small@a5edb37d58f3dac4abc7615fe9f16119c9719363,36000,,Plaus,ses-5,-0.0182005867409067,-0.0142316889461794,0.0006198590928732
pico-decoder-small,pico-lm/pico-decoder-small@a5edb37d58f3dac4abc7615fe9f16119c9719363,36000,,Plaus,ses-7,-0.0192714744557189,-0.0255431984934557,0.0068548553565006
pico-decoder-small,pico-lm/pico-decoder-small@a5edb37d58f3dac4abc7615fe9f16119c9719363,36000,,Plaus,ses-9,-0.0034017239710308,-0.0022447146897425,0.0079770282185329
pico-decoder-small,pico-lm/pico-decoder-small@ad19a8ed94822569698ab34f7cbdb71a73e75edb,37000,,Plaus,ses-5,-0.026696673927518,-0.0287939852059153,-0.0165560320556731
pico-decoder-small,pico-lm/pico-decoder-small@ad19a8ed94822569698ab34f7cbdb71a73e75edb,37000,,Plaus,ses-7,-0.0388824849779979,-0.0393797641509712,-0.0239181048542136
pico-decoder-small,pico-lm/pico-decoder-small@ad19a8ed94822569698ab34f7cbdb71a73e75edb,37000,,Plaus,ses-9,-0.0260692807935441,-0.0283893651085853,-0.0138128620472333
pico-decoder-small,pico-lm/pico-decoder-small@6ffc4bc90cff1f5d9492cc62aa823b2f31820dec,38000,,Plaus,ses-5,-0.0203187570232305,-0.0186153907237516,-0.0283681079246897
pico-decoder-small,pico-lm/pico-decoder-small@6ffc4bc90cff1f5d9492cc62aa823b2f31820dec,38000,,Plaus,ses-7,-0.0469059476893987,-0.0554726360797762,-0.0583291445539954
pico-decoder-small,pico-lm/pico-decoder-small@6ffc4bc90cff1f5d9492cc62aa823b2f31820dec,38000,,Plaus,ses-9,-0.0212737462347444,-0.0102103266124756,-0.0272385167967107
pico-decoder-small,pico-lm/pico-decoder-small@2be3f69fedc1c81a1c9dee69aecdfbb30a7ed07b,39000,,Plaus,ses-5,-0.0206615337120937,-0.0161196852380851,-0.0263270655351914
pico-decoder-small,pico-lm/pico-decoder-small@2be3f69fedc1c81a1c9dee69aecdfbb30a7ed07b,39000,,Plaus,ses-7,-0.0321137263017253,-0.0349387958705556,-0.0501303095344502
pico-decoder-small,pico-lm/pico-decoder-small@2be3f69fedc1c81a1c9dee69aecdfbb30a7ed07b,39000,,Plaus,ses-9,-0.0228597316761486,-0.0170056638016878,-0.0262174859748815
pico-decoder-small,pico-lm/pico-decoder-small@89ce452106683eb2c3d635f0b06d00b4836a270d,40000,,Plaus,ses-5,-0.0299561448585436,-0.0127532618689374,-0.0441634182313439
pico-decoder-small,pico-lm/pico-decoder-small@89ce452106683eb2c3d635f0b06d00b4836a270d,40000,,Plaus,ses-7,-0.0385028874620977,-0.0165007629447401,-0.0650188774905244
pico-decoder-small,pico-lm/pico-decoder-small@89ce452106683eb2c3d635f0b06d00b4836a270d,40000,,Plaus,ses-9,-0.0175639640549308,0.0123310417841674,-0.04518383879909
pico-decoder-small,pico-lm/pico-decoder-small@fb21f9a6029769e4fde8c343509be2fc23d627f8,41000,,Plaus,ses-5,-0.0036482276682265,0.011347039535446,-0.0104768193769261
pico-decoder-small,pico-lm/pico-decoder-small@fb21f9a6029769e4fde8c343509be2fc23d627f8,41000,,Plaus,ses-7,-0.0049597004812367,0.0082837176836717,-0.0188657874957542
pico-decoder-small,pico-lm/pico-decoder-small@fb21f9a6029769e4fde8c343509be2fc23d627f8,41000,,Plaus,ses-9,-0.0069030005084206,0.0265485206826983,-0.0180037689789899
pico-decoder-small,pico-lm/pico-decoder-small@3b04367b1f9f520d1eb5dc4b1d62222a11574175,42000,,Plaus,ses-5,-0.0061435176617513,-0.0097542309340272,-0.0203113712176074
pico-decoder-small,pico-lm/pico-decoder-small@3b04367b1f9f520d1eb5dc4b1d62222a11574175,42000,,Plaus,ses-7,-0.0160970841967937,-0.0337856991402683,-0.0411979577630705
pico-decoder-small,pico-lm/pico-decoder-small@3b04367b1f9f520d1eb5dc4b1d62222a11574175,42000,,Plaus,ses-9,-0.0050293516795331,-0.006732505904898,-0.0242038400984768
pico-decoder-small,pico-lm/pico-decoder-small@a8fcdde6a31d48184ff170362f4802ba6f7c825b,43000,,Plaus,ses-5,-0.011414678193681,-0.0108963863712496,-0.0262235668754971
pico-decoder-small,pico-lm/pico-decoder-small@a8fcdde6a31d48184ff170362f4802ba6f7c825b,43000,,Plaus,ses-7,-0.0200651986157121,-0.0267428498198081,-0.0314909079093533
pico-decoder-small,pico-lm/pico-decoder-small@a8fcdde6a31d48184ff170362f4802ba6f7c825b,43000,,Plaus,ses-9,-0.0093981130521765,-0.0194089006456093,-0.0234444546327782
pico-decoder-small,pico-lm/pico-decoder-small@42a2d16068cea73c52aa94a34fd039b076c656d2,44000,,Plaus,ses-5,-0.0176761144728675,-0.0192570036434711,-0.0131305200775189
pico-decoder-small,pico-lm/pico-decoder-small@42a2d16068cea73c52aa94a34fd039b076c656d2,44000,,Plaus,ses-7,-0.0218227433592521,-0.0333479608568099,-0.0191975103624308
pico-decoder-small,pico-lm/pico-decoder-small@42a2d16068cea73c52aa94a34fd039b076c656d2,44000,,Plaus,ses-9,-0.0117078490160634,-0.0191931022504899,-0.0182515386288048
pico-decoder-small,pico-lm/pico-decoder-small@9b211dca4e657296153efe83773900826fe138d5,45000,,Plaus,ses-5,-0.0173214356653617,-0.0067337502173015,-0.0232723651453575
pico-decoder-small,pico-lm/pico-decoder-small@9b211dca4e657296153efe83773900826fe138d5,45000,,Plaus,ses-7,-0.0342266509957601,-0.020005845996074,-0.0505219000578989
pico-decoder-small,pico-lm/pico-decoder-small@9b211dca4e657296153efe83773900826fe138d5,45000,,Plaus,ses-9,-0.0315456489990228,-0.0161733032005592,-0.0416035430140214
pico-decoder-small,pico-lm/pico-decoder-small@8866040c1a6ead0d48bd6a4f6ff9046c778670fa,46000,,Plaus,ses-5,-0.0152473854548352,-0.0167383681852343,-0.022569101415091
pico-decoder-small,pico-lm/pico-decoder-small@8866040c1a6ead0d48bd6a4f6ff9046c778670fa,46000,,Plaus,ses-7,-0.0282937261752383,-0.0387788110325563,-0.0490957059693252
pico-decoder-small,pico-lm/pico-decoder-small@8866040c1a6ead0d48bd6a4f6ff9046c778670fa,46000,,Plaus,ses-9,-0.0268474153421371,-0.0282774462409568,-0.0444664440079625
pico-decoder-small,pico-lm/pico-decoder-small@2c39df607c549d2902ed46ce83a2e6630df09d90,47000,,Plaus,ses-5,-0.0023849757478914,0.0032196670002523,0.0130344288636634
pico-decoder-small,pico-lm/pico-decoder-small@2c39df607c549d2902ed46ce83a2e6630df09d90,47000,,Plaus,ses-7,-0.0043210198107464,0.0015257964274286,0.0065522104476786
pico-decoder-small,pico-lm/pico-decoder-small@2c39df607c549d2902ed46ce83a2e6630df09d90,47000,,Plaus,ses-9,-0.0042068287204679,0.005718971253792,0.014661368413306
pico-decoder-small,pico-lm/pico-decoder-small@e2f848f2a712b27ddfebe48ddc4dd6258de6df59,48000,,Plaus,ses-5,-0.0245162295964347,-0.0131976545187277,-0.0179965000305316
pico-decoder-small,pico-lm/pico-decoder-small@e2f848f2a712b27ddfebe48ddc4dd6258de6df59,48000,,Plaus,ses-7,-0.0456397310595107,-0.0184577828686866,-0.037012478197415
pico-decoder-small,pico-lm/pico-decoder-small@e2f848f2a712b27ddfebe48ddc4dd6258de6df59,48000,,Plaus,ses-9,-0.0368109991330334,-0.0167572492734446,-0.0219809181879688
pico-decoder-small,pico-lm/pico-decoder-small@fa46e0b2c4bcc53653b39cd684396f35c777aead,49000,,Plaus,ses-5,-0.0174055858081863,-0.0076004213804444,-0.0224025691350656
pico-decoder-small,pico-lm/pico-decoder-small@fa46e0b2c4bcc53653b39cd684396f35c777aead,49000,,Plaus,ses-7,-0.0167530575636608,-0.0108615715922093,-0.0289543976329369
pico-decoder-small,pico-lm/pico-decoder-small@fa46e0b2c4bcc53653b39cd684396f35c777aead,49000,,Plaus,ses-9,-0.01934219251665,-0.0051655919856023,-0.0265897366375468
pico-decoder-small,pico-lm/pico-decoder-small@1c1daa1853e150e7a21ae4af47574da037fbb206,50000,,Plaus,ses-5,-0.0167233412194427,0.00508831693931,-0.0186802377941595
pico-decoder-small,pico-lm/pico-decoder-small@1c1daa1853e150e7a21ae4af47574da037fbb206,50000,,Plaus,ses-7,-0.0159458450572132,0.0087575561749838,-0.0221630985079769
pico-decoder-small,pico-lm/pico-decoder-small@1c1daa1853e150e7a21ae4af47574da037fbb206,50000,,Plaus,ses-9,-0.0194997830595425,0.0065541559030713,-0.0257730348965087
pico-decoder-small,pico-lm/pico-decoder-small@7aa7c5e89a41da940802066eaa61d34d72089434,51000,,Plaus,ses-5,-0.0214141760865759,-0.0263689891250937,-0.0137376622976279
pico-decoder-small,pico-lm/pico-decoder-small@7aa7c5e89a41da940802066eaa61d34d72089434,51000,,Plaus,ses-7,-0.0291316851001721,-0.0279977226486189,-0.0010772402001349
pico-decoder-small,pico-lm/pico-decoder-small@7aa7c5e89a41da940802066eaa61d34d72089434,51000,,Plaus,ses-9,-0.0194408437680244,-0.0171362516834126,0.0037649355155925
pico-decoder-small,pico-lm/pico-decoder-small@9213448a01fde86281f3df23d6846b5c31f86998,52000,,Plaus,ses-5,-0.0272463548828422,-0.0261180729879139,-0.0382595995009571
pico-decoder-small,pico-lm/pico-decoder-small@9213448a01fde86281f3df23d6846b5c31f86998,52000,,Plaus,ses-7,-0.0223337294448585,-0.020500723105103,-0.0396053807119599
pico-decoder-small,pico-lm/pico-decoder-small@9213448a01fde86281f3df23d6846b5c31f86998,52000,,Plaus,ses-9,-0.0207460171142403,-0.0201687340637732,-0.0244464550489087
pico-decoder-small,pico-lm/pico-decoder-small@41f9cd78186e1fbaf4b6b2164f52331d4ef4c15e,53000,,Plaus,ses-5,-0.0275335097252563,-0.0305341831525391,-0.0384894142637943
pico-decoder-small,pico-lm/pico-decoder-small@41f9cd78186e1fbaf4b6b2164f52331d4ef4c15e,53000,,Plaus,ses-7,-0.0222564089541131,-0.0162338135717381,-0.0409605451204962
pico-decoder-small,pico-lm/pico-decoder-small@41f9cd78186e1fbaf4b6b2164f52331d4ef4c15e,53000,,Plaus,ses-9,-0.0222748767142033,-0.0308148091418723,-0.0294641394061397
pico-decoder-small,pico-lm/pico-decoder-small@f4454c4dd5fa26693e9755fbac1a1f6aa12f6c37,54000,,Plaus,ses-5,-0.0243206648030076,-0.0308311042243048,-0.0022899232643901
pico-decoder-small,pico-lm/pico-decoder-small@f4454c4dd5fa26693e9755fbac1a1f6aa12f6c37,54000,,Plaus,ses-7,-0.0193264708999339,-0.0372627775884469,0.0026000188994823
pico-decoder-small,pico-lm/pico-decoder-small@f4454c4dd5fa26693e9755fbac1a1f6aa12f6c37,54000,,Plaus,ses-9,-0.0239371893604516,-0.0412147246022056,-0.0222969064537999
pico-decoder-small,pico-lm/pico-decoder-small@497f4bdf16cbdcb120415cd944d84b34d1fef37a,55000,,Plaus,ses-5,-0.0297672863679663,-0.0348609062421369,-0.0262182693506903
pico-decoder-small,pico-lm/pico-decoder-small@497f4bdf16cbdcb120415cd944d84b34d1fef37a,55000,,Plaus,ses-7,-0.0267665804803598,-0.0331479749673125,-0.0307869408720761
pico-decoder-small,pico-lm/pico-decoder-small@497f4bdf16cbdcb120415cd944d84b34d1fef37a,55000,,Plaus,ses-9,-0.0230508169449229,-0.0351796579635147,-0.0280413211912174
pico-decoder-small,pico-lm/pico-decoder-small@79119d3d39e86e4f4fdd14e0de769ebbba87b4c1,56000,,Plaus,ses-5,-0.0197306343887124,-0.0193182021735097,-0.0133993391651586
pico-decoder-small,pico-lm/pico-decoder-small@79119d3d39e86e4f4fdd14e0de769ebbba87b4c1,56000,,Plaus,ses-7,-0.0203316567558175,-0.0198377534564956,-0.0155163538599633
pico-decoder-small,pico-lm/pico-decoder-small@79119d3d39e86e4f4fdd14e0de769ebbba87b4c1,56000,,Plaus,ses-9,-0.01538925221699,-0.0218601116837466,-0.0266523352895421
pico-decoder-small,pico-lm/pico-decoder-small@1e0aa9e9184e67611fe6a3fe7e0d301e199367b4,57000,,Plaus,ses-5,-0.0188044677805076,-0.0233570627856396,-0.0308971523266848
pico-decoder-small,pico-lm/pico-decoder-small@1e0aa9e9184e67611fe6a3fe7e0d301e199367b4,57000,,Plaus,ses-7,-0.0195613343250972,-0.0185450686787681,-0.0378219824027067
pico-decoder-small,pico-lm/pico-decoder-small@1e0aa9e9184e67611fe6a3fe7e0d301e199367b4,57000,,Plaus,ses-9,-0.0203553462999594,-0.0239875915868705,-0.0309280675388535
pico-decoder-small,pico-lm/pico-decoder-small@12cffd4abfebe78cd4df44f368d49ae2aec28999,58000,,Plaus,ses-5,-0.0343951720116097,-0.039515612769136,-0.0189882126881118
pico-decoder-small,pico-lm/pico-decoder-small@12cffd4abfebe78cd4df44f368d49ae2aec28999,58000,,Plaus,ses-7,-0.0396871396109482,-0.044045165272576,-0.0183153274926643
pico-decoder-small,pico-lm/pico-decoder-small@12cffd4abfebe78cd4df44f368d49ae2aec28999,58000,,Plaus,ses-9,-0.0413753274631254,-0.050326233555458,-0.0156332023687315
pico-decoder-small,pico-lm/pico-decoder-small@88752c656e1478698735820b50bc1648b43897bc,59000,,Plaus,ses-5,-0.0339713159265317,-0.0327123898853177,-0.028397571078384
pico-decoder-small,pico-lm/pico-decoder-small@88752c656e1478698735820b50bc1648b43897bc,59000,,Plaus,ses-7,-0.0423193494133156,-0.0345130159703006,-0.0246396307625209
pico-decoder-small,pico-lm/pico-decoder-small@88752c656e1478698735820b50bc1648b43897bc,59000,,Plaus,ses-9,-0.0421085520720476,-0.0477326060936867,-0.0314955324234513
pico-decoder-small,pico-lm/pico-decoder-small@ef0c2a9858930c1b946d7fd3ec94d87a30fb6316,60000,,Plaus,ses-5,-0.0463074182751437,-0.0382978485822312,-0.0595026003992262
pico-decoder-small,pico-lm/pico-decoder-small@ef0c2a9858930c1b946d7fd3ec94d87a30fb6316,60000,,Plaus,ses-7,-0.0544088744879985,-0.0408770853005529,-0.0733912951723746
pico-decoder-small,pico-lm/pico-decoder-small@ef0c2a9858930c1b946d7fd3ec94d87a30fb6316,60000,,Plaus,ses-9,-0.0468013129183794,-0.048670720264987,-0.0539029825091712
pico-decoder-small,pico-lm/pico-decoder-small@2adfdbab6dd63824aeb0c5b7f40693509b21f72e,61000,,Plaus,ses-5,-0.041136941010844,-0.0328374270517119,-0.0539978921672487
pico-decoder-small,pico-lm/pico-decoder-small@2adfdbab6dd63824aeb0c5b7f40693509b21f72e,61000,,Plaus,ses-7,-0.0615310525112223,-0.0500765465825308,-0.0922236171565383
pico-decoder-small,pico-lm/pico-decoder-small@2adfdbab6dd63824aeb0c5b7f40693509b21f72e,61000,,Plaus,ses-9,-0.0362226687524444,-0.0339291066857819,-0.051775100098035
pico-decoder-small,pico-lm/pico-decoder-small@8f2f5e9d39b7ef2738d2ddfa5002e690090afb1b,62000,,Plaus,ses-5,-0.0513282685959337,-0.0357227126847873,-0.025291691578387
pico-decoder-small,pico-lm/pico-decoder-small@8f2f5e9d39b7ef2738d2ddfa5002e690090afb1b,62000,,Plaus,ses-7,-0.0726212757046742,-0.0444150787919442,-0.0444705102044951
pico-decoder-small,pico-lm/pico-decoder-small@8f2f5e9d39b7ef2738d2ddfa5002e690090afb1b,62000,,Plaus,ses-9,-0.046184155606438,-0.0338705569181467,-0.0248138474831463
pico-decoder-small,pico-lm/pico-decoder-small@27a605b8a3168bf13fde7e4903edf05011890db5,63000,,Plaus,ses-5,-0.037830023906866,-0.0249643530194141,-0.0334081855771413
pico-decoder-small,pico-lm/pico-decoder-small@27a605b8a3168bf13fde7e4903edf05011890db5,63000,,Plaus,ses-7,-0.045040509158353,-0.0378978529989992,-0.0484299771932143
pico-decoder-small,pico-lm/pico-decoder-small@27a605b8a3168bf13fde7e4903edf05011890db5,63000,,Plaus,ses-9,-0.0243368062399085,-0.0128799436917259,-0.0367728755650104
pico-decoder-small,pico-lm/pico-decoder-small@64faca95211d12573bc85e90ab9b9346d61f571c,64000,,Plaus,ses-5,-0.0338190229084459,-0.0276059784796386,-0.0274152827347472
pico-decoder-small,pico-lm/pico-decoder-small@64faca95211d12573bc85e90ab9b9346d61f571c,64000,,Plaus,ses-7,-0.0411450236314131,-0.0222123494749199,-0.0174386477297539
pico-decoder-small,pico-lm/pico-decoder-small@64faca95211d12573bc85e90ab9b9346d61f571c,64000,,Plaus,ses-9,-0.038251865287861,-0.0286590021963791,-0.033973813207425
pico-decoder-small,pico-lm/pico-decoder-small@04de7a38c9b974bc56e59c77ce6289b59ac333a3,65000,,Plaus,ses-5,-0.0388330132808546,-0.0224046898762055,-0.0278025517071179
pico-decoder-small,pico-lm/pico-decoder-small@04de7a38c9b974bc56e59c77ce6289b59ac333a3,65000,,Plaus,ses-7,-0.0490186559812763,-0.024175106220052,-0.0200550774868228
pico-decoder-small,pico-lm/pico-decoder-small@04de7a38c9b974bc56e59c77ce6289b59ac333a3,65000,,Plaus,ses-9,-0.0398009563254948,-0.0218849503233429,-0.0152301338748681
pico-decoder-small,pico-lm/pico-decoder-small@0a060522b26b84154fe744cff68debc60a62771b,66000,,Plaus,ses-5,-0.0354047270270459,-0.0241438577485613,-0.0308206390159856
pico-decoder-small,pico-lm/pico-decoder-small@0a060522b26b84154fe744cff68debc60a62771b,66000,,Plaus,ses-7,-0.0479298653160041,-0.0377604744175834,-0.0454471742560679
pico-decoder-small,pico-lm/pico-decoder-small@0a060522b26b84154fe744cff68debc60a62771b,66000,,Plaus,ses-9,-0.0371117570150451,-0.0337020488864266,-0.0266501063473235
pico-decoder-small,pico-lm/pico-decoder-small@96a66aee1fd9e46f20ddd7b0e811fbcd6761cd3b,67000,,Plaus,ses-5,-0.0311861682276502,-0.022735772192497,-0.0257252727764068
pico-decoder-small,pico-lm/pico-decoder-small@96a66aee1fd9e46f20ddd7b0e811fbcd6761cd3b,67000,,Plaus,ses-7,-0.0442761918874932,-0.0367034927053889,-0.032934020318572
pico-decoder-small,pico-lm/pico-decoder-small@96a66aee1fd9e46f20ddd7b0e811fbcd6761cd3b,67000,,Plaus,ses-9,-0.0317211792807421,-0.0294641394061397,-0.0282032441052958
pico-decoder-small,pico-lm/pico-decoder-small@e7396619711d862dc1bed1a5f5797fb2b5cc9768,68000,,Plaus,ses-5,-0.0232467344738661,-0.0162915951117154,-0.0066595437535974
pico-decoder-small,pico-lm/pico-decoder-small@e7396619711d862dc1bed1a5f5797fb2b5cc9768,68000,,Plaus,ses-7,-0.0295141672568269,-0.0026116786477089,-0.0193431100617962
pico-decoder-small,pico-lm/pico-decoder-small@e7396619711d862dc1bed1a5f5797fb2b5cc9768,68000,,Plaus,ses-9,-0.0192312366386207,-0.0011435588052114,-0.0033799041415266
pico-decoder-small,pico-lm/pico-decoder-small@ba3a7a617ab159a7fcbc81cd6ffb20319f00199a,69000,,Plaus,ses-5,-0.0164612435828036,-0.0030231305611398,0.0027844411458383
pico-decoder-small,pico-lm/pico-decoder-small@ba3a7a617ab159a7fcbc81cd6ffb20319f00199a,69000,,Plaus,ses-7,-0.0165304316804837,0.008646582984782,-0.0054569017494334
pico-decoder-small,pico-lm/pico-decoder-small@ba3a7a617ab159a7fcbc81cd6ffb20319f00199a,69000,,Plaus,ses-9,-0.0061245954571311,0.0212212059550129,0.0068124037453348
pico-decoder-small,pico-lm/pico-decoder-small@63bfd31a42bdd16864908136aa5cce931810bb58,70000,,Plaus,ses-5,-0.0334475080131149,-0.0321702332329972,-0.0261296959477738
pico-decoder-small,pico-lm/pico-decoder-small@63bfd31a42bdd16864908136aa5cce931810bb58,70000,,Plaus,ses-7,-0.0476652855466227,-0.0525567317054874,-0.0317545484933727
pico-decoder-small,pico-lm/pico-decoder-small@63bfd31a42bdd16864908136aa5cce931810bb58,70000,,Plaus,ses-9,-0.0282408742764005,-0.038854867734704,-0.0232949099220881
pico-decoder-small,pico-lm/pico-decoder-small@5e0a9fbd93f2dbafe06c6cb20fa5521f766270e0,71000,,Plaus,ses-5,-0.0267564528594058,-0.0109035146583057,-0.01902845050521
pico-decoder-small,pico-lm/pico-decoder-small@5e0a9fbd93f2dbafe06c6cb20fa5521f766270e0,71000,,Plaus,ses-7,-0.023000020866578,-0.0008225824696583,-0.0183619145490529
pico-decoder-small,pico-lm/pico-decoder-small@5e0a9fbd93f2dbafe06c6cb20fa5521f766270e0,71000,,Plaus,ses-9,-0.0122845910611377,0.0018243232032003,-0.0113146073441557
pico-decoder-small,pico-lm/pico-decoder-small@4b4e4304ce873cafd39ac997ad47e16ec2d5d76d,72000,,Plaus,ses-5,-0.0276939091681484,-0.022965885590311,-0.0209810926135175
pico-decoder-small,pico-lm/pico-decoder-small@4b4e4304ce873cafd39ac997ad47e16ec2d5d76d,72000,,Plaus,ses-7,-0.0270013681647681,-0.0170177065817325,-0.0155695996107271
pico-decoder-small,pico-lm/pico-decoder-small@4b4e4304ce873cafd39ac997ad47e16ec2d5d76d,72000,,Plaus,ses-9,-0.0199151518520175,-0.0193835210006202,-0.0204012625096609
pico-decoder-small,pico-lm/pico-decoder-small@f2bf3399e04924384ec7ea3acb5440318247824d,73000,,Plaus,ses-5,-0.0305758189275724,-0.0067386192658371,-0.0422942099747209
pico-decoder-small,pico-lm/pico-decoder-small@f2bf3399e04924384ec7ea3acb5440318247824d,73000,,Plaus,ses-7,-0.0317284590493082,0.0105108421240713,-0.0476108106316064
pico-decoder-small,pico-lm/pico-decoder-small@f2bf3399e04924384ec7ea3acb5440318247824d,73000,,Plaus,ses-9,-0.0131601801571762,0.0121977986479745,-0.0264563420198439
pico-decoder-small,pico-lm/pico-decoder-small@81c21ab4b67c2a986c2c4a8771db3b328075f9ca,74000,,Plaus,ses-5,-0.0371705729573336,-0.0316431663030939,-0.0357140263021998
pico-decoder-small,pico-lm/pico-decoder-small@81c21ab4b67c2a986c2c4a8771db3b328075f9ca,74000,,Plaus,ses-7,-0.0434222192029312,-0.0348187770701854,-0.0408472759034071
pico-decoder-small,pico-lm/pico-decoder-small@81c21ab4b67c2a986c2c4a8771db3b328075f9ca,74000,,Plaus,ses-9,-0.0351030061554349,-0.0294231506735563,-0.0331707837546749
pico-decoder-small,pico-lm/pico-decoder-small@67737816c3793c77c33cd993cb625dfe02f5dba2,75000,,Plaus,ses-5,-0.0246031496868706,-0.0044157022465589,-0.0382261848438735
pico-decoder-small,pico-lm/pico-decoder-small@67737816c3793c77c33cd993cb625dfe02f5dba2,75000,,Plaus,ses-7,-0.0394874956368591,-0.0120444171270383,-0.0374648928751705
pico-decoder-small,pico-lm/pico-decoder-small@67737816c3793c77c33cd993cb625dfe02f5dba2,75000,,Plaus,ses-9,-0.0254052312981725,-0.0019703016063407,-0.0251644059935801
pico-decoder-small,pico-lm/pico-decoder-small@cd3c66fe9f41cb98971992c1c48e0000704daae7,76000,,Plaus,ses-5,-0.0321994280480166,-0.0294646111628423,-0.0263437068610753
pico-decoder-small,pico-lm/pico-decoder-small@cd3c66fe9f41cb98971992c1c48e0000704daae7,76000,,Plaus,ses-7,-0.0487437884533446,-0.0470862518027043,-0.0417915899965095
pico-decoder-small,pico-lm/pico-decoder-small@cd3c66fe9f41cb98971992c1c48e0000704daae7,76000,,Plaus,ses-9,-0.0358906299386184,-0.0417024777522217,-0.0320153260768532
pico-decoder-small,pico-lm/pico-decoder-small@8bc1f96e0ab394e6d9396f9105337a8ee9281b02,77000,,Plaus,ses-5,-0.0302843079097352,-0.0197885782303076,-0.0221231831300928
pico-decoder-small,pico-lm/pico-decoder-small@8bc1f96e0ab394e6d9396f9105337a8ee9281b02,77000,,Plaus,ses-7,-0.0365031843766774,-0.0176145632073128,-0.0329974412987643
pico-decoder-small,pico-lm/pico-decoder-small@8bc1f96e0ab394e6d9396f9105337a8ee9281b02,77000,,Plaus,ses-9,-0.0287834940293373,-0.0120684334384375,-0.0213846415201697
pico-decoder-small,pico-lm/pico-decoder-small@54681b82e00ed8da204a8f5e199732edcd50c540,78000,,Plaus,ses-5,-0.0297786885976258,-0.0219653588728706,-0.0351062045793174
pico-decoder-small,pico-lm/pico-decoder-small@54681b82e00ed8da204a8f5e199732edcd50c540,78000,,Plaus,ses-7,-0.0300070101855788,-0.0138626388714181,-0.0467031788681605
pico-decoder-small,pico-lm/pico-decoder-small@54681b82e00ed8da204a8f5e199732edcd50c540,78000,,Plaus,ses-9,-0.0270395761296323,-0.0108784120080777,-0.0301517659165314
pico-decoder-small,pico-lm/pico-decoder-small@9f79f048c9629723d93a9c6d020fad45ecd81ebb,79000,,Plaus,ses-5,-0.0311472093473007,-0.0301321425689222,-0.0158257483520664
pico-decoder-small,pico-lm/pico-decoder-small@9f79f048c9629723d93a9c6d020fad45ecd81ebb,79000,,Plaus,ses-7,-0.0443487796630619,-0.0425616722208354,-0.0227291264822513
pico-decoder-small,pico-lm/pico-decoder-small@9f79f048c9629723d93a9c6d020fad45ecd81ebb,79000,,Plaus,ses-9,-0.038822913792181,-0.0394948598022665,-0.0300814958080657
pico-decoder-small,pico-lm/pico-decoder-small@a8eea15ae0deddaf3beced3d114c9bc8ed9a25e5,80000,,Plaus,ses-5,-0.0302088982500374,-0.0125945200665689,-0.0179448167033424
pico-decoder-small,pico-lm/pico-decoder-small@a8eea15ae0deddaf3beced3d114c9bc8ed9a25e5,80000,,Plaus,ses-7,-0.0415502799510851,-0.0153707173722312,-0.0305372041266528
pico-decoder-small,pico-lm/pico-decoder-small@a8eea15ae0deddaf3beced3d114c9bc8ed9a25e5,80000,,Plaus,ses-9,-0.031630664750476,-0.0067256870729266,-0.0399493952211619
pico-decoder-small,pico-lm/pico-decoder-small@8d7bca4dea2e340144c93745d61646c84d35ffdb,81000,,Plaus,ses-5,-0.0370617767728326,-0.024035673982165,-0.0304019635985495
pico-decoder-small,pico-lm/pico-decoder-small@8d7bca4dea2e340144c93745d61646c84d35ffdb,81000,,Plaus,ses-7,-0.0530199361947977,-0.0276615354054406,-0.0346759862708195
pico-decoder-small,pico-lm/pico-decoder-small@8d7bca4dea2e340144c93745d61646c84d35ffdb,81000,,Plaus,ses-9,-0.0400642333538902,-0.0267411986713491,-0.0252346761020459
pico-decoder-small,pico-lm/pico-decoder-small@063ab25b24aefd512a554e49853ed6fc32ee9c1b,82000,,Plaus,ses-5,-0.0295182680777046,-0.028060513898534,-0.0312407275395078
pico-decoder-small,pico-lm/pico-decoder-small@063ab25b24aefd512a554e49853ed6fc32ee9c1b,82000,,Plaus,ses-7,-0.0467649054194625,-0.0454783318386526,-0.0408833782752824
pico-decoder-small,pico-lm/pico-decoder-small@063ab25b24aefd512a554e49853ed6fc32ee9c1b,82000,,Plaus,ses-9,-0.031169745467945,-0.034586928127071,-0.0218292116197289
pico-decoder-small,pico-lm/pico-decoder-small@d63e823855aefabdb4d0fb89c6cb30f1917edff8,83000,,Plaus,ses-5,-0.0331605198003618,-0.0283808734879392,-0.0301686387927235
pico-decoder-small,pico-lm/pico-decoder-small@d63e823855aefabdb4d0fb89c6cb30f1917edff8,83000,,Plaus,ses-7,-0.0537804382956272,-0.0459810513618563,-0.0582034711652592
pico-decoder-small,pico-lm/pico-decoder-small@d63e823855aefabdb4d0fb89c6cb30f1917edff8,83000,,Plaus,ses-9,-0.0425687572274601,-0.0393963795085962,-0.038453660299392
pico-decoder-small,pico-lm/pico-decoder-small@aac007e3728b91b2460f8be94a5ef79547dc60b8,84000,,Plaus,ses-5,-0.0349185363006043,-0.0254036212661234,-0.0437510812330904
pico-decoder-small,pico-lm/pico-decoder-small@aac007e3728b91b2460f8be94a5ef79547dc60b8,84000,,Plaus,ses-7,-0.0549385966723699,-0.0302503825435607,-0.0651137590163214
pico-decoder-small,pico-lm/pico-decoder-small@aac007e3728b91b2460f8be94a5ef79547dc60b8,84000,,Plaus,ses-9,-0.0385032423616354,-0.0235370920682057,-0.048400226224651
pico-decoder-small,pico-lm/pico-decoder-small@804cfb5f121020ed666ca55376b9e9f358701d23,85000,,Plaus,ses-5,-0.0350213424733958,-0.0180747575426173,-0.029276828190986
pico-decoder-small,pico-lm/pico-decoder-small@804cfb5f121020ed666ca55376b9e9f358701d23,85000,,Plaus,ses-7,-0.0428660937913674,-0.0124452307104243,-0.0428521077199516
pico-decoder-small,pico-lm/pico-decoder-small@804cfb5f121020ed666ca55376b9e9f358701d23,85000,,Plaus,ses-9,-0.0328184896989408,-0.0067180134524345,-0.028212315683723
pico-decoder-small,pico-lm/pico-decoder-small@938244e11e03da85918d38722414505f45c1ceda,86000,,Plaus,ses-5,-0.0239739366107551,-0.0249895314103971,-0.0202803240001228
pico-decoder-small,pico-lm/pico-decoder-small@938244e11e03da85918d38722414505f45c1ceda,86000,,Plaus,ses-7,-0.0375256174844849,-0.0336619517307306,-0.0150095919444643
pico-decoder-small,pico-lm/pico-decoder-small@938244e11e03da85918d38722414505f45c1ceda,86000,,Plaus,ses-9,-0.0184890854407166,-0.0196630952754696,0.0111779039374702
pico-decoder-small,pico-lm/pico-decoder-small@9bd6535d2bbcd3e8e0be555350c1a9abcfa9ef20,87000,,Plaus,ses-5,-0.0235644582849974,-0.0190474181542831,-0.040608398218229
pico-decoder-small,pico-lm/pico-decoder-small@9bd6535d2bbcd3e8e0be555350c1a9abcfa9ef20,87000,,Plaus,ses-7,-0.0366117187145683,-0.0226992500004368,-0.0646269299035164
pico-decoder-small,pico-lm/pico-decoder-small@9bd6535d2bbcd3e8e0be555350c1a9abcfa9ef20,87000,,Plaus,ses-9,-0.0146398407267139,-0.0101057697462329,-0.0512656699439384
pico-decoder-small,pico-lm/pico-decoder-small@5e4f19facb03a2fb589181b485fc44570680d8b4,88000,,Plaus,ses-5,-0.0360625376482271,-0.0423462849898145,-0.0336324236563891
pico-decoder-small,pico-lm/pico-decoder-small@5e4f19facb03a2fb589181b485fc44570680d8b4,88000,,Plaus,ses-7,-0.0551198313149513,-0.0531055686923987,-0.0249838638379016
pico-decoder-small,pico-lm/pico-decoder-small@5e4f19facb03a2fb589181b485fc44570680d8b4,88000,,Plaus,ses-9,-0.0372679063195711,-0.0358130973737591,-0.0157848505083889
pico-decoder-small,pico-lm/pico-decoder-small@48b3ab14f90bae2930c79eefee13f8548f7a3ac0,89000,,Plaus,ses-5,-0.0358169839565013,-0.0414880946272099,-0.0087081710387034
pico-decoder-small,pico-lm/pico-decoder-small@48b3ab14f90bae2930c79eefee13f8548f7a3ac0,89000,,Plaus,ses-7,-0.05852465091884,-0.051888001431457,-0.0270295177573686
pico-decoder-small,pico-lm/pico-decoder-small@48b3ab14f90bae2930c79eefee13f8548f7a3ac0,89000,,Plaus,ses-9,-0.0354660251020767,-0.0282713242239314,-0.013885767933973
pico-decoder-small,pico-lm/pico-decoder-small@a7e691278d2179f7a23f55c82de28f96b4acd2e4,90000,,Plaus,ses-5,-0.0374995929610675,-0.0349438661730973,-0.0385609395047715
pico-decoder-small,pico-lm/pico-decoder-small@a7e691278d2179f7a23f55c82de28f96b4acd2e4,90000,,Plaus,ses-7,-0.057732283600372,-0.0472308452320391,-0.059526452244986
pico-decoder-small,pico-lm/pico-decoder-small@a7e691278d2179f7a23f55c82de28f96b4acd2e4,90000,,Plaus,ses-9,-0.0397882297146335,-0.0391781422611659,-0.0344958509511965
pico-decoder-small,pico-lm/pico-decoder-small@c025f14d64c01b36a07900656ded25b50f8caafd,91000,,Plaus,ses-5,-0.0461569300510485,-0.0325754982087554,-0.0438814289084208
pico-decoder-small,pico-lm/pico-decoder-small@c025f14d64c01b36a07900656ded25b50f8caafd,91000,,Plaus,ses-7,-0.0679129793474816,-0.0297622853141148,-0.0547598809508977
pico-decoder-small,pico-lm/pico-decoder-small@c025f14d64c01b36a07900656ded25b50f8caafd,91000,,Plaus,ses-9,-0.0530401589763823,-0.029730153921823,-0.0537683046266765
pico-decoder-small,pico-lm/pico-decoder-small@b3b967e1f18d21573f4a6146c441a2825a5a8f83,92000,,Plaus,ses-5,-0.0408940295894568,-0.0330328208874348,-0.0328102447767538
pico-decoder-small,pico-lm/pico-decoder-small@b3b967e1f18d21573f4a6146c441a2825a5a8f83,92000,,Plaus,ses-7,-0.0561959364857721,-0.0435659448596158,-0.039784213290597
pico-decoder-small,pico-lm/pico-decoder-small@b3b967e1f18d21573f4a6146c441a2825a5a8f83,92000,,Plaus,ses-9,-0.0447771087807279,-0.0396154087879217,-0.0272120053684397
pico-decoder-small,pico-lm/pico-decoder-small@41ae4009882dd5c1963328961a9ed1964aab8606,93000,,Plaus,ses-5,-0.0333961146648162,-0.0395417216893947,-0.0207241713164772
pico-decoder-small,pico-lm/pico-decoder-small@41ae4009882dd5c1963328961a9ed1964aab8606,93000,,Plaus,ses-7,-0.0456137108641365,-0.0475325639396285,-0.0215488561330922
pico-decoder-small,pico-lm/pico-decoder-small@41ae4009882dd5c1963328961a9ed1964aab8606,93000,,Plaus,ses-9,-0.0289012860515106,-0.0285784638055571,-0.0060789887025143
pico-decoder-small,pico-lm/pico-decoder-small@bfda4783bf178eae55bcebd43810ed9180cbdc63,94000,,Plaus,ses-5,-0.0387362988287866,-0.0416252741186412,-0.0337241392186273
pico-decoder-small,pico-lm/pico-decoder-small@bfda4783bf178eae55bcebd43810ed9180cbdc63,94000,,Plaus,ses-7,-0.0575882744568615,-0.0610722388216803,-0.0397510042155627
pico-decoder-small,pico-lm/pico-decoder-small@bfda4783bf178eae55bcebd43810ed9180cbdc63,94000,,Plaus,ses-9,-0.0349623750495973,-0.032194301480914,-0.0125258729742817
pico-decoder-small,pico-lm/pico-decoder-small@94177e145ce01fae74b87897c8260f2f6fe1deb0,95000,,Plaus,ses-5,-0.0325994647476585,-0.0220717183690823,-0.0430543961284009
pico-decoder-small,pico-lm/pico-decoder-small@94177e145ce01fae74b87897c8260f2f6fe1deb0,95000,,Plaus,ses-7,-0.0537366384990225,-0.035578435202602,-0.0634059564726212
pico-decoder-small,pico-lm/pico-decoder-small@94177e145ce01fae74b87897c8260f2f6fe1deb0,95000,,Plaus,ses-9,-0.0322018582442413,-0.0180778282892271,-0.0411839933318705
pico-decoder-small,pico-lm/pico-decoder-small@938d2d29f7aba65159e5bdc0ccfbefdc61757005,96000,,Plaus,ses-5,-0.0412002170015911,-0.0177896282243941,-0.0370480222517249
pico-decoder-small,pico-lm/pico-decoder-small@938d2d29f7aba65159e5bdc0ccfbefdc61757005,96000,,Plaus,ses-7,-0.0615588017598321,-0.0388575662696035,-0.0636555828529444
pico-decoder-small,pico-lm/pico-decoder-small@938d2d29f7aba65159e5bdc0ccfbefdc61757005,96000,,Plaus,ses-9,-0.0385081828228829,-0.01926967182575,-0.0464646409343691
pico-decoder-small,pico-lm/pico-decoder-small@57a25f8bc299440e75e421522b5461ef9addc60f,97000,,Plaus,ses-5,-0.0270505001105247,-0.0143944666487785,-0.0166184489298564
pico-decoder-small,pico-lm/pico-decoder-small@57a25f8bc299440e75e421522b5461ef9addc60f,97000,,Plaus,ses-7,-0.0446129028238918,-0.0327374644032653,-0.0347234973644191
pico-decoder-small,pico-lm/pico-decoder-small@57a25f8bc299440e75e421522b5461ef9addc60f,97000,,Plaus,ses-9,-0.0251487016890366,-0.0156409257617197,-0.0154839974094281
pico-decoder-small,pico-lm/pico-decoder-small@2b2b81f5b793cfe7595f1880023e3199b0ca4d01,98000,,Plaus,ses-5,-0.0398067104588531,-0.0318006486449078,-0.0273174841078719
pico-decoder-small,pico-lm/pico-decoder-small@2b2b81f5b793cfe7595f1880023e3199b0ca4d01,98000,,Plaus,ses-7,-0.0586233259744517,-0.0547959140740827,-0.0483406160864458
pico-decoder-small,pico-lm/pico-decoder-small@2b2b81f5b793cfe7595f1880023e3199b0ca4d01,98000,,Plaus,ses-9,-0.0399460582998988,-0.0369306046052835,-0.0333274545883995
pico-decoder-small,pico-lm/pico-decoder-small@a014170484f226c32a449440e37684a5138bffea,99000,,Plaus,ses-5,-0.0393941635505071,-0.0278856717756745,-0.0321725985085747
pico-decoder-small,pico-lm/pico-decoder-small@a014170484f226c32a449440e37684a5138bffea,99000,,Plaus,ses-7,-0.0515513316114682,-0.0501235664432337,-0.0239794894901073
pico-decoder-small,pico-lm/pico-decoder-small@a014170484f226c32a449440e37684a5138bffea,99000,,Plaus,ses-9,-0.034534764387093,-0.0360041220499293,0.000834443471891
pico-decoder-small,pico-lm/pico-decoder-small@912032713d1ca4f482ce957408afca3e5a267267,100000,,Plaus,ses-5,-0.0440541892425286,-0.0395737924890825,-0.0356204323692377
pico-decoder-small,pico-lm/pico-decoder-small@912032713d1ca4f482ce957408afca3e5a267267,100000,,Plaus,ses-7,-0.0710253920286025,-0.0656679909090103,-0.0367572989377397
pico-decoder-small,pico-lm/pico-decoder-small@912032713d1ca4f482ce957408afca3e5a267267,100000,,Plaus,ses-9,-0.0511300658602112,-0.0453695659504536,-0.0232130774463664
pico-decoder-small,pico-lm/pico-decoder-small@0405a0c52b2083efba346cb0195a2684e628b1af,101000,,Plaus,ses-5,-0.0525658855167343,-0.0461812449974245,-0.0161657139769084
pico-decoder-small,pico-lm/pico-decoder-small@0405a0c52b2083efba346cb0195a2684e628b1af,101000,,Plaus,ses-7,-0.0750165900656229,-0.0548236330263905,-0.0082159037396895
pico-decoder-small,pico-lm/pico-decoder-small@0405a0c52b2083efba346cb0195a2684e628b1af,101000,,Plaus,ses-9,-0.0519669081500141,-0.0418322606179219,-0.0215663500834752
pico-decoder-small,pico-lm/pico-decoder-small@a29b66f6847b3a1ec6358c6bdf5686f8db25e228,102000,,Plaus,ses-5,-0.0379981640549189,-0.0241888152967067,-0.0230410247473124
pico-decoder-small,pico-lm/pico-decoder-small@a29b66f6847b3a1ec6358c6bdf5686f8db25e228,102000,,Plaus,ses-7,-0.0597587210082851,-0.0431331448733834,-0.0376458721632064
pico-decoder-small,pico-lm/pico-decoder-small@a29b66f6847b3a1ec6358c6bdf5686f8db25e228,102000,,Plaus,ses-9,-0.0377580875017902,-0.0288236387935079,-0.0332666715505026
pico-decoder-small,pico-lm/pico-decoder-small@b6e1c3f17ee3de24e5563176b76cde040230086b,103000,,Plaus,ses-5,-0.035619956284492,-0.045241607354938,-0.0305355767824311
pico-decoder-small,pico-lm/pico-decoder-small@b6e1c3f17ee3de24e5563176b76cde040230086b,103000,,Plaus,ses-7,-0.0426643269121168,-0.0487149961463374,-0.0384199534993962
pico-decoder-small,pico-lm/pico-decoder-small@b6e1c3f17ee3de24e5563176b76cde040230086b,103000,,Plaus,ses-9,-0.0269359692688595,-0.0414588954841473,-0.0424277430898044
pico-decoder-small,pico-lm/pico-decoder-small@fd779f78578d7ce2eb7316f95b1536f35f90d660,104000,,Plaus,ses-5,-0.0315306804618136,-0.0293173754631689,-0.0333442841841601
pico-decoder-small,pico-lm/pico-decoder-small@fd779f78578d7ce2eb7316f95b1536f35f90d660,104000,,Plaus,ses-7,-0.0473176419732455,-0.0368555844694685,-0.0392646100710934
pico-decoder-small,pico-lm/pico-decoder-small@fd779f78578d7ce2eb7316f95b1536f35f90d660,104000,,Plaus,ses-9,-0.0173632770224443,-0.0043822681132811,-0.018206098503849
pico-decoder-small,pico-lm/pico-decoder-small@2a9ae447eace88eb5c4be50d7b3c867cbd1a9a7e,105000,,Plaus,ses-5,-0.0346690743859206,-0.0431212449187623,-0.0246647312487273
pico-decoder-small,pico-lm/pico-decoder-small@2a9ae447eace88eb5c4be50d7b3c867cbd1a9a7e,105000,,Plaus,ses-7,-0.0479968158153794,-0.0537722041935481,-0.0364405251320782
pico-decoder-small,pico-lm/pico-decoder-small@2a9ae447eace88eb5c4be50d7b3c867cbd1a9a7e,105000,,Plaus,ses-9,-0.0305638994967573,-0.0275143776105437,-0.0218765430995381
pico-decoder-small,pico-lm/pico-decoder-small@36d78ffabfbf506523a459e2116bbc012c1adab7,106000,,Plaus,ses-5,-0.0329020404077901,-0.0357836753364746,-0.0400382196505807
pico-decoder-small,pico-lm/pico-decoder-small@36d78ffabfbf506523a459e2116bbc012c1adab7,106000,,Plaus,ses-7,-0.0457122625705186,-0.0427034177977822,-0.0606498044987747
pico-decoder-small,pico-lm/pico-decoder-small@36d78ffabfbf506523a459e2116bbc012c1adab7,106000,,Plaus,ses-9,-0.0206121810361368,-0.0199881378075554,-0.0421153492638033
pico-decoder-small,pico-lm/pico-decoder-small@3f9b3375f2ae4b81043ba582d1b2ec8bc15a04e1,107000,,Plaus,ses-5,-0.0327502169823854,-0.0274755161111649,-0.0300417989963603
pico-decoder-small,pico-lm/pico-decoder-small@3f9b3375f2ae4b81043ba582d1b2ec8bc15a04e1,107000,,Plaus,ses-7,-0.0397123093458449,-0.0357828876326226,-0.0221623627406426
pico-decoder-small,pico-lm/pico-decoder-small@3f9b3375f2ae4b81043ba582d1b2ec8bc15a04e1,107000,,Plaus,ses-9,-0.0157421327225699,-0.0203021979301663,-0.0095603930298141
pico-decoder-small,pico-lm/pico-decoder-small@00c972e3e00659382b3fe4f9d9f634ebbd9833c1,108000,,Plaus,ses-5,-0.0447153129807357,-0.0333002658213767,-0.043515031924106
pico-decoder-small,pico-lm/pico-decoder-small@00c972e3e00659382b3fe4f9d9f634ebbd9833c1,108000,,Plaus,ses-7,-0.060419476862825,-0.0529583632890273,-0.0597541376105969
pico-decoder-small,pico-lm/pico-decoder-small@00c972e3e00659382b3fe4f9d9f634ebbd9833c1,108000,,Plaus,ses-9,-0.0324640359496785,-0.0230879342429152,-0.0355968596822607
pico-decoder-small,pico-lm/pico-decoder-small@076cdde7affce35bd2bad3498e51f33f575aaddb,109000,,Plaus,ses-5,-0.0363363880860203,-0.0403910698598586,-0.0130157360453298
pico-decoder-small,pico-lm/pico-decoder-small@076cdde7affce35bd2bad3498e51f33f575aaddb,109000,,Plaus,ses-7,-0.0438820391625039,-0.0579301747169883,-0.0187089045879156
pico-decoder-small,pico-lm/pico-decoder-small@076cdde7affce35bd2bad3498e51f33f575aaddb,109000,,Plaus,ses-9,-0.0212466938010806,-0.0353725134019343,-0.0236163039138045
pico-decoder-small,pico-lm/pico-decoder-small@1f7f52ddf73285dd5484e753c1740cc68df81b76,110000,,Plaus,ses-5,-0.0389088297766078,-0.0375863637340151,-0.0078267780368105
pico-decoder-small,pico-lm/pico-decoder-small@1f7f52ddf73285dd5484e753c1740cc68df81b76,110000,,Plaus,ses-7,-0.0422658721122437,-0.0437414556651409,-0.010286480695594
pico-decoder-small,pico-lm/pico-decoder-small@1f7f52ddf73285dd5484e753c1740cc68df81b76,110000,,Plaus,ses-9,-0.0235856202519439,-0.0265970769987169,-0.0152009996524527
pico-decoder-small,pico-lm/pico-decoder-small@a801b2ab639f60dbd4ebfe264aab726255eb2877,111000,,Plaus,ses-5,-0.0447482688652462,-0.0408097171450143,-0.0549501244152807
pico-decoder-small,pico-lm/pico-decoder-small@a801b2ab639f60dbd4ebfe264aab726255eb2877,111000,,Plaus,ses-7,-0.0568744676134993,-0.0579756581223755,-0.0788416604946517
pico-decoder-small,pico-lm/pico-decoder-small@a801b2ab639f60dbd4ebfe264aab726255eb2877,111000,,Plaus,ses-9,-0.0334637468309865,-0.0354076051757358,-0.0606330354956181
pico-decoder-small,pico-lm/pico-decoder-small@197b11d764b16772e54f2cbbfab17581cbdb9b59,112000,,Plaus,ses-5,-0.0489358670080201,-0.0489323742772039,-0.0526159350076371
pico-decoder-small,pico-lm/pico-decoder-small@197b11d764b16772e54f2cbbfab17581cbdb9b59,112000,,Plaus,ses-7,-0.0671504344102887,-0.0742447117033927,-0.0928383161399745
pico-decoder-small,pico-lm/pico-decoder-small@197b11d764b16772e54f2cbbfab17581cbdb9b59,112000,,Plaus,ses-9,-0.0441936279724804,-0.0416712530849682,-0.0687869259511474
pico-decoder-small,pico-lm/pico-decoder-small@0ff198943f69ee08bd0b54c8ab55d364ce931a26,113000,,Plaus,ses-5,-0.0250550255232548,-0.0321035164479516,-0.0222233989690633
pico-decoder-small,pico-lm/pico-decoder-small@0ff198943f69ee08bd0b54c8ab55d364ce931a26,113000,,Plaus,ses-7,-0.0314889559618959,-0.0471380519870584,-0.029011201035164
pico-decoder-small,pico-lm/pico-decoder-small@0ff198943f69ee08bd0b54c8ab55d364ce931a26,113000,,Plaus,ses-9,-0.0179646910774539,-0.029656179008427,-0.0164698542246361
pico-decoder-small,pico-lm/pico-decoder-small@fe2f1951a2f9a01d14429415f467c91c8a765024,114000,,Plaus,ses-5,-0.0309190608810734,-0.0428135816439164,-0.0240938537021115
pico-decoder-small,pico-lm/pico-decoder-small@fe2f1951a2f9a01d14429415f467c91c8a765024,114000,,Plaus,ses-7,-0.0448615337542921,-0.0686564354503933,-0.0335700652107883
pico-decoder-small,pico-lm/pico-decoder-small@fe2f1951a2f9a01d14429415f467c91c8a765024,114000,,Plaus,ses-9,-0.0235791779597259,-0.0334379819901577,-0.0150594423453825
pico-decoder-small,pico-lm/pico-decoder-small@dde9b48ac9a426d9bc86b1fc423b8241736f6ea3,115000,,Plaus,ses-5,-0.0273114573077956,-0.0227498989253149,-0.0122854307015074
pico-decoder-small,pico-lm/pico-decoder-small@dde9b48ac9a426d9bc86b1fc423b8241736f6ea3,115000,,Plaus,ses-7,-0.0310614535004701,-0.0190654725862531,0.0014507719635705
pico-decoder-small,pico-lm/pico-decoder-small@dde9b48ac9a426d9bc86b1fc423b8241736f6ea3,115000,,Plaus,ses-9,-0.0115339720468248,-0.0041048383838089,0.01801667303962
pico-decoder-small,pico-lm/pico-decoder-small@eb892260583a7bfbf95a1aecbf60ebc4ee0b8fe2,116000,,Plaus,ses-5,-0.0357321261786228,-0.0232287449625432,-0.0252416182832469
pico-decoder-small,pico-lm/pico-decoder-small@eb892260583a7bfbf95a1aecbf60ebc4ee0b8fe2,116000,,Plaus,ses-7,-0.048148347097872,-0.0315575446256007,-0.0457257314407789
pico-decoder-small,pico-lm/pico-decoder-small@eb892260583a7bfbf95a1aecbf60ebc4ee0b8fe2,116000,,Plaus,ses-9,-0.028012065783594,-0.0097457890858773,-0.0343427680652372
pico-decoder-small,pico-lm/pico-decoder-small@62d95f269e32053c9fc3638cfe64f8b2f7b23654,117000,,Plaus,ses-5,-0.0333146760410205,-0.0228725491759159,-0.022709457690189
pico-decoder-small,pico-lm/pico-decoder-small@62d95f269e32053c9fc3638cfe64f8b2f7b23654,117000,,Plaus,ses-7,-0.0430353375904218,-0.0440568899414497,-0.0260054724534904
pico-decoder-small,pico-lm/pico-decoder-small@62d95f269e32053c9fc3638cfe64f8b2f7b23654,117000,,Plaus,ses-9,-0.0136735401744464,-0.0046820521855857,-0.0151268602734173
pico-decoder-small,pico-lm/pico-decoder-small@31ddb818fbb16fbd1caf8ec968855022dd6afc74,118000,,Plaus,ses-5,-0.0286571216616335,-0.0306545352122313,-0.0220215844813382
pico-decoder-small,pico-lm/pico-decoder-small@31ddb818fbb16fbd1caf8ec968855022dd6afc74,118000,,Plaus,ses-7,-0.0393023051628453,-0.0420284183532595,-0.0262753454196354
pico-decoder-small,pico-lm/pico-decoder-small@31ddb818fbb16fbd1caf8ec968855022dd6afc74,118000,,Plaus,ses-9,-0.0179280022557328,-0.0198799367289865,-0.0157820848888207
pico-decoder-small,pico-lm/pico-decoder-small@82d2ace20cd9a6db92a58205d7a22f5f6173e7b8,119000,,Plaus,ses-5,-0.0381290354234696,-0.0264213065106033,-0.0341161452342177
pico-decoder-small,pico-lm/pico-decoder-small@82d2ace20cd9a6db92a58205d7a22f5f6173e7b8,119000,,Plaus,ses-7,-0.0596116800705531,-0.047555589129148,-0.0413072040640584
pico-decoder-small,pico-lm/pico-decoder-small@82d2ace20cd9a6db92a58205d7a22f5f6173e7b8,119000,,Plaus,ses-9,-0.0316026449991698,-0.0299769822222544,-0.0252598350168348
pico-decoder-small,pico-lm/pico-decoder-small@8e25d91566448034f3bb0406ab0045355c528ae7,120000,,Plaus,ses-5,-0.036409490898723,-0.0306153188133148,-0.0329283029735804
pico-decoder-small,pico-lm/pico-decoder-small@8e25d91566448034f3bb0406ab0045355c528ae7,120000,,Plaus,ses-7,-0.0491391789986727,-0.0430633357015123,-0.0407220634512656
pico-decoder-small,pico-lm/pico-decoder-small@8e25d91566448034f3bb0406ab0045355c528ae7,120000,,Plaus,ses-9,-0.0194682597573122,-0.0243643152821239,-0.0078643086629229
pico-decoder-small,pico-lm/pico-decoder-small@8a2f1db72ebb1ce87faaf75ea1db7910f308be65,121000,,Plaus,ses-5,-0.0398665348351938,-0.0227274125771667,-0.0350815498815547
pico-decoder-small,pico-lm/pico-decoder-small@8a2f1db72ebb1ce87faaf75ea1db7910f308be65,121000,,Plaus,ses-7,-0.0503251796769528,-0.0276327192941961,-0.0254442074906946
pico-decoder-small,pico-lm/pico-decoder-small@8a2f1db72ebb1ce87faaf75ea1db7910f308be65,121000,,Plaus,ses-9,-0.0203082204021995,-0.0061115442430342,-0.0102780777998323
pico-decoder-small,pico-lm/pico-decoder-small@e197ddf7837d73cb367f53e1dd174a4745892831,122000,,Plaus,ses-5,-0.0395264090727556,-0.0333687830723697,-0.0382463686730697
pico-decoder-small,pico-lm/pico-decoder-small@e197ddf7837d73cb367f53e1dd174a4745892831,122000,,Plaus,ses-7,-0.0465633700905201,-0.0350633244918805,-0.0513367104440836
pico-decoder-small,pico-lm/pico-decoder-small@e197ddf7837d73cb367f53e1dd174a4745892831,122000,,Plaus,ses-9,-0.0205000522584159,-0.0178657909635988,-0.0318931454189332
pico-decoder-small,pico-lm/pico-decoder-small@51a1f29ffaf81f8b5d071b1858b6ac094aca1b30,123000,,Plaus,ses-5,-0.0372460843260453,-0.0287810898013715,-0.0320671998379407
pico-decoder-small,pico-lm/pico-decoder-small@51a1f29ffaf81f8b5d071b1858b6ac094aca1b30,123000,,Plaus,ses-7,-0.054965324502798,-0.0487422693102015,-0.04879866154833
pico-decoder-small,pico-lm/pico-decoder-small@51a1f29ffaf81f8b5d071b1858b6ac094aca1b30,123000,,Plaus,ses-9,-0.0235638588510221,-0.0140878291201573,-0.0266027229309967
pico-decoder-small,pico-lm/pico-decoder-small@c2d4754b377c202474754e86b41f1321342ad24a,124000,,Plaus,ses-5,-0.0330756512023755,-0.0166854059212964,-0.0409548991882165
pico-decoder-small,pico-lm/pico-decoder-small@c2d4754b377c202474754e86b41f1321342ad24a,124000,,Plaus,ses-7,-0.0385095937649474,-0.0252940958063528,-0.0554642981046617
pico-decoder-small,pico-lm/pico-decoder-small@c2d4754b377c202474754e86b41f1321342ad24a,124000,,Plaus,ses-9,-0.0137136741185092,-0.0044201687870823,-0.0200991066697141
pico-decoder-small,pico-lm/pico-decoder-small@ef21ca419b33425716396ead8c1e60e01f301271,125000,,Plaus,ses-5,-0.0318285601951354,-0.0194614452533839,-0.0311968649862775
pico-decoder-small,pico-lm/pico-decoder-small@ef21ca419b33425716396ead8c1e60e01f301271,125000,,Plaus,ses-7,-0.0331319612076843,-0.011898655126055,-0.018041624208338
pico-decoder-small,pico-lm/pico-decoder-small@ef21ca419b33425716396ead8c1e60e01f301271,125000,,Plaus,ses-9,-0.0138812754251908,-0.0023295854517504,-0.0057100316806807
pico-decoder-small,pico-lm/pico-decoder-small@a8294defc7001e32644ce53dbcb87ef35587ff22,0,,Sem,ses-5,-0.01734554093301,-0.0202304229909595,-0.0146117183616284
pico-decoder-small,pico-lm/pico-decoder-small@a8294defc7001e32644ce53dbcb87ef35587ff22,0,,Sem,ses-7,-0.0112124300582838,-0.0157038138887738,-0.0053687006329104
pico-decoder-small,pico-lm/pico-decoder-small@a8294defc7001e32644ce53dbcb87ef35587ff22,0,,Sem,ses-9,-0.0059829776881951,-0.0117338960178479,-0.0024317963001111
pico-decoder-small,pico-lm/pico-decoder-small@5e3d06988f3cc3adbf36b55cd8b1ddb3ae9f9bde,1000,,Sem,ses-5,-0.0179820463147072,-0.0080175730830518,-0.0106517461792306
pico-decoder-small,pico-lm/pico-decoder-small@5e3d06988f3cc3adbf36b55cd8b1ddb3ae9f9bde,1000,,Sem,ses-7,0.0369253793566045,0.0365468064960049,0.0469730334692432
pico-decoder-small,pico-lm/pico-decoder-small@5e3d06988f3cc3adbf36b55cd8b1ddb3ae9f9bde,1000,,Sem,ses-9,0.0428844564917106,0.0386901641750399,0.053309694645049
pico-decoder-small,pico-lm/pico-decoder-small@9f1ca389bbb1cc08b42a32bfe58fb818b24b3490,2000,,Sem,ses-5,-0.0275558523260861,-0.0274983484246401,-0.0239698983963479
pico-decoder-small,pico-lm/pico-decoder-small@9f1ca389bbb1cc08b42a32bfe58fb818b24b3490,2000,,Sem,ses-7,0.0468581672343164,0.0430971411603394,0.0515119259279324
pico-decoder-small,pico-lm/pico-decoder-small@9f1ca389bbb1cc08b42a32bfe58fb818b24b3490,2000,,Sem,ses-9,0.0152595017516897,0.0122837812074857,0.0173626181976183
pico-decoder-small,pico-lm/pico-decoder-small@f2269f20ce160cf71bea0a02ccf685e126dd2dc1,3000,,Sem,ses-5,-0.0211462505916615,-0.0364389877587222,-0.0228961068166373
pico-decoder-small,pico-lm/pico-decoder-small@f2269f20ce160cf71bea0a02ccf685e126dd2dc1,3000,,Sem,ses-7,0.0003177855884249,-0.0156517959256387,-0.0125935297597475
pico-decoder-small,pico-lm/pico-decoder-small@f2269f20ce160cf71bea0a02ccf685e126dd2dc1,3000,,Sem,ses-9,-0.0155743489065604,-0.0244299159541531,-0.0141277916273047
pico-decoder-small,pico-lm/pico-decoder-small@10da1c98e1cd32fc61ab4ced31075c08cf699861,4000,,Sem,ses-5,-0.0152028781586575,-0.0252512343621698,0.0029802787452397
pico-decoder-small,pico-lm/pico-decoder-small@10da1c98e1cd32fc61ab4ced31075c08cf699861,4000,,Sem,ses-7,0.0071238430200836,0.0056072994253838,0.010983317756725
pico-decoder-small,pico-lm/pico-decoder-small@10da1c98e1cd32fc61ab4ced31075c08cf699861,4000,,Sem,ses-9,-0.00064993206121,0.0004716908066816,0.0030389123159318
pico-decoder-small,pico-lm/pico-decoder-small@be2865b50166a683e659f4a1f99e058c77288911,5000,,Sem,ses-5,-0.0373439117516182,-0.0564799432273653,-0.0363676626558701
pico-decoder-small,pico-lm/pico-decoder-small@be2865b50166a683e659f4a1f99e058c77288911,5000,,Sem,ses-7,-0.0116250489366142,-0.0362017608101361,-0.0130119349591781
pico-decoder-small,pico-lm/pico-decoder-small@be2865b50166a683e659f4a1f99e058c77288911,5000,,Sem,ses-9,-0.0081320764153263,-0.01570862288788,-0.0158541806265166
pico-decoder-small,pico-lm/pico-decoder-small@496ea4785860af671e895085f1bcdc3bff2f9d97,6000,,Sem,ses-5,-0.0471642422056711,-0.0650381694003063,-0.0411572338943272
pico-decoder-small,pico-lm/pico-decoder-small@496ea4785860af671e895085f1bcdc3bff2f9d97,6000,,Sem,ses-7,0.0012500796274891,-0.0043520766409009,0.0226699904381618
pico-decoder-small,pico-lm/pico-decoder-small@496ea4785860af671e895085f1bcdc3bff2f9d97,6000,,Sem,ses-9,-0.0099695344660703,-0.0106189052857529,0.0046564190215734
pico-decoder-small,pico-lm/pico-decoder-small@c5bddf28e9cfbede4fe480513c4a3487279f7d47,7000,,Sem,ses-5,-0.0356318002769493,-0.0563099934001661,-0.0684367929809711
pico-decoder-small,pico-lm/pico-decoder-small@c5bddf28e9cfbede4fe480513c4a3487279f7d47,7000,,Sem,ses-7,-0.0496366692304481,-0.0599397169828571,-0.0506844978202144
pico-decoder-small,pico-lm/pico-decoder-small@c5bddf28e9cfbede4fe480513c4a3487279f7d47,7000,,Sem,ses-9,-0.0407905829248172,-0.0482973105201803,-0.0271082144197457
pico-decoder-small,pico-lm/pico-decoder-small@9fe9969ca88ccf3b71599f85000ce082bf854421,8000,,Sem,ses-5,-0.0304792617105568,-0.0307970832299375,-0.033865975616657
pico-decoder-small,pico-lm/pico-decoder-small@9fe9969ca88ccf3b71599f85000ce082bf854421,8000,,Sem,ses-7,-0.0313952761522284,-0.0350344840699766,-0.0052344072488748
pico-decoder-small,pico-lm/pico-decoder-small@9fe9969ca88ccf3b71599f85000ce082bf854421,8000,,Sem,ses-9,-0.0400662306682341,-0.0355513012824968,-0.0101442961668522
pico-decoder-small,pico-lm/pico-decoder-small@8335f55c1bf51378b17a73d527c39899546e2d5b,9000,,Sem,ses-5,-0.0687728214342063,-0.0650791874606742,-0.0673540430953942
pico-decoder-small,pico-lm/pico-decoder-small@8335f55c1bf51378b17a73d527c39899546e2d5b,9000,,Sem,ses-7,-0.0244835572778651,-0.0424121009623492,-0.0300888826565448
pico-decoder-small,pico-lm/pico-decoder-small@8335f55c1bf51378b17a73d527c39899546e2d5b,9000,,Sem,ses-9,-0.0201997803533494,-0.0308383470580421,-0.0166680879156179
pico-decoder-small,pico-lm/pico-decoder-small@8ce4e4fa15c0cec038fcb9f29d30cc50bac60a3d,10000,,Sem,ses-5,-0.0714540885153559,-0.0818003367743798,-0.071944354188878
pico-decoder-small,pico-lm/pico-decoder-small@8ce4e4fa15c0cec038fcb9f29d30cc50bac60a3d,10000,,Sem,ses-7,-0.0337290154370919,-0.0606171922774416,-0.0492442227092471
pico-decoder-small,pico-lm/pico-decoder-small@8ce4e4fa15c0cec038fcb9f29d30cc50bac60a3d,10000,,Sem,ses-9,-0.0365513072075114,-0.0510401682896733,-0.0483003589024589
pico-decoder-small,pico-lm/pico-decoder-small@3261da23d1d8811f9a32b69d6d6b9a17ca82fcd0,11000,,Sem,ses-5,-0.075714126576083,-0.0833949856432656,-0.0625421587334691
pico-decoder-small,pico-lm/pico-decoder-small@3261da23d1d8811f9a32b69d6d6b9a17ca82fcd0,11000,,Sem,ses-7,-0.0309374137331439,-0.0631573901149363,-0.0469770505500865
pico-decoder-small,pico-lm/pico-decoder-small@3261da23d1d8811f9a32b69d6d6b9a17ca82fcd0,11000,,Sem,ses-9,-0.0290784028579539,-0.0600907836556162,-0.0331933890879002
pico-decoder-small,pico-lm/pico-decoder-small@a6a20b8103a7cdacefa2bb78dee23c516ad6e78e,12000,,Sem,ses-5,-0.0424603260538043,-0.0560422193903119,-0.0358255313664649
pico-decoder-small,pico-lm/pico-decoder-small@a6a20b8103a7cdacefa2bb78dee23c516ad6e78e,12000,,Sem,ses-7,-0.0182963178556681,-0.0290241226818501,0.0103688222412299
pico-decoder-small,pico-lm/pico-decoder-small@a6a20b8103a7cdacefa2bb78dee23c516ad6e78e,12000,,Sem,ses-9,-0.0391343246834911,-0.0429028919464431,-0.0131888625779675
pico-decoder-small,pico-lm/pico-decoder-small@c2395fd6ba7da947893c62b8169b47a83345153b,13000,,Sem,ses-5,-0.0978577500723281,-0.0873157772743683,-0.0826617153234865
pico-decoder-small,pico-lm/pico-decoder-small@c2395fd6ba7da947893c62b8169b47a83345153b,13000,,Sem,ses-7,-0.0380673592667377,-0.0363492372618052,-0.0295886763248285
pico-decoder-small,pico-lm/pico-decoder-small@c2395fd6ba7da947893c62b8169b47a83345153b,13000,,Sem,ses-9,-0.0388106033011903,-0.0350791009748639,-0.0270593253242298
pico-decoder-small,pico-lm/pico-decoder-small@6dc7fa92550aabc62d659674176bda49750efe64,14000,,Sem,ses-5,-0.0717160682992995,-0.0745324436785593,-0.0613517273668601
pico-decoder-small,pico-lm/pico-decoder-small@6dc7fa92550aabc62d659674176bda49750efe64,14000,,Sem,ses-7,-0.0192897908143237,-0.0445065429569612,-0.0167313788567834
pico-decoder-small,pico-lm/pico-decoder-small@6dc7fa92550aabc62d659674176bda49750efe64,14000,,Sem,ses-9,-0.0235706752969085,-0.0425939604641131,-0.0244818656484724
pico-decoder-small,pico-lm/pico-decoder-small@d1c60a45e64f88520c2cd94890471321a15410bf,15000,,Sem,ses-5,-0.0905378993773779,-0.0836400484146631,-0.1019405974996704
pico-decoder-small,pico-lm/pico-decoder-small@d1c60a45e64f88520c2cd94890471321a15410bf,15000,,Sem,ses-7,-0.0359430083446302,-0.047181214551889,-0.03621414118022
pico-decoder-small,pico-lm/pico-decoder-small@d1c60a45e64f88520c2cd94890471321a15410bf,15000,,Sem,ses-9,-0.0315722864122157,-0.040994844658819,-0.03547425022255
pico-decoder-small,pico-lm/pico-decoder-small@cbb63c23390c0d43e0d6dfaa0c69aed19778fa74,16000,,Sem,ses-5,-0.0671070982605389,-0.0569983737397949,-0.0917876886827453
pico-decoder-small,pico-lm/pico-decoder-small@cbb63c23390c0d43e0d6dfaa0c69aed19778fa74,16000,,Sem,ses-7,-0.0360170620442555,-0.0527435277021613,-0.027576915770916
pico-decoder-small,pico-lm/pico-decoder-small@cbb63c23390c0d43e0d6dfaa0c69aed19778fa74,16000,,Sem,ses-9,-0.0449205818266594,-0.0580222241656078,-0.0393372354135599
pico-decoder-small,pico-lm/pico-decoder-small@a4f386c7a4155bfab638b897e60bc656a82e6a4f,17000,,Sem,ses-5,-0.0897169366858222,-0.0828493496484448,-0.0862701261005153
pico-decoder-small,pico-lm/pico-decoder-small@a4f386c7a4155bfab638b897e60bc656a82e6a4f,17000,,Sem,ses-7,-0.0401239135058393,-0.0509873900275163,-0.0239851970786508
pico-decoder-small,pico-lm/pico-decoder-small@a4f386c7a4155bfab638b897e60bc656a82e6a4f,17000,,Sem,ses-9,-0.0437188817937348,-0.0549963080763399,-0.0354685221095979
pico-decoder-small,pico-lm/pico-decoder-small@9b68d0ee8ceef680cc668de7d4560f7d8d311e42,18000,,Sem,ses-5,-0.0977833571844813,-0.0957702549686843,-0.1221081441926928
pico-decoder-small,pico-lm/pico-decoder-small@9b68d0ee8ceef680cc668de7d4560f7d8d311e42,18000,,Sem,ses-7,-0.0544341373743413,-0.0751006026336291,-0.0678381818223563
pico-decoder-small,pico-lm/pico-decoder-small@9b68d0ee8ceef680cc668de7d4560f7d8d311e42,18000,,Sem,ses-9,-0.0638234249932371,-0.0812874841835077,-0.0600172178983688
pico-decoder-small,pico-lm/pico-decoder-small@a161849d9bc2ecbb0bc6095f0fe9fa54a03b14ce,19000,,Sem,ses-5,-0.1052503501732129,-0.0836864216246633,-0.1069311291359229
pico-decoder-small,pico-lm/pico-decoder-small@a161849d9bc2ecbb0bc6095f0fe9fa54a03b14ce,19000,,Sem,ses-7,-0.0221167845096016,-0.0250512570353215,-0.0096888533383222
pico-decoder-small,pico-lm/pico-decoder-small@a161849d9bc2ecbb0bc6095f0fe9fa54a03b14ce,19000,,Sem,ses-9,-0.0438767063606353,-0.0484124067132233,-0.0315560434643979
pico-decoder-small,pico-lm/pico-decoder-small@082423f29dc36ca1b544cb85c655531783bb8985,20000,,Sem,ses-5,-0.1044146040492584,-0.0947882885392708,-0.1054394813817842
pico-decoder-small,pico-lm/pico-decoder-small@082423f29dc36ca1b544cb85c655531783bb8985,20000,,Sem,ses-7,-0.0803526491072589,-0.0778088660790079,-0.0704698706522605
pico-decoder-small,pico-lm/pico-decoder-small@082423f29dc36ca1b544cb85c655531783bb8985,20000,,Sem,ses-9,-0.0824721184497297,-0.0859981316406087,-0.0663811456391905
pico-decoder-small,pico-lm/pico-decoder-small@62236c27ddef441fc85ceabb80793b680397d2f4,21000,,Sem,ses-5,-0.0737142275492546,-0.0666128880867039,-0.0793517132891117
pico-decoder-small,pico-lm/pico-decoder-small@62236c27ddef441fc85ceabb80793b680397d2f4,21000,,Sem,ses-7,-0.0330272421930486,-0.0329507947731569,-0.0334192036463481
pico-decoder-small,pico-lm/pico-decoder-small@62236c27ddef441fc85ceabb80793b680397d2f4,21000,,Sem,ses-9,-0.0383796855057589,-0.0418519876668719,-0.0308870521870649
pico-decoder-small,pico-lm/pico-decoder-small@457283267b592ffd80ca1a4ede807a4a5606a7f4,22000,,Sem,ses-5,-0.0919975491782588,-0.1015774512355759,-0.1004768803146082
pico-decoder-small,pico-lm/pico-decoder-small@457283267b592ffd80ca1a4ede807a4a5606a7f4,22000,,Sem,ses-7,-0.0011676504220983,-0.022371100939321,-0.0072999478199882
pico-decoder-small,pico-lm/pico-decoder-small@457283267b592ffd80ca1a4ede807a4a5606a7f4,22000,,Sem,ses-9,-0.0075460482773853,-0.0234750227812139,-0.0048038336719987
pico-decoder-small,pico-lm/pico-decoder-small@542883f65bdcba033a9c80f753fdd6f6829cb7e7,23000,,Sem,ses-5,-0.0559043199755657,-0.0741483784120767,-0.0568104843050513
pico-decoder-small,pico-lm/pico-decoder-small@542883f65bdcba033a9c80f753fdd6f6829cb7e7,23000,,Sem,ses-7,-0.0389083290330267,-0.0538290952932815,-0.0424058669415413
pico-decoder-small,pico-lm/pico-decoder-small@542883f65bdcba033a9c80f753fdd6f6829cb7e7,23000,,Sem,ses-9,-0.0484176892823251,-0.0552509615384235,-0.046833326008808
pico-decoder-small,pico-lm/pico-decoder-small@bbc3997ae0773f6e0f145401283a22dced84175c,24000,,Sem,ses-5,-0.070950561444717,-0.0781817992168064,-0.0749919661077955
pico-decoder-small,pico-lm/pico-decoder-small@bbc3997ae0773f6e0f145401283a22dced84175c,24000,,Sem,ses-7,-0.0362165780176331,-0.0480209971594028,-0.0340314283254452
pico-decoder-small,pico-lm/pico-decoder-small@bbc3997ae0773f6e0f145401283a22dced84175c,24000,,Sem,ses-9,-0.0498168184187224,-0.0529374671912198,-0.0463390497220145
pico-decoder-small,pico-lm/pico-decoder-small@8316a2db89b6a337de59490bec6e6ed79275e85f,25000,,Sem,ses-5,-0.0621879226277604,-0.058328505380648,-0.0596247764075016
pico-decoder-small,pico-lm/pico-decoder-small@8316a2db89b6a337de59490bec6e6ed79275e85f,25000,,Sem,ses-7,-0.0421056343435777,-0.0463715751417015,-0.0349939855712276
pico-decoder-small,pico-lm/pico-decoder-small@8316a2db89b6a337de59490bec6e6ed79275e85f,25000,,Sem,ses-9,-0.0516316924265928,-0.0540216377867837,-0.0415953522532738
pico-decoder-small,pico-lm/pico-decoder-small@b2ff4ecd5fdb6684736075b48a28007f425925d5,26000,,Sem,ses-5,-0.0833144313151414,-0.0710525047521293,-0.0663867034394127
pico-decoder-small,pico-lm/pico-decoder-small@b2ff4ecd5fdb6684736075b48a28007f425925d5,26000,,Sem,ses-7,-0.0484508061255423,-0.0380374862701979,-0.0217474588397518
pico-decoder-small,pico-lm/pico-decoder-small@b2ff4ecd5fdb6684736075b48a28007f425925d5,26000,,Sem,ses-9,-0.0562851895428515,-0.0537061639960462,-0.0295787665672561
pico-decoder-small,pico-lm/pico-decoder-small@d0bf4c35052d4efe8b11ad72cf76ba92d8837271,27000,,Sem,ses-5,-0.1135045386599854,-0.1022649663577923,-0.1055523038639528
pico-decoder-small,pico-lm/pico-decoder-small@d0bf4c35052d4efe8b11ad72cf76ba92d8837271,27000,,Sem,ses-7,-0.0876263924812808,-0.0822455313757351,-0.0793664456995534
pico-decoder-small,pico-lm/pico-decoder-small@d0bf4c35052d4efe8b11ad72cf76ba92d8837271,27000,,Sem,ses-9,-0.0862436909778135,-0.0869189601117202,-0.0774106088036568
pico-decoder-small,pico-lm/pico-decoder-small@c5fe4eaa6e28635b04a285d9d63224a7013711d4,28000,,Sem,ses-5,-0.0927229312160313,-0.0909242203892572,-0.0729178667830427
pico-decoder-small,pico-lm/pico-decoder-small@c5fe4eaa6e28635b04a285d9d63224a7013711d4,28000,,Sem,ses-7,-0.0818265678092534,-0.0930030525394901,-0.0674517673899923
pico-decoder-small,pico-lm/pico-decoder-small@c5fe4eaa6e28635b04a285d9d63224a7013711d4,28000,,Sem,ses-9,-0.0838168107510564,-0.0970544460082434,-0.0810489313826575
pico-decoder-small,pico-lm/pico-decoder-small@574194afaad5aebab0de6f7ec3ebd45241ba9f36,29000,,Sem,ses-5,-0.0790342690447655,-0.0803344723554072,-0.0719681843172941
pico-decoder-small,pico-lm/pico-decoder-small@574194afaad5aebab0de6f7ec3ebd45241ba9f36,29000,,Sem,ses-7,-0.0610950315892565,-0.0616225914389015,-0.0217283845326276
pico-decoder-small,pico-lm/pico-decoder-small@574194afaad5aebab0de6f7ec3ebd45241ba9f36,29000,,Sem,ses-9,-0.0574064588501394,-0.0671262954515315,-0.0296435694830359
pico-decoder-small,pico-lm/pico-decoder-small@4e76d0f5009af59c7519cc564d83ccb252becc09,30000,,Sem,ses-5,-0.0631733757971116,-0.0554198571513835,-0.0736415938409972
pico-decoder-small,pico-lm/pico-decoder-small@4e76d0f5009af59c7519cc564d83ccb252becc09,30000,,Sem,ses-7,-0.0243301213178895,-0.0215628197192577,-0.0323608767499556
pico-decoder-small,pico-lm/pico-decoder-small@4e76d0f5009af59c7519cc564d83ccb252becc09,30000,,Sem,ses-9,-0.0410938200692935,-0.040928955909559,-0.0496049026725448
pico-decoder-small,pico-lm/pico-decoder-small@63e4f365e97340e8419c8d14c3479eab48b41672,31000,,Sem,ses-5,-0.0778888649145575,-0.0676626059261191,-0.0568141772886746
pico-decoder-small,pico-lm/pico-decoder-small@63e4f365e97340e8419c8d14c3479eab48b41672,31000,,Sem,ses-7,-0.0611662460247652,-0.0688516093965499,-0.0544729298713153
pico-decoder-small,pico-lm/pico-decoder-small@63e4f365e97340e8419c8d14c3479eab48b41672,31000,,Sem,ses-9,-0.0679574251663022,-0.0629335718803852,-0.0563633573369004
pico-decoder-small,pico-lm/pico-decoder-small@8c1e326d52a990b3ef622fa0187927b4c3c8b198,32000,,Sem,ses-5,-0.0534730001199267,-0.0386962781864558,-0.0327275844903756
pico-decoder-small,pico-lm/pico-decoder-small@8c1e326d52a990b3ef622fa0187927b4c3c8b198,32000,,Sem,ses-7,-0.0226518366821217,-0.0460243577888723,0.0087281501298521
pico-decoder-small,pico-lm/pico-decoder-small@8c1e326d52a990b3ef622fa0187927b4c3c8b198,32000,,Sem,ses-9,-0.0454776711729079,-0.0560291951375025,-0.0133442158137374
pico-decoder-small,pico-lm/pico-decoder-small@5087b4b665fc374f51db109f5832fccfa45038ed,33000,,Sem,ses-5,-0.0806206200187501,-0.068471468509045,-0.0859418048372702
pico-decoder-small,pico-lm/pico-decoder-small@5087b4b665fc374f51db109f5832fccfa45038ed,33000,,Sem,ses-7,-0.061567292260895,-0.0819659123670364,-0.0755519981993129
pico-decoder-small,pico-lm/pico-decoder-small@5087b4b665fc374f51db109f5832fccfa45038ed,33000,,Sem,ses-9,-0.0700110467208024,-0.080083348031789,-0.0801389598091097
pico-decoder-small,pico-lm/pico-decoder-small@1b37af2dca833f47e09a88bc07d1b193eb75b975,34000,,Sem,ses-5,-0.0735028292088386,-0.0598289849636891,-0.0616185434574362
pico-decoder-small,pico-lm/pico-decoder-small@1b37af2dca833f47e09a88bc07d1b193eb75b975,34000,,Sem,ses-7,-0.0475799755792385,-0.0594911463089076,-0.0152753573638055
pico-decoder-small,pico-lm/pico-decoder-small@1b37af2dca833f47e09a88bc07d1b193eb75b975,34000,,Sem,ses-9,-0.0484199579628658,-0.0531775154384447,-0.0247814586754252
pico-decoder-small,pico-lm/pico-decoder-small@f84a2138adf461f090569b0490e077e154d5692a,35000,,Sem,ses-5,-0.0806322300291445,-0.0679326931708989,-0.0753216973017408
pico-decoder-small,pico-lm/pico-decoder-small@f84a2138adf461f090569b0490e077e154d5692a,35000,,Sem,ses-7,-0.0230294961778284,-0.0301910257400707,-0.014002504696616
pico-decoder-small,pico-lm/pico-decoder-small@f84a2138adf461f090569b0490e077e154d5692a,35000,,Sem,ses-9,-0.0385502030420577,-0.0394614271687199,-0.0294414916325194
pico-decoder-small,pico-lm/pico-decoder-small@a5edb37d58f3dac4abc7615fe9f16119c9719363,36000,,Sem,ses-5,-0.0817185270186647,-0.0602125745043187,-0.0749324874410261
pico-decoder-small,pico-lm/pico-decoder-small@a5edb37d58f3dac4abc7615fe9f16119c9719363,36000,,Sem,ses-7,-0.0343613664816951,-0.0270132639949248,-0.0412301342102757
pico-decoder-small,pico-lm/pico-decoder-small@a5edb37d58f3dac4abc7615fe9f16119c9719363,36000,,Sem,ses-9,-0.0470082429313183,-0.0384073070686167,-0.0555639898683184
pico-decoder-small,pico-lm/pico-decoder-small@ad19a8ed94822569698ab34f7cbdb71a73e75edb,37000,,Sem,ses-5,-0.0569870483025693,-0.0411428952871596,-0.0560540191161523
pico-decoder-small,pico-lm/pico-decoder-small@ad19a8ed94822569698ab34f7cbdb71a73e75edb,37000,,Sem,ses-7,-0.0046783519955303,-0.0061816183834928,-0.0025960208888347
pico-decoder-small,pico-lm/pico-decoder-small@ad19a8ed94822569698ab34f7cbdb71a73e75edb,37000,,Sem,ses-9,-0.0261083055083114,-0.0145719392006119,-0.0216412807099048
pico-decoder-small,pico-lm/pico-decoder-small@6ffc4bc90cff1f5d9492cc62aa823b2f31820dec,38000,,Sem,ses-5,-0.0636134876054785,-0.0280000006180124,-0.0533845970338471
pico-decoder-small,pico-lm/pico-decoder-small@6ffc4bc90cff1f5d9492cc62aa823b2f31820dec,38000,,Sem,ses-7,-0.0268899755439902,-0.0175048731628102,0.0074266755819991
pico-decoder-small,pico-lm/pico-decoder-small@6ffc4bc90cff1f5d9492cc62aa823b2f31820dec,38000,,Sem,ses-9,-0.044886004749404,-0.0330104265057974,-0.0127467249823202
pico-decoder-small,pico-lm/pico-decoder-small@2be3f69fedc1c81a1c9dee69aecdfbb30a7ed07b,39000,,Sem,ses-5,-0.074911117864454,-0.0300939927570595,-0.0729986388527582
pico-decoder-small,pico-lm/pico-decoder-small@2be3f69fedc1c81a1c9dee69aecdfbb30a7ed07b,39000,,Sem,ses-7,-0.0022029448572905,-0.0127394274052247,0.0201136308568091
pico-decoder-small,pico-lm/pico-decoder-small@2be3f69fedc1c81a1c9dee69aecdfbb30a7ed07b,39000,,Sem,ses-9,-0.0282991653479736,-0.0319480983381821,-0.0073838580993715
pico-decoder-small,pico-lm/pico-decoder-small@89ce452106683eb2c3d635f0b06d00b4836a270d,40000,,Sem,ses-5,-0.0592541471625803,-0.0443333435341316,-0.0540218267836105
pico-decoder-small,pico-lm/pico-decoder-small@89ce452106683eb2c3d635f0b06d00b4836a270d,40000,,Sem,ses-7,0.0081969935915451,0.0047090894908634,0.0028427990040557
pico-decoder-small,pico-lm/pico-decoder-small@89ce452106683eb2c3d635f0b06d00b4836a270d,40000,,Sem,ses-9,-0.0149060503780527,-0.0128163562999223,-0.0144740524980941
pico-decoder-small,pico-lm/pico-decoder-small@fb21f9a6029769e4fde8c343509be2fc23d627f8,41000,,Sem,ses-5,-0.0570099047020869,-0.0465382875897953,-0.0433345405775127
pico-decoder-small,pico-lm/pico-decoder-small@fb21f9a6029769e4fde8c343509be2fc23d627f8,41000,,Sem,ses-7,-0.0155731639036426,-0.0409143298547461,0.0150877525022308
pico-decoder-small,pico-lm/pico-decoder-small@fb21f9a6029769e4fde8c343509be2fc23d627f8,41000,,Sem,ses-9,-0.0423685088083174,-0.0558797820073231,0.0008884755200117
pico-decoder-small,pico-lm/pico-decoder-small@3b04367b1f9f520d1eb5dc4b1d62222a11574175,42000,,Sem,ses-5,-0.0221832481541522,-0.0033365578850875,-0.0257963536698482
pico-decoder-small,pico-lm/pico-decoder-small@3b04367b1f9f520d1eb5dc4b1d62222a11574175,42000,,Sem,ses-7,0.0010074709403635,-0.0099963303355669,0.0435934432344132
pico-decoder-small,pico-lm/pico-decoder-small@3b04367b1f9f520d1eb5dc4b1d62222a11574175,42000,,Sem,ses-9,-0.0237629504641005,-0.0313662266931924,0.0006014116172993
pico-decoder-small,pico-lm/pico-decoder-small@a8fcdde6a31d48184ff170362f4802ba6f7c825b,43000,,Sem,ses-5,-0.0504130387315472,-0.0330085422864823,-0.0492237557182813
pico-decoder-small,pico-lm/pico-decoder-small@a8fcdde6a31d48184ff170362f4802ba6f7c825b,43000,,Sem,ses-7,-0.0062558359282759,-0.0085247996048859,0.0353653966737442
pico-decoder-small,pico-lm/pico-decoder-small@a8fcdde6a31d48184ff170362f4802ba6f7c825b,43000,,Sem,ses-9,-0.0252714886418781,-0.0208066211380497,0.0050175689617711
pico-decoder-small,pico-lm/pico-decoder-small@42a2d16068cea73c52aa94a34fd039b076c656d2,44000,,Sem,ses-5,-0.0502531682560311,-0.03441031306674,-0.0468950208969228
pico-decoder-small,pico-lm/pico-decoder-small@42a2d16068cea73c52aa94a34fd039b076c656d2,44000,,Sem,ses-7,-0.0186289019674932,-0.0013401520657689,-0.0166317983690155
pico-decoder-small,pico-lm/pico-decoder-small@42a2d16068cea73c52aa94a34fd039b076c656d2,44000,,Sem,ses-9,-0.035895359585704,-0.0170725713069667,-0.0317165542295439
pico-decoder-small,pico-lm/pico-decoder-small@9b211dca4e657296153efe83773900826fe138d5,45000,,Sem,ses-5,-0.0195312662391076,-0.0159564422821961,-0.0251861770552239
pico-decoder-small,pico-lm/pico-decoder-small@9b211dca4e657296153efe83773900826fe138d5,45000,,Sem,ses-7,0.0041163695717394,-0.0068423383548317,0.0389413819191428
pico-decoder-small,pico-lm/pico-decoder-small@9b211dca4e657296153efe83773900826fe138d5,45000,,Sem,ses-9,-0.0205897735088975,-0.0237216471119446,0.001598063028293
pico-decoder-small,pico-lm/pico-decoder-small@8866040c1a6ead0d48bd6a4f6ff9046c778670fa,46000,,Sem,ses-5,-0.0321609835015435,-0.0345579900131417,-0.029139014787065
pico-decoder-small,pico-lm/pico-decoder-small@8866040c1a6ead0d48bd6a4f6ff9046c778670fa,46000,,Sem,ses-7,-0.0238498293590408,-0.0333667121132173,-0.0159594755734734
pico-decoder-small,pico-lm/pico-decoder-small@8866040c1a6ead0d48bd6a4f6ff9046c778670fa,46000,,Sem,ses-9,-0.0440842766170348,-0.0466788825448355,-0.0264191736691518
pico-decoder-small,pico-lm/pico-decoder-small@2c39df607c549d2902ed46ce83a2e6630df09d90,47000,,Sem,ses-5,-0.0334761240290741,-0.0443054323677711,-0.0535097122145677
pico-decoder-small,pico-lm/pico-decoder-small@2c39df607c549d2902ed46ce83a2e6630df09d90,47000,,Sem,ses-7,0.0072961046449703,-0.0105572930388361,0.0043055374298855
pico-decoder-small,pico-lm/pico-decoder-small@2c39df607c549d2902ed46ce83a2e6630df09d90,47000,,Sem,ses-9,-0.0164096351142824,-0.0281873561187548,-0.0199424464419732
pico-decoder-small,pico-lm/pico-decoder-small@e2f848f2a712b27ddfebe48ddc4dd6258de6df59,48000,,Sem,ses-5,-0.0318779316493407,-0.0369590545668727,-0.0297159164622671
pico-decoder-small,pico-lm/pico-decoder-small@e2f848f2a712b27ddfebe48ddc4dd6258de6df59,48000,,Sem,ses-7,-0.0026249309357627,-0.0066668192295044,0.0147756490351347
pico-decoder-small,pico-lm/pico-decoder-small@e2f848f2a712b27ddfebe48ddc4dd6258de6df59,48000,,Sem,ses-9,-0.0368831446740778,-0.0340445237215468,-0.0245770776506505
pico-decoder-small,pico-lm/pico-decoder-small@fa46e0b2c4bcc53653b39cd684396f35c777aead,49000,,Sem,ses-5,-0.0570893250492502,-0.0504839247581211,-0.0557137163164312
pico-decoder-small,pico-lm/pico-decoder-small@fa46e0b2c4bcc53653b39cd684396f35c777aead,49000,,Sem,ses-7,0.0027390814260526,0.0013009729517119,0.0214752337031099
pico-decoder-small,pico-lm/pico-decoder-small@fa46e0b2c4bcc53653b39cd684396f35c777aead,49000,,Sem,ses-9,-0.0197305716570851,-0.0208827638634373,0.0035710713279018
pico-decoder-small,pico-lm/pico-decoder-small@1c1daa1853e150e7a21ae4af47574da037fbb206,50000,,Sem,ses-5,-0.0271616566859634,-0.0464677191928695,-0.0181305841668066
pico-decoder-small,pico-lm/pico-decoder-small@1c1daa1853e150e7a21ae4af47574da037fbb206,50000,,Sem,ses-7,0.0165630840094021,-0.0029176970811391,0.0056591362965024
pico-decoder-small,pico-lm/pico-decoder-small@1c1daa1853e150e7a21ae4af47574da037fbb206,50000,,Sem,ses-9,-0.0163253166592427,-0.0257620820057159,-0.0173645390665082
pico-decoder-small,pico-lm/pico-decoder-small@7aa7c5e89a41da940802066eaa61d34d72089434,51000,,Sem,ses-5,-0.0489584041734581,-0.0589947393164432,-0.0593920609497088
pico-decoder-small,pico-lm/pico-decoder-small@7aa7c5e89a41da940802066eaa61d34d72089434,51000,,Sem,ses-7,0.0535288921587016,0.0144826759274536,0.0544911885457459
pico-decoder-small,pico-lm/pico-decoder-small@7aa7c5e89a41da940802066eaa61d34d72089434,51000,,Sem,ses-9,0.0196737964354199,-0.0044514717249374,0.0116057705416617
pico-decoder-small,pico-lm/pico-decoder-small@9213448a01fde86281f3df23d6846b5c31f86998,52000,,Sem,ses-5,-0.0295349731998726,-0.0207219275638329,-0.0256228531456101
pico-decoder-small,pico-lm/pico-decoder-small@9213448a01fde86281f3df23d6846b5c31f86998,52000,,Sem,ses-7,0.0209662559064966,0.0062385610434113,0.046270062287138
pico-decoder-small,pico-lm/pico-decoder-small@9213448a01fde86281f3df23d6846b5c31f86998,52000,,Sem,ses-9,-0.0068117402716066,-0.0147267132293765,0.0193828591756868
pico-decoder-small,pico-lm/pico-decoder-small@41f9cd78186e1fbaf4b6b2164f52331d4ef4c15e,53000,,Sem,ses-5,-0.0566522106012049,-0.0321562197754415,-0.0561249834722095
pico-decoder-small,pico-lm/pico-decoder-small@41f9cd78186e1fbaf4b6b2164f52331d4ef4c15e,53000,,Sem,ses-7,0.0048184719433366,-0.0232625659148441,0.0092678431446059
pico-decoder-small,pico-lm/pico-decoder-small@41f9cd78186e1fbaf4b6b2164f52331d4ef4c15e,53000,,Sem,ses-9,-0.0181980308823042,-0.0305226296554252,-0.0109797296914923
pico-decoder-small,pico-lm/pico-decoder-small@f4454c4dd5fa26693e9755fbac1a1f6aa12f6c37,54000,,Sem,ses-5,-0.0358858163238794,-0.0257255625009973,-0.0314869705138469
pico-decoder-small,pico-lm/pico-decoder-small@f4454c4dd5fa26693e9755fbac1a1f6aa12f6c37,54000,,Sem,ses-7,-0.0212022626398284,-0.0389797396515533,0.0209343484992471
pico-decoder-small,pico-lm/pico-decoder-small@f4454c4dd5fa26693e9755fbac1a1f6aa12f6c37,54000,,Sem,ses-9,-0.0392310975263833,-0.0408003288372317,-0.0023723751228708
pico-decoder-small,pico-lm/pico-decoder-small@497f4bdf16cbdcb120415cd944d84b34d1fef37a,55000,,Sem,ses-5,-0.052495383492006,-0.0504158837446168,-0.063912667426441
pico-decoder-small,pico-lm/pico-decoder-small@497f4bdf16cbdcb120415cd944d84b34d1fef37a,55000,,Sem,ses-7,-0.006758400049303,-0.0177158906350962,0.0197760336580496
pico-decoder-small,pico-lm/pico-decoder-small@497f4bdf16cbdcb120415cd944d84b34d1fef37a,55000,,Sem,ses-9,-0.0307393299676591,-0.0323472459826146,-0.0027190628534135
pico-decoder-small,pico-lm/pico-decoder-small@79119d3d39e86e4f4fdd14e0de769ebbba87b4c1,56000,,Sem,ses-5,-0.032509122842695,0.0008968733029697,-0.0189442377833609
pico-decoder-small,pico-lm/pico-decoder-small@79119d3d39e86e4f4fdd14e0de769ebbba87b4c1,56000,,Sem,ses-7,0.0172569854996783,0.0219477034929103,0.0159293884284378
pico-decoder-small,pico-lm/pico-decoder-small@79119d3d39e86e4f4fdd14e0de769ebbba87b4c1,56000,,Sem,ses-9,-0.0077441298870128,0.0100146946470073,-0.0022882499763727
pico-decoder-small,pico-lm/pico-decoder-small@1e0aa9e9184e67611fe6a3fe7e0d301e199367b4,57000,,Sem,ses-5,-0.0129823055745178,0.0147503637030142,-0.0204189685249535
pico-decoder-small,pico-lm/pico-decoder-small@1e0aa9e9184e67611fe6a3fe7e0d301e199367b4,57000,,Sem,ses-7,0.0264706706334297,0.0250677752142597,0.0442209112621416
pico-decoder-small,pico-lm/pico-decoder-small@1e0aa9e9184e67611fe6a3fe7e0d301e199367b4,57000,,Sem,ses-9,-0.0157085768962568,0.0005934600968107,0.007636291028395
pico-decoder-small,pico-lm/pico-decoder-small@12cffd4abfebe78cd4df44f368d49ae2aec28999,58000,,Sem,ses-5,-0.0376335037563712,-0.0231985592290418,-0.0328622472446355
pico-decoder-small,pico-lm/pico-decoder-small@12cffd4abfebe78cd4df44f368d49ae2aec28999,58000,,Sem,ses-7,-0.0117081184316349,-0.0206341173385218,-0.0151926802348207
pico-decoder-small,pico-lm/pico-decoder-small@12cffd4abfebe78cd4df44f368d49ae2aec28999,58000,,Sem,ses-9,-0.0357195975671164,-0.0383836091661175,-0.0345952518514044
pico-decoder-small,pico-lm/pico-decoder-small@88752c656e1478698735820b50bc1648b43897bc,59000,,Sem,ses-5,-0.028224380094091,-0.0068576377557538,-0.0512081153254037
pico-decoder-small,pico-lm/pico-decoder-small@88752c656e1478698735820b50bc1648b43897bc,59000,,Sem,ses-7,-0.0067584525084982,-0.0109357444528056,0.0269938188803381
pico-decoder-small,pico-lm/pico-decoder-small@88752c656e1478698735820b50bc1648b43897bc,59000,,Sem,ses-9,-0.0152482115268007,-0.0217185301087269,0.0054856156509292
pico-decoder-small,pico-lm/pico-decoder-small@ef0c2a9858930c1b946d7fd3ec94d87a30fb6316,60000,,Sem,ses-5,-0.0359779504803952,0.0054814311318325,-0.0313068342607166
pico-decoder-small,pico-lm/pico-decoder-small@ef0c2a9858930c1b946d7fd3ec94d87a30fb6316,60000,,Sem,ses-7,-0.0034520033270196,0.0135286242574962,-0.0093188349196472
pico-decoder-small,pico-lm/pico-decoder-small@ef0c2a9858930c1b946d7fd3ec94d87a30fb6316,60000,,Sem,ses-9,-0.0082879362775711,0.0092864841244048,-0.0156435404292651
pico-decoder-small,pico-lm/pico-decoder-small@2adfdbab6dd63824aeb0c5b7f40693509b21f72e,61000,,Sem,ses-5,-0.0292271138972596,-0.0091719118046954,-0.0403665696218264
pico-decoder-small,pico-lm/pico-decoder-small@2adfdbab6dd63824aeb0c5b7f40693509b21f72e,61000,,Sem,ses-7,-0.0475317052147792,-0.0398585899871615,-0.0304079114560358
pico-decoder-small,pico-lm/pico-decoder-small@2adfdbab6dd63824aeb0c5b7f40693509b21f72e,61000,,Sem,ses-9,-0.0515027505990938,-0.0320662328528362,-0.036782466854924
pico-decoder-small,pico-lm/pico-decoder-small@8f2f5e9d39b7ef2738d2ddfa5002e690090afb1b,62000,,Sem,ses-5,0.0027762771513568,0.0114085484004938,0.0129222958482237
pico-decoder-small,pico-lm/pico-decoder-small@8f2f5e9d39b7ef2738d2ddfa5002e690090afb1b,62000,,Sem,ses-7,-0.0038430226706616,0.0234033067495642,0.0076696665744929
pico-decoder-small,pico-lm/pico-decoder-small@8f2f5e9d39b7ef2738d2ddfa5002e690090afb1b,62000,,Sem,ses-9,-0.0163087862637796,0.010998165864844,-0.0075807547060811
pico-decoder-small,pico-lm/pico-decoder-small@27a605b8a3168bf13fde7e4903edf05011890db5,63000,,Sem,ses-5,-0.0442984121776533,-0.0361353977722613,-0.0401254477576462
pico-decoder-small,pico-lm/pico-decoder-small@27a605b8a3168bf13fde7e4903edf05011890db5,63000,,Sem,ses-7,-0.0243685351025908,-0.00800391860128,-0.006124629731951
pico-decoder-small,pico-lm/pico-decoder-small@27a605b8a3168bf13fde7e4903edf05011890db5,63000,,Sem,ses-9,-0.0383626326742004,-0.0135881654441284,-0.0252215187432159
pico-decoder-small,pico-lm/pico-decoder-small@64faca95211d12573bc85e90ab9b9346d61f571c,64000,,Sem,ses-5,-0.0398715272870582,-0.0123070522502316,-0.0428527280206203
pico-decoder-small,pico-lm/pico-decoder-small@64faca95211d12573bc85e90ab9b9346d61f571c,64000,,Sem,ses-7,-0.0073015877088047,0.0249605766452719,0.0042566627067519
pico-decoder-small,pico-lm/pico-decoder-small@64faca95211d12573bc85e90ab9b9346d61f571c,64000,,Sem,ses-9,-0.0179839046637342,0.0026772255672564,-0.0044752019652967
pico-decoder-small,pico-lm/pico-decoder-small@04de7a38c9b974bc56e59c77ce6289b59ac333a3,65000,,Sem,ses-5,-0.0458990119314163,-0.0286598920215136,-0.0387943696954209
pico-decoder-small,pico-lm/pico-decoder-small@04de7a38c9b974bc56e59c77ce6289b59ac333a3,65000,,Sem,ses-7,-0.0197646342030554,-0.0207408365885611,-0.0197803583078734
pico-decoder-small,pico-lm/pico-decoder-small@04de7a38c9b974bc56e59c77ce6289b59ac333a3,65000,,Sem,ses-9,-0.0200667840768132,-0.0218544353554337,-0.0195203324492988
pico-decoder-small,pico-lm/pico-decoder-small@0a060522b26b84154fe744cff68debc60a62771b,66000,,Sem,ses-5,-0.036929834795107,-0.0060088853444677,-0.0394473494202904
pico-decoder-small,pico-lm/pico-decoder-small@0a060522b26b84154fe744cff68debc60a62771b,66000,,Sem,ses-7,-0.0065162491225525,0.0097677641845343,-0.0167655887196719
pico-decoder-small,pico-lm/pico-decoder-small@0a060522b26b84154fe744cff68debc60a62771b,66000,,Sem,ses-9,-0.0103266493599469,-0.0018117314864879,-0.0160682378576518
pico-decoder-small,pico-lm/pico-decoder-small@96a66aee1fd9e46f20ddd7b0e811fbcd6761cd3b,67000,,Sem,ses-5,-0.0089077308904077,0.0060156144938447,0.0091946970609207
pico-decoder-small,pico-lm/pico-decoder-small@96a66aee1fd9e46f20ddd7b0e811fbcd6761cd3b,67000,,Sem,ses-7,-0.0168369950264838,-0.010542145985166,-0.0095687038156745
pico-decoder-small,pico-lm/pico-decoder-small@96a66aee1fd9e46f20ddd7b0e811fbcd6761cd3b,67000,,Sem,ses-9,-0.0274218198007886,-0.0231357770702086,-0.0212476017569245
pico-decoder-small,pico-lm/pico-decoder-small@e7396619711d862dc1bed1a5f5797fb2b5cc9768,68000,,Sem,ses-5,-0.0148819442998972,-0.0141526400390043,-0.0092727369407675
pico-decoder-small,pico-lm/pico-decoder-small@e7396619711d862dc1bed1a5f5797fb2b5cc9768,68000,,Sem,ses-7,-0.0126892426394476,0.0063368796360162,-0.002108992594418
pico-decoder-small,pico-lm/pico-decoder-small@e7396619711d862dc1bed1a5f5797fb2b5cc9768,68000,,Sem,ses-9,-0.021346513928917,-0.0045632371183903,-0.0110795264836133
pico-decoder-small,pico-lm/pico-decoder-small@ba3a7a617ab159a7fcbc81cd6ffb20319f00199a,69000,,Sem,ses-5,-0.0110494192172426,0.0079793878192285,-0.0053903662805572
pico-decoder-small,pico-lm/pico-decoder-small@ba3a7a617ab159a7fcbc81cd6ffb20319f00199a,69000,,Sem,ses-7,0.0116752092693414,0.0319407863887043,0.0322770857613452
pico-decoder-small,pico-lm/pico-decoder-small@ba3a7a617ab159a7fcbc81cd6ffb20319f00199a,69000,,Sem,ses-9,0.0016838057864152,0.013724659239889,0.0239735331718229
pico-decoder-small,pico-lm/pico-decoder-small@63bfd31a42bdd16864908136aa5cce931810bb58,70000,,Sem,ses-5,0.001382186253563,0.031509526530575,-0.026055905239808
pico-decoder-small,pico-lm/pico-decoder-small@63bfd31a42bdd16864908136aa5cce931810bb58,70000,,Sem,ses-7,-0.0027175731559916,0.0330060680808753,0.0133753313027241
pico-decoder-small,pico-lm/pico-decoder-small@63bfd31a42bdd16864908136aa5cce931810bb58,70000,,Sem,ses-9,-0.0177354140791662,0.0092654846366761,-0.0121078553437402
pico-decoder-small,pico-lm/pico-decoder-small@5e0a9fbd93f2dbafe06c6cb20fa5521f766270e0,71000,,Sem,ses-5,-0.0153217966867641,0.0054221680507971,-0.0094055082895211
pico-decoder-small,pico-lm/pico-decoder-small@5e0a9fbd93f2dbafe06c6cb20fa5521f766270e0,71000,,Sem,ses-7,-0.0007286575036908,0.0288264434989261,0.0284092074927928
pico-decoder-small,pico-lm/pico-decoder-small@5e0a9fbd93f2dbafe06c6cb20fa5521f766270e0,71000,,Sem,ses-9,-0.0080391862715033,0.0164638958876701,0.0088556590308391
pico-decoder-small,pico-lm/pico-decoder-small@4b4e4304ce873cafd39ac997ad47e16ec2d5d76d,72000,,Sem,ses-5,-0.032396455582255,0.0043107804749361,-0.0105145050195922
pico-decoder-small,pico-lm/pico-decoder-small@4b4e4304ce873cafd39ac997ad47e16ec2d5d76d,72000,,Sem,ses-7,0.023847553492309,0.0435467243686195,0.0752861213439179
pico-decoder-small,pico-lm/pico-decoder-small@4b4e4304ce873cafd39ac997ad47e16ec2d5d76d,72000,,Sem,ses-9,0.0130217764479347,0.0319546521444954,0.0415679469947691
pico-decoder-small,pico-lm/pico-decoder-small@f2bf3399e04924384ec7ea3acb5440318247824d,73000,,Sem,ses-5,-0.0211748624116575,-0.0135659428666688,-0.0194330935261828
pico-decoder-small,pico-lm/pico-decoder-small@f2bf3399e04924384ec7ea3acb5440318247824d,73000,,Sem,ses-7,0.0006863567082057,0.0075131247427096,0.0104633803000149
pico-decoder-small,pico-lm/pico-decoder-small@f2bf3399e04924384ec7ea3acb5440318247824d,73000,,Sem,ses-9,-0.0117379411248367,-0.0007093805459766,-0.0002305574445956
pico-decoder-small,pico-lm/pico-decoder-small@81c21ab4b67c2a986c2c4a8771db3b328075f9ca,74000,,Sem,ses-5,-0.0125665628589019,-0.0116249957587998,-0.0127444836093058
pico-decoder-small,pico-lm/pico-decoder-small@81c21ab4b67c2a986c2c4a8771db3b328075f9ca,74000,,Sem,ses-7,-0.0067418876193176,0.0031918172163828,0.0017031862252817
pico-decoder-small,pico-lm/pico-decoder-small@81c21ab4b67c2a986c2c4a8771db3b328075f9ca,74000,,Sem,ses-9,-0.0183506332441085,-0.007183949759958,-0.0147372417180054
pico-decoder-small,pico-lm/pico-decoder-small@67737816c3793c77c33cd993cb625dfe02f5dba2,75000,,Sem,ses-5,-0.0138565969904713,-0.0014705505342104,-0.0066725516541711
pico-decoder-small,pico-lm/pico-decoder-small@67737816c3793c77c33cd993cb625dfe02f5dba2,75000,,Sem,ses-7,-0.0055590031906365,0.0208482794880475,0.040540904462855
pico-decoder-small,pico-lm/pico-decoder-small@67737816c3793c77c33cd993cb625dfe02f5dba2,75000,,Sem,ses-9,-0.0046862122513916,0.021940610003643,0.0302082970318396
pico-decoder-small,pico-lm/pico-decoder-small@cd3c66fe9f41cb98971992c1c48e0000704daae7,76000,,Sem,ses-5,-0.0066530461755789,-0.0080289057064685,-0.0059369070168417
pico-decoder-small,pico-lm/pico-decoder-small@cd3c66fe9f41cb98971992c1c48e0000704daae7,76000,,Sem,ses-7,0.0063918209417042,0.0034611930282404,0.0080814310146976
pico-decoder-small,pico-lm/pico-decoder-small@cd3c66fe9f41cb98971992c1c48e0000704daae7,76000,,Sem,ses-9,-0.0002954228802382,0.0113967745449415,-0.0033242975243956
pico-decoder-small,pico-lm/pico-decoder-small@8bc1f96e0ab394e6d9396f9105337a8ee9281b02,77000,,Sem,ses-5,-0.0024005715810192,0.0009180653806208,0.0003290377265009
pico-decoder-small,pico-lm/pico-decoder-small@8bc1f96e0ab394e6d9396f9105337a8ee9281b02,77000,,Sem,ses-7,0.0284910201229844,0.0315641861375707,0.0522338039789085
pico-decoder-small,pico-lm/pico-decoder-small@8bc1f96e0ab394e6d9396f9105337a8ee9281b02,77000,,Sem,ses-9,0.0094068291114514,0.0165578459946852,0.0282685349268884
pico-decoder-small,pico-lm/pico-decoder-small@54681b82e00ed8da204a8f5e199732edcd50c540,78000,,Sem,ses-5,0.0047325768379624,0.0110064342963616,0.0074255035142253
pico-decoder-small,pico-lm/pico-decoder-small@54681b82e00ed8da204a8f5e199732edcd50c540,78000,,Sem,ses-7,0.0006926898984512,0.0070446648475614,-0.0029451619850302
pico-decoder-small,pico-lm/pico-decoder-small@54681b82e00ed8da204a8f5e199732edcd50c540,78000,,Sem,ses-9,-0.0167516870329251,-0.0039530224169531,-0.0133657779802319
pico-decoder-small,pico-lm/pico-decoder-small@9f79f048c9629723d93a9c6d020fad45ecd81ebb,79000,,Sem,ses-5,0.00257445081753,0.0037550874056247,0.0202029437146861
pico-decoder-small,pico-lm/pico-decoder-small@9f79f048c9629723d93a9c6d020fad45ecd81ebb,79000,,Sem,ses-7,0.0040549621312699,0.0023432868584027,0.0278795543056709
pico-decoder-small,pico-lm/pico-decoder-small@9f79f048c9629723d93a9c6d020fad45ecd81ebb,79000,,Sem,ses-9,-0.0057071436463662,0.0009741191086962,0.0017656830923269
pico-decoder-small,pico-lm/pico-decoder-small@a8eea15ae0deddaf3beced3d114c9bc8ed9a25e5,80000,,Sem,ses-5,0.0013639778824702,0.022711403739042,-0.0049258868166776
pico-decoder-small,pico-lm/pico-decoder-small@a8eea15ae0deddaf3beced3d114c9bc8ed9a25e5,80000,,Sem,ses-7,0.0360028707540061,0.0494372488334125,0.0523011278105377
pico-decoder-small,pico-lm/pico-decoder-small@a8eea15ae0deddaf3beced3d114c9bc8ed9a25e5,80000,,Sem,ses-9,0.0218889003281074,0.0292791153321552,0.0410246184859212
pico-decoder-small,pico-lm/pico-decoder-small@8d7bca4dea2e340144c93745d61646c84d35ffdb,81000,,Sem,ses-5,0.0151979326219198,0.0311914491827901,0.010469781040457
pico-decoder-small,pico-lm/pico-decoder-small@8d7bca4dea2e340144c93745d61646c84d35ffdb,81000,,Sem,ses-7,0.0389274234614861,0.0489158511426642,0.0572572900504585
pico-decoder-small,pico-lm/pico-decoder-small@8d7bca4dea2e340144c93745d61646c84d35ffdb,81000,,Sem,ses-9,0.0212000880983915,0.0384543996163493,0.0236241685850832
pico-decoder-small,pico-lm/pico-decoder-small@063ab25b24aefd512a554e49853ed6fc32ee9c1b,82000,,Sem,ses-5,0.0121781607260706,0.0106790019649597,0.0261240626696087
pico-decoder-small,pico-lm/pico-decoder-small@063ab25b24aefd512a554e49853ed6fc32ee9c1b,82000,,Sem,ses-7,0.0189638409941526,0.0086949362730546,0.041868663223396
pico-decoder-small,pico-lm/pico-decoder-small@063ab25b24aefd512a554e49853ed6fc32ee9c1b,82000,,Sem,ses-9,0.0091348432749742,0.0102496284820028,0.006646703643285
pico-decoder-small,pico-lm/pico-decoder-small@d63e823855aefabdb4d0fb89c6cb30f1917edff8,83000,,Sem,ses-5,0.0114522174467706,0.0146846862277735,0.0425212132140358
pico-decoder-small,pico-lm/pico-decoder-small@d63e823855aefabdb4d0fb89c6cb30f1917edff8,83000,,Sem,ses-7,0.0231893616230107,0.0274372909516788,0.03769535745931
pico-decoder-small,pico-lm/pico-decoder-small@d63e823855aefabdb4d0fb89c6cb30f1917edff8,83000,,Sem,ses-9,0.0109355446766922,0.0185631145435282,0.0102170312004046
pico-decoder-small,pico-lm/pico-decoder-small@aac007e3728b91b2460f8be94a5ef79547dc60b8,84000,,Sem,ses-5,-0.0119537855617067,0.0051206843369573,-0.0058851578172549
pico-decoder-small,pico-lm/pico-decoder-small@aac007e3728b91b2460f8be94a5ef79547dc60b8,84000,,Sem,ses-7,0.0115303133789082,0.0153615420726824,0.0402441047083956
pico-decoder-small,pico-lm/pico-decoder-small@aac007e3728b91b2460f8be94a5ef79547dc60b8,84000,,Sem,ses-9,0.0081336164160861,0.014927401989147,0.0288268725145367
pico-decoder-small,pico-lm/pico-decoder-small@804cfb5f121020ed666ca55376b9e9f358701d23,85000,,Sem,ses-5,0.011513116823527,-0.0021205134960424,-0.0019419589235805
pico-decoder-small,pico-lm/pico-decoder-small@804cfb5f121020ed666ca55376b9e9f358701d23,85000,,Sem,ses-7,0.0181978361365245,0.0322151882226404,0.0490952163174858
pico-decoder-small,pico-lm/pico-decoder-small@804cfb5f121020ed666ca55376b9e9f358701d23,85000,,Sem,ses-9,0.0126869056900911,0.0292434243952742,0.0335164917391445
pico-decoder-small,pico-lm/pico-decoder-small@938244e11e03da85918d38722414505f45c1ceda,86000,,Sem,ses-5,0.0097043654505019,-0.0048870770728448,0.0206640506990671
pico-decoder-small,pico-lm/pico-decoder-small@938244e11e03da85918d38722414505f45c1ceda,86000,,Sem,ses-7,0.0361028464822863,0.0247444893151416,0.0633912532074531
pico-decoder-small,pico-lm/pico-decoder-small@938244e11e03da85918d38722414505f45c1ceda,86000,,Sem,ses-9,0.0246374653705982,0.0271040665502237,0.0454579378920568
pico-decoder-small,pico-lm/pico-decoder-small@9bd6535d2bbcd3e8e0be555350c1a9abcfa9ef20,87000,,Sem,ses-5,0.0220820558037133,0.0158906958195206,0.0124059802318445
pico-decoder-small,pico-lm/pico-decoder-small@9bd6535d2bbcd3e8e0be555350c1a9abcfa9ef20,87000,,Sem,ses-7,0.0327483985743732,0.030529998375813,0.0591826316256632
pico-decoder-small,pico-lm/pico-decoder-small@9bd6535d2bbcd3e8e0be555350c1a9abcfa9ef20,87000,,Sem,ses-9,0.0263174596012366,0.0336139185254297,0.0309366958326497
pico-decoder-small,pico-lm/pico-decoder-small@5e4f19facb03a2fb589181b485fc44570680d8b4,88000,,Sem,ses-5,0.0113274414542715,0.0103289927768754,0.0279974847324967
pico-decoder-small,pico-lm/pico-decoder-small@5e4f19facb03a2fb589181b485fc44570680d8b4,88000,,Sem,ses-7,0.0169597042704131,0.0224711514039889,0.0269912419121978
pico-decoder-small,pico-lm/pico-decoder-small@5e4f19facb03a2fb589181b485fc44570680d8b4,88000,,Sem,ses-9,0.0092825432171875,0.0212111598630701,0.0226202907402862
pico-decoder-small,pico-lm/pico-decoder-small@48b3ab14f90bae2930c79eefee13f8548f7a3ac0,89000,,Sem,ses-5,0.0186926535435103,0.0080439090363159,0.0230361764611056
pico-decoder-small,pico-lm/pico-decoder-small@48b3ab14f90bae2930c79eefee13f8548f7a3ac0,89000,,Sem,ses-7,0.0058389506082699,0.0181761338393029,0.0260828340538406
pico-decoder-small,pico-lm/pico-decoder-small@48b3ab14f90bae2930c79eefee13f8548f7a3ac0,89000,,Sem,ses-9,-0.006760170008179,0.0128194988213047,0.0082407919892624
pico-decoder-small,pico-lm/pico-decoder-small@a7e691278d2179f7a23f55c82de28f96b4acd2e4,90000,,Sem,ses-5,0.0073319852972972,-0.0145950140603398,0.004555014678496
pico-decoder-small,pico-lm/pico-decoder-small@a7e691278d2179f7a23f55c82de28f96b4acd2e4,90000,,Sem,ses-7,0.0130726266550108,0.0054605121294444,0.0306907347873606
pico-decoder-small,pico-lm/pico-decoder-small@a7e691278d2179f7a23f55c82de28f96b4acd2e4,90000,,Sem,ses-9,-0.0001198829149566,-0.000314925484354,0.0150417335714535
pico-decoder-small,pico-lm/pico-decoder-small@c025f14d64c01b36a07900656ded25b50f8caafd,91000,,Sem,ses-5,0.0111394047026097,0.0051574956010359,-0.0235406104290655
pico-decoder-small,pico-lm/pico-decoder-small@c025f14d64c01b36a07900656ded25b50f8caafd,91000,,Sem,ses-7,0.0186660287053626,0.0133803997233302,0.0388381594697088
pico-decoder-small,pico-lm/pico-decoder-small@c025f14d64c01b36a07900656ded25b50f8caafd,91000,,Sem,ses-9,0.0041120240819612,0.0016009087599817,0.015497808066184
pico-decoder-small,pico-lm/pico-decoder-small@b3b967e1f18d21573f4a6146c441a2825a5a8f83,92000,,Sem,ses-5,0.0178974864036455,-0.0120440333430501,-0.0109982556922332
pico-decoder-small,pico-lm/pico-decoder-small@b3b967e1f18d21573f4a6146c441a2825a5a8f83,92000,,Sem,ses-7,0.0088928914057181,0.0067222642871908,0.0232483846852623
pico-decoder-small,pico-lm/pico-decoder-small@b3b967e1f18d21573f4a6146c441a2825a5a8f83,92000,,Sem,ses-9,-0.0046948644255157,-0.0041615419692012,0.013178222703376
pico-decoder-small,pico-lm/pico-decoder-small@41ae4009882dd5c1963328961a9ed1964aab8606,93000,,Sem,ses-5,0.0188247350179152,0.0097303535921151,0.035145516471934
pico-decoder-small,pico-lm/pico-decoder-small@41ae4009882dd5c1963328961a9ed1964aab8606,93000,,Sem,ses-7,0.0176455780665747,0.0244441058071642,0.0341456758293154
pico-decoder-small,pico-lm/pico-decoder-small@41ae4009882dd5c1963328961a9ed1964aab8606,93000,,Sem,ses-9,0.0017758910768313,0.0206453630090258,-0.0081965056491672
pico-decoder-small,pico-lm/pico-decoder-small@bfda4783bf178eae55bcebd43810ed9180cbdc63,94000,,Sem,ses-5,0.013140419744921,0.0147405509590221,8.114647027352451e-05
pico-decoder-small,pico-lm/pico-decoder-small@bfda4783bf178eae55bcebd43810ed9180cbdc63,94000,,Sem,ses-7,0.0228071848875579,0.0271939521475341,0.0347952069010603
pico-decoder-small,pico-lm/pico-decoder-small@bfda4783bf178eae55bcebd43810ed9180cbdc63,94000,,Sem,ses-9,0.015758311806469,0.0344869250504087,0.0191628093797659
pico-decoder-small,pico-lm/pico-decoder-small@94177e145ce01fae74b87897c8260f2f6fe1deb0,95000,,Sem,ses-5,0.0052524215928069,0.0017188205027106,0.0059243096237856
pico-decoder-small,pico-lm/pico-decoder-small@94177e145ce01fae74b87897c8260f2f6fe1deb0,95000,,Sem,ses-7,0.0341313084773833,0.0542189806559627,0.0335453478896389
pico-decoder-small,pico-lm/pico-decoder-small@94177e145ce01fae74b87897c8260f2f6fe1deb0,95000,,Sem,ses-9,0.0297534750902236,0.0573739434911201,0.0226789365275033
pico-decoder-small,pico-lm/pico-decoder-small@938d2d29f7aba65159e5bdc0ccfbefdc61757005,96000,,Sem,ses-5,0.0185453646514297,0.0063845794168995,0.0056274221977944
pico-decoder-small,pico-lm/pico-decoder-small@938d2d29f7aba65159e5bdc0ccfbefdc61757005,96000,,Sem,ses-7,0.0388034508851556,0.0588642402413258,0.0382355894383988
pico-decoder-small,pico-lm/pico-decoder-small@938d2d29f7aba65159e5bdc0ccfbefdc61757005,96000,,Sem,ses-9,0.0247805776483923,0.0436072852757735,0.018010403743537
pico-decoder-small,pico-lm/pico-decoder-small@57a25f8bc299440e75e421522b5461ef9addc60f,97000,,Sem,ses-5,0.0095510451882034,0.0186613526507924,0.0215551858284171
pico-decoder-small,pico-lm/pico-decoder-small@57a25f8bc299440e75e421522b5461ef9addc60f,97000,,Sem,ses-7,0.0381018393304128,0.0598550420927372,0.0167659667133255
pico-decoder-small,pico-lm/pico-decoder-small@57a25f8bc299440e75e421522b5461ef9addc60f,97000,,Sem,ses-9,0.0208342491684795,0.0539268928870293,0.0015074401277724
pico-decoder-small,pico-lm/pico-decoder-small@2b2b81f5b793cfe7595f1880023e3199b0ca4d01,98000,,Sem,ses-5,0.0191553795767535,0.0197203478629602,0.0177758155643349
pico-decoder-small,pico-lm/pico-decoder-small@2b2b81f5b793cfe7595f1880023e3199b0ca4d01,98000,,Sem,ses-7,0.0251055774540956,0.0515089896502355,0.0603847549252456
pico-decoder-small,pico-lm/pico-decoder-small@2b2b81f5b793cfe7595f1880023e3199b0ca4d01,98000,,Sem,ses-9,0.00238548057964,0.0346918342602316,0.0333201520622476
pico-decoder-small,pico-lm/pico-decoder-small@a014170484f226c32a449440e37684a5138bffea,99000,,Sem,ses-5,0.0138967879202397,0.0223336084243229,0.0184880533399061
pico-decoder-small,pico-lm/pico-decoder-small@a014170484f226c32a449440e37684a5138bffea,99000,,Sem,ses-7,0.0250279931787667,0.0282351133891672,0.0291449814815627
pico-decoder-small,pico-lm/pico-decoder-small@a014170484f226c32a449440e37684a5138bffea,99000,,Sem,ses-9,0.0065367743216665,0.0167957771900024,0.0086184062119649
pico-decoder-small,pico-lm/pico-decoder-small@912032713d1ca4f482ce957408afca3e5a267267,100000,,Sem,ses-5,0.0169622316538345,0.0159517712579597,0.0051957771598204
pico-decoder-small,pico-lm/pico-decoder-small@912032713d1ca4f482ce957408afca3e5a267267,100000,,Sem,ses-7,0.0148551836427371,0.0214563728258623,0.0309944749652162
pico-decoder-small,pico-lm/pico-decoder-small@912032713d1ca4f482ce957408afca3e5a267267,100000,,Sem,ses-9,0.0044760714944238,0.0169192222999037,0.0124848321512893
pico-decoder-small,pico-lm/pico-decoder-small@0405a0c52b2083efba346cb0195a2684e628b1af,101000,,Sem,ses-5,0.0211604253536713,0.0214637861006351,0.0079109831844528
pico-decoder-small,pico-lm/pico-decoder-small@0405a0c52b2083efba346cb0195a2684e628b1af,101000,,Sem,ses-7,0.0140163395517852,0.0189925728235404,0.0169244818731939
pico-decoder-small,pico-lm/pico-decoder-small@0405a0c52b2083efba346cb0195a2684e628b1af,101000,,Sem,ses-9,-0.0024443836324996,0.0035582949986865,-0.0059673117915253
pico-decoder-small,pico-lm/pico-decoder-small@a29b66f6847b3a1ec6358c6bdf5686f8db25e228,102000,,Sem,ses-5,0.0125043555953593,0.0114102694932701,0.0115171525884673
pico-decoder-small,pico-lm/pico-decoder-small@a29b66f6847b3a1ec6358c6bdf5686f8db25e228,102000,,Sem,ses-7,-0.0032308791955242,0.0087313106167124,0.0170467628201317
pico-decoder-small,pico-lm/pico-decoder-small@a29b66f6847b3a1ec6358c6bdf5686f8db25e228,102000,,Sem,ses-9,-0.0146513365519636,0.0005056290315452,-0.0018933364357557
pico-decoder-small,pico-lm/pico-decoder-small@b6e1c3f17ee3de24e5563176b76cde040230086b,103000,,Sem,ses-5,0.0297750329450034,0.0466081452724181,0.0068170932653815
pico-decoder-small,pico-lm/pico-decoder-small@b6e1c3f17ee3de24e5563176b76cde040230086b,103000,,Sem,ses-7,-0.0067937273649127,0.0023977711223347,0.0143660821321785
pico-decoder-small,pico-lm/pico-decoder-small@b6e1c3f17ee3de24e5563176b76cde040230086b,103000,,Sem,ses-9,-0.0243752836546838,-0.0030398910751641,-0.0046330409045796
pico-decoder-small,pico-lm/pico-decoder-small@fd779f78578d7ce2eb7316f95b1536f35f90d660,104000,,Sem,ses-5,0.0170208314494284,0.0297199227638237,-0.0173314948038214
pico-decoder-small,pico-lm/pico-decoder-small@fd779f78578d7ce2eb7316f95b1536f35f90d660,104000,,Sem,ses-7,0.0242146406636208,0.0252336281938941,0.0129966104065871
pico-decoder-small,pico-lm/pico-decoder-small@fd779f78578d7ce2eb7316f95b1536f35f90d660,104000,,Sem,ses-9,0.0045730807630043,0.0113299824914561,-0.0183058891436381
pico-decoder-small,pico-lm/pico-decoder-small@2a9ae447eace88eb5c4be50d7b3c867cbd1a9a7e,105000,,Sem,ses-5,0.025709405787473,0.0495459529094428,0.0112065402560312
pico-decoder-small,pico-lm/pico-decoder-small@2a9ae447eace88eb5c4be50d7b3c867cbd1a9a7e,105000,,Sem,ses-7,0.012649082610301,0.0116167776306201,-0.0187035952381293
pico-decoder-small,pico-lm/pico-decoder-small@2a9ae447eace88eb5c4be50d7b3c867cbd1a9a7e,105000,,Sem,ses-9,-0.0043101890514059,0.0063938402614126,-0.0276549225942835
pico-decoder-small,pico-lm/pico-decoder-small@36d78ffabfbf506523a459e2116bbc012c1adab7,106000,,Sem,ses-5,0.0297093964310521,0.0342691877707943,0.0278099294556408
pico-decoder-small,pico-lm/pico-decoder-small@36d78ffabfbf506523a459e2116bbc012c1adab7,106000,,Sem,ses-7,0.0101200089966801,0.0356818025134716,0.0180298531698384
pico-decoder-small,pico-lm/pico-decoder-small@36d78ffabfbf506523a459e2116bbc012c1adab7,106000,,Sem,ses-9,-0.0045871003032856,0.0221598858467789,-0.0008902576954127
pico-decoder-small,pico-lm/pico-decoder-small@3f9b3375f2ae4b81043ba582d1b2ec8bc15a04e1,107000,,Sem,ses-5,0.0030420038153572,0.0154498998857578,0.0134590159357058
pico-decoder-small,pico-lm/pico-decoder-small@3f9b3375f2ae4b81043ba582d1b2ec8bc15a04e1,107000,,Sem,ses-7,0.0354103664206161,0.046742123182663,0.0566710499198791
pico-decoder-small,pico-lm/pico-decoder-small@3f9b3375f2ae4b81043ba582d1b2ec8bc15a04e1,107000,,Sem,ses-9,0.0088752557740587,0.026797610710739,0.0247984612036458
pico-decoder-small,pico-lm/pico-decoder-small@00c972e3e00659382b3fe4f9d9f634ebbd9833c1,108000,,Sem,ses-5,0.0191710073866104,0.0230059894280133,0.034205155933323
pico-decoder-small,pico-lm/pico-decoder-small@00c972e3e00659382b3fe4f9d9f634ebbd9833c1,108000,,Sem,ses-7,0.0306113180332928,0.0555262501483454,0.0262435553743868
pico-decoder-small,pico-lm/pico-decoder-small@00c972e3e00659382b3fe4f9d9f634ebbd9833c1,108000,,Sem,ses-9,0.0113595026460112,0.0362990402795031,0.0088088553679901
pico-decoder-small,pico-lm/pico-decoder-small@076cdde7affce35bd2bad3498e51f33f575aaddb,109000,,Sem,ses-5,0.0146533034124767,0.0229087573875077,-0.0075639109926845
pico-decoder-small,pico-lm/pico-decoder-small@076cdde7affce35bd2bad3498e51f33f575aaddb,109000,,Sem,ses-7,0.0308540337946663,0.0582120136292869,0.0438199462299716
pico-decoder-small,pico-lm/pico-decoder-small@076cdde7affce35bd2bad3498e51f33f575aaddb,109000,,Sem,ses-9,0.0147102784102554,0.0488861484588543,0.0178432687474045
pico-decoder-small,pico-lm/pico-decoder-small@1f7f52ddf73285dd5484e753c1740cc68df81b76,110000,,Sem,ses-5,0.0170763778324098,0.0251505392961573,0.0349119516063492
pico-decoder-small,pico-lm/pico-decoder-small@1f7f52ddf73285dd5484e753c1740cc68df81b76,110000,,Sem,ses-7,0.0285001480229615,0.0496866549387308,0.0479694987578866
pico-decoder-small,pico-lm/pico-decoder-small@1f7f52ddf73285dd5484e753c1740cc68df81b76,110000,,Sem,ses-9,0.0106610192402686,0.0307572480166301,0.0240558531471085
pico-decoder-small,pico-lm/pico-decoder-small@a801b2ab639f60dbd4ebfe264aab726255eb2877,111000,,Sem,ses-5,0.0224533461782188,0.0271807956688078,-0.0153734625265337
pico-decoder-small,pico-lm/pico-decoder-small@a801b2ab639f60dbd4ebfe264aab726255eb2877,111000,,Sem,ses-7,0.0386899737409749,0.0363537185705957,0.0409882060554504
pico-decoder-small,pico-lm/pico-decoder-small@a801b2ab639f60dbd4ebfe264aab726255eb2877,111000,,Sem,ses-9,0.01283335307919,0.0143631343565758,0.0099593530704731
pico-decoder-small,pico-lm/pico-decoder-small@197b11d764b16772e54f2cbbfab17581cbdb9b59,112000,,Sem,ses-5,0.0258818614395203,0.0389599876866052,0.0119972821393963
pico-decoder-small,pico-lm/pico-decoder-small@197b11d764b16772e54f2cbbfab17581cbdb9b59,112000,,Sem,ses-7,0.0206529264751932,0.0271317484770871,0.0515913822060515
pico-decoder-small,pico-lm/pico-decoder-small@197b11d764b16772e54f2cbbfab17581cbdb9b59,112000,,Sem,ses-9,-0.0043315291645943,0.0009415462601478,0.0150256372219347
pico-decoder-small,pico-lm/pico-decoder-small@0ff198943f69ee08bd0b54c8ab55d364ce931a26,113000,,Sem,ses-5,0.0143619091109876,0.0232818514959876,0.0162974363935041
pico-decoder-small,pico-lm/pico-decoder-small@0ff198943f69ee08bd0b54c8ab55d364ce931a26,113000,,Sem,ses-7,0.0165070561516147,0.014677642323225,0.037935456728492
pico-decoder-small,pico-lm/pico-decoder-small@0ff198943f69ee08bd0b54c8ab55d364ce931a26,113000,,Sem,ses-9,-0.0019995239076512,0.0029088573474264,0.0124094863744983
pico-decoder-small,pico-lm/pico-decoder-small@fe2f1951a2f9a01d14429415f467c91c8a765024,114000,,Sem,ses-5,0.0099079531197754,0.0281804681545538,0.0115511188394764
pico-decoder-small,pico-lm/pico-decoder-small@fe2f1951a2f9a01d14429415f467c91c8a765024,114000,,Sem,ses-7,0.0319219743775564,0.0502387304794259,0.0332425311373439
pico-decoder-small,pico-lm/pico-decoder-small@fe2f1951a2f9a01d14429415f467c91c8a765024,114000,,Sem,ses-9,0.0106415417878218,0.0243988155561678,0.0041249858149078
pico-decoder-small,pico-lm/pico-decoder-small@dde9b48ac9a426d9bc86b1fc423b8241736f6ea3,115000,,Sem,ses-5,0.0188506232714717,0.0360082654276897,0.0314714203148542
pico-decoder-small,pico-lm/pico-decoder-small@dde9b48ac9a426d9bc86b1fc423b8241736f6ea3,115000,,Sem,ses-7,0.0210968153456196,0.0114575402585428,0.0184715028231077
pico-decoder-small,pico-lm/pico-decoder-small@dde9b48ac9a426d9bc86b1fc423b8241736f6ea3,115000,,Sem,ses-9,0.00181532817515,0.0035913162655616,0.0080372402509445
pico-decoder-small,pico-lm/pico-decoder-small@eb892260583a7bfbf95a1aecbf60ebc4ee0b8fe2,116000,,Sem,ses-5,0.048325787958402,0.0611665054462651,0.0438475433597795
pico-decoder-small,pico-lm/pico-decoder-small@eb892260583a7bfbf95a1aecbf60ebc4ee0b8fe2,116000,,Sem,ses-7,0.0431773893567213,0.0329836234501096,0.0371488972083663
pico-decoder-small,pico-lm/pico-decoder-small@eb892260583a7bfbf95a1aecbf60ebc4ee0b8fe2,116000,,Sem,ses-9,0.0220959438366968,0.0169658103770188,0.0178938523467895
pico-decoder-small,pico-lm/pico-decoder-small@62d95f269e32053c9fc3638cfe64f8b2f7b23654,117000,,Sem,ses-5,0.0390930529505762,0.0528394734144541,0.0392300145673795
pico-decoder-small,pico-lm/pico-decoder-small@62d95f269e32053c9fc3638cfe64f8b2f7b23654,117000,,Sem,ses-7,0.040663700659697,0.0472691534100214,0.0528223817774634
pico-decoder-small,pico-lm/pico-decoder-small@62d95f269e32053c9fc3638cfe64f8b2f7b23654,117000,,Sem,ses-9,0.0129280527059403,0.0252535907142423,0.0281930087767
pico-decoder-small,pico-lm/pico-decoder-small@31ddb818fbb16fbd1caf8ec968855022dd6afc74,118000,,Sem,ses-5,0.0386051544084133,0.04613741597811,0.0341127091774929
pico-decoder-small,pico-lm/pico-decoder-small@31ddb818fbb16fbd1caf8ec968855022dd6afc74,118000,,Sem,ses-7,0.0471613727595517,0.0668985075649986,0.0370455727150182
pico-decoder-small,pico-lm/pico-decoder-small@31ddb818fbb16fbd1caf8ec968855022dd6afc74,118000,,Sem,ses-9,0.020840227360883,0.0382946369337002,0.0221193262654053
pico-decoder-small,pico-lm/pico-decoder-small@82d2ace20cd9a6db92a58205d7a22f5f6173e7b8,119000,,Sem,ses-5,0.0401050641264975,0.0653710165267269,0.0218344713978472
pico-decoder-small,pico-lm/pico-decoder-small@82d2ace20cd9a6db92a58205d7a22f5f6173e7b8,119000,,Sem,ses-7,0.0449368635799094,0.0568424290804947,0.0433728810630644
pico-decoder-small,pico-lm/pico-decoder-small@82d2ace20cd9a6db92a58205d7a22f5f6173e7b8,119000,,Sem,ses-9,0.0181435753631368,0.0278538881054203,0.0148448103758366
pico-decoder-small,pico-lm/pico-decoder-small@8e25d91566448034f3bb0406ab0045355c528ae7,120000,,Sem,ses-5,0.043990461610413,0.0586751521499012,0.0261078024749321
pico-decoder-small,pico-lm/pico-decoder-small@8e25d91566448034f3bb0406ab0045355c528ae7,120000,,Sem,ses-7,0.0491860871416005,0.053665917732606,0.0529161098311726
pico-decoder-small,pico-lm/pico-decoder-small@8e25d91566448034f3bb0406ab0045355c528ae7,120000,,Sem,ses-9,0.0242965467142971,0.0266145662060573,0.0214523729918777
pico-decoder-small,pico-lm/pico-decoder-small@8a2f1db72ebb1ce87faaf75ea1db7910f308be65,121000,,Sem,ses-5,0.0412305775982686,0.049287980864294,0.0391862370096166
pico-decoder-small,pico-lm/pico-decoder-small@8a2f1db72ebb1ce87faaf75ea1db7910f308be65,121000,,Sem,ses-7,0.0441959672740999,0.0499556383845527,0.0474127809377196
pico-decoder-small,pico-lm/pico-decoder-small@8a2f1db72ebb1ce87faaf75ea1db7910f308be65,121000,,Sem,ses-9,0.017572948670032,0.025810585921387,0.0214544145887786
pico-decoder-small,pico-lm/pico-decoder-small@e197ddf7837d73cb367f53e1dd174a4745892831,122000,,Sem,ses-5,0.0375135496981223,0.0482161360237613,0.0361583037564976
pico-decoder-small,pico-lm/pico-decoder-small@e197ddf7837d73cb367f53e1dd174a4745892831,122000,,Sem,ses-7,0.0374875184393622,0.0537926419015213,0.0447042760363187
pico-decoder-small,pico-lm/pico-decoder-small@e197ddf7837d73cb367f53e1dd174a4745892831,122000,,Sem,ses-9,0.0112981081406858,0.0311811449033245,0.0172363323863622
pico-decoder-small,pico-lm/pico-decoder-small@51a1f29ffaf81f8b5d071b1858b6ac094aca1b30,123000,,Sem,ses-5,0.0372022072486671,0.0547103091671534,0.0345661499331732
pico-decoder-small,pico-lm/pico-decoder-small@51a1f29ffaf81f8b5d071b1858b6ac094aca1b30,123000,,Sem,ses-7,0.0500979450903207,0.0667370223523349,0.0635494938548202
pico-decoder-small,pico-lm/pico-decoder-small@51a1f29ffaf81f8b5d071b1858b6ac094aca1b30,123000,,Sem,ses-9,0.024099431647377,0.0363144431615775,0.0437852800439461
pico-decoder-small,pico-lm/pico-decoder-small@c2d4754b377c202474754e86b41f1321342ad24a,124000,,Sem,ses-5,0.03116871638576,0.0502725300108007,0.0201067622953242
pico-decoder-small,pico-lm/pico-decoder-small@c2d4754b377c202474754e86b41f1321342ad24a,124000,,Sem,ses-7,0.0325204727129705,0.0463436876897718,0.0277439307576565
pico-decoder-small,pico-lm/pico-decoder-small@c2d4754b377c202474754e86b41f1321342ad24a,124000,,Sem,ses-9,0.0004794109318157,0.0153653500353637,-0.0099636877809645
pico-decoder-small,pico-lm/pico-decoder-small@ef21ca419b33425716396ead8c1e60e01f301271,125000,,Sem,ses-5,0.0381015892509614,0.0630483619416859,0.0339577519008544
pico-decoder-small,pico-lm/pico-decoder-small@ef21ca419b33425716396ead8c1e60e01f301271,125000,,Sem,ses-7,0.0194490605242611,0.0416289728484894,0.0236548363743623
pico-decoder-small,pico-lm/pico-decoder-small@ef21ca419b33425716396ead8c1e60e01f301271,125000,,Sem,ses-9,-0.0033543796390973,0.0177412514222235,-0.0050863027241007
