family,model_ref,dataset,step,tokens,task,session,n_stim,rsa,rsa_pearson,rsa_kendall,rsa_lo,rsa_hi
pico-decoder-small,pico-lm/pico-decoder-small@a8294defc7001e32644ce53dbcb87ef35587ff22,ds003604,0,,Gram,ses-5,60,-0.0138672417453004,-0.0305641985993728,-0.0095729017958372,,
pico-decoder-small,pico-lm/pico-decoder-small@5e3d06988f3cc3adbf36b55cd8b1ddb3ae9f9bde,ds003604,1000,,Gram,ses-5,60,-0.0263409672097659,-0.0426891317689317,-0.0178216809905689,,
pico-decoder-small,pico-lm/pico-decoder-small@9f1ca389bbb1cc08b42a32bfe58fb818b24b3490,ds003604,2000,,Gram,ses-5,60,-0.0015309770950705,-0.0232404727753975,-0.0007479727766014,,
pico-decoder-small,pico-lm/pico-decoder-small@f2269f20ce160cf71bea0a02ccf685e126dd2dc1,ds003604,3000,,Gram,ses-5,60,0.0006577035021134,-0.0186100523728327,0.0002561375605612,,
pico-decoder-small,pico-lm/pico-decoder-small@10da1c98e1cd32fc61ab4ced31075c08cf699861,ds003604,4000,,Gram,ses-5,60,0.0097412316564479,-0.0171793632522893,0.0063996065318271,,
pico-decoder-small,pico-lm/pico-decoder-small@be2865b50166a683e659f4a1f99e058c77288911,ds003604,5000,,Gram,ses-5,60,0.0147561395740029,-0.0121605166022399,0.0100468520949305,,
pico-decoder-small,pico-lm/pico-decoder-small@496ea4785860af671e895085f1bcdc3bff2f9d97,ds003604,6000,,Gram,ses-5,60,0.0155145209336924,0.0027549750059839,0.0106792116584108,,
pico-decoder-small,pico-lm/pico-decoder-small@c5bddf28e9cfbede4fe480513c4a3487279f7d47,ds003604,7000,,Gram,ses-5,60,0.0034574540185585,-0.0171882533829377,0.0026680463602597,,
pico-decoder-small,pico-lm/pico-decoder-small@9fe9969ca88ccf3b71599f85000ce082bf854421,ds003604,8000,,Gram,ses-5,60,0.0052768551546947,-0.0190571998047861,0.0034460402474506,,
pico-decoder-small,pico-lm/pico-decoder-small@8335f55c1bf51378b17a73d527c39899546e2d5b,ds003604,9000,,Gram,ses-5,60,0.0053931821342642,-0.0063510861631545,0.0035469622787939,,
pico-decoder-small,pico-lm/pico-decoder-small@8ce4e4fa15c0cec038fcb9f29d30cc50bac60a3d,ds003604,10000,,Gram,ses-5,60,0.0216199247655178,0.0049963908838218,0.0147173704062111,,
pico-decoder-small,pico-lm/pico-decoder-small@3261da23d1d8811f9a32b69d6d6b9a17ca82fcd0,ds003604,11000,,Gram,ses-5,60,-0.0111943548294558,-0.0215256891606855,-0.0070460185300514,,
pico-decoder-small,pico-lm/pico-decoder-small@a6a20b8103a7cdacefa2bb78dee23c516ad6e78e,ds003604,12000,,Gram,ses-5,60,0.0099742253669735,-0.0075782325354459,0.0066091155589196,,
pico-decoder-small,pico-lm/pico-decoder-small@c2395fd6ba7da947893c62b8169b47a83345153b,ds003604,13000,,Gram,ses-5,60,0.0099625374864665,-0.0085188923812201,0.0071839878893562,,
pico-decoder-small,pico-lm/pico-decoder-small@6dc7fa92550aabc62d659674176bda49750efe64,ds003604,14000,,Gram,ses-5,60,0.0217476453186605,-0.0064674090523939,0.0146356107858824,,
pico-decoder-small,pico-lm/pico-decoder-small@d1c60a45e64f88520c2cd94890471321a15410bf,ds003604,15000,,Gram,ses-5,60,0.0291538836334513,0.0106860917209746,0.0190480752955003,,
pico-decoder-small,pico-lm/pico-decoder-small@cbb63c23390c0d43e0d6dfaa0c69aed19778fa74,ds003604,16000,,Gram,ses-5,60,0.0311500788399043,0.0050672292426445,0.020780357251216,,
pico-decoder-small,pico-lm/pico-decoder-small@a4f386c7a4155bfab638b897e60bc656a82e6a4f,ds003604,17000,,Gram,ses-5,60,0.0163361414957623,-0.0196387322099425,0.0106817666465461,,
pico-decoder-small,pico-lm/pico-decoder-small@9b68d0ee8ceef680cc668de7d4560f7d8d311e42,ds003604,18000,,Gram,ses-5,60,0.0130764736387737,-0.0019138207962911,0.0090235793467534,,
pico-decoder-small,pico-lm/pico-decoder-small@a161849d9bc2ecbb0bc6095f0fe9fa54a03b14ce,ds003604,19000,,Gram,ses-5,60,0.013983618497366,-0.0031501948394671,0.0096393314873544,,
pico-decoder-small,pico-lm/pico-decoder-small@082423f29dc36ca1b544cb85c655531783bb8985,ds003604,20000,,Gram,ses-5,60,0.0217226249012523,-0.0027697934508229,0.0152207030688601,,
pico-decoder-small,pico-lm/pico-decoder-small@62236c27ddef441fc85ceabb80793b680397d2f4,ds003604,21000,,Gram,ses-5,60,0.0143384293101876,-0.0008687444258999,0.0100685694940804,,
pico-decoder-small,pico-lm/pico-decoder-small@457283267b592ffd80ca1a4ede807a4a5606a7f4,ds003604,22000,,Gram,ses-5,60,0.0239576783166894,-0.0151604003998744,0.0165186370415792,,
pico-decoder-small,pico-lm/pico-decoder-small@542883f65bdcba033a9c80f753fdd6f6829cb7e7,ds003604,23000,,Gram,ses-5,60,0.0068362729032671,-0.0297697982299,0.0046813770108555,,
pico-decoder-small,pico-lm/pico-decoder-small@bbc3997ae0773f6e0f145401283a22dced84175c,ds003604,24000,,Gram,ses-5,60,0.0233836759229245,0.0073165688183286,0.0158926649484371,,
pico-decoder-small,pico-lm/pico-decoder-small@8316a2db89b6a337de59490bec6e6ed79275e85f,ds003604,25000,,Gram,ses-5,60,0.0157765320094686,-0.0097224775703228,0.0103649481177721,,
pico-decoder-small,pico-lm/pico-decoder-small@b2ff4ecd5fdb6684736075b48a28007f425925d5,ds003604,26000,,Gram,ses-5,60,0.0111611565745293,-0.005671961150123,0.0073002398495111,,
pico-decoder-small,pico-lm/pico-decoder-small@d0bf4c35052d4efe8b11ad72cf76ba92d8837271,ds003604,27000,,Gram,ses-5,60,0.0050034526693668,0.0076929907256482,0.0036312768872579,,
pico-decoder-small,pico-lm/pico-decoder-small@c5fe4eaa6e28635b04a285d9d63224a7013711d4,ds003604,28000,,Gram,ses-5,60,0.0044278337514881,0.0002027874129081,0.003539297314388,,
pico-decoder-small,pico-lm/pico-decoder-small@574194afaad5aebab0de6f7ec3ebd45241ba9f36,ds003604,29000,,Gram,ses-5,60,-0.0013205736057286,-0.0123553784553626,-0.0009012720647178,,
pico-decoder-small,pico-lm/pico-decoder-small@4e76d0f5009af59c7519cc564d83ccb252becc09,ds003604,30000,,Gram,ses-5,60,0.0125526332650333,0.0069228395516278,0.008722090746791,,
pico-decoder-small,pico-lm/pico-decoder-small@63e4f365e97340e8419c8d14c3479eab48b41672,ds003604,31000,,Gram,ses-5,60,0.0086024088124455,-0.0097857083220255,0.0058502840827432,,
pico-decoder-small,pico-lm/pico-decoder-small@8c1e326d52a990b3ef622fa0187927b4c3c8b198,ds003604,32000,,Gram,ses-5,60,0.0016518290437457,-0.0045218967319446,0.0008565597723505,,
pico-decoder-small,pico-lm/pico-decoder-small@5087b4b665fc374f51db109f5832fccfa45038ed,ds003604,33000,,Gram,ses-5,60,0.0229839378582595,0.0132620267687554,0.0157342556840501,,
pico-decoder-small,pico-lm/pico-decoder-small@1b37af2dca833f47e09a88bc07d1b193eb75b975,ds003604,34000,,Gram,ses-5,60,0.0098394587595944,-0.0078979058723681,0.0066001731004461,,
pico-decoder-small,pico-lm/pico-decoder-small@f84a2138adf461f090569b0490e077e154d5692a,ds003604,35000,,Gram,ses-5,60,0.0365258330264435,0.0055787789020778,0.024414827873643,,
pico-decoder-small,pico-lm/pico-decoder-small@a5edb37d58f3dac4abc7615fe9f16119c9719363,ds003604,36000,,Gram,ses-5,60,0.0222715094966382,-0.000123905544616,0.0148540622714483,,
pico-decoder-small,pico-lm/pico-decoder-small@ad19a8ed94822569698ab34f7cbdb71a73e75edb,ds003604,37000,,Gram,ses-5,60,0.0220681304213169,0.0068384190390347,0.0150456863815938,,
pico-decoder-small,pico-lm/pico-decoder-small@6ffc4bc90cff1f5d9492cc62aa823b2f31820dec,ds003604,38000,,Gram,ses-5,60,0.0228597468242996,0.0090786752266929,0.0154276571078173,,
pico-decoder-small,pico-lm/pico-decoder-small@2be3f69fedc1c81a1c9dee69aecdfbb30a7ed07b,ds003604,39000,,Gram,ses-5,60,0.0197656590778451,-0.0057084218295612,0.0132674146394432,,
pico-decoder-small,pico-lm/pico-decoder-small@89ce452106683eb2c3d635f0b06d00b4836a270d,ds003604,40000,,Gram,ses-5,60,0.0132419174159487,-0.004024884843837,0.0087169807705205,,
pico-decoder-small,pico-lm/pico-decoder-small@fb21f9a6029769e4fde8c343509be2fc23d627f8,ds003604,41000,,Gram,ses-5,60,0.0155706188648872,0.0142832193023603,0.01011200429238,,
pico-decoder-small,pico-lm/pico-decoder-small@3b04367b1f9f520d1eb5dc4b1d62222a11574175,ds003604,42000,,Gram,ses-5,60,0.0199266406425399,0.0071633985753307,0.0128816114310169,,
pico-decoder-small,pico-lm/pico-decoder-small@a8fcdde6a31d48184ff170362f4802ba6f7c825b,ds003604,43000,,Gram,ses-5,60,0.0291834333480084,0.00741633075536,0.0192499193581869,,
pico-decoder-small,pico-lm/pico-decoder-small@42a2d16068cea73c52aa94a34fd039b076c656d2,ds003604,44000,,Gram,ses-5,60,0.0411255928817237,0.0145577122345968,0.0272483097156617,,
pico-decoder-small,pico-lm/pico-decoder-small@9b211dca4e657296153efe83773900826fe138d5,ds003604,45000,,Gram,ses-5,60,0.0277731253417903,0.0057479949627547,0.018461705518455,,
pico-decoder-small,pico-lm/pico-decoder-small@8866040c1a6ead0d48bd6a4f6ff9046c778670fa,ds003604,46000,,Gram,ses-5,60,0.0291980058692701,0.0077836281064385,0.0191298349158291,,
pico-decoder-small,pico-lm/pico-decoder-small@2c39df607c549d2902ed46ce83a2e6630df09d90,ds003604,47000,,Gram,ses-5,60,0.0353789492020876,0.0098626450750746,0.0234669272754564,,
pico-decoder-small,pico-lm/pico-decoder-small@e2f848f2a712b27ddfebe48ddc4dd6258de6df59,ds003604,48000,,Gram,ses-5,60,0.0311806153482981,0.0097972689492643,0.020692210160549,,
pico-decoder-small,pico-lm/pico-decoder-small@fa46e0b2c4bcc53653b39cd684396f35c777aead,ds003604,49000,,Gram,ses-5,60,0.0255918002539273,0.0075439654749653,0.0167741358551066,,
pico-decoder-small,pico-lm/pico-decoder-small@1c1daa1853e150e7a21ae4af47574da037fbb206,ds003604,50000,,Gram,ses-5,60,0.0349615548854218,0.0025383328744996,0.0232906330941225,,
pico-decoder-small,pico-lm/pico-decoder-small@7aa7c5e89a41da940802066eaa61d34d72089434,ds003604,51000,,Gram,ses-5,60,0.0389219783716755,-0.0002355090808171,0.0257050968819563,,
pico-decoder-small,pico-lm/pico-decoder-small@9213448a01fde86281f3df23d6846b5c31f86998,ds003604,52000,,Gram,ses-5,60,0.032024324078547,-0.0138647322509355,0.0210958982859223,,
pico-decoder-small,pico-lm/pico-decoder-small@41f9cd78186e1fbaf4b6b2164f52331d4ef4c15e,ds003604,53000,,Gram,ses-5,60,0.03405019667683,-0.0090457446070243,0.0229009974034933,,
pico-decoder-small,pico-lm/pico-decoder-small@f4454c4dd5fa26693e9755fbac1a1f6aa12f6c37,ds003604,54000,,Gram,ses-5,60,0.0276944328613687,-0.0094471873839334,0.0185715700082717,,
pico-decoder-small,pico-lm/pico-decoder-small@497f4bdf16cbdcb120415cd944d84b34d1fef37a,ds003604,55000,,Gram,ses-5,60,0.0227720671622921,-0.0206972796023805,0.0150137490299029,,
pico-decoder-small,pico-lm/pico-decoder-small@79119d3d39e86e4f4fdd14e0de769ebbba87b4c1,ds003604,56000,,Gram,ses-5,60,0.0247239172387045,-0.0120683149802227,0.0162899656034722,,
pico-decoder-small,pico-lm/pico-decoder-small@1e0aa9e9184e67611fe6a3fe7e0d301e199367b4,ds003604,57000,,Gram,ses-5,60,0.0252943360127473,-0.0121226593581306,0.0167307010568069,,
pico-decoder-small,pico-lm/pico-decoder-small@12cffd4abfebe78cd4df44f368d49ae2aec28999,ds003604,58000,,Gram,ses-5,60,0.030755694564607,-0.0085080577824707,0.0203575067148281,,
pico-decoder-small,pico-lm/pico-decoder-small@88752c656e1478698735820b50bc1648b43897bc,ds003604,59000,,Gram,ses-5,60,0.0290608631662056,-0.0037372783470114,0.0190991750582058,,
pico-decoder-small,pico-lm/pico-decoder-small@ef0c2a9858930c1b946d7fd3ec94d87a30fb6316,ds003604,60000,,Gram,ses-5,60,0.0236387945899958,-0.0049908382509566,0.0157636380476058,,
pico-decoder-small,pico-lm/pico-decoder-small@2adfdbab6dd63824aeb0c5b7f40693509b21f72e,ds003604,61000,,Gram,ses-5,60,0.0194862016601605,-0.0144662119684868,0.01263122259376,,
pico-decoder-small,pico-lm/pico-decoder-small@8f2f5e9d39b7ef2738d2ddfa5002e690090afb1b,ds003604,62000,,Gram,ses-5,60,0.040579519350359,0.0005131233303752,0.0270886229572071,,
pico-decoder-small,pico-lm/pico-decoder-small@27a605b8a3168bf13fde7e4903edf05011890db5,ds003604,63000,,Gram,ses-5,60,0.0235558736114237,-0.0097581778383154,0.0157125382849003,,
pico-decoder-small,pico-lm/pico-decoder-small@64faca95211d12573bc85e90ab9b9346d61f571c,ds003604,64000,,Gram,ses-5,60,0.026723988207792,-0.0119015880606754,0.0177373663821048,,
pico-decoder-small,pico-lm/pico-decoder-small@04de7a38c9b974bc56e59c77ce6289b59ac333a3,ds003604,65000,,Gram,ses-5,60,0.0317718346976849,-0.0066410633236168,0.0207496973935927,,
pico-decoder-small,pico-lm/pico-decoder-small@0a060522b26b84154fe744cff68debc60a62771b,ds003604,66000,,Gram,ses-5,60,0.0318425917110042,-0.0115672461139638,0.0206411103978435,,
pico-decoder-small,pico-lm/pico-decoder-small@96a66aee1fd9e46f20ddd7b0e811fbcd6761cd3b,ds003604,67000,,Gram,ses-5,60,0.0318043794180968,-0.0048597192824251,0.0210639609342314,,
pico-decoder-small,pico-lm/pico-decoder-small@e7396619711d862dc1bed1a5f5797fb2b5cc9768,ds003604,68000,,Gram,ses-5,60,0.0305834968761077,-0.0115418994931244,0.0205044185326064,,
pico-decoder-small,pico-lm/pico-decoder-small@ba3a7a617ab159a7fcbc81cd6ffb20319f00199a,ds003604,69000,,Gram,ses-5,60,0.0317821938689471,-0.0099146705976631,0.0207918546978247,,
pico-decoder-small,pico-lm/pico-decoder-small@63bfd31a42bdd16864908136aa5cce931810bb58,ds003604,70000,,Gram,ses-5,60,0.0324449427873542,-0.0048592338140829,0.0213833344511406,,
pico-decoder-small,pico-lm/pico-decoder-small@5e0a9fbd93f2dbafe06c6cb20fa5521f766270e0,ds003604,71000,,Gram,ses-5,60,0.0393420430909605,-0.0079204066988887,0.025804741419232,,
pico-decoder-small,pico-lm/pico-decoder-small@4b4e4304ce873cafd39ac997ad47e16ec2d5d76d,ds003604,72000,,Gram,ses-5,60,0.0256737907032237,-0.0160784591792152,0.0168162931593386,,
pico-decoder-small,pico-lm/pico-decoder-small@f2bf3399e04924384ec7ea3acb5440318247824d,ds003604,73000,,Gram,ses-5,60,0.0327670747104264,-0.0095067602565066,0.0214868114706192,,
pico-decoder-small,pico-lm/pico-decoder-small@81c21ab4b67c2a986c2c4a8771db3b328075f9ca,ds003604,74000,,Gram,ses-5,60,0.0400618183058166,-0.0032002516802428,0.0262148170149434,,
pico-decoder-small,pico-lm/pico-decoder-small@67737816c3793c77c33cd993cb625dfe02f5dba2,ds003604,75000,,Gram,ses-5,60,0.0327691543351565,-0.0072701010986179,0.0214165492968992,,
pico-decoder-small,pico-lm/pico-decoder-small@cd3c66fe9f41cb98971992c1c48e0000704daae7,ds003604,76000,,Gram,ses-5,60,0.0377161963722115,-0.0077821153135342,0.0247495313193639,,
pico-decoder-small,pico-lm/pico-decoder-small@8bc1f96e0ab394e6d9396f9105337a8ee9281b02,ds003604,77000,,Gram,ses-5,60,0.0308698142421736,-0.0071808865187866,0.0203536742326252,,
pico-decoder-small,pico-lm/pico-decoder-small@54681b82e00ed8da204a8f5e199732edcd50c540,ds003604,78000,,Gram,ses-5,60,0.040116146067366,-0.0075729519534323,0.0265661278835436,,
pico-decoder-small,pico-lm/pico-decoder-small@9f79f048c9629723d93a9c6d020fad45ecd81ebb,ds003604,79000,,Gram,ses-5,60,0.034468110358673,-0.0086714824566751,0.0224436545272792,,
pico-decoder-small,pico-lm/pico-decoder-small@a8eea15ae0deddaf3beced3d114c9bc8ed9a25e5,ds003604,80000,,Gram,ses-5,60,0.043312373467968,0.0002003560947799,0.0285539086527866,,
pico-decoder-small,pico-lm/pico-decoder-small@8d7bca4dea2e340144c93745d61646c84d35ffdb,ds003604,81000,,Gram,ses-5,60,0.0442104986846508,-0.0033329818456835,0.0290329689281505,,
pico-decoder-small,pico-lm/pico-decoder-small@063ab25b24aefd512a554e49853ed6fc32ee9c1b,ds003604,82000,,Gram,ses-5,60,0.0390150421193527,-0.0048976874240645,0.025431713151482,,
pico-decoder-small,pico-lm/pico-decoder-small@d63e823855aefabdb4d0fb89c6cb30f1917edff8,ds003604,83000,,Gram,ses-5,60,0.0417280867834973,-0.0082006813496174,0.0274220489088603,,
pico-decoder-small,pico-lm/pico-decoder-small@aac007e3728b91b2460f8be94a5ef79547dc60b8,ds003604,84000,,Gram,ses-5,60,0.0314994038580425,-0.0003222788857787,0.0206692152673316,,
pico-decoder-small,pico-lm/pico-decoder-small@804cfb5f121020ed666ca55376b9e9f358701d23,ds003604,85000,,Gram,ses-5,60,0.0349233014761045,-0.0039334232377268,0.0230453542331362,,
pico-decoder-small,pico-lm/pico-decoder-small@938244e11e03da85918d38722414505f45c1ceda,ds003604,86000,,Gram,ses-5,60,0.0289821685217624,-0.0031112918583691,0.0188679486319635,,
pico-decoder-small,pico-lm/pico-decoder-small@9bd6535d2bbcd3e8e0be555350c1a9abcfa9ef20,ds003604,87000,,Gram,ses-5,60,0.0279462925119535,-0.0083681466043673,0.0184834229176048,,
pico-decoder-small,pico-lm/pico-decoder-small@5e4f19facb03a2fb589181b485fc44570680d8b4,ds003604,88000,,Gram,ses-5,60,0.0380985508515936,0.0016437117730249,0.0252055967015103,,
pico-decoder-small,pico-lm/pico-decoder-small@48b3ab14f90bae2930c79eefee13f8548f7a3ac0,ds003604,89000,,Gram,ses-5,60,0.0291339897831456,-0.0040234993601818,0.0193533963776655,,
pico-decoder-small,pico-lm/pico-decoder-small@a7e691278d2179f7a23f55c82de28f96b4acd2e4,ds003604,90000,,Gram,ses-5,60,0.0391345372265026,-0.0045205816542082,0.0259465432607397,,
pico-decoder-small,pico-lm/pico-decoder-small@c025f14d64c01b36a07900656ded25b50f8caafd,ds003604,91000,,Gram,ses-5,60,0.0370387147949464,-0.007231497592282,0.0244314352965223,,
pico-decoder-small,pico-lm/pico-decoder-small@b3b967e1f18d21573f4a6146c441a2825a5a8f83,ds003604,92000,,Gram,ses-5,60,0.0453116372570093,-0.0035331838339541,0.0296666059856984,,
pico-decoder-small,pico-lm/pico-decoder-small@41ae4009882dd5c1963328961a9ed1964aab8606,ds003604,93000,,Gram,ses-5,60,0.0329969565579323,-0.0094441715973527,0.0219032745366688,,
pico-decoder-small,pico-lm/pico-decoder-small@bfda4783bf178eae55bcebd43810ed9180cbdc63,ds003604,94000,,Gram,ses-5,60,0.0358565422708261,0.0070738184970379,0.0237633058991482,,
pico-decoder-small,pico-lm/pico-decoder-small@94177e145ce01fae74b87897c8260f2f6fe1deb0,ds003604,95000,,Gram,ses-5,60,0.0364012156802341,0.0076308062116014,0.0237633058991482,,
pico-decoder-small,pico-lm/pico-decoder-small@938d2d29f7aba65159e5bdc0ccfbefdc61757005,ds003604,96000,,Gram,ses-5,60,0.0416484334774981,0.0023180371938636,0.0276967101334023,,
pico-decoder-small,pico-lm/pico-decoder-small@57a25f8bc299440e75e421522b5461ef9addc60f,ds003604,97000,,Gram,ses-5,60,0.0413509216278434,-0.0050147339619847,0.0274910335885127,,
pico-decoder-small,pico-lm/pico-decoder-small@2b2b81f5b793cfe7595f1880023e3199b0ca4d01,ds003604,98000,,Gram,ses-5,60,0.0382997399370846,-0.0084023483049979,0.0252975762743801,,
pico-decoder-small,pico-lm/pico-decoder-small@a014170484f226c32a449440e37684a5138bffea,ds003604,99000,,Gram,ses-5,60,0.0465666204509203,-0.0008231521706466,0.0305876792084646,,
pico-decoder-small,pico-lm/pico-decoder-small@912032713d1ca4f482ce957408afca3e5a267267,ds003604,100000,,Gram,ses-5,60,0.0367006556731088,-0.0071231683197473,0.023929380127941,,
pico-decoder-small,pico-lm/pico-decoder-small@0405a0c52b2083efba346cb0195a2684e628b1af,ds003604,101000,,Gram,ses-5,60,0.0408219287187416,-0.005854535356669,0.0264077186191566,,
pico-decoder-small,pico-lm/pico-decoder-small@a29b66f6847b3a1ec6358c6bdf5686f8db25e228,ds003604,102000,,Gram,ses-5,60,0.0344566064199995,-0.0117733553394542,0.0224807018552407,,
pico-decoder-small,pico-lm/pico-decoder-small@b6e1c3f17ee3de24e5563176b76cde040230086b,ds003604,103000,,Gram,ses-5,60,0.0317959613741842,-0.0052761245858199,0.0209157716223855,,
pico-decoder-small,pico-lm/pico-decoder-small@fd779f78578d7ce2eb7316f95b1536f35f90d660,ds003604,104000,,Gram,ses-5,60,0.0316307318351447,-0.0042121190666953,0.0205210259554857,,
pico-decoder-small,pico-lm/pico-decoder-small@2a9ae447eace88eb5c4be50d7b3c867cbd1a9a7e,ds003604,105000,,Gram,ses-5,60,0.0344651369930339,-0.0033521530043359,0.0222315905120515,,
pico-decoder-small,pico-lm/pico-decoder-small@36d78ffabfbf506523a459e2116bbc012c1adab7,ds003604,106000,,Gram,ses-5,60,0.0371732736562547,0.0009521132662201,0.0242129838109564,,
pico-decoder-small,pico-lm/pico-decoder-small@3f9b3375f2ae4b81043ba582d1b2ec8bc15a04e1,ds003604,107000,,Gram,ses-5,60,0.0322712670721217,0.0002491562120175,0.021023081124067,,
pico-decoder-small,pico-lm/pico-decoder-small@00c972e3e00659382b3fe4f9d9f634ebbd9833c1,ds003604,108000,,Gram,ses-5,60,0.0365123922884636,-0.0064421118235083,0.0239510975270908,,
pico-decoder-small,pico-lm/pico-decoder-small@076cdde7affce35bd2bad3498e51f33f575aaddb,ds003604,109000,,Gram,ses-5,60,0.0348963096350447,-0.0056468612922213,0.0230083069051748,,
pico-decoder-small,pico-lm/pico-decoder-small@1f7f52ddf73285dd5484e753c1740cc68df81b76,ds003604,110000,,Gram,ses-5,60,0.0296882584642011,-0.0089087973326126,0.0191451648446407,,
pico-decoder-small,pico-lm/pico-decoder-small@a801b2ab639f60dbd4ebfe264aab726255eb2877,ds003604,111000,,Gram,ses-5,60,0.0307862029407203,-0.005728792501468,0.0202157048733204,,
pico-decoder-small,pico-lm/pico-decoder-small@197b11d764b16772e54f2cbbfab17581cbdb9b59,ds003604,112000,,Gram,ses-5,60,0.0416882601304977,-0.0020382702111299,0.0272942995020966,,
pico-decoder-small,pico-lm/pico-decoder-small@0ff198943f69ee08bd0b54c8ab55d364ce931a26,ds003604,113000,,Gram,ses-5,60,0.0240327698652162,-0.0110499259890584,0.0156358886408421,,
pico-decoder-small,pico-lm/pico-decoder-small@fe2f1951a2f9a01d14429415f467c91c8a765024,ds003604,114000,,Gram,ses-5,60,0.0242558826532469,-0.006826389338872,0.0159182148297898,,
pico-decoder-small,pico-lm/pico-decoder-small@dde9b48ac9a426d9bc86b1fc423b8241736f6ea3,ds003604,115000,,Gram,ses-5,60,0.0322504102322167,-0.0023935343763307,0.0209873112901731,,
pico-decoder-small,pico-lm/pico-decoder-small@eb892260583a7bfbf95a1aecbf60ebc4ee0b8fe2,ds003604,116000,,Gram,ses-5,60,0.0373391697139381,-0.007381681955924,0.0241644390363862,,
pico-decoder-small,pico-lm/pico-decoder-small@62d95f269e32053c9fc3638cfe64f8b2f7b23654,ds003604,117000,,Gram,ses-5,60,0.0289113465877959,-0.0089684571061874,0.0186431096760594,,
pico-decoder-small,pico-lm/pico-decoder-small@31ddb818fbb16fbd1caf8ec968855022dd6afc74,ds003604,118000,,Gram,ses-5,60,0.0316807899821338,-0.0057262143892183,0.0206653827851286,,
pico-decoder-small,pico-lm/pico-decoder-small@82d2ace20cd9a6db92a58205d7a22f5f6173e7b8,ds003604,119000,,Gram,ses-5,60,0.0284916778844585,-0.0119974940216425,0.0188002414463787,,
pico-decoder-small,pico-lm/pico-decoder-small@8e25d91566448034f3bb0406ab0045355c528ae7,ds003604,120000,,Gram,ses-5,60,0.025165340850899,-0.0142164698102038,0.0164637047966708,,
pico-decoder-small,pico-lm/pico-decoder-small@8a2f1db72ebb1ce87faaf75ea1db7910f308be65,ds003604,121000,,Gram,ses-5,60,0.02205432179967,-0.0090623728844695,0.0144094943359106,,
pico-decoder-small,pico-lm/pico-decoder-small@e197ddf7837d73cb367f53e1dd174a4745892831,ds003604,122000,,Gram,ses-5,60,0.0242044092361501,-0.0149390968143997,0.0157559730831999,,
pico-decoder-small,pico-lm/pico-decoder-small@51a1f29ffaf81f8b5d071b1858b6ac094aca1b30,ds003604,123000,,Gram,ses-5,60,0.0280836407970673,-0.0157896512797982,0.0184029407913437,,
pico-decoder-small,pico-lm/pico-decoder-small@c2d4754b377c202474754e86b41f1321342ad24a,ds003604,124000,,Gram,ses-5,60,0.0230710592027016,-0.017080339672182,0.0147429202875639,,
pico-decoder-small,pico-lm/pico-decoder-small@ef21ca419b33425716396ead8c1e60e01f301271,ds003604,125000,,Gram,ses-5,60,0.0198588093863851,-0.0191202348899628,0.0133760016351924,,
pico-decoder-small,pico-lm/pico-decoder-small@a8294defc7001e32644ce53dbcb87ef35587ff22,ds003604,0,,Gram,ses-7,60,-0.0288119422569146,-0.0267135931052565,-0.0189497082522923,,
pico-decoder-small,pico-lm/pico-decoder-small@5e3d06988f3cc3adbf36b55cd8b1ddb3ae9f9bde,ds003604,1000,,Gram,ses-7,60,-0.0413418651975672,-0.0425188765846463,-0.0278959992079536,,
pico-decoder-small,pico-lm/pico-decoder-small@9f1ca389bbb1cc08b42a32bfe58fb818b24b3490,ds003604,2000,,Gram,ses-7,60,-0.010865945079805,-0.0144970256809339,-0.0071839878893562,,
pico-decoder-small,pico-lm/pico-decoder-small@f2269f20ce160cf71bea0a02ccf685e126dd2dc1,ds003604,3000,,Gram,ses-7,60,-0.0027816906744211,-0.0101389750609498,-0.0022605257526835,,
pico-decoder-small,pico-lm/pico-decoder-small@10da1c98e1cd32fc61ab4ced31075c08cf699861,ds003604,4000,,Gram,ses-7,60,0.0038090685715192,-0.0109843559076832,0.0026514389373804,,
pico-decoder-small,pico-lm/pico-decoder-small@be2865b50166a683e659f4a1f99e058c77288911,ds003604,5000,,Gram,ses-7,60,0.0102861279600778,-0.0055067383640937,0.0070958407986892,,
pico-decoder-small,pico-lm/pico-decoder-small@496ea4785860af671e895085f1bcdc3bff2f9d97,ds003604,6000,,Gram,ses-7,60,0.0097719585987399,0.0052044491429223,0.0062054274335463,,
pico-decoder-small,pico-lm/pico-decoder-small@c5bddf28e9cfbede4fe480513c4a3487279f7d47,ds003604,7000,,Gram,ses-7,60,-0.0007511762498675,-0.0165982336984463,-0.0005997834647555,,
pico-decoder-small,pico-lm/pico-decoder-small@9fe9969ca88ccf3b71599f85000ce082bf854421,ds003604,8000,,Gram,ses-7,60,0.0064479522164128,-0.0186731812147112,0.0037296439304659,,
pico-decoder-small,pico-lm/pico-decoder-small@8335f55c1bf51378b17a73d527c39899546e2d5b,ds003604,9000,,Gram,ses-7,60,0.0072392656563755,-0.0035452931396898,0.0045101928057921,,
pico-decoder-small,pico-lm/pico-decoder-small@8ce4e4fa15c0cec038fcb9f29d30cc50bac60a3d,ds003604,10000,,Gram,ses-7,60,0.0290535292971002,0.0089259328630874,0.0188104613989198,,
pico-decoder-small,pico-lm/pico-decoder-small@3261da23d1d8811f9a32b69d6d6b9a17ca82fcd0,ds003604,11000,,Gram,ses-7,60,-0.0111681744964853,-0.0246386394309562,-0.007350062118149,,
pico-decoder-small,pico-lm/pico-decoder-small@a6a20b8103a7cdacefa2bb78dee23c516ad6e78e,ds003604,12000,,Gram,ses-7,60,0.0131364841209696,-0.005094787222774,0.0086914308891678,,
pico-decoder-small,pico-lm/pico-decoder-small@c2395fd6ba7da947893c62b8169b47a83345153b,ds003604,13000,,Gram,ses-7,60,0.0198067863078092,-0.008159627569478,0.0136711027648165,,
pico-decoder-small,pico-lm/pico-decoder-small@6dc7fa92550aabc62d659674176bda49750efe64,ds003604,14000,,Gram,ses-7,60,0.0197594786322373,-0.0025631204709316,0.0133760016351924,,
pico-decoder-small,pico-lm/pico-decoder-small@d1c60a45e64f88520c2cd94890471321a15410bf,ds003604,15000,,Gram,ses-7,60,0.0231268931232647,0.014582636971811,0.015023968982444,,
pico-decoder-small,pico-lm/pico-decoder-small@cbb63c23390c0d43e0d6dfaa0c69aed19778fa74,ds003604,16000,,Gram,ses-7,60,0.0275144728274929,0.0099304671576243,0.0180158600888497,,
pico-decoder-small,pico-lm/pico-decoder-small@a4f386c7a4155bfab638b897e60bc656a82e6a4f,ds003604,17000,,Gram,ses-7,60,0.010863108047525,-0.0222759431744703,0.0069157141351524,,
pico-decoder-small,pico-lm/pico-decoder-small@9b68d0ee8ceef680cc668de7d4560f7d8d311e42,ds003604,18000,,Gram,ses-7,60,0.012912901740258,-0.0016579488155409,0.0081395534519486,,
pico-decoder-small,pico-lm/pico-decoder-small@a161849d9bc2ecbb0bc6095f0fe9fa54a03b14ce,ds003604,19000,,Gram,ses-7,60,0.0203603646659834,-0.0034265624740794,0.0138678368512326,,
pico-decoder-small,pico-lm/pico-decoder-small@082423f29dc36ca1b544cb85c655531783bb8985,ds003604,20000,,Gram,ses-7,60,0.0263010388477524,-0.0021881092732903,0.0176990415600757,,
pico-decoder-small,pico-lm/pico-decoder-small@62236c27ddef441fc85ceabb80793b680397d2f4,ds003604,21000,,Gram,ses-7,60,0.0237447385940658,6.574676393059087e-05,0.0160114718967273,,
pico-decoder-small,pico-lm/pico-decoder-small@457283267b592ffd80ca1a4ede807a4a5606a7f4,ds003604,22000,,Gram,ses-7,60,0.0249685295810468,-0.0173153988957087,0.0167741358551066,,
pico-decoder-small,pico-lm/pico-decoder-small@542883f65bdcba033a9c80f753fdd6f6829cb7e7,ds003604,23000,,Gram,ses-7,60,0.0002440442866798,-0.0332002546565319,5.4293497874569246e-05,,
pico-decoder-small,pico-lm/pico-decoder-small@bbc3997ae0773f6e0f145401283a22dced84175c,ds003604,24000,,Gram,ses-7,60,0.0208510349170777,0.0129020801045878,0.0136263904724492,,
pico-decoder-small,pico-lm/pico-decoder-small@8316a2db89b6a337de59490bec6e6ed79275e85f,ds003604,25000,,Gram,ses-7,60,0.0200720628921366,-0.0134336040508041,0.0131728800784381,,
pico-decoder-small,pico-lm/pico-decoder-small@b2ff4ecd5fdb6684736075b48a28007f425925d5,ds003604,26000,,Gram,ses-7,60,0.0227807275766208,-0.006968284351116,0.0147480302638344,,
pico-decoder-small,pico-lm/pico-decoder-small@d0bf4c35052d4efe8b11ad72cf76ba92d8837271,ds003604,27000,,Gram,ses-7,60,0.0150315762396079,0.0105199622465924,0.0096329440170162,,
pico-decoder-small,pico-lm/pico-decoder-small@c5fe4eaa6e28635b04a285d9d63224a7013711d4,ds003604,28000,,Gram,ses-7,60,0.0101089660060938,0.0064989331160748,0.0070958407986892,,
pico-decoder-small,pico-lm/pico-decoder-small@574194afaad5aebab0de6f7ec3ebd45241ba9f36,ds003604,29000,,Gram,ses-7,60,-0.0021025666047834,-0.0102192488598411,-0.0014786993832897,,
pico-decoder-small,pico-lm/pico-decoder-small@4e76d0f5009af59c7519cc564d83ccb252becc09,ds003604,30000,,Gram,ses-7,60,0.020628331129124,0.0089854155645219,0.0139138266376675,,
pico-decoder-small,pico-lm/pico-decoder-small@63e4f365e97340e8419c8d14c3479eab48b41672,ds003604,31000,,Gram,ses-7,60,0.0104157225559014,-0.0047196538469254,0.0069284890758288,,
pico-decoder-small,pico-lm/pico-decoder-small@8c1e326d52a990b3ef622fa0187927b4c3c8b198,ds003604,32000,,Gram,ses-7,60,0.0022791594210941,-0.0025576245715596,0.0012883527672118,,
pico-decoder-small,pico-lm/pico-decoder-small@5087b4b665fc374f51db109f5832fccfa45038ed,ds003604,33000,,Gram,ses-7,60,0.0218781466395225,0.0206821586974733,0.0143009073401615,,
pico-decoder-small,pico-lm/pico-decoder-small@1b37af2dca833f47e09a88bc07d1b193eb75b975,ds003604,34000,,Gram,ses-7,60,0.0065753373462119,-0.0046717246808073,0.0041448295024479,,
pico-decoder-small,pico-lm/pico-decoder-small@f84a2138adf461f090569b0490e077e154d5692a,ds003604,35000,,Gram,ses-7,60,0.0196191959338727,0.0105998445133289,0.0129914759208336,,
pico-decoder-small,pico-lm/pico-decoder-small@a5edb37d58f3dac4abc7615fe9f16119c9719363,ds003604,36000,,Gram,ses-7,60,0.0121339448634678,0.0056074518949819,0.0074522616435599,,
pico-decoder-small,pico-lm/pico-decoder-small@ad19a8ed94822569698ab34f7cbdb71a73e75edb,ds003604,37000,,Gram,ses-7,60,0.023999201562601,0.0124087920049691,0.0158862774780989,,
pico-decoder-small,pico-lm/pico-decoder-small@6ffc4bc90cff1f5d9492cc62aa823b2f31820dec,ds003604,38000,,Gram,ses-7,60,0.0236459877976991,0.016531244538797,0.015752140600997,,
pico-decoder-small,pico-lm/pico-decoder-small@2be3f69fedc1c81a1c9dee69aecdfbb30a7ed07b,ds003604,39000,,Gram,ses-7,60,0.020548989442231,0.0003789502043687,0.0135970081088935,,
pico-decoder-small,pico-lm/pico-decoder-small@89ce452106683eb2c3d635f0b06d00b4836a270d,ds003604,40000,,Gram,ses-7,60,0.0169369323125593,-0.0005247642886387,0.0109781452702379,,
pico-decoder-small,pico-lm/pico-decoder-small@fb21f9a6029769e4fde8c343509be2fc23d627f8,ds003604,41000,,Gram,ses-7,60,0.0235914782583376,0.0198168495789371,0.0155950088306777,,
pico-decoder-small,pico-lm/pico-decoder-small@3b04367b1f9f520d1eb5dc4b1d62222a11574175,ds003604,42000,,Gram,ses-7,60,0.0277287542434907,0.0101331226202327,0.0178612833066656,,
pico-decoder-small,pico-lm/pico-decoder-small@a8fcdde6a31d48184ff170362f4802ba6f7c825b,ds003604,43000,,Gram,ses-7,60,0.035388615886447,0.009111994694151,0.0227655830323237,,
pico-decoder-small,pico-lm/pico-decoder-small@42a2d16068cea73c52aa94a34fd039b076c656d2,ds003604,44000,,Gram,ses-7,60,0.0450654321947905,0.0172987795471845,0.0294481545001325,,
pico-decoder-small,pico-lm/pico-decoder-small@9b211dca4e657296153efe83773900826fe138d5,ds003604,45000,,Gram,ses-7,60,0.0227049327210833,0.0098106240123316,0.014851507283313,,
pico-decoder-small,pico-lm/pico-decoder-small@8866040c1a6ead0d48bd6a4f6ff9046c778670fa,ds003604,46000,,Gram,ses-7,60,0.0329246284649522,0.0122815353734629,0.0215417437155276,,
pico-decoder-small,pico-lm/pico-decoder-small@2c39df607c549d2902ed46ce83a2e6630df09d90,ds003604,47000,,Gram,ses-7,60,0.0345063897362491,0.0113184767237681,0.0233238479398811,,
pico-decoder-small,pico-lm/pico-decoder-small@e2f848f2a712b27ddfebe48ddc4dd6258de6df59,ds003604,48000,,Gram,ses-7,60,0.0284838809147369,0.0136239443951015,0.0188219588455286,,
pico-decoder-small,pico-lm/pico-decoder-small@fa46e0b2c4bcc53653b39cd684396f35c777aead,ds003604,49000,,Gram,ses-7,60,0.0252024732970423,0.010822534322201,0.0164496523619268,,
pico-decoder-small,pico-lm/pico-decoder-small@1c1daa1853e150e7a21ae4af47574da037fbb206,ds003604,50000,,Gram,ses-7,60,0.0239459060393411,0.006050728877251,0.01626952569839,,
pico-decoder-small,pico-lm/pico-decoder-small@7aa7c5e89a41da940802066eaa61d34d72089434,ds003604,51000,,Gram,ses-7,60,0.0228652715713714,0.0030994468974015,0.0152398654798746,,
pico-decoder-small,pico-lm/pico-decoder-small@9213448a01fde86281f3df23d6846b5c31f86998,ds003604,52000,,Gram,ses-7,60,0.0162392517579469,-0.0094171101155855,0.0110650148668372,,
pico-decoder-small,pico-lm/pico-decoder-small@41f9cd78186e1fbaf4b6b2164f52331d4ef4c15e,ds003604,53000,,Gram,ses-7,60,0.0203433835887128,-0.0048683228570334,0.0137796897605656,,
pico-decoder-small,pico-lm/pico-decoder-small@f4454c4dd5fa26693e9755fbac1a1f6aa12f6c37,ds003604,54000,,Gram,ses-7,60,0.0226833228016715,-0.0075465708471861,0.0151248910137873,,
pico-decoder-small,pico-lm/pico-decoder-small@497f4bdf16cbdcb120415cd944d84b34d1fef37a,ds003604,55000,,Gram,ses-7,60,0.0083650502704104,-0.0168734907414444,0.0054453184633023,,
pico-decoder-small,pico-lm/pico-decoder-small@79119d3d39e86e4f4fdd14e0de769ebbba87b4c1,ds003604,56000,,Gram,ses-7,60,0.0119996803090932,-0.0070023554092942,0.00796581425875,,
pico-decoder-small,pico-lm/pico-decoder-small@1e0aa9e9184e67611fe6a3fe7e0d301e199367b4,ds003604,57000,,Gram,ses-7,60,0.014028911468855,-0.0082501900541788,0.0094055500729768,,
pico-decoder-small,pico-lm/pico-decoder-small@12cffd4abfebe78cd4df44f368d49ae2aec28999,ds003604,58000,,Gram,ses-7,60,0.0211605960388418,-0.0026743274641462,0.0141080057359483,,
pico-decoder-small,pico-lm/pico-decoder-small@88752c656e1478698735820b50bc1648b43897bc,ds003604,59000,,Gram,ses-7,60,0.0183624209301006,-0.0001711840284845,0.0122696917726188,,
pico-decoder-small,pico-lm/pico-decoder-small@ef0c2a9858930c1b946d7fd3ec94d87a30fb6316,ds003604,60000,,Gram,ses-7,60,0.0097870634693082,0.0021557052126178,0.0067470849182244,,
pico-decoder-small,pico-lm/pico-decoder-small@2adfdbab6dd63824aeb0c5b7f40693509b21f72e,ds003604,61000,,Gram,ses-7,60,0.0015514985116319,-0.0088080875113483,0.0011721008070568,,
pico-decoder-small,pico-lm/pico-decoder-small@8f2f5e9d39b7ef2738d2ddfa5002e690090afb1b,ds003604,62000,,Gram,ses-7,60,0.0181360686017776,0.0068125704953382,0.0122773567370246,,
pico-decoder-small,pico-lm/pico-decoder-small@27a605b8a3168bf13fde7e4903edf05011890db5,ds003604,63000,,Gram,ses-7,60,0.0123908142239904,-0.0045693457195762,0.0083132926451472,,
pico-decoder-small,pico-lm/pico-decoder-small@64faca95211d12573bc85e90ab9b9346d61f571c,ds003604,64000,,Gram,ses-7,60,0.0117680239638987,-0.0078594666980457,0.0079057720375711,,
pico-decoder-small,pico-lm/pico-decoder-small@04de7a38c9b974bc56e59c77ce6289b59ac333a3,ds003604,65000,,Gram,ses-7,60,0.0178880133011153,-0.0004564016517726,0.0117331442642113,,
pico-decoder-small,pico-lm/pico-decoder-small@0a060522b26b84154fe744cff68debc60a62771b,ds003604,66000,,Gram,ses-7,60,0.0169445431764258,-0.0059948171841827,0.011343508573582,,
pico-decoder-small,pico-lm/pico-decoder-small@96a66aee1fd9e46f20ddd7b0e811fbcd6761cd3b,ds003604,67000,,Gram,ses-7,60,0.0229924792514017,0.0037549539679866,0.0155068617400107,,
pico-decoder-small,pico-lm/pico-decoder-small@e7396619711d862dc1bed1a5f5797fb2b5cc9768,ds003604,68000,,Gram,ses-7,60,0.0086295001984975,-0.0051189877492543,0.0060508506513622,,
pico-decoder-small,pico-lm/pico-decoder-small@ba3a7a617ab159a7fcbc81cd6ffb20319f00199a,ds003604,69000,,Gram,ses-7,60,0.0170803788104612,-0.0072620988955877,0.0114508180752635,,
pico-decoder-small,pico-lm/pico-decoder-small@63bfd31a42bdd16864908136aa5cce931810bb58,ds003604,70000,,Gram,ses-7,60,0.0214955389696166,-0.000138952430599,0.0142932423757557,,
pico-decoder-small,pico-lm/pico-decoder-small@5e0a9fbd93f2dbafe06c6cb20fa5521f766270e0,ds003604,71000,,Gram,ses-7,60,0.0256026787903666,-0.0040583293457726,0.0169849223762667,,
pico-decoder-small,pico-lm/pico-decoder-small@4b4e4304ce873cafd39ac997ad47e16ec2d5d76d,ds003604,72000,,Gram,ses-7,60,0.0112456031883092,-0.0122232733643427,0.0075978959672706,,
pico-decoder-small,pico-lm/pico-decoder-small@f2bf3399e04924384ec7ea3acb5440318247824d,ds003604,73000,,Gram,ses-7,60,0.0202203957507467,-0.0048050265564816,0.0134130489631538,,
pico-decoder-small,pico-lm/pico-decoder-small@81c21ab4b67c2a986c2c4a8771db3b328075f9ca,ds003604,74000,,Gram,ses-7,60,0.0246725650068157,0.0011963565766423,0.0160076394145244,,
pico-decoder-small,pico-lm/pico-decoder-small@67737816c3793c77c33cd993cb625dfe02f5dba2,ds003604,75000,,Gram,ses-7,60,0.0163023286587095,-0.0025240398583289,0.0105450747813089,,
pico-decoder-small,pico-lm/pico-decoder-small@cd3c66fe9f41cb98971992c1c48e0000704daae7,ds003604,76000,,Gram,ses-7,60,0.0136394287024167,-0.0053444549566512,0.0089852545247243,,
pico-decoder-small,pico-lm/pico-decoder-small@8bc1f96e0ab394e6d9396f9105337a8ee9281b02,ds003604,77000,,Gram,ses-7,60,0.0188814138955211,-0.0032571976336845,0.0121751572116136,,
pico-decoder-small,pico-lm/pico-decoder-small@54681b82e00ed8da204a8f5e199732edcd50c540,ds003604,78000,,Gram,ses-7,60,0.0189325151009077,-0.0037649653515489,0.0124804782937789,,
pico-decoder-small,pico-lm/pico-decoder-small@9f79f048c9629723d93a9c6d020fad45ecd81ebb,ds003604,79000,,Gram,ses-7,60,0.0187684692816678,-0.0039273830335334,0.0122850217014304,,
pico-decoder-small,pico-lm/pico-decoder-small@a8eea15ae0deddaf3beced3d114c9bc8ed9a25e5,ds003604,80000,,Gram,ses-7,60,0.0281861504989035,0.0042995235895926,0.0186150048065714,,
pico-decoder-small,pico-lm/pico-decoder-small@8d7bca4dea2e340144c93745d61646c84d35ffdb,ds003604,81000,,Gram,ses-7,60,0.0180658374457001,0.0030031365758561,0.0121496073302609,,
pico-decoder-small,pico-lm/pico-decoder-small@063ab25b24aefd512a554e49853ed6fc32ee9c1b,ds003604,82000,,Gram,ses-7,60,0.0115867698451233,0.0007145000519291,0.0080450188909435,,
pico-decoder-small,pico-lm/pico-decoder-small@d63e823855aefabdb4d0fb89c6cb30f1917edff8,ds003604,83000,,Gram,ses-7,60,0.0137405707426198,-0.0026173852289622,0.0091845435992756,,
pico-decoder-small,pico-lm/pico-decoder-small@aac007e3728b91b2460f8be94a5ef79547dc60b8,ds003604,84000,,Gram,ses-7,60,0.0163156828358264,0.004646574838736,0.0108325109465272,,
pico-decoder-small,pico-lm/pico-decoder-small@804cfb5f121020ed666ca55376b9e9f358701d23,ds003604,85000,,Gram,ses-7,60,0.0174248607483226,-0.0005244221376951,0.0114814779328868,,
pico-decoder-small,pico-lm/pico-decoder-small@938244e11e03da85918d38722414505f45c1ceda,ds003604,86000,,Gram,ses-7,60,0.0170904739710917,0.0001163635508818,0.0112975187871471,,
pico-decoder-small,pico-lm/pico-decoder-small@9bd6535d2bbcd3e8e0be555350c1a9abcfa9ef20,ds003604,87000,,Gram,ses-7,60,0.019323183751167,-0.008318614588008,0.0129518736047369,,
pico-decoder-small,pico-lm/pico-decoder-small@5e4f19facb03a2fb589181b485fc44570680d8b4,ds003604,88000,,Gram,ses-7,60,0.0275660998901212,0.0048309572254185,0.0182202591396716,,
pico-decoder-small,pico-lm/pico-decoder-small@48b3ab14f90bae2930c79eefee13f8548f7a3ac0,ds003604,89000,,Gram,ses-7,60,0.0115136886726362,0.0013450575211437,0.0076004509554058,,
pico-decoder-small,pico-lm/pico-decoder-small@a7e691278d2179f7a23f55c82de28f96b4acd2e4,ds003604,90000,,Gram,ses-7,60,0.0207080147314253,0.0005923645462006,0.0137822447487009,,
pico-decoder-small,pico-lm/pico-decoder-small@c025f14d64c01b36a07900656ded25b50f8caafd,ds003604,91000,,Gram,ses-7,60,0.0126009320624849,-0.0004212154710028,0.0082174805900745,,
pico-decoder-small,pico-lm/pico-decoder-small@b3b967e1f18d21573f4a6146c441a2825a5a8f83,ds003604,92000,,Gram,ses-7,60,0.0106599864907707,0.0023073355676641,0.007420324291869,,
pico-decoder-small,pico-lm/pico-decoder-small@41ae4009882dd5c1963328961a9ed1964aab8606,ds003604,93000,,Gram,ses-7,60,0.0112367566681254,-0.0048579252455606,0.0077128704333579,,
pico-decoder-small,pico-lm/pico-decoder-small@bfda4783bf178eae55bcebd43810ed9180cbdc63,ds003604,94000,,Gram,ses-7,60,0.0195568807687033,0.0133087507398487,0.0132214248530083,,
pico-decoder-small,pico-lm/pico-decoder-small@94177e145ce01fae74b87897c8260f2f6fe1deb0,ds003604,95000,,Gram,ses-7,60,0.0196799248712303,0.0153596311817688,0.0130885654699741,,
pico-decoder-small,pico-lm/pico-decoder-small@938d2d29f7aba65159e5bdc0ccfbefdc61757005,ds003604,96000,,Gram,ses-7,60,0.022586807439588,0.0105550850790672,0.0151747132824251,,
pico-decoder-small,pico-lm/pico-decoder-small@57a25f8bc299440e75e421522b5461ef9addc60f,ds003604,97000,,Gram,ses-7,60,0.0186137265911632,0.0005875963718648,0.0122965191480392,,
pico-decoder-small,pico-lm/pico-decoder-small@2b2b81f5b793cfe7595f1880023e3199b0ca4d01,ds003604,98000,,Gram,ses-7,60,0.0186436744856895,0.0003482971137125,0.0125788453369869,,
pico-decoder-small,pico-lm/pico-decoder-small@a014170484f226c32a449440e37684a5138bffea,ds003604,99000,,Gram,ses-7,60,0.027797976965516,0.0066230896508845,0.0184131607438847,,
pico-decoder-small,pico-lm/pico-decoder-small@912032713d1ca4f482ce957408afca3e5a267267,ds003604,100000,,Gram,ses-7,60,0.0174694720530166,-5.589784426491412e-05,0.0116373322091385,,
pico-decoder-small,pico-lm/pico-decoder-small@0405a0c52b2083efba346cb0195a2684e628b1af,ds003604,101000,,Gram,ses-7,60,0.0170967712738644,0.0032057670160108,0.0111058946770015,,
pico-decoder-small,pico-lm/pico-decoder-small@a29b66f6847b3a1ec6358c6bdf5686f8db25e228,ds003604,102000,,Gram,ses-7,60,0.011880358323669,-0.0043636257209142,0.0079555943062089,,
pico-decoder-small,pico-lm/pico-decoder-small@b6e1c3f17ee3de24e5563176b76cde040230086b,ds003604,103000,,Gram,ses-7,60,0.011597358402672,0.0025562611515175,0.0077626927019957,,
pico-decoder-small,pico-lm/pico-decoder-small@fd779f78578d7ce2eb7316f95b1536f35f90d660,ds003604,104000,,Gram,ses-7,60,0.0079846607226151,0.001830471160665,0.0055539054590515,,
pico-decoder-small,pico-lm/pico-decoder-small@2a9ae447eace88eb5c4be50d7b3c867cbd1a9a7e,ds003604,105000,,Gram,ses-7,60,0.0052584955956832,0.0044993005087355,0.0038433409024856,,
pico-decoder-small,pico-lm/pico-decoder-small@36d78ffabfbf506523a459e2116bbc012c1adab7,ds003604,106000,,Gram,ses-7,60,0.0177129807443575,0.0072138695298345,0.0119541507379125,,
pico-decoder-small,pico-lm/pico-decoder-small@3f9b3375f2ae4b81043ba582d1b2ec8bc15a04e1,ds003604,107000,,Gram,ses-7,60,0.0152031939703261,0.005567349343828,0.0101873764423706,,
pico-decoder-small,pico-lm/pico-decoder-small@00c972e3e00659382b3fe4f9d9f634ebbd9833c1,ds003604,108000,,Gram,ses-7,60,0.0186532481171213,-0.0016996457348658,0.012476645811576,,
pico-decoder-small,pico-lm/pico-decoder-small@076cdde7affce35bd2bad3498e51f33f575aaddb,ds003604,109000,,Gram,ses-7,60,0.0128274272162317,-0.000646165126215,0.0086288336798536,,
pico-decoder-small,pico-lm/pico-decoder-small@1f7f52ddf73285dd5484e753c1740cc68df81b76,ds003604,110000,,Gram,ses-7,60,0.0114875364719461,-0.0036162433453223,0.0075812885443913,,
pico-decoder-small,pico-lm/pico-decoder-small@a801b2ab639f60dbd4ebfe264aab726255eb2877,ds003604,111000,,Gram,ses-7,60,0.0142279689930982,0.0005825164317151,0.0093059055357011,,
pico-decoder-small,pico-lm/pico-decoder-small@197b11d764b16772e54f2cbbfab17581cbdb9b59,ds003604,112000,,Gram,ses-7,60,0.017241799671535,0.0048465941522521,0.0115172477667806,,
pico-decoder-small,pico-lm/pico-decoder-small@0ff198943f69ee08bd0b54c8ab55d364ce931a26,ds003604,113000,,Gram,ses-7,60,0.0096569646564585,-0.0045819679819911,0.0061977624691405,,
pico-decoder-small,pico-lm/pico-decoder-small@fe2f1951a2f9a01d14429415f467c91c8a765024,ds003604,114000,,Gram,ses-7,60,0.0080473307873222,-0.001385591854612,0.0054453184633023,,
pico-decoder-small,pico-lm/pico-decoder-small@dde9b48ac9a426d9bc86b1fc423b8241736f6ea3,ds003604,115000,,Gram,ses-7,60,0.0171655070910361,0.0033555982754063,0.0111812668269921,,
pico-decoder-small,pico-lm/pico-decoder-small@eb892260583a7bfbf95a1aecbf60ebc4ee0b8fe2,ds003604,116000,,Gram,ses-7,60,0.0202087489866495,-0.0022904794670508,0.0133363993190956,,
pico-decoder-small,pico-lm/pico-decoder-small@62d95f269e32053c9fc3638cfe64f8b2f7b23654,ds003604,117000,,Gram,ses-7,60,0.0108177934358203,-0.0045197853034308,0.0072274226876558,,
pico-decoder-small,pico-lm/pico-decoder-small@31ddb818fbb16fbd1caf8ec968855022dd6afc74,ds003604,118000,,Gram,ses-7,60,0.0125751217772031,0.0014224395421326,0.0086441636086652,,
pico-decoder-small,pico-lm/pico-decoder-small@82d2ace20cd9a6db92a58205d7a22f5f6173e7b8,ds003604,119000,,Gram,ses-7,60,0.0126518341778869,-0.0049013110272636,0.0084908643205488,,
pico-decoder-small,pico-lm/pico-decoder-small@8e25d91566448034f3bb0406ab0045355c528ae7,ds003604,120000,,Gram,ses-7,60,0.0061377462162204,-0.0064328861315417,0.0040950072338101,,
pico-decoder-small,pico-lm/pico-decoder-small@8a2f1db72ebb1ce87faaf75ea1db7910f308be65,ds003604,121000,,Gram,ses-7,60,0.0039160166815983,-0.0001780445771252,0.0027485284865208,,
pico-decoder-small,pico-lm/pico-decoder-small@e197ddf7837d73cb367f53e1dd174a4745892831,ds003604,122000,,Gram,ses-7,60,0.0050899702517905,-0.0077239339114957,0.0034639251643975,,
pico-decoder-small,pico-lm/pico-decoder-small@51a1f29ffaf81f8b5d071b1858b6ac094aca1b30,ds003604,123000,,Gram,ses-7,60,0.0140581798606079,-0.0102657563834456,0.0092305333857105,,
pico-decoder-small,pico-lm/pico-decoder-small@c2d4754b377c202474754e86b41f1321342ad24a,ds003604,124000,,Gram,ses-7,60,0.0066962801837931,-0.0106989510383465,0.0046788220227202,,
pico-decoder-small,pico-lm/pico-decoder-small@ef21ca419b33425716396ead8c1e60e01f301271,ds003604,125000,,Gram,ses-7,60,0.0045488090493928,-0.0133144296177811,0.0030896194025798,,
pico-decoder-small,pico-lm/pico-decoder-small@a8294defc7001e32644ce53dbcb87ef35587ff22,ds003604,0,,Gram,ses-9,60,-0.0296876006016434,-0.0273675749774156,-0.0196880998233864,,
pico-decoder-small,pico-lm/pico-decoder-small@5e3d06988f3cc3adbf36b55cd8b1ddb3ae9f9bde,ds003604,1000,,Gram,ses-9,60,-0.0360041739864471,-0.0440034146963583,-0.0243036858897586,,
pico-decoder-small,pico-lm/pico-decoder-small@9f1ca389bbb1cc08b42a32bfe58fb818b24b3490,ds003604,2000,,Gram,ses-9,60,-0.0078332484613089,-0.0170381019888252,-0.005157882298084,,
pico-decoder-small,pico-lm/pico-decoder-small@f2269f20ce160cf71bea0a02ccf685e126dd2dc1,ds003604,3000,,Gram,ses-9,60,-0.0182399589493764,-0.0140216658646826,-0.0122556393378748,,
pico-decoder-small,pico-lm/pico-decoder-small@10da1c98e1cd32fc61ab4ced31075c08cf699861,ds003604,4000,,Gram,ses-9,60,-0.0371822630018622,-0.0164198971864922,-0.0243496756761935,,
pico-decoder-small,pico-lm/pico-decoder-small@be2865b50166a683e659f4a1f99e058c77288911,ds003604,5000,,Gram,ses-9,60,-0.0399742533369523,-0.0116939001361995,-0.0262723042479871,,
pico-decoder-small,pico-lm/pico-decoder-small@496ea4785860af671e895085f1bcdc3bff2f9d97,ds003604,6000,,Gram,ses-9,60,-0.0547270072992068,-0.0010760338590535,-0.0363300150424926,,
pico-decoder-small,pico-lm/pico-decoder-small@c5bddf28e9cfbede4fe480513c4a3487279f7d47,ds003604,7000,,Gram,ses-9,60,-0.0593745314386105,-0.0215360692406902,-0.0393027437378837,,
pico-decoder-small,pico-lm/pico-decoder-small@9fe9969ca88ccf3b71599f85000ce082bf854421,ds003604,8000,,Gram,ses-9,60,-0.0701664074700813,-0.0262608608384406,-0.0465678525005349,,
pico-decoder-small,pico-lm/pico-decoder-small@8335f55c1bf51378b17a73d527c39899546e2d5b,ds003604,9000,,Gram,ses-9,60,-0.0567812913367005,-0.0117864054173808,-0.0378515104770482,,
pico-decoder-small,pico-lm/pico-decoder-small@8ce4e4fa15c0cec038fcb9f29d30cc50bac60a3d,ds003604,10000,,Gram,ses-9,60,-0.0434544328280427,0.0043470170884159,-0.0286050084154921,,
pico-decoder-small,pico-lm/pico-decoder-small@3261da23d1d8811f9a32b69d6d6b9a17ca82fcd0,ds003604,11000,,Gram,ses-9,60,-0.0607873800061535,-0.0272864354110202,-0.0404959231970566,,
pico-decoder-small,pico-lm/pico-decoder-small@a6a20b8103a7cdacefa2bb78dee23c516ad6e78e,ds003604,12000,,Gram,ses-9,60,-0.036921569815223,-0.0068788557928347,-0.0244161053677107,,
pico-decoder-small,pico-lm/pico-decoder-small@c2395fd6ba7da947893c62b8169b47a83345153b,ds003604,13000,,Gram,ses-9,60,-0.0327156662139768,-0.0092428058628537,-0.0214293242375755,,
pico-decoder-small,pico-lm/pico-decoder-small@6dc7fa92550aabc62d659674176bda49750efe64,ds003604,14000,,Gram,ses-9,60,-0.0307452423404172,-0.0040257043546061,-0.019935933672508,,
pico-decoder-small,pico-lm/pico-decoder-small@d1c60a45e64f88520c2cd94890471321a15410bf,ds003604,15000,,Gram,ses-9,60,-0.0252257430209993,0.0138163544596804,-0.0168188481474739,,
pico-decoder-small,pico-lm/pico-decoder-small@cbb63c23390c0d43e0d6dfaa0c69aed19778fa74,ds003604,16000,,Gram,ses-9,60,-0.028451582892784,0.0077285591081209,-0.01878874399977,,
pico-decoder-small,pico-lm/pico-decoder-small@a4f386c7a4155bfab638b897e60bc656a82e6a4f,ds003604,17000,,Gram,ses-9,60,-0.0546937051712449,-0.0236174375436661,-0.0363095751374104,,
pico-decoder-small,pico-lm/pico-decoder-small@9b68d0ee8ceef680cc668de7d4560f7d8d311e42,ds003604,18000,,Gram,ses-9,60,-0.0600357222614863,-0.0053033686985242,-0.0397077093573246,,
pico-decoder-small,pico-lm/pico-decoder-small@a161849d9bc2ecbb0bc6095f0fe9fa54a03b14ce,ds003604,19000,,Gram,ses-9,60,-0.0455352218017426,-0.0049717383899789,-0.0297611405467035,,
pico-decoder-small,pico-lm/pico-decoder-small@082423f29dc36ca1b544cb85c655531783bb8985,ds003604,20000,,Gram,ses-9,60,-0.0491297698328803,-0.0046817798703313,-0.0320440224455707,,
pico-decoder-small,pico-lm/pico-decoder-small@62236c27ddef441fc85ceabb80793b680397d2f4,ds003604,21000,,Gram,ses-9,60,-0.0344376279508185,0.0005405149070003,-0.0223312350493272,,
pico-decoder-small,pico-lm/pico-decoder-small@457283267b592ffd80ca1a4ede807a4a5606a7f4,ds003604,22000,,Gram,ses-9,60,-0.0355695324178573,-0.0185136232022883,-0.0233187379636105,,
pico-decoder-small,pico-lm/pico-decoder-small@542883f65bdcba033a9c80f753fdd6f6829cb7e7,ds003604,23000,,Gram,ses-9,60,-0.0686930636795104,-0.0369321121656524,-0.0454423802269468,,
pico-decoder-small,pico-lm/pico-decoder-small@bbc3997ae0773f6e0f145401283a22dced84175c,ds003604,24000,,Gram,ses-9,60,-0.0469466572631994,0.0074079420911288,-0.0310961218473841,,
pico-decoder-small,pico-lm/pico-decoder-small@8316a2db89b6a337de59490bec6e6ed79275e85f,ds003604,25000,,Gram,ses-9,60,-0.0452946085712642,-0.0143663881521224,-0.0298888899534672,,
pico-decoder-small,pico-lm/pico-decoder-small@b2ff4ecd5fdb6684736075b48a28007f425925d5,ds003604,26000,,Gram,ses-9,60,-0.0421021032877649,-0.0113094643854477,-0.0283035198155298,,
pico-decoder-small,pico-lm/pico-decoder-small@d0bf4c35052d4efe8b11ad72cf76ba92d8837271,ds003604,27000,,Gram,ses-9,60,-0.0266323115979421,0.0083242457905049,-0.0175981195287324,,
pico-decoder-small,pico-lm/pico-decoder-small@c5fe4eaa6e28635b04a285d9d63224a7013711d4,ds003604,28000,,Gram,ses-9,60,-0.0321468055354654,0.0043754499223231,-0.0206411103978435,,
pico-decoder-small,pico-lm/pico-decoder-small@574194afaad5aebab0de6f7ec3ebd45241ba9f36,ds003604,29000,,Gram,ses-9,60,-0.0528711380715498,-0.0155231901307352,-0.0353374021519387,,
pico-decoder-small,pico-lm/pico-decoder-small@4e76d0f5009af59c7519cc564d83ccb252becc09,ds003604,30000,,Gram,ses-9,60,-0.0409819364737293,0.0056626229962764,-0.0275101959995273,,
pico-decoder-small,pico-lm/pico-decoder-small@63e4f365e97340e8419c8d14c3479eab48b41672,ds003604,31000,,Gram,ses-9,60,-0.0393737092186145,-0.0106177579891215,-0.0264856457572825,,
pico-decoder-small,pico-lm/pico-decoder-small@8c1e326d52a990b3ef622fa0187927b4c3c8b198,ds003604,32000,,Gram,ses-9,60,-0.0379449983729533,-0.0031372245796642,-0.025160884409143,,
pico-decoder-small,pico-lm/pico-decoder-small@5087b4b665fc374f51db109f5832fccfa45038ed,ds003604,33000,,Gram,ses-9,60,-0.0180388477686619,0.0188369780476775,-0.0119107159396128,,
pico-decoder-small,pico-lm/pico-decoder-small@1b37af2dca833f47e09a88bc07d1b193eb75b975,ds003604,34000,,Gram,ses-9,60,-0.0415425825263557,-0.0086816645304598,-0.0274450438020778,,
pico-decoder-small,pico-lm/pico-decoder-small@f84a2138adf461f090569b0490e077e154d5692a,ds003604,35000,,Gram,ses-9,60,-0.0304688946217306,0.0056547582026166,-0.0200419656801218,,
pico-decoder-small,pico-lm/pico-decoder-small@a5edb37d58f3dac4abc7615fe9f16119c9719363,ds003604,36000,,Gram,ses-9,60,-0.0391614273585485,-0.000536112418128,-0.0266644949267516,,
pico-decoder-small,pico-lm/pico-decoder-small@ad19a8ed94822569698ab34f7cbdb71a73e75edb,ds003604,37000,,Gram,ses-9,60,-0.01568944312535,0.007381887184657,-0.0105476297694442,,
pico-decoder-small,pico-lm/pico-decoder-small@6ffc4bc90cff1f5d9492cc62aa823b2f31820dec,ds003604,38000,,Gram,ses-9,60,-0.0104240237426492,0.0131793217673579,-0.0071277781503802,,
pico-decoder-small,pico-lm/pico-decoder-small@2be3f69fedc1c81a1c9dee69aecdfbb30a7ed07b,ds003604,39000,,Gram,ses-9,60,-0.0191532561212961,-0.00620032896266,-0.0129748684979544,,
pico-decoder-small,pico-lm/pico-decoder-small@89ce452106683eb2c3d635f0b06d00b4836a270d,ds003604,40000,,Gram,ses-9,60,-0.0340894606842211,-0.0058540292403535,-0.0228294577357056,,
pico-decoder-small,pico-lm/pico-decoder-small@fb21f9a6029769e4fde8c343509be2fc23d627f8,ds003604,41000,,Gram,ses-9,60,-0.0107427105433798,0.0173899513010572,-0.0072695799918879,,
pico-decoder-small,pico-lm/pico-decoder-small@3b04367b1f9f520d1eb5dc4b1d62222a11574175,ds003604,42000,,Gram,ses-9,60,-0.0157599642603181,0.0087501081048552,-0.0103815555406514,,
pico-decoder-small,pico-lm/pico-decoder-small@a8fcdde6a31d48184ff170362f4802ba6f7c825b,ds003604,43000,,Gram,ses-9,60,-0.0243511147505385,0.0081201915518365,-0.0160497967187564,,
pico-decoder-small,pico-lm/pico-decoder-small@42a2d16068cea73c52aa94a34fd039b076c656d2,ds003604,44000,,Gram,ses-9,60,-0.0115184019116187,0.0164538423963356,-0.0076681581409906,,
pico-decoder-small,pico-lm/pico-decoder-small@9b211dca4e657296153efe83773900826fe138d5,ds003604,45000,,Gram,ses-9,60,-0.0177994810146086,0.0081782076259282,-0.0117816890387815,,
pico-decoder-small,pico-lm/pico-decoder-small@8866040c1a6ead0d48bd6a4f6ff9046c778670fa,ds003604,46000,,Gram,ses-9,60,0.0003711762259551,0.011400200662947,7.473340295676003e-05,,
pico-decoder-small,pico-lm/pico-decoder-small@2c39df607c549d2902ed46ce83a2e6630df09d90,ds003604,47000,,Gram,ses-9,60,-0.0063616337239736,0.0117864460105166,-0.004201039241424,,
pico-decoder-small,pico-lm/pico-decoder-small@e2f848f2a712b27ddfebe48ddc4dd6258de6df59,ds003604,48000,,Gram,ses-9,60,-0.0045994298419905,0.012323382442168,-0.0027140361466946,,
pico-decoder-small,pico-lm/pico-decoder-small@fa46e0b2c4bcc53653b39cd684396f35c777aead,ds003604,49000,,Gram,ses-9,60,-0.005350232798137,0.01018648850482,-0.0033745005796629,,
pico-decoder-small,pico-lm/pico-decoder-small@1c1daa1853e150e7a21ae4af47574da037fbb206,ds003604,50000,,Gram,ses-9,60,-0.0169679146093967,0.0025766575222588,-0.010900218132112,,
pico-decoder-small,pico-lm/pico-decoder-small@7aa7c5e89a41da940802066eaa61d34d72089434,ds003604,51000,,Gram,ses-9,60,-0.0155853125713569,6.793988450007338e-06,-0.0102768010271052,,
pico-decoder-small,pico-lm/pico-decoder-small@9213448a01fde86281f3df23d6846b5c31f86998,ds003604,52000,,Gram,ses-9,60,-0.0206304864946091,-0.0126054136325737,-0.0134628712317917,,
pico-decoder-small,pico-lm/pico-decoder-small@41f9cd78186e1fbaf4b6b2164f52331d4ef4c15e,ds003604,53000,,Gram,ses-9,60,-0.0223323899155058,-0.0096394136584589,-0.0145372437426743,,
pico-decoder-small,pico-lm/pico-decoder-small@f4454c4dd5fa26693e9755fbac1a1f6aa12f6c37,ds003604,54000,,Gram,ses-9,60,-0.0210749440650466,-0.0117852853659057,-0.0137413649385365,,
pico-decoder-small,pico-lm/pico-decoder-small@497f4bdf16cbdcb120415cd944d84b34d1fef37a,ds003604,55000,,Gram,ses-9,60,-0.0190571389391818,-0.0212330596649298,-0.0127513070361179,,
pico-decoder-small,pico-lm/pico-decoder-small@79119d3d39e86e4f4fdd14e0de769ebbba87b4c1,ds003604,56000,,Gram,ses-9,60,-0.0117060334019651,-0.0108392592331476,-0.0078546722748656,,
pico-decoder-small,pico-lm/pico-decoder-small@1e0aa9e9184e67611fe6a3fe7e0d301e199367b4,ds003604,57000,,Gram,ses-9,60,-0.016358372489365,-0.0118789307543907,-0.0108503958634742,,
pico-decoder-small,pico-lm/pico-decoder-small@12cffd4abfebe78cd4df44f368d49ae2aec28999,ds003604,58000,,Gram,ses-9,60,-0.0171916895880282,-0.0072733325306698,-0.0112528064947798,,
pico-decoder-small,pico-lm/pico-decoder-small@88752c656e1478698735820b50bc1648b43897bc,ds003604,59000,,Gram,ses-9,60,-0.009844857993415,-0.0032766253316059,-0.0064047165080977,,
pico-decoder-small,pico-lm/pico-decoder-small@ef0c2a9858930c1b946d7fd3ec94d87a30fb6316,ds003604,60000,,Gram,ses-9,60,-0.0182559359206378,-0.001013657662677,-0.0118021289438637,,
pico-decoder-small,pico-lm/pico-decoder-small@2adfdbab6dd63824aeb0c5b7f40693509b21f72e,ds003604,61000,,Gram,ses-9,60,-0.0246633960474178,-0.0129220610618093,-0.0162069284890758,,
pico-decoder-small,pico-lm/pico-decoder-small@8f2f5e9d39b7ef2738d2ddfa5002e690090afb1b,ds003604,62000,,Gram,ses-9,60,-0.0133921914019084,0.0009869726354016,-0.0090312443111592,,
pico-decoder-small,pico-lm/pico-decoder-small@27a605b8a3168bf13fde7e4903edf05011890db5,ds003604,63000,,Gram,ses-9,60,-0.0257517365962032,-0.0096147553635236,-0.0165237470178497,,
pico-decoder-small,pico-lm/pico-decoder-small@64faca95211d12573bc85e90ab9b9346d61f571c,ds003604,64000,,Gram,ses-9,60,-0.0205300650735893,-0.010450153594701,-0.0132980744970665,,
pico-decoder-small,pico-lm/pico-decoder-small@04de7a38c9b974bc56e59c77ce6289b59ac333a3,ds003604,65000,,Gram,ses-9,60,-0.0223711929863022,-0.0056695037258729,-0.0149332669036418,,
pico-decoder-small,pico-lm/pico-decoder-small@0a060522b26b84154fe744cff68debc60a62771b,ds003604,66000,,Gram,ses-9,60,-0.0181043288973902,-0.0106590003156145,-0.0121751572116136,,
pico-decoder-small,pico-lm/pico-decoder-small@96a66aee1fd9e46f20ddd7b0e811fbcd6761cd3b,ds003604,67000,,Gram,ses-9,60,-0.0120359644587805,-0.0004029202380384,-0.0074931414537243,,
pico-decoder-small,pico-lm/pico-decoder-small@e7396619711d862dc1bed1a5f5797fb2b5cc9768,ds003604,68000,,Gram,ses-9,60,-0.0204559083823813,-0.0094316938412183,-0.0133006294852018,,
pico-decoder-small,pico-lm/pico-decoder-small@ba3a7a617ab159a7fcbc81cd6ffb20319f00199a,ds003604,69000,,Gram,ses-9,60,-0.0125030793350703,-0.0083066599659126,-0.0084320995934375,,
pico-decoder-small,pico-lm/pico-decoder-small@63bfd31a42bdd16864908136aa5cce931810bb58,ds003604,70000,,Gram,ses-9,60,-0.0131034611517904,-0.0019619390385089,-0.0088294002484725,,
pico-decoder-small,pico-lm/pico-decoder-small@5e0a9fbd93f2dbafe06c6cb20fa5521f766270e0,ds003604,71000,,Gram,ses-9,60,-0.0182623544086185,-0.0077482096825437,-0.0122645817963482,,
pico-decoder-small,pico-lm/pico-decoder-small@4b4e4304ce873cafd39ac997ad47e16ec2d5d76d,ds003604,72000,,Gram,ses-9,60,-0.0292290768909919,-0.0166099362421518,-0.0193291239903804,,
pico-decoder-small,pico-lm/pico-decoder-small@f2bf3399e04924384ec7ea3acb5440318247824d,ds003604,73000,,Gram,ses-9,60,-0.0113337481149546,-0.0079877784381445,-0.0076732681172611,,
pico-decoder-small,pico-lm/pico-decoder-small@81c21ab4b67c2a986c2c4a8771db3b328075f9ca,ds003604,74000,,Gram,ses-9,60,-0.0185965031434766,-0.0028163863346933,-0.0127283121429004,,
pico-decoder-small,pico-lm/pico-decoder-small@67737816c3793c77c33cd993cb625dfe02f5dba2,ds003604,75000,,Gram,ses-9,60,-0.0144304175391438,-0.0036026394801861,-0.0099510400398578,,
pico-decoder-small,pico-lm/pico-decoder-small@cd3c66fe9f41cb98971992c1c48e0000704daae7,ds003604,76000,,Gram,ses-9,60,-0.0110728233780072,-0.007477126824545,-0.0077167029155608,,
pico-decoder-small,pico-lm/pico-decoder-small@8bc1f96e0ab394e6d9396f9105337a8ee9281b02,ds003604,77000,,Gram,ses-9,60,-0.0210171668531124,-0.0059537833114994,-0.0141182256884894,,
pico-decoder-small,pico-lm/pico-decoder-small@54681b82e00ed8da204a8f5e199732edcd50c540,ds003604,78000,,Gram,ses-9,60,-0.008249632179901,-0.0063954658022575,-0.0055986177514188,,
pico-decoder-small,pico-lm/pico-decoder-small@9f79f048c9629723d93a9c6d020fad45ecd81ebb,ds003604,79000,,Gram,ses-9,60,-0.0077959017770301,-0.0069713904277273,-0.0055947852692159,,
pico-decoder-small,pico-lm/pico-decoder-small@a8eea15ae0deddaf3beced3d114c9bc8ed9a25e5,ds003604,80000,,Gram,ses-9,60,-0.0110276948721577,0.0012867768780419,-0.0075582936511738,,
pico-decoder-small,pico-lm/pico-decoder-small@8d7bca4dea2e340144c93745d61646c84d35ffdb,ds003604,81000,,Gram,ses-9,60,-0.0108661484978327,-0.0002107950678249,-0.0074497066554247,,
pico-decoder-small,pico-lm/pico-decoder-small@063ab25b24aefd512a554e49853ed6fc32ee9c1b,ds003604,82000,,Gram,ses-9,60,-0.0156107095285186,-0.0022941911471521,-0.0102895759677815,,
pico-decoder-small,pico-lm/pico-decoder-small@d63e823855aefabdb4d0fb89c6cb30f1917edff8,ds003604,83000,,Gram,ses-9,60,-0.0131360231843749,-0.007250203992924,-0.0088817775052457,,
pico-decoder-small,pico-lm/pico-decoder-small@aac007e3728b91b2460f8be94a5ef79547dc60b8,ds003604,84000,,Gram,ses-9,60,-0.0173000551322365,0.0014900003670632,-0.0115619600591479,,
pico-decoder-small,pico-lm/pico-decoder-small@804cfb5f121020ed666ca55376b9e9f358701d23,ds003604,85000,,Gram,ses-9,60,-0.0148678506955606,-0.0043073030670879,-0.0101056168220418,,
pico-decoder-small,pico-lm/pico-decoder-small@938244e11e03da85918d38722414505f45c1ceda,ds003604,86000,,Gram,ses-9,60,-0.0159050857109163,-0.0013820039058364,-0.0108235684880538,,
pico-decoder-small,pico-lm/pico-decoder-small@9bd6535d2bbcd3e8e0be555350c1a9abcfa9ef20,ds003604,87000,,Gram,ses-9,60,-0.0193673535954604,-0.008846590650944,-0.01286372651407,,
pico-decoder-small,pico-lm/pico-decoder-small@5e4f19facb03a2fb589181b485fc44570680d8b4,ds003604,88000,,Gram,ses-9,60,-0.0111346992467976,0.002155651731682,-0.0071942078418973,,
pico-decoder-small,pico-lm/pico-decoder-small@48b3ab14f90bae2930c79eefee13f8548f7a3ac0,ds003604,89000,,Gram,ses-9,60,-0.0083095344610183,-0.0001805522080146,-0.0055781778463366,,
pico-decoder-small,pico-lm/pico-decoder-small@a7e691278d2179f7a23f55c82de28f96b4acd2e4,ds003604,90000,,Gram,ses-9,60,-0.0116195742481238,-0.0040787812354765,-0.0076055609316764,,
pico-decoder-small,pico-lm/pico-decoder-small@c025f14d64c01b36a07900656ded25b50f8caafd,ds003604,91000,,Gram,ses-9,60,-0.0128079012495931,-0.0059451378221215,-0.0083720573722585,,
pico-decoder-small,pico-lm/pico-decoder-small@b3b967e1f18d21573f4a6146c441a2825a5a8f83,ds003604,92000,,Gram,ses-9,60,-0.0188615330293449,-0.0030249521696319,-0.0121381098836522,,
pico-decoder-small,pico-lm/pico-decoder-small@41ae4009882dd5c1963328961a9ed1964aab8606,ds003604,93000,,Gram,ses-9,60,-0.0115950645398063,-0.0078129038272514,-0.0077550277375899,,
pico-decoder-small,pico-lm/pico-decoder-small@bfda4783bf178eae55bcebd43810ed9180cbdc63,ds003604,94000,,Gram,ses-9,60,-0.0044937130601855,0.011335686500278,-0.0027932407788881,,
pico-decoder-small,pico-lm/pico-decoder-small@94177e145ce01fae74b87897c8260f2f6fe1deb0,ds003604,95000,,Gram,ses-9,60,-0.0027353394963838,0.0123502402488977,-0.0015821764027683,,
pico-decoder-small,pico-lm/pico-decoder-small@938d2d29f7aba65159e5bdc0ccfbefdc61757005,ds003604,96000,,Gram,ses-9,60,-0.0018921176709884,0.0072454614184915,-0.0009600367918291,,
pico-decoder-small,pico-lm/pico-decoder-small@57a25f8bc299440e75e421522b5461ef9addc60f,ds003604,97000,,Gram,ses-9,60,-0.0127810890223237,-0.0028821357406523,-0.0079900866460351,,
pico-decoder-small,pico-lm/pico-decoder-small@2b2b81f5b793cfe7595f1880023e3199b0ca4d01,ds003604,98000,,Gram,ses-9,60,-0.0040740962933659,-0.0029127739541295,-0.0023857201713119,,
pico-decoder-small,pico-lm/pico-decoder-small@a014170484f226c32a449440e37684a5138bffea,ds003604,99000,,Gram,ses-9,60,-0.015611495068349,0.0026530382240223,-0.0099983073203603,,
pico-decoder-small,pico-lm/pico-decoder-small@912032713d1ca4f482ce957408afca3e5a267267,ds003604,100000,,Gram,ses-9,60,-0.0121437413891214,-0.0043007937646829,-0.0079057720375711,,
pico-decoder-small,pico-lm/pico-decoder-small@0405a0c52b2083efba346cb0195a2684e628b1af,ds003604,101000,,Gram,ses-9,60,-0.0152215730055318,-0.0022824356387998,-0.0100519620712011,,
pico-decoder-small,pico-lm/pico-decoder-small@a29b66f6847b3a1ec6358c6bdf5686f8db25e228,ds003604,102000,,Gram,ses-9,60,-0.0123948631083504,-0.0082352188839364,-0.0080565163375522,,
pico-decoder-small,pico-lm/pico-decoder-small@b6e1c3f17ee3de24e5563176b76cde040230086b,ds003604,103000,,Gram,ses-9,60,-0.0159758513803219,-0.0016431171961498,-0.0104799225838595,,
pico-decoder-small,pico-lm/pico-decoder-small@fd779f78578d7ce2eb7316f95b1536f35f90d660,ds003604,104000,,Gram,ses-9,60,-0.0199598215852939,-0.0005111936870453,-0.0129595385691427,,
pico-decoder-small,pico-lm/pico-decoder-small@2a9ae447eace88eb5c4be50d7b3c867cbd1a9a7e,ds003604,105000,,Gram,ses-9,60,-0.017329552910276,0.0007813492469803,-0.011259193965118,,
pico-decoder-small,pico-lm/pico-decoder-small@36d78ffabfbf506523a459e2116bbc012c1adab7,ds003604,106000,,Gram,ses-9,60,-0.0077148959575487,0.0038269430935326,-0.0049675356820061,,
pico-decoder-small,pico-lm/pico-decoder-small@3f9b3375f2ae4b81043ba582d1b2ec8bc15a04e1,ds003604,107000,,Gram,ses-9,60,-0.0106111272117321,0.0038886072488531,-0.007061348458863,,
pico-decoder-small,pico-lm/pico-decoder-small@00c972e3e00659382b3fe4f9d9f634ebbd9833c1,ds003604,108000,,Gram,ses-9,60,-0.0156033302149602,-0.0057650168289518,-0.0104518177143714,,
pico-decoder-small,pico-lm/pico-decoder-small@076cdde7affce35bd2bad3498e51f33f575aaddb,ds003604,109000,,Gram,ses-9,60,-0.0077436558042323,-0.0042939896778896,-0.0050684577133494,,
pico-decoder-small,pico-lm/pico-decoder-small@1f7f52ddf73285dd5484e753c1740cc68df81b76,ds003604,110000,,Gram,ses-9,60,-0.016578449155131,-0.0074118773697164,-0.0111084496651368,,
pico-decoder-small,pico-lm/pico-decoder-small@a801b2ab639f60dbd4ebfe264aab726255eb2877,ds003604,111000,,Gram,ses-9,60,-0.009523749652546,-0.0033624264171553,-0.0064200464369093,,
pico-decoder-small,pico-lm/pico-decoder-small@197b11d764b16772e54f2cbbfab17581cbdb9b59,ds003604,112000,,Gram,ses-9,60,-0.007113007981815,0.0002664734677773,-0.0047120368684787,,
pico-decoder-small,pico-lm/pico-decoder-small@0ff198943f69ee08bd0b54c8ab55d364ce931a26,ds003604,113000,,Gram,ses-9,60,-0.010234851468944,-0.0085252548762705,-0.0068582269021088,,
pico-decoder-small,pico-lm/pico-decoder-small@fe2f1951a2f9a01d14429415f467c91c8a765024,ds003604,114000,,Gram,ses-9,60,-0.0183656799465871,-0.0046009528066807,-0.0120512402870529,,
pico-decoder-small,pico-lm/pico-decoder-small@dde9b48ac9a426d9bc86b1fc423b8241736f6ea3,ds003604,115000,,Gram,ses-9,60,-0.013041479245943,-0.0001913758722864,-0.0085764564230804,,
pico-decoder-small,pico-lm/pico-decoder-small@eb892260583a7bfbf95a1aecbf60ebc4ee0b8fe2,ds003604,116000,,Gram,ses-9,60,-0.0132784461000736,-0.0076353949176975,-0.0089584271493039,,
pico-decoder-small,pico-lm/pico-decoder-small@62d95f269e32053c9fc3638cfe64f8b2f7b23654,ds003604,117000,,Gram,ses-9,60,-0.0227353069278591,-0.0083775358759358,-0.0149984191010912,,
pico-decoder-small,pico-lm/pico-decoder-small@31ddb818fbb16fbd1caf8ec968855022dd6afc74,ds003604,118000,,Gram,ses-9,60,-0.0157240285181038,-0.0031880535634121,-0.0102193137940615,,
pico-decoder-small,pico-lm/pico-decoder-small@82d2ace20cd9a6db92a58205d7a22f5f6173e7b8,ds003604,119000,,Gram,ses-9,60,-0.014004278411308,-0.0099141795326192,-0.0089290447857482,,
pico-decoder-small,pico-lm/pico-decoder-small@8e25d91566448034f3bb0406ab0045355c528ae7,ds003604,120000,,Gram,ses-9,60,-0.0214223474320294,-0.011614307666156,-0.0141859328740742,,
pico-decoder-small,pico-lm/pico-decoder-small@8a2f1db72ebb1ce87faaf75ea1db7910f308be65,ds003604,121000,,Gram,ses-9,60,-0.0164425745687073,-0.0058762860322346,-0.0105885095796086,,
pico-decoder-small,pico-lm/pico-decoder-small@e197ddf7837d73cb367f53e1dd174a4745892831,ds003604,122000,,Gram,ses-9,60,-0.0185894311209814,-0.0129472810416469,-0.0122134820336428,,
pico-decoder-small,pico-lm/pico-decoder-small@51a1f29ffaf81f8b5d071b1858b6ac094aca1b30,ds003604,123000,,Gram,ses-9,60,-0.0223774773049455,-0.0158134628022671,-0.0148502297892454,,
pico-decoder-small,pico-lm/pico-decoder-small@c2d4754b377c202474754e86b41f1321342ad24a,ds003604,124000,,Gram,ses-9,60,-0.0221189416478129,-0.0151389026003109,-0.0147544177341726,,
pico-decoder-small,pico-lm/pico-decoder-small@ef21ca419b33425716396ead8c1e60e01f301271,ds003604,125000,,Gram,ses-9,60,-0.0203846449880143,-0.018249517353773,-0.0133134044258781,,
pico-decoder-small,pico-lm/pico-decoder-small@a8294defc7001e32644ce53dbcb87ef35587ff22,ds003604,0,,Phon,ses-5,72,-0.0090621125531365,-0.009679872249388,-0.0058432788511893,,
pico-decoder-small,pico-lm/pico-decoder-small@5e3d06988f3cc3adbf36b55cd8b1ddb3ae9f9bde,ds003604,1000,,Phon,ses-5,72,-0.0013438680452037,-0.0103738197830321,-0.0013695567621865,,
pico-decoder-small,pico-lm/pico-decoder-small@9f1ca389bbb1cc08b42a32bfe58fb818b24b3490,ds003604,2000,,Phon,ses-5,72,0.0125907867905921,0.0096554815267844,0.0083257536084084,,
pico-decoder-small,pico-lm/pico-decoder-small@f2269f20ce160cf71bea0a02ccf685e126dd2dc1,ds003604,3000,,Phon,ses-5,72,-0.0114037760509623,0.0084826746421117,-0.0074731493986751,,
pico-decoder-small,pico-lm/pico-decoder-small@10da1c98e1cd32fc61ab4ced31075c08cf699861,ds003604,4000,,Phon,ses-5,72,0.002849549712006,0.0179363004627314,0.0019189719749241,,
pico-decoder-small,pico-lm/pico-decoder-small@be2865b50166a683e659f4a1f99e058c77288911,ds003604,5000,,Phon,ses-5,72,-0.0126692966473389,-0.0132049778324213,-0.008770430804002,,
pico-decoder-small,pico-lm/pico-decoder-small@496ea4785860af671e895085f1bcdc3bff2f9d97,ds003604,6000,,Phon,ses-5,72,0.0071318434066719,0.0048335361484899,0.0045662100456621,,
pico-decoder-small,pico-lm/pico-decoder-small@c5bddf28e9cfbede4fe480513c4a3487279f7d47,ds003604,7000,,Phon,ses-5,72,0.0360150973395998,0.0172879866841172,0.0241944819602546,,
pico-decoder-small,pico-lm/pico-decoder-small@9fe9969ca88ccf3b71599f85000ce082bf854421,ds003604,8000,,Phon,ses-5,72,0.0287337157630227,0.0239817286178943,0.0195982592664051,,
pico-decoder-small,pico-lm/pico-decoder-small@8335f55c1bf51378b17a73d527c39899546e2d5b,ds003604,9000,,Phon,ses-5,72,0.0194464009149228,-0.0082787620701907,0.0124944491913428,,
pico-decoder-small,pico-lm/pico-decoder-small@8ce4e4fa15c0cec038fcb9f29d30cc50bac60a3d,ds003604,10000,,Phon,ses-5,72,0.0660826801256265,0.0041182098339266,0.0444928321833589,,
pico-decoder-small,pico-lm/pico-decoder-small@3261da23d1d8811f9a32b69d6d6b9a17ca82fcd0,ds003604,11000,,Phon,ses-5,72,0.0261660364933972,0.0028066971740669,0.0174569486936841,,
pico-decoder-small,pico-lm/pico-decoder-small@a6a20b8103a7cdacefa2bb78dee23c516ad6e78e,ds003604,12000,,Phon,ses-5,72,0.0065388101696145,0.0266346650379079,0.0040939702139779,,
pico-decoder-small,pico-lm/pico-decoder-small@c2395fd6ba7da947893c62b8169b47a83345153b,ds003604,13000,,Phon,ses-5,72,0.0219956037685263,0.0123001527423309,0.0146565848668877,,
pico-decoder-small,pico-lm/pico-decoder-small@6dc7fa92550aabc62d659674176bda49750efe64,ds003604,14000,,Phon,ses-5,72,0.0278839429125958,0.0073905097062165,0.0184583911383062,,
pico-decoder-small,pico-lm/pico-decoder-small@d1c60a45e64f88520c2cd94890471321a15410bf,ds003604,15000,,Phon,ses-5,72,-0.0010906554144423,0.0047871749449884,-0.0005365526492287,,
pico-decoder-small,pico-lm/pico-decoder-small@cbb63c23390c0d43e0d6dfaa0c69aed19778fa74,ds003604,16000,,Phon,ses-5,72,0.0593505973454907,0.0563559347424196,0.0396111830802164,,
pico-decoder-small,pico-lm/pico-decoder-small@a4f386c7a4155bfab638b897e60bc656a82e6a4f,ds003604,17000,,Phon,ses-5,72,0.0386377445038204,0.0263645821500108,0.0261838917829656,,
pico-decoder-small,pico-lm/pico-decoder-small@9b68d0ee8ceef680cc668de7d4560f7d8d311e42,ds003604,18000,,Phon,ses-5,72,0.0056312955548151,0.0093894531326317,0.0039886196938097,,
pico-decoder-small,pico-lm/pico-decoder-small@a161849d9bc2ecbb0bc6095f0fe9fa54a03b14ce,ds003604,19000,,Phon,ses-5,72,0.0001456044488789,0.0031771492778807,2.38876179451136e-05,,
pico-decoder-small,pico-lm/pico-decoder-small@082423f29dc36ca1b544cb85c655531783bb8985,ds003604,20000,,Phon,ses-5,72,0.0258027982460562,0.0214740874221568,0.0173148479920619,,
pico-decoder-small,pico-lm/pico-decoder-small@62236c27ddef441fc85ceabb80793b680397d2f4,ds003604,21000,,Phon,ses-5,72,0.0263090409783243,0.0134081931545801,0.0174912488630412,,
pico-decoder-small,pico-lm/pico-decoder-small@457283267b592ffd80ca1a4ede807a4a5606a7f4,ds003604,22000,,Phon,ses-5,72,0.0313721064347774,0.0158900302636634,0.0208710405507627,,
pico-decoder-small,pico-lm/pico-decoder-small@542883f65bdcba033a9c80f753fdd6f6829cb7e7,ds003604,23000,,Phon,ses-5,72,0.0133964615791315,0.0138757165888718,0.0090760698130947,,
pico-decoder-small,pico-lm/pico-decoder-small@bbc3997ae0773f6e0f145401283a22dced84175c,ds003604,24000,,Phon,ses-5,72,0.0029858509178442,0.0133764003156773,0.0021566231483267,,
pico-decoder-small,pico-lm/pico-decoder-small@8316a2db89b6a337de59490bec6e6ed79275e85f,ds003604,25000,,Phon,ses-5,72,0.0121535738917282,-0.0113269871591001,0.0081744653614227,,
pico-decoder-small,pico-lm/pico-decoder-small@b2ff4ecd5fdb6684736075b48a28007f425925d5,ds003604,26000,,Phon,ses-5,72,0.0453278843607896,0.009935424309452,0.0304885630372799,,
pico-decoder-small,pico-lm/pico-decoder-small@d0bf4c35052d4efe8b11ad72cf76ba92d8837271,ds003604,27000,,Phon,ses-5,72,0.0183551282066621,0.0035869536712558,0.0123045732538304,,
pico-decoder-small,pico-lm/pico-decoder-small@c5fe4eaa6e28635b04a285d9d63224a7013711d4,ds003604,28000,,Phon,ses-5,72,0.0260620444028929,0.0286274078629061,0.0176621372068024,,
pico-decoder-small,pico-lm/pico-decoder-small@574194afaad5aebab0de6f7ec3ebd45241ba9f36,ds003604,29000,,Phon,ses-5,72,0.0171740812870537,0.0273963461829107,0.0116204073757614,,
pico-decoder-small,pico-lm/pico-decoder-small@4e76d0f5009af59c7519cc564d83ccb252becc09,ds003604,30000,,Phon,ses-5,72,0.0413606922121604,0.0345696755015267,0.0275779486661215,,
pico-decoder-small,pico-lm/pico-decoder-small@63e4f365e97340e8419c8d14c3479eab48b41672,ds003604,31000,,Phon,ses-5,72,0.0332020211406891,0.0266295530984999,0.0222975600942029,,
pico-decoder-small,pico-lm/pico-decoder-small@8c1e326d52a990b3ef622fa0187927b4c3c8b198,ds003604,32000,,Phon,ses-5,72,0.0438626688548762,0.0299095372499725,0.0293689075089808,,
pico-decoder-small,pico-lm/pico-decoder-small@5087b4b665fc374f51db109f5832fccfa45038ed,ds003604,33000,,Phon,ses-5,72,0.0459755829537955,0.0222553291213777,0.030307874645131,,
pico-decoder-small,pico-lm/pico-decoder-small@1b37af2dca833f47e09a88bc07d1b193eb75b975,ds003604,34000,,Phon,ses-5,72,0.0240281158865734,0.0401554564389916,0.0153346257147144,,
pico-decoder-small,pico-lm/pico-decoder-small@f84a2138adf461f090569b0490e077e154d5692a,ds003604,35000,,Phon,ses-5,72,0.0759186707273964,0.0719925521947443,0.0507961008057477,,
pico-decoder-small,pico-lm/pico-decoder-small@a5edb37d58f3dac4abc7615fe9f16119c9719363,ds003604,36000,,Phon,ses-5,72,0.0716823542835992,0.0441982735149243,0.0472423582591439,,
pico-decoder-small,pico-lm/pico-decoder-small@ad19a8ed94822569698ab34f7cbdb71a73e75edb,ds003604,37000,,Phon,ses-5,72,0.1094988781116023,0.0872817591761038,0.0732271865592336,,
pico-decoder-small,pico-lm/pico-decoder-small@6ffc4bc90cff1f5d9492cc62aa823b2f31820dec,ds003604,38000,,Phon,ses-5,72,0.0690623336722376,0.048260925504703,0.0459297642782111,,
pico-decoder-small,pico-lm/pico-decoder-small@2be3f69fedc1c81a1c9dee69aecdfbb30a7ed07b,ds003604,39000,,Phon,ses-5,72,0.093249652437171,0.0880289344687768,0.062156806899234,,
pico-decoder-small,pico-lm/pico-decoder-small@89ce452106683eb2c3d635f0b06d00b4836a270d,ds003604,40000,,Phon,ses-5,72,0.0686364569898861,0.0619696905185013,0.0454017866713216,,
pico-decoder-small,pico-lm/pico-decoder-small@fb21f9a6029769e4fde8c343509be2fc23d627f8,ds003604,41000,,Phon,ses-5,72,0.0435769839822422,0.0413851082497142,0.0286822916188148,,
pico-decoder-small,pico-lm/pico-decoder-small@3b04367b1f9f520d1eb5dc4b1d62222a11574175,ds003604,42000,,Phon,ses-5,72,0.0288697747942197,0.0319959722080964,0.019141944513351,,
pico-decoder-small,pico-lm/pico-decoder-small@a8fcdde6a31d48184ff170362f4802ba6f7c825b,ds003604,43000,,Phon,ses-5,72,0.0610398215200202,0.0594647922824407,0.0406536632274621,,
pico-decoder-small,pico-lm/pico-decoder-small@42a2d16068cea73c52aa94a34fd039b076c656d2,ds003604,44000,,Phon,ses-5,72,0.0162743996205892,0.0365099219935112,0.01084620355313,,
pico-decoder-small,pico-lm/pico-decoder-small@9b211dca4e657296153efe83773900826fe138d5,ds003604,45000,,Phon,ses-5,72,0.0436316213120453,0.0602871765223783,0.0291655565049352,,
pico-decoder-small,pico-lm/pico-decoder-small@8866040c1a6ead0d48bd6a4f6ff9046c778670fa,ds003604,46000,,Phon,ses-5,72,0.0300969764636179,0.0541654273983994,0.0203749131011334,,
pico-decoder-small,pico-lm/pico-decoder-small@2c39df607c549d2902ed46ce83a2e6630df09d90,ds003604,47000,,Phon,ses-5,72,0.0510000542521499,0.0395587666672653,0.034024542996181,,
pico-decoder-small,pico-lm/pico-decoder-small@e2f848f2a712b27ddfebe48ddc4dd6258de6df59,ds003604,48000,,Phon,ses-5,72,0.0280530203361915,0.0375244412868801,0.0189839187330987,,
pico-decoder-small,pico-lm/pico-decoder-small@fa46e0b2c4bcc53653b39cd684396f35c777aead,ds003604,49000,,Phon,ses-5,72,-0.0008567082434893,0.0297381749104567,-0.0007546037258558,,
pico-decoder-small,pico-lm/pico-decoder-small@1c1daa1853e150e7a21ae4af47574da037fbb206,ds003604,50000,,Phon,ses-5,72,0.032643804999671,0.0461360962868138,0.0216225817614974,,
pico-decoder-small,pico-lm/pico-decoder-small@7aa7c5e89a41da940802066eaa61d34d72089434,ds003604,51000,,Phon,ses-5,72,0.0195561951361479,0.0458940085565698,0.013013851755893,,
pico-decoder-small,pico-lm/pico-decoder-small@9213448a01fde86281f3df23d6846b5c31f86998,ds003604,52000,,Phon,ses-5,72,-0.0075783911678175,0.0070262664978812,-0.0057869285729598,,
pico-decoder-small,pico-lm/pico-decoder-small@41f9cd78186e1fbaf4b6b2164f52331d4ef4c15e,ds003604,53000,,Phon,ses-5,72,0.0347381571668938,0.0405990779677334,0.0231569018372028,,
pico-decoder-small,pico-lm/pico-decoder-small@f4454c4dd5fa26693e9755fbac1a1f6aa12f6c37,ds003604,54000,,Phon,ses-5,72,0.0068663819131244,0.0261989925414226,0.0045190473127961,,
pico-decoder-small,pico-lm/pico-decoder-small@497f4bdf16cbdcb120415cd944d84b34d1fef37a,ds003604,55000,,Phon,ses-5,72,0.0322687246279619,0.0312105592912294,0.0215833815679464,,
pico-decoder-small,pico-lm/pico-decoder-small@79119d3d39e86e4f4fdd14e0de769ebbba87b4c1,ds003604,56000,,Phon,ses-5,72,0.0223912891060709,0.0377446982445301,0.0148225731864551,,
pico-decoder-small,pico-lm/pico-decoder-small@1e0aa9e9184e67611fe6a3fe7e0d301e199367b4,ds003604,57000,,Phon,ses-5,72,0.0281898468526015,0.0068560530164197,0.0188461055526461,,
pico-decoder-small,pico-lm/pico-decoder-small@12cffd4abfebe78cd4df44f368d49ae2aec28999,ds003604,58000,,Phon,ses-5,72,0.0546117570233367,0.0179135261737196,0.0367287438481727,,
pico-decoder-small,pico-lm/pico-decoder-small@88752c656e1478698735820b50bc1648b43897bc,ds003604,59000,,Phon,ses-5,72,0.033181906991708,0.0225067728144041,0.0220004961274496,,
pico-decoder-small,pico-lm/pico-decoder-small@ef0c2a9858930c1b946d7fd3ec94d87a30fb6316,ds003604,60000,,Phon,ses-5,72,0.0100014691808461,0.01836818661602,0.0066162576677722,,
pico-decoder-small,pico-lm/pico-decoder-small@2adfdbab6dd63824aeb0c5b7f40693509b21f72e,ds003604,61000,,Phon,ses-5,72,0.0229008080228764,0.0134980409546387,0.0155042890524271,,
pico-decoder-small,pico-lm/pico-decoder-small@8f2f5e9d39b7ef2738d2ddfa5002e690090afb1b,ds003604,62000,,Phon,ses-5,72,0.0465147168828792,0.0201515192010179,0.0309938780322727,,
pico-decoder-small,pico-lm/pico-decoder-small@27a605b8a3168bf13fde7e4903edf05011890db5,ds003604,63000,,Phon,ses-5,72,0.0758817071160657,0.0297329487706826,0.0505523246021027,,
pico-decoder-small,pico-lm/pico-decoder-small@64faca95211d12573bc85e90ab9b9346d61f571c,ds003604,64000,,Phon,ses-5,72,0.0422346566564173,0.0186390045584879,0.0275509985330552,,
pico-decoder-small,pico-lm/pico-decoder-small@04de7a38c9b974bc56e59c77ce6289b59ac333a3,ds003604,65000,,Phon,ses-5,72,0.0700189314097135,0.0259205278420167,0.0466482303256372,,
pico-decoder-small,pico-lm/pico-decoder-small@0a060522b26b84154fe744cff68debc60a62771b,ds003604,66000,,Phon,ses-5,72,0.0499042995164796,0.0413977796031399,0.0331866388590293,,
pico-decoder-small,pico-lm/pico-decoder-small@96a66aee1fd9e46f20ddd7b0e811fbcd6761cd3b,ds003604,67000,,Phon,ses-5,72,0.0702580907250953,0.0613210610265877,0.0465606423931718,,
pico-decoder-small,pico-lm/pico-decoder-small@e7396619711d862dc1bed1a5f5797fb2b5cc9768,ds003604,68000,,Phon,ses-5,72,0.0462519818302475,0.0293630265598422,0.0306704764354774,,
pico-decoder-small,pico-lm/pico-decoder-small@ba3a7a617ab159a7fcbc81cd6ffb20319f00199a,ds003604,69000,,Phon,ses-5,72,0.0292570558812343,0.0353545415362316,0.0192080948399682,,
pico-decoder-small,pico-lm/pico-decoder-small@63bfd31a42bdd16864908136aa5cce931810bb58,ds003604,70000,,Phon,ses-5,72,0.0166327282621482,0.0263435019663752,0.010882953734584,,
pico-decoder-small,pico-lm/pico-decoder-small@5e0a9fbd93f2dbafe06c6cb20fa5521f766270e0,ds003604,71000,,Phon,ses-5,72,0.021822063720237,0.0383388057241988,0.0146627098971301,,
pico-decoder-small,pico-lm/pico-decoder-small@4b4e4304ce873cafd39ac997ad47e16ec2d5d76d,ds003604,72000,,Phon,ses-5,72,0.0237496373264076,0.0272125654065321,0.0157088650625212,,
pico-decoder-small,pico-lm/pico-decoder-small@f2bf3399e04924384ec7ea3acb5440318247824d,ds003604,73000,,Phon,ses-5,72,0.0149777692841789,0.0432158272331199,0.0101179374573161,,
pico-decoder-small,pico-lm/pico-decoder-small@81c21ab4b67c2a986c2c4a8771db3b328075f9ca,ds003604,74000,,Phon,ses-5,72,0.0222952765622006,0.0350342868705177,0.0147613228840317,,
pico-decoder-small,pico-lm/pico-decoder-small@67737816c3793c77c33cd993cb625dfe02f5dba2,ds003604,75000,,Phon,ses-5,72,0.0093462013727198,0.0086627541469687,0.0062101681627053,,
pico-decoder-small,pico-lm/pico-decoder-small@cd3c66fe9f41cb98971992c1c48e0000704daae7,ds003604,76000,,Phon,ses-5,72,0.0129998973704113,0.0105420481278644,0.008639355156816,,
pico-decoder-small,pico-lm/pico-decoder-small@8bc1f96e0ab394e6d9396f9105337a8ee9281b02,ds003604,77000,,Phon,ses-5,72,-0.0111303371666381,-0.0163953094663833,-0.0071656728805098,,
pico-decoder-small,pico-lm/pico-decoder-small@54681b82e00ed8da204a8f5e199732edcd50c540,ds003604,78000,,Phon,ses-5,72,-0.0207884716937242,-0.0114745412876808,-0.0137457928698522,,
pico-decoder-small,pico-lm/pico-decoder-small@9f79f048c9629723d93a9c6d020fad45ecd81ebb,ds003604,79000,,Phon,ses-5,72,-0.0297868254846526,-0.0230179893190289,-0.0199498360023152,,
pico-decoder-small,pico-lm/pico-decoder-small@a8eea15ae0deddaf3beced3d114c9bc8ed9a25e5,ds003604,80000,,Phon,ses-5,72,-0.030045518304772,-0.02665812798138,-0.0198726606212618,,
pico-decoder-small,pico-lm/pico-decoder-small@8d7bca4dea2e340144c93745d61646c84d35ffdb,ds003604,81000,,Phon,ses-5,72,-0.0340465523833037,-0.0224271376034291,-0.0226056491153925,,
pico-decoder-small,pico-lm/pico-decoder-small@063ab25b24aefd512a554e49853ed6fc32ee9c1b,ds003604,82000,,Phon,ses-5,72,-0.0107062038542554,-0.0053947637747719,-0.0068637088895626,,
pico-decoder-small,pico-lm/pico-decoder-small@d63e823855aefabdb4d0fb89c6cb30f1917edff8,ds003604,83000,,Phon,ses-5,72,0.0048681091213494,0.0109810791824425,0.0032989412885226,,
pico-decoder-small,pico-lm/pico-decoder-small@aac007e3728b91b2460f8be94a5ef79547dc60b8,ds003604,84000,,Phon,ses-5,72,0.0167876072093033,0.0030674513846567,0.0112271804342033,,
pico-decoder-small,pico-lm/pico-decoder-small@804cfb5f121020ed666ca55376b9e9f358701d23,ds003604,85000,,Phon,ses-5,72,-0.0016167737141459,0.0034899086138367,-0.0009224295544959,,
pico-decoder-small,pico-lm/pico-decoder-small@938244e11e03da85918d38722414505f45c1ceda,ds003604,86000,,Phon,ses-5,72,-0.0040411488346741,-0.0074124886923397,-0.0027556511060273,,
pico-decoder-small,pico-lm/pico-decoder-small@9bd6535d2bbcd3e8e0be555350c1a9abcfa9ef20,ds003604,87000,,Phon,ses-5,72,0.0110509419711436,0.0034017407569063,0.0074247616597606,,
pico-decoder-small,pico-lm/pico-decoder-small@5e4f19facb03a2fb589181b485fc44570680d8b4,ds003604,88000,,Phon,ses-5,72,0.0040137744767912,-0.0008466474765743,0.0028407890263958,,
pico-decoder-small,pico-lm/pico-decoder-small@48b3ab14f90bae2930c79eefee13f8548f7a3ac0,ds003604,89000,,Phon,ses-5,72,0.0314497460437781,0.0185780049965655,0.0210217162947242,,
pico-decoder-small,pico-lm/pico-decoder-small@a7e691278d2179f7a23f55c82de28f96b4acd2e4,ds003604,90000,,Phon,ses-5,72,0.0297329534842051,0.026656942879913,0.0198689856031164,,
pico-decoder-small,pico-lm/pico-decoder-small@c025f14d64c01b36a07900656ded25b50f8caafd,ds003604,91000,,Phon,ses-5,72,0.0269321326156527,0.0308601376760721,0.0179163259618594,,
pico-decoder-small,pico-lm/pico-decoder-small@b3b967e1f18d21573f4a6146c441a2825a5a8f83,ds003604,92000,,Phon,ses-5,72,0.0393529932934763,0.0252869971289821,0.0263982678414474,,
pico-decoder-small,pico-lm/pico-decoder-small@41ae4009882dd5c1963328961a9ed1964aab8606,ds003604,93000,,Phon,ses-5,72,0.029975544924472,0.0248174938166754,0.0201856496666452,,
pico-decoder-small,pico-lm/pico-decoder-small@bfda4783bf178eae55bcebd43810ed9180cbdc63,ds003604,94000,,Phon,ses-5,72,0.0430899786836371,0.0426360052373551,0.029052243445452,,
pico-decoder-small,pico-lm/pico-decoder-small@94177e145ce01fae74b87897c8260f2f6fe1deb0,ds003604,95000,,Phon,ses-5,72,0.0405882449341816,0.0477210637788021,0.0272337219665022,,
pico-decoder-small,pico-lm/pico-decoder-small@938d2d29f7aba65159e5bdc0ccfbefdc61757005,ds003604,96000,,Phon,ses-5,72,0.0552810494020781,0.0512083698234413,0.0369608824943573,,
pico-decoder-small,pico-lm/pico-decoder-small@57a25f8bc299440e75e421522b5461ef9addc60f,ds003604,97000,,Phon,ses-5,72,0.0190057975710824,0.0353106245938936,0.0129103387447975,,
pico-decoder-small,pico-lm/pico-decoder-small@2b2b81f5b793cfe7595f1880023e3199b0ca4d01,ds003604,98000,,Phon,ses-5,72,0.0210673217799716,0.0268961498516715,0.0144207712025578,,
pico-decoder-small,pico-lm/pico-decoder-small@a014170484f226c32a449440e37684a5138bffea,ds003604,99000,,Phon,ses-5,72,0.0115888693387361,0.0186786220539318,0.0079870394360072,,
pico-decoder-small,pico-lm/pico-decoder-small@912032713d1ca4f482ce957408afca3e5a267267,ds003604,100000,,Phon,ses-5,72,0.0262542009979312,0.02962375911565,0.0176719372551901,,
pico-decoder-small,pico-lm/pico-decoder-small@0405a0c52b2083efba346cb0195a2684e628b1af,ds003604,101000,,Phon,ses-5,72,0.0535467067265203,0.0417542659818456,0.0356531885376184,,
pico-decoder-small,pico-lm/pico-decoder-small@a29b66f6847b3a1ec6358c6bdf5686f8db25e228,ds003604,102000,,Phon,ses-5,72,0.0488345171128021,0.0471286545637435,0.0330806758358369,,
pico-decoder-small,pico-lm/pico-decoder-small@b6e1c3f17ee3de24e5563176b76cde040230086b,ds003604,103000,,Phon,ses-5,72,0.052470405728866,0.0467559153603836,0.0349530975809193,,
pico-decoder-small,pico-lm/pico-decoder-small@fd779f78578d7ce2eb7316f95b1536f35f90d660,ds003604,104000,,Phon,ses-5,72,0.0571527446232369,0.0543888346089113,0.0384100646496942,,
pico-decoder-small,pico-lm/pico-decoder-small@2a9ae447eace88eb5c4be50d7b3c867cbd1a9a7e,ds003604,105000,,Phon,ses-5,72,0.0501966287414351,0.0490086572205948,0.0335314780616729,,
pico-decoder-small,pico-lm/pico-decoder-small@36d78ffabfbf506523a459e2116bbc012c1adab7,ds003604,106000,,Phon,ses-5,72,0.0354694110414411,0.0386144801616853,0.0236273041598142,,
pico-decoder-small,pico-lm/pico-decoder-small@3f9b3375f2ae4b81043ba582d1b2ec8bc15a04e1,ds003604,107000,,Phon,ses-5,72,0.0339934873921204,0.0391150277567376,0.0224966235770789,,
pico-decoder-small,pico-lm/pico-decoder-small@00c972e3e00659382b3fe4f9d9f634ebbd9833c1,ds003604,108000,,Phon,ses-5,72,0.0183322840236695,0.0227285508148761,0.0122059602669288,,
pico-decoder-small,pico-lm/pico-decoder-small@076cdde7affce35bd2bad3498e51f33f575aaddb,ds003604,109000,,Phon,ses-5,72,0.0124144211319493,0.0353821679288133,0.0082449032092095,,
pico-decoder-small,pico-lm/pico-decoder-small@1f7f52ddf73285dd5484e753c1740cc68df81b76,ds003604,110000,,Phon,ses-5,72,-0.0003067583781314,0.0295919308926847,-9.371296270775336e-05,,
pico-decoder-small,pico-lm/pico-decoder-small@a801b2ab639f60dbd4ebfe264aab726255eb2877,ds003604,111000,,Phon,ses-5,72,0.0164606649761367,0.0393539223737123,0.0111328549684714,,
pico-decoder-small,pico-lm/pico-decoder-small@197b11d764b16772e54f2cbbfab17581cbdb9b59,ds003604,112000,,Phon,ses-5,72,0.0189650712700745,0.0365024660944461,0.0130046642105295,,
pico-decoder-small,pico-lm/pico-decoder-small@0ff198943f69ee08bd0b54c8ab55d364ce931a26,ds003604,113000,,Phon,ses-5,72,0.0237937555096302,0.0445579389147624,0.0165486067087456,,
pico-decoder-small,pico-lm/pico-decoder-small@fe2f1951a2f9a01d14429415f467c91c8a765024,ds003604,114000,,Phon,ses-5,72,0.0035384266174421,0.021447738871465,0.002587212774363,,
pico-decoder-small,pico-lm/pico-decoder-small@dde9b48ac9a426d9bc86b1fc423b8241736f6ea3,ds003604,115000,,Phon,ses-5,72,0.0175246028505658,0.0118882104306205,0.0118678585975518,,
pico-decoder-small,pico-lm/pico-decoder-small@eb892260583a7bfbf95a1aecbf60ebc4ee0b8fe2,ds003604,116000,,Phon,ses-5,72,0.0256001886173959,0.0296385250439154,0.0168726208085652,,
pico-decoder-small,pico-lm/pico-decoder-small@62d95f269e32053c9fc3638cfe64f8b2f7b23654,ds003604,117000,,Phon,ses-5,72,0.0357988540691219,0.0365810124118042,0.0240003185015726,,
pico-decoder-small,pico-lm/pico-decoder-small@31ddb818fbb16fbd1caf8ec968855022dd6afc74,ds003604,118000,,Phon,ses-5,72,0.0212384034322743,0.0398057699326145,0.0141341197872164,,
pico-decoder-small,pico-lm/pico-decoder-small@82d2ace20cd9a6db92a58205d7a22f5f6173e7b8,ds003604,119000,,Phon,ses-5,72,0.0157142633293003,0.0296544245968808,0.0106722526942476,,
pico-decoder-small,pico-lm/pico-decoder-small@8e25d91566448034f3bb0406ab0045355c528ae7,ds003604,120000,,Phon,ses-5,72,0.0207691588050544,0.0275521418396387,0.0139534313950675,,
pico-decoder-small,pico-lm/pico-decoder-small@8a2f1db72ebb1ce87faaf75ea1db7910f308be65,ds003604,121000,,Phon,ses-5,72,0.0191581599141028,0.0297491606037263,0.0130193642831111,,
pico-decoder-small,pico-lm/pico-decoder-small@e197ddf7837d73cb367f53e1dd174a4745892831,ds003604,122000,,Phon,ses-5,72,0.0148197801535014,0.0325652993163001,0.0099427615923853,,
pico-decoder-small,pico-lm/pico-decoder-small@51a1f29ffaf81f8b5d071b1858b6ac094aca1b30,ds003604,123000,,Phon,ses-5,72,-0.0003560808009725,0.0185631958581141,-0.000131075647186,,
pico-decoder-small,pico-lm/pico-decoder-small@c2d4754b377c202474754e86b41f1321342ad24a,ds003604,124000,,Phon,ses-5,72,-0.003769284444827,0.0166968788542436,-0.0022925988197066,,
pico-decoder-small,pico-lm/pico-decoder-small@ef21ca419b33425716396ead8c1e60e01f301271,ds003604,125000,,Phon,ses-5,72,0.0005297832571814,0.024532016685399,0.0003730143417583,,
pico-decoder-small,pico-lm/pico-decoder-small@a8294defc7001e32644ce53dbcb87ef35587ff22,ds003604,0,,Phon,ses-7,72,-0.0190120703973224,-0.0113271596235715,-0.012424011343556,,
pico-decoder-small,pico-lm/pico-decoder-small@5e3d06988f3cc3adbf36b55cd8b1ddb3ae9f9bde,ds003604,1000,,Phon,ses-7,72,-0.0101020737008504,-0.0095121059172446,-0.0066873080185833,,
pico-decoder-small,pico-lm/pico-decoder-small@9f1ca389bbb1cc08b42a32bfe58fb818b24b3490,ds003604,2000,,Phon,ses-7,72,0.0147469279850335,0.0124115037291518,0.0096867353282556,,
pico-decoder-small,pico-lm/pico-decoder-small@f2269f20ce160cf71bea0a02ccf685e126dd2dc1,ds003604,3000,,Phon,ses-7,72,-0.0131489590958443,0.0101514392288985,-0.0089701067899022,,
pico-decoder-small,pico-lm/pico-decoder-small@10da1c98e1cd32fc61ab4ced31075c08cf699861,ds003604,4000,,Phon,ses-7,72,0.0048941425359668,0.0124949303137566,0.0032125783621056,,
pico-decoder-small,pico-lm/pico-decoder-small@be2865b50166a683e659f4a1f99e058c77288911,ds003604,5000,,Phon,ses-7,72,-0.0330421535396495,-0.0186333528028717,-0.0226460743149919,,
pico-decoder-small,pico-lm/pico-decoder-small@496ea4785860af671e895085f1bcdc3bff2f9d97,ds003604,6000,,Phon,ses-7,72,0.0029285288270338,0.0040029649703083,0.001638445589825,,
pico-decoder-small,pico-lm/pico-decoder-small@c5bddf28e9cfbede4fe480513c4a3487279f7d47,ds003604,7000,,Phon,ses-7,72,0.0386517036800962,0.0168279532282384,0.0268992953152706,,
pico-decoder-small,pico-lm/pico-decoder-small@9fe9969ca88ccf3b71599f85000ce082bf854421,ds003604,8000,,Phon,ses-7,72,0.0314120774670972,0.021927985433889,0.0217077196818659,,
pico-decoder-small,pico-lm/pico-decoder-small@8335f55c1bf51378b17a73d527c39899546e2d5b,ds003604,9000,,Phon,ses-7,72,-0.0030586283499242,-0.00971788380931,-0.0023072988922882,,
pico-decoder-small,pico-lm/pico-decoder-small@8ce4e4fa15c0cec038fcb9f29d30cc50bac60a3d,ds003604,10000,,Phon,ses-7,72,0.0452576364679883,0.0016085194765642,0.0310434907772357,,
pico-decoder-small,pico-lm/pico-decoder-small@3261da23d1d8811f9a32b69d6d6b9a17ca82fcd0,ds003604,11000,,Phon,ses-7,72,0.0128017137168697,0.0015517040586914,0.0086430301749614,,
pico-decoder-small,pico-lm/pico-decoder-small@a6a20b8103a7cdacefa2bb78dee23c516ad6e78e,ds003604,12000,,Phon,ses-7,72,0.0120836500961471,0.0234675452133812,0.0079478392424562,,
pico-decoder-small,pico-lm/pico-decoder-small@c2395fd6ba7da947893c62b8169b47a83345153b,ds003604,13000,,Phon,ses-7,72,0.0043486689490656,0.0062558586627988,0.0027752512028028,,
pico-decoder-small,pico-lm/pico-decoder-small@6dc7fa92550aabc62d659674176bda49750efe64,ds003604,14000,,Phon,ses-7,72,0.0047142851070525,0.0042889835370812,0.0030343399820536,,
pico-decoder-small,pico-lm/pico-decoder-small@d1c60a45e64f88520c2cd94890471321a15410bf,ds003604,15000,,Phon,ses-7,72,-0.0118551629932169,-0.0007486971124357,-0.0081291401376294,,
pico-decoder-small,pico-lm/pico-decoder-small@cbb63c23390c0d43e0d6dfaa0c69aed19778fa74,ds003604,16000,,Phon,ses-7,72,0.0805478864224359,0.0570949542699653,0.0543529058674727,,
pico-decoder-small,pico-lm/pico-decoder-small@a4f386c7a4155bfab638b897e60bc656a82e6a4f,ds003604,17000,,Phon,ses-7,72,0.0352467770911887,0.0239367338649342,0.0233847529622177,,
pico-decoder-small,pico-lm/pico-decoder-small@9b68d0ee8ceef680cc668de7d4560f7d8d311e42,ds003604,18000,,Phon,ses-7,72,-0.0102107519065926,0.0130476981601406,-0.006943334282713,,
pico-decoder-small,pico-lm/pico-decoder-small@a161849d9bc2ecbb0bc6095f0fe9fa54a03b14ce,ds003604,19000,,Phon,ses-7,72,0.0021216927500073,0.0061908904013176,0.0013015689264965,,
pico-decoder-small,pico-lm/pico-decoder-small@082423f29dc36ca1b544cb85c655531783bb8985,ds003604,20000,,Phon,ses-7,72,0.0373698855208492,0.0263437379179853,0.0252688122647605,,
pico-decoder-small,pico-lm/pico-decoder-small@62236c27ddef441fc85ceabb80793b680397d2f4,ds003604,21000,,Phon,ses-7,72,0.0375458889954589,0.014290162142005,0.0251144615026536,,
pico-decoder-small,pico-lm/pico-decoder-small@457283267b592ffd80ca1a4ede807a4a5606a7f4,ds003604,22000,,Phon,ses-7,72,0.0615471464926728,0.015971839420515,0.0412514661791142,,
pico-decoder-small,pico-lm/pico-decoder-small@542883f65bdcba033a9c80f753fdd6f6829cb7e7,ds003604,23000,,Phon,ses-7,72,-0.0084329708614932,0.0096150799290933,-0.0053924766253533,,
pico-decoder-small,pico-lm/pico-decoder-small@bbc3997ae0773f6e0f145401283a22dced84175c,ds003604,24000,,Phon,ses-7,72,0.0030524094201178,0.0075267275631822,0.0022680986987373,,
pico-decoder-small,pico-lm/pico-decoder-small@8316a2db89b6a337de59490bec6e6ed79275e85f,ds003604,25000,,Phon,ses-7,72,-0.0074647645508612,-0.0156575420153708,-0.0048742990668516,,
pico-decoder-small,pico-lm/pico-decoder-small@b2ff4ecd5fdb6684736075b48a28007f425925d5,ds003604,26000,,Phon,ses-7,72,0.0375318177146014,0.0071375684500371,0.0251438616478168,,
pico-decoder-small,pico-lm/pico-decoder-small@d0bf4c35052d4efe8b11ad72cf76ba92d8837271,ds003604,27000,,Phon,ses-7,72,0.0163259174248215,0.0002503174979699,0.0108994913162383,,
pico-decoder-small,pico-lm/pico-decoder-small@c5fe4eaa6e28635b04a285d9d63224a7013711d4,ds003604,28000,,Phon,ses-7,72,0.022862977038276,0.0231790875081563,0.0149891740090466,,
pico-decoder-small,pico-lm/pico-decoder-small@574194afaad5aebab0de6f7ec3ebd45241ba9f36,ds003604,29000,,Phon,ses-7,72,0.0275339401920835,0.0283158417368225,0.018426540981046,,
pico-decoder-small,pico-lm/pico-decoder-small@4e76d0f5009af59c7519cc564d83ccb252becc09,ds003604,30000,,Phon,ses-7,72,0.0427207449970339,0.0322334393832578,0.0285787786077193,,
pico-decoder-small,pico-lm/pico-decoder-small@63e4f365e97340e8419c8d14c3479eab48b41672,ds003604,31000,,Phon,ses-7,72,0.0298910238188425,0.0259120704564282,0.0200496739952653,,
pico-decoder-small,pico-lm/pico-decoder-small@8c1e326d52a990b3ef622fa0187927b4c3c8b198,ds003604,32000,,Phon,ses-7,72,0.0313612092945434,0.0290330077762866,0.0209776160769793,,
pico-decoder-small,pico-lm/pico-decoder-small@5087b4b665fc374f51db109f5832fccfa45038ed,ds003604,33000,,Phon,ses-7,72,0.0288600719989519,0.0222968045731764,0.0190304689629405,,
pico-decoder-small,pico-lm/pico-decoder-small@1b37af2dca833f47e09a88bc07d1b193eb75b975,ds003604,34000,,Phon,ses-7,72,0.0297872422837383,0.033900224822135,0.0196441969932226,,
pico-decoder-small,pico-lm/pico-decoder-small@f84a2138adf461f090569b0490e077e154d5692a,ds003604,35000,,Phon,ses-7,72,0.1166368908633619,0.0725537823948655,0.0785363627732912,,
pico-decoder-small,pico-lm/pico-decoder-small@a5edb37d58f3dac4abc7615fe9f16119c9719363,ds003604,36000,,Phon,ses-7,72,0.0672213220499784,0.050660098793174,0.0445522449767095,,
pico-decoder-small,pico-lm/pico-decoder-small@ad19a8ed94822569698ab34f7cbdb71a73e75edb,ds003604,37000,,Phon,ses-7,72,0.1247962194713218,0.0877381749539504,0.0844996922172303,,
pico-decoder-small,pico-lm/pico-decoder-small@6ffc4bc90cff1f5d9492cc62aa823b2f31820dec,ds003604,38000,,Phon,ses-7,72,0.0812728308211684,0.0493697368506329,0.0542120301718989,,
pico-decoder-small,pico-lm/pico-decoder-small@2be3f69fedc1c81a1c9dee69aecdfbb30a7ed07b,ds003604,39000,,Phon,ses-7,72,0.1220476910784058,0.0882780053697505,0.0821721807251423,,
pico-decoder-small,pico-lm/pico-decoder-small@89ce452106683eb2c3d635f0b06d00b4836a270d,ds003604,40000,,Phon,ses-7,72,0.0840693629708527,0.0614757876798801,0.0557567627990163,,
pico-decoder-small,pico-lm/pico-decoder-small@fb21f9a6029769e4fde8c343509be2fc23d627f8,ds003604,41000,,Phon,ses-7,72,0.0505312522943038,0.0383623607629548,0.033500240407437,,
pico-decoder-small,pico-lm/pico-decoder-small@3b04367b1f9f520d1eb5dc4b1d62222a11574175,ds003604,42000,,Phon,ses-7,72,0.0237354934650197,0.0294006123050633,0.0155526767913416,,
pico-decoder-small,pico-lm/pico-decoder-small@a8fcdde6a31d48184ff170362f4802ba6f7c825b,ds003604,43000,,Phon,ses-7,72,0.0871174578018143,0.0587884205022514,0.057776797772939,,
pico-decoder-small,pico-lm/pico-decoder-small@42a2d16068cea73c52aa94a34fd039b076c656d2,ds003604,44000,,Phon,ses-7,72,0.0388679562926225,0.0334467931577694,0.0262016543706684,,
pico-decoder-small,pico-lm/pico-decoder-small@9b211dca4e657296153efe83773900826fe138d5,ds003604,45000,,Phon,ses-7,72,0.1155258683460105,0.0619327169250017,0.0768856671229814,,
pico-decoder-small,pico-lm/pico-decoder-small@8866040c1a6ead0d48bd6a4f6ff9046c778670fa,ds003604,46000,,Phon,ses-7,72,0.0847840648913634,0.0516009607362842,0.0569462436720781,,
pico-decoder-small,pico-lm/pico-decoder-small@2c39df607c549d2902ed46ce83a2e6630df09d90,ds003604,47000,,Phon,ses-7,72,0.0974901562745414,0.0399938884431623,0.0658073249236668,,
pico-decoder-small,pico-lm/pico-decoder-small@e2f848f2a712b27ddfebe48ddc4dd6258de6df59,ds003604,48000,,Phon,ses-7,72,0.0765877712348346,0.0411377869900636,0.050710350382355,,
pico-decoder-small,pico-lm/pico-decoder-small@fa46e0b2c4bcc53653b39cd684396f35c777aead,ds003604,49000,,Phon,ses-7,72,0.0492707074166677,0.0324146188545659,0.0324896104174514,,
pico-decoder-small,pico-lm/pico-decoder-small@1c1daa1853e150e7a21ae4af47574da037fbb206,ds003604,50000,,Phon,ses-7,72,0.0766959794636766,0.0482652955620264,0.0508059008541354,,
pico-decoder-small,pico-lm/pico-decoder-small@7aa7c5e89a41da940802066eaa61d34d72089434,ds003604,51000,,Phon,ses-7,72,0.0677385955856356,0.0457307864610739,0.0453037861874442,,
pico-decoder-small,pico-lm/pico-decoder-small@9213448a01fde86281f3df23d6846b5c31f86998,ds003604,52000,,Phon,ses-7,72,0.0161895853183614,0.0030675022588472,0.0106122273978727,,
pico-decoder-small,pico-lm/pico-decoder-small@41f9cd78186e1fbaf4b6b2164f52331d4ef4c15e,ds003604,53000,,Phon,ses-7,72,0.0443440150279641,0.0438169514321014,0.0294375078476949,,
pico-decoder-small,pico-lm/pico-decoder-small@f4454c4dd5fa26693e9755fbac1a1f6aa12f6c37,ds003604,54000,,Phon,ses-7,72,0.0189172644149433,0.0303846149197474,0.0123566360108903,,
pico-decoder-small,pico-lm/pico-decoder-small@497f4bdf16cbdcb120415cd944d84b34d1fef37a,ds003604,55000,,Phon,ses-7,72,0.0131532923690975,0.0305369483537228,0.0090625947465615,,
pico-decoder-small,pico-lm/pico-decoder-small@79119d3d39e86e4f4fdd14e0de769ebbba87b4c1,ds003604,56000,,Phon,ses-7,72,0.0287377544024394,0.0389402622197003,0.0191921697613381,,
pico-decoder-small,pico-lm/pico-decoder-small@1e0aa9e9184e67611fe6a3fe7e0d301e199367b4,ds003604,57000,,Phon,ses-7,72,0.0287724227443222,0.0034065049750192,0.0191033568228243,,
pico-decoder-small,pico-lm/pico-decoder-small@12cffd4abfebe78cd4df44f368d49ae2aec28999,ds003604,58000,,Phon,ses-7,72,0.0674546246195868,0.0119488664563473,0.0455745125241555,,
pico-decoder-small,pico-lm/pico-decoder-small@88752c656e1478698735820b50bc1648b43897bc,ds003604,59000,,Phon,ses-7,72,0.0592286907991109,0.0182685052177264,0.0397238836366754,,
pico-decoder-small,pico-lm/pico-decoder-small@ef0c2a9858930c1b946d7fd3ec94d87a30fb6316,ds003604,60000,,Phon,ses-7,72,0.0290055815901079,0.0128569799148811,0.019553546545636,,
pico-decoder-small,pico-lm/pico-decoder-small@2adfdbab6dd63824aeb0c5b7f40693509b21f72e,ds003604,61000,,Phon,ses-7,72,0.0358004558711255,0.0075124444676621,0.0242263321175148,,
pico-decoder-small,pico-lm/pico-decoder-small@8f2f5e9d39b7ef2738d2ddfa5002e690090afb1b,ds003604,62000,,Phon,ses-7,72,0.0588029664640114,0.0156918553531417,0.0391940685207133,,
pico-decoder-small,pico-lm/pico-decoder-small@27a605b8a3168bf13fde7e4903edf05011890db5,ds003604,63000,,Phon,ses-7,72,0.0903751644860762,0.0251939302067708,0.0609820260987538,,
pico-decoder-small,pico-lm/pico-decoder-small@64faca95211d12573bc85e90ab9b9346d61f571c,ds003604,64000,,Phon,ses-7,72,0.0572597189830615,0.0120595389620763,0.0385981030781339,,
pico-decoder-small,pico-lm/pico-decoder-small@04de7a38c9b974bc56e59c77ce6289b59ac333a3,ds003604,65000,,Phon,ses-7,72,0.0775260190332524,0.0222158069485518,0.0519721066122763,,
pico-decoder-small,pico-lm/pico-decoder-small@0a060522b26b84154fe744cff68debc60a62771b,ds003604,66000,,Phon,ses-7,72,0.0767201940533183,0.039060236977296,0.0509553515920484,,
pico-decoder-small,pico-lm/pico-decoder-small@96a66aee1fd9e46f20ddd7b0e811fbcd6761cd3b,ds003604,67000,,Phon,ses-7,72,0.1068875355446529,0.0553053003025705,0.0714882904734342,,
pico-decoder-small,pico-lm/pico-decoder-small@e7396619711d862dc1bed1a5f5797fb2b5cc9768,ds003604,68000,,Phon,ses-7,72,0.0611441980717501,0.0263210582499228,0.0408282265893687,,
pico-decoder-small,pico-lm/pico-decoder-small@ba3a7a617ab159a7fcbc81cd6ffb20319f00199a,ds003604,69000,,Phon,ses-7,72,0.058431772384467,0.0311062284134036,0.0390593178553819,,
pico-decoder-small,pico-lm/pico-decoder-small@63bfd31a42bdd16864908136aa5cce931810bb58,ds003604,70000,,Phon,ses-7,72,0.0486193309310399,0.0219221029867395,0.032635386137219,,
pico-decoder-small,pico-lm/pico-decoder-small@5e0a9fbd93f2dbafe06c6cb20fa5521f766270e0,ds003604,71000,,Phon,ses-7,72,0.0650803020389189,0.0360431212287777,0.0443605315301244,,
pico-decoder-small,pico-lm/pico-decoder-small@4b4e4304ce873cafd39ac997ad47e16ec2d5d76d,ds003604,72000,,Phon,ses-7,72,0.05875007825313,0.023591324363927,0.0391848809753498,,
pico-decoder-small,pico-lm/pico-decoder-small@f2bf3399e04924384ec7ea3acb5440318247824d,ds003604,73000,,Phon,ses-7,72,0.0642595578075737,0.0401663881343232,0.0432433260139221,,
pico-decoder-small,pico-lm/pico-decoder-small@81c21ab4b67c2a986c2c4a8771db3b328075f9ca,ds003604,74000,,Phon,ses-7,72,0.0618600346918407,0.0304755778998922,0.0410009524422026,,
pico-decoder-small,pico-lm/pico-decoder-small@67737816c3793c77c33cd993cb625dfe02f5dba2,ds003604,75000,,Phon,ses-7,72,0.0275376554528992,0.0049045074010554,0.0181527521292136,,
pico-decoder-small,pico-lm/pico-decoder-small@cd3c66fe9f41cb98971992c1c48e0000704daae7,ds003604,76000,,Phon,ses-7,72,0.0225015353387182,0.0050859381260848,0.0152703128971699,,
pico-decoder-small,pico-lm/pico-decoder-small@8bc1f96e0ab394e6d9396f9105337a8ee9281b02,ds003604,77000,,Phon,ses-7,72,-0.0205231043392805,-0.019608954582057,-0.0133384783587368,,
pico-decoder-small,pico-lm/pico-decoder-small@54681b82e00ed8da204a8f5e199732edcd50c540,ds003604,78000,,Phon,ses-7,72,-0.0044532474327664,-0.0126763684819566,-0.0030049398368904,,
pico-decoder-small,pico-lm/pico-decoder-small@9f79f048c9629723d93a9c6d020fad45ecd81ebb,ds003604,79000,,Phon,ses-7,72,-0.0326532138797214,-0.025500561527296,-0.0218608454379243,,
pico-decoder-small,pico-lm/pico-decoder-small@a8eea15ae0deddaf3beced3d114c9bc8ed9a25e5,ds003604,80000,,Phon,ses-7,72,-0.029565782557117,-0.0314981249256854,-0.0194831086978491,,
pico-decoder-small,pico-lm/pico-decoder-small@8d7bca4dea2e340144c93745d61646c84d35ffdb,ds003604,81000,,Phon,ses-7,72,-0.0260111999447698,-0.027970699310771,-0.017162947242052,,
pico-decoder-small,pico-lm/pico-decoder-small@063ab25b24aefd512a554e49853ed6fc32ee9c1b,ds003604,82000,,Phon,ses-7,72,0.0151346323387059,-0.0074568233151376,0.0103721262123731,,
pico-decoder-small,pico-lm/pico-decoder-small@d63e823855aefabdb4d0fb89c6cb30f1917edff8,ds003604,83000,,Phon,ses-7,72,0.0428651127024188,0.0133985703504084,0.0285769410986466,,
pico-decoder-small,pico-lm/pico-decoder-small@aac007e3728b91b2460f8be94a5ef79547dc60b8,ds003604,84000,,Phon,ses-7,72,0.0274550056314407,0.001383028974187,0.0183199654548294,,
pico-decoder-small,pico-lm/pico-decoder-small@804cfb5f121020ed666ca55376b9e9f358701d23,ds003604,85000,,Phon,ses-7,72,0.0118189489016214,0.001023291639087,0.0083790413715167,,
pico-decoder-small,pico-lm/pico-decoder-small@938244e11e03da85918d38722414505f45c1ceda,ds003604,86000,,Phon,ses-7,72,0.000366695523895,-0.0081667293166522,0.0006180155514517,,
pico-decoder-small,pico-lm/pico-decoder-small@9bd6535d2bbcd3e8e0be555350c1a9abcfa9ef20,ds003604,87000,,Phon,ses-7,72,0.0151174774632332,0.0038655481470772,0.0102778007466411,,
pico-decoder-small,pico-lm/pico-decoder-small@5e4f19facb03a2fb589181b485fc44570680d8b4,ds003604,88000,,Phon,ses-7,72,0.0012628581125617,-0.0018990702339999,0.0011368056129777,,
pico-decoder-small,pico-lm/pico-decoder-small@48b3ab14f90bae2930c79eefee13f8548f7a3ac0,ds003604,89000,,Phon,ses-7,72,0.0273754271880724,0.0165217850587199,0.0186733796998122,,
pico-decoder-small,pico-lm/pico-decoder-small@a7e691278d2179f7a23f55c82de28f96b4acd2e4,ds003604,90000,,Phon,ses-7,72,0.0535011347768314,0.0244623524708063,0.0361909661928955,,
pico-decoder-small,pico-lm/pico-decoder-small@c025f14d64c01b36a07900656ded25b50f8caafd,ds003604,91000,,Phon,ses-7,72,0.0519110117711212,0.031080307110732,0.0347332089952194,,
pico-decoder-small,pico-lm/pico-decoder-small@b3b967e1f18d21573f4a6146c441a2825a5a8f83,ds003604,92000,,Phon,ses-7,72,0.0552015018593317,0.0236043820751965,0.0375923731123422,,
pico-decoder-small,pico-lm/pico-decoder-small@41ae4009882dd5c1963328961a9ed1964aab8606,ds003604,93000,,Phon,ses-7,72,0.0462766865181244,0.0239295230994636,0.0312303041996269,,
pico-decoder-small,pico-lm/pico-decoder-small@bfda4783bf178eae55bcebd43810ed9180cbdc63,ds003604,94000,,Phon,ses-7,72,0.0802341718112878,0.0427661811428786,0.0543339182737214,,
pico-decoder-small,pico-lm/pico-decoder-small@94177e145ce01fae74b87897c8260f2f6fe1deb0,ds003604,95000,,Phon,ses-7,72,0.0768023846771634,0.046301706424905,0.0512940657644497,,
pico-decoder-small,pico-lm/pico-decoder-small@938d2d29f7aba65159e5bdc0ccfbefdc61757005,ds003604,96000,,Phon,ses-7,72,0.0982355892228131,0.0520497465091909,0.0664333030144336,,
pico-decoder-small,pico-lm/pico-decoder-small@57a25f8bc299440e75e421522b5461ef9addc60f,ds003604,97000,,Phon,ses-7,72,0.0683180828524073,0.0344562941873439,0.0462329532752067,,
pico-decoder-small,pico-lm/pico-decoder-small@2b2b81f5b793cfe7595f1880023e3199b0ca4d01,ds003604,98000,,Phon,ses-7,72,0.0418950731944287,0.0247483063693052,0.0281004137457928,,
pico-decoder-small,pico-lm/pico-decoder-small@a014170484f226c32a449440e37684a5138bffea,ds003604,99000,,Phon,ses-7,72,0.0145113344576919,0.0167498065372776,0.0096603976982136,,
pico-decoder-small,pico-lm/pico-decoder-small@912032713d1ca4f482ce957408afca3e5a267267,ds003604,100000,,Phon,ses-7,72,0.041576344059108,0.0296027191847714,0.0278088623062576,,
pico-decoder-small,pico-lm/pico-decoder-small@0405a0c52b2083efba346cb0195a2684e628b1af,ds003604,101000,,Phon,ses-7,72,0.0592960117562637,0.0433218040487091,0.0396614083282036,,
pico-decoder-small,pico-lm/pico-decoder-small@a29b66f6847b3a1ec6358c6bdf5686f8db25e228,ds003604,102000,,Phon,ses-7,72,0.0793994691222859,0.0483370990049721,0.0539253787565576,,
pico-decoder-small,pico-lm/pico-decoder-small@b6e1c3f17ee3de24e5563176b76cde040230086b,ds003604,103000,,Phon,ses-7,72,0.0815381040365083,0.0486398130273156,0.0551362972354676,,
pico-decoder-small,pico-lm/pico-decoder-small@fd779f78578d7ce2eb7316f95b1536f35f90d660,ds003604,104000,,Phon,ses-7,72,0.0943001959699473,0.0570024104307068,0.0632887124880179,,
pico-decoder-small,pico-lm/pico-decoder-small@2a9ae447eace88eb5c4be50d7b3c867cbd1a9a7e,ds003604,105000,,Phon,ses-7,72,0.0836791456061412,0.0504434829441103,0.0566755173353668,,
pico-decoder-small,pico-lm/pico-decoder-small@36d78ffabfbf506523a459e2116bbc012c1adab7,ds003604,106000,,Phon,ses-7,72,0.064523063938514,0.0402489047050956,0.0433045763163455,,
pico-decoder-small,pico-lm/pico-decoder-small@3f9b3375f2ae4b81043ba582d1b2ec8bc15a04e1,ds003604,107000,,Phon,ses-7,72,0.0833039193547521,0.043361748613299,0.0558706883615237,,
pico-decoder-small,pico-lm/pico-decoder-small@00c972e3e00659382b3fe4f9d9f634ebbd9833c1,ds003604,108000,,Phon,ses-7,72,0.0477020747155406,0.0241311027671484,0.0319787828952405,,
pico-decoder-small,pico-lm/pico-decoder-small@076cdde7affce35bd2bad3498e51f33f575aaddb,ds003604,109000,,Phon,ses-7,72,0.0373317038501215,0.0338763910049914,0.02515733671435,,
pico-decoder-small,pico-lm/pico-decoder-small@1f7f52ddf73285dd5484e753c1740cc68df81b76,ds003604,110000,,Phon,ses-7,72,0.0226982127665983,0.0250710446948242,0.015548389270172,,
pico-decoder-small,pico-lm/pico-decoder-small@a801b2ab639f60dbd4ebfe264aab726255eb2877,ds003604,111000,,Phon,ses-7,72,0.0492563817446441,0.0379872631982939,0.0335688407461511,,
pico-decoder-small,pico-lm/pico-decoder-small@197b11d764b16772e54f2cbbfab17581cbdb9b59,ds003604,112000,,Phon,ses-7,72,0.0546977304581943,0.0346176072010073,0.0373467593996245,,
pico-decoder-small,pico-lm/pico-decoder-small@0ff198943f69ee08bd0b54c8ab55d364ce931a26,ds003604,113000,,Phon,ses-7,72,0.0662587367780505,0.0414184954206526,0.0455604249545982,,
pico-decoder-small,pico-lm/pico-decoder-small@fe2f1951a2f9a01d14429415f467c91c8a765024,ds003604,114000,,Phon,ses-7,72,0.0231756015042293,0.0181901198775437,0.0166000569627812,,
pico-decoder-small,pico-lm/pico-decoder-small@dde9b48ac9a426d9bc86b1fc423b8241736f6ea3,ds003604,115000,,Phon,ses-7,72,0.0276584531699871,0.0081361692999049,0.0192325949609376,,
pico-decoder-small,pico-lm/pico-decoder-small@eb892260583a7bfbf95a1aecbf60ebc4ee0b8fe2,ds003604,116000,,Phon,ses-7,72,0.0575948168245449,0.0293771788613094,0.0391518058120411,,
pico-decoder-small,pico-lm/pico-decoder-small@62d95f269e32053c9fc3638cfe64f8b2f7b23654,ds003604,117000,,Phon,ses-7,72,0.0648983800172922,0.0392622359064381,0.0438515415169862,,
pico-decoder-small,pico-lm/pico-decoder-small@31ddb818fbb16fbd1caf8ec968855022dd6afc74,ds003604,118000,,Phon,ses-7,72,0.0555929660282048,0.0403288785995802,0.0378379868250599,,
pico-decoder-small,pico-lm/pico-decoder-small@82d2ace20cd9a6db92a58205d7a22f5f6173e7b8,ds003604,119000,,Phon,ses-7,72,0.0460851723685733,0.0309239333997597,0.0313160546230197,,
pico-decoder-small,pico-lm/pico-decoder-small@8e25d91566448034f3bb0406ab0045355c528ae7,ds003604,120000,,Phon,ses-7,72,0.0488056214382564,0.029620158609146,0.0330708757874492,,
pico-decoder-small,pico-lm/pico-decoder-small@8a2f1db72ebb1ce87faaf75ea1db7910f308be65,ds003604,121000,,Phon,ses-7,72,0.0554718478069923,0.0317135995159814,0.0381858885428246,,
pico-decoder-small,pico-lm/pico-decoder-small@e197ddf7837d73cb367f53e1dd174a4745892831,ds003604,122000,,Phon,ses-7,72,0.0503910640776817,0.03451118110086,0.0339920803358966,,
pico-decoder-small,pico-lm/pico-decoder-small@51a1f29ffaf81f8b5d071b1858b6ac094aca1b30,ds003604,123000,,Phon,ses-7,72,0.031202174573056,0.0191746983944972,0.0213996306606763,,
pico-decoder-small,pico-lm/pico-decoder-small@c2d4754b377c202474754e86b41f1321342ad24a,ds003604,124000,,Phon,ses-7,72,0.039281146473148,0.0186284337010405,0.026714319401952,,
pico-decoder-small,pico-lm/pico-decoder-small@ef21ca419b33425716396ead8c1e60e01f301271,ds003604,125000,,Phon,ses-7,72,0.0497026607422413,0.0254993542088006,0.0339283800213763,,
pico-decoder-small,pico-lm/pico-decoder-small@a8294defc7001e32644ce53dbcb87ef35587ff22,ds003604,0,,Phon,ses-9,72,-0.0035973325447782,-0.0093236833515391,-0.0021376355545755,,
pico-decoder-small,pico-lm/pico-decoder-small@5e3d06988f3cc3adbf36b55cd8b1ddb3ae9f9bde,ds003604,1000,,Phon,ses-9,72,0.0011049782119894,-0.0085532925956391,0.0008636292641694,,
pico-decoder-small,pico-lm/pico-decoder-small@9f1ca389bbb1cc08b42a32bfe58fb818b24b3490,ds003604,2000,,Phon,ses-9,72,0.013753436342281,0.0189905551803765,0.0094601092092892,,
pico-decoder-small,pico-lm/pico-decoder-small@f2269f20ce160cf71bea0a02ccf685e126dd2dc1,ds003604,3000,,Phon,ses-9,72,-0.0037999687623457,0.0188358227763291,-0.0025290249870608,,
pico-decoder-small,pico-lm/pico-decoder-small@10da1c98e1cd32fc61ab4ced31075c08cf699861,ds003604,4000,,Phon,ses-9,72,0.0204581124266739,0.0227894239281778,0.0137941806087667,,
pico-decoder-small,pico-lm/pico-decoder-small@be2865b50166a683e659f4a1f99e058c77288911,ds003604,5000,,Phon,ses-9,72,0.0023859340283005,-0.0102795417059688,0.001415494489004,,
pico-decoder-small,pico-lm/pico-decoder-small@496ea4785860af671e895085f1bcdc3bff2f9d97,ds003604,6000,,Phon,ses-9,72,0.0265259022612396,0.0128806708661672,0.01787590076226,,
pico-decoder-small,pico-lm/pico-decoder-small@c5bddf28e9cfbede4fe480513c4a3487279f7d47,ds003604,7000,,Phon,ses-9,72,0.0462125634160258,0.023309129437277,0.0309173151542435,,
pico-decoder-small,pico-lm/pico-decoder-small@9fe9969ca88ccf3b71599f85000ce082bf854421,ds003604,8000,,Phon,ses-9,72,0.0334969345199761,0.0248124435376657,0.0225443988129691,,
pico-decoder-small,pico-lm/pico-decoder-small@8335f55c1bf51378b17a73d527c39899546e2d5b,ds003604,9000,,Phon,ses-9,72,0.0209356930356081,-0.0036766390367143,0.0137390553365857,,
pico-decoder-small,pico-lm/pico-decoder-small@8ce4e4fa15c0cec038fcb9f29d30cc50bac60a3d,ds003604,10000,,Phon,ses-9,72,0.052617836907531,0.0066590134087671,0.0357266889005264,,
pico-decoder-small,pico-lm/pico-decoder-small@3261da23d1d8811f9a32b69d6d6b9a17ca82fcd0,ds003604,11000,,Phon,ses-9,72,0.0222866739727953,0.006863487500184,0.014853810840691,,
pico-decoder-small,pico-lm/pico-decoder-small@a6a20b8103a7cdacefa2bb78dee23c516ad6e78e,ds003604,12000,,Phon,ses-9,72,0.019760426688147,0.025932635758386,0.0129936391560933,,
pico-decoder-small,pico-lm/pico-decoder-small@c2395fd6ba7da947893c62b8169b47a83345153b,ds003604,13000,,Phon,ses-9,72,0.0250893460041836,0.0106692790352944,0.0169865463710727,,
pico-decoder-small,pico-lm/pico-decoder-small@6dc7fa92550aabc62d659674176bda49750efe64,ds003604,14000,,Phon,ses-9,72,0.0422855701019753,0.0113755888255158,0.0284238153425882,,
pico-decoder-small,pico-lm/pico-decoder-small@d1c60a45e64f88520c2cd94890471321a15410bf,ds003604,15000,,Phon,ses-9,72,0.0125695645309382,0.0022475645274785,0.008856793730419,,
pico-decoder-small,pico-lm/pico-decoder-small@cbb63c23390c0d43e0d6dfaa0c69aed19778fa74,ds003604,16000,,Phon,ses-9,72,0.0585383191659192,0.0575155623843318,0.0389827549773527,,
pico-decoder-small,pico-lm/pico-decoder-small@a4f386c7a4155bfab638b897e60bc656a82e6a4f,ds003604,17000,,Phon,ses-9,72,0.0486280542484562,0.0259795482356005,0.0324461227027308,,
pico-decoder-small,pico-lm/pico-decoder-small@9b68d0ee8ceef680cc668de7d4560f7d8d311e42,ds003604,18000,,Phon,ses-9,72,0.0127456757984148,0.0183659630993273,0.0084880669098303,,
pico-decoder-small,pico-lm/pico-decoder-small@a161849d9bc2ecbb0bc6095f0fe9fa54a03b14ce,ds003604,19000,,Phon,ses-9,72,0.0097027219685897,0.0103291278901617,0.0065543948623246,,
pico-decoder-small,pico-lm/pico-decoder-small@082423f29dc36ca1b544cb85c655531783bb8985,ds003604,20000,,Phon,ses-9,72,0.0353013368101275,0.0299251172168248,0.0236701793715106,,
pico-decoder-small,pico-lm/pico-decoder-small@62236c27ddef441fc85ceabb80793b680397d2f4,ds003604,21000,,Phon,ses-9,72,0.0500942140198845,0.0147016363067431,0.0336931788600706,,
pico-decoder-small,pico-lm/pico-decoder-small@457283267b592ffd80ca1a4ede807a4a5606a7f4,ds003604,22000,,Phon,ses-9,72,0.0612855547630504,0.0161864881742859,0.0408361891286838,,
pico-decoder-small,pico-lm/pico-decoder-small@542883f65bdcba033a9c80f753fdd6f6829cb7e7,ds003604,23000,,Phon,ses-9,72,0.0340129892776171,0.0126471571865342,0.0232224396607958,,
pico-decoder-small,pico-lm/pico-decoder-small@bbc3997ae0773f6e0f145401283a22dced84175c,ds003604,24000,,Phon,ses-9,72,0.0413539946820245,0.0114070215697396,0.0282235268536638,,
pico-decoder-small,pico-lm/pico-decoder-small@8316a2db89b6a337de59490bec6e6ed79275e85f,ds003604,25000,,Phon,ses-9,72,0.0332792389202703,-0.0098600226626096,0.0226956870599548,,
pico-decoder-small,pico-lm/pico-decoder-small@b2ff4ecd5fdb6684736075b48a28007f425925d5,ds003604,26000,,Phon,ses-9,72,0.0587409661627734,0.0132095418989245,0.0395438077475507,,
pico-decoder-small,pico-lm/pico-decoder-small@d0bf4c35052d4efe8b11ad72cf76ba92d8837271,ds003604,27000,,Phon,ses-9,72,0.0433574027259831,0.0047349927367938,0.0294007576662409,,
pico-decoder-small,pico-lm/pico-decoder-small@c5fe4eaa6e28635b04a285d9d63224a7013711d4,ds003604,28000,,Phon,ses-9,72,0.0538591163253587,0.0274625563425664,0.0362222038471314,,
pico-decoder-small,pico-lm/pico-decoder-small@574194afaad5aebab0de6f7ec3ebd45241ba9f36,ds003604,29000,,Phon,ses-9,72,0.0490899172201444,0.0303694626618655,0.0336447911211561,,
pico-decoder-small,pico-lm/pico-decoder-small@4e76d0f5009af59c7519cc564d83ccb252becc09,ds003604,30000,,Phon,ses-9,72,0.0579041686990562,0.0356035559492451,0.0390268551950975,,
pico-decoder-small,pico-lm/pico-decoder-small@63e4f365e97340e8419c8d14c3479eab48b41672,ds003604,31000,,Phon,ses-9,72,0.0361023333882394,0.0289665803770766,0.0244351956487785,,
pico-decoder-small,pico-lm/pico-decoder-small@8c1e326d52a990b3ef622fa0187927b4c3c8b198,ds003604,32000,,Phon,ses-9,72,0.0387075712858213,0.0343725962181255,0.026095691347476,,
pico-decoder-small,pico-lm/pico-decoder-small@5087b4b665fc374f51db109f5832fccfa45038ed,ds003604,33000,,Phon,ses-9,72,0.0405489551527812,0.0296132515486548,0.0269427830299912,,
pico-decoder-small,pico-lm/pico-decoder-small@1b37af2dca833f47e09a88bc07d1b193eb75b975,ds003604,34000,,Phon,ses-9,72,0.0363021526188828,0.0398178016056761,0.0239905184531848,,
pico-decoder-small,pico-lm/pico-decoder-small@f84a2138adf461f090569b0490e077e154d5692a,ds003604,35000,,Phon,ses-9,72,0.0912679236946223,0.0753251348354827,0.0609648760140753,,
pico-decoder-small,pico-lm/pico-decoder-small@a5edb37d58f3dac4abc7615fe9f16119c9719363,ds003604,36000,,Phon,ses-9,72,0.0703202821790174,0.056999325421018,0.046466929430464,,
pico-decoder-small,pico-lm/pico-decoder-small@ad19a8ed94822569698ab34f7cbdb71a73e75edb,ds003604,37000,,Phon,ses-9,72,0.1069073248777949,0.0894025310351579,0.0722827068958652,,
pico-decoder-small,pico-lm/pico-decoder-small@6ffc4bc90cff1f5d9492cc62aa823b2f31820dec,ds003604,38000,,Phon,ses-9,72,0.0783857655983527,0.05345506292215,0.0522507954883027,,
pico-decoder-small,pico-lm/pico-decoder-small@2be3f69fedc1c81a1c9dee69aecdfbb30a7ed07b,ds003604,39000,,Phon,ses-9,72,0.0882457056193115,0.0842456038443369,0.0586594146308597,,
pico-decoder-small,pico-lm/pico-decoder-small@89ce452106683eb2c3d635f0b06d00b4836a270d,ds003604,40000,,Phon,ses-9,72,0.0922269539577967,0.0639077143451538,0.0614824410695527,,
pico-decoder-small,pico-lm/pico-decoder-small@fb21f9a6029769e4fde8c343509be2fc23d627f8,ds003604,41000,,Phon,ses-9,72,0.0629005793582746,0.042976087632844,0.0420066824079943,,
pico-decoder-small,pico-lm/pico-decoder-small@3b04367b1f9f520d1eb5dc4b1d62222a11574175,ds003604,42000,,Phon,ses-9,72,0.0406435182419,0.0358904327967733,0.0275075108183346,,
pico-decoder-small,pico-lm/pico-decoder-small@a8fcdde6a31d48184ff170362f4802ba6f7c825b,ds003604,43000,,Phon,ses-9,72,0.0787308745227035,0.0639553432331211,0.0522507954883027,,
pico-decoder-small,pico-lm/pico-decoder-small@42a2d16068cea73c52aa94a34fd039b076c656d2,ds003604,44000,,Phon,ses-9,72,0.0400594993629998,0.0407441304498843,0.0268215074311929,,
pico-decoder-small,pico-lm/pico-decoder-small@9b211dca4e657296153efe83773900826fe138d5,ds003604,45000,,Phon,ses-9,72,0.0714357342645832,0.062972468714836,0.0475688223710604,,
pico-decoder-small,pico-lm/pico-decoder-small@8866040c1a6ead0d48bd6a4f6ff9046c778670fa,ds003604,46000,,Phon,ses-9,72,0.0745280263268699,0.0543593604628333,0.0498595836816944,,
pico-decoder-small,pico-lm/pico-decoder-small@2c39df607c549d2902ed46ce83a2e6630df09d90,ds003604,47000,,Phon,ses-9,72,0.0804048438506959,0.0462367885347974,0.0537348903160209,,
pico-decoder-small,pico-lm/pico-decoder-small@e2f848f2a712b27ddfebe48ddc4dd6258de6df59,ds003604,48000,,Phon,ses-9,72,0.0620435089307522,0.0442596973016302,0.0416097804482909,,
pico-decoder-small,pico-lm/pico-decoder-small@fa46e0b2c4bcc53653b39cd684396f35c777aead,ds003604,49000,,Phon,ses-9,72,0.0378902297159775,0.0372074199858298,0.0246373216467756,,
pico-decoder-small,pico-lm/pico-decoder-small@1c1daa1853e150e7a21ae4af47574da037fbb206,ds003604,50000,,Phon,ses-9,72,0.065036372133904,0.0496856342904316,0.0432819137044489,,
pico-decoder-small,pico-lm/pico-decoder-small@7aa7c5e89a41da940802066eaa61d34d72089434,ds003604,51000,,Phon,ses-9,72,0.0537873801723737,0.0465964897925904,0.0355784631686618,,
pico-decoder-small,pico-lm/pico-decoder-small@9213448a01fde86281f3df23d6846b5c31f86998,ds003604,52000,,Phon,ses-9,72,0.02083668816175,0.0100929738181183,0.0139246437529285,,
pico-decoder-small,pico-lm/pico-decoder-small@41f9cd78186e1fbaf4b6b2164f52331d4ef4c15e,ds003604,53000,,Phon,ses-9,72,0.0429367712445395,0.0485793362897675,0.0288262298295097,,
pico-decoder-small,pico-lm/pico-decoder-small@f4454c4dd5fa26693e9755fbac1a1f6aa12f6c37,ds003604,54000,,Phon,ses-9,72,0.0228430892543155,0.0341921606265942,0.014916898652187,,
pico-decoder-small,pico-lm/pico-decoder-small@497f4bdf16cbdcb120415cd944d84b34d1fef37a,ds003604,55000,,Phon,ses-9,72,0.0480417386628699,0.040732271382658,0.0320081830404037,,
pico-decoder-small,pico-lm/pico-decoder-small@79119d3d39e86e4f4fdd14e0de769ebbba87b4c1,ds003604,56000,,Phon,ses-9,72,0.0382839022013858,0.0466898730834662,0.0253380251064989,,
pico-decoder-small,pico-lm/pico-decoder-small@1e0aa9e9184e67611fe6a3fe7e0d301e199367b4,ds003604,57000,,Phon,ses-9,72,0.0348605128502194,0.0106725715008058,0.0231618018613966,,
pico-decoder-small,pico-lm/pico-decoder-small@12cffd4abfebe78cd4df44f368d49ae2aec28999,ds003604,58000,,Phon,ses-9,72,0.0618476960016654,0.0174620948529137,0.0414572671952567,,
pico-decoder-small,pico-lm/pico-decoder-small@88752c656e1478698735820b50bc1648b43897bc,ds003604,59000,,Phon,ses-9,72,0.0620739790997751,0.0276708951981496,0.0414352170863843,,
pico-decoder-small,pico-lm/pico-decoder-small@ef0c2a9858930c1b946d7fd3ec94d87a30fb6316,ds003604,60000,,Phon,ses-9,72,0.0341133717443154,0.0192983672350587,0.0229811134692477,,
pico-decoder-small,pico-lm/pico-decoder-small@2adfdbab6dd63824aeb0c5b7f40693509b21f72e,ds003604,61000,,Phon,ses-9,72,0.0380067430259119,0.0138750019470295,0.0255456636317141,,
pico-decoder-small,pico-lm/pico-decoder-small@8f2f5e9d39b7ef2738d2ddfa5002e690090afb1b,ds003604,62000,,Phon,ses-9,72,0.0678865520748723,0.0232185491065336,0.0452872486057899,,
pico-decoder-small,pico-lm/pico-decoder-small@27a605b8a3168bf13fde7e4903edf05011890db5,ds003604,63000,,Phon,ses-9,72,0.0804626416673593,0.0302824401262021,0.0535523644147993,,
pico-decoder-small,pico-lm/pico-decoder-small@64faca95211d12573bc85e90ab9b9346d61f571c,ds003604,64000,,Phon,ses-9,72,0.0750135620493883,0.0198054634077522,0.0492948558933509,,
pico-decoder-small,pico-lm/pico-decoder-small@04de7a38c9b974bc56e59c77ce6289b59ac333a3,ds003604,65000,,Phon,ses-9,72,0.0944063798487472,0.0309021095131817,0.0629910360182403,,
pico-decoder-small,pico-lm/pico-decoder-small@0a060522b26b84154fe744cff68debc60a62771b,ds003604,66000,,Phon,ses-9,72,0.0778906521202923,0.0431947655335703,0.0516144048461239,,
pico-decoder-small,pico-lm/pico-decoder-small@96a66aee1fd9e46f20ddd7b0e811fbcd6761cd3b,ds003604,67000,,Phon,ses-9,72,0.0928734984485067,0.0571871195358037,0.0616061666804479,,
pico-decoder-small,pico-lm/pico-decoder-small@e7396619711d862dc1bed1a5f5797fb2b5cc9768,ds003604,68000,,Phon,ses-9,72,0.0609477254503173,0.0304722540834632,0.0403222990913517,,
pico-decoder-small,pico-lm/pico-decoder-small@ba3a7a617ab159a7fcbc81cd6ffb20319f00199a,ds003604,69000,,Phon,ses-9,72,0.0504523572577122,0.0342062666174718,0.0333226145304092,,
pico-decoder-small,pico-lm/pico-decoder-small@63bfd31a42bdd16864908136aa5cce931810bb58,ds003604,70000,,Phon,ses-9,72,0.0469915968381779,0.0257186092679104,0.0311764039334944,,
pico-decoder-small,pico-lm/pico-decoder-small@5e0a9fbd93f2dbafe06c6cb20fa5521f766270e0,ds003604,71000,,Phon,ses-9,72,0.0540339592301003,0.0380204498521656,0.0359190148501358,,
pico-decoder-small,pico-lm/pico-decoder-small@4b4e4304ce873cafd39ac997ad47e16ec2d5d76d,ds003604,72000,,Phon,ses-9,72,0.0414851548867262,0.0237851359802427,0.0273684726318336,,
pico-decoder-small,pico-lm/pico-decoder-small@f2bf3399e04924384ec7ea3acb5440318247824d,ds003604,73000,,Phon,ses-9,72,0.039094364430458,0.0403735125471396,0.0263921428112051,,
pico-decoder-small,pico-lm/pico-decoder-small@81c21ab4b67c2a986c2c4a8771db3b328075f9ca,ds003604,74000,,Phon,ses-9,72,0.0426213944673823,0.0318339588058008,0.0283993152216189,,
pico-decoder-small,pico-lm/pico-decoder-small@67737816c3793c77c33cd993cb625dfe02f5dba2,ds003604,75000,,Phon,ses-9,72,0.0240950236377361,0.0083402101426269,0.0159391661996331,,
pico-decoder-small,pico-lm/pico-decoder-small@cd3c66fe9f41cb98971992c1c48e0000704daae7,ds003604,76000,,Phon,ses-9,72,0.0341240008396201,0.0087256254687676,0.0228028750891957,,
pico-decoder-small,pico-lm/pico-decoder-small@8bc1f96e0ab394e6d9396f9105337a8ee9281b02,ds003604,77000,,Phon,ses-9,72,0.0035778385640917,-0.0148679578821168,0.0023526241160815,,
pico-decoder-small,pico-lm/pico-decoder-small@54681b82e00ed8da204a8f5e199732edcd50c540,ds003604,78000,,Phon,ses-9,72,0.0057402159351984,-0.0077976642551247,0.0039751446272765,,
pico-decoder-small,pico-lm/pico-decoder-small@9f79f048c9629723d93a9c6d020fad45ecd81ebb,ds003604,79000,,Phon,ses-9,72,-0.0035508033944304,-0.0185923996547841,-0.0027078758701371,,
pico-decoder-small,pico-lm/pico-decoder-small@a8eea15ae0deddaf3beced3d114c9bc8ed9a25e5,ds003604,80000,,Phon,ses-9,72,-0.0036926559329188,-0.0252874887413384,-0.0023832492672932,,
pico-decoder-small,pico-lm/pico-decoder-small@8d7bca4dea2e340144c93745d61646c84d35ffdb,ds003604,81000,,Phon,ses-9,72,9.704879263167916e-05,-0.0195753806791633,0.0002260136159422,,
pico-decoder-small,pico-lm/pico-decoder-small@063ab25b24aefd512a554e49853ed6fc32ee9c1b,ds003604,82000,,Phon,ses-9,72,0.0285224216223781,-0.0028173548461926,0.0188418180314765,,
pico-decoder-small,pico-lm/pico-decoder-small@d63e823855aefabdb4d0fb89c6cb30f1917edff8,ds003604,83000,,Phon,ses-9,72,0.0376663101561314,0.0165049650898237,0.0246336466286302,,
pico-decoder-small,pico-lm/pico-decoder-small@aac007e3728b91b2460f8be94a5ef79547dc60b8,ds003604,84000,,Phon,ses-9,72,0.0399292381508089,0.0081740300099323,0.0262837297759157,,
pico-decoder-small,pico-lm/pico-decoder-small@804cfb5f121020ed666ca55376b9e9f358701d23,ds003604,85000,,Phon,ses-9,72,0.0262825850156682,0.0055257668126885,0.0174894113539685,,
pico-decoder-small,pico-lm/pico-decoder-small@938244e11e03da85918d38722414505f45c1ceda,ds003604,86000,,Phon,ses-9,72,0.0220786006830165,-0.00123370196772,0.0147729604414921,,
pico-decoder-small,pico-lm/pico-decoder-small@9bd6535d2bbcd3e8e0be555350c1a9abcfa9ef20,ds003604,87000,,Phon,ses-9,72,0.0351485763521184,0.0093305191619255,0.0232101896003111,,
pico-decoder-small,pico-lm/pico-decoder-small@5e4f19facb03a2fb589181b485fc44570680d8b4,ds003604,88000,,Phon,ses-9,72,0.0256480421827694,0.0055552879285599,0.0170912843882166,,
pico-decoder-small,pico-lm/pico-decoder-small@48b3ab14f90bae2930c79eefee13f8548f7a3ac0,ds003604,89000,,Phon,ses-9,72,0.0493186896148625,0.0231861002910693,0.0328907998983244,,
pico-decoder-small,pico-lm/pico-decoder-small@a7e691278d2179f7a23f55c82de28f96b4acd2e4,ds003604,90000,,Phon,ses-9,72,0.0580537471116317,0.0289310626262392,0.038614028156764,,
pico-decoder-small,pico-lm/pico-decoder-small@c025f14d64c01b36a07900656ded25b50f8caafd,ds003604,91000,,Phon,ses-9,72,0.0476339316581222,0.0330091877453708,0.0316216936321123,,
pico-decoder-small,pico-lm/pico-decoder-small@b3b967e1f18d21573f4a6146c441a2825a5a8f83,ds003604,92000,,Phon,ses-9,72,0.0516922274634587,0.0259766587268951,0.0345886582815002,,
pico-decoder-small,pico-lm/pico-decoder-small@41ae4009882dd5c1963328961a9ed1964aab8606,ds003604,93000,,Phon,ses-9,72,0.0473271696868952,0.0261631585934298,0.031770531867001,,
pico-decoder-small,pico-lm/pico-decoder-small@bfda4783bf178eae55bcebd43810ed9180cbdc63,ds003604,94000,,Phon,ses-9,72,0.0613799173574365,0.0448922314445609,0.0409556272184093,,
pico-decoder-small,pico-lm/pico-decoder-small@94177e145ce01fae74b87897c8260f2f6fe1deb0,ds003604,95000,,Phon,ses-9,72,0.0681207184246549,0.0480913983246066,0.0450012096934728,,
pico-decoder-small,pico-lm/pico-decoder-small@938d2d29f7aba65159e5bdc0ccfbefdc61757005,ds003604,96000,,Phon,ses-9,72,0.0833952723722918,0.0539436662610707,0.0551228221689344,,
pico-decoder-small,pico-lm/pico-decoder-small@57a25f8bc299440e75e421522b5461ef9addc60f,ds003604,97000,,Phon,ses-9,72,0.0501619453085509,0.0349995551082836,0.0333458896453301,,
pico-decoder-small,pico-lm/pico-decoder-small@2b2b81f5b793cfe7595f1880023e3199b0ca4d01,ds003604,98000,,Phon,ses-9,72,0.0484695211231099,0.0279776967905554,0.0323193345767144,,
pico-decoder-small,pico-lm/pico-decoder-small@a014170484f226c32a449440e37684a5138bffea,ds003604,99000,,Phon,ses-9,72,0.0359722676404473,0.0202856191243414,0.0237528672797821,,
pico-decoder-small,pico-lm/pico-decoder-small@912032713d1ca4f482ce957408afca3e5a267267,ds003604,100000,,Phon,ses-9,72,0.0485670700746445,0.032698085995416,0.0321943839597708,,
pico-decoder-small,pico-lm/pico-decoder-small@0405a0c52b2083efba346cb0195a2684e628b1af,ds003604,101000,,Phon,ses-9,72,0.0630364989773636,0.0435195640548222,0.0419754447537584,,
pico-decoder-small,pico-lm/pico-decoder-small@a29b66f6847b3a1ec6358c6bdf5686f8db25e228,ds003604,102000,,Phon,ses-9,72,0.0730602748141057,0.0498475157490129,0.048954304211877,,
pico-decoder-small,pico-lm/pico-decoder-small@b6e1c3f17ee3de24e5563176b76cde040230086b,ds003604,103000,,Phon,ses-9,72,0.0764342871273783,0.0515659209239462,0.0506687001767071,,
pico-decoder-small,pico-lm/pico-decoder-small@fd779f78578d7ce2eb7316f95b1536f35f90d660,ds003604,104000,,Phon,ses-9,72,0.0826886096438016,0.0593400835529832,0.0550762719390926,,
pico-decoder-small,pico-lm/pico-decoder-small@2a9ae447eace88eb5c4be50d7b3c867cbd1a9a7e,ds003604,105000,,Phon,ses-9,72,0.079039213144265,0.0529659429090106,0.052275295609272,,
pico-decoder-small,pico-lm/pico-decoder-small@36d78ffabfbf506523a459e2116bbc012c1adab7,ds003604,106000,,Phon,ses-9,72,0.0624635741403345,0.0445617696093162,0.0413494666629916,,
pico-decoder-small,pico-lm/pico-decoder-small@3f9b3375f2ae4b81043ba582d1b2ec8bc15a04e1,ds003604,107000,,Phon,ses-9,72,0.0669744210508891,0.0455398767589286,0.0444168818083539,,
pico-decoder-small,pico-lm/pico-decoder-small@00c972e3e00659382b3fe4f9d9f634ebbd9833c1,ds003604,108000,,Phon,ses-9,72,0.0571231626674381,0.0278751254966627,0.0378784120246593,,
pico-decoder-small,pico-lm/pico-decoder-small@076cdde7affce35bd2bad3498e51f33f575aaddb,ds003604,109000,,Phon,ses-9,72,0.0444763796382996,0.0344437119913177,0.0296837340634369,,
pico-decoder-small,pico-lm/pico-decoder-small@1f7f52ddf73285dd5484e753c1740cc68df81b76,ds003604,110000,,Phon,ses-9,72,0.0342411724046624,0.0274203238362379,0.0228224751859712,,
pico-decoder-small,pico-lm/pico-decoder-small@a801b2ab639f60dbd4ebfe264aab726255eb2877,ds003604,111000,,Phon,ses-9,72,0.0526435958096471,0.0380745977139637,0.0350645731313298,,
pico-decoder-small,pico-lm/pico-decoder-small@197b11d764b16772e54f2cbbfab17581cbdb9b59,ds003604,112000,,Phon,ses-9,72,0.0457256350096658,0.035392326488798,0.0305945260604724,,
pico-decoder-small,pico-lm/pico-decoder-small@0ff198943f69ee08bd0b54c8ab55d364ce931a26,ds003604,113000,,Phon,ses-9,72,0.050534875571873,0.0389577035737406,0.0342621941695837,,
pico-decoder-small,pico-lm/pico-decoder-small@fe2f1951a2f9a01d14429415f467c91c8a765024,ds003604,114000,,Phon,ses-9,72,0.027220255044319,0.0203303452179321,0.0186323419971886,,
pico-decoder-small,pico-lm/pico-decoder-small@dde9b48ac9a426d9bc86b1fc423b8241736f6ea3,ds003604,115000,,Phon,ses-9,72,0.039058001584706,0.0121435434694762,0.0261551041408266,,
pico-decoder-small,pico-lm/pico-decoder-small@eb892260583a7bfbf95a1aecbf60ebc4ee0b8fe2,ds003604,116000,,Phon,ses-9,72,0.0465800235506574,0.0303678448781989,0.0309601903659399,,
pico-decoder-small,pico-lm/pico-decoder-small@62d95f269e32053c9fc3638cfe64f8b2f7b23654,ds003604,117000,,Phon,ses-9,72,0.0500620737800422,0.0401439505782628,0.0333887648570264,,
pico-decoder-small,pico-lm/pico-decoder-small@31ddb818fbb16fbd1caf8ec968855022dd6afc74,ds003604,118000,,Phon,ses-9,72,0.0441153159323954,0.0414410339547331,0.0292923446309516,,
pico-decoder-small,pico-lm/pico-decoder-small@82d2ace20cd9a6db92a58205d7a22f5f6173e7b8,ds003604,119000,,Phon,ses-9,72,0.0419365195517882,0.0337574440924416,0.0281984142296702,,
pico-decoder-small,pico-lm/pico-decoder-small@8e25d91566448034f3bb0406ab0045355c528ae7,ds003604,120000,,Phon,ses-9,72,0.0377522160407923,0.0334244590259726,0.0252087869683856,,
pico-decoder-small,pico-lm/pico-decoder-small@8a2f1db72ebb1ce87faaf75ea1db7910f308be65,ds003604,121000,,Phon,ses-9,72,0.0334522119780792,0.0323992778728011,0.0226466868180161,,
pico-decoder-small,pico-lm/pico-decoder-small@e197ddf7837d73cb367f53e1dd174a4745892831,ds003604,122000,,Phon,ses-9,72,0.0326971495336893,0.0355768916587812,0.0218583954258274,,
pico-decoder-small,pico-lm/pico-decoder-small@51a1f29ffaf81f8b5d071b1858b6ac094aca1b30,ds003604,123000,,Phon,ses-9,72,0.0226595805216866,0.0211006652210024,0.0152672503820487,,
pico-decoder-small,pico-lm/pico-decoder-small@c2d4754b377c202474754e86b41f1321342ad24a,ds003604,124000,,Phon,ses-9,72,0.0260286523285553,0.0205107470097286,0.0174777737965081,,
pico-decoder-small,pico-lm/pico-decoder-small@ef21ca419b33425716396ead8c1e60e01f301271,ds003604,125000,,Phon,ses-9,72,0.0316038697222451,0.0255017735900235,0.0213696180124889,,
pico-decoder-small,pico-lm/pico-decoder-small@a8294defc7001e32644ce53dbcb87ef35587ff22,ds003604,0,,Plaus,ses-5,60,-0.0146599531431983,0.0073520176936646,-0.0098858878424083,,
pico-decoder-small,pico-lm/pico-decoder-small@5e3d06988f3cc3adbf36b55cd8b1ddb3ae9f9bde,ds003604,1000,,Plaus,ses-5,60,-0.0131508250919231,-0.0110224183405956,-0.0083797223366644,,
pico-decoder-small,pico-lm/pico-decoder-small@9f1ca389bbb1cc08b42a32bfe58fb818b24b3490,ds003604,2000,,Plaus,ses-5,60,-0.0508210717120988,-0.0381264083261111,-0.0341442226927658,,
pico-decoder-small,pico-lm/pico-decoder-small@f2269f20ce160cf71bea0a02ccf685e126dd2dc1,ds003604,3000,,Plaus,ses-5,60,-0.0290096948761503,-0.014858615009774,-0.0198413991115028,,
pico-decoder-small,pico-lm/pico-decoder-small@10da1c98e1cd32fc61ab4ced31075c08cf699861,ds003604,4000,,Plaus,ses-5,60,-0.0237977181701762,-0.012845439384711,-0.0159360997467368,,
pico-decoder-small,pico-lm/pico-decoder-small@be2865b50166a683e659f4a1f99e058c77288911,ds003604,5000,,Plaus,ses-5,60,-0.0303855494949306,-0.0190537537538481,-0.0207292574885105,,
pico-decoder-small,pico-lm/pico-decoder-small@496ea4785860af671e895085f1bcdc3bff2f9d97,ds003604,6000,,Plaus,ses-5,60,-0.0301607595901821,-0.0153818646217964,-0.0199908659174163,,
pico-decoder-small,pico-lm/pico-decoder-small@c5bddf28e9cfbede4fe480513c4a3487279f7d47,ds003604,7000,,Plaus,ses-5,60,0.0005906512937243,-0.0028921761893402,0.0004068818605423,,
pico-decoder-small,pico-lm/pico-decoder-small@9fe9969ca88ccf3b71599f85000ce082bf854421,ds003604,8000,,Plaus,ses-5,60,-0.0099608582057271,-0.0081579586014255,-0.0067956296927946,,
pico-decoder-small,pico-lm/pico-decoder-small@8335f55c1bf51378b17a73d527c39899546e2d5b,ds003604,9000,,Plaus,ses-5,60,-0.0200338203029272,-0.0131835488621519,-0.0131051728928533,,
pico-decoder-small,pico-lm/pico-decoder-small@8ce4e4fa15c0cec038fcb9f29d30cc50bac60a3d,ds003604,10000,,Plaus,ses-5,60,-0.0247026513987226,-0.013145735531825,-0.0158096278340407,,
pico-decoder-small,pico-lm/pico-decoder-small@3261da23d1d8811f9a32b69d6d6b9a17ca82fcd0,ds003604,11000,,Plaus,ses-5,60,0.0087105363142809,0.0195121162500747,0.0059243787386662,,
pico-decoder-small,pico-lm/pico-decoder-small@a6a20b8103a7cdacefa2bb78dee23c516ad6e78e,ds003604,12000,,Plaus,ses-5,60,-0.0077754863975257,-0.0126214611506511,-0.0048627811684599,,
pico-decoder-small,pico-lm/pico-decoder-small@c2395fd6ba7da947893c62b8169b47a83345153b,ds003604,13000,,Plaus,ses-5,60,-0.0076185169288242,-0.0118311826075012,-0.0051259449463931,,
pico-decoder-small,pico-lm/pico-decoder-small@6dc7fa92550aabc62d659674176bda49750efe64,ds003604,14000,,Plaus,ses-5,60,-0.0141144963579814,-0.0114781301246814,-0.0095626818432961,,
pico-decoder-small,pico-lm/pico-decoder-small@d1c60a45e64f88520c2cd94890471321a15410bf,ds003604,15000,,Plaus,ses-5,60,-0.0180844739994728,-0.0176503840807297,-0.011945208279439,,
pico-decoder-small,pico-lm/pico-decoder-small@cbb63c23390c0d43e0d6dfaa0c69aed19778fa74,ds003604,16000,,Plaus,ses-5,60,-0.0146115461446681,-0.0161036621762159,-0.0092228684213047,,
pico-decoder-small,pico-lm/pico-decoder-small@a4f386c7a4155bfab638b897e60bc656a82e6a4f,ds003604,17000,,Plaus,ses-5,60,0.0221171649861028,0.0214183970515677,0.0145934534816503,,
pico-decoder-small,pico-lm/pico-decoder-small@9b68d0ee8ceef680cc668de7d4560f7d8d311e42,ds003604,18000,,Plaus,ses-5,60,-0.0063176045410824,0.0015723266244214,-0.0040502949414428,,
pico-decoder-small,pico-lm/pico-decoder-small@a161849d9bc2ecbb0bc6095f0fe9fa54a03b14ce,ds003604,19000,,Plaus,ses-5,60,0.0206271495733461,0.0174230133837017,0.0137196475393867,,
pico-decoder-small,pico-lm/pico-decoder-small@082423f29dc36ca1b544cb85c655531783bb8985,ds003604,20000,,Plaus,ses-5,60,-0.009242567509669,-0.0016891679455976,-0.0060878979793237,,
pico-decoder-small,pico-lm/pico-decoder-small@62236c27ddef441fc85ceabb80793b680397d2f4,ds003604,21000,,Plaus,ses-5,60,0.0002587033688043,-0.0005278488562443,0.000277854959711,,
pico-decoder-small,pico-lm/pico-decoder-small@457283267b592ffd80ca1a4ede807a4a5606a7f4,ds003604,22000,,Plaus,ses-5,60,-0.0015755256431389,-0.001802405040335,-0.0008412298435389,,
pico-decoder-small,pico-lm/pico-decoder-small@542883f65bdcba033a9c80f753fdd6f6829cb7e7,ds003604,23000,,Plaus,ses-5,60,-0.0138525069224209,-0.0065021878088744,-0.0093787226975564,,
pico-decoder-small,pico-lm/pico-decoder-small@bbc3997ae0773f6e0f145401283a22dced84175c,ds003604,24000,,Plaus,ses-5,60,-0.0312609178607688,-0.0239487623834773,-0.0210524634876226,,
pico-decoder-small,pico-lm/pico-decoder-small@8316a2db89b6a337de59490bec6e6ed79275e85f,ds003604,25000,,Plaus,ses-5,60,0.004713196784041,-0.0032252458289086,0.0032735785483196,,
pico-decoder-small,pico-lm/pico-decoder-small@b2ff4ecd5fdb6684736075b48a28007f425925d5,ds003604,26000,,Plaus,ses-5,60,-0.0015630457307368,-0.0149850483779949,-0.0009127695113265,,
pico-decoder-small,pico-lm/pico-decoder-small@d0bf4c35052d4efe8b11ad72cf76ba92d8837271,ds003604,27000,,Plaus,ses-5,60,-0.008510896668235,-0.0116893665038661,-0.0055385755302398,,
pico-decoder-small,pico-lm/pico-decoder-small@c5fe4eaa6e28635b04a285d9d63224a7013711d4,ds003604,28000,,Plaus,ses-5,60,-0.0130358722660515,-0.0154678071857857,-0.0087208132527234,,
pico-decoder-small,pico-lm/pico-decoder-small@574194afaad5aebab0de6f7ec3ebd45241ba9f36,ds003604,29000,,Plaus,ses-5,60,-0.0055250164924141,-0.0109032161232023,-0.0034805325872767,,
pico-decoder-small,pico-lm/pico-decoder-small@4e76d0f5009af59c7519cc564d83ccb252becc09,ds003604,30000,,Plaus,ses-5,60,-0.0104362677767,-0.0086151166545174,-0.0066116705470548,,
pico-decoder-small,pico-lm/pico-decoder-small@63e4f365e97340e8419c8d14c3479eab48b41672,ds003604,31000,,Plaus,ses-5,60,-0.0223335087146582,-0.0259758106052871,-0.015023968982444,,
pico-decoder-small,pico-lm/pico-decoder-small@8c1e326d52a990b3ef622fa0187927b4c3c8b198,ds003604,32000,,Plaus,ses-5,60,0.0017291127461243,0.0006806720859754,0.0006687681444079,,
pico-decoder-small,pico-lm/pico-decoder-small@5087b4b665fc374f51db109f5832fccfa45038ed,ds003604,33000,,Plaus,ses-5,60,-0.0174497231921562,-0.0187322135339115,-0.0117599716396317,,
pico-decoder-small,pico-lm/pico-decoder-small@1b37af2dca833f47e09a88bc07d1b193eb75b975,ds003604,34000,,Plaus,ses-5,60,-0.0144961821546979,-0.0080395311978638,-0.0095716243017696,,
pico-decoder-small,pico-lm/pico-decoder-small@f84a2138adf461f090569b0490e077e154d5692a,ds003604,35000,,Plaus,ses-5,60,-0.032828833722052,-0.0206598272346997,-0.0213858894392759,,
pico-decoder-small,pico-lm/pico-decoder-small@a5edb37d58f3dac4abc7615fe9f16119c9719363,ds003604,36000,,Plaus,ses-5,60,-0.0182005867409067,-0.0173643942886958,-0.0121100050141642,,
pico-decoder-small,pico-lm/pico-decoder-small@ad19a8ed94822569698ab34f7cbdb71a73e75edb,ds003604,37000,,Plaus,ses-5,60,-0.026696673927518,-0.0298972116397561,-0.0179481529032649,,
pico-decoder-small,pico-lm/pico-decoder-small@6ffc4bc90cff1f5d9492cc62aa823b2f31820dec,ds003604,38000,,Plaus,ses-5,60,-0.0203187570232305,-0.0213696818557008,-0.0131498851852206,,
pico-decoder-small,pico-lm/pico-decoder-small@2be3f69fedc1c81a1c9dee69aecdfbb30a7ed07b,ds003604,39000,,Plaus,ses-5,60,-0.0206615337120937,-0.0219281963223819,-0.0139483189774937,,
pico-decoder-small,pico-lm/pico-decoder-small@89ce452106683eb2c3d635f0b06d00b4836a270d,ds003604,40000,,Plaus,ses-5,60,-0.0299561448585436,-0.0238148419208546,-0.0196906548115217,,
pico-decoder-small,pico-lm/pico-decoder-small@fb21f9a6029769e4fde8c343509be2fc23d627f8,ds003604,41000,,Plaus,ses-5,60,-0.0036482276682265,-0.0154267472269797,-0.0022605257526835,,
pico-decoder-small,pico-lm/pico-decoder-small@3b04367b1f9f520d1eb5dc4b1d62222a11574175,ds003604,42000,,Plaus,ses-5,60,-0.0061435176617513,-0.0101872169965199,-0.0041026721982159,,
pico-decoder-small,pico-lm/pico-decoder-small@a8fcdde6a31d48184ff170362f4802ba6f7c825b,ds003604,43000,,Plaus,ses-5,60,-0.011414678193681,-0.0190963081712436,-0.0072414751223999,,
pico-decoder-small,pico-lm/pico-decoder-small@42a2d16068cea73c52aa94a34fd039b076c656d2,ds003604,44000,,Plaus,ses-5,60,-0.0176761144728675,-0.0186679098587503,-0.0116871544777763,,
pico-decoder-small,pico-lm/pico-decoder-small@9b211dca4e657296153efe83773900826fe138d5,ds003604,45000,,Plaus,ses-5,60,-0.0173214356653617,-0.0241038806222788,-0.011315403704094,,
pico-decoder-small,pico-lm/pico-decoder-small@8866040c1a6ead0d48bd6a4f6ff9046c778670fa,ds003604,46000,,Plaus,ses-5,60,-0.0152473854548352,-0.025758385822851,-0.0101567165847473,,
pico-decoder-small,pico-lm/pico-decoder-small@2c39df607c549d2902ed46ce83a2e6630df09d90,ds003604,47000,,Plaus,ses-5,60,-0.0023849757478914,-0.0166098344862478,-0.0014135471858402,,
pico-decoder-small,pico-lm/pico-decoder-small@e2f848f2a712b27ddfebe48ddc4dd6258de6df59,ds003604,48000,,Plaus,ses-5,60,-0.0245162295964347,-0.0325526378012277,-0.0160855665526503,,
pico-decoder-small,pico-lm/pico-decoder-small@fa46e0b2c4bcc53653b39cd684396f35c777aead,ds003604,49000,,Plaus,ses-5,60,-0.0174055858081863,-0.022870766333165,-0.0115747349998243,,
pico-decoder-small,pico-lm/pico-decoder-small@1c1daa1853e150e7a21ae4af47574da037fbb206,ds003604,50000,,Plaus,ses-5,60,-0.0167233412194427,-0.0217710734156893,-0.0109066056024502,,
pico-decoder-small,pico-lm/pico-decoder-small@7aa7c5e89a41da940802066eaa61d34d72089434,ds003604,51000,,Plaus,ses-5,60,-0.0214141760865759,-0.0233019562219875,-0.0141821003918713,,
pico-decoder-small,pico-lm/pico-decoder-small@9213448a01fde86281f3df23d6846b5c31f86998,ds003604,52000,,Plaus,ses-5,60,-0.0272463548828422,-0.0241202212032971,-0.0181052846735842,,
pico-decoder-small,pico-lm/pico-decoder-small@41f9cd78186e1fbaf4b6b2164f52331d4ef4c15e,ds003604,53000,,Plaus,ses-5,60,-0.0275335097252563,-0.0224629336423576,-0.0181666043888308,,
pico-decoder-small,pico-lm/pico-decoder-small@f4454c4dd5fa26693e9755fbac1a1f6aa12f6c37,ds003604,54000,,Plaus,ses-5,60,-0.0243206648030076,-0.0263237074139353,-0.0157010408382916,,
pico-decoder-small,pico-lm/pico-decoder-small@497f4bdf16cbdcb120415cd944d84b34d1fef37a,ds003604,55000,,Plaus,ses-5,60,-0.0297672863679663,-0.0288200986256352,-0.0193176265437717,,
pico-decoder-small,pico-lm/pico-decoder-small@79119d3d39e86e4f4fdd14e0de769ebbba87b4c1,ds003604,56000,,Plaus,ses-5,60,-0.0197306343887124,-0.0262984039140136,-0.012659327463248,,
pico-decoder-small,pico-lm/pico-decoder-small@1e0aa9e9184e67611fe6a3fe7e0d301e199367b4,ds003604,57000,,Plaus,ses-5,60,-0.0188044677805076,-0.0293615589674314,-0.0123029066183773,,
pico-decoder-small,pico-lm/pico-decoder-small@12cffd4abfebe78cd4df44f368d49ae2aec28999,ds003604,58000,,Plaus,ses-5,60,-0.0343951720116097,-0.0374731756724403,-0.0227413106450386,,
pico-decoder-small,pico-lm/pico-decoder-small@88752c656e1478698735820b50bc1648b43897bc,ds003604,59000,,Plaus,ses-5,60,-0.0339713159265317,-0.0326471153939474,-0.0219352118883597,,
pico-decoder-small,pico-lm/pico-decoder-small@ef0c2a9858930c1b946d7fd3ec94d87a30fb6316,ds003604,60000,,Plaus,ses-5,60,-0.0463074182751437,-0.0347275849531574,-0.0303807251695074,,
pico-decoder-small,pico-lm/pico-decoder-small@2adfdbab6dd63824aeb0c5b7f40693509b21f72e,ds003604,61000,,Plaus,ses-5,60,-0.041136941010844,-0.0388674981138935,-0.0270758480165307,,
pico-decoder-small,pico-lm/pico-decoder-small@8f2f5e9d39b7ef2738d2ddfa5002e690090afb1b,ds003604,62000,,Plaus,ses-5,60,-0.0513282685959337,-0.0430573821442484,-0.0337290371207838,,
pico-decoder-small,pico-lm/pico-decoder-small@27a605b8a3168bf13fde7e4903edf05011890db5,ds003604,63000,,Plaus,ses-5,60,-0.037830023906866,-0.0306512734270226,-0.0248236259752868,,
pico-decoder-small,pico-lm/pico-decoder-small@64faca95211d12573bc85e90ab9b9346d61f571c,ds003604,64000,,Plaus,ses-5,60,-0.0338190229084459,-0.0345872089407014,-0.0223005751917039,,
pico-decoder-small,pico-lm/pico-decoder-small@04de7a38c9b974bc56e59c77ce6289b59ac333a3,ds003604,65000,,Plaus,ses-5,60,-0.0388330132808546,-0.0386912458177049,-0.025590122415869,,
pico-decoder-small,pico-lm/pico-decoder-small@0a060522b26b84154fe744cff68debc60a62771b,ds003604,66000,,Plaus,ses-5,60,-0.0354047270270459,-0.0310838650276633,-0.0230198043517835,,
pico-decoder-small,pico-lm/pico-decoder-small@96a66aee1fd9e46f20ddd7b0e811fbcd6761cd3b,ds003604,67000,,Plaus,ses-5,60,-0.0311861682276502,-0.0328209537705853,-0.0203741141377074,,
pico-decoder-small,pico-lm/pico-decoder-small@e7396619711d862dc1bed1a5f5797fb2b5cc9768,ds003604,68000,,Plaus,ses-5,60,-0.0232467344738661,-0.029918113340807,-0.015411049684938,,
pico-decoder-small,pico-lm/pico-decoder-small@ba3a7a617ab159a7fcbc81cd6ffb20319f00199a,ds003604,69000,,Plaus,ses-5,60,-0.0164612435828036,-0.019195665011294,-0.0107022065516283,,
pico-decoder-small,pico-lm/pico-decoder-small@63bfd31a42bdd16864908136aa5cce931810bb58,ds003604,70000,,Plaus,ses-5,60,-0.0334475080131149,-0.030200841534952,-0.0225931213331928,,
pico-decoder-small,pico-lm/pico-decoder-small@5e0a9fbd93f2dbafe06c6cb20fa5521f766270e0,ds003604,71000,,Plaus,ses-5,60,-0.0267564528594058,-0.0215451101210646,-0.0178319009431099,,
pico-decoder-small,pico-lm/pico-decoder-small@4b4e4304ce873cafd39ac997ad47e16ec2d5d76d,ds003604,72000,,Plaus,ses-5,60,-0.0276939091681484,-0.025832837903169,-0.0184412656133728,,
pico-decoder-small,pico-lm/pico-decoder-small@f2bf3399e04924384ec7ea3acb5440318247824d,ds003604,73000,,Plaus,ses-5,60,-0.0305758189275724,-0.0266541605894118,-0.0200100283284309,,
pico-decoder-small,pico-lm/pico-decoder-small@81c21ab4b67c2a986c2c4a8771db3b328075f9ca,ds003604,74000,,Plaus,ses-5,60,-0.0371705729573336,-0.035331168554087,-0.0245349123160009,,
pico-decoder-small,pico-lm/pico-decoder-small@67737816c3793c77c33cd993cb625dfe02f5dba2,ds003604,75000,,Plaus,ses-5,60,-0.0246031496868706,-0.0286698543132941,-0.0166080616263138,,
pico-decoder-small,pico-lm/pico-decoder-small@cd3c66fe9f41cb98971992c1c48e0000704daae7,ds003604,76000,,Plaus,ses-5,60,-0.0321994280480166,-0.0356397518973505,-0.0211010082621928,,
pico-decoder-small,pico-lm/pico-decoder-small@8bc1f96e0ab394e6d9396f9105337a8ee9281b02,ds003604,77000,,Plaus,ses-5,60,-0.0302843079097352,-0.0348312884475611,-0.019647220013222,,
pico-decoder-small,pico-lm/pico-decoder-small@54681b82e00ed8da204a8f5e199732edcd50c540,ds003604,78000,,Plaus,ses-5,60,-0.0297786885976258,-0.0335372747005076,-0.0196267801081398,,
pico-decoder-small,pico-lm/pico-decoder-small@9f79f048c9629723d93a9c6d020fad45ecd81ebb,ds003604,79000,,Plaus,ses-5,60,-0.0311472093473007,-0.0326074151825696,-0.0205721257181911,,
pico-decoder-small,pico-lm/pico-decoder-small@a8eea15ae0deddaf3beced3d114c9bc8ed9a25e5,ds003604,80000,,Plaus,ses-5,60,-0.0302088982500374,-0.0300254386306255,-0.0199244362258992,,
pico-decoder-small,pico-lm/pico-decoder-small@8d7bca4dea2e340144c93745d61646c84d35ffdb,ds003604,81000,,Plaus,ses-5,60,-0.0370617767728326,-0.0376424461800643,-0.024316460830435,,
pico-decoder-small,pico-lm/pico-decoder-small@063ab25b24aefd512a554e49853ed6fc32ee9c1b,ds003604,82000,,Plaus,ses-5,60,-0.0295182680777046,-0.0315693868431332,-0.0192971866386895,,
pico-decoder-small,pico-lm/pico-decoder-small@d63e823855aefabdb4d0fb89c6cb30f1917edff8,ds003604,83000,,Plaus,ses-5,60,-0.0331605198003618,-0.0392817079004867,-0.0219990865917416,,
pico-decoder-small,pico-lm/pico-decoder-small@aac007e3728b91b2460f8be94a5ef79547dc60b8,ds003604,84000,,Plaus,ses-5,60,-0.0349185363006043,-0.0330508414929444,-0.0229073848738314,,
pico-decoder-small,pico-lm/pico-decoder-small@804cfb5f121020ed666ca55376b9e9f358701d23,ds003604,85000,,Plaus,ses-5,60,-0.0350213424733958,-0.0328393034116092,-0.0228856674746816,,
pico-decoder-small,pico-lm/pico-decoder-small@938244e11e03da85918d38722414505f45c1ceda,ds003604,86000,,Plaus,ses-5,60,-0.0239739366107551,-0.0234730653976795,-0.0158236802687847,,
pico-decoder-small,pico-lm/pico-decoder-small@9bd6535d2bbcd3e8e0be555350c1a9abcfa9ef20,ds003604,87000,,Plaus,ses-5,60,-0.0235644582849974,-0.0232777575624837,-0.0154608719535758,,
pico-decoder-small,pico-lm/pico-decoder-small@5e4f19facb03a2fb589181b485fc44570680d8b4,ds003604,88000,,Plaus,ses-5,60,-0.0360625376482271,-0.0356276462185473,-0.023742865994066,,
pico-decoder-small,pico-lm/pico-decoder-small@48b3ab14f90bae2930c79eefee13f8548f7a3ac0,ds003604,89000,,Plaus,ses-5,60,-0.0358169839565013,-0.0392119858560101,-0.0235384669432441,,
pico-decoder-small,pico-lm/pico-decoder-small@a7e691278d2179f7a23f55c82de28f96b4acd2e4,ds003604,90000,,Plaus,ses-5,60,-0.0374995929610675,-0.0374376001763675,-0.0244633726482132,,
pico-decoder-small,pico-lm/pico-decoder-small@c025f14d64c01b36a07900656ded25b50f8caafd,ds003604,91000,,Plaus,ses-5,60,-0.0461569300510485,-0.0439607504941502,-0.0304011650745896,,
pico-decoder-small,pico-lm/pico-decoder-small@b3b967e1f18d21573f4a6146c441a2825a5a8f83,ds003604,92000,,Plaus,ses-5,60,-0.0408940295894568,-0.0376985150585596,-0.0268011867919888,,
pico-decoder-small,pico-lm/pico-decoder-small@41ae4009882dd5c1963328961a9ed1964aab8606,ds003604,93000,,Plaus,ses-5,60,-0.0333961146648162,-0.0364195471430319,-0.0218151274460019,,
pico-decoder-small,pico-lm/pico-decoder-small@bfda4783bf178eae55bcebd43810ed9180cbdc63,ds003604,94000,,Plaus,ses-5,60,-0.0387362988287866,-0.0413032853644676,-0.0256654945658596,,
pico-decoder-small,pico-lm/pico-decoder-small@94177e145ce01fae74b87897c8260f2f6fe1deb0,ds003604,95000,,Plaus,ses-5,60,-0.0325994647476585,-0.0360021348697329,-0.0215609061265421,,
pico-decoder-small,pico-lm/pico-decoder-small@938d2d29f7aba65159e5bdc0ccfbefdc61757005,ds003604,96000,,Plaus,ses-5,60,-0.0412002170015911,-0.0392167936315537,-0.027176770047874,,
pico-decoder-small,pico-lm/pico-decoder-small@57a25f8bc299440e75e421522b5461ef9addc60f,ds003604,97000,,Plaus,ses-5,60,-0.0270505001105247,-0.027227838457584,-0.0176581617499113,,
pico-decoder-small,pico-lm/pico-decoder-small@2b2b81f5b793cfe7595f1880023e3199b0ca4d01,ds003604,98000,,Plaus,ses-5,60,-0.0398067104588531,-0.0395326653417433,-0.0261100625013972,,
pico-decoder-small,pico-lm/pico-decoder-small@a014170484f226c32a449440e37684a5138bffea,ds003604,99000,,Plaus,ses-5,60,-0.0393941635505071,-0.0349379097377194,-0.025618227285357,,
pico-decoder-small,pico-lm/pico-decoder-small@912032713d1ca4f482ce957408afca3e5a267267,ds003604,100000,,Plaus,ses-5,60,-0.0440541892425286,-0.0427505350570506,-0.0290023090705272,,
pico-decoder-small,pico-lm/pico-decoder-small@0405a0c52b2083efba346cb0195a2684e628b1af,ds003604,101000,,Plaus,ses-5,60,-0.0525658855167343,-0.0428483741225263,-0.0347050425884584,,
pico-decoder-small,pico-lm/pico-decoder-small@a29b66f6847b3a1ec6358c6bdf5686f8db25e228,ds003604,102000,,Plaus,ses-5,60,-0.0379981640549189,-0.0325282829055139,-0.0249590403464563,,
pico-decoder-small,pico-lm/pico-decoder-small@b6e1c3f17ee3de24e5563176b76cde040230086b,ds003604,103000,,Plaus,ses-5,60,-0.035619956284492,-0.0292949857086801,-0.0235154720500266,,
pico-decoder-small,pico-lm/pico-decoder-small@fd779f78578d7ce2eb7316f95b1536f35f90d660,ds003604,104000,,Plaus,ses-5,60,-0.0315306804618136,-0.0286162561849559,-0.0210281911003375,,
pico-decoder-small,pico-lm/pico-decoder-small@2a9ae447eace88eb5c4be50d7b3c867cbd1a9a7e,ds003604,105000,,Plaus,ses-5,60,-0.0346690743859206,-0.0270229659049551,-0.0228039078543529,,
pico-decoder-small,pico-lm/pico-decoder-small@36d78ffabfbf506523a459e2116bbc012c1adab7,ds003604,106000,,Plaus,ses-5,60,-0.0329020404077901,-0.03124544755584,-0.0218266248926106,,
pico-decoder-small,pico-lm/pico-decoder-small@3f9b3375f2ae4b81043ba582d1b2ec8bc15a04e1,ds003604,107000,,Plaus,ses-5,60,-0.0327502169823854,-0.0324477071663032,-0.0216592731697502,,
pico-decoder-small,pico-lm/pico-decoder-small@00c972e3e00659382b3fe4f9d9f634ebbd9833c1,ds003604,108000,,Plaus,ses-5,60,-0.0447153129807357,-0.036999305229175,-0.0297764704755152,,
pico-decoder-small,pico-lm/pico-decoder-small@076cdde7affce35bd2bad3498e51f33f575aaddb,ds003604,109000,,Plaus,ses-5,60,-0.0363363880860203,-0.0317912953019114,-0.0240814019219898,,
pico-decoder-small,pico-lm/pico-decoder-small@1f7f52ddf73285dd5484e753c1740cc68df81b76,ds003604,110000,,Plaus,ses-5,60,-0.0389088297766078,-0.0323729887029822,-0.0255875674277337,,
pico-decoder-small,pico-lm/pico-decoder-small@a801b2ab639f60dbd4ebfe264aab726255eb2877,ds003604,111000,,Plaus,ses-5,60,-0.0447482688652462,-0.0403018833071387,-0.0295018092509732,,
pico-decoder-small,pico-lm/pico-decoder-small@197b11d764b16772e54f2cbbfab17581cbdb9b59,ds003604,112000,,Plaus,ses-5,60,-0.0489358670080201,-0.0392118885998224,-0.0321462219709817,,
pico-decoder-small,pico-lm/pico-decoder-small@0ff198943f69ee08bd0b54c8ab55d364ce931a26,ds003604,113000,,Plaus,ses-5,60,-0.0250550255232548,-0.0248489059846539,-0.0166067841322461,,
pico-decoder-small,pico-lm/pico-decoder-small@fe2f1951a2f9a01d14429415f467c91c8a765024,ds003604,114000,,Plaus,ses-5,60,-0.0309190608810734,-0.0327087216178107,-0.0206487753622494,,
pico-decoder-small,pico-lm/pico-decoder-small@dde9b48ac9a426d9bc86b1fc423b8241736f6ea3,ds003604,115000,,Plaus,ses-5,60,-0.0273114573077956,-0.025011047212951,-0.0177756912041339,,
pico-decoder-small,pico-lm/pico-decoder-small@eb892260583a7bfbf95a1aecbf60ebc4ee0b8fe2,ds003604,116000,,Plaus,ses-5,60,-0.0357321261786228,-0.0312530945027962,-0.0238322905788006,,
pico-decoder-small,pico-lm/pico-decoder-small@62d95f269e32053c9fc3638cfe64f8b2f7b23654,ds003604,117000,,Plaus,ses-5,60,-0.0333146760410205,-0.0249343610328103,-0.0218981645603983,,
pico-decoder-small,pico-lm/pico-decoder-small@31ddb818fbb16fbd1caf8ec968855022dd6afc74,ds003604,118000,,Plaus,ses-5,60,-0.0286571216616335,-0.0230778706168742,-0.0188372887743402,,
pico-decoder-small,pico-lm/pico-decoder-small@82d2ace20cd9a6db92a58205d7a22f5f6173e7b8,ds003604,119000,,Plaus,ses-5,60,-0.0381290354234696,-0.0358816355880118,-0.0254687604794435,,
pico-decoder-small,pico-lm/pico-decoder-small@8e25d91566448034f3bb0406ab0045355c528ae7,ds003604,120000,,Plaus,ses-5,60,-0.036409490898723,-0.0322617815091681,-0.0240609620169076,,
pico-decoder-small,pico-lm/pico-decoder-small@8a2f1db72ebb1ce87faaf75ea1db7910f308be65,ds003604,121000,,Plaus,ses-5,60,-0.0398665348351938,-0.03376781232595,-0.0263860012200068,,
pico-decoder-small,pico-lm/pico-decoder-small@e197ddf7837d73cb367f53e1dd174a4745892831,ds003604,122000,,Plaus,ses-5,60,-0.0395264090727556,-0.0298273663764256,-0.0259043859565077,,
pico-decoder-small,pico-lm/pico-decoder-small@51a1f29ffaf81f8b5d071b1858b6ac094aca1b30,ds003604,123000,,Plaus,ses-5,60,-0.0372460843260453,-0.0320723096497898,-0.0245949545371798,,
pico-decoder-small,pico-lm/pico-decoder-small@c2d4754b377c202474754e86b41f1321342ad24a,ds003604,124000,,Plaus,ses-5,60,-0.0330756512023755,-0.0293478537856552,-0.0218904995959925,,
pico-decoder-small,pico-lm/pico-decoder-small@ef21ca419b33425716396ead8c1e60e01f301271,ds003604,125000,,Plaus,ses-5,60,-0.0318285601951354,-0.0284616444235195,-0.0210665159223666,,
pico-decoder-small,pico-lm/pico-decoder-small@a8294defc7001e32644ce53dbcb87ef35587ff22,ds003604,0,,Plaus,ses-7,60,-0.0545101290573233,0.0039487475824918,-0.0364360470501065,,
pico-decoder-small,pico-lm/pico-decoder-small@5e3d06988f3cc3adbf36b55cd8b1ddb3ae9f9bde,ds003604,1000,,Plaus,ses-7,60,-0.0129030229817846,-0.0097923761874452,-0.0089277672916806,,
pico-decoder-small,pico-lm/pico-decoder-small@9f1ca389bbb1cc08b42a32bfe58fb818b24b3490,ds003604,2000,,Plaus,ses-7,60,-0.0825483070072084,-0.0443486388657358,-0.0553493467214711,,
pico-decoder-small,pico-lm/pico-decoder-small@f2269f20ce160cf71bea0a02ccf685e126dd2dc1,ds003604,3000,,Plaus,ses-7,60,-0.0410511288994525,-0.0162134267783987,-0.0278423444571129,,
pico-decoder-small,pico-lm/pico-decoder-small@10da1c98e1cd32fc61ab4ced31075c08cf699861,ds003604,4000,,Plaus,ses-7,60,-0.0391610962632481,-0.0137812346229103,-0.0263361789513689,,
pico-decoder-small,pico-lm/pico-decoder-small@be2865b50166a683e659f4a1f99e058c77288911,ds003604,5000,,Plaus,ses-7,60,-0.0507618597538627,-0.0208349486294886,-0.0343895015537521,,
pico-decoder-small,pico-lm/pico-decoder-small@496ea4785860af671e895085f1bcdc3bff2f9d97,ds003604,6000,,Plaus,ses-7,60,-0.051371888778748,-0.0173260000052129,-0.0345504658062744,,
pico-decoder-small,pico-lm/pico-decoder-small@c5bddf28e9cfbede4fe480513c4a3487279f7d47,ds003604,7000,,Plaus,ses-7,60,0.0130787848138119,0.0008204905848345,0.0083388425265,,
pico-decoder-small,pico-lm/pico-decoder-small@9fe9969ca88ccf3b71599f85000ce082bf854421,ds003604,8000,,Plaus,ses-7,60,-0.0074495111721427,-0.0047594639457544,-0.0053814437599205,,
pico-decoder-small,pico-lm/pico-decoder-small@8335f55c1bf51378b17a73d527c39899546e2d5b,ds003604,9000,,Plaus,ses-7,60,-0.0114988781090017,-0.0115453518878276,-0.0077052054689521,,
pico-decoder-small,pico-lm/pico-decoder-small@8ce4e4fa15c0cec038fcb9f29d30cc50bac60a3d,ds003604,10000,,Plaus,ses-7,60,-0.0297973922360673,-0.0129744875451723,-0.0197558070089712,,
pico-decoder-small,pico-lm/pico-decoder-small@3261da23d1d8811f9a32b69d6d6b9a17ca82fcd0,ds003604,11000,,Plaus,ses-7,60,0.0466504286783366,0.0300942854507905,0.0311025093177223,,
pico-decoder-small,pico-lm/pico-decoder-small@a6a20b8103a7cdacefa2bb78dee23c516ad6e78e,ds003604,12000,,Plaus,ses-7,60,-0.0114788609094665,-0.0130402445247062,-0.0079836991756969,,
pico-decoder-small,pico-lm/pico-decoder-small@c2395fd6ba7da947893c62b8169b47a83345153b,ds003604,13000,,Plaus,ses-7,60,-0.001743170230252,-0.0100787453909017,-0.001509359240913,,
pico-decoder-small,pico-lm/pico-decoder-small@6dc7fa92550aabc62d659674176bda49750efe64,ds003604,14000,,Plaus,ses-7,60,-0.0112105893192843,-0.0105418814841776,-0.0079492068358707,,
pico-decoder-small,pico-lm/pico-decoder-small@d1c60a45e64f88520c2cd94890471321a15410bf,ds003604,15000,,Plaus,ses-7,60,-0.0355866801247889,-0.0192452216051201,-0.024041799605893,,
pico-decoder-small,pico-lm/pico-decoder-small@cbb63c23390c0d43e0d6dfaa0c69aed19778fa74,ds003604,16000,,Plaus,ses-7,60,-0.0191973199285325,-0.0169939017027408,-0.0131460527030177,,
pico-decoder-small,pico-lm/pico-decoder-small@a4f386c7a4155bfab638b897e60bc656a82e6a4f,ds003604,17000,,Plaus,ses-7,60,0.0604766135243741,0.0306564662572874,0.0399964230166106,,
pico-decoder-small,pico-lm/pico-decoder-small@9b68d0ee8ceef680cc668de7d4560f7d8d311e42,ds003604,18000,,Plaus,ses-7,60,0.007607582127824,0.0058134255913291,0.0052613593175626,,
pico-decoder-small,pico-lm/pico-decoder-small@a161849d9bc2ecbb0bc6095f0fe9fa54a03b14ce,ds003604,19000,,Plaus,ses-7,60,0.0465971461392061,0.0229960644974859,0.030857230456736,,
pico-decoder-small,pico-lm/pico-decoder-small@082423f29dc36ca1b544cb85c655531783bb8985,ds003604,20000,,Plaus,ses-7,60,0.0068099670570455,0.0010915831998773,0.0045114702998597,,
pico-decoder-small,pico-lm/pico-decoder-small@62236c27ddef441fc85ceabb80793b680397d2f4,ds003604,21000,,Plaus,ses-7,60,0.0020850575062493,0.000437425750273,0.0013062376841587,,
pico-decoder-small,pico-lm/pico-decoder-small@457283267b592ffd80ca1a4ede807a4a5606a7f4,ds003604,22000,,Plaus,ses-7,60,0.0127767133707064,-3.0069333579315835e-05,0.0091219463899614,,
pico-decoder-small,pico-lm/pico-decoder-small@542883f65bdcba033a9c80f753fdd6f6829cb7e7,ds003604,23000,,Plaus,ses-7,60,0.0033614774978463,-0.0033785182807299,0.0019820320459386,,
pico-decoder-small,pico-lm/pico-decoder-small@bbc3997ae0773f6e0f145401283a22dced84175c,ds003604,24000,,Plaus,ses-7,60,-0.0512706190612722,-0.0287666905774653,-0.0343192393800321,,
pico-decoder-small,pico-lm/pico-decoder-small@8316a2db89b6a337de59490bec6e6ed79275e85f,ds003604,25000,,Plaus,ses-7,60,0.0158951982963567,-0.0020421397606607,0.0104390427736951,,
pico-decoder-small,pico-lm/pico-decoder-small@b2ff4ecd5fdb6684736075b48a28007f425925d5,ds003604,26000,,Plaus,ses-7,60,0.0060665022980475,-0.01551875130615,0.0037207014719925,,
pico-decoder-small,pico-lm/pico-decoder-small@d0bf4c35052d4efe8b11ad72cf76ba92d8837271,ds003604,27000,,Plaus,ses-7,60,-0.0121251329676292,-0.0133859146069981,-0.0081766007799101,,
pico-decoder-small,pico-lm/pico-decoder-small@c5fe4eaa6e28635b04a285d9d63224a7013711d4,ds003604,28000,,Plaus,ses-7,60,-0.0246057443487347,-0.0183425873167675,-0.0164023850814242,,
pico-decoder-small,pico-lm/pico-decoder-small@574194afaad5aebab0de6f7ec3ebd45241ba9f36,ds003604,29000,,Plaus,ses-7,60,0.008914410950542,-0.0084305105749696,0.0057851318852938,,
pico-decoder-small,pico-lm/pico-decoder-small@4e76d0f5009af59c7519cc564d83ccb252becc09,ds003604,30000,,Plaus,ses-7,60,-0.0181578516429151,-0.0105786276708366,-0.0123310114878654,,
pico-decoder-small,pico-lm/pico-decoder-small@63e4f365e97340e8419c8d14c3479eab48b41672,ds003604,31000,,Plaus,ses-7,60,-0.0269591697441262,-0.0272355732263278,-0.0174167153711279,,
pico-decoder-small,pico-lm/pico-decoder-small@8c1e326d52a990b3ef622fa0187927b4c3c8b198,ds003604,32000,,Plaus,ses-7,60,0.0150812773230378,0.0044484713632255,0.0099523175339254,,
pico-decoder-small,pico-lm/pico-decoder-small@5087b4b665fc374f51db109f5832fccfa45038ed,ds003604,33000,,Plaus,ses-7,60,-0.0266003944437858,-0.0205985225993619,-0.0179979751719027,,
pico-decoder-small,pico-lm/pico-decoder-small@1b37af2dca833f47e09a88bc07d1b193eb75b975,ds003604,34000,,Plaus,ses-7,60,-0.009118341851364,-0.0085571715135213,-0.0061389977420292,,
pico-decoder-small,pico-lm/pico-decoder-small@f84a2138adf461f090569b0490e077e154d5692a,ds003604,35000,,Plaus,ses-7,60,-0.0374191562792594,-0.0223220605662731,-0.0248236259752868,,
pico-decoder-small,pico-lm/pico-decoder-small@a5edb37d58f3dac4abc7615fe9f16119c9719363,ds003604,36000,,Plaus,ses-7,60,-0.0192714744557189,-0.0174471535348978,-0.0130131933199835,,
pico-decoder-small,pico-lm/pico-decoder-small@ad19a8ed94822569698ab34f7cbdb71a73e75edb,ds003604,37000,,Plaus,ses-7,60,-0.0388824849779979,-0.0327008540398864,-0.0262633617895136,,
pico-decoder-small,pico-lm/pico-decoder-small@6ffc4bc90cff1f5d9492cc62aa823b2f31820dec,ds003604,38000,,Plaus,ses-7,60,-0.0469059476893987,-0.0268059267153336,-0.0309108852075768,,
pico-decoder-small,pico-lm/pico-decoder-small@2be3f69fedc1c81a1c9dee69aecdfbb30a7ed07b,ds003604,39000,,Plaus,ses-7,60,-0.0321137263017253,-0.026442403027819,-0.0218036299993931,,
pico-decoder-small,pico-lm/pico-decoder-small@89ce452106683eb2c3d635f0b06d00b4836a270d,ds003604,40000,,Plaus,ses-7,60,-0.0385028874620977,-0.0267220003684494,-0.0257089293641592,,
pico-decoder-small,pico-lm/pico-decoder-small@fb21f9a6029769e4fde8c343509be2fc23d627f8,ds003604,41000,,Plaus,ses-7,60,-0.0049597004812367,-0.0156486595269142,-0.0037155914957219,,
pico-decoder-small,pico-lm/pico-decoder-small@3b04367b1f9f520d1eb5dc4b1d62222a11574175,ds003604,42000,,Plaus,ses-7,60,-0.0160970841967937,-0.0123302679489593,-0.0110611823846343,,
pico-decoder-small,pico-lm/pico-decoder-small@a8fcdde6a31d48184ff170362f4802ba6f7c825b,ds003604,43000,,Plaus,ses-7,60,-0.0200651986157121,-0.0222143626887616,-0.0136378879190579,,
pico-decoder-small,pico-lm/pico-decoder-small@42a2d16068cea73c52aa94a34fd039b076c656d2,ds003604,44000,,Plaus,ses-7,60,-0.0218227433592521,-0.020298881574591,-0.0146011184460562,,
pico-decoder-small,pico-lm/pico-decoder-small@9b211dca4e657296153efe83773900826fe138d5,ds003604,45000,,Plaus,ses-7,60,-0.0342266509957601,-0.0272724356047523,-0.0231283913475326,,
pico-decoder-small,pico-lm/pico-decoder-small@8866040c1a6ead0d48bd6a4f6ff9046c778670fa,ds003604,46000,,Plaus,ses-7,60,-0.0282937261752383,-0.030046938218722,-0.0190186929319447,,
pico-decoder-small,pico-lm/pico-decoder-small@2c39df607c549d2902ed46ce83a2e6630df09d90,ds003604,47000,,Plaus,ses-7,60,-0.0043210198107464,-0.0180726195291299,-0.0034358202949095,,
pico-decoder-small,pico-lm/pico-decoder-small@e2f848f2a712b27ddfebe48ddc4dd6258de6df59,ds003604,48000,,Plaus,ses-7,60,-0.0456397310595107,-0.0371411652536426,-0.0305531868686384,,
pico-decoder-small,pico-lm/pico-decoder-small@fa46e0b2c4bcc53653b39cd684396f35c777aead,ds003604,49000,,Plaus,ses-7,60,-0.0167530575636608,-0.0245257483679326,-0.0116833219955734,,
pico-decoder-small,pico-lm/pico-decoder-small@1c1daa1853e150e7a21ae4af47574da037fbb206,ds003604,50000,,Plaus,ses-7,60,-0.0159458450572132,-0.0225900242652252,-0.0109615378473586,,
pico-decoder-small,pico-lm/pico-decoder-small@7aa7c5e89a41da940802066eaa61d34d72089434,ds003604,51000,,Plaus,ses-7,60,-0.0291316851001721,-0.0255780002127942,-0.0195462979818787,,
pico-decoder-small,pico-lm/pico-decoder-small@9213448a01fde86281f3df23d6846b5c31f86998,ds003604,52000,,Plaus,ses-7,60,-0.0223337294448585,-0.024542324500451,-0.015280745290039,,
pico-decoder-small,pico-lm/pico-decoder-small@41f9cd78186e1fbaf4b6b2164f52331d4ef4c15e,ds003604,53000,,Plaus,ses-7,60,-0.0222564089541131,-0.0235651356172485,-0.015354839945962,,
pico-decoder-small,pico-lm/pico-decoder-small@f4454c4dd5fa26693e9755fbac1a1f6aa12f6c37,ds003604,54000,,Plaus,ses-7,60,-0.0193264708999339,-0.027054085639776,-0.0131831000309792,,
pico-decoder-small,pico-lm/pico-decoder-small@497f4bdf16cbdcb120415cd944d84b34d1fef37a,ds003604,55000,,Plaus,ses-7,60,-0.0267665804803598,-0.0294696966001693,-0.0181333895430723,,
pico-decoder-small,pico-lm/pico-decoder-small@79119d3d39e86e4f4fdd14e0de769ebbba87b4c1,ds003604,56000,,Plaus,ses-7,60,-0.0203316567558175,-0.0276597866102123,-0.0139764238469817,,
pico-decoder-small,pico-lm/pico-decoder-small@1e0aa9e9184e67611fe6a3fe7e0d301e199367b4,ds003604,57000,,Plaus,ses-7,60,-0.0195613343250972,-0.0317020103499463,-0.0135944531207583,,
pico-decoder-small,pico-lm/pico-decoder-small@12cffd4abfebe78cd4df44f368d49ae2aec28999,ds003604,58000,,Plaus,ses-7,60,-0.0396871396109482,-0.0401294009349853,-0.0267411445708099,,
pico-decoder-small,pico-lm/pico-decoder-small@88752c656e1478698735820b50bc1648b43897bc,ds003604,59000,,Plaus,ses-7,60,-0.0423193494133156,-0.0361078322273976,-0.0280607959426788,,
pico-decoder-small,pico-lm/pico-decoder-small@ef0c2a9858930c1b946d7fd3ec94d87a30fb6316,ds003604,60000,,Plaus,ses-7,60,-0.0544088744879985,-0.0390896123972284,-0.0361409459204823,,
pico-decoder-small,pico-lm/pico-decoder-small@2adfdbab6dd63824aeb0c5b7f40693509b21f72e,ds003604,61000,,Plaus,ses-7,60,-0.0615310525112223,-0.0457297635051113,-0.0405853477817912,,
pico-decoder-small,pico-lm/pico-decoder-small@8f2f5e9d39b7ef2738d2ddfa5002e690090afb1b,ds003604,62000,,Plaus,ses-7,60,-0.0726212757046742,-0.0510907825809783,-0.0482681971045597,,
pico-decoder-small,pico-lm/pico-decoder-small@27a605b8a3168bf13fde7e4903edf05011890db5,ds003604,63000,,Plaus,ses-7,60,-0.045040509158353,-0.034065983305215,-0.0302184834229176,,
pico-decoder-small,pico-lm/pico-decoder-small@64faca95211d12573bc85e90ab9b9346d61f571c,ds003604,64000,,Plaus,ses-7,60,-0.0411450236314131,-0.0384007571443763,-0.0274169389325898,,
pico-decoder-small,pico-lm/pico-decoder-small@04de7a38c9b974bc56e59c77ce6289b59ac333a3,ds003604,65000,,Plaus,ses-7,60,-0.0490186559812763,-0.043334517655438,-0.0327095968548096,,
pico-decoder-small,pico-lm/pico-decoder-small@0a060522b26b84154fe744cff68debc60a62771b,ds003604,66000,,Plaus,ses-7,60,-0.0479298653160041,-0.0361268698688222,-0.0319149955447394,,
pico-decoder-small,pico-lm/pico-decoder-small@96a66aee1fd9e46f20ddd7b0e811fbcd6761cd3b,ds003604,67000,,Plaus,ses-7,60,-0.0442761918874932,-0.0374558955834656,-0.0297573080645006,,
pico-decoder-small,pico-lm/pico-decoder-small@e7396619711d862dc1bed1a5f5797fb2b5cc9768,ds003604,68000,,Plaus,ses-7,60,-0.0295141672568269,-0.0324904469735038,-0.0199142162733581,,
pico-decoder-small,pico-lm/pico-decoder-small@ba3a7a617ab159a7fcbc81cd6ffb20319f00199a,ds003604,69000,,Plaus,ses-7,60,-0.0165304316804837,-0.0198900960898318,-0.0109819777524408,,
pico-decoder-small,pico-lm/pico-decoder-small@63bfd31a42bdd16864908136aa5cce931810bb58,ds003604,70000,,Plaus,ses-7,60,-0.0476652855466227,-0.0333588032487483,-0.0318715607464397,,
pico-decoder-small,pico-lm/pico-decoder-small@5e0a9fbd93f2dbafe06c6cb20fa5521f766270e0,ds003604,71000,,Plaus,ses-7,60,-0.023000020866578,-0.0221981597835349,-0.0154979192815373,,
pico-decoder-small,pico-lm/pico-decoder-small@4b4e4304ce873cafd39ac997ad47e16ec2d5d76d,ds003604,72000,,Plaus,ses-7,60,-0.0270013681647681,-0.0273506684729159,-0.0181129496379901,,
pico-decoder-small,pico-lm/pico-decoder-small@f2bf3399e04924384ec7ea3acb5440318247824d,ds003604,73000,,Plaus,ses-7,60,-0.0317284590493082,-0.0287229014025214,-0.0210920658037194,,
pico-decoder-small,pico-lm/pico-decoder-small@81c21ab4b67c2a986c2c4a8771db3b328075f9ca,ds003604,74000,,Plaus,ses-7,60,-0.0434222192029312,-0.0379531213918854,-0.0288464547942755,,
pico-decoder-small,pico-lm/pico-decoder-small@67737816c3793c77c33cd993cb625dfe02f5dba2,ds003604,75000,,Plaus,ses-7,60,-0.0394874956368591,-0.0324971372733914,-0.0264307135123741,,
pico-decoder-small,pico-lm/pico-decoder-small@cd3c66fe9f41cb98971992c1c48e0000704daae7,ds003604,76000,,Plaus,ses-7,60,-0.0487437884533446,-0.0394161606592526,-0.0323135736938421,,
pico-decoder-small,pico-lm/pico-decoder-small@8bc1f96e0ab394e6d9396f9105337a8ee9281b02,ds003604,77000,,Plaus,ses-7,60,-0.0365031843766774,-0.0369349788864063,-0.0239740924203083,,
pico-decoder-small,pico-lm/pico-decoder-small@54681b82e00ed8da204a8f5e199732edcd50c540,ds003604,78000,,Plaus,ses-7,60,-0.0300070101855788,-0.0351307090164514,-0.0200981754190978,,
pico-decoder-small,pico-lm/pico-decoder-small@9f79f048c9629723d93a9c6d020fad45ecd81ebb,ds003604,79000,,Plaus,ses-7,60,-0.0443487796630619,-0.0363704755053929,-0.0297611405467035,,
pico-decoder-small,pico-lm/pico-decoder-small@a8eea15ae0deddaf3beced3d114c9bc8ed9a25e5,ds003604,80000,,Plaus,ses-7,60,-0.0415502799510851,-0.0330491405965387,-0.027595788102059,,
pico-decoder-small,pico-lm/pico-decoder-small@8d7bca4dea2e340144c93745d61646c84d35ffdb,ds003604,81000,,Plaus,ses-7,60,-0.0530199361947977,-0.0414855138771697,-0.0348647293469131,,
pico-decoder-small,pico-lm/pico-decoder-small@063ab25b24aefd512a554e49853ed6fc32ee9c1b,ds003604,82000,,Plaus,ses-7,60,-0.0467649054194625,-0.0356602044372902,-0.0309619849702822,,
pico-decoder-small,pico-lm/pico-decoder-small@d63e823855aefabdb4d0fb89c6cb30f1917edff8,ds003604,83000,,Plaus,ses-7,60,-0.0537804382956272,-0.0443772286736902,-0.0356286707993599,,
pico-decoder-small,pico-lm/pico-decoder-small@aac007e3728b91b2460f8be94a5ef79547dc60b8,ds003604,84000,,Plaus,ses-7,60,-0.0549385966723699,-0.0375417157317488,-0.0360387463950714,,
pico-decoder-small,pico-lm/pico-decoder-small@804cfb5f121020ed666ca55376b9e9f358701d23,ds003604,85000,,Plaus,ses-7,60,-0.0428660937913674,-0.0361753044025432,-0.0280940107884374,,
pico-decoder-small,pico-lm/pico-decoder-small@938244e11e03da85918d38722414505f45c1ceda,ds003604,86000,,Plaus,ses-7,60,-0.0375256174844849,-0.0258294782766487,-0.0246831016278468,,
pico-decoder-small,pico-lm/pico-decoder-small@9bd6535d2bbcd3e8e0be555350c1a9abcfa9ef20,ds003604,87000,,Plaus,ses-7,60,-0.0366117187145683,-0.025930344610926,-0.0239370450923468,,
pico-decoder-small,pico-lm/pico-decoder-small@5e4f19facb03a2fb589181b485fc44570680d8b4,ds003604,88000,,Plaus,ses-7,60,-0.0551198313149513,-0.0395919873093731,-0.0361230610035354,,
pico-decoder-small,pico-lm/pico-decoder-small@48b3ab14f90bae2930c79eefee13f8548f7a3ac0,ds003604,89000,,Plaus,ses-7,60,-0.05852465091884,-0.0442120282697195,-0.0387904686167613,,
pico-decoder-small,pico-lm/pico-decoder-small@a7e691278d2179f7a23f55c82de28f96b4acd2e4,ds003604,90000,,Plaus,ses-7,60,-0.057732283600372,-0.0437702618867174,-0.0382309262151363,,
pico-decoder-small,pico-lm/pico-decoder-small@c025f14d64c01b36a07900656ded25b50f8caafd,ds003604,91000,,Plaus,ses-7,60,-0.0679129793474816,-0.0505327269610514,-0.0450552995244528,,
pico-decoder-small,pico-lm/pico-decoder-small@b3b967e1f18d21573f4a6146c441a2825a5a8f83,ds003604,92000,,Plaus,ses-7,60,-0.0561959364857721,-0.0433450587327629,-0.0369534321474994,,
pico-decoder-small,pico-lm/pico-decoder-small@41ae4009882dd5c1963328961a9ed1964aab8606,ds003604,93000,,Plaus,ses-7,60,-0.0456137108641365,-0.0407899377636837,-0.0299361572339698,,
pico-decoder-small,pico-lm/pico-decoder-small@bfda4783bf178eae55bcebd43810ed9180cbdc63,ds003604,94000,,Plaus,ses-7,60,-0.0575882744568615,-0.0471062828470484,-0.0384314927837553,,
pico-decoder-small,pico-lm/pico-decoder-small@94177e145ce01fae74b87897c8260f2f6fe1deb0,ds003604,95000,,Plaus,ses-7,60,-0.0537366384990225,-0.0424018316357221,-0.0359902016205012,,
pico-decoder-small,pico-lm/pico-decoder-small@938d2d29f7aba65159e5bdc0ccfbefdc61757005,ds003604,96000,,Plaus,ses-7,60,-0.0615588017598321,-0.0456561564208264,-0.0412407022384889,,
pico-decoder-small,pico-lm/pico-decoder-small@57a25f8bc299440e75e421522b5461ef9addc60f,ds003604,97000,,Plaus,ses-7,60,-0.0446129028238918,-0.0325647869054562,-0.0294839243340263,,
pico-decoder-small,pico-lm/pico-decoder-small@2b2b81f5b793cfe7595f1880023e3199b0ca4d01,ds003604,98000,,Plaus,ses-7,60,-0.0586233259744517,-0.0461662118578449,-0.038791746110829,,
pico-decoder-small,pico-lm/pico-decoder-small@a014170484f226c32a449440e37684a5138bffea,ds003604,99000,,Plaus,ses-7,60,-0.0515513316114682,-0.039595283861536,-0.0340560756020989,,
pico-decoder-small,pico-lm/pico-decoder-small@912032713d1ca4f482ce957408afca3e5a267267,ds003604,100000,,Plaus,ses-7,60,-0.0710253920286025,-0.0494778514027402,-0.0471082324911453,,
pico-decoder-small,pico-lm/pico-decoder-small@0405a0c52b2083efba346cb0195a2684e628b1af,ds003604,101000,,Plaus,ses-7,60,-0.0750165900656229,-0.0494098206923142,-0.0498267398670767,,
pico-decoder-small,pico-lm/pico-decoder-small@a29b66f6847b3a1ec6358c6bdf5686f8db25e228,ds003604,102000,,Plaus,ses-7,60,-0.0597587210082851,-0.0387309126362201,-0.0396310597132664,,
pico-decoder-small,pico-lm/pico-decoder-small@b6e1c3f17ee3de24e5563176b76cde040230086b,ds003604,103000,,Plaus,ses-7,60,-0.0426643269121168,-0.0324703476573041,-0.0280620734367464,,
pico-decoder-small,pico-lm/pico-decoder-small@fd779f78578d7ce2eb7316f95b1536f35f90d660,ds003604,104000,,Plaus,ses-7,60,-0.0473176419732455,-0.033176435573506,-0.0315790146049509,,
pico-decoder-small,pico-lm/pico-decoder-small@2a9ae447eace88eb5c4be50d7b3c867cbd1a9a7e,ds003604,105000,,Plaus,ses-7,60,-0.0479968158153794,-0.0304120246816646,-0.0315355798066512,,
pico-decoder-small,pico-lm/pico-decoder-small@36d78ffabfbf506523a459e2116bbc012c1adab7,ds003604,106000,,Plaus,ses-7,60,-0.0457122625705186,-0.0365517766424301,-0.0305455219042326,,
pico-decoder-small,pico-lm/pico-decoder-small@3f9b3375f2ae4b81043ba582d1b2ec8bc15a04e1,ds003604,107000,,Plaus,ses-7,60,-0.0397123093458449,-0.0367027402682543,-0.0260602402327594,,
pico-decoder-small,pico-lm/pico-decoder-small@00c972e3e00659382b3fe4f9d9f634ebbd9833c1,ds003604,108000,,Plaus,ses-7,60,-0.060419476862825,-0.0419396637256382,-0.0397933014598563,,
pico-decoder-small,pico-lm/pico-decoder-small@076cdde7affce35bd2bad3498e51f33f575aaddb,ds003604,109000,,Plaus,ses-7,60,-0.0438820391625039,-0.0350021066002809,-0.0290265814578123,,
pico-decoder-small,pico-lm/pico-decoder-small@1f7f52ddf73285dd5484e753c1740cc68df81b76,ds003604,110000,,Plaus,ses-7,60,-0.0422658721122437,-0.0356776807918698,-0.0278934442198184,,
pico-decoder-small,pico-lm/pico-decoder-small@a801b2ab639f60dbd4ebfe264aab726255eb2877,ds003604,111000,,Plaus,ses-7,60,-0.0568744676134993,-0.044990540218292,-0.0377071536474052,,
pico-decoder-small,pico-lm/pico-decoder-small@197b11d764b16772e54f2cbbfab17581cbdb9b59,ds003604,112000,,Plaus,ses-7,60,-0.0671504344102887,-0.0457610523687755,-0.0445315269567216,,
pico-decoder-small,pico-lm/pico-decoder-small@0ff198943f69ee08bd0b54c8ab55d364ce931a26,ds003604,113000,,Plaus,ses-7,60,-0.0314889559618959,-0.0274821936797259,-0.0208902217410327,,
pico-decoder-small,pico-lm/pico-decoder-small@fe2f1951a2f9a01d14429415f467c91c8a765024,ds003604,114000,,Plaus,ses-7,60,-0.0448615337542921,-0.036211265370386,-0.0298301252263559,,
pico-decoder-small,pico-lm/pico-decoder-small@dde9b48ac9a426d9bc86b1fc423b8241736f6ea3,ds003604,115000,,Plaus,ses-7,60,-0.0310614535004701,-0.0271171094052365,-0.0203396217978812,,
pico-decoder-small,pico-lm/pico-decoder-small@eb892260583a7bfbf95a1aecbf60ebc4ee0b8fe2,ds003604,116000,,Plaus,ses-7,60,-0.048148347097872,-0.0352739041940034,-0.0321372795125082,,
pico-decoder-small,pico-lm/pico-decoder-small@62d95f269e32053c9fc3638cfe64f8b2f7b23654,ds003604,117000,,Plaus,ses-7,60,-0.0430353375904218,-0.028834658605565,-0.0284836464790666,,
pico-decoder-small,pico-lm/pico-decoder-small@31ddb818fbb16fbd1caf8ec968855022dd6afc74,ds003604,118000,,Plaus,ses-7,60,-0.0393023051628453,-0.0261460111396844,-0.0258877785336284,,
pico-decoder-small,pico-lm/pico-decoder-small@82d2ace20cd9a6db92a58205d7a22f5f6173e7b8,ds003604,119000,,Plaus,ses-7,60,-0.0596116800705531,-0.0413193578461288,-0.0393257386311012,,
pico-decoder-small,pico-lm/pico-decoder-small@8e25d91566448034f3bb0406ab0045355c528ae7,ds003604,120000,,Plaus,ses-7,60,-0.0491391789986727,-0.0364784662333055,-0.0324885903811084,,
pico-decoder-small,pico-lm/pico-decoder-small@8a2f1db72ebb1ce87faaf75ea1db7910f308be65,ds003604,121000,,Plaus,ses-7,60,-0.0503251796769528,-0.0376803386309458,-0.0333828362284542,,
pico-decoder-small,pico-lm/pico-decoder-small@e197ddf7837d73cb367f53e1dd174a4745892831,ds003604,122000,,Plaus,ses-7,60,-0.0465633700905201,-0.0330901722467838,-0.0305761817618559,,
pico-decoder-small,pico-lm/pico-decoder-small@51a1f29ffaf81f8b5d071b1858b6ac094aca1b30,ds003604,123000,,Plaus,ses-7,60,-0.054965324502798,-0.036694957388503,-0.0360987886162503,,
pico-decoder-small,pico-lm/pico-decoder-small@c2d4754b377c202474754e86b41f1321342ad24a,ds003604,124000,,Plaus,ses-7,60,-0.0385095937649474,-0.0320409931703261,-0.0254994203370668,,
pico-decoder-small,pico-lm/pico-decoder-small@ef21ca419b33425716396ead8c1e60e01f301271,ds003604,125000,,Plaus,ses-7,60,-0.0331319612076843,-0.030577284286853,-0.021867504702775,,
pico-decoder-small,pico-lm/pico-decoder-small@a8294defc7001e32644ce53dbcb87ef35587ff22,ds003604,0,,Plaus,ses-9,60,-0.0333301596153637,0.0036397911812165,-0.0225203041713375,,
pico-decoder-small,pico-lm/pico-decoder-small@5e3d06988f3cc3adbf36b55cd8b1ddb3ae9f9bde,ds003604,1000,,Plaus,ses-9,60,-0.0080460280463363,-0.0127086306298809,-0.0055002507082107,,
pico-decoder-small,pico-lm/pico-decoder-small@9f1ca389bbb1cc08b42a32bfe58fb818b24b3490,ds003604,2000,,Plaus,ses-9,60,-0.0656044595637177,-0.0448574840055922,-0.0437254282000428,,
pico-decoder-small,pico-lm/pico-decoder-small@f2269f20ce160cf71bea0a02ccf685e126dd2dc1,ds003604,3000,,Plaus,ses-9,60,-0.020971527638172,-0.0159212716169309,-0.0139777013410493,,
pico-decoder-small,pico-lm/pico-decoder-small@10da1c98e1cd32fc61ab4ced31075c08cf699861,ds003604,4000,,Plaus,ses-9,60,-0.0243427421510788,-0.0155542564894926,-0.0164215474924388,,
pico-decoder-small,pico-lm/pico-decoder-small@be2865b50166a683e659f4a1f99e058c77288911,ds003604,5000,,Plaus,ses-9,60,-0.031730969314331,-0.0236020916619998,-0.0216209483477211,,
pico-decoder-small,pico-lm/pico-decoder-small@496ea4785860af671e895085f1bcdc3bff2f9d97,ds003604,6000,,Plaus,ses-9,60,-0.031997979279937,-0.0194864815068727,-0.0216924880155087,,
pico-decoder-small,pico-lm/pico-decoder-small@c5bddf28e9cfbede4fe480513c4a3487279f7d47,ds003604,7000,,Plaus,ses-9,60,0.016064199724995,-0.0046286384532132,0.0108082385592421,,
pico-decoder-small,pico-lm/pico-decoder-small@9fe9969ca88ccf3b71599f85000ce082bf854421,ds003604,8000,,Plaus,ses-9,60,-0.0039566267104068,-0.0090923629219996,-0.0024087150645294,,
pico-decoder-small,pico-lm/pico-decoder-small@8335f55c1bf51378b17a73d527c39899546e2d5b,ds003604,9000,,Plaus,ses-9,60,-0.0091391792150748,-0.0142939979937436,-0.0058873314107047,,
pico-decoder-small,pico-lm/pico-decoder-small@8ce4e4fa15c0cec038fcb9f29d30cc50bac60a3d,ds003604,10000,,Plaus,ses-9,60,-0.0092426324303161,-0.0139698115631799,-0.006062348097971,,
pico-decoder-small,pico-lm/pico-decoder-small@3261da23d1d8811f9a32b69d6d6b9a17ca82fcd0,ds003604,11000,,Plaus,ses-9,60,0.0427396651591028,0.02459481700648,0.0289550417900246,,
pico-decoder-small,pico-lm/pico-decoder-small@a6a20b8103a7cdacefa2bb78dee23c516ad6e78e,ds003604,12000,,Plaus,ses-9,60,-0.0024166526956532,-0.0127605763832659,-0.0014365420790577,,
pico-decoder-small,pico-lm/pico-decoder-small@c2395fd6ba7da947893c62b8169b47a83345153b,ds003604,13000,,Plaus,ses-9,60,-0.0114040550117871,-0.0124324096232835,-0.0073283447189992,,
pico-decoder-small,pico-lm/pico-decoder-small@6dc7fa92550aabc62d659674176bda49750efe64,ds003604,14000,,Plaus,ses-9,60,-0.0083883135023027,-0.0129010774294135,-0.0053776112777176,,
pico-decoder-small,pico-lm/pico-decoder-small@d1c60a45e64f88520c2cd94890471321a15410bf,ds003604,15000,,Plaus,ses-9,60,-0.029318212939517,-0.0226331081503315,-0.0196357225666133,,
pico-decoder-small,pico-lm/pico-decoder-small@cbb63c23390c0d43e0d6dfaa0c69aed19778fa74,ds003604,16000,,Plaus,ses-9,60,-0.0118383330247528,-0.0189730589863267,-0.0076566606943819,,
pico-decoder-small,pico-lm/pico-decoder-small@a4f386c7a4155bfab638b897e60bc656a82e6a4f,ds003604,17000,,Plaus,ses-9,60,0.0528061157153946,0.0251657726760299,0.0351202281604404,,
pico-decoder-small,pico-lm/pico-decoder-small@9b68d0ee8ceef680cc668de7d4560f7d8d311e42,ds003604,18000,,Plaus,ses-9,60,0.0116934279763118,0.0029300975833043,0.0082187580841421,,
pico-decoder-small,pico-lm/pico-decoder-small@a161849d9bc2ecbb0bc6095f0fe9fa54a03b14ce,ds003604,19000,,Plaus,ses-9,60,0.0485102320972105,0.0197621156571833,0.0325754599777077,,
pico-decoder-small,pico-lm/pico-decoder-small@082423f29dc36ca1b544cb85c655531783bb8985,ds003604,20000,,Plaus,ses-9,60,0.0151475007111651,0.0017784837200904,0.010685599128749,,
pico-decoder-small,pico-lm/pico-decoder-small@62236c27ddef441fc85ceabb80793b680397d2f4,ds003604,21000,,Plaus,ses-9,60,0.0160604581316981,0.0010373164068949,0.0105361323228355,,
pico-decoder-small,pico-lm/pico-decoder-small@457283267b592ffd80ca1a4ede807a4a5606a7f4,ds003604,22000,,Plaus,ses-9,60,0.0283464374126739,0.0008696376151531,0.019404496140371,,
pico-decoder-small,pico-lm/pico-decoder-small@542883f65bdcba033a9c80f753fdd6f6829cb7e7,ds003604,23000,,Plaus,ses-9,60,0.0100003948798362,-0.0035694827058468,0.0068480069495677,,
pico-decoder-small,pico-lm/pico-decoder-small@bbc3997ae0773f6e0f145401283a22dced84175c,ds003604,24000,,Plaus,ses-9,60,-0.0241492288501015,-0.0270728367674865,-0.0162388658407667,,
pico-decoder-small,pico-lm/pico-decoder-small@8316a2db89b6a337de59490bec6e6ed79275e85f,ds003604,25000,,Plaus,ses-9,60,0.007792443670559,-0.0022284623065658,0.0055117481548195,,
pico-decoder-small,pico-lm/pico-decoder-small@b2ff4ecd5fdb6684736075b48a28007f425925d5,ds003604,26000,,Plaus,ses-9,60,0.0002719969533173,-0.0170082731216409,-0.0001820429046382,,
pico-decoder-small,pico-lm/pico-decoder-small@d0bf4c35052d4efe8b11ad72cf76ba92d8837271,ds003604,27000,,Plaus,ses-9,60,-0.0038543290826846,-0.0137306040933713,-0.0026897637594095,,
pico-decoder-small,pico-lm/pico-decoder-small@c5fe4eaa6e28635b04a285d9d63224a7013711d4,ds003604,28000,,Plaus,ses-9,60,-0.0071891317686314,-0.0170707920583039,-0.0048653361565952,,
pico-decoder-small,pico-lm/pico-decoder-small@574194afaad5aebab0de6f7ec3ebd45241ba9f36,ds003604,29000,,Plaus,ses-9,60,0.0167516358014884,-0.0079118354708355,0.011100784700731,,
pico-decoder-small,pico-lm/pico-decoder-small@4e76d0f5009af59c7519cc564d83ccb252becc09,ds003604,30000,,Plaus,ses-9,60,0.0039391370880669,-0.0085372557115073,0.0024253224874086,,
pico-decoder-small,pico-lm/pico-decoder-small@63e4f365e97340e8419c8d14c3479eab48b41672,ds003604,31000,,Plaus,ses-9,60,-0.0181293233465396,-0.0279946447485263,-0.0118302338133517,,
pico-decoder-small,pico-lm/pico-decoder-small@8c1e326d52a990b3ef622fa0187927b4c3c8b198,ds003604,32000,,Plaus,ses-9,60,0.0161655343631179,0.0024137340536417,0.0105923420618115,,
pico-decoder-small,pico-lm/pico-decoder-small@5087b4b665fc374f51db109f5832fccfa45038ed,ds003604,33000,,Plaus,ses-9,60,-0.0039032381342193,-0.0175561852353869,-0.0027587484390619,,
pico-decoder-small,pico-lm/pico-decoder-small@1b37af2dca833f47e09a88bc07d1b193eb75b975,ds003604,34000,,Plaus,ses-9,60,-0.0007117434487939,-0.0067158519801502,-0.0006342758045817,,
pico-decoder-small,pico-lm/pico-decoder-small@f84a2138adf461f090569b0490e077e154d5692a,ds003604,35000,,Plaus,ses-9,60,-0.0298127156728142,-0.0195587328053466,-0.0197225921632126,,
pico-decoder-small,pico-lm/pico-decoder-small@a5edb37d58f3dac4abc7615fe9f16119c9719363,ds003604,36000,,Plaus,ses-9,60,-0.0034017239710308,-0.0158548059060635,-0.0023346204086064,,
pico-decoder-small,pico-lm/pico-decoder-small@ad19a8ed94822569698ab34f7cbdb71a73e75edb,ds003604,37000,,Plaus,ses-9,60,-0.0260692807935441,-0.0306138920654637,-0.0179328229744533,,
pico-decoder-small,pico-lm/pico-decoder-small@6ffc4bc90cff1f5d9492cc62aa823b2f31820dec,ds003604,38000,,Plaus,ses-9,60,-0.0212737462347444,-0.0201837922440733,-0.0142715249766058,,
pico-decoder-small,pico-lm/pico-decoder-small@2be3f69fedc1c81a1c9dee69aecdfbb30a7ed07b,ds003604,39000,,Plaus,ses-9,60,-0.0228597316761486,-0.0242299150420713,-0.0156065062772864,,
pico-decoder-small,pico-lm/pico-decoder-small@89ce452106683eb2c3d635f0b06d00b4836a270d,ds003604,40000,,Plaus,ses-9,60,-0.0175639640549308,-0.0246795375187873,-0.0119618157023183,,
pico-decoder-small,pico-lm/pico-decoder-small@fb21f9a6029769e4fde8c343509be2fc23d627f8,ds003604,41000,,Plaus,ses-9,60,-0.0069030005084206,-0.0180100203285848,-0.0049100484489625,,
pico-decoder-small,pico-lm/pico-decoder-small@3b04367b1f9f520d1eb5dc4b1d62222a11574175,ds003604,42000,,Plaus,ses-9,60,-0.0050293516795331,-0.0103055064172851,-0.0037168689897896,,
pico-decoder-small,pico-lm/pico-decoder-small@a8fcdde6a31d48184ff170362f4802ba6f7c825b,ds003604,43000,,Plaus,ses-9,60,-0.0093981130521765,-0.0184592781085098,-0.0067432524360215,,
pico-decoder-small,pico-lm/pico-decoder-small@42a2d16068cea73c52aa94a34fd039b076c656d2,ds003604,44000,,Plaus,ses-9,60,-0.0117078490160634,-0.0174404442228045,-0.007923656954518,,
pico-decoder-small,pico-lm/pico-decoder-small@9b211dca4e657296153efe83773900826fe138d5,ds003604,45000,,Plaus,ses-9,60,-0.0315456489990228,-0.0261422662040642,-0.0212313126570918,,
pico-decoder-small,pico-lm/pico-decoder-small@8866040c1a6ead0d48bd6a4f6ff9046c778670fa,ds003604,46000,,Plaus,ses-9,60,-0.0268474153421371,-0.0283574691646027,-0.0177348113939695,,
pico-decoder-small,pico-lm/pico-decoder-small@2c39df607c549d2902ed46ce83a2e6630df09d90,ds003604,47000,,Plaus,ses-9,60,-0.0042068287204679,-0.0177780196168126,-0.0031023943432562,,
pico-decoder-small,pico-lm/pico-decoder-small@e2f848f2a712b27ddfebe48ddc4dd6258de6df59,ds003604,48000,,Plaus,ses-9,60,-0.0368109991330334,-0.0353947871158712,-0.0243535081583964,,
pico-decoder-small,pico-lm/pico-decoder-small@fa46e0b2c4bcc53653b39cd684396f35c777aead,ds003604,49000,,Plaus,ses-9,60,-0.01934219251665,-0.0253729353863073,-0.0129237687352489,,
pico-decoder-small,pico-lm/pico-decoder-small@1c1daa1853e150e7a21ae4af47574da037fbb206,ds003604,50000,,Plaus,ses-9,60,-0.0194997830595425,-0.0245125573240675,-0.0128867214072874,,
pico-decoder-small,pico-lm/pico-decoder-small@7aa7c5e89a41da940802066eaa61d34d72089434,ds003604,51000,,Plaus,ses-9,60,-0.0194408437680244,-0.0258275549630185,-0.0132290898174141,,
pico-decoder-small,pico-lm/pico-decoder-small@9213448a01fde86281f3df23d6846b5c31f86998,ds003604,52000,,Plaus,ses-9,60,-0.0207460171142403,-0.0244875033037647,-0.0141706029452625,,
pico-decoder-small,pico-lm/pico-decoder-small@41f9cd78186e1fbaf4b6b2164f52331d4ef4c15e,ds003604,53000,,Plaus,ses-9,60,-0.0222748767142033,-0.0220324079226694,-0.0148859996231392,,
pico-decoder-small,pico-lm/pico-decoder-small@f4454c4dd5fa26693e9755fbac1a1f6aa12f6c37,ds003604,54000,,Plaus,ses-9,60,-0.0239371893604516,-0.0262124563661433,-0.0159616496280895,,
pico-decoder-small,pico-lm/pico-decoder-small@497f4bdf16cbdcb120415cd944d84b34d1fef37a,ds003604,55000,,Plaus,ses-9,60,-0.0230508169449229,-0.0302027304931193,-0.0154289346018849,,
pico-decoder-small,pico-lm/pico-decoder-small@79119d3d39e86e4f4fdd14e0de769ebbba87b4c1,ds003604,56000,,Plaus,ses-9,60,-0.01538925221699,-0.0274200510560012,-0.010242308687279,,
pico-decoder-small,pico-lm/pico-decoder-small@1e0aa9e9184e67611fe6a3fe7e0d301e199367b4,ds003604,57000,,Plaus,ses-9,60,-0.0203553462999594,-0.0324146949690118,-0.0135829556741495,,
pico-decoder-small,pico-lm/pico-decoder-small@12cffd4abfebe78cd4df44f368d49ae2aec28999,ds003604,58000,,Plaus,ses-9,60,-0.0413753274631254,-0.0403437003110431,-0.0273556192173432,,
pico-decoder-small,pico-lm/pico-decoder-small@88752c656e1478698735820b50bc1648b43897bc,ds003604,59000,,Plaus,ses-9,60,-0.0421085520720476,-0.0340781750032438,-0.0275587407740975,,
pico-decoder-small,pico-lm/pico-decoder-small@ef0c2a9858930c1b946d7fd3ec94d87a30fb6316,ds003604,60000,,Plaus,ses-9,60,-0.0468013129183794,-0.0357103732230413,-0.0309555974999441,,
pico-decoder-small,pico-lm/pico-decoder-small@2adfdbab6dd63824aeb0c5b7f40693509b21f72e,ds003604,61000,,Plaus,ses-9,60,-0.0362226687524444,-0.0410549074144942,-0.0241376116609658,,
pico-decoder-small,pico-lm/pico-decoder-small@8f2f5e9d39b7ef2738d2ddfa5002e690090afb1b,ds003604,62000,,Plaus,ses-9,60,-0.046184155606438,-0.0440241437792094,-0.0307908007652189,,
pico-decoder-small,pico-lm/pico-decoder-small@27a605b8a3168bf13fde7e4903edf05011890db5,ds003604,63000,,Plaus,ses-9,60,-0.0243368062399085,-0.0297986280368749,-0.016381945176342,,
pico-decoder-small,pico-lm/pico-decoder-small@64faca95211d12573bc85e90ab9b9346d61f571c,ds003604,64000,,Plaus,ses-9,60,-0.038251865287861,-0.035768846055771,-0.0253410110726798,,
pico-decoder-small,pico-lm/pico-decoder-small@04de7a38c9b974bc56e59c77ce6289b59ac333a3,ds003604,65000,,Plaus,ses-9,60,-0.0398009563254948,-0.0395032660851781,-0.0266376675513313,,
pico-decoder-small,pico-lm/pico-decoder-small@0a060522b26b84154fe744cff68debc60a62771b,ds003604,66000,,Plaus,ses-9,60,-0.0371117570150451,-0.0322666626356309,-0.0245706821498947,,
pico-decoder-small,pico-lm/pico-decoder-small@96a66aee1fd9e46f20ddd7b0e811fbcd6761cd3b,ds003604,67000,,Plaus,ses-9,60,-0.0317211792807421,-0.0330749158686896,-0.0210844008393136,,
pico-decoder-small,pico-lm/pico-decoder-small@e7396619711d862dc1bed1a5f5797fb2b5cc9768,ds003604,68000,,Plaus,ses-9,60,-0.0192312366386207,-0.03040043033427,-0.012677212380195,,
pico-decoder-small,pico-lm/pico-decoder-small@ba3a7a617ab159a7fcbc81cd6ffb20319f00199a,ds003604,69000,,Plaus,ses-9,60,-0.0061245954571311,-0.0182897969889028,-0.0041205571151628,,
pico-decoder-small,pico-lm/pico-decoder-small@63bfd31a42bdd16864908136aa5cce931810bb58,ds003604,70000,,Plaus,ses-9,60,-0.0282408742764005,-0.0292546824694258,-0.0187069843794412,,
pico-decoder-small,pico-lm/pico-decoder-small@5e0a9fbd93f2dbafe06c6cb20fa5521f766270e0,ds003604,71000,,Plaus,ses-9,60,-0.0122845910611377,-0.019748398376551,-0.0085930638459597,,
pico-decoder-small,pico-lm/pico-decoder-small@4b4e4304ce873cafd39ac997ad47e16ec2d5d76d,ds003604,72000,,Plaus,ses-9,60,-0.0199151518520175,-0.0252727408077142,-0.0131141153513268,,
pico-decoder-small,pico-lm/pico-decoder-small@f2bf3399e04924384ec7ea3acb5440318247824d,ds003604,73000,,Plaus,ses-9,60,-0.0131601801571762,-0.0242007599212041,-0.0089060498925308,,
pico-decoder-small,pico-lm/pico-decoder-small@81c21ab4b67c2a986c2c4a8771db3b328075f9ca,ds003604,74000,,Plaus,ses-9,60,-0.0351030061554349,-0.035702454016056,-0.0232088734737938,,
pico-decoder-small,pico-lm/pico-decoder-small@67737816c3793c77c33cd993cb625dfe02f5dba2,ds003604,75000,,Plaus,ses-9,60,-0.0254052312981725,-0.0303564901905815,-0.0166949312229131,,
pico-decoder-small,pico-lm/pico-decoder-small@cd3c66fe9f41cb98971992c1c48e0000704daae7,ds003604,76000,,Plaus,ses-9,60,-0.0358906299386184,-0.0374312545087277,-0.0235537968720557,,
pico-decoder-small,pico-lm/pico-decoder-small@8bc1f96e0ab394e6d9396f9105337a8ee9281b02,ds003604,77000,,Plaus,ses-9,60,-0.0287834940293373,-0.0358187848591867,-0.0191566622912494,,
pico-decoder-small,pico-lm/pico-decoder-small@54681b82e00ed8da204a8f5e199732edcd50c540,ds003604,78000,,Plaus,ses-9,60,-0.0270395761296323,-0.0346712046301895,-0.0179839227371587,,
pico-decoder-small,pico-lm/pico-decoder-small@9f79f048c9629723d93a9c6d020fad45ecd81ebb,ds003604,79000,,Plaus,ses-9,60,-0.038822913792181,-0.0359724042269149,-0.0258839460514255,,
pico-decoder-small,pico-lm/pico-decoder-small@a8eea15ae0deddaf3beced3d114c9bc8ed9a25e5,ds003604,80000,,Plaus,ses-9,60,-0.031630664750476,-0.0310358287817547,-0.0211661604596423,,
pico-decoder-small,pico-lm/pico-decoder-small@8d7bca4dea2e340144c93745d61646c84d35ffdb,ds003604,81000,,Plaus,ses-9,60,-0.0400642333538902,-0.0376977105107035,-0.0265009756860941,,
pico-decoder-small,pico-lm/pico-decoder-small@063ab25b24aefd512a554e49853ed6fc32ee9c1b,ds003604,82000,,Plaus,ses-9,60,-0.031169745467945,-0.0327484943820751,-0.0206513303503846,,
pico-decoder-small,pico-lm/pico-decoder-small@d63e823855aefabdb4d0fb89c6cb30f1917edff8,ds003604,83000,,Plaus,ses-9,60,-0.0425687572274601,-0.0439350218392289,-0.0282358126299451,,
pico-decoder-small,pico-lm/pico-decoder-small@aac007e3728b91b2460f8be94a5ef79547dc60b8,ds003604,84000,,Plaus,ses-9,60,-0.0385032423616354,-0.0361642518249595,-0.0254495980684289,,
pico-decoder-small,pico-lm/pico-decoder-small@804cfb5f121020ed666ca55376b9e9f358701d23,ds003604,85000,,Plaus,ses-9,60,-0.0328184896989408,-0.0359451393275351,-0.0216720481104265,,
pico-decoder-small,pico-lm/pico-decoder-small@938244e11e03da85918d38722414505f45c1ceda,ds003604,86000,,Plaus,ses-9,60,-0.0184890854407166,-0.0243518537677538,-0.0124102161200588,,
pico-decoder-small,pico-lm/pico-decoder-small@9bd6535d2bbcd3e8e0be555350c1a9abcfa9ef20,ds003604,87000,,Plaus,ses-9,60,-0.0146398407267139,-0.0232364199008769,-0.0096661588627747,,
pico-decoder-small,pico-lm/pico-decoder-small@5e4f19facb03a2fb589181b485fc44570680d8b4,ds003604,88000,,Plaus,ses-9,60,-0.0372679063195711,-0.0373522117364232,-0.024685656615982,,
pico-decoder-small,pico-lm/pico-decoder-small@48b3ab14f90bae2930c79eefee13f8548f7a3ac0,ds003604,89000,,Plaus,ses-9,60,-0.0354660251020767,-0.0411397062957683,-0.0237352010296602,,
pico-decoder-small,pico-lm/pico-decoder-small@a7e691278d2179f7a23f55c82de28f96b4acd2e4,ds003604,90000,,Plaus,ses-9,60,-0.0397882297146335,-0.0406796357849413,-0.0264920332276207,,
pico-decoder-small,pico-lm/pico-decoder-small@c025f14d64c01b36a07900656ded25b50f8caafd,ds003604,91000,,Plaus,ses-9,60,-0.0530401589763823,-0.0468288565533189,-0.0351611079706048,,
pico-decoder-small,pico-lm/pico-decoder-small@b3b967e1f18d21573f4a6146c441a2825a5a8f83,ds003604,92000,,Plaus,ses-9,60,-0.0447771087807279,-0.0404998118925215,-0.0292054306272815,,
pico-decoder-small,pico-lm/pico-decoder-small@41ae4009882dd5c1963328961a9ed1964aab8606,ds003604,93000,,Plaus,ses-9,60,-0.0289012860515106,-0.0363954644104017,-0.0190071954853359,,
pico-decoder-small,pico-lm/pico-decoder-small@bfda4783bf178eae55bcebd43810ed9180cbdc63,ds003604,94000,,Plaus,ses-9,60,-0.0349623750495973,-0.0421151947222357,-0.0231335013238032,,
pico-decoder-small,pico-lm/pico-decoder-small@94177e145ce01fae74b87897c8260f2f6fe1deb0,ds003604,95000,,Plaus,ses-9,60,-0.0322018582442413,-0.0371173073132183,-0.0216809905689,,
pico-decoder-small,pico-lm/pico-decoder-small@938d2d29f7aba65159e5bdc0ccfbefdc61757005,ds003604,96000,,Plaus,ses-9,60,-0.0385081828228829,-0.040078327314253,-0.0255083627955402,,
pico-decoder-small,pico-lm/pico-decoder-small@57a25f8bc299440e75e421522b5461ef9addc60f,ds003604,97000,,Plaus,ses-9,60,-0.0251487016890366,-0.0280542903848698,-0.0166310565195312,,
pico-decoder-small,pico-lm/pico-decoder-small@2b2b81f5b793cfe7595f1880023e3199b0ca4d01,ds003604,98000,,Plaus,ses-9,60,-0.0399460582998988,-0.0410505358286623,-0.026462650864065,,
pico-decoder-small,pico-lm/pico-decoder-small@a014170484f226c32a449440e37684a5138bffea,ds003604,99000,,Plaus,ses-9,60,-0.034534764387093,-0.036403916338356,-0.022838400194179,,
pico-decoder-small,pico-lm/pico-decoder-small@912032713d1ca4f482ce957408afca3e5a267267,ds003604,100000,,Plaus,ses-9,60,-0.0511300658602112,-0.0442180075420488,-0.033749477025866,,
pico-decoder-small,pico-lm/pico-decoder-small@0405a0c52b2083efba346cb0195a2684e628b1af,ds003604,101000,,Plaus,ses-9,60,-0.0519669081500141,-0.0441687702217698,-0.0340969554122633,,
pico-decoder-small,pico-lm/pico-decoder-small@a29b66f6847b3a1ec6358c6bdf5686f8db25e228,ds003604,102000,,Plaus,ses-9,60,-0.0377580875017902,-0.0322462400964547,-0.0246754366634409,,
pico-decoder-small,pico-lm/pico-decoder-small@b6e1c3f17ee3de24e5563176b76cde040230086b,ds003604,103000,,Plaus,ses-9,60,-0.0269359692688595,-0.0288528444525968,-0.0175878995761913,,
pico-decoder-small,pico-lm/pico-decoder-small@fd779f78578d7ce2eb7316f95b1536f35f90d660,ds003604,104000,,Plaus,ses-9,60,-0.0173632770224443,-0.0270558252704251,-0.0115031953320366,,
pico-decoder-small,pico-lm/pico-decoder-small@2a9ae447eace88eb5c4be50d7b3c867cbd1a9a7e,ds003604,105000,,Plaus,ses-9,60,-0.0305638994967573,-0.0249669679232531,-0.0199295462021698,,
pico-decoder-small,pico-lm/pico-decoder-small@36d78ffabfbf506523a459e2116bbc012c1adab7,ds003604,106000,,Plaus,ses-9,60,-0.0206121810361368,-0.0307586877020042,-0.013648107871599,,
pico-decoder-small,pico-lm/pico-decoder-small@3f9b3375f2ae4b81043ba582d1b2ec8bc15a04e1,ds003604,107000,,Plaus,ses-9,60,-0.0157421327225699,-0.0319075247252976,-0.0101567165847473,,
pico-decoder-small,pico-lm/pico-decoder-small@00c972e3e00659382b3fe4f9d9f634ebbd9833c1,ds003604,108000,,Plaus,ses-9,60,-0.0324640359496785,-0.0359473764050605,-0.0213552295816526,,
pico-decoder-small,pico-lm/pico-decoder-small@076cdde7affce35bd2bad3498e51f33f575aaddb,ds003604,109000,,Plaus,ses-9,60,-0.0212466938010806,-0.0299603161094928,-0.0138461194520827,,
pico-decoder-small,pico-lm/pico-decoder-small@1f7f52ddf73285dd5484e753c1740cc68df81b76,ds003604,110000,,Plaus,ses-9,60,-0.0235856202519439,-0.0311727914186544,-0.0153522849578267,,
pico-decoder-small,pico-lm/pico-decoder-small@a801b2ab639f60dbd4ebfe264aab726255eb2877,ds003604,111000,,Plaus,ses-9,60,-0.0334637468309865,-0.0404872341645629,-0.022296742709501,,
pico-decoder-small,pico-lm/pico-decoder-small@197b11d764b16772e54f2cbbfab17581cbdb9b59,ds003604,112000,,Plaus,ses-9,60,-0.0441936279724804,-0.0400887919293811,-0.0290725712442472,,
pico-decoder-small,pico-lm/pico-decoder-small@0ff198943f69ee08bd0b54c8ab55d364ce931a26,ds003604,113000,,Plaus,ses-9,60,-0.0179646910774539,-0.0246405136311182,-0.0117778565565786,,
pico-decoder-small,pico-lm/pico-decoder-small@fe2f1951a2f9a01d14429415f467c91c8a765024,ds003604,114000,,Plaus,ses-9,60,-0.0235791779597259,-0.0328865733173368,-0.0155720139374602,,
pico-decoder-small,pico-lm/pico-decoder-small@dde9b48ac9a426d9bc86b1fc423b8241736f6ea3,ds003604,115000,,Plaus,ses-9,60,-0.0115339720468248,-0.0237989730175729,-0.0074279892562748,,
pico-decoder-small,pico-lm/pico-decoder-small@eb892260583a7bfbf95a1aecbf60ebc4ee0b8fe2,ds003604,116000,,Plaus,ses-9,60,-0.028012065783594,-0.0297189573615198,-0.018704429391306,,
pico-decoder-small,pico-lm/pico-decoder-small@62d95f269e32053c9fc3638cfe64f8b2f7b23654,ds003604,117000,,Plaus,ses-9,60,-0.0136735401744464,-0.0227023737406691,-0.0090235793467534,,
pico-decoder-small,pico-lm/pico-decoder-small@31ddb818fbb16fbd1caf8ec968855022dd6afc74,ds003604,118000,,Plaus,ses-9,60,-0.0179280022557328,-0.0207206900606616,-0.0117982964616608,,
pico-decoder-small,pico-lm/pico-decoder-small@82d2ace20cd9a6db92a58205d7a22f5f6173e7b8,ds003604,119000,,Plaus,ses-9,60,-0.0316026449991698,-0.0355391901878546,-0.0208544519071389,,
pico-decoder-small,pico-lm/pico-decoder-small@8e25d91566448034f3bb0406ab0045355c528ae7,ds003604,120000,,Plaus,ses-9,60,-0.0194682597573122,-0.0303539020902244,-0.0132380322758876,,
pico-decoder-small,pico-lm/pico-decoder-small@8a2f1db72ebb1ce87faaf75ea1db7910f308be65,ds003604,121000,,Plaus,ses-9,60,-0.0203082204021995,-0.031591629651638,-0.0135267459351735,,
pico-decoder-small,pico-lm/pico-decoder-small@e197ddf7837d73cb367f53e1dd174a4745892831,ds003604,122000,,Plaus,ses-9,60,-0.0205000522584159,-0.0275832247937036,-0.0134539287733182,,
pico-decoder-small,pico-lm/pico-decoder-small@51a1f29ffaf81f8b5d071b1858b6ac094aca1b30,ds003604,123000,,Plaus,ses-9,60,-0.0235638588510221,-0.0297400732054011,-0.0157725805060792,,
pico-decoder-small,pico-lm/pico-decoder-small@c2d4754b377c202474754e86b41f1321342ad24a,ds003604,124000,,Plaus,ses-9,60,-0.0137136741185092,-0.0270591964404608,-0.0092356433619811,,
pico-decoder-small,pico-lm/pico-decoder-small@ef21ca419b33425716396ead8c1e60e01f301271,ds003604,125000,,Plaus,ses-9,60,-0.0138812754251908,-0.0257735850870718,-0.009323790452648,,
pico-decoder-small,pico-lm/pico-decoder-small@a8294defc7001e32644ce53dbcb87ef35587ff22,ds003604,0,,Sem,ses-5,72,-0.01734554093301,-0.0135783918775082,-0.0114599315834121,,
pico-decoder-small,pico-lm/pico-decoder-small@5e3d06988f3cc3adbf36b55cd8b1ddb3ae9f9bde,ds003604,1000,,Sem,ses-5,72,-0.0179820463147072,-0.008170835340999,-0.0116871702054028,,
pico-decoder-small,pico-lm/pico-decoder-small@9f1ca389bbb1cc08b42a32bfe58fb818b24b3490,ds003604,2000,,Sem,ses-5,72,-0.0275558523260861,-0.0061982242732438,-0.0183812157572528,,
pico-decoder-small,pico-lm/pico-decoder-small@f2269f20ce160cf71bea0a02ccf685e126dd2dc1,ds003604,3000,,Sem,ses-5,72,-0.0211462505916615,-0.0168102433495636,-0.0141727074777431,,
pico-decoder-small,pico-lm/pico-decoder-small@10da1c98e1cd32fc61ab4ced31075c08cf699861,ds003604,4000,,Sem,ses-5,72,-0.0152028781586575,-0.0059855166585347,-0.0105387270349647,,
pico-decoder-small,pico-lm/pico-decoder-small@be2865b50166a683e659f4a1f99e058c77288911,ds003604,5000,,Sem,ses-5,72,-0.0373439117516182,-0.0321522040597968,-0.0245491212112859,,
pico-decoder-small,pico-lm/pico-decoder-small@496ea4785860af671e895085f1bcdc3bff2f9d97,ds003604,6000,,Sem,ses-5,72,-0.0471642422056711,-0.0297962062889064,-0.031201516557488,,
pico-decoder-small,pico-lm/pico-decoder-small@c5bddf28e9cfbede4fe480513c4a3487279f7d47,ds003604,7000,,Sem,ses-5,72,-0.0356318002769493,-0.0521870872712126,-0.0235495162757366,,
pico-decoder-small,pico-lm/pico-decoder-small@9fe9969ca88ccf3b71599f85000ce082bf854421,ds003604,8000,,Sem,ses-5,72,-0.0304792617105568,-0.0475662784075585,-0.0203969632100058,,
pico-decoder-small,pico-lm/pico-decoder-small@8335f55c1bf51378b17a73d527c39899546e2d5b,ds003604,9000,,Sem,ses-5,72,-0.0687728214342063,-0.0508866713011434,-0.0466365927681767,,
pico-decoder-small,pico-lm/pico-decoder-small@8ce4e4fa15c0cec038fcb9f29d30cc50bac60a3d,ds003604,10000,,Sem,ses-5,72,-0.0714540885153559,-0.0502886632397207,-0.0466488428286614,,
pico-decoder-small,pico-lm/pico-decoder-small@3261da23d1d8811f9a32b69d6d6b9a17ca82fcd0,ds003604,11000,,Sem,ses-5,72,-0.075714126576083,-0.04765663779767,-0.0504653491726615,,
pico-decoder-small,pico-lm/pico-decoder-small@a6a20b8103a7cdacefa2bb78dee23c516ad6e78e,ds003604,12000,,Sem,ses-5,72,-0.0424603260538043,-0.0339154150853866,-0.0283154023072988,,
pico-decoder-small,pico-lm/pico-decoder-small@c2395fd6ba7da947893c62b8169b47a83345153b,ds003604,13000,,Sem,ses-5,72,-0.0978577500723281,-0.058496938832593,-0.0652150344992328,,
pico-decoder-small,pico-lm/pico-decoder-small@6dc7fa92550aabc62d659674176bda49750efe64,ds003604,14000,,Sem,ses-5,72,-0.0717160682992995,-0.044286654534264,-0.0471602828538965,,
pico-decoder-small,pico-lm/pico-decoder-small@d1c60a45e64f88520c2cd94890471321a15410bf,ds003604,15000,,Sem,ses-5,72,-0.0905378993773779,-0.0584275332745142,-0.0600804216470818,,
pico-decoder-small,pico-lm/pico-decoder-small@cbb63c23390c0d43e0d6dfaa0c69aed19778fa74,ds003604,16000,,Sem,ses-5,72,-0.0671070982605389,-0.0493627633678362,-0.044336031409155,,
pico-decoder-small,pico-lm/pico-decoder-small@a4f386c7a4155bfab638b897e60bc656a82e6a4f,ds003604,17000,,Sem,ses-5,72,-0.0897169366858222,-0.0607817287327659,-0.0598911582125936,,
pico-decoder-small,pico-lm/pico-decoder-small@9b68d0ee8ceef680cc668de7d4560f7d8d311e42,ds003604,18000,,Sem,ses-5,72,-0.0977833571844813,-0.0679336779055379,-0.065375510291582,,
pico-decoder-small,pico-lm/pico-decoder-small@a161849d9bc2ecbb0bc6095f0fe9fa54a03b14ce,ds003604,19000,,Sem,ses-5,72,-0.1052503501732129,-0.0468046303585151,-0.0709713379209809,,
pico-decoder-small,pico-lm/pico-decoder-small@082423f29dc36ca1b544cb85c655531783bb8985,ds003604,20000,,Sem,ses-5,72,-0.1044146040492584,-0.0774359053183112,-0.070434172768728,,
pico-decoder-small,pico-lm/pico-decoder-small@62236c27ddef441fc85ceabb80793b680397d2f4,ds003604,21000,,Sem,ses-5,72,-0.0737142275492546,-0.0502481792969961,-0.0491527551917287,,
pico-decoder-small,pico-lm/pico-decoder-small@457283267b592ffd80ca1a4ede807a4a5606a7f4,ds003604,22000,,Sem,ses-5,72,-0.0919975491782588,-0.0440502405735384,-0.0614475283971714,,
pico-decoder-small,pico-lm/pico-decoder-small@542883f65bdcba033a9c80f753fdd6f6829cb7e7,ds003604,23000,,Sem,ses-5,72,-0.0559043199755657,-0.0423461754542196,-0.0371293208260215,,
pico-decoder-small,pico-lm/pico-decoder-small@bbc3997ae0773f6e0f145401283a22dced84175c,ds003604,24000,,Sem,ses-5,72,-0.070950561444717,-0.0460409143341896,-0.0473311711976577,,
pico-decoder-small,pico-lm/pico-decoder-small@8316a2db89b6a337de59490bec6e6ed79275e85f,ds003604,25000,,Sem,ses-5,72,-0.0621879226277604,-0.0450679160864891,-0.0415858928303458,,
pico-decoder-small,pico-lm/pico-decoder-small@b2ff4ecd5fdb6684736075b48a28007f425925d5,ds003604,26000,,Sem,ses-5,72,-0.0833144313151414,-0.0704053948799472,-0.055137522241516,,
pico-decoder-small,pico-lm/pico-decoder-small@d0bf4c35052d4efe8b11ad72cf76ba92d8837271,ds003604,27000,,Sem,ses-5,72,-0.1135045386599854,-0.0811972426344984,-0.0751449335281092,,
pico-decoder-small,pico-lm/pico-decoder-small@c5fe4eaa6e28635b04a285d9d63224a7013711d4,ds003604,28000,,Sem,ses-5,72,-0.0927229312160313,-0.0693249967154943,-0.0620306312762419,,
pico-decoder-small,pico-lm/pico-decoder-small@574194afaad5aebab0de6f7ec3ebd45241ba9f36,ds003604,29000,,Sem,ses-5,72,-0.0790342690447655,-0.0667839511577408,-0.0529135237605235,,
pico-decoder-small,pico-lm/pico-decoder-small@4e76d0f5009af59c7519cc564d83ccb252becc09,ds003604,30000,,Sem,ses-5,72,-0.0631733757971116,-0.0532445862779182,-0.0418002688888276,,
pico-decoder-small,pico-lm/pico-decoder-small@63e4f365e97340e8419c8d14c3479eab48b41672,ds003604,31000,,Sem,ses-5,72,-0.0778888649145575,-0.0555073682995759,-0.0515004792836164,,
pico-decoder-small,pico-lm/pico-decoder-small@8c1e326d52a990b3ef622fa0187927b4c3c8b198,ds003604,32000,,Sem,ses-5,72,-0.0534730001199267,-0.0444265232439951,-0.0357720141243197,,
pico-decoder-small,pico-lm/pico-decoder-small@5087b4b665fc374f51db109f5832fccfa45038ed,ds003604,33000,,Sem,ses-5,72,-0.0806206200187501,-0.0626288525110909,-0.0535658394813324,,
pico-decoder-small,pico-lm/pico-decoder-small@1b37af2dca833f47e09a88bc07d1b193eb75b975,ds003604,34000,,Sem,ses-5,72,-0.0735028292088386,-0.0548936684371103,-0.0488244535707395,,
pico-decoder-small,pico-lm/pico-decoder-small@f84a2138adf461f090569b0490e077e154d5692a,ds003604,35000,,Sem,ses-5,72,-0.0806322300291445,-0.0499268930344785,-0.0536454648744828,,
pico-decoder-small,pico-lm/pico-decoder-small@a5edb37d58f3dac4abc7615fe9f16119c9719363,ds003604,36000,,Sem,ses-5,72,-0.0817185270186647,-0.0538778342166556,-0.0540999421184642,,
pico-decoder-small,pico-lm/pico-decoder-small@ad19a8ed94822569698ab34f7cbdb71a73e75edb,ds003604,37000,,Sem,ses-5,72,-0.0569870483025693,-0.0341220345492455,-0.038050525374469,,
pico-decoder-small,pico-lm/pico-decoder-small@6ffc4bc90cff1f5d9492cc62aa823b2f31820dec,ds003604,38000,,Sem,ses-5,72,-0.0636134876054785,-0.0470990946247049,-0.0424874972820178,,
pico-decoder-small,pico-lm/pico-decoder-small@2be3f69fedc1c81a1c9dee69aecdfbb30a7ed07b,ds003604,39000,,Sem,ses-5,72,-0.074911117864454,-0.0349816086342355,-0.050099684867194,,
pico-decoder-small,pico-lm/pico-decoder-small@89ce452106683eb2c3d635f0b06d00b4836a270d,ds003604,40000,,Sem,ses-5,72,-0.0592541471625803,-0.028123817786856,-0.0396124080862649,,
pico-decoder-small,pico-lm/pico-decoder-small@fb21f9a6029769e4fde8c343509be2fc23d627f8,ds003604,41000,,Sem,ses-5,72,-0.0570099047020869,-0.0339187552453624,-0.0376560734268625,,
pico-decoder-small,pico-lm/pico-decoder-small@3b04367b1f9f520d1eb5dc4b1d62222a11574175,ds003604,42000,,Sem,ses-5,72,-0.0221832481541522,-0.0179423233518084,-0.0144924340563931,,
pico-decoder-small,pico-lm/pico-decoder-small@a8fcdde6a31d48184ff170362f4802ba6f7c825b,ds003604,43000,,Sem,ses-5,72,-0.0504130387315472,-0.0372688332283449,-0.0331241635505575,,
pico-decoder-small,pico-lm/pico-decoder-small@42a2d16068cea73c52aa94a34fd039b076c656d2,ds003604,44000,,Sem,ses-5,72,-0.0502531682560311,-0.0413278613210533,-0.0329979879275653,,
pico-decoder-small,pico-lm/pico-decoder-small@9b211dca4e657296153efe83773900826fe138d5,ds003604,45000,,Sem,ses-5,72,-0.0195312662391076,-0.0146335985646189,-0.0130377393738381,,
pico-decoder-small,pico-lm/pico-decoder-small@8866040c1a6ead0d48bd6a4f6ff9046c778670fa,ds003604,46000,,Sem,ses-5,72,-0.0321609835015435,-0.0312079435366968,-0.0215558189318559,,
pico-decoder-small,pico-lm/pico-decoder-small@2c39df607c549d2902ed46ce83a2e6630df09d90,ds003604,47000,,Sem,ses-5,72,-0.0334761240290741,-0.0267648769675675,-0.0224065856325165,,
pico-decoder-small,pico-lm/pico-decoder-small@e2f848f2a712b27ddfebe48ddc4dd6258de6df59,ds003604,48000,,Sem,ses-5,72,-0.0318779316493407,-0.0200955393174069,-0.0216966946274297,,
pico-decoder-small,pico-lm/pico-decoder-small@fa46e0b2c4bcc53653b39cd684396f35c777aead,ds003604,49000,,Sem,ses-5,72,-0.0570893250492502,-0.0356360234817592,-0.0376566859298867,,
pico-decoder-small,pico-lm/pico-decoder-small@1c1daa1853e150e7a21ae4af47574da037fbb206,ds003604,50000,,Sem,ses-5,72,-0.0271616566859634,-0.0207616272891428,-0.018324252975999,,
pico-decoder-small,pico-lm/pico-decoder-small@7aa7c5e89a41da940802066eaa61d34d72089434,ds003604,51000,,Sem,ses-5,72,-0.0489584041734581,-0.0149223793229017,-0.0330114629940985,,
pico-decoder-small,pico-lm/pico-decoder-small@9213448a01fde86281f3df23d6846b5c31f86998,ds003604,52000,,Sem,ses-5,72,-0.0295349731998726,-0.0185935449347782,-0.0195057713097458,,
pico-decoder-small,pico-lm/pico-decoder-small@41f9cd78186e1fbaf4b6b2164f52331d4ef4c15e,ds003604,53000,,Sem,ses-5,72,-0.0566522106012049,-0.0438540982764641,-0.0376058481788753,,
pico-decoder-small,pico-lm/pico-decoder-small@f4454c4dd5fa26693e9755fbac1a1f6aa12f6c37,ds003604,54000,,Sem,ses-5,72,-0.0358858163238794,-0.0378341155507362,-0.0239341681749553,,
pico-decoder-small,pico-lm/pico-decoder-small@497f4bdf16cbdcb120415cd944d84b34d1fef37a,ds003604,55000,,Sem,ses-5,72,-0.052495383492006,-0.0330234892228543,-0.034803034339982,,
pico-decoder-small,pico-lm/pico-decoder-small@79119d3d39e86e4f4fdd14e0de769ebbba87b4c1,ds003604,56000,,Sem,ses-5,72,-0.032509122842695,-0.0191830828955666,-0.0221493343623384,,
pico-decoder-small,pico-lm/pico-decoder-small@1e0aa9e9184e67611fe6a3fe7e0d301e199367b4,ds003604,57000,,Sem,ses-5,72,-0.0129823055745178,0.0057683598285965,-0.0087563432344447,,
pico-decoder-small,pico-lm/pico-decoder-small@12cffd4abfebe78cd4df44f368d49ae2aec28999,ds003604,58000,,Sem,ses-5,72,-0.0376335037563712,-0.030748986188248,-0.0250862863635389,,
pico-decoder-small,pico-lm/pico-decoder-small@88752c656e1478698735820b50bc1648b43897bc,ds003604,59000,,Sem,ses-5,72,-0.028224380094091,-0.0271730549534427,-0.0187787302199804,,
pico-decoder-small,pico-lm/pico-decoder-small@ef0c2a9858930c1b946d7fd3ec94d87a30fb6316,ds003604,60000,,Sem,ses-5,72,-0.0359779504803952,-0.0193126831849807,-0.02411424406408,,
pico-decoder-small,pico-lm/pico-decoder-small@2adfdbab6dd63824aeb0c5b7f40693509b21f72e,ds003604,61000,,Sem,ses-5,72,-0.0292271138972596,-0.0395305116187893,-0.0194647336071221,,
pico-decoder-small,pico-lm/pico-decoder-small@8f2f5e9d39b7ef2738d2ddfa5002e690090afb1b,ds003604,62000,,Sem,ses-5,72,0.0027762771513568,-0.0071629680002317,0.0018123964487074,,
pico-decoder-small,pico-lm/pico-decoder-small@27a605b8a3168bf13fde7e4903edf05011890db5,ds003604,63000,,Sem,ses-5,72,-0.0442984121776533,-0.0366368162887792,-0.0293829950785382,,
pico-decoder-small,pico-lm/pico-decoder-small@64faca95211d12573bc85e90ab9b9346d61f571c,ds003604,64000,,Sem,ses-5,72,-0.0398715272870582,-0.0288865623809779,-0.0263253799815636,,
pico-decoder-small,pico-lm/pico-decoder-small@04de7a38c9b974bc56e59c77ce6289b59ac333a3,ds003604,65000,,Sem,ses-5,72,-0.0458990119314163,-0.0329350761060988,-0.0305498133397033,,
pico-decoder-small,pico-lm/pico-decoder-small@0a060522b26b84154fe744cff68debc60a62771b,ds003604,66000,,Sem,ses-5,72,-0.036929834795107,-0.0273341245395014,-0.0243935454431306,,
pico-decoder-small,pico-lm/pico-decoder-small@96a66aee1fd9e46f20ddd7b0e811fbcd6761cd3b,ds003604,67000,,Sem,ses-5,72,-0.0089077308904077,-0.0172324890117203,-0.0057195532402941,,
pico-decoder-small,pico-lm/pico-decoder-small@e7396619711d862dc1bed1a5f5797fb2b5cc9768,ds003604,68000,,Sem,ses-5,72,-0.0148819442998972,-0.0153058207357268,-0.0098288360298778,,
pico-decoder-small,pico-lm/pico-decoder-small@ba3a7a617ab159a7fcbc81cd6ffb20319f00199a,ds003604,69000,,Sem,ses-5,72,-0.0110494192172426,-0.0139242652416444,-0.0073714738966523,,
pico-decoder-small,pico-lm/pico-decoder-small@63bfd31a42bdd16864908136aa5cce931810bb58,ds003604,70000,,Sem,ses-5,72,0.001382186253563,-0.012202995000804,0.001066980268215,,
pico-decoder-small,pico-lm/pico-decoder-small@5e0a9fbd93f2dbafe06c6cb20fa5521f766270e0,ds003604,71000,,Sem,ses-5,72,-0.0153217966867641,-0.0112308162266958,-0.0101712252204245,,
pico-decoder-small,pico-lm/pico-decoder-small@4b4e4304ce873cafd39ac997ad47e16ec2d5d76d,ds003604,72000,,Sem,ses-5,72,-0.032396455582255,-0.0172879670815534,-0.0214124932241852,,
pico-decoder-small,pico-lm/pico-decoder-small@f2bf3399e04924384ec7ea3acb5440318247824d,ds003604,73000,,Sem,ses-5,72,-0.0211748624116575,-0.0260556581304025,-0.0137880555785244,,
pico-decoder-small,pico-lm/pico-decoder-small@81c21ab4b67c2a986c2c4a8771db3b328075f9ca,ds003604,74000,,Sem,ses-5,72,-0.0125665628589019,-0.0193456217100947,-0.0087202055560149,,
pico-decoder-small,pico-lm/pico-decoder-small@67737816c3793c77c33cd993cb625dfe02f5dba2,ds003604,75000,,Sem,ses-5,72,-0.0138565969904713,-0.0192511982358138,-0.0095140094754217,,
pico-decoder-small,pico-lm/pico-decoder-small@cd3c66fe9f41cb98971992c1c48e0000704daae7,ds003604,76000,,Sem,ses-5,72,-0.0066530461755789,-0.0162516684622528,-0.0047769110859984,,
pico-decoder-small,pico-lm/pico-decoder-small@8bc1f96e0ab394e6d9396f9105337a8ee9281b02,ds003604,77000,,Sem,ses-5,72,-0.0024005715810192,-0.0129360266646285,-0.0017094959406362,,
pico-decoder-small,pico-lm/pico-decoder-small@54681b82e00ed8da204a8f5e199732edcd50c540,ds003604,78000,,Sem,ses-5,72,0.0047325768379624,-0.0126719245052363,0.0030312774669324,,
pico-decoder-small,pico-lm/pico-decoder-small@9f79f048c9629723d93a9c6d020fad45ecd81ebb,ds003604,79000,,Sem,ses-5,72,0.00257445081753,-0.0152972435659425,0.0014161069920282,,
pico-decoder-small,pico-lm/pico-decoder-small@a8eea15ae0deddaf3beced3d114c9bc8ed9a25e5,ds003604,80000,,Sem,ses-5,72,0.0013639778824702,0.0020080244010645,0.0009989924325251,,
pico-decoder-small,pico-lm/pico-decoder-small@8d7bca4dea2e340144c93745d61646c84d35ffdb,ds003604,81000,,Sem,ses-5,72,0.0151979326219198,0.0029860904563299,0.0106116148948485,,
pico-decoder-small,pico-lm/pico-decoder-small@063ab25b24aefd512a554e49853ed6fc32ee9c1b,ds003604,82000,,Sem,ses-5,72,0.0121781607260706,-0.0054159096870306,0.0081781403795681,,
pico-decoder-small,pico-lm/pico-decoder-small@d63e823855aefabdb4d0fb89c6cb30f1917edff8,ds003604,83000,,Sem,ses-5,72,0.0114522174467706,-0.0044446257192234,0.0075154121073472,,
pico-decoder-small,pico-lm/pico-decoder-small@aac007e3728b91b2460f8be94a5ef79547dc60b8,ds003604,84000,,Sem,ses-5,72,-0.0119537855617067,-0.0178665937811722,-0.0079374266910442,,
pico-decoder-small,pico-lm/pico-decoder-small@804cfb5f121020ed666ca55376b9e9f358701d23,ds003604,85000,,Sem,ses-5,72,0.011513116823527,-0.0029528927434035,0.0075809499309402,,
pico-decoder-small,pico-lm/pico-decoder-small@938244e11e03da85918d38722414505f45c1ceda,ds003604,86000,,Sem,ses-5,72,0.0097043654505019,0.0018137358417959,0.0064502693482049,,
pico-decoder-small,pico-lm/pico-decoder-small@9bd6535d2bbcd3e8e0be555350c1a9abcfa9ef20,ds003604,87000,,Sem,ses-5,72,0.0220820558037133,0.0021777334676776,0.0148703484223453,,
pico-decoder-small,pico-lm/pico-decoder-small@5e4f19facb03a2fb589181b485fc44570680d8b4,ds003604,88000,,Sem,ses-5,72,0.0113274414542715,-0.0170358619167743,0.007522762143638,,
pico-decoder-small,pico-lm/pico-decoder-small@48b3ab14f90bae2930c79eefee13f8548f7a3ac0,ds003604,89000,,Sem,ses-5,72,0.0186926535435103,-0.0108861101706839,0.0125746870875174,,
pico-decoder-small,pico-lm/pico-decoder-small@a7e691278d2179f7a23f55c82de28f96b4acd2e4,ds003604,90000,,Sem,ses-5,72,0.0073319852972972,-0.0117720738155148,0.0048987991878209,,
pico-decoder-small,pico-lm/pico-decoder-small@c025f14d64c01b36a07900656ded25b50f8caafd,ds003604,91000,,Sem,ses-5,72,0.0111394047026097,-0.0041201232629923,0.0072024230619638,,
pico-decoder-small,pico-lm/pico-decoder-small@b3b967e1f18d21573f4a6146c441a2825a5a8f83,ds003604,92000,,Sem,ses-5,72,0.0178974864036455,-0.0081397062614508,0.0119799466509865,,
pico-decoder-small,pico-lm/pico-decoder-small@41ae4009882dd5c1963328961a9ed1964aab8606,ds003604,93000,,Sem,ses-5,72,0.0188247350179152,0.0063131031700645,0.0123082482719758,,
pico-decoder-small,pico-lm/pico-decoder-small@bfda4783bf178eae55bcebd43810ed9180cbdc63,ds003604,94000,,Sem,ses-5,72,0.013140419744921,-0.0035525239212522,0.0088457686759828,,
pico-decoder-small,pico-lm/pico-decoder-small@94177e145ce01fae74b87897c8260f2f6fe1deb0,ds003604,95000,,Sem,ses-5,72,0.0052524215928069,-0.0027356093610135,0.0034367544689751,,
pico-decoder-small,pico-lm/pico-decoder-small@938d2d29f7aba65159e5bdc0ccfbefdc61757005,ds003604,96000,,Sem,ses-5,72,0.0185453646514297,0.0037503015300634,0.0122819106419337,,
pico-decoder-small,pico-lm/pico-decoder-small@57a25f8bc299440e75e421522b5461ef9addc60f,ds003604,97000,,Sem,ses-5,72,0.0095510451882034,0.0034134874079808,0.0061838305326632,,
pico-decoder-small,pico-lm/pico-decoder-small@2b2b81f5b793cfe7595f1880023e3199b0ca4d01,ds003604,98000,,Sem,ses-5,72,0.0191553795767535,-0.0040583694340113,0.0127706880552722,,
pico-decoder-small,pico-lm/pico-decoder-small@a014170484f226c32a449440e37684a5138bffea,ds003604,99000,,Sem,ses-5,72,0.0138967879202397,-0.0052778578628764,0.0095360595842941,,
pico-decoder-small,pico-lm/pico-decoder-small@912032713d1ca4f482ce957408afca3e5a267267,ds003604,100000,,Sem,ses-5,72,0.0169622316538345,-0.0063263359678443,0.0114348189594186,,
pico-decoder-small,pico-lm/pico-decoder-small@0405a0c52b2083efba346cb0195a2684e628b1af,ds003604,101000,,Sem,ses-5,72,0.0211604253536713,-0.0076905549512222,0.0142651954344024,,
pico-decoder-small,pico-lm/pico-decoder-small@a29b66f6847b3a1ec6358c6bdf5686f8db25e228,ds003604,102000,,Sem,ses-5,72,0.0125043555953593,-0.0137321812347977,0.0084047664985345,,
pico-decoder-small,pico-lm/pico-decoder-small@b6e1c3f17ee3de24e5563176b76cde040230086b,ds003604,103000,,Sem,ses-5,72,0.0297750329450034,-0.0085155541444529,0.0199222733662247,,
pico-decoder-small,pico-lm/pico-decoder-small@fd779f78578d7ce2eb7316f95b1536f35f90d660,ds003604,104000,,Sem,ses-5,72,0.0170208314494284,-0.0068248058909943,0.0111138673747201,,
pico-decoder-small,pico-lm/pico-decoder-small@2a9ae447eace88eb5c4be50d7b3c867cbd1a9a7e,ds003604,105000,,Sem,ses-5,72,0.025709405787473,-0.0018011679116853,0.016887933384171,,
pico-decoder-small,pico-lm/pico-decoder-small@36d78ffabfbf506523a459e2116bbc012c1adab7,ds003604,106000,,Sem,ses-5,72,0.0297093964310521,-0.012722768026258,0.01950638381277,,
pico-decoder-small,pico-lm/pico-decoder-small@3f9b3375f2ae4b81043ba582d1b2ec8bc15a04e1,ds003604,107000,,Sem,ses-5,72,0.0030420038153572,-0.0016442833500141,0.0017627837037445,,
pico-decoder-small,pico-lm/pico-decoder-small@00c972e3e00659382b3fe4f9d9f634ebbd9833c1,ds003604,108000,,Sem,ses-5,72,0.0191710073866104,-0.0001720064699108,0.0123529609927449,,
pico-decoder-small,pico-lm/pico-decoder-small@076cdde7affce35bd2bad3498e51f33f575aaddb,ds003604,109000,,Sem,ses-5,72,0.0146533034124767,-0.0058676701651459,0.0095844473232086,,
pico-decoder-small,pico-lm/pico-decoder-small@1f7f52ddf73285dd5484e753c1740cc68df81b76,ds003604,110000,,Sem,ses-5,72,0.0170763778324098,0.0002786647828498,0.0111585800954892,,
pico-decoder-small,pico-lm/pico-decoder-small@a801b2ab639f60dbd4ebfe264aab726255eb2877,ds003604,111000,,Sem,ses-5,72,0.0224533461782188,0.0058179368218679,0.0148489108164971,,
pico-decoder-small,pico-lm/pico-decoder-small@197b11d764b16772e54f2cbbfab17581cbdb9b59,ds003604,112000,,Sem,ses-5,72,0.0258818614395203,0.001757770203768,0.0169902213892181,,
pico-decoder-small,pico-lm/pico-decoder-small@0ff198943f69ee08bd0b54c8ab55d364ce931a26,ds003604,113000,,Sem,ses-5,72,0.0143619091109876,-0.0055104088304678,0.0093761962949692,,
pico-decoder-small,pico-lm/pico-decoder-small@fe2f1951a2f9a01d14429415f467c91c8a765024,ds003604,114000,,Sem,ses-5,72,0.0099079531197754,0.0007436724808544,0.0065886950316817,,
pico-decoder-small,pico-lm/pico-decoder-small@dde9b48ac9a426d9bc86b1fc423b8241736f6ea3,ds003604,115000,,Sem,ses-5,72,0.0188506232714717,-0.0072925393262401,0.012563049530057,,
pico-decoder-small,pico-lm/pico-decoder-small@eb892260583a7bfbf95a1aecbf60ebc4ee0b8fe2,ds003604,116000,,Sem,ses-5,72,0.048325787958402,0.01353025051663,0.0320804583972633,,
pico-decoder-small,pico-lm/pico-decoder-small@62d95f269e32053c9fc3638cfe64f8b2f7b23654,ds003604,117000,,Sem,ses-5,72,0.0390930529505762,0.0119483977554021,0.0259572656639992,,
pico-decoder-small,pico-lm/pico-decoder-small@31ddb818fbb16fbd1caf8ec968855022dd6afc74,ds003604,118000,,Sem,ses-5,72,0.0386051544084133,0.0182926075152207,0.0252351245984277,,
pico-decoder-small,pico-lm/pico-decoder-small@82d2ace20cd9a6db92a58205d7a22f5f6173e7b8,ds003604,119000,,Sem,ses-5,72,0.0401050641264975,0.0218305645018438,0.0265489435854089,,
pico-decoder-small,pico-lm/pico-decoder-small@8e25d91566448034f3bb0406ab0045355c528ae7,ds003604,120000,,Sem,ses-5,72,0.043990461610413,0.0206514648924149,0.0290822560936394,,
pico-decoder-small,pico-lm/pico-decoder-small@8a2f1db72ebb1ce87faaf75ea1db7910f308be65,ds003604,121000,,Sem,ses-5,72,0.0412305775982686,0.0147764428637236,0.026994845787051,,
pico-decoder-small,pico-lm/pico-decoder-small@e197ddf7837d73cb367f53e1dd174a4745892831,ds003604,122000,,Sem,ses-5,72,0.0375135496981223,0.0119118707633891,0.0247555347304527,,
pico-decoder-small,pico-lm/pico-decoder-small@51a1f29ffaf81f8b5d071b1858b6ac094aca1b30,ds003604,123000,,Sem,ses-5,72,0.0372022072486671,0.0183883753806301,0.0243855829038155,,
pico-decoder-small,pico-lm/pico-decoder-small@c2d4754b377c202474754e86b41f1321342ad24a,ds003604,124000,,Sem,ses-5,72,0.03116871638576,0.0134947656864923,0.0202248498601961,,
pico-decoder-small,pico-lm/pico-decoder-small@ef21ca419b33425716396ead8c1e60e01f301271,ds003604,125000,,Sem,ses-5,72,0.0381015892509614,0.0062626417374232,0.0253557876942017,,
pico-decoder-small,pico-lm/pico-decoder-small@a8294defc7001e32644ce53dbcb87ef35587ff22,ds003604,0,,Sem,ses-7,72,-0.0112124300582838,-0.0122533542797663,-0.0074811119379901,,
pico-decoder-small,pico-lm/pico-decoder-small@5e3d06988f3cc3adbf36b55cd8b1ddb3ae9f9bde,ds003604,1000,,Sem,ses-7,72,0.0369253793566045,-0.0042300077765466,0.0244456082001904,,
pico-decoder-small,pico-lm/pico-decoder-small@9f1ca389bbb1cc08b42a32bfe58fb818b24b3490,ds003604,2000,,Sem,ses-7,72,0.0468581672343164,-0.0017102265981936,0.0311188286492164,,
pico-decoder-small,pico-lm/pico-decoder-small@f2269f20ce160cf71bea0a02ccf685e126dd2dc1,ds003604,3000,,Sem,ses-7,72,0.0003177855884249,-0.0158465598077236,0.0002578637732023,,
pico-decoder-small,pico-lm/pico-decoder-small@10da1c98e1cd32fc61ab4ced31075c08cf699861,ds003604,4000,,Sem,ses-7,72,0.0071238430200836,-0.0041394002988661,0.0046586980023213,,
pico-decoder-small,pico-lm/pico-decoder-small@be2865b50166a683e659f4a1f99e058c77288911,ds003604,5000,,Sem,ses-7,72,-0.0116250489366142,-0.0319031749840061,-0.0073488112847557,,
pico-decoder-small,pico-lm/pico-decoder-small@496ea4785860af671e895085f1bcdc3bff2f9d97,ds003604,6000,,Sem,ses-7,72,0.0012500796274891,-0.0285321465932817,0.0011888683700375,,
pico-decoder-small,pico-lm/pico-decoder-small@c5bddf28e9cfbede4fe480513c4a3487279f7d47,ds003604,7000,,Sem,ses-7,72,-0.0496366692304481,-0.0540845443128603,-0.0326684613005276,,
pico-decoder-small,pico-lm/pico-decoder-small@9fe9969ca88ccf3b71599f85000ce082bf854421,ds003604,8000,,Sem,ses-7,72,-0.0313952761522284,-0.0484378395073233,-0.0210192662826272,,
pico-decoder-small,pico-lm/pico-decoder-small@8335f55c1bf51378b17a73d527c39899546e2d5b,ds003604,9000,,Sem,ses-7,72,-0.0244835572778651,-0.0500803235206015,-0.0157762403951869,,
pico-decoder-small,pico-lm/pico-decoder-small@8ce4e4fa15c0cec038fcb9f29d30cc50bac60a3d,ds003604,10000,,Sem,ses-7,72,-0.0337290154370919,-0.0498845625910151,-0.0220764465024546,,
pico-decoder-small,pico-lm/pico-decoder-small@3261da23d1d8811f9a32b69d6d6b9a17ca82fcd0,ds003604,11000,,Sem,ses-7,72,-0.0309374137331439,-0.0462417308396507,-0.0201623745517243,,
pico-decoder-small,pico-lm/pico-decoder-small@a6a20b8103a7cdacefa2bb78dee23c516ad6e78e,ds003604,12000,,Sem,ses-7,72,-0.0182963178556681,-0.0345671281338679,-0.0123241733506059,,
pico-decoder-small,pico-lm/pico-decoder-small@c2395fd6ba7da947893c62b8169b47a83345153b,ds003604,13000,,Sem,ses-7,72,-0.0380673592667377,-0.0571322536492759,-0.0254256130389643,,
pico-decoder-small,pico-lm/pico-decoder-small@6dc7fa92550aabc62d659674176bda49750efe64,ds003604,14000,,Sem,ses-7,72,-0.0192897908143237,-0.0424431084397901,-0.0130132392528688,,
pico-decoder-small,pico-lm/pico-decoder-small@d1c60a45e64f88520c2cd94890471321a15410bf,ds003604,15000,,Sem,ses-7,72,-0.0359430083446302,-0.0572748038361014,-0.0240603437979474,,
pico-decoder-small,pico-lm/pico-decoder-small@cbb63c23390c0d43e0d6dfaa0c69aed19778fa74,ds003604,16000,,Sem,ses-7,72,-0.0360170620442555,-0.0494445606067129,-0.0241761068695276,,
pico-decoder-small,pico-lm/pico-decoder-small@a4f386c7a4155bfab638b897e60bc656a82e6a4f,ds003604,17000,,Sem,ses-7,72,-0.0401239135058393,-0.0601854993045473,-0.026900520321319,,
pico-decoder-small,pico-lm/pico-decoder-small@9b68d0ee8ceef680cc668de7d4560f7d8d311e42,ds003604,18000,,Sem,ses-7,72,-0.0544341373743413,-0.0679659420740587,-0.036304891755403,,
pico-decoder-small,pico-lm/pico-decoder-small@a161849d9bc2ecbb0bc6095f0fe9fa54a03b14ce,ds003604,19000,,Sem,ses-7,72,-0.0221167845096016,-0.0456284002555662,-0.0146541348547908,,
pico-decoder-small,pico-lm/pico-decoder-small@082423f29dc36ca1b544cb85c655531783bb8985,ds003604,20000,,Sem,ses-7,72,-0.0803526491072589,-0.0786891275595659,-0.0538390158301406,,
pico-decoder-small,pico-lm/pico-decoder-small@62236c27ddef441fc85ceabb80793b680397d2f4,ds003604,21000,,Sem,ses-7,72,-0.0330272421930486,-0.0495666573976102,-0.0216035941677462,,
pico-decoder-small,pico-lm/pico-decoder-small@457283267b592ffd80ca1a4ede807a4a5606a7f4,ds003604,22000,,Sem,ses-7,72,-0.0011676504220983,-0.0392186418306037,-0.0004642772923691,,
pico-decoder-small,pico-lm/pico-decoder-small@542883f65bdcba033a9c80f753fdd6f6829cb7e7,ds003604,23000,,Sem,ses-7,72,-0.0389083290330267,-0.0425786823531215,-0.0268796952184951,,
pico-decoder-small,pico-lm/pico-decoder-small@bbc3997ae0773f6e0f145401283a22dced84175c,ds003604,24000,,Sem,ses-7,72,-0.0362165780176331,-0.046008330718927,-0.0238073800489389,,
pico-decoder-small,pico-lm/pico-decoder-small@8316a2db89b6a337de59490bec6e6ed79275e85f,ds003604,25000,,Sem,ses-7,72,-0.0421056343435777,-0.0465675121738508,-0.0278915502145291,,
pico-decoder-small,pico-lm/pico-decoder-small@b2ff4ecd5fdb6684736075b48a28007f425925d5,ds003604,26000,,Sem,ses-7,72,-0.0484508061255423,-0.0712965779388815,-0.0317987070061158,,
pico-decoder-small,pico-lm/pico-decoder-small@d0bf4c35052d4efe8b11ad72cf76ba92d8837271,ds003604,27000,,Sem,ses-7,72,-0.0876263924812808,-0.0828433947288127,-0.0579225734927066,,
pico-decoder-small,pico-lm/pico-decoder-small@c5fe4eaa6e28635b04a285d9d63224a7013711d4,ds003604,28000,,Sem,ses-7,72,-0.0818265678092534,-0.0713896107820085,-0.0551166971386921,,
pico-decoder-small,pico-lm/pico-decoder-small@574194afaad5aebab0de6f7ec3ebd45241ba9f36,ds003604,29000,,Sem,ses-7,72,-0.0610950315892565,-0.0671998095818281,-0.0407737138202119,,
pico-decoder-small,pico-lm/pico-decoder-small@4e76d0f5009af59c7519cc564d83ccb252becc09,ds003604,30000,,Sem,ses-7,72,-0.0243301213178895,-0.0536406691441456,-0.0154871389677486,,
pico-decoder-small,pico-lm/pico-decoder-small@63e4f365e97340e8419c8d14c3479eab48b41672,ds003604,31000,,Sem,ses-7,72,-0.0611662460247652,-0.0558965015517094,-0.0406726508212134,,
pico-decoder-small,pico-lm/pico-decoder-small@8c1e326d52a990b3ef622fa0187927b4c3c8b198,ds003604,32000,,Sem,ses-7,72,-0.0226518366821217,-0.0431514629347873,-0.0150620618689304,,
pico-decoder-small,pico-lm/pico-decoder-small@5087b4b665fc374f51db109f5832fccfa45038ed,ds003604,33000,,Sem,ses-7,72,-0.061567292260895,-0.0628337591405197,-0.0414309295652147,,
pico-decoder-small,pico-lm/pico-decoder-small@1b37af2dca833f47e09a88bc07d1b193eb75b975,ds003604,34000,,Sem,ses-7,72,-0.0475799755792385,-0.0553773727629698,-0.0317380692067167,,
pico-decoder-small,pico-lm/pico-decoder-small@f84a2138adf461f090569b0490e077e154d5692a,ds003604,35000,,Sem,ses-7,72,-0.0230294961778284,-0.0483864107848326,-0.0153297256905205,,
pico-decoder-small,pico-lm/pico-decoder-small@a5edb37d58f3dac4abc7615fe9f16119c9719363,ds003604,36000,,Sem,ses-7,72,-0.0343613664816951,-0.053550305784674,-0.0230595138563496,,
pico-decoder-small,pico-lm/pico-decoder-small@ad19a8ed94822569698ab34f7cbdb71a73e75edb,ds003604,37000,,Sem,ses-7,72,-0.0046783519955303,-0.0332618774469033,-0.0024726747088313,,
pico-decoder-small,pico-lm/pico-decoder-small@6ffc4bc90cff1f5d9492cc62aa823b2f31820dec,ds003604,38000,,Sem,ses-7,72,-0.0268899755439902,-0.0472091180409856,-0.0178771257683084,,
pico-decoder-small,pico-lm/pico-decoder-small@2be3f69fedc1c81a1c9dee69aecdfbb30a7ed07b,ds003604,39000,,Sem,ses-7,72,-0.0022029448572905,-0.0335158994126462,-0.001245218648267,,
pico-decoder-small,pico-lm/pico-decoder-small@89ce452106683eb2c3d635f0b06d00b4836a270d,ds003604,40000,,Sem,ses-7,72,0.0081969935915451,-0.0264804318505798,0.0056405403501679,,
pico-decoder-small,pico-lm/pico-decoder-small@fb21f9a6029769e4fde8c343509be2fc23d627f8,ds003604,41000,,Sem,ses-7,72,-0.0155731639036426,-0.0328477653862848,-0.0107524905904222,,
pico-decoder-small,pico-lm/pico-decoder-small@3b04367b1f9f520d1eb5dc4b1d62222a11574175,ds003604,42000,,Sem,ses-7,72,0.0010074709403635,-0.0171818440274238,0.0007184660474261,,
pico-decoder-small,pico-lm/pico-decoder-small@a8fcdde6a31d48184ff170362f4802ba6f7c825b,ds003604,43000,,Sem,ses-7,72,-0.0062558359282759,-0.036232217779744,-0.0039298194034833,,
pico-decoder-small,pico-lm/pico-decoder-small@42a2d16068cea73c52aa94a34fd039b076c656d2,ds003604,44000,,Sem,ses-7,72,-0.0186289019674932,-0.041984876080226,-0.0122451604604797,,
pico-decoder-small,pico-lm/pico-decoder-small@9b211dca4e657296153efe83773900826fe138d5,ds003604,45000,,Sem,ses-7,72,0.0041163695717394,-0.0142197807309547,0.0024242869699169,,
pico-decoder-small,pico-lm/pico-decoder-small@8866040c1a6ead0d48bd6a4f6ff9046c778670fa,ds003604,46000,,Sem,ses-7,72,-0.0238498293590408,-0.0326805432634415,-0.015996741483911,,
pico-decoder-small,pico-lm/pico-decoder-small@2c39df607c549d2902ed46ce83a2e6630df09d90,ds003604,47000,,Sem,ses-7,72,0.0072961046449703,-0.0255217788389537,0.0049637245083897,,
pico-decoder-small,pico-lm/pico-decoder-small@e2f848f2a712b27ddfebe48ddc4dd6258de6df59,ds003604,48000,,Sem,ses-7,72,-0.0026249309357627,-0.0199432752764187,-0.0018871218176639,,
pico-decoder-small,pico-lm/pico-decoder-small@fa46e0b2c4bcc53653b39cd684396f35c777aead,ds003604,49000,,Sem,ses-7,72,0.0027390814260526,-0.0357748229863238,0.0017370585767267,,
pico-decoder-small,pico-lm/pico-decoder-small@1c1daa1853e150e7a21ae4af47574da037fbb206,ds003604,50000,,Sem,ses-7,72,0.0165630840094021,-0.0201594478795401,0.0111469425380287,,
pico-decoder-small,pico-lm/pico-decoder-small@7aa7c5e89a41da940802066eaa61d34d72089434,ds003604,51000,,Sem,ses-7,72,0.0535288921587016,-0.0104844893751626,0.0362908041858456,,
pico-decoder-small,pico-lm/pico-decoder-small@9213448a01fde86281f3df23d6846b5c31f86998,ds003604,52000,,Sem,ses-7,72,0.0209662559064966,-0.0166479121682075,0.0143484958456982,,
pico-decoder-small,pico-lm/pico-decoder-small@41f9cd78186e1fbaf4b6b2164f52331d4ef4c15e,ds003604,53000,,Sem,ses-7,72,0.0048184719433366,-0.0431490221322019,0.0037123808298803,,
pico-decoder-small,pico-lm/pico-decoder-small@f4454c4dd5fa26693e9755fbac1a1f6aa12f6c37,ds003604,54000,,Sem,ses-7,72,-0.0212022626398284,-0.0388098143074941,-0.0142651954344024,,
pico-decoder-small,pico-lm/pico-decoder-small@497f4bdf16cbdcb120415cd944d84b34d1fef37a,ds003604,55000,,Sem,ses-7,72,-0.006758400049303,-0.0311581877960381,-0.0041889081827341,,
pico-decoder-small,pico-lm/pico-decoder-small@79119d3d39e86e4f4fdd14e0de769ebbba87b4c1,ds003604,56000,,Sem,ses-7,72,0.0172569854996783,-0.0164624635067523,0.0116571575572154,,
pico-decoder-small,pico-lm/pico-decoder-small@1e0aa9e9184e67611fe6a3fe7e0d301e199367b4,ds003604,57000,,Sem,ses-7,72,0.0264706706334297,0.0065269488482778,0.017789537835843,,
pico-decoder-small,pico-lm/pico-decoder-small@12cffd4abfebe78cd4df44f368d49ae2aec28999,ds003604,58000,,Sem,ses-7,72,-0.0117081184316349,-0.0307693064405628,-0.007889651455154,,
pico-decoder-small,pico-lm/pico-decoder-small@88752c656e1478698735820b50bc1648b43897bc,ds003604,59000,,Sem,ses-7,72,-0.0067584525084982,-0.0260659913860974,-0.0044535094892031,,
pico-decoder-small,pico-lm/pico-decoder-small@ef0c2a9858930c1b946d7fd3ec94d87a30fb6316,ds003604,60000,,Sem,ses-7,72,-0.0034520033270196,-0.0185010857789961,-0.0023152614316033,,
pico-decoder-small,pico-lm/pico-decoder-small@2adfdbab6dd63824aeb0c5b7f40693509b21f72e,ds003604,61000,,Sem,ses-7,72,-0.0475317052147792,-0.0407528415328469,-0.031969595349877,,
pico-decoder-small,pico-lm/pico-decoder-small@8f2f5e9d39b7ef2738d2ddfa5002e690090afb1b,ds003604,62000,,Sem,ses-7,72,-0.0038430226706616,-0.0083492163869577,-0.0026944008036039,,
pico-decoder-small,pico-lm/pico-decoder-small@27a605b8a3168bf13fde7e4903edf05011890db5,ds003604,63000,,Sem,ses-7,72,-0.0243685351025908,-0.0374122714819258,-0.0159042535272517,,
pico-decoder-small,pico-lm/pico-decoder-small@64faca95211d12573bc85e90ab9b9346d61f571c,ds003604,64000,,Sem,ses-7,72,-0.0073015877088047,-0.0268230831043729,-0.0046844231293392,,
pico-decoder-small,pico-lm/pico-decoder-small@04de7a38c9b974bc56e59c77ce6289b59ac333a3,ds003604,65000,,Sem,ses-7,72,-0.0197646342030554,-0.0320787286430695,-0.0130849021067041,,
pico-decoder-small,pico-lm/pico-decoder-small@0a060522b26b84154fe744cff68debc60a62771b,ds003604,66000,,Sem,ses-7,72,-0.0065162491225525,-0.025531219342497,-0.0044835221373905,,
pico-decoder-small,pico-lm/pico-decoder-small@96a66aee1fd9e46f20ddd7b0e811fbcd6761cd3b,ds003604,67000,,Sem,ses-7,72,-0.0168369950264838,-0.0167705231436846,-0.0112994557910629,,
pico-decoder-small,pico-lm/pico-decoder-small@e7396619711d862dc1bed1a5f5797fb2b5cc9768,ds003604,68000,,Sem,ses-7,72,-0.0126892426394476,-0.0152552833193166,-0.007871276364427,,
pico-decoder-small,pico-lm/pico-decoder-small@ba3a7a617ab159a7fcbc81cd6ffb20319f00199a,ds003604,69000,,Sem,ses-7,72,0.0116752092693414,-0.0125294967303475,0.0077083505599808,,
pico-decoder-small,pico-lm/pico-decoder-small@63bfd31a42bdd16864908136aa5cce931810bb58,ds003604,70000,,Sem,ses-7,72,-0.0027175731559916,-0.0125405471538417,-0.0018277090243133,,
pico-decoder-small,pico-lm/pico-decoder-small@5e0a9fbd93f2dbafe06c6cb20fa5521f766270e0,ds003604,71000,,Sem,ses-7,72,-0.0007286575036908,-0.0097870838622948,-0.0004373271593028,,
pico-decoder-small,pico-lm/pico-decoder-small@4b4e4304ce873cafd39ac997ad47e16ec2d5d76d,ds003604,72000,,Sem,ses-7,72,0.023847553492309,-0.0138702014628588,0.0159942914718141,,
pico-decoder-small,pico-lm/pico-decoder-small@f2bf3399e04924384ec7ea3acb5440318247824d,ds003604,73000,,Sem,ses-7,72,0.0006863567082057,-0.0261816009926311,0.0003485142207889,,
pico-decoder-small,pico-lm/pico-decoder-small@81c21ab4b67c2a986c2c4a8771db3b328075f9ca,ds003604,74000,,Sem,ses-7,72,-0.0067418876193176,-0.018210845808108,-0.0043726590900042,,
pico-decoder-small,pico-lm/pico-decoder-small@67737816c3793c77c33cd993cb625dfe02f5dba2,ds003604,75000,,Sem,ses-7,72,-0.0055590031906365,-0.0193817694066417,-0.0042011582432188,,
pico-decoder-small,pico-lm/pico-decoder-small@cd3c66fe9f41cb98971992c1c48e0000704daae7,ds003604,76000,,Sem,ses-7,72,0.0063918209417042,-0.0157032262160527,0.0042991587270962,,
pico-decoder-small,pico-lm/pico-decoder-small@8bc1f96e0ab394e6d9396f9105337a8ee9281b02,ds003604,77000,,Sem,ses-7,72,0.0284910201229844,-0.0101391761041947,0.0186880797723938,,
pico-decoder-small,pico-lm/pico-decoder-small@54681b82e00ed8da204a8f5e199732edcd50c540,ds003604,78000,,Sem,ses-7,72,0.0006926898984512,-0.011135867643258,0.0005543152369314,,
pico-decoder-small,pico-lm/pico-decoder-small@9f79f048c9629723d93a9c6d020fad45ecd81ebb,ds003604,79000,,Sem,ses-7,72,0.0040549621312699,-0.0141281905431658,0.0025296374900851,,
pico-decoder-small,pico-lm/pico-decoder-small@a8eea15ae0deddaf3beced3d114c9bc8ed9a25e5,ds003604,80000,,Sem,ses-7,72,0.0360028707540061,0.0045775368565497,0.0237240796376432,,
pico-decoder-small,pico-lm/pico-decoder-small@8d7bca4dea2e340144c93745d61646c84d35ffdb,ds003604,81000,,Sem,ses-7,72,0.0389274234614861,0.0043883241386155,0.0257269645268873,,
pico-decoder-small,pico-lm/pico-decoder-small@063ab25b24aefd512a554e49853ed6fc32ee9c1b,ds003604,82000,,Sem,ses-7,72,0.0189638409941526,-0.0038833194354952,0.0120344594201433,,
pico-decoder-small,pico-lm/pico-decoder-small@d63e823855aefabdb4d0fb89c6cb30f1917edff8,ds003604,83000,,Sem,ses-7,72,0.0231893616230107,-0.0039856064612013,0.0152084500917223,,
pico-decoder-small,pico-lm/pico-decoder-small@aac007e3728b91b2460f8be94a5ef79547dc60b8,ds003604,84000,,Sem,ses-7,72,0.0115303133789082,-0.0170877553642731,0.0076618003301391,,
pico-decoder-small,pico-lm/pico-decoder-small@804cfb5f121020ed666ca55376b9e9f358701d23,ds003604,85000,,Sem,ses-7,72,0.0181978361365245,-0.0017647241795703,0.012054672019943,,
pico-decoder-small,pico-lm/pico-decoder-small@938244e11e03da85918d38722414505f45c1ceda,ds003604,86000,,Sem,ses-7,72,0.0361028464822863,0.0046615994884769,0.0238931304723317,,
pico-decoder-small,pico-lm/pico-decoder-small@9bd6535d2bbcd3e8e0be555350c1a9abcfa9ef20,ds003604,87000,,Sem,ses-7,72,0.0327483985743732,0.0039790729762579,0.0219006581344995,,
pico-decoder-small,pico-lm/pico-decoder-small@5e4f19facb03a2fb589181b485fc44570680d8b4,ds003604,88000,,Sem,ses-7,72,0.0169597042704131,-0.0166290707853707,0.011315380869693,,
pico-decoder-small,pico-lm/pico-decoder-small@48b3ab14f90bae2930c79eefee13f8548f7a3ac0,ds003604,89000,,Sem,ses-7,72,0.0058389506082699,-0.0095425954226182,0.0036419429820934,,
pico-decoder-small,pico-lm/pico-decoder-small@a7e691278d2179f7a23f55c82de28f96b4acd2e4,ds003604,90000,,Sem,ses-7,72,0.0130726266550108,-0.0092720198511434,0.0087673682888809,,
pico-decoder-small,pico-lm/pico-decoder-small@c025f14d64c01b36a07900656ded25b50f8caafd,ds003604,91000,,Sem,ses-7,72,0.0186660287053626,-0.0011768702684415,0.0123351984050421,,
pico-decoder-small,pico-lm/pico-decoder-small@b3b967e1f18d21573f4a6146c441a2825a5a8f83,ds003604,92000,,Sem,ses-7,72,0.0088928914057181,-0.0061769396704996,0.0061538178844758,,
pico-decoder-small,pico-lm/pico-decoder-small@41ae4009882dd5c1963328961a9ed1964aab8606,ds003604,93000,,Sem,ses-7,72,0.0176455780665747,0.0086262864806089,0.0117263703989538,,
pico-decoder-small,pico-lm/pico-decoder-small@bfda4783bf178eae55bcebd43810ed9180cbdc63,ds003604,94000,,Sem,ses-7,72,0.0228071848875579,-0.0014030068130399,0.0153579008296353,,
pico-decoder-small,pico-lm/pico-decoder-small@94177e145ce01fae74b87897c8260f2f6fe1deb0,ds003604,95000,,Sem,ses-7,72,0.0341313084773833,-8.286812533482048e-05,0.0230846264803432,,
pico-decoder-small,pico-lm/pico-decoder-small@938d2d29f7aba65159e5bdc0ccfbefdc61757005,ds003604,96000,,Sem,ses-7,72,0.0388034508851556,0.005611678040446,0.0259027528948424,,
pico-decoder-small,pico-lm/pico-decoder-small@57a25f8bc299440e75e421522b5461ef9addc60f,ds003604,97000,,Sem,ses-7,72,0.0381018393304128,0.0056038541487245,0.0255291260500598,,
pico-decoder-small,pico-lm/pico-decoder-small@2b2b81f5b793cfe7595f1880023e3199b0ca4d01,ds003604,98000,,Sem,ses-7,72,0.0251055774540956,-0.0029911847211874,0.0167666577853728,,
pico-decoder-small,pico-lm/pico-decoder-small@a014170484f226c32a449440e37684a5138bffea,ds003604,99000,,Sem,ses-7,72,0.0250279931787667,-0.0036008483263183,0.0169020209537284,,
pico-decoder-small,pico-lm/pico-decoder-small@912032713d1ca4f482ce957408afca3e5a267267,ds003604,100000,,Sem,ses-7,72,0.0148551836427371,-0.0053987872101485,0.0103090384008771,,
pico-decoder-small,pico-lm/pico-decoder-small@0405a0c52b2083efba346cb0195a2684e628b1af,ds003604,101000,,Sem,ses-7,72,0.0140163395517852,-0.0066954017448756,0.0095403471054638,,
pico-decoder-small,pico-lm/pico-decoder-small@a29b66f6847b3a1ec6358c6bdf5686f8db25e228,ds003604,102000,,Sem,ses-7,72,-0.0032308791955242,-0.0134571198298709,-0.0020776102582006,,
pico-decoder-small,pico-lm/pico-decoder-small@b6e1c3f17ee3de24e5563176b76cde040230086b,ds003604,103000,,Sem,ses-7,72,-0.0067937273649127,-0.0085116225790308,-0.0042115707946307,,
pico-decoder-small,pico-lm/pico-decoder-small@fd779f78578d7ce2eb7316f95b1536f35f90d660,ds003604,104000,,Sem,ses-7,72,0.0242146406636208,-0.0048110688834274,0.0159746913750386,,
pico-decoder-small,pico-lm/pico-decoder-small@2a9ae447eace88eb5c4be50d7b3c867cbd1a9a7e,ds003604,105000,,Sem,ses-7,72,0.012649082610301,-0.0004051201462295,0.0086987679501667,,
pico-decoder-small,pico-lm/pico-decoder-small@36d78ffabfbf506523a459e2116bbc012c1adab7,ds003604,106000,,Sem,ses-7,72,0.0101200089966801,-0.0114754148897351,0.0068091961204058,,
pico-decoder-small,pico-lm/pico-decoder-small@3f9b3375f2ae4b81043ba582d1b2ec8bc15a04e1,ds003604,107000,,Sem,ses-7,72,0.0354103664206161,0.0013111521230081,0.0240444187193174,,
pico-decoder-small,pico-lm/pico-decoder-small@00c972e3e00659382b3fe4f9d9f634ebbd9833c1,ds003604,108000,,Sem,ses-7,72,0.0306113180332928,0.0030980141962188,0.0206854521344199,,
pico-decoder-small,pico-lm/pico-decoder-small@076cdde7affce35bd2bad3498e51f33f575aaddb,ds003604,109000,,Sem,ses-7,72,0.0308540337946663,-0.0034199737386791,0.020774877575958,,
pico-decoder-small,pico-lm/pico-decoder-small@1f7f52ddf73285dd5484e753c1740cc68df81b76,ds003604,110000,,Sem,ses-7,72,0.0285001480229615,0.0040310213228786,0.0193109953480395,,
pico-decoder-small,pico-lm/pico-decoder-small@a801b2ab639f60dbd4ebfe264aab726255eb2877,ds003604,111000,,Sem,ses-7,72,0.0386899737409749,0.0096256761107164,0.0260319910329557,,
pico-decoder-small,pico-lm/pico-decoder-small@197b11d764b16772e54f2cbbfab17581cbdb9b59,ds003604,112000,,Sem,ses-7,72,0.0206529264751932,0.0038508429543696,0.0142021076229063,,
pico-decoder-small,pico-lm/pico-decoder-small@0ff198943f69ee08bd0b54c8ab55d364ce931a26,ds003604,113000,,Sem,ses-7,72,0.0165070561516147,-0.003961329677363,0.0110030043273338,,
pico-decoder-small,pico-lm/pico-decoder-small@fe2f1951a2f9a01d14429415f467c91c8a765024,ds003604,114000,,Sem,ses-7,72,0.0319219743775564,0.0039401684839758,0.0211123667423107,,
pico-decoder-small,pico-lm/pico-decoder-small@dde9b48ac9a426d9bc86b1fc423b8241736f6ea3,ds003604,115000,,Sem,ses-7,72,0.0210968153456196,-0.0053343933401496,0.0136300297982721,,
pico-decoder-small,pico-lm/pico-decoder-small@eb892260583a7bfbf95a1aecbf60ebc4ee0b8fe2,ds003604,116000,,Sem,ses-7,72,0.0431773893567213,0.0155805321771786,0.0283429649433894,,
pico-decoder-small,pico-lm/pico-decoder-small@62d95f269e32053c9fc3638cfe64f8b2f7b23654,ds003604,117000,,Sem,ses-7,72,0.040663700659697,0.0128877097794733,0.0273059973233617,,
pico-decoder-small,pico-lm/pico-decoder-small@31ddb818fbb16fbd1caf8ec968855022dd6afc74,ds003604,118000,,Sem,ses-7,72,0.0471613727595517,0.0202434312912792,0.0315978060141671,,
pico-decoder-small,pico-lm/pico-decoder-small@82d2ace20cd9a6db92a58205d7a22f5f6173e7b8,ds003604,119000,,Sem,ses-7,72,0.0449368635799094,0.0245784717946365,0.030315837184446,,
pico-decoder-small,pico-lm/pico-decoder-small@8e25d91566448034f3bb0406ab0045355c528ae7,ds003604,120000,,Sem,ses-7,72,0.0491860871416005,0.0238090589800528,0.0328981499346153,,
pico-decoder-small,pico-lm/pico-decoder-small@8a2f1db72ebb1ce87faaf75ea1db7910f308be65,ds003604,121000,,Sem,ses-7,72,0.0441959672740999,0.0175465798270248,0.029343182381963,,
pico-decoder-small,pico-lm/pico-decoder-small@e197ddf7837d73cb367f53e1dd174a4745892831,ds003604,122000,,Sem,ses-7,72,0.0374875184393622,0.0139250909213757,0.0242153070630786,,
pico-decoder-small,pico-lm/pico-decoder-small@51a1f29ffaf81f8b5d071b1858b6ac094aca1b30,ds003604,123000,,Sem,ses-7,72,0.0500979450903207,0.0207425166402652,0.0328981499346153,,
pico-decoder-small,pico-lm/pico-decoder-small@c2d4754b377c202474754e86b41f1321342ad24a,ds003604,124000,,Sem,ses-7,72,0.0325204727129705,0.0162646394183571,0.0218859580619179,,
pico-decoder-small,pico-lm/pico-decoder-small@ef21ca419b33425716396ead8c1e60e01f301271,ds003604,125000,,Sem,ses-7,72,0.0194490605242611,0.007909867201068,0.0123119232901212,,
pico-decoder-small,pico-lm/pico-decoder-small@a8294defc7001e32644ce53dbcb87ef35587ff22,ds003604,0,,Sem,ses-9,72,-0.0059829776881951,-0.0128060780919508,-0.0037564810476251,,
pico-decoder-small,pico-lm/pico-decoder-small@5e3d06988f3cc3adbf36b55cd8b1ddb3ae9f9bde,ds003604,1000,,Sem,ses-9,72,0.0428844564917106,-0.0045857346330307,0.0286455414373608,,
pico-decoder-small,pico-lm/pico-decoder-small@9f1ca389bbb1cc08b42a32bfe58fb818b24b3490,ds003604,2000,,Sem,ses-9,72,0.0152595017516897,-0.00814693673929,0.0101706127174002,,
pico-decoder-small,pico-lm/pico-decoder-small@f2269f20ce160cf71bea0a02ccf685e126dd2dc1,ds003604,3000,,Sem,ses-9,72,-0.0155743489065604,-0.0184306790643491,-0.0105289269865769,,
pico-decoder-small,pico-lm/pico-decoder-small@10da1c98e1cd32fc61ab4ced31075c08cf699861,ds003604,4000,,Sem,ses-9,72,-0.00064993206121,-0.0047721641169762,-0.0006278155998395,,
pico-decoder-small,pico-lm/pico-decoder-small@be2865b50166a683e659f4a1f99e058c77288911,ds003604,5000,,Sem,ses-9,72,-0.0081320764153263,-0.0305455640435645,-0.0056062401808108,,
pico-decoder-small,pico-lm/pico-decoder-small@496ea4785860af671e895085f1bcdc3bff2f9d97,ds003604,6000,,Sem,ses-9,72,-0.0099695344660703,-0.0285757292996101,-0.0063945315729996,,
pico-decoder-small,pico-lm/pico-decoder-small@c5bddf28e9cfbede4fe480513c4a3487279f7d47,ds003604,7000,,Sem,ses-9,72,-0.0407905829248172,-0.0533526170376176,-0.0268858202487374,,
pico-decoder-small,pico-lm/pico-decoder-small@9fe9969ca88ccf3b71599f85000ce082bf854421,ds003604,8000,,Sem,ses-9,72,-0.0400662306682341,-0.0482808382295262,-0.0265593561368209,,
pico-decoder-small,pico-lm/pico-decoder-small@8335f55c1bf51378b17a73d527c39899546e2d5b,ds003604,9000,,Sem,ses-9,72,-0.0201997803533494,-0.0486442541719863,-0.0136085921924239,,
pico-decoder-small,pico-lm/pico-decoder-small@8ce4e4fa15c0cec038fcb9f29d30cc50bac60a3d,ds003604,10000,,Sem,ses-9,72,-0.0365513072075114,-0.0493555485661642,-0.0241105690459346,,
pico-decoder-small,pico-lm/pico-decoder-small@3261da23d1d8811f9a32b69d6d6b9a17ca82fcd0,ds003604,11000,,Sem,ses-9,72,-0.0290784028579539,-0.0459446519376067,-0.0192846577179974,,
pico-decoder-small,pico-lm/pico-decoder-small@a6a20b8103a7cdacefa2bb78dee23c516ad6e78e,ds003604,12000,,Sem,ses-9,72,-0.0391343246834911,-0.0363543186287974,-0.0260975288565487,,
pico-decoder-small,pico-lm/pico-decoder-small@c2395fd6ba7da947893c62b8169b47a83345153b,ds003604,13000,,Sem,ses-9,72,-0.0388106033011903,-0.0571471758312257,-0.026140404068245,,
pico-decoder-small,pico-lm/pico-decoder-small@6dc7fa92550aabc62d659674176bda49750efe64,ds003604,14000,,Sem,ses-9,72,-0.0235706752969085,-0.0420960968562737,-0.0155630893427536,,
pico-decoder-small,pico-lm/pico-decoder-small@d1c60a45e64f88520c2cd94890471321a15410bf,ds003604,15000,,Sem,ses-9,72,-0.0315722864122157,-0.0559929127777038,-0.0209212657987498,,
pico-decoder-small,pico-lm/pico-decoder-small@cbb63c23390c0d43e0d6dfaa0c69aed19778fa74,ds003604,16000,,Sem,ses-9,72,-0.0449205818266594,-0.0491898891364288,-0.0297860220684839,,
pico-decoder-small,pico-lm/pico-decoder-small@a4f386c7a4155bfab638b897e60bc656a82e6a4f,ds003604,17000,,Sem,ses-9,72,-0.0437188817937348,-0.0587881753982417,-0.02944547038701,,
pico-decoder-small,pico-lm/pico-decoder-small@9b68d0ee8ceef680cc668de7d4560f7d8d311e42,ds003604,18000,,Sem,ses-9,72,-0.0638234249932371,-0.0672168327659059,-0.0427000358314269,,
pico-decoder-small,pico-lm/pico-decoder-small@a161849d9bc2ecbb0bc6095f0fe9fa54a03b14ce,ds003604,19000,,Sem,ses-9,72,-0.0438767063606353,-0.0475728116703013,-0.0296108462035531,,
pico-decoder-small,pico-lm/pico-decoder-small@082423f29dc36ca1b544cb85c655531783bb8985,ds003604,20000,,Sem,ses-9,72,-0.0824721184497297,-0.0776136275303129,-0.0552618603554354,,
pico-decoder-small,pico-lm/pico-decoder-small@62236c27ddef441fc85ceabb80793b680397d2f4,ds003604,21000,,Sem,ses-9,72,-0.0383796855057589,-0.0499816744830678,-0.0254384756024732,,
pico-decoder-small,pico-lm/pico-decoder-small@457283267b592ffd80ca1a4ede807a4a5606a7f4,ds003604,22000,,Sem,ses-9,72,-0.0075460482773853,-0.0389075762405627,-0.0050464124166613,,
pico-decoder-small,pico-lm/pico-decoder-small@542883f65bdcba033a9c80f753fdd6f6829cb7e7,ds003604,23000,,Sem,ses-9,72,-0.0484176892823251,-0.0452719415931015,-0.032784836875132,,
pico-decoder-small,pico-lm/pico-decoder-small@bbc3997ae0773f6e0f145401283a22dced84175c,ds003604,24000,,Sem,ses-9,72,-0.0498168184187224,-0.0491650837732896,-0.033104563453782,,
pico-decoder-small,pico-lm/pico-decoder-small@8316a2db89b6a337de59490bec6e6ed79275e85f,ds003604,25000,,Sem,ses-9,72,-0.0516316924265928,-0.0486690590871596,-0.0343834697683819,,
pico-decoder-small,pico-lm/pico-decoder-small@b2ff4ecd5fdb6684736075b48a28007f425925d5,ds003604,26000,,Sem,ses-9,72,-0.0562851895428515,-0.0697938404650576,-0.0375164227373372,,
pico-decoder-small,pico-lm/pico-decoder-small@d0bf4c35052d4efe8b11ad72cf76ba92d8837271,ds003604,27000,,Sem,ses-9,72,-0.0862436909778135,-0.0823042441950206,-0.0573082329594002,,
pico-decoder-small,pico-lm/pico-decoder-small@c5fe4eaa6e28635b04a285d9d63224a7013711d4,ds003604,28000,,Sem,ses-9,72,-0.0838168107510564,-0.0726249073994314,-0.0557812629199856,,
pico-decoder-small,pico-lm/pico-decoder-small@574194afaad5aebab0de6f7ec3ebd45241ba9f36,ds003604,29000,,Sem,ses-9,72,-0.0574064588501394,-0.065300758366027,-0.0385129651577654,,
pico-decoder-small,pico-lm/pico-decoder-small@4e76d0f5009af59c7519cc564d83ccb252becc09,ds003604,30000,,Sem,ses-9,72,-0.0410938200692935,-0.0535047141266975,-0.027081208713468,,
pico-decoder-small,pico-lm/pico-decoder-small@63e4f365e97340e8419c8d14c3479eab48b41672,ds003604,31000,,Sem,ses-9,72,-0.0679574251663022,-0.0578530107928017,-0.0450649100079931,,
pico-decoder-small,pico-lm/pico-decoder-small@8c1e326d52a990b3ef622fa0187927b4c3c8b198,ds003604,32000,,Sem,ses-9,72,-0.0454776711729079,-0.0437987052361796,-0.0303948500745722,,
pico-decoder-small,pico-lm/pico-decoder-small@5087b4b665fc374f51db109f5832fccfa45038ed,ds003604,33000,,Sem,ses-9,72,-0.0700110467208024,-0.0640331929961652,-0.0464920420544576,,
pico-decoder-small,pico-lm/pico-decoder-small@1b37af2dca833f47e09a88bc07d1b193eb75b975,ds003604,34000,,Sem,ses-9,72,-0.0484199579628658,-0.0548651998591192,-0.0320620833065363,,
pico-decoder-small,pico-lm/pico-decoder-small@f84a2138adf461f090569b0490e077e154d5692a,ds003604,35000,,Sem,ses-9,72,-0.0385502030420577,-0.0492604903132758,-0.0254856383353392,,
pico-decoder-small,pico-lm/pico-decoder-small@a5edb37d58f3dac4abc7615fe9f16119c9719363,ds003604,36000,,Sem,ses-9,72,-0.0470082429313183,-0.0550534844094749,-0.0311035160736106,,
pico-decoder-small,pico-lm/pico-decoder-small@ad19a8ed94822569698ab34f7cbdb71a73e75edb,ds003604,37000,,Sem,ses-9,72,-0.0261083055083114,-0.0348376854690948,-0.0172137849930634,,
pico-decoder-small,pico-lm/pico-decoder-small@6ffc4bc90cff1f5d9492cc62aa823b2f31820dec,ds003604,38000,,Sem,ses-9,72,-0.044886004749404,-0.0488109759002783,-0.0298521723951011,,
pico-decoder-small,pico-lm/pico-decoder-small@2be3f69fedc1c81a1c9dee69aecdfbb30a7ed07b,ds003604,39000,,Sem,ses-9,72,-0.0282991653479736,-0.0368111297614062,-0.0192166698823075,,
pico-decoder-small,pico-lm/pico-decoder-small@89ce452106683eb2c3d635f0b06d00b4836a270d,ds003604,40000,,Sem,ses-9,72,-0.0149060503780527,-0.0299117285511309,-0.0100634246881593,,
pico-decoder-small,pico-lm/pico-decoder-small@fb21f9a6029769e4fde8c343509be2fc23d627f8,ds003604,41000,,Sem,ses-9,72,-0.0423685088083174,-0.0363381331596844,-0.0283478649675832,,
pico-decoder-small,pico-lm/pico-decoder-small@3b04367b1f9f520d1eb5dc4b1d62222a11574175,ds003604,42000,,Sem,ses-9,72,-0.0237629504641005,-0.0204593995021053,-0.0158871034425732,,
pico-decoder-small,pico-lm/pico-decoder-small@a8fcdde6a31d48184ff170362f4802ba6f7c825b,ds003604,43000,,Sem,ses-9,72,-0.0252714886418781,-0.037913701306766,-0.0163470932137727,,
pico-decoder-small,pico-lm/pico-decoder-small@42a2d16068cea73c52aa94a34fd039b076c656d2,ds003604,44000,,Sem,ses-9,72,-0.035895359585704,-0.044104243651864,-0.0237228546315947,,
pico-decoder-small,pico-lm/pico-decoder-small@9b211dca4e657296153efe83773900826fe138d5,ds003604,45000,,Sem,ses-9,72,-0.0205897735088975,-0.0176728548665723,-0.0139632314434552,,
pico-decoder-small,pico-lm/pico-decoder-small@8866040c1a6ead0d48bd6a4f6ff9046c778670fa,ds003604,46000,,Sem,ses-9,72,-0.0440842766170348,-0.0345546012781352,-0.0292555944494975,,
pico-decoder-small,pico-lm/pico-decoder-small@2c39df607c549d2902ed46ce83a2e6630df09d90,ds003604,47000,,Sem,ses-9,72,-0.0164096351142824,-0.0282201389090878,-0.0107181904210652,,
pico-decoder-small,pico-lm/pico-decoder-small@e2f848f2a712b27ddfebe48ddc4dd6258de6df59,ds003604,48000,,Sem,ses-9,72,-0.0368831446740778,-0.0241540369042469,-0.0243923204370821,,
pico-decoder-small,pico-lm/pico-decoder-small@fa46e0b2c4bcc53653b39cd684396f35c777aead,ds003604,49000,,Sem,ses-9,72,-0.0197305716570851,-0.0368987517195366,-0.0131792275724361,,
pico-decoder-small,pico-lm/pico-decoder-small@1c1daa1853e150e7a21ae4af47574da037fbb206,ds003604,50000,,Sem,ses-9,72,-0.0163253166592427,-0.0226322853980785,-0.0107347280027195,,
pico-decoder-small,pico-lm/pico-decoder-small@7aa7c5e89a41da940802066eaa61d34d72089434,ds003604,51000,,Sem,ses-9,72,0.0196737964354199,-0.0134306003414216,0.0130493769312985,,
pico-decoder-small,pico-lm/pico-decoder-small@9213448a01fde86281f3df23d6846b5c31f86998,ds003604,52000,,Sem,ses-9,72,-0.0068117402716066,-0.0193624079591896,-0.0044130842896036,,
pico-decoder-small,pico-lm/pico-decoder-small@41f9cd78186e1fbaf4b6b2164f52331d4ef4c15e,ds003604,53000,,Sem,ses-9,72,-0.0181980308823042,-0.0436997707450025,-0.0119560590330414,,
pico-decoder-small,pico-lm/pico-decoder-small@f4454c4dd5fa26693e9755fbac1a1f6aa12f6c37,ds003604,54000,,Sem,ses-9,72,-0.0392310975263833,-0.0412698998292839,-0.0262292170067589,,
pico-decoder-small,pico-lm/pico-decoder-small@497f4bdf16cbdcb120415cd944d84b34d1fef37a,ds003604,55000,,Sem,ses-9,72,-0.0307393299676591,-0.0329804092187787,-0.0203926756888362,,
pico-decoder-small,pico-lm/pico-decoder-small@79119d3d39e86e4f4fdd14e0de769ebbba87b4c1,ds003604,56000,,Sem,ses-9,72,-0.0077441298870128,-0.0200272321611811,-0.0054739395275764,,
pico-decoder-small,pico-lm/pico-decoder-small@1e0aa9e9184e67611fe6a3fe7e0d301e199367b4,ds003604,57000,,Sem,ses-9,72,-0.0157085768962568,0.0003311259746361,-0.0104560391266931,,
pico-decoder-small,pico-lm/pico-decoder-small@12cffd4abfebe78cd4df44f368d49ae2aec28999,ds003604,58000,,Sem,ses-9,72,-0.0357195975671164,-0.0349807237029568,-0.0240333936648812,,
pico-decoder-small,pico-lm/pico-decoder-small@88752c656e1478698735820b50bc1648b43897bc,ds003604,59000,,Sem,ses-9,72,-0.0152482115268007,-0.0276195815651183,-0.0099004988837132,,
pico-decoder-small,pico-lm/pico-decoder-small@ef0c2a9858930c1b946d7fd3ec94d87a30fb6316,ds003604,60000,,Sem,ses-9,72,-0.0082879362775711,-0.0187949662246259,-0.0055241647755635,,
pico-decoder-small,pico-lm/pico-decoder-small@2adfdbab6dd63824aeb0c5b7f40693509b21f72e,ds003604,61000,,Sem,ses-9,72,-0.0515027505990938,-0.0417751515725544,-0.0344091948953997,,
pico-decoder-small,pico-lm/pico-decoder-small@8f2f5e9d39b7ef2738d2ddfa5002e690090afb1b,ds003604,62000,,Sem,ses-9,72,-0.0163087862637796,-0.0097205922238423,-0.010751878087398,,
pico-decoder-small,pico-lm/pico-decoder-small@27a605b8a3168bf13fde7e4903edf05011890db5,ds003604,63000,,Sem,ses-9,72,-0.0383626326742004,-0.037589998064533,-0.0252418621316942,,
pico-decoder-small,pico-lm/pico-decoder-small@64faca95211d12573bc85e90ab9b9346d61f571c,ds003604,64000,,Sem,ses-9,72,-0.0179839046637342,-0.0279618639713417,-0.0118696961066245,,
pico-decoder-small,pico-lm/pico-decoder-small@04de7a38c9b974bc56e59c77ce6289b59ac333a3,ds003604,65000,,Sem,ses-9,72,-0.0200667840768132,-0.0323815054593406,-0.0135559169323398,,
pico-decoder-small,pico-lm/pico-decoder-small@0a060522b26b84154fe744cff68debc60a62771b,ds003604,66000,,Sem,ses-9,72,-0.0103266493599469,-0.0269908146032794,-0.0068826964833138,,
pico-decoder-small,pico-lm/pico-decoder-small@96a66aee1fd9e46f20ddd7b0e811fbcd6761cd3b,ds003604,67000,,Sem,ses-9,72,-0.0274218198007886,-0.0183859591950679,-0.0181062018993718,,
pico-decoder-small,pico-lm/pico-decoder-small@e7396619711d862dc1bed1a5f5797fb2b5cc9768,ds003604,68000,,Sem,ses-9,72,-0.021346513928917,-0.0163720799205822,-0.0139920190855942,,
pico-decoder-small,pico-lm/pico-decoder-small@ba3a7a617ab159a7fcbc81cd6ffb20319f00199a,ds003604,69000,,Sem,ses-9,72,0.0016838057864152,-0.0136843915929168,0.0010032799536947,,
pico-decoder-small,pico-lm/pico-decoder-small@63bfd31a42bdd16864908136aa5cce931810bb58,ds003604,70000,,Sem,ses-9,72,-0.0177354140791662,-0.0147447267741389,-0.0115952947517678,,
pico-decoder-small,pico-lm/pico-decoder-small@5e0a9fbd93f2dbafe06c6cb20fa5521f766270e0,ds003604,71000,,Sem,ses-9,72,-0.0080391862715033,-0.011481120064606,-0.0054139142312015,,
pico-decoder-small,pico-lm/pico-decoder-small@4b4e4304ce873cafd39ac997ad47e16ec2d5d76d,ds003604,72000,,Sem,ses-9,72,0.0130217764479347,-0.0150098624975708,0.0086767178412943,,
pico-decoder-small,pico-lm/pico-decoder-small@f2bf3399e04924384ec7ea3acb5440318247824d,ds003604,73000,,Sem,ses-9,72,-0.0117379411248367,-0.0273180927067329,-0.0074651868593601,,
pico-decoder-small,pico-lm/pico-decoder-small@81c21ab4b67c2a986c2c4a8771db3b328075f9ca,ds003604,74000,,Sem,ses-9,72,-0.0183506332441085,-0.0203138656627519,-0.0122329103999951,,
pico-decoder-small,pico-lm/pico-decoder-small@67737816c3793c77c33cd993cb625dfe02f5dba2,ds003604,75000,,Sem,ses-9,72,-0.0046862122513916,-0.0207904889999837,-0.0034679921232111,,
pico-decoder-small,pico-lm/pico-decoder-small@cd3c66fe9f41cb98971992c1c48e0000704daae7,ds003604,76000,,Sem,ses-9,72,-0.0002954228802382,-0.0166307480897176,-0.0001825259012216,,
pico-decoder-small,pico-lm/pico-decoder-small@8bc1f96e0ab394e6d9396f9105337a8ee9281b02,ds003604,77000,,Sem,ses-9,72,0.0094068291114514,-0.0120946074196241,0.0061568803995969,,
pico-decoder-small,pico-lm/pico-decoder-small@54681b82e00ed8da204a8f5e199732edcd50c540,ds003604,78000,,Sem,ses-9,72,-0.0167516870329251,-0.0122350803121857,-0.0111794051983131,,
pico-decoder-small,pico-lm/pico-decoder-small@9f79f048c9629723d93a9c6d020fad45ecd81ebb,ds003604,79000,,Sem,ses-9,72,-0.0057071436463662,-0.0143635767532263,-0.0038483565012602,,
pico-decoder-small,pico-lm/pico-decoder-small@a8eea15ae0deddaf3beced3d114c9bc8ed9a25e5,ds003604,80000,,Sem,ses-9,72,0.0218889003281074,0.0026862112653843,0.0142186452045606,,
pico-decoder-small,pico-lm/pico-decoder-small@8d7bca4dea2e340144c93745d61646c84d35ffdb,ds003604,81000,,Sem,ses-9,72,0.0212000880983915,0.0026892930064401,0.0140508193759206,,
pico-decoder-small,pico-lm/pico-decoder-small@063ab25b24aefd512a554e49853ed6fc32ee9c1b,ds003604,82000,,Sem,ses-9,72,0.0091348432749742,-0.0050621006859725,0.0057789660336447,,
pico-decoder-small,pico-lm/pico-decoder-small@d63e823855aefabdb4d0fb89c6cb30f1917edff8,ds003604,83000,,Sem,ses-9,72,0.0109355446766922,-0.0044483734451114,0.0070921725176018,,
pico-decoder-small,pico-lm/pico-decoder-small@aac007e3728b91b2460f8be94a5ef79547dc60b8,ds003604,84000,,Sem,ses-9,72,0.0081336164160861,-0.0167289625192395,0.0051879006152592,,
pico-decoder-small,pico-lm/pico-decoder-small@804cfb5f121020ed666ca55376b9e9f358701d23,ds003604,85000,,Sem,ses-9,72,0.0126869056900911,-0.0014885100221926,0.0082981909723179,,
pico-decoder-small,pico-lm/pico-decoder-small@938244e11e03da85918d38722414505f45c1ceda,ds003604,86000,,Sem,ses-9,72,0.0246374653705982,0.0026460020688295,0.0161357796704121,,
pico-decoder-small,pico-lm/pico-decoder-small@9bd6535d2bbcd3e8e0be555350c1a9abcfa9ef20,ds003604,87000,,Sem,ses-9,72,0.0263174596012366,0.002850265816891,0.0177840253086249,,
pico-decoder-small,pico-lm/pico-decoder-small@5e4f19facb03a2fb589181b485fc44570680d8b4,ds003604,88000,,Sem,ses-9,72,0.0092825432171875,-0.0169283686364551,0.006295918586098,,
pico-decoder-small,pico-lm/pico-decoder-small@48b3ab14f90bae2930c79eefee13f8548f7a3ac0,ds003604,89000,,Sem,ses-9,72,-0.006760170008179,-0.010905046231468,-0.0048406114005187,,
pico-decoder-small,pico-lm/pico-decoder-small@a7e691278d2179f7a23f55c82de28f96b4acd2e4,ds003604,90000,,Sem,ses-9,72,-0.0001198829149566,-0.0115611617887316,-0.000102288005047,,
pico-decoder-small,pico-lm/pico-decoder-small@c025f14d64c01b36a07900656ded25b50f8caafd,ds003604,91000,,Sem,ses-9,72,0.0041120240819612,-0.003226558490238,0.002775863705827,,
pico-decoder-small,pico-lm/pico-decoder-small@b3b967e1f18d21573f4a6146c441a2825a5a8f83,ds003604,92000,,Sem,ses-9,72,-0.0046948644255157,-0.0079780598214316,-0.0029412395223701,,
pico-decoder-small,pico-lm/pico-decoder-small@41ae4009882dd5c1963328961a9ed1964aab8606,ds003604,93000,,Sem,ses-9,72,0.0017758910768313,0.0061155013252515,0.0011441556492685,,
pico-decoder-small,pico-lm/pico-decoder-small@bfda4783bf178eae55bcebd43810ed9180cbdc63,ds003604,94000,,Sem,ses-9,72,0.015758311806469,-0.0034228108511302,0.0103984638424152,,
pico-decoder-small,pico-lm/pico-decoder-small@94177e145ce01fae74b87897c8260f2f6fe1deb0,ds003604,95000,,Sem,ses-9,72,0.0297534750902236,-0.0018411143544452,0.0196258219024956,,
pico-decoder-small,pico-lm/pico-decoder-small@938d2d29f7aba65159e5bdc0ccfbefdc61757005,ds003604,96000,,Sem,ses-9,72,0.0247805776483923,0.0041851488364808,0.0163801683770813,,
pico-decoder-small,pico-lm/pico-decoder-small@57a25f8bc299440e75e421522b5461ef9addc60f,ds003604,97000,,Sem,ses-9,72,0.0208342491684795,0.0033928948813287,0.0135700045018972,,
pico-decoder-small,pico-lm/pico-decoder-small@2b2b81f5b793cfe7595f1880023e3199b0ca4d01,ds003604,98000,,Sem,ses-9,72,0.00238548057964,-0.0055314525487586,0.0017315460495086,,
pico-decoder-small,pico-lm/pico-decoder-small@a014170484f226c32a449440e37684a5138bffea,ds003604,99000,,Sem,ses-9,72,0.0065367743216665,-0.0065417666329556,0.0043156963087505,,
pico-decoder-small,pico-lm/pico-decoder-small@912032713d1ca4f482ce957408afca3e5a267267,ds003604,100000,,Sem,ses-9,72,0.0044760714944238,-0.0072164019457449,0.0029914647703573,,
pico-decoder-small,pico-lm/pico-decoder-small@0405a0c52b2083efba346cb0195a2684e628b1af,ds003604,101000,,Sem,ses-9,72,-0.0024443836324996,-0.0091893366774957,-0.0015355450817538,,
pico-decoder-small,pico-lm/pico-decoder-small@a29b66f6847b3a1ec6358c6bdf5686f8db25e228,ds003604,102000,,Sem,ses-9,72,-0.0146513365519636,-0.0148559771736102,-0.0097614606972121,,
pico-decoder-small,pico-lm/pico-decoder-small@b6e1c3f17ee3de24e5563176b76cde040230086b,ds003604,103000,,Sem,ses-9,72,-0.0243752836546838,-0.0115622359285235,-0.0161180170827093,,
pico-decoder-small,pico-lm/pico-decoder-small@fd779f78578d7ce2eb7316f95b1536f35f90d660,ds003604,104000,,Sem,ses-9,72,0.0045730807630043,-0.0069500650927719,0.002943689534467,,
pico-decoder-small,pico-lm/pico-decoder-small@2a9ae447eace88eb5c4be50d7b3c867cbd1a9a7e,ds003604,105000,,Sem,ses-9,72,-0.0043101890514059,-0.0021204058925137,-0.0030570025939503,,
pico-decoder-small,pico-lm/pico-decoder-small@36d78ffabfbf506523a459e2116bbc012c1adab7,ds003604,106000,,Sem,ses-9,72,-0.0045871003032856,-0.0135053555720845,-0.002739113524373,,
pico-decoder-small,pico-lm/pico-decoder-small@3f9b3375f2ae4b81043ba582d1b2ec8bc15a04e1,ds003604,107000,,Sem,ses-9,72,0.0088752557740587,-0.0013936272137684,0.0060264172554351,,
pico-decoder-small,pico-lm/pico-decoder-small@00c972e3e00659382b3fe4f9d9f634ebbd9833c1,ds003604,108000,,Sem,ses-9,72,0.0113595026460112,0.001055252836695,0.0074927494954506,,
pico-decoder-small,pico-lm/pico-decoder-small@076cdde7affce35bd2bad3498e51f33f575aaddb,ds003604,109000,,Sem,ses-9,72,0.0147102784102554,-0.004605957267129,0.009879061277865,,
pico-decoder-small,pico-lm/pico-decoder-small@1f7f52ddf73285dd5484e753c1740cc68df81b76,ds003604,110000,,Sem,ses-9,72,0.0106610192402686,0.0026158355700078,0.0073751489147977,,
pico-decoder-small,pico-lm/pico-decoder-small@a801b2ab639f60dbd4ebfe264aab726255eb2877,ds003604,111000,,Sem,ses-9,72,0.01283335307919,0.006867718560749,0.0090135945046228,,
pico-decoder-small,pico-lm/pico-decoder-small@197b11d764b16772e54f2cbbfab17581cbdb9b59,ds003604,112000,,Sem,ses-9,72,-0.0043315291645943,0.0013825026183812,-0.0024402120485469,,
pico-decoder-small,pico-lm/pico-decoder-small@0ff198943f69ee08bd0b54c8ab55d364ce931a26,ds003604,113000,,Sem,ses-9,72,-0.0019995239076512,-0.0067129250518917,-0.0009953174143797,,
pico-decoder-small,pico-lm/pico-decoder-small@fe2f1951a2f9a01d14429415f467c91c8a765024,ds003604,114000,,Sem,ses-9,72,0.0106415417878218,0.0017295239736463,0.0070058095911848,,
pico-decoder-small,pico-lm/pico-decoder-small@dde9b48ac9a426d9bc86b1fc423b8241736f6ea3,ds003604,115000,,Sem,ses-9,72,0.00181532817515,-0.0072163652955564,0.0015079824456633,,
pico-decoder-small,pico-lm/pico-decoder-small@eb892260583a7bfbf95a1aecbf60ebc4ee0b8fe2,ds003604,116000,,Sem,ses-9,72,0.0220959438366968,0.0134829162614641,0.0149701864152954,,
pico-decoder-small,pico-lm/pico-decoder-small@62d95f269e32053c9fc3638cfe64f8b2f7b23654,ds003604,117000,,Sem,ses-9,72,0.0129280527059403,0.0095270789240173,0.0088126935126742,,
pico-decoder-small,pico-lm/pico-decoder-small@31ddb818fbb16fbd1caf8ec968855022dd6afc74,ds003604,118000,,Sem,ses-9,72,0.020840227360883,0.016208709491965,0.0139828315402307,,
pico-decoder-small,pico-lm/pico-decoder-small@82d2ace20cd9a6db92a58205d7a22f5f6173e7b8,ds003604,119000,,Sem,ses-9,72,0.0181435753631368,0.0205747289653991,0.0124289113677498,,
pico-decoder-small,pico-lm/pico-decoder-small@8e25d91566448034f3bb0406ab0045355c528ae7,ds003604,120000,,Sem,ses-9,72,0.0242965467142971,0.0208900676509609,0.0164738813397891,,
pico-decoder-small,pico-lm/pico-decoder-small@8a2f1db72ebb1ce87faaf75ea1db7910f308be65,ds003604,121000,,Sem,ses-9,72,0.017572948670032,0.0146898962930246,0.0120552845229673,,
pico-decoder-small,pico-lm/pico-decoder-small@e197ddf7837d73cb367f53e1dd174a4745892831,ds003604,122000,,Sem,ses-9,72,0.0112981081406858,0.010306653238102,0.0078290136557549,,
pico-decoder-small,pico-lm/pico-decoder-small@51a1f29ffaf81f8b5d071b1858b6ac094aca1b30,ds003604,123000,,Sem,ses-9,72,0.024099431647377,0.0169592711069664,0.0161210795978305,,
pico-decoder-small,pico-lm/pico-decoder-small@c2d4754b377c202474754e86b41f1321342ad24a,ds003604,124000,,Sem,ses-9,72,0.0004794109318157,0.0122650575559336,0.0003681143175644,,
pico-decoder-small,pico-lm/pico-decoder-small@ef21ca419b33425716396ead8c1e60e01f301271,ds003604,125000,,Sem,ses-9,72,-0.0033543796390973,0.004875601889103,-0.0021523356271571,,
