family,model_ref,step,layer,per,gini,hoyer,norm,condition_number
pico-decoder-small,pico-lm/pico-decoder-small@a8294defc7001e32644ce53dbcb87ef35587ff22,0,0,0.4328215650593158,0.0464628880525658,0.0036532701038689,11.424782088762717,16.329935261374228
pico-decoder-small,pico-lm/pico-decoder-small@a8294defc7001e32644ce53dbcb87ef35587ff22,0,1,0.3962084547482735,0.048859074732736,0.0039599465463319,12.286125995885245,18.94999473128185
pico-decoder-small,pico-lm/pico-decoder-small@a8294defc7001e32644ce53dbcb87ef35587ff22,0,2,0.3619591940376997,0.0533462083950107,0.0047327625366666,13.16038998171675,21.896444692335297
pico-decoder-small,pico-lm/pico-decoder-small@a8294defc7001e32644ce53dbcb87ef35587ff22,0,3,0.3348102064817086,0.0575710516007141,0.0055782338683934,14.014980339812777,24.17941039649307
pico-decoder-small,pico-lm/pico-decoder-small@a8294defc7001e32644ce53dbcb87ef35587ff22,0,4,0.3233279419816159,0.0579107702104124,0.005628240373797,14.673601575483996,25.08030424698417
pico-decoder-small,pico-lm/pico-decoder-small@a8294defc7001e32644ce53dbcb87ef35587ff22,0,5,0.3077762945611237,0.0598304707984114,0.0060418769419822,15.440965478155414,26.98701771853383
pico-decoder-small,pico-lm/pico-decoder-small@a8294defc7001e32644ce53dbcb87ef35587ff22,0,6,0.2979790140937094,0.0586569020723451,0.0057685311971021,16.163146737832285,27.56149255989395
pico-decoder-small,pico-lm/pico-decoder-small@a8294defc7001e32644ce53dbcb87ef35587ff22,0,7,0.2815898151484984,0.0607857143610992,0.0061930083491554,16.907664886371208,29.910682454451788
pico-decoder-small,pico-lm/pico-decoder-small@a8294defc7001e32644ce53dbcb87ef35587ff22,0,8,0.2757356704982254,0.0632468938970998,0.0066945262710095,17.595115192690532,30.63030536221707
pico-decoder-small,pico-lm/pico-decoder-small@a8294defc7001e32644ce53dbcb87ef35587ff22,0,9,0.2698762568612932,0.065575356310272,0.0072206004305642,18.30116319090729,31.45950363843324
pico-decoder-small,pico-lm/pico-decoder-small@a8294defc7001e32644ce53dbcb87ef35587ff22,0,10,0.2598927006650349,0.0649210090161047,0.006990804286081,19.011267608710384,33.22477148604859
pico-decoder-small,pico-lm/pico-decoder-small@a8294defc7001e32644ce53dbcb87ef35587ff22,0,11,0.2545674524333223,0.0664004734073057,0.0072968031762432,19.666909004052822,34.31373625099765
pico-decoder-small,pico-lm/pico-decoder-small@5e3d06988f3cc3adbf36b55cd8b1ddb3ae9f9bde,1000,0,0.4344148007289579,0.0471926150470494,0.0038206067455806,11.361797534817612,16.451288996356695
pico-decoder-small,pico-lm/pico-decoder-small@5e3d06988f3cc3adbf36b55cd8b1ddb3ae9f9bde,1000,1,0.3970956145497681,0.0543895693717765,0.0048693403563751,12.266492577772649,18.792899354800447
pico-decoder-small,pico-lm/pico-decoder-small@5e3d06988f3cc3adbf36b55cd8b1ddb3ae9f9bde,1000,2,0.3655708822259402,0.0619599425277722,0.0066243138561669,13.13891875914656,21.026850243376497
pico-decoder-small,pico-lm/pico-decoder-small@5e3d06988f3cc3adbf36b55cd8b1ddb3ae9f9bde,1000,3,0.3400304997519314,0.074650584317951,0.0096868115163717,14.099086435097355,23.067803181746854
pico-decoder-small,pico-lm/pico-decoder-small@5e3d06988f3cc3adbf36b55cd8b1ddb3ae9f9bde,1000,4,0.3300038390813639,0.082236044201877,0.0115114410232537,14.79208645150912,24.213926390395503
pico-decoder-small,pico-lm/pico-decoder-small@5e3d06988f3cc3adbf36b55cd8b1ddb3ae9f9bde,1000,5,0.3105298092477008,0.0922845716116128,0.0145880557635284,15.899671965777069,27.50159298459545
pico-decoder-small,pico-lm/pico-decoder-small@5e3d06988f3cc3adbf36b55cd8b1ddb3ae9f9bde,1000,6,0.2867054097170696,0.1045044311980121,0.0183458183912827,17.376059234073406,30.47546711162979
pico-decoder-small,pico-lm/pico-decoder-small@5e3d06988f3cc3adbf36b55cd8b1ddb3ae9f9bde,1000,7,0.2524601518066997,0.1251163209783007,0.0265616837006337,19.433265833624557,35.91573566573501
pico-decoder-small,pico-lm/pico-decoder-small@5e3d06988f3cc3adbf36b55cd8b1ddb3ae9f9bde,1000,8,0.2049365114848869,0.1248410020310532,0.026882449320248,21.121921855999325,44.62432817804425
pico-decoder-small,pico-lm/pico-decoder-small@5e3d06988f3cc3adbf36b55cd8b1ddb3ae9f9bde,1000,9,0.1314457767331585,0.124289100253428,0.0270337028304262,24.74845452269061,63.647800034550286
pico-decoder-small,pico-lm/pico-decoder-small@5e3d06988f3cc3adbf36b55cd8b1ddb3ae9f9bde,1000,10,0.0815326020707259,0.1570310974993051,0.0427396552504949,32.11356892161524,94.47704282828629
pico-decoder-small,pico-lm/pico-decoder-small@5e3d06988f3cc3adbf36b55cd8b1ddb3ae9f9bde,1000,11,0.0526156922940345,0.1976823768133645,0.0616768816779963,50.21682494884328,136.27049063019265
pico-decoder-small,pico-lm/pico-decoder-small@9f1ca389bbb1cc08b42a32bfe58fb818b24b3490,2000,0,0.4403202008603131,0.0489379722738981,0.0040630140722504,11.225556001132215,16.40929210832315
pico-decoder-small,pico-lm/pico-decoder-small@9f1ca389bbb1cc08b42a32bfe58fb818b24b3490,2000,1,0.4109739685968043,0.0613823444288406,0.0064195579695675,11.967139683118424,18.094630600408426
pico-decoder-small,pico-lm/pico-decoder-small@9f1ca389bbb1cc08b42a32bfe58fb818b24b3490,2000,2,0.3868574461429018,0.0674267329500083,0.0079880136111591,12.292745339881096,18.77659189831093
pico-decoder-small,pico-lm/pico-decoder-small@9f1ca389bbb1cc08b42a32bfe58fb818b24b3490,2000,3,0.3709111325886337,0.0829131660991306,0.0124259800284424,12.824487984393148,20.502562175793454
pico-decoder-small,pico-lm/pico-decoder-small@9f1ca389bbb1cc08b42a32bfe58fb818b24b3490,2000,4,0.3609430495230042,0.0832566854503529,0.0123739555729452,12.802835107866509,21.97102389242442
pico-decoder-small,pico-lm/pico-decoder-small@9f1ca389bbb1cc08b42a32bfe58fb818b24b3490,2000,5,0.3314179590094431,0.0966615718993866,0.0174313873585116,13.514195591436817,25.8245343337163
pico-decoder-small,pico-lm/pico-decoder-small@9f1ca389bbb1cc08b42a32bfe58fb818b24b3490,2000,6,0.3071120799533753,0.1114528212726527,0.0226117196920559,14.321695136141734,29.405362046597013
pico-decoder-small,pico-lm/pico-decoder-small@9f1ca389bbb1cc08b42a32bfe58fb818b24b3490,2000,7,0.2576039105271661,0.1296989303206945,0.0323234183515574,15.818687470171282,38.09764103913912
pico-decoder-small,pico-lm/pico-decoder-small@9f1ca389bbb1cc08b42a32bfe58fb818b24b3490,2000,8,0.2308938835753973,0.1383986697709627,0.0351767753530541,17.38030677252467,43.44027288509379
pico-decoder-small,pico-lm/pico-decoder-small@9f1ca389bbb1cc08b42a32bfe58fb818b24b3490,2000,9,0.1721418647241789,0.1345355841530552,0.0307122814685586,20.29480126193414,52.590561146834254
pico-decoder-small,pico-lm/pico-decoder-small@9f1ca389bbb1cc08b42a32bfe58fb818b24b3490,2000,10,0.1331846833260547,0.139151396127712,0.033651857444559,23.881384854076963,65.5069622470118
pico-decoder-small,pico-lm/pico-decoder-small@9f1ca389bbb1cc08b42a32bfe58fb818b24b3490,2000,11,0.089062864091941,0.1731204059850711,0.050300278568858,35.85441259074963,103.0992355763836
pico-decoder-small,pico-lm/pico-decoder-small@f2269f20ce160cf71bea0a02ccf685e126dd2dc1,3000,0,0.4460379044066507,0.0483373212205645,0.0040307782217881,11.057688161926327,16.214763853373878
pico-decoder-small,pico-lm/pico-decoder-small@f2269f20ce160cf71bea0a02ccf685e126dd2dc1,3000,1,0.4221947145797669,0.0564019876684456,0.0053920794708003,11.50605642119528,18.058625404428707
pico-decoder-small,pico-lm/pico-decoder-small@f2269f20ce160cf71bea0a02ccf685e126dd2dc1,3000,2,0.4019730500513208,0.0592096185785413,0.0061759168969367,11.501490938545125,18.875651858093917
pico-decoder-small,pico-lm/pico-decoder-small@f2269f20ce160cf71bea0a02ccf685e126dd2dc1,3000,3,0.3806318398726753,0.0694148177434025,0.0088331819985945,11.742353526108827,20.930983123776134
pico-decoder-small,pico-lm/pico-decoder-small@f2269f20ce160cf71bea0a02ccf685e126dd2dc1,3000,4,0.355624618298116,0.07505397627142,0.0103629829028745,11.7454166945534,24.458321839255294
pico-decoder-small,pico-lm/pico-decoder-small@f2269f20ce160cf71bea0a02ccf685e126dd2dc1,3000,5,0.3038946236352873,0.101421432495156,0.0189076376340485,12.549840158038654,29.39703502208324
pico-decoder-small,pico-lm/pico-decoder-small@f2269f20ce160cf71bea0a02ccf685e126dd2dc1,3000,6,0.2715381475220637,0.1139471729568712,0.0253386396581938,13.154158480367222,36.360444653057485
pico-decoder-small,pico-lm/pico-decoder-small@f2269f20ce160cf71bea0a02ccf685e126dd2dc1,3000,7,0.1812011339234548,0.1604277463076342,0.0486771994942431,15.514285338500576,49.86181994249112
pico-decoder-small,pico-lm/pico-decoder-small@f2269f20ce160cf71bea0a02ccf685e126dd2dc1,3000,8,0.1415957320604936,0.1555766845682331,0.0429551031655071,18.066705851837,63.71873813008464
pico-decoder-small,pico-lm/pico-decoder-small@f2269f20ce160cf71bea0a02ccf685e126dd2dc1,3000,9,0.1371547761842256,0.1475133840356065,0.0391523733829165,21.05846729644548,72.94886689648905
pico-decoder-small,pico-lm/pico-decoder-small@f2269f20ce160cf71bea0a02ccf685e126dd2dc1,3000,10,0.1449224007175246,0.1331653246490119,0.031791829274104,24.75118544361575,75.79956730775925
pico-decoder-small,pico-lm/pico-decoder-small@f2269f20ce160cf71bea0a02ccf685e126dd2dc1,3000,11,0.1100653414719454,0.1663288957285781,0.0484659105756355,37.03281342274544,103.85116739359084
pico-decoder-small,pico-lm/pico-decoder-small@10da1c98e1cd32fc61ab4ced31075c08cf699861,4000,0,0.450887506046249,0.0460838916071903,0.0036617234784007,10.92061503764205,16.076012902858096
pico-decoder-small,pico-lm/pico-decoder-small@10da1c98e1cd32fc61ab4ced31075c08cf699861,4000,1,0.4271820204996576,0.0545218461942827,0.0049648726581854,11.286699590585556,18.529262776162124
pico-decoder-small,pico-lm/pico-decoder-small@10da1c98e1cd32fc61ab4ced31075c08cf699861,4000,2,0.4093850859525533,0.0560117759353667,0.005510935905961,11.262677463095772,20.43661038919124
pico-decoder-small,pico-lm/pico-decoder-small@10da1c98e1cd32fc61ab4ced31075c08cf699861,4000,3,0.3878075305571679,0.0639244625157942,0.0076064783526689,11.525772147598673,20.830211921692303
pico-decoder-small,pico-lm/pico-decoder-small@10da1c98e1cd32fc61ab4ced31075c08cf699861,4000,4,0.355862397028524,0.0706164978634369,0.0093053448863142,11.502120233338752,23.19693766512681
pico-decoder-small,pico-lm/pico-decoder-small@10da1c98e1cd32fc61ab4ced31075c08cf699861,4000,5,0.2955470112437018,0.0996520705689352,0.0189824298050759,12.357958828199305,30.40394460298161
pico-decoder-small,pico-lm/pico-decoder-small@10da1c98e1cd32fc61ab4ced31075c08cf699861,4000,6,0.2619727873569507,0.1311530094419271,0.033662249492148,13.28688627435026,38.068336096174505
pico-decoder-small,pico-lm/pico-decoder-small@10da1c98e1cd32fc61ab4ced31075c08cf699861,4000,7,0.1514141623695319,0.1975689127005163,0.0738175595759565,17.007834413603007,55.29333494579105
pico-decoder-small,pico-lm/pico-decoder-small@10da1c98e1cd32fc61ab4ced31075c08cf699861,4000,8,0.1279625227560934,0.2055581057951321,0.0784004792943631,21.119797308909696,64.53997986165756
pico-decoder-small,pico-lm/pico-decoder-small@10da1c98e1cd32fc61ab4ced31075c08cf699861,4000,9,0.1188483278198697,0.187315952867347,0.0634248663400474,24.69628425329432,74.33222402510654
pico-decoder-small,pico-lm/pico-decoder-small@10da1c98e1cd32fc61ab4ced31075c08cf699861,4000,10,0.1387451177509439,0.1660167009160854,0.0492492407061479,28.748007487154805,75.63095409649814
pico-decoder-small,pico-lm/pico-decoder-small@10da1c98e1cd32fc61ab4ced31075c08cf699861,4000,11,0.1162377945059744,0.1743968625163245,0.0578514923776066,42.77769292440838,98.02948270851472
pico-decoder-small,pico-lm/pico-decoder-small@be2865b50166a683e659f4a1f99e058c77288911,5000,0,0.454091306494714,0.0456785218068644,0.0035172214882214,10.87166869174049,15.802492032315548
pico-decoder-small,pico-lm/pico-decoder-small@be2865b50166a683e659f4a1f99e058c77288911,5000,1,0.4363050872942727,0.0521578820450766,0.0045845721859817,11.259527541203331,17.316255281430266
pico-decoder-small,pico-lm/pico-decoder-small@be2865b50166a683e659f4a1f99e058c77288911,5000,2,0.4142171008855975,0.0545380681687224,0.0052141746107418,11.304200986839836,19.067002735357253
pico-decoder-small,pico-lm/pico-decoder-small@be2865b50166a683e659f4a1f99e058c77288911,5000,3,0.3925382203492834,0.0630620752580576,0.0072694476310113,11.575161053939942,20.76550463696188
pico-decoder-small,pico-lm/pico-decoder-small@be2865b50166a683e659f4a1f99e058c77288911,5000,4,0.3602709403575486,0.0730347882631625,0.0098531962465824,11.64240859814842,21.989997857135204
pico-decoder-small,pico-lm/pico-decoder-small@be2865b50166a683e659f4a1f99e058c77288911,5000,5,0.2802630249385839,0.1071011211838106,0.0221372746613859,12.72679905073831,29.65969958827944
pico-decoder-small,pico-lm/pico-decoder-small@be2865b50166a683e659f4a1f99e058c77288911,5000,6,0.2467698823125202,0.1370844999373397,0.0361188870340615,13.621156018145694,39.26914827724514
pico-decoder-small,pico-lm/pico-decoder-small@be2865b50166a683e659f4a1f99e058c77288911,5000,7,0.1262969373679558,0.2110119457341407,0.0820283922876309,18.70399596902363,60.81780152437612
pico-decoder-small,pico-lm/pico-decoder-small@be2865b50166a683e659f4a1f99e058c77288911,5000,8,0.0977545387222757,0.2294508898526874,0.0950383246937024,24.035875388559138,76.14495787912023
pico-decoder-small,pico-lm/pico-decoder-small@be2865b50166a683e659f4a1f99e058c77288911,5000,9,0.0922469802875885,0.2266919277738951,0.0907992526900002,29.18297309021527,77.38739799425952
pico-decoder-small,pico-lm/pico-decoder-small@be2865b50166a683e659f4a1f99e058c77288911,5000,10,0.114182904029706,0.1830071826247015,0.061227849082472,32.53316707365198,80.35426533519463
pico-decoder-small,pico-lm/pico-decoder-small@be2865b50166a683e659f4a1f99e058c77288911,5000,11,0.093413146282208,0.2257359706575039,0.102792382175633,52.32479900885865,106.27096646690396
pico-decoder-small,pico-lm/pico-decoder-small@496ea4785860af671e895085f1bcdc3bff2f9d97,6000,0,0.4519831313221563,0.0448068977544746,0.0034247755280493,10.83931946098884,16.2003125750049
pico-decoder-small,pico-lm/pico-decoder-small@496ea4785860af671e895085f1bcdc3bff2f9d97,6000,1,0.4328366553177514,0.0506967205259476,0.0043363130486741,11.28080330083693,17.804638566661087
pico-decoder-small,pico-lm/pico-decoder-small@496ea4785860af671e895085f1bcdc3bff2f9d97,6000,2,0.4111346138138973,0.0543842380855642,0.0051597904508243,11.44429704167998,19.135041312656565
pico-decoder-small,pico-lm/pico-decoder-small@496ea4785860af671e895085f1bcdc3bff2f9d97,6000,3,0.3882157538790754,0.064728768284932,0.0075119723183615,11.857832228856786,21.331570748488684
pico-decoder-small,pico-lm/pico-decoder-small@496ea4785860af671e895085f1bcdc3bff2f9d97,6000,4,0.3510438783461415,0.0777639804762073,0.0109813987602372,11.98620381586108,23.81867750729409
pico-decoder-small,pico-lm/pico-decoder-small@496ea4785860af671e895085f1bcdc3bff2f9d97,6000,5,0.2716978184094201,0.1111239340006653,0.0240550893944706,13.266836593877594,31.08487426198256
pico-decoder-small,pico-lm/pico-decoder-small@496ea4785860af671e895085f1bcdc3bff2f9d97,6000,6,0.2314581003160421,0.1496078990806513,0.042785281179431,14.422648271788113,36.97079385710591
pico-decoder-small,pico-lm/pico-decoder-small@496ea4785860af671e895085f1bcdc3bff2f9d97,6000,7,0.1182821007712609,0.2287986880245648,0.094059348901243,20.506675761525543,59.53040219520784
pico-decoder-small,pico-lm/pico-decoder-small@496ea4785860af671e895085f1bcdc3bff2f9d97,6000,8,0.0838878185909063,0.2542014286055682,0.1093104476569671,27.44734808646957,77.33617887657459
pico-decoder-small,pico-lm/pico-decoder-small@496ea4785860af671e895085f1bcdc3bff2f9d97,6000,9,0.0781386366038403,0.2688199427839444,0.1199726687106723,34.88133315396588,85.82750112212479
pico-decoder-small,pico-lm/pico-decoder-small@496ea4785860af671e895085f1bcdc3bff2f9d97,6000,10,0.100605470169588,0.2137429190225141,0.0819712113653127,36.5642984240943,82.46325841224206
pico-decoder-small,pico-lm/pico-decoder-small@496ea4785860af671e895085f1bcdc3bff2f9d97,6000,11,0.0810936239668327,0.2703408570005929,0.1480906526427832,61.79646867266668,106.90223580818272
pico-decoder-small,pico-lm/pico-decoder-small@c5bddf28e9cfbede4fe480513c4a3487279f7d47,7000,0,0.4524220934455066,0.0452458229723669,0.0034666498098245,10.862720301444364,15.751961794359202
pico-decoder-small,pico-lm/pico-decoder-small@c5bddf28e9cfbede4fe480513c4a3487279f7d47,7000,1,0.4318175434205951,0.0511677861102174,0.0044438731575222,11.363121892491852,17.34939319304948
pico-decoder-small,pico-lm/pico-decoder-small@c5bddf28e9cfbede4fe480513c4a3487279f7d47,7000,2,0.4075174558982115,0.0533193594373959,0.0050343107328669,11.576827031070357,19.088037783249195
pico-decoder-small,pico-lm/pico-decoder-small@c5bddf28e9cfbede4fe480513c4a3487279f7d47,7000,3,0.3861629695139505,0.0637318600336812,0.0074877266325389,12.062677416946512,21.761461318731765
pico-decoder-small,pico-lm/pico-decoder-small@c5bddf28e9cfbede4fe480513c4a3487279f7d47,7000,4,0.3476270170695647,0.0787842946129599,0.011385782454861,12.25219156990385,23.57414555764816
pico-decoder-small,pico-lm/pico-decoder-small@c5bddf28e9cfbede4fe480513c4a3487279f7d47,7000,5,0.2762560243542764,0.1084493658114912,0.0220797918160625,13.375855790355502,30.82783462237046
pico-decoder-small,pico-lm/pico-decoder-small@c5bddf28e9cfbede4fe480513c4a3487279f7d47,7000,6,0.2210054968423808,0.1500924219745093,0.0433512046374251,14.83250852493583,36.90002649319817
pico-decoder-small,pico-lm/pico-decoder-small@c5bddf28e9cfbede4fe480513c4a3487279f7d47,7000,7,0.0977541609282536,0.2396722375897499,0.0998901156437254,22.18392416537214,67.77137387401257
pico-decoder-small,pico-lm/pico-decoder-small@c5bddf28e9cfbede4fe480513c4a3487279f7d47,7000,8,0.0538706537494349,0.2884735325322552,0.1356548862628982,32.005210349172856,98.5490480848783
pico-decoder-small,pico-lm/pico-decoder-small@c5bddf28e9cfbede4fe480513c4a3487279f7d47,7000,9,0.044569404290475,0.3168410075773676,0.1575623758743113,42.88825769764283,110.3229143336156
pico-decoder-small,pico-lm/pico-decoder-small@c5bddf28e9cfbede4fe480513c4a3487279f7d47,7000,10,0.0636393031361888,0.246073623490996,0.1042911151025422,40.892685577288745,98.72536401131096
pico-decoder-small,pico-lm/pico-decoder-small@c5bddf28e9cfbede4fe480513c4a3487279f7d47,7000,11,0.0550312549662149,0.3006038509058559,0.1818291904552755,70.55420051676538,115.40590656802664
pico-decoder-small,pico-lm/pico-decoder-small@9fe9969ca88ccf3b71599f85000ce082bf854421,8000,0,0.4514895306710407,0.044918047659658,0.0034119854565919,10.84794467805139,15.559202722296783
pico-decoder-small,pico-lm/pico-decoder-small@9fe9969ca88ccf3b71599f85000ce082bf854421,8000,1,0.4300260827055328,0.0512781004545489,0.0045088077685691,11.377348487900504,17.764768624791373
pico-decoder-small,pico-lm/pico-decoder-small@9fe9969ca88ccf3b71599f85000ce082bf854421,8000,2,0.4045457495764053,0.0538204465445472,0.0053242386118213,11.653461045081862,19.61650248866676
pico-decoder-small,pico-lm/pico-decoder-small@9fe9969ca88ccf3b71599f85000ce082bf854421,8000,3,0.3830996384670199,0.063177240440222,0.0073820285904582,12.151977595696373,21.709931911390736
pico-decoder-small,pico-lm/pico-decoder-small@9fe9969ca88ccf3b71599f85000ce082bf854421,8000,4,0.343511073710056,0.0813785232023992,0.0122364415828868,12.530856509071116,25.18614518861144
pico-decoder-small,pico-lm/pico-decoder-small@9fe9969ca88ccf3b71599f85000ce082bf854421,8000,5,0.2576523716867132,0.1144857152184963,0.0261619320716468,14.017726560025965,33.08294107076906
pico-decoder-small,pico-lm/pico-decoder-small@9fe9969ca88ccf3b71599f85000ce082bf854421,8000,6,0.2094187442474527,0.1483927338160041,0.0424341456101278,15.289341176717867,42.153537469463046
pico-decoder-small,pico-lm/pico-decoder-small@9fe9969ca88ccf3b71599f85000ce082bf854421,8000,7,0.0890906741429623,0.2390399179429362,0.0974325974874412,23.177547642985125,76.87889237990413
pico-decoder-small,pico-lm/pico-decoder-small@9fe9969ca88ccf3b71599f85000ce082bf854421,8000,8,0.0422458561661044,0.2881797678841082,0.1339664080646589,34.31055275031478,118.76704230143952
pico-decoder-small,pico-lm/pico-decoder-small@9fe9969ca88ccf3b71599f85000ce082bf854421,8000,9,0.0311433355303361,0.3182324274940167,0.1573090818166465,47.33967780007972,143.021370155152
pico-decoder-small,pico-lm/pico-decoder-small@9fe9969ca88ccf3b71599f85000ce082bf854421,8000,10,0.0509678068862262,0.248898967959918,0.1065536872779724,43.643497323008766,109.7624237787078
pico-decoder-small,pico-lm/pico-decoder-small@9fe9969ca88ccf3b71599f85000ce082bf854421,8000,11,0.0533393924785206,0.3050346239934846,0.1986165882744118,75.82842684249437,126.22904913718789
pico-decoder-small,pico-lm/pico-decoder-small@8335f55c1bf51378b17a73d527c39899546e2d5b,9000,0,0.4542144379330783,0.0450701866001083,0.0034189559790476,10.843073759108009,16.07417091220962
pico-decoder-small,pico-lm/pico-decoder-small@8335f55c1bf51378b17a73d527c39899546e2d5b,9000,1,0.4313755297587253,0.0521549627045375,0.0046874413793047,11.430890045871015,17.692347247502866
pico-decoder-small,pico-lm/pico-decoder-small@8335f55c1bf51378b17a73d527c39899546e2d5b,9000,2,0.4055736865603828,0.0560051121835862,0.005599836089525,11.760168065925638,20.072192652894277
pico-decoder-small,pico-lm/pico-decoder-small@8335f55c1bf51378b17a73d527c39899546e2d5b,9000,3,0.388079039108227,0.0643518946077731,0.0074723768751837,12.27834049293256,21.7852745518436
pico-decoder-small,pico-lm/pico-decoder-small@8335f55c1bf51378b17a73d527c39899546e2d5b,9000,4,0.3467181586921986,0.0791853675412173,0.012069211117823,12.758627870822492,23.970309223056315
pico-decoder-small,pico-lm/pico-decoder-small@8335f55c1bf51378b17a73d527c39899546e2d5b,9000,5,0.268323146677175,0.1081082911762219,0.0238124948688779,14.26946959385017,31.24460124033498
pico-decoder-small,pico-lm/pico-decoder-small@8335f55c1bf51378b17a73d527c39899546e2d5b,9000,6,0.2197873318576526,0.1448580780713782,0.0424040991340742,15.72628103526243,38.19549603571415
pico-decoder-small,pico-lm/pico-decoder-small@8335f55c1bf51378b17a73d527c39899546e2d5b,9000,7,0.083475381016318,0.2393183396969986,0.0966237393220838,24.708253257813634,78.93855072816892
pico-decoder-small,pico-lm/pico-decoder-small@8335f55c1bf51378b17a73d527c39899546e2d5b,9000,8,0.0381596584301528,0.3003211631612204,0.1437028064949711,37.50787689233041,123.03830236687674
pico-decoder-small,pico-lm/pico-decoder-small@8335f55c1bf51378b17a73d527c39899546e2d5b,9000,9,0.0274260129616413,0.3358641177515442,0.1708885640519165,53.07876269209365,147.20765570688505
pico-decoder-small,pico-lm/pico-decoder-small@8335f55c1bf51378b17a73d527c39899546e2d5b,9000,10,0.0535374406869239,0.260360922772305,0.1156483665462475,46.53838147559626,113.80419419882746
pico-decoder-small,pico-lm/pico-decoder-small@8335f55c1bf51378b17a73d527c39899546e2d5b,9000,11,0.0606059577734432,0.3316506565176415,0.2337249942279728,86.36134629056086,121.10014944893172
pico-decoder-small,pico-lm/pico-decoder-small@8ce4e4fa15c0cec038fcb9f29d30cc50bac60a3d,10000,0,0.4529460503308755,0.0453125501146579,0.0035238632624103,10.843570599056031,15.61378856566695
pico-decoder-small,pico-lm/pico-decoder-small@8ce4e4fa15c0cec038fcb9f29d30cc50bac60a3d,10000,1,0.4312398687374333,0.0520912841911993,0.0047121452559756,11.47446055592769,17.063472939072376
pico-decoder-small,pico-lm/pico-decoder-small@8ce4e4fa15c0cec038fcb9f29d30cc50bac60a3d,10000,2,0.4035354874960579,0.0559095191388766,0.005704590634773,11.921325389192075,18.985832101212853
pico-decoder-small,pico-lm/pico-decoder-small@8ce4e4fa15c0cec038fcb9f29d30cc50bac60a3d,10000,3,0.3782891509318847,0.0665134341131474,0.0084126984608662,12.5798080630392,21.111459549586684
pico-decoder-small,pico-lm/pico-decoder-small@8ce4e4fa15c0cec038fcb9f29d30cc50bac60a3d,10000,4,0.3381072883087738,0.0852443777381029,0.0143748895768174,13.153988324090236,23.85061649772133
pico-decoder-small,pico-lm/pico-decoder-small@8ce4e4fa15c0cec038fcb9f29d30cc50bac60a3d,10000,5,0.2559415003700244,0.1213799453594074,0.0301312854673987,14.90799859535658,35.148793377745164
pico-decoder-small,pico-lm/pico-decoder-small@8ce4e4fa15c0cec038fcb9f29d30cc50bac60a3d,10000,6,0.2042632791192692,0.152570074565203,0.0480180939548477,16.424519813954237,42.932899086409385
pico-decoder-small,pico-lm/pico-decoder-small@8ce4e4fa15c0cec038fcb9f29d30cc50bac60a3d,10000,7,0.0649924907548341,0.2546629188856545,0.1090789455438022,26.649650272050263,85.59488213902134
pico-decoder-small,pico-lm/pico-decoder-small@8ce4e4fa15c0cec038fcb9f29d30cc50bac60a3d,10000,8,0.0294595942689903,0.3140121739325563,0.1583862260785607,40.80458452815464,145.76599760427197
pico-decoder-small,pico-lm/pico-decoder-small@8ce4e4fa15c0cec038fcb9f29d30cc50bac60a3d,10000,9,0.0205212723685772,0.3547213419369757,0.1923329269981382,58.39349491771623,171.59170647551304
pico-decoder-small,pico-lm/pico-decoder-small@8ce4e4fa15c0cec038fcb9f29d30cc50bac60a3d,10000,10,0.0449869915706803,0.2684566476143835,0.1248875105341012,49.03038776300247,106.81366362819814
pico-decoder-small,pico-lm/pico-decoder-small@8ce4e4fa15c0cec038fcb9f29d30cc50bac60a3d,10000,11,0.056464928941089,0.3334046321437149,0.2472699232925393,89.03119481025402,112.8886425861075
pico-decoder-small,pico-lm/pico-decoder-small@3261da23d1d8811f9a32b69d6d6b9a17ca82fcd0,11000,0,0.4534830322798028,0.0453158734265228,0.003524917256958,10.852346245558495,15.578818508963934
pico-decoder-small,pico-lm/pico-decoder-small@3261da23d1d8811f9a32b69d6d6b9a17ca82fcd0,11000,1,0.4317980557129059,0.0534665427855713,0.0049782060997731,11.556449513217204,16.879992115299398
pico-decoder-small,pico-lm/pico-decoder-small@3261da23d1d8811f9a32b69d6d6b9a17ca82fcd0,11000,2,0.4052401832461832,0.0576884042819737,0.0061127246292517,12.022195006523605,18.927490272696986
pico-decoder-small,pico-lm/pico-decoder-small@3261da23d1d8811f9a32b69d6d6b9a17ca82fcd0,11000,3,0.3852231378497954,0.0663626858950177,0.008705650485125,12.649578102160444,21.50244212687671
pico-decoder-small,pico-lm/pico-decoder-small@3261da23d1d8811f9a32b69d6d6b9a17ca82fcd0,11000,4,0.3381291651659398,0.082696323275897,0.0137131692792629,13.29446938532508,25.50580516397916
pico-decoder-small,pico-lm/pico-decoder-small@3261da23d1d8811f9a32b69d6d6b9a17ca82fcd0,11000,5,0.2476007089977217,0.1164030304866504,0.0281611167278959,15.115024087948363,35.93857587949671
pico-decoder-small,pico-lm/pico-decoder-small@3261da23d1d8811f9a32b69d6d6b9a17ca82fcd0,11000,6,0.2074248275439892,0.1518512637715052,0.0478363605460892,16.844451435101963,41.27138114586724
pico-decoder-small,pico-lm/pico-decoder-small@3261da23d1d8811f9a32b69d6d6b9a17ca82fcd0,11000,7,0.0723238133059351,0.2586446985468796,0.1144223167015527,27.602529923202304,77.5295284446636
pico-decoder-small,pico-lm/pico-decoder-small@3261da23d1d8811f9a32b69d6d6b9a17ca82fcd0,11000,8,0.0306579605745389,0.324853597115082,0.165193351913686,43.76207618259996,133.8077112569512
pico-decoder-small,pico-lm/pico-decoder-small@3261da23d1d8811f9a32b69d6d6b9a17ca82fcd0,11000,9,0.0214324630284398,0.3659197944775651,0.2000529719680632,62.98118333860271,160.56429444191917
pico-decoder-small,pico-lm/pico-decoder-small@3261da23d1d8811f9a32b69d6d6b9a17ca82fcd0,11000,10,0.0454882701486157,0.283767605730842,0.1337590826301386,52.43467395474669,104.54807758902376
pico-decoder-small,pico-lm/pico-decoder-small@3261da23d1d8811f9a32b69d6d6b9a17ca82fcd0,11000,11,0.0548112905816462,0.3375650228395941,0.2650866992770935,96.36941366515902,111.23690209393403
pico-decoder-small,pico-lm/pico-decoder-small@a6a20b8103a7cdacefa2bb78dee23c516ad6e78e,12000,0,0.4527412531719696,0.0463322455202435,0.0036832454616289,10.865509295098784,15.871931424379271
pico-decoder-small,pico-lm/pico-decoder-small@a6a20b8103a7cdacefa2bb78dee23c516ad6e78e,12000,1,0.4273808304447924,0.0546420036458279,0.0053359187125773,11.639979979893775,17.637487778138457
pico-decoder-small,pico-lm/pico-decoder-small@a6a20b8103a7cdacefa2bb78dee23c516ad6e78e,12000,2,0.4022503717463504,0.0592191820093295,0.006527077098999,12.148435299946213,19.73839759386541
pico-decoder-small,pico-lm/pico-decoder-small@a6a20b8103a7cdacefa2bb78dee23c516ad6e78e,12000,3,0.3841999183761142,0.0679961952342632,0.0093654279351793,12.854509341908107,22.249021867953054
pico-decoder-small,pico-lm/pico-decoder-small@a6a20b8103a7cdacefa2bb78dee23c516ad6e78e,12000,4,0.3393005582680651,0.0872445672807839,0.0154775404877789,13.562904613218835,26.42361714989303
pico-decoder-small,pico-lm/pico-decoder-small@a6a20b8103a7cdacefa2bb78dee23c516ad6e78e,12000,5,0.2443120159280877,0.1188428888737058,0.0285041253612484,15.366628485303476,34.988727528735446
pico-decoder-small,pico-lm/pico-decoder-small@a6a20b8103a7cdacefa2bb78dee23c516ad6e78e,12000,6,0.19560765462566,0.1471615799173409,0.0452486186244435,17.34128403566586,41.94987466474731
pico-decoder-small,pico-lm/pico-decoder-small@a6a20b8103a7cdacefa2bb78dee23c516ad6e78e,12000,7,0.0637809427042815,0.2555716164802568,0.1084278555244041,28.52792034031268,82.95957618027357
pico-decoder-small,pico-lm/pico-decoder-small@a6a20b8103a7cdacefa2bb78dee23c516ad6e78e,12000,8,0.0270093987862989,0.3227687752447665,0.1647804076810602,46.74883216695682,135.92011417702471
pico-decoder-small,pico-lm/pico-decoder-small@a6a20b8103a7cdacefa2bb78dee23c516ad6e78e,12000,9,0.0191218852428305,0.3694819591302706,0.2027973266938969,69.73042759194465,177.78713515274677
pico-decoder-small,pico-lm/pico-decoder-small@a6a20b8103a7cdacefa2bb78dee23c516ad6e78e,12000,10,0.0415240135881213,0.2888974907655546,0.1350331603374057,56.15442190871479,123.37822436948136
pico-decoder-small,pico-lm/pico-decoder-small@a6a20b8103a7cdacefa2bb78dee23c516ad6e78e,12000,11,0.0513928056572252,0.3478934167715989,0.2806121624744926,103.10075707613512,129.41625097070235
pico-decoder-small,pico-lm/pico-decoder-small@c2395fd6ba7da947893c62b8169b47a83345153b,13000,0,0.4508928707785111,0.046753328153291,0.003788039636463,10.906288750339543,15.469505505346328
pico-decoder-small,pico-lm/pico-decoder-small@c2395fd6ba7da947893c62b8169b47a83345153b,13000,1,0.4328764836919102,0.0544646348049277,0.0053231792466678,11.63228198988974,16.57545543889143
pico-decoder-small,pico-lm/pico-decoder-small@c2395fd6ba7da947893c62b8169b47a83345153b,13000,2,0.4090947287876695,0.057959068808078,0.0063921759795203,12.16458597970432,19.66755066296478
pico-decoder-small,pico-lm/pico-decoder-small@c2395fd6ba7da947893c62b8169b47a83345153b,13000,3,0.3880244288904025,0.0680636950717189,0.0093154192885379,12.948312801212635,22.136105204838927
pico-decoder-small,pico-lm/pico-decoder-small@c2395fd6ba7da947893c62b8169b47a83345153b,13000,4,0.3404262816181411,0.0905509447922547,0.0167430051301955,13.78924285834394,26.305090294026098
pico-decoder-small,pico-lm/pico-decoder-small@c2395fd6ba7da947893c62b8169b47a83345153b,13000,5,0.2459415135224645,0.1199283167705151,0.0290816444771319,15.675440836486718,36.449718505114376
pico-decoder-small,pico-lm/pico-decoder-small@c2395fd6ba7da947893c62b8169b47a83345153b,13000,6,0.197297451227644,0.1437584915808568,0.0455681307956682,17.518576872680324,43.15393782570528
pico-decoder-small,pico-lm/pico-decoder-small@c2395fd6ba7da947893c62b8169b47a83345153b,13000,7,0.066004401111817,0.247345257244537,0.1062910853537744,28.419945733820853,82.2453540129985
pico-decoder-small,pico-lm/pico-decoder-small@c2395fd6ba7da947893c62b8169b47a83345153b,13000,8,0.0320327890643691,0.3199907411483183,0.1668515199039254,45.36408124495916,127.54317462587083
pico-decoder-small,pico-lm/pico-decoder-small@c2395fd6ba7da947893c62b8169b47a83345153b,13000,9,0.021810694746853,0.3663011660533822,0.2067814252984921,68.44161489974755,159.87830275031217
pico-decoder-small,pico-lm/pico-decoder-small@c2395fd6ba7da947893c62b8169b47a83345153b,13000,10,0.0484083462328693,0.2763254232938864,0.1314144691948502,56.80598171155423,110.18820360921856
pico-decoder-small,pico-lm/pico-decoder-small@c2395fd6ba7da947893c62b8169b47a83345153b,13000,11,0.0591876892131688,0.3379737410784872,0.2850410771964862,107.32083081275022,121.33685865742044
pico-decoder-small,pico-lm/pico-decoder-small@6dc7fa92550aabc62d659674176bda49750efe64,14000,0,0.4536533208061621,0.0472090234273596,0.0038336168686788,10.89864488180402,15.389267207539866
pico-decoder-small,pico-lm/pico-decoder-small@6dc7fa92550aabc62d659674176bda49750efe64,14000,1,0.4318757633129971,0.0559339263742546,0.0057224581985297,11.71605984256095,16.712951613357298
pico-decoder-small,pico-lm/pico-decoder-small@6dc7fa92550aabc62d659674176bda49750efe64,14000,2,0.407552506269818,0.0601078200972885,0.0071086893982309,12.28284877419576,19.050997256339663
pico-decoder-small,pico-lm/pico-decoder-small@6dc7fa92550aabc62d659674176bda49750efe64,14000,3,0.38407459758889,0.0712256235929113,0.0104127243475094,13.072194500424295,21.93616643003163
pico-decoder-small,pico-lm/pico-decoder-small@6dc7fa92550aabc62d659674176bda49750efe64,14000,4,0.3346181968129558,0.0922220335834668,0.0174052185124147,13.926191531799873,25.80912097720063
pico-decoder-small,pico-lm/pico-decoder-small@6dc7fa92550aabc62d659674176bda49750efe64,14000,5,0.2568036384543625,0.116862622578964,0.0284095364237868,15.860765287073797,33.20312890805612
pico-decoder-small,pico-lm/pico-decoder-small@6dc7fa92550aabc62d659674176bda49750efe64,14000,6,0.1941724662834528,0.1543542431266034,0.0512876465790898,18.1046041436326,40.58728748355795
pico-decoder-small,pico-lm/pico-decoder-small@6dc7fa92550aabc62d659674176bda49750efe64,14000,7,0.0510945439238472,0.2638590624451026,0.1159481250279709,30.78374232137999,91.6885016915674
pico-decoder-small,pico-lm/pico-decoder-small@6dc7fa92550aabc62d659674176bda49750efe64,14000,8,0.0245257469399372,0.3270374839862677,0.1724077841745173,50.247067575796784,143.61894078893343
pico-decoder-small,pico-lm/pico-decoder-small@6dc7fa92550aabc62d659674176bda49750efe64,14000,9,0.0173906066950941,0.3738680667771214,0.2162608690120968,74.97388384427069,176.53753855340685
pico-decoder-small,pico-lm/pico-decoder-small@6dc7fa92550aabc62d659674176bda49750efe64,14000,10,0.040022701447915,0.288821578551627,0.1439086284822885,59.736779126110285,126.67996141142989
pico-decoder-small,pico-lm/pico-decoder-small@6dc7fa92550aabc62d659674176bda49750efe64,14000,11,0.0532672031575539,0.3436146633002698,0.2938647885072988,110.36968277711628,130.32551701995703
pico-decoder-small,pico-lm/pico-decoder-small@d1c60a45e64f88520c2cd94890471321a15410bf,15000,0,0.4538288872537235,0.0474037580119081,0.0038660612888159,10.89832268550984,15.621484237806438
pico-decoder-small,pico-lm/pico-decoder-small@d1c60a45e64f88520c2cd94890471321a15410bf,15000,1,0.4312920990089653,0.0556149448247628,0.005443236219389,11.694398964038829,16.56114013586154
pico-decoder-small,pico-lm/pico-decoder-small@d1c60a45e64f88520c2cd94890471321a15410bf,15000,2,0.4092884311074862,0.0587669646447935,0.0066908914886881,12.2916115923321,19.643046417254187
pico-decoder-small,pico-lm/pico-decoder-small@d1c60a45e64f88520c2cd94890471321a15410bf,15000,3,0.3833943509799757,0.071811159683041,0.010301326209796,13.172974470244917,21.967001392449617
pico-decoder-small,pico-lm/pico-decoder-small@d1c60a45e64f88520c2cd94890471321a15410bf,15000,4,0.3290294186711064,0.0905203574469644,0.017113020006401,14.119585477215091,26.36091521569132
pico-decoder-small,pico-lm/pico-decoder-small@d1c60a45e64f88520c2cd94890471321a15410bf,15000,5,0.2374958857193476,0.1161365589918652,0.0302496406340766,16.151384994112053,34.932002367977454
pico-decoder-small,pico-lm/pico-decoder-small@d1c60a45e64f88520c2cd94890471321a15410bf,15000,6,0.1928198944772501,0.1542824145335629,0.0538129322252224,18.601442935966396,42.62889177781226
pico-decoder-small,pico-lm/pico-decoder-small@d1c60a45e64f88520c2cd94890471321a15410bf,15000,7,0.0577786954360748,0.266245427936189,0.1216823755963527,31.38632553160753,90.37248929563609
pico-decoder-small,pico-lm/pico-decoder-small@d1c60a45e64f88520c2cd94890471321a15410bf,15000,8,0.0240554028244109,0.3436591864072734,0.185947052461953,53.936887674648574,147.59146243618136
pico-decoder-small,pico-lm/pico-decoder-small@d1c60a45e64f88520c2cd94890471321a15410bf,15000,9,0.0163358372737095,0.387441101578224,0.2271452671270947,82.24184779024608,190.03122823277496
pico-decoder-small,pico-lm/pico-decoder-small@d1c60a45e64f88520c2cd94890471321a15410bf,15000,10,0.0376391911203237,0.2967220305737068,0.1483582563286898,63.22077057462861,132.22965853596688
pico-decoder-small,pico-lm/pico-decoder-small@d1c60a45e64f88520c2cd94890471321a15410bf,15000,11,0.0476355874565327,0.354224251339207,0.3254129562573571,119.83403535009708,139.68046523704936
pico-decoder-small,pico-lm/pico-decoder-small@cbb63c23390c0d43e0d6dfaa0c69aed19778fa74,16000,0,0.4532929688566088,0.0482575598378126,0.0040414747994374,10.91143305563308,15.392805134991706
pico-decoder-small,pico-lm/pico-decoder-small@cbb63c23390c0d43e0d6dfaa0c69aed19778fa74,16000,1,0.4315300912051895,0.0574441238001911,0.0060041812722779,11.771489202817794,16.720352182823692
pico-decoder-small,pico-lm/pico-decoder-small@cbb63c23390c0d43e0d6dfaa0c69aed19778fa74,16000,2,0.4083198345571127,0.0606169030719342,0.0072919603100999,12.37413949400618,19.718560717054917
pico-decoder-small,pico-lm/pico-decoder-small@cbb63c23390c0d43e0d6dfaa0c69aed19778fa74,16000,3,0.3800063824631683,0.0721812286304883,0.0107011109093205,13.295501247997096,21.67908003951764
pico-decoder-small,pico-lm/pico-decoder-small@cbb63c23390c0d43e0d6dfaa0c69aed19778fa74,16000,4,0.327272082784403,0.0894320758624944,0.0171253362992103,14.338345160305344,26.11049293877048
pico-decoder-small,pico-lm/pico-decoder-small@cbb63c23390c0d43e0d6dfaa0c69aed19778fa74,16000,5,0.2388748279087547,0.1177322098318516,0.0294797313794154,16.56969639680233,35.14116211180939
pico-decoder-small,pico-lm/pico-decoder-small@cbb63c23390c0d43e0d6dfaa0c69aed19778fa74,16000,6,0.1841951452380924,0.1586666658124283,0.0551411404825503,19.19504863983248,43.20737315310191
pico-decoder-small,pico-lm/pico-decoder-small@cbb63c23390c0d43e0d6dfaa0c69aed19778fa74,16000,7,0.0483928615944052,0.2766678134409586,0.1301889703484534,33.81423738951972,92.51871674261898
pico-decoder-small,pico-lm/pico-decoder-small@cbb63c23390c0d43e0d6dfaa0c69aed19778fa74,16000,8,0.0215442748501027,0.3511676817289744,0.1921354232083192,56.9118215683143,150.93944981034042
pico-decoder-small,pico-lm/pico-decoder-small@cbb63c23390c0d43e0d6dfaa0c69aed19778fa74,16000,9,0.0155226649153781,0.3931985412913373,0.2333397385109873,83.67125134700358,201.00798085383076
pico-decoder-small,pico-lm/pico-decoder-small@cbb63c23390c0d43e0d6dfaa0c69aed19778fa74,16000,10,0.0350727695561057,0.3002448337764522,0.1547349228007932,65.26757068187601,135.61366885120603
pico-decoder-small,pico-lm/pico-decoder-small@cbb63c23390c0d43e0d6dfaa0c69aed19778fa74,16000,11,0.0484020229314738,0.3582599641473594,0.3327179087020186,126.69503233041354,134.35855904411233
pico-decoder-small,pico-lm/pico-decoder-small@a4f386c7a4155bfab638b897e60bc656a82e6a4f,17000,0,0.4538376044746827,0.0477072585728914,0.0039905755255205,10.89216690327754,15.341838772095938
pico-decoder-small,pico-lm/pico-decoder-small@a4f386c7a4155bfab638b897e60bc656a82e6a4f,17000,1,0.4293995097577216,0.0571756873753101,0.0062794540230444,11.78931498947931,16.8184748671005
pico-decoder-small,pico-lm/pico-decoder-small@a4f386c7a4155bfab638b897e60bc656a82e6a4f,17000,2,0.4091774294187049,0.0617006491977803,0.0084580991815737,12.447061391590506,19.16804815174463
pico-decoder-small,pico-lm/pico-decoder-small@a4f386c7a4155bfab638b897e60bc656a82e6a4f,17000,3,0.3792404261187271,0.0752844954430577,0.0129560323234094,13.459647869201229,20.54604403398308
pico-decoder-small,pico-lm/pico-decoder-small@a4f386c7a4155bfab638b897e60bc656a82e6a4f,17000,4,0.3273966785402128,0.0895343158917989,0.0190045934661268,14.478494788849575,26.032325102559977
pico-decoder-small,pico-lm/pico-decoder-small@a4f386c7a4155bfab638b897e60bc656a82e6a4f,17000,5,0.2441266295327786,0.1155763118182603,0.0280139426417892,16.63854493470472,33.377666166490656
pico-decoder-small,pico-lm/pico-decoder-small@a4f386c7a4155bfab638b897e60bc656a82e6a4f,17000,6,0.190589767587419,0.1567510629295922,0.057260333280873,19.268769564458022,39.59922685890053
pico-decoder-small,pico-lm/pico-decoder-small@a4f386c7a4155bfab638b897e60bc656a82e6a4f,17000,7,0.0511928757745327,0.2660629029290369,0.1216193889793151,33.265430329004225,99.62828339440084
pico-decoder-small,pico-lm/pico-decoder-small@a4f386c7a4155bfab638b897e60bc656a82e6a4f,17000,8,0.0206841869436071,0.3488635660284605,0.1947750871058197,58.96585207197831,158.0689665863454
pico-decoder-small,pico-lm/pico-decoder-small@a4f386c7a4155bfab638b897e60bc656a82e6a4f,17000,9,0.0148567998876936,0.3938726764174323,0.2401630832531033,87.82491644279,205.2148509324534
pico-decoder-small,pico-lm/pico-decoder-small@a4f386c7a4155bfab638b897e60bc656a82e6a4f,17000,10,0.0350466822349756,0.296146733672119,0.1543646834041071,66.63296307982161,130.21582709836824
pico-decoder-small,pico-lm/pico-decoder-small@a4f386c7a4155bfab638b897e60bc656a82e6a4f,17000,11,0.0387829327981981,0.3486996362215739,0.3234014080076401,123.66725712530102,137.06876985146766
pico-decoder-small,pico-lm/pico-decoder-small@9b68d0ee8ceef680cc668de7d4560f7d8d311e42,18000,0,0.4544379273254021,0.0476496701299272,0.0039980441288094,10.870137960586993,15.331173963872114
pico-decoder-small,pico-lm/pico-decoder-small@9b68d0ee8ceef680cc668de7d4560f7d8d311e42,18000,1,0.4316027290374057,0.057393306093562,0.0062597923693428,11.784911151858688,16.91618383358192
pico-decoder-small,pico-lm/pico-decoder-small@9b68d0ee8ceef680cc668de7d4560f7d8d311e42,18000,2,0.4082196384972457,0.0633581291397287,0.0089019340143399,12.50371155252711,19.864915567713037
pico-decoder-small,pico-lm/pico-decoder-small@9b68d0ee8ceef680cc668de7d4560f7d8d311e42,18000,3,0.3818247629418925,0.0753213313019027,0.0130026332513178,13.553504780483449,21.275792004478177
pico-decoder-small,pico-lm/pico-decoder-small@9b68d0ee8ceef680cc668de7d4560f7d8d311e42,18000,4,0.3248046789050491,0.0938434897392198,0.0204018839018941,14.642661754351453,26.777367675055405
pico-decoder-small,pico-lm/pico-decoder-small@9b68d0ee8ceef680cc668de7d4560f7d8d311e42,18000,5,0.2346422693470508,0.122149776345964,0.0323786826050012,16.904826282818885,34.589969487319095
pico-decoder-small,pico-lm/pico-decoder-small@9b68d0ee8ceef680cc668de7d4560f7d8d311e42,18000,6,0.1746117825000137,0.1606010670189004,0.0610042715566552,19.86760940789,42.95079745366438
pico-decoder-small,pico-lm/pico-decoder-small@9b68d0ee8ceef680cc668de7d4560f7d8d311e42,18000,7,0.0514132469058924,0.2681033719650886,0.1265780858146215,33.95280457855799,95.04846069013682
pico-decoder-small,pico-lm/pico-decoder-small@9b68d0ee8ceef680cc668de7d4560f7d8d311e42,18000,8,0.0218389394708302,0.3528826381035948,0.1998104345286216,60.320122885798376,163.16739619247733
pico-decoder-small,pico-lm/pico-decoder-small@9b68d0ee8ceef680cc668de7d4560f7d8d311e42,18000,9,0.0151219097753497,0.3957528035366493,0.2459050919643876,90.2237282372523,199.6023655625409
pico-decoder-small,pico-lm/pico-decoder-small@9b68d0ee8ceef680cc668de7d4560f7d8d311e42,18000,10,0.0340296878299322,0.3001885855875099,0.1574332000048152,69.45119289137331,125.00303969956562
pico-decoder-small,pico-lm/pico-decoder-small@9b68d0ee8ceef680cc668de7d4560f7d8d311e42,18000,11,0.0399142014301704,0.3507479872677994,0.3422990714764233,129.27072583852762,123.85703223453848
pico-decoder-small,pico-lm/pico-decoder-small@a161849d9bc2ecbb0bc6095f0fe9fa54a03b14ce,19000,0,0.4535079727656148,0.0496531443542614,0.0043604824516721,10.885691103011649,15.663853435813492
pico-decoder-small,pico-lm/pico-decoder-small@a161849d9bc2ecbb0bc6095f0fe9fa54a03b14ce,19000,1,0.4296607733519231,0.0607132025292799,0.0071773079997501,11.837021781506822,16.83839209126785
pico-decoder-small,pico-lm/pico-decoder-small@a161849d9bc2ecbb0bc6095f0fe9fa54a03b14ce,19000,2,0.4059818561352064,0.0661580615672498,0.0098671794407996,12.57136416197769,19.92428754633193
pico-decoder-small,pico-lm/pico-decoder-small@a161849d9bc2ecbb0bc6095f0fe9fa54a03b14ce,19000,3,0.3774911492935606,0.0810986106939585,0.0147990775672789,13.678285614453555,22.21460259450353
pico-decoder-small,pico-lm/pico-decoder-small@a161849d9bc2ecbb0bc6095f0fe9fa54a03b14ce,19000,4,0.32565768024329,0.0965359963992729,0.0215719927474951,14.78443907411431,26.176062135592883
pico-decoder-small,pico-lm/pico-decoder-small@a161849d9bc2ecbb0bc6095f0fe9fa54a03b14ce,19000,5,0.2407325241427484,0.1231680418961357,0.0337014570112649,17.119648759576474,35.84878856454551
pico-decoder-small,pico-lm/pico-decoder-small@a161849d9bc2ecbb0bc6095f0fe9fa54a03b14ce,19000,6,0.1822020206088029,0.163507898166221,0.0625268706715514,20.37021810991929,42.78435025231191
pico-decoder-small,pico-lm/pico-decoder-small@a161849d9bc2ecbb0bc6095f0fe9fa54a03b14ce,19000,7,0.0564855599258149,0.2613487272161127,0.1232048965194402,34.02570717728018,91.45616890531971
pico-decoder-small,pico-lm/pico-decoder-small@a161849d9bc2ecbb0bc6095f0fe9fa54a03b14ce,19000,8,0.024691213862758,0.34799826441971,0.1991485201569658,62.30068602534843,156.09561023959938
pico-decoder-small,pico-lm/pico-decoder-small@a161849d9bc2ecbb0bc6095f0fe9fa54a03b14ce,19000,9,0.01659940413207,0.3958992900249176,0.246702061808038,93.87976038677016,203.7634075714541
pico-decoder-small,pico-lm/pico-decoder-small@a161849d9bc2ecbb0bc6095f0fe9fa54a03b14ce,19000,10,0.0374575609947105,0.2987791042925704,0.1587716567548726,71.82998863669246,138.8390121297047
pico-decoder-small,pico-lm/pico-decoder-small@a161849d9bc2ecbb0bc6095f0fe9fa54a03b14ce,19000,11,0.0430939687018672,0.3622333640435937,0.3604128598380522,140.66726292367477,146.07064927691732
pico-decoder-small,pico-lm/pico-decoder-small@082423f29dc36ca1b544cb85c655531783bb8985,20000,0,0.4537555505672865,0.0507526417793817,0.0045324466510162,10.864094953901464,15.427213202595665
pico-decoder-small,pico-lm/pico-decoder-small@082423f29dc36ca1b544cb85c655531783bb8985,20000,1,0.4300050512971065,0.0591405229174369,0.0068155814813093,11.825228044030156,17.132490150757548
pico-decoder-small,pico-lm/pico-decoder-small@082423f29dc36ca1b544cb85c655531783bb8985,20000,2,0.4055530314136562,0.0655359471597735,0.0097759312294415,12.574845538222792,19.691630491279724
pico-decoder-small,pico-lm/pico-decoder-small@082423f29dc36ca1b544cb85c655531783bb8985,20000,3,0.3770650991162041,0.080325181493326,0.0151799053295035,13.69049981105552,22.048948410788697
pico-decoder-small,pico-lm/pico-decoder-small@082423f29dc36ca1b544cb85c655531783bb8985,20000,4,0.3249475147527954,0.0961071293030637,0.0222521050409691,14.880996066620394,26.473192791930344
pico-decoder-small,pico-lm/pico-decoder-small@082423f29dc36ca1b544cb85c655531783bb8985,20000,5,0.2396860349021619,0.1203434095066984,0.034236654800836,17.291138297845084,32.8043254147278
pico-decoder-small,pico-lm/pico-decoder-small@082423f29dc36ca1b544cb85c655531783bb8985,20000,6,0.1789235723430693,0.1644580103859178,0.0659137721584296,20.711958503442755,43.50876651554278
pico-decoder-small,pico-lm/pico-decoder-small@082423f29dc36ca1b544cb85c655531783bb8985,20000,7,0.0462272792694836,0.2666218461764291,0.1256148161836613,35.9302280500812,98.3130793879834
pico-decoder-small,pico-lm/pico-decoder-small@082423f29dc36ca1b544cb85c655531783bb8985,20000,8,0.0183805329016717,0.3578395240859126,0.2094065457249943,66.00696096593742,183.92276818058428
pico-decoder-small,pico-lm/pico-decoder-small@082423f29dc36ca1b544cb85c655531783bb8985,20000,9,0.0129447750829898,0.4059362865544384,0.2579551218281554,100.79590615073126,224.5430170113862
pico-decoder-small,pico-lm/pico-decoder-small@082423f29dc36ca1b544cb85c655531783bb8985,20000,10,0.0299151253860068,0.3060291685378892,0.1682825477449748,74.72174529918078,145.3263048072637
pico-decoder-small,pico-lm/pico-decoder-small@082423f29dc36ca1b544cb85c655531783bb8985,20000,11,0.0395500225844525,0.3567751646272301,0.3613523164317557,140.46302542902166,146.2697139813369
pico-decoder-small,pico-lm/pico-decoder-small@62236c27ddef441fc85ceabb80793b680397d2f4,21000,0,0.4510921884504775,0.0507453953796724,0.0046480863203471,10.880706897888134,15.421496596977384
pico-decoder-small,pico-lm/pico-decoder-small@62236c27ddef441fc85ceabb80793b680397d2f4,21000,1,0.4278744618724581,0.0607673821534411,0.0075175854020354,11.84406782871408,17.5879737750526
pico-decoder-small,pico-lm/pico-decoder-small@62236c27ddef441fc85ceabb80793b680397d2f4,21000,2,0.4054392773245185,0.067519569821426,0.0108649228392703,12.613841084935428,20.41368520795784
pico-decoder-small,pico-lm/pico-decoder-small@62236c27ddef441fc85ceabb80793b680397d2f4,21000,3,0.3746335228516436,0.0805194416775251,0.0162781821685187,13.778145934010697,21.536693488965252
pico-decoder-small,pico-lm/pico-decoder-small@62236c27ddef441fc85ceabb80793b680397d2f4,21000,4,0.3285826224421699,0.0963316579969427,0.0237847537408351,15.000464739426944,24.863386269383938
pico-decoder-small,pico-lm/pico-decoder-small@62236c27ddef441fc85ceabb80793b680397d2f4,21000,5,0.2470276954615237,0.1249766778809056,0.0364400357721372,17.50173883478573,31.57376062982936
pico-decoder-small,pico-lm/pico-decoder-small@62236c27ddef441fc85ceabb80793b680397d2f4,21000,6,0.1805944134357563,0.1681368744620762,0.0700207008783236,21.22271587434794,42.48310587227215
pico-decoder-small,pico-lm/pico-decoder-small@62236c27ddef441fc85ceabb80793b680397d2f4,21000,7,0.0530411494456922,0.25804512067435,0.1202488189563587,35.166350494608814,92.67857364508323
pico-decoder-small,pico-lm/pico-decoder-small@62236c27ddef441fc85ceabb80793b680397d2f4,21000,8,0.0208631636407777,0.3588641417408901,0.2112288530791808,66.85612027091094,158.03454318696257
pico-decoder-small,pico-lm/pico-decoder-small@62236c27ddef441fc85ceabb80793b680397d2f4,21000,9,0.0141658551752864,0.4076863898340233,0.2630581486617546,102.58968611427764,214.5663603625502
pico-decoder-small,pico-lm/pico-decoder-small@62236c27ddef441fc85ceabb80793b680397d2f4,21000,10,0.0317518621816179,0.3056750176331579,0.1760951388066785,78.11064374187262,134.96332553823368
pico-decoder-small,pico-lm/pico-decoder-small@62236c27ddef441fc85ceabb80793b680397d2f4,21000,11,0.0411526424161751,0.3619125437250579,0.366491676245212,149.5721321259875,142.31120255341023
pico-decoder-small,pico-lm/pico-decoder-small@457283267b592ffd80ca1a4ede807a4a5606a7f4,22000,0,0.4492670654380586,0.050987947905665,0.0049285694890279,10.87913787555302,15.842370344816173
pico-decoder-small,pico-lm/pico-decoder-small@457283267b592ffd80ca1a4ede807a4a5606a7f4,22000,1,0.4243709224400866,0.0609551311451014,0.0082178144764702,11.879635856633064,18.36448703486812
pico-decoder-small,pico-lm/pico-decoder-small@457283267b592ffd80ca1a4ede807a4a5606a7f4,22000,2,0.4011093525121664,0.0692556316593585,0.0125177062965299,12.699514621201525,20.2743345582416
pico-decoder-small,pico-lm/pico-decoder-small@457283267b592ffd80ca1a4ede807a4a5606a7f4,22000,3,0.369845743085897,0.0823183194314475,0.0176163172907323,13.840893230888216,21.57105851735795
pico-decoder-small,pico-lm/pico-decoder-small@457283267b592ffd80ca1a4ede807a4a5606a7f4,22000,4,0.3190595215989996,0.0989039460039598,0.0255917005045411,15.173602735477203,25.59768774229896
pico-decoder-small,pico-lm/pico-decoder-small@457283267b592ffd80ca1a4ede807a4a5606a7f4,22000,5,0.2397567097095907,0.1224125012884537,0.0358590029527787,17.624047797557832,33.18808640989254
pico-decoder-small,pico-lm/pico-decoder-small@457283267b592ffd80ca1a4ede807a4a5606a7f4,22000,6,0.1863034397105924,0.1668086630221116,0.0755130294289876,21.4723632969513,43.37254103087846
pico-decoder-small,pico-lm/pico-decoder-small@457283267b592ffd80ca1a4ede807a4a5606a7f4,22000,7,0.0538554061923156,0.2623521581091528,0.124867049834762,36.10722744248253,97.14797228590972
pico-decoder-small,pico-lm/pico-decoder-small@457283267b592ffd80ca1a4ede807a4a5606a7f4,22000,8,0.0223299308203002,0.3562589517872056,0.212118029264738,68.19313641933418,171.15165366110355
pico-decoder-small,pico-lm/pico-decoder-small@457283267b592ffd80ca1a4ede807a4a5606a7f4,22000,9,0.0150424327227817,0.4078492881427278,0.2675966288960039,105.57693856931525,223.5144909793952
pico-decoder-small,pico-lm/pico-decoder-small@457283267b592ffd80ca1a4ede807a4a5606a7f4,22000,10,0.034716418952674,0.3063168160521039,0.1786911990921711,79.25897366509157,146.04575763825284
pico-decoder-small,pico-lm/pico-decoder-small@457283267b592ffd80ca1a4ede807a4a5606a7f4,22000,11,0.0409629857550642,0.3593614080791801,0.37172188506752,152.65971455663848,157.26289883956645
pico-decoder-small,pico-lm/pico-decoder-small@542883f65bdcba033a9c80f753fdd6f6829cb7e7,23000,0,0.4526542798474597,0.0505402701430806,0.0046332659449754,10.816337470465117,15.727405977316687
pico-decoder-small,pico-lm/pico-decoder-small@542883f65bdcba033a9c80f753fdd6f6829cb7e7,23000,1,0.4271308179828237,0.0628473592920183,0.0083539128734207,11.85381474458942,18.209142467684867
pico-decoder-small,pico-lm/pico-decoder-small@542883f65bdcba033a9c80f753fdd6f6829cb7e7,23000,2,0.403826900130241,0.0711431437221844,0.0128253143417106,12.695745435031624,20.941930352972676
pico-decoder-small,pico-lm/pico-decoder-small@542883f65bdcba033a9c80f753fdd6f6829cb7e7,23000,3,0.3738525428549126,0.0824924177089775,0.01796791293686,13.84868721056573,21.84910033980848
pico-decoder-small,pico-lm/pico-decoder-small@542883f65bdcba033a9c80f753fdd6f6829cb7e7,23000,4,0.3235625492164758,0.09950041676267,0.0281095472394249,15.224523314122978,25.273144788296964
pico-decoder-small,pico-lm/pico-decoder-small@542883f65bdcba033a9c80f753fdd6f6829cb7e7,23000,5,0.2353735027769668,0.1209532255449277,0.0394659131205438,17.73818732541442,33.72320281612875
pico-decoder-small,pico-lm/pico-decoder-small@542883f65bdcba033a9c80f753fdd6f6829cb7e7,23000,6,0.1757481662783393,0.1739120585560599,0.0858858474586151,21.99667239190009,43.78991933367355
pico-decoder-small,pico-lm/pico-decoder-small@542883f65bdcba033a9c80f753fdd6f6829cb7e7,23000,7,0.0388900351594633,0.2667086999195781,0.1333489366931119,38.204147164458455,101.26329176517532
pico-decoder-small,pico-lm/pico-decoder-small@542883f65bdcba033a9c80f753fdd6f6829cb7e7,23000,8,0.0138035980871448,0.3765208963568998,0.2293080871547453,79.20667083393276,207.7390501499886
pico-decoder-small,pico-lm/pico-decoder-small@542883f65bdcba033a9c80f753fdd6f6829cb7e7,23000,9,0.0105159604127701,0.4216165695514333,0.2841852331791012,117.90679597891192,265.04344938262227
pico-decoder-small,pico-lm/pico-decoder-small@542883f65bdcba033a9c80f753fdd6f6829cb7e7,23000,10,0.0225376946102364,0.330129349226113,0.1997734992581521,84.55167069449386,158.74803665257895
pico-decoder-small,pico-lm/pico-decoder-small@542883f65bdcba033a9c80f753fdd6f6829cb7e7,23000,11,0.0366393310950593,0.3660078874528867,0.3774766584188537,152.7914098058873,145.24628420842916
pico-decoder-small,pico-lm/pico-decoder-small@bbc3997ae0773f6e0f145401283a22dced84175c,24000,0,0.4507981100855808,0.0525930015858042,0.0053118695358626,10.82160665077243,15.892521172819896
pico-decoder-small,pico-lm/pico-decoder-small@bbc3997ae0773f6e0f145401283a22dced84175c,24000,1,0.4252984993651063,0.0651071279122299,0.0100332998247916,11.890841774335236,18.176381850341013
pico-decoder-small,pico-lm/pico-decoder-small@bbc3997ae0773f6e0f145401283a22dced84175c,24000,2,0.4001120726792484,0.0753600585114737,0.0161055745322278,12.745405184782602,21.64546815329264
pico-decoder-small,pico-lm/pico-decoder-small@bbc3997ae0773f6e0f145401283a22dced84175c,24000,3,0.3652454098251513,0.0877610884920828,0.0216792876122168,13.92896879433158,22.92327070777816
pico-decoder-small,pico-lm/pico-decoder-small@bbc3997ae0773f6e0f145401283a22dced84175c,24000,4,0.3189714668518785,0.1035610037233876,0.0328735358756609,15.327690016490855,25.37455804202721
pico-decoder-small,pico-lm/pico-decoder-small@bbc3997ae0773f6e0f145401283a22dced84175c,24000,5,0.2364542046227312,0.1279816828467845,0.0479214605635784,17.952488105402736,33.982416151969225
pico-decoder-small,pico-lm/pico-decoder-small@bbc3997ae0773f6e0f145401283a22dced84175c,24000,6,0.1699773468107741,0.1842511747065437,0.0970118859397223,22.800921948006348,44.23340916152542
pico-decoder-small,pico-lm/pico-decoder-small@bbc3997ae0773f6e0f145401283a22dced84175c,24000,7,0.0485093660481852,0.2663944146286649,0.1351049746634705,37.49523698885574,96.20461407367168
pico-decoder-small,pico-lm/pico-decoder-small@bbc3997ae0773f6e0f145401283a22dced84175c,24000,8,0.0203684111247271,0.3728825046329372,0.2340545149671613,75.48159091348454,174.88717418075998
pico-decoder-small,pico-lm/pico-decoder-small@bbc3997ae0773f6e0f145401283a22dced84175c,24000,9,0.0139552540178046,0.4191490842986752,0.2887394572027076,113.64916823118172,230.48013159164407
pico-decoder-small,pico-lm/pico-decoder-small@bbc3997ae0773f6e0f145401283a22dced84175c,24000,10,0.0319574284093143,0.3235483421317447,0.2004325898744817,84.68713600860087,146.64990659314105
pico-decoder-small,pico-lm/pico-decoder-small@bbc3997ae0773f6e0f145401283a22dced84175c,24000,11,0.0361359014644743,0.3594038651262025,0.3797281987102984,155.75633209960975,148.83766390470757
pico-decoder-small,pico-lm/pico-decoder-small@8316a2db89b6a337de59490bec6e6ed79275e85f,25000,0,0.4505376998775607,0.0531289557810962,0.0056569424818943,10.812383278504557,15.845007717337667
pico-decoder-small,pico-lm/pico-decoder-small@8316a2db89b6a337de59490bec6e6ed79275e85f,25000,1,0.4250001532002641,0.0647940718956858,0.0107754972177495,11.89038279850976,18.1885139226739
pico-decoder-small,pico-lm/pico-decoder-small@8316a2db89b6a337de59490bec6e6ed79275e85f,25000,2,0.3941214413950255,0.0769503334076973,0.0183922741391194,12.797416221764172,22.25114740075436
pico-decoder-small,pico-lm/pico-decoder-small@8316a2db89b6a337de59490bec6e6ed79275e85f,25000,3,0.3590095140987359,0.0906989520298703,0.0255169042133805,14.045899852392408,23.311679232887982
pico-decoder-small,pico-lm/pico-decoder-small@8316a2db89b6a337de59490bec6e6ed79275e85f,25000,4,0.3083175068554066,0.104925756769522,0.037782688930633,15.537439497928306,26.06198542143709
pico-decoder-small,pico-lm/pico-decoder-small@8316a2db89b6a337de59490bec6e6ed79275e85f,25000,5,0.2299863709728271,0.1258424407867339,0.0526656951764999,18.302300074794967,33.91661489673341
pico-decoder-small,pico-lm/pico-decoder-small@8316a2db89b6a337de59490bec6e6ed79275e85f,25000,6,0.1775880756044854,0.1779737110228179,0.1017099898265099,22.98858228102244,42.936280814682085
pico-decoder-small,pico-lm/pico-decoder-small@8316a2db89b6a337de59490bec6e6ed79275e85f,25000,7,0.0519979871228161,0.2655120264857842,0.1394884781552571,37.9934890906015,98.15780222794466
pico-decoder-small,pico-lm/pico-decoder-small@8316a2db89b6a337de59490bec6e6ed79275e85f,25000,8,0.0219295092290743,0.3771216557986572,0.2410321500275949,77.38857290292664,167.50062957593934
pico-decoder-small,pico-lm/pico-decoder-small@8316a2db89b6a337de59490bec6e6ed79275e85f,25000,9,0.0147576953788946,0.4201250938053331,0.291455439366502,116.4314389219434,217.4026143136343
pico-decoder-small,pico-lm/pico-decoder-small@8316a2db89b6a337de59490bec6e6ed79275e85f,25000,10,0.0328789988918263,0.3260771060976586,0.2076557209935251,86.96821446632303,135.08116841848172
pico-decoder-small,pico-lm/pico-decoder-small@8316a2db89b6a337de59490bec6e6ed79275e85f,25000,11,0.0362773994616342,0.3566541163839583,0.3891114036997525,158.10229901006494,138.30454242396542
pico-decoder-small,pico-lm/pico-decoder-small@b2ff4ecd5fdb6684736075b48a28007f425925d5,26000,0,0.4497074469987459,0.0545660734943852,0.0060321936927554,10.833689734584665,15.43322997735937
pico-decoder-small,pico-lm/pico-decoder-small@b2ff4ecd5fdb6684736075b48a28007f425925d5,26000,1,0.4208850268820417,0.0658131913091428,0.0111492472507422,11.925543334461588,17.837644578129595
pico-decoder-small,pico-lm/pico-decoder-small@b2ff4ecd5fdb6684736075b48a28007f425925d5,26000,2,0.3899008935419257,0.0780529292946674,0.0189679352411138,12.867451989489563,22.02400253043911
pico-decoder-small,pico-lm/pico-decoder-small@b2ff4ecd5fdb6684736075b48a28007f425925d5,26000,3,0.3646210715850366,0.0915673793408586,0.0265069302103812,14.130257797450064,22.25392149016925
pico-decoder-small,pico-lm/pico-decoder-small@b2ff4ecd5fdb6684736075b48a28007f425925d5,26000,4,0.3123499543719252,0.1067177328264582,0.0408012844571957,15.680623464881664,26.14707012303244
pico-decoder-small,pico-lm/pico-decoder-small@b2ff4ecd5fdb6684736075b48a28007f425925d5,26000,5,0.2303766263843365,0.1351634268777351,0.0602198790808728,18.72072832899517,34.72826282945862
pico-decoder-small,pico-lm/pico-decoder-small@b2ff4ecd5fdb6684736075b48a28007f425925d5,26000,6,0.1843424854269733,0.1969985439094578,0.1172311738509147,24.378462790283287,41.55907458979102
pico-decoder-small,pico-lm/pico-decoder-small@b2ff4ecd5fdb6684736075b48a28007f425925d5,26000,7,0.0674562928997704,0.2693303361505257,0.1494568538714576,37.6611293170851,89.83866259202837
pico-decoder-small,pico-lm/pico-decoder-small@b2ff4ecd5fdb6684736075b48a28007f425925d5,26000,8,0.0296348529440247,0.3709903505176499,0.242338032287302,78.83305095510548,155.980042156064
pico-decoder-small,pico-lm/pico-decoder-small@b2ff4ecd5fdb6684736075b48a28007f425925d5,26000,9,0.0192723287777083,0.4173339806061102,0.2919991408726138,117.02119823057292,202.42609680857663
pico-decoder-small,pico-lm/pico-decoder-small@b2ff4ecd5fdb6684736075b48a28007f425925d5,26000,10,0.0405463682229453,0.3247942462986482,0.211199401677545,89.16240866420794,127.68957305404275
pico-decoder-small,pico-lm/pico-decoder-small@b2ff4ecd5fdb6684736075b48a28007f425925d5,26000,11,0.0375302048400072,0.3535956912713476,0.3892892573657134,159.57951061336112,151.92142615052217
pico-decoder-small,pico-lm/pico-decoder-small@d0bf4c35052d4efe8b11ad72cf76ba92d8837271,27000,0,0.4478839330036797,0.0549812404874073,0.0063973570879921,10.813174691097029,15.93295312485419
pico-decoder-small,pico-lm/pico-decoder-small@d0bf4c35052d4efe8b11ad72cf76ba92d8837271,27000,1,0.4145740661863863,0.0677190637683501,0.0124208305731626,11.96227386391408,18.96756690679672
pico-decoder-small,pico-lm/pico-decoder-small@d0bf4c35052d4efe8b11ad72cf76ba92d8837271,27000,2,0.3874462495391901,0.0778489644090507,0.0210307995946002,12.899820891835637,22.31513864374243
pico-decoder-small,pico-lm/pico-decoder-small@d0bf4c35052d4efe8b11ad72cf76ba92d8837271,27000,3,0.3586707494140159,0.0913650817128487,0.029260359787145,14.189104655918982,22.90861851683604
pico-decoder-small,pico-lm/pico-decoder-small@d0bf4c35052d4efe8b11ad72cf76ba92d8837271,27000,4,0.3085126802364604,0.1079996342781946,0.0445549156521854,15.775064722601032,27.036302401314902
pico-decoder-small,pico-lm/pico-decoder-small@d0bf4c35052d4efe8b11ad72cf76ba92d8837271,27000,5,0.2398434942778352,0.1339111995970029,0.0645956380741343,18.75710220852693,33.758314427878986
pico-decoder-small,pico-lm/pico-decoder-small@d0bf4c35052d4efe8b11ad72cf76ba92d8837271,27000,6,0.186791288214202,0.1972617778870113,0.1270134608767213,24.50244820628648,41.16266709327036
pico-decoder-small,pico-lm/pico-decoder-small@d0bf4c35052d4efe8b11ad72cf76ba92d8837271,27000,7,0.0656842256249555,0.2633597401501452,0.1500794312062059,37.59053981316827,90.40615139273152
pico-decoder-small,pico-lm/pico-decoder-small@d0bf4c35052d4efe8b11ad72cf76ba92d8837271,27000,8,0.0256254345305167,0.3738243066732793,0.2481091913953413,81.56647011728882,161.65214155554352
pico-decoder-small,pico-lm/pico-decoder-small@d0bf4c35052d4efe8b11ad72cf76ba92d8837271,27000,9,0.0166070179425307,0.4236516957042424,0.3028730572729053,121.05970402937356,220.83717571227464
pico-decoder-small,pico-lm/pico-decoder-small@d0bf4c35052d4efe8b11ad72cf76ba92d8837271,27000,10,0.0351154175274367,0.3340262716100615,0.2259224358562386,91.3134712917906,135.86316521992592
pico-decoder-small,pico-lm/pico-decoder-small@d0bf4c35052d4efe8b11ad72cf76ba92d8837271,27000,11,0.0397050225551035,0.3553603792770126,0.3927770604087228,162.98018749598882,144.49614605070855
pico-decoder-small,pico-lm/pico-decoder-small@c5fe4eaa6e28635b04a285d9d63224a7013711d4,28000,0,0.4476617307262974,0.0563273814114272,0.0069370444947351,10.78569663484629,16.20763013109204
pico-decoder-small,pico-lm/pico-decoder-small@c5fe4eaa6e28635b04a285d9d63224a7013711d4,28000,1,0.4119072931462856,0.0683203162509293,0.0133247139724359,11.96400076640763,19.627964234484583
pico-decoder-small,pico-lm/pico-decoder-small@c5fe4eaa6e28635b04a285d9d63224a7013711d4,28000,2,0.378940385867798,0.0801547955320537,0.0225218929360662,12.966773553218554,23.23039826180281
pico-decoder-small,pico-lm/pico-decoder-small@c5fe4eaa6e28635b04a285d9d63224a7013711d4,28000,3,0.3486191450195213,0.0954930875079769,0.0333195653070852,14.336672278917511,24.165678488188917
pico-decoder-small,pico-lm/pico-decoder-small@c5fe4eaa6e28635b04a285d9d63224a7013711d4,28000,4,0.3040823382288946,0.1085640801409835,0.0483374734302863,15.88297760708201,26.58819918380179
pico-decoder-small,pico-lm/pico-decoder-small@c5fe4eaa6e28635b04a285d9d63224a7013711d4,28000,5,0.2314459628643098,0.1357845297761257,0.0676640161395829,18.94848475551468,33.849207614493274
pico-decoder-small,pico-lm/pico-decoder-small@c5fe4eaa6e28635b04a285d9d63224a7013711d4,28000,6,0.172905986031603,0.1968908066423188,0.1309254430973903,24.6280053853115,44.11010922825484
pico-decoder-small,pico-lm/pico-decoder-small@c5fe4eaa6e28635b04a285d9d63224a7013711d4,28000,7,0.0618824001784725,0.2609401177356245,0.1544066005705968,37.508883706542285,92.64704726910728
pico-decoder-small,pico-lm/pico-decoder-small@c5fe4eaa6e28635b04a285d9d63224a7013711d4,28000,8,0.020092518374608,0.3660947856694149,0.2471657387251877,78.29839750234879,179.48988279768488
pico-decoder-small,pico-lm/pico-decoder-small@c5fe4eaa6e28635b04a285d9d63224a7013711d4,28000,9,0.0145263469519513,0.4112254949247825,0.3018073599439811,113.654650810775,227.205995236608
pico-decoder-small,pico-lm/pico-decoder-small@c5fe4eaa6e28635b04a285d9d63224a7013711d4,28000,10,0.0319705085544658,0.3231376940995851,0.2231355655703244,90.96732014558462,139.99423852312538
pico-decoder-small,pico-lm/pico-decoder-small@c5fe4eaa6e28635b04a285d9d63224a7013711d4,28000,11,0.0394023870441712,0.3461661748197817,0.3898518082911525,169.40953731230678,158.6259398662703
pico-decoder-small,pico-lm/pico-decoder-small@574194afaad5aebab0de6f7ec3ebd45241ba9f36,29000,0,0.4486708048711858,0.0568372333348401,0.007462101585576,10.770489587551175,15.990453129527086
pico-decoder-small,pico-lm/pico-decoder-small@574194afaad5aebab0de6f7ec3ebd45241ba9f36,29000,1,0.4190507049918391,0.0682413880872744,0.0138937363079329,11.905123031727102,19.43748639387538
pico-decoder-small,pico-lm/pico-decoder-small@574194afaad5aebab0de6f7ec3ebd45241ba9f36,29000,2,0.3928195989237777,0.0796264660849761,0.0234508978487917,12.903894224902617,22.01490403968217
pico-decoder-small,pico-lm/pico-decoder-small@574194afaad5aebab0de6f7ec3ebd45241ba9f36,29000,3,0.3610006130392147,0.096820717473651,0.0358296106079005,14.354104350269706,23.790287781768185
pico-decoder-small,pico-lm/pico-decoder-small@574194afaad5aebab0de6f7ec3ebd45241ba9f36,29000,4,0.3165876113618854,0.1120147858802838,0.0526597235435378,15.947548960371334,25.840876864174685
pico-decoder-small,pico-lm/pico-decoder-small@574194afaad5aebab0de6f7ec3ebd45241ba9f36,29000,5,0.239867836469277,0.1365847142445249,0.0717101881560538,19.10273578598781,34.00976809153405
pico-decoder-small,pico-lm/pico-decoder-small@574194afaad5aebab0de6f7ec3ebd45241ba9f36,29000,6,0.1777721616557228,0.2015279678985714,0.1461365411907209,25.35518048276366,45.459775198640365
pico-decoder-small,pico-lm/pico-decoder-small@574194afaad5aebab0de6f7ec3ebd45241ba9f36,29000,7,0.0602153062724072,0.2655580461346766,0.1657751583583568,38.27868568619234,95.21563269297155
pico-decoder-small,pico-lm/pico-decoder-small@574194afaad5aebab0de6f7ec3ebd45241ba9f36,29000,8,0.0240117011295078,0.3782320469115079,0.2688992429488404,80.86907783141962,171.19449143690028
pico-decoder-small,pico-lm/pico-decoder-small@574194afaad5aebab0de6f7ec3ebd45241ba9f36,29000,9,0.0165280222302991,0.4190671694793536,0.318593319061024,115.84940957716856,209.04220951373708
pico-decoder-small,pico-lm/pico-decoder-small@574194afaad5aebab0de6f7ec3ebd45241ba9f36,29000,10,0.0350164508361918,0.3293314655507403,0.2394466456618362,92.69256664242045,138.85226514042046
pico-decoder-small,pico-lm/pico-decoder-small@574194afaad5aebab0de6f7ec3ebd45241ba9f36,29000,11,0.0366006586461633,0.351628270346701,0.3874368010396798,172.36399141539974,156.67374940250215
pico-decoder-small,pico-lm/pico-decoder-small@4e76d0f5009af59c7519cc564d83ccb252becc09,30000,0,0.450909628544932,0.056836492283313,0.0079180520744306,10.732178778764474,15.718001441165002
pico-decoder-small,pico-lm/pico-decoder-small@4e76d0f5009af59c7519cc564d83ccb252becc09,30000,1,0.4171032634667755,0.070378919259394,0.0161902838250859,11.91287171414446,19.2134963540722
pico-decoder-small,pico-lm/pico-decoder-small@4e76d0f5009af59c7519cc564d83ccb252becc09,30000,2,0.3875963925448735,0.0824040388106997,0.0286661995835447,12.967044253353793,21.967800274059844
pico-decoder-small,pico-lm/pico-decoder-small@4e76d0f5009af59c7519cc564d83ccb252becc09,30000,3,0.3578491306023434,0.09675855534084,0.0418404432534983,14.38007299653235,23.818596121337524
pico-decoder-small,pico-lm/pico-decoder-small@4e76d0f5009af59c7519cc564d83ccb252becc09,30000,4,0.3031482629518124,0.1129700050877497,0.0639745155187221,16.111578413637677,26.246738289781742
pico-decoder-small,pico-lm/pico-decoder-small@4e76d0f5009af59c7519cc564d83ccb252becc09,30000,5,0.2407627078751948,0.1420404106641785,0.0855424223352333,19.419446213364253,33.65938215695366
pico-decoder-small,pico-lm/pico-decoder-small@4e76d0f5009af59c7519cc564d83ccb252becc09,30000,6,0.1716961356451417,0.2138343369559532,0.1680477528694265,26.638191457040648,46.1389578932807
pico-decoder-small,pico-lm/pico-decoder-small@4e76d0f5009af59c7519cc564d83ccb252becc09,30000,7,0.0579130020508312,0.2788200200353548,0.1770770784848836,40.777230636205246,90.2266498324178
pico-decoder-small,pico-lm/pico-decoder-small@4e76d0f5009af59c7519cc564d83ccb252becc09,30000,8,0.0223357651786987,0.3947936132578731,0.278627167199776,90.5024345347821,173.43463260801798
pico-decoder-small,pico-lm/pico-decoder-small@4e76d0f5009af59c7519cc564d83ccb252becc09,30000,9,0.0157617626394655,0.4314525858253303,0.3281023667132542,126.15628784502042,223.4004754268728
pico-decoder-small,pico-lm/pico-decoder-small@4e76d0f5009af59c7519cc564d83ccb252becc09,30000,10,0.0331996082948982,0.3435608616053436,0.2542524395157243,97.00626748034676,148.81325221931368
pico-decoder-small,pico-lm/pico-decoder-small@4e76d0f5009af59c7519cc564d83ccb252becc09,30000,11,0.0340093939623338,0.3610315554082666,0.3927398830168624,170.3812155348304,156.82483754113522
pico-decoder-small,pico-lm/pico-decoder-small@63e4f365e97340e8419c8d14c3479eab48b41672,31000,0,0.4474258089881185,0.0586215774691159,0.0089254097190846,10.759724822580038,16.080082869068026
pico-decoder-small,pico-lm/pico-decoder-small@63e4f365e97340e8419c8d14c3479eab48b41672,31000,1,0.4132390804538401,0.0723979819537576,0.0184821510775337,11.937937709274657,19.136273680848653
pico-decoder-small,pico-lm/pico-decoder-small@63e4f365e97340e8419c8d14c3479eab48b41672,31000,2,0.3828600043519924,0.0846084569516509,0.0330648296586434,13.030573179485778,21.445994042609343
pico-decoder-small,pico-lm/pico-decoder-small@63e4f365e97340e8419c8d14c3479eab48b41672,31000,3,0.3482682075707282,0.0999310174034933,0.0448530135122756,14.491626947128426,22.971020397236924
pico-decoder-small,pico-lm/pico-decoder-small@63e4f365e97340e8419c8d14c3479eab48b41672,31000,4,0.2953614529795586,0.1164174274368502,0.0698917514749142,16.26143910690431,27.85120824864131
pico-decoder-small,pico-lm/pico-decoder-small@63e4f365e97340e8419c8d14c3479eab48b41672,31000,5,0.222804068192156,0.1505729626685397,0.1023566580472929,19.93809214573336,33.78936074920182
pico-decoder-small,pico-lm/pico-decoder-small@63e4f365e97340e8419c8d14c3479eab48b41672,31000,6,0.1636067971396121,0.218680432877221,0.1862578362386168,27.34853098163107,48.34930434565339
pico-decoder-small,pico-lm/pico-decoder-small@63e4f365e97340e8419c8d14c3479eab48b41672,31000,7,0.0581201379107022,0.2761823028788386,0.1865335044579477,40.384549991268194,94.21965189664222
pico-decoder-small,pico-lm/pico-decoder-small@63e4f365e97340e8419c8d14c3479eab48b41672,31000,8,0.0209242687018968,0.3932870179068735,0.2825137659506764,89.34316692736047,183.49929381540733
pico-decoder-small,pico-lm/pico-decoder-small@63e4f365e97340e8419c8d14c3479eab48b41672,31000,9,0.0143767570520735,0.4315269930674255,0.3331386039315732,125.41451978343802,214.0227048415272
pico-decoder-small,pico-lm/pico-decoder-small@63e4f365e97340e8419c8d14c3479eab48b41672,31000,10,0.03035701839363,0.3362190784227091,0.2579558770034129,98.19540159913376,140.18863111892932
pico-decoder-small,pico-lm/pico-decoder-small@63e4f365e97340e8419c8d14c3479eab48b41672,31000,11,0.0322766730831069,0.3475000824731289,0.3892786071657658,171.1771947596017,157.73193113562522
pico-decoder-small,pico-lm/pico-decoder-small@8c1e326d52a990b3ef622fa0187927b4c3c8b198,32000,0,0.4511166453770816,0.0590962514343614,0.0096646653132103,10.716043433081662,15.655529573534826
pico-decoder-small,pico-lm/pico-decoder-small@8c1e326d52a990b3ef622fa0187927b4c3c8b198,32000,1,0.4153838526516063,0.0734737038270281,0.0214352480420035,11.929330399946425,18.90006233414128
pico-decoder-small,pico-lm/pico-decoder-small@8c1e326d52a990b3ef622fa0187927b4c3c8b198,32000,2,0.3846238981847387,0.0869001770668562,0.0369284447702257,13.048130427224748,21.493076407377632
pico-decoder-small,pico-lm/pico-decoder-small@8c1e326d52a990b3ef622fa0187927b4c3c8b198,32000,3,0.3483274727550318,0.1010570689576044,0.0508293979063159,14.55399198599983,23.0938023249686
pico-decoder-small,pico-lm/pico-decoder-small@8c1e326d52a990b3ef622fa0187927b4c3c8b198,32000,4,0.2941418691592579,0.1165641831670445,0.0761412646359705,16.341497042232604,27.221349626940903
pico-decoder-small,pico-lm/pico-decoder-small@8c1e326d52a990b3ef622fa0187927b4c3c8b198,32000,5,0.2285312250214985,0.1430607939745813,0.1023005834319285,19.703448482078787,34.639227004412824
pico-decoder-small,pico-lm/pico-decoder-small@8c1e326d52a990b3ef622fa0187927b4c3c8b198,32000,6,0.1745614713672777,0.2094850324667387,0.1900975879748252,26.81667626309521,47.70283322330123
pico-decoder-small,pico-lm/pico-decoder-small@8c1e326d52a990b3ef622fa0187927b4c3c8b198,32000,7,0.0519837881782683,0.2725786684370408,0.1906728481481985,40.28293833000375,110.73491392582264
pico-decoder-small,pico-lm/pico-decoder-small@8c1e326d52a990b3ef622fa0187927b4c3c8b198,32000,8,0.0155480679938249,0.3914188283043986,0.2838754837340041,89.72426046716754,231.18851905517664
pico-decoder-small,pico-lm/pico-decoder-small@8c1e326d52a990b3ef622fa0187927b4c3c8b198,32000,9,0.0119991009928901,0.42244932190312,0.3333550979894925,124.8732817275736,284.4157394139409
pico-decoder-small,pico-lm/pico-decoder-small@8c1e326d52a990b3ef622fa0187927b4c3c8b198,32000,10,0.0263343356940013,0.330069599841466,0.2604607896192612,97.515760467316,160.59218637945528
pico-decoder-small,pico-lm/pico-decoder-small@8c1e326d52a990b3ef622fa0187927b4c3c8b198,32000,11,0.0300447216039318,0.3409151442121052,0.3915791835551729,174.91898256851476,167.90813324831836
pico-decoder-small,pico-lm/pico-decoder-small@5087b4b665fc374f51db109f5832fccfa45038ed,33000,0,0.4477522399163323,0.0608472237404199,0.0109636045776623,10.729846368355696,15.804132738332257
pico-decoder-small,pico-lm/pico-decoder-small@5087b4b665fc374f51db109f5832fccfa45038ed,33000,1,0.4095657151720573,0.0756942237555451,0.0246155945181049,11.989228039971012,19.18151605163088
pico-decoder-small,pico-lm/pico-decoder-small@5087b4b665fc374f51db109f5832fccfa45038ed,33000,2,0.3787758378070498,0.0880271307292376,0.0405648910582124,13.094471543197526,21.21298067278369
pico-decoder-small,pico-lm/pico-decoder-small@5087b4b665fc374f51db109f5832fccfa45038ed,33000,3,0.346152036482926,0.101251749822271,0.054195973292098,14.597330695536948,22.6041493480258
pico-decoder-small,pico-lm/pico-decoder-small@5087b4b665fc374f51db109f5832fccfa45038ed,33000,4,0.2972882592992645,0.1182933329046765,0.0812011692787678,16.44829978175736,26.697346974369054
pico-decoder-small,pico-lm/pico-decoder-small@5087b4b665fc374f51db109f5832fccfa45038ed,33000,5,0.2268592743911138,0.1476671069983159,0.1074320949269717,19.985977179584648,34.62299177843803
pico-decoder-small,pico-lm/pico-decoder-small@5087b4b665fc374f51db109f5832fccfa45038ed,33000,6,0.1787729713304509,0.2205979176180733,0.2065494976610175,27.94067785929008,44.88445198536906
pico-decoder-small,pico-lm/pico-decoder-small@5087b4b665fc374f51db109f5832fccfa45038ed,33000,7,0.0557403899504967,0.2833339064461735,0.2043746515137455,41.14915689268025,96.47592342161504
pico-decoder-small,pico-lm/pico-decoder-small@5087b4b665fc374f51db109f5832fccfa45038ed,33000,8,0.0152931912745323,0.4074956322767722,0.295566873603533,98.70127130377416,226.02501627206743
pico-decoder-small,pico-lm/pico-decoder-small@5087b4b665fc374f51db109f5832fccfa45038ed,33000,9,0.0120324840422739,0.4403883011018898,0.3466741587378063,137.0249987950628,271.168609475746
pico-decoder-small,pico-lm/pico-decoder-small@5087b4b665fc374f51db109f5832fccfa45038ed,33000,10,0.0266799890741374,0.3534291187046783,0.2826997302612511,104.41863983572358,167.57041935605932
pico-decoder-small,pico-lm/pico-decoder-small@5087b4b665fc374f51db109f5832fccfa45038ed,33000,11,0.0357758525120597,0.353739226081261,0.3960942853149876,173.8244026074707,151.71054858753908
pico-decoder-small,pico-lm/pico-decoder-small@1b37af2dca833f47e09a88bc07d1b193eb75b975,34000,0,0.4478839572337383,0.0600225263776614,0.0116315734495892,10.708421762179182,15.849807186566148
pico-decoder-small,pico-lm/pico-decoder-small@1b37af2dca833f47e09a88bc07d1b193eb75b975,34000,1,0.4114688195852861,0.0754539284658834,0.0261665023696408,11.988489273501772,18.760494909301404
pico-decoder-small,pico-lm/pico-decoder-small@1b37af2dca833f47e09a88bc07d1b193eb75b975,34000,2,0.377650205531258,0.0901027059496992,0.0455373645237799,13.16424143351157,21.56200445336142
pico-decoder-small,pico-lm/pico-decoder-small@1b37af2dca833f47e09a88bc07d1b193eb75b975,34000,3,0.3456056214058565,0.105141916213199,0.0620747027417716,14.73364425385118,23.19347268960681
pico-decoder-small,pico-lm/pico-decoder-small@1b37af2dca833f47e09a88bc07d1b193eb75b975,34000,4,0.3033283327190372,0.1202584917317707,0.0881456817112284,16.523483134281264,25.64005214202655
pico-decoder-small,pico-lm/pico-decoder-small@1b37af2dca833f47e09a88bc07d1b193eb75b975,34000,5,0.2379984470506709,0.147826352583776,0.1147266257178619,20.128983258316183,34.561151643147085
pico-decoder-small,pico-lm/pico-decoder-small@1b37af2dca833f47e09a88bc07d1b193eb75b975,34000,6,0.1696914847534311,0.2261920483966674,0.2217001242087943,28.454980352438056,45.77618936690892
pico-decoder-small,pico-lm/pico-decoder-small@1b37af2dca833f47e09a88bc07d1b193eb75b975,34000,7,0.0573767618259768,0.2818541644143557,0.2170056634800823,41.43663310028473,94.37294893143766
pico-decoder-small,pico-lm/pico-decoder-small@1b37af2dca833f47e09a88bc07d1b193eb75b975,34000,8,0.0218443275223654,0.3984023721295863,0.303074660150638,96.21871901957051,176.38486614127254
pico-decoder-small,pico-lm/pico-decoder-small@1b37af2dca833f47e09a88bc07d1b193eb75b975,34000,9,0.0156436030597275,0.4330713426036489,0.3518789969004783,132.77417893746176,214.65854205440647
pico-decoder-small,pico-lm/pico-decoder-small@1b37af2dca833f47e09a88bc07d1b193eb75b975,34000,10,0.0312927366062205,0.3521795209301586,0.2909543710148936,103.75378017993718,146.56623148416608
pico-decoder-small,pico-lm/pico-decoder-small@1b37af2dca833f47e09a88bc07d1b193eb75b975,34000,11,0.0304890461852695,0.3474623091324394,0.403576011194144,179.2039743096561,183.61519962974708
pico-decoder-small,pico-lm/pico-decoder-small@f84a2138adf461f090569b0490e077e154d5692a,35000,0,0.4448452853061264,0.0608690394540899,0.0122423872523037,10.723933880043552,15.9420302795169
pico-decoder-small,pico-lm/pico-decoder-small@f84a2138adf461f090569b0490e077e154d5692a,35000,1,0.4081709372700567,0.0761261359121146,0.0268916552147171,12.001531303050156,18.798767151820403
pico-decoder-small,pico-lm/pico-decoder-small@f84a2138adf461f090569b0490e077e154d5692a,35000,2,0.3799468564360426,0.0897890789311096,0.048390331554207,13.187093639693805,21.67473997384978
pico-decoder-small,pico-lm/pico-decoder-small@f84a2138adf461f090569b0490e077e154d5692a,35000,3,0.3553075005697195,0.1049119872343384,0.0654467972709103,14.706518184666916,22.516751508063425
pico-decoder-small,pico-lm/pico-decoder-small@f84a2138adf461f090569b0490e077e154d5692a,35000,4,0.3030061125633835,0.1199572429490228,0.0952445703447736,16.66646003889646,25.02757263733215
pico-decoder-small,pico-lm/pico-decoder-small@f84a2138adf461f090569b0490e077e154d5692a,35000,5,0.23060096392597,0.1496180972282389,0.1283654886493063,20.648818173649985,32.96175079177165
pico-decoder-small,pico-lm/pico-decoder-small@f84a2138adf461f090569b0490e077e154d5692a,35000,6,0.174783565866051,0.2337452318211676,0.234891363236915,29.470999865897923,44.86370087452478
pico-decoder-small,pico-lm/pico-decoder-small@f84a2138adf461f090569b0490e077e154d5692a,35000,7,0.0573549767477825,0.2836171072978908,0.224087033572473,41.45918079987404,89.30211144968521
pico-decoder-small,pico-lm/pico-decoder-small@f84a2138adf461f090569b0490e077e154d5692a,35000,8,0.015951508766312,0.4086652133689945,0.3136923040665135,99.41924263272185,210.2718343864704
pico-decoder-small,pico-lm/pico-decoder-small@f84a2138adf461f090569b0490e077e154d5692a,35000,9,0.012075657349181,0.4393078881157113,0.3578680841890655,135.49972295756518,278.8647582256912
pico-decoder-small,pico-lm/pico-decoder-small@f84a2138adf461f090569b0490e077e154d5692a,35000,10,0.0259086523880517,0.3514908398904055,0.2982916313970746,106.3528083337883,169.0282683102793
pico-decoder-small,pico-lm/pico-decoder-small@f84a2138adf461f090569b0490e077e154d5692a,35000,11,0.030081952590836,0.3483134348716709,0.4041978722550065,181.3828547483936,173.7877629202877
pico-decoder-small,pico-lm/pico-decoder-small@a5edb37d58f3dac4abc7615fe9f16119c9719363,36000,0,0.4456153517002378,0.0620473570899502,0.0146444286251881,10.7382921483828,15.600986261508696
pico-decoder-small,pico-lm/pico-decoder-small@a5edb37d58f3dac4abc7615fe9f16119c9719363,36000,1,0.4073916137333526,0.0773552834285449,0.03274231875431,12.048696709993708,18.458985086647477
pico-decoder-small,pico-lm/pico-decoder-small@a5edb37d58f3dac4abc7615fe9f16119c9719363,36000,2,0.3755148141747571,0.0899273470903157,0.0550640819628291,13.249229553820587,22.31161803692581
pico-decoder-small,pico-lm/pico-decoder-small@a5edb37d58f3dac4abc7615fe9f16119c9719363,36000,3,0.3450260291931461,0.1055630525586591,0.0723789116830948,14.782171580516527,23.399869900488337
pico-decoder-small,pico-lm/pico-decoder-small@a5edb37d58f3dac4abc7615fe9f16119c9719363,36000,4,0.2902783027454243,0.1245128770354121,0.1049011328891429,16.8408139939987,26.338737187779294
pico-decoder-small,pico-lm/pico-decoder-small@a5edb37d58f3dac4abc7615fe9f16119c9719363,36000,5,0.2275141771144177,0.1521076215967136,0.1353869507336746,20.84065963254963,32.57263105469479
pico-decoder-small,pico-lm/pico-decoder-small@a5edb37d58f3dac4abc7615fe9f16119c9719363,36000,6,0.1761438131133083,0.2372246107951207,0.2476706848643051,30.19871956698586,43.028767939198666
pico-decoder-small,pico-lm/pico-decoder-small@a5edb37d58f3dac4abc7615fe9f16119c9719363,36000,7,0.0556367729583649,0.2846176892618164,0.2323502191865037,42.937007782381045,92.16966413669655
pico-decoder-small,pico-lm/pico-decoder-small@a5edb37d58f3dac4abc7615fe9f16119c9719363,36000,8,0.0174479944935005,0.4136501283964189,0.3197002070011594,105.96762920484936,191.71073213210664
pico-decoder-small,pico-lm/pico-decoder-small@a5edb37d58f3dac4abc7615fe9f16119c9719363,36000,9,0.0131589483205549,0.4441582263032872,0.3688859969285172,144.12869598515766,245.21443961838577
pico-decoder-small,pico-lm/pico-decoder-small@a5edb37d58f3dac4abc7615fe9f16119c9719363,36000,10,0.0304389434996392,0.3583663974650158,0.3079814473070398,109.3698178831019,142.80015563165185
pico-decoder-small,pico-lm/pico-decoder-small@a5edb37d58f3dac4abc7615fe9f16119c9719363,36000,11,0.0301254333638849,0.3504920987054175,0.4032558818310555,179.82558635603485,170.4698426555089
pico-decoder-small,pico-lm/pico-decoder-small@ad19a8ed94822569698ab34f7cbdb71a73e75edb,37000,0,0.4476938184990638,0.0624363946884722,0.0155500957366435,10.720287191357452,15.632017365591132
pico-decoder-small,pico-lm/pico-decoder-small@ad19a8ed94822569698ab34f7cbdb71a73e75edb,37000,1,0.4077287562487385,0.0775021743032898,0.0336701381150475,12.027671239213584,18.405928299650355
pico-decoder-small,pico-lm/pico-decoder-small@ad19a8ed94822569698ab34f7cbdb71a73e75edb,37000,2,0.3738306482005822,0.0916716735329849,0.0594600859667152,13.287499047568646,22.478733945944203
pico-decoder-small,pico-lm/pico-decoder-small@ad19a8ed94822569698ab34f7cbdb71a73e75edb,37000,3,0.3384663944402548,0.1077837579410121,0.078978424045121,14.89464071966372,25.31554446532848
pico-decoder-small,pico-lm/pico-decoder-small@ad19a8ed94822569698ab34f7cbdb71a73e75edb,37000,4,0.2810566195864649,0.1285844682814426,0.1167471410998038,17.154107785323173,27.12145403371384
pico-decoder-small,pico-lm/pico-decoder-small@ad19a8ed94822569698ab34f7cbdb71a73e75edb,37000,5,0.2151661985863863,0.1607093516623828,0.1483262194721481,21.22519623167758,34.62482233847512
pico-decoder-small,pico-lm/pico-decoder-small@ad19a8ed94822569698ab34f7cbdb71a73e75edb,37000,6,0.1767439339035393,0.2322551702429211,0.2622991458273317,30.16515724454448,45.21812939912999
pico-decoder-small,pico-lm/pico-decoder-small@ad19a8ed94822569698ab34f7cbdb71a73e75edb,37000,7,0.0560361270662837,0.2823579319220609,0.2343556908878052,43.1870241376303,92.77154418146682
pico-decoder-small,pico-lm/pico-decoder-small@ad19a8ed94822569698ab34f7cbdb71a73e75edb,37000,8,0.0168045544147679,0.4126985759572876,0.3233368761712412,103.22257854873077,199.37847162516653
pico-decoder-small,pico-lm/pico-decoder-small@ad19a8ed94822569698ab34f7cbdb71a73e75edb,37000,9,0.0129522033089342,0.443024189660236,0.3734995768955654,141.74712991332214,249.35511220974757
pico-decoder-small,pico-lm/pico-decoder-small@ad19a8ed94822569698ab34f7cbdb71a73e75edb,37000,10,0.0282570467030138,0.3562320768075657,0.3162744026271059,109.74338719437075,155.39457651608012
pico-decoder-small,pico-lm/pico-decoder-small@ad19a8ed94822569698ab34f7cbdb71a73e75edb,37000,11,0.032782120957664,0.3508584541662691,0.4024480354247666,181.54194872683823,172.0276780551669
pico-decoder-small,pico-lm/pico-decoder-small@6ffc4bc90cff1f5d9492cc62aa823b2f31820dec,38000,0,0.4458189403907397,0.063317174012107,0.0174299758902425,10.710504583245928,15.67238745483016
pico-decoder-small,pico-lm/pico-decoder-small@6ffc4bc90cff1f5d9492cc62aa823b2f31820dec,38000,1,0.4048972795311089,0.0776466716935706,0.0364085887948337,12.032498390879312,18.655977524772272
pico-decoder-small,pico-lm/pico-decoder-small@6ffc4bc90cff1f5d9492cc62aa823b2f31820dec,38000,2,0.3708632458859092,0.0933073498974425,0.0643376883533963,13.324359206588497,22.09400292026299
pico-decoder-small,pico-lm/pico-decoder-small@6ffc4bc90cff1f5d9492cc62aa823b2f31820dec,38000,3,0.3362051610408109,0.1100972728014002,0.0860510780427034,14.999776676727404,24.068364301410288
pico-decoder-small,pico-lm/pico-decoder-small@6ffc4bc90cff1f5d9492cc62aa823b2f31820dec,38000,4,0.280882094122975,0.1307566320819324,0.1262020898418752,17.333296233072534,27.777416097174523
pico-decoder-small,pico-lm/pico-decoder-small@6ffc4bc90cff1f5d9492cc62aa823b2f31820dec,38000,5,0.2123019781898444,0.1636581413151609,0.1668316935804723,21.683774049941576,36.17199524891437
pico-decoder-small,pico-lm/pico-decoder-small@6ffc4bc90cff1f5d9492cc62aa823b2f31820dec,38000,6,0.1649916982586313,0.2456553713507089,0.2776395911109459,31.79935189314373,49.01724757811123
pico-decoder-small,pico-lm/pico-decoder-small@6ffc4bc90cff1f5d9492cc62aa823b2f31820dec,38000,7,0.0496882649644188,0.2864305252271338,0.2460775810779215,43.75348582214501,104.60426635995148
pico-decoder-small,pico-lm/pico-decoder-small@6ffc4bc90cff1f5d9492cc62aa823b2f31820dec,38000,8,0.0158095652986387,0.4180177839915815,0.3279816617625311,106.46854647811423,201.46859920137567
pico-decoder-small,pico-lm/pico-decoder-small@6ffc4bc90cff1f5d9492cc62aa823b2f31820dec,38000,9,0.0116913064127158,0.4437429736664831,0.374425583971106,144.62729625659722,259.73980545238976
pico-decoder-small,pico-lm/pico-decoder-small@6ffc4bc90cff1f5d9492cc62aa823b2f31820dec,38000,10,0.0251770798892155,0.3615430751266357,0.3236870802554164,111.3332509719458,169.79754080647885
pico-decoder-small,pico-lm/pico-decoder-small@6ffc4bc90cff1f5d9492cc62aa823b2f31820dec,38000,11,0.0299762628367087,0.3507769374587377,0.406009394978942,183.00827634404752,187.03345057926103
pico-decoder-small,pico-lm/pico-decoder-small@2be3f69fedc1c81a1c9dee69aecdfbb30a7ed07b,39000,0,0.4426453665861385,0.0645858166032734,0.0192551038490565,10.725261737312842,16.19985075453729
pico-decoder-small,pico-lm/pico-decoder-small@2be3f69fedc1c81a1c9dee69aecdfbb30a7ed07b,39000,1,0.4017588047244844,0.080862357293656,0.0412493834823458,12.071809591687396,19.194904802912067
pico-decoder-small,pico-lm/pico-decoder-small@2be3f69fedc1c81a1c9dee69aecdfbb30a7ed07b,39000,2,0.3606795433708949,0.0955295270024828,0.0705589956554423,13.423781602122254,22.84429152751507
pico-decoder-small,pico-lm/pico-decoder-small@2be3f69fedc1c81a1c9dee69aecdfbb30a7ed07b,39000,3,0.325234301168416,0.1104830326110556,0.0915892627868921,15.105583076526228,23.967612370886243
pico-decoder-small,pico-lm/pico-decoder-small@2be3f69fedc1c81a1c9dee69aecdfbb30a7ed07b,39000,4,0.2758125719590824,0.1300703211547903,0.1342974244184907,17.462226330166526,27.09159075829361
pico-decoder-small,pico-lm/pico-decoder-small@2be3f69fedc1c81a1c9dee69aecdfbb30a7ed07b,39000,5,0.2134162008462007,0.1615016833767811,0.1740260265831844,21.960145414126863,38.42553147930398
pico-decoder-small,pico-lm/pico-decoder-small@2be3f69fedc1c81a1c9dee69aecdfbb30a7ed07b,39000,6,0.1657347784338684,0.2432256505741937,0.289954156160338,31.934614238343308,47.075100649772914
pico-decoder-small,pico-lm/pico-decoder-small@2be3f69fedc1c81a1c9dee69aecdfbb30a7ed07b,39000,7,0.0498161500887114,0.2852662872365593,0.2553737317376121,43.769443045346605,103.32580518238368
pico-decoder-small,pico-lm/pico-decoder-small@2be3f69fedc1c81a1c9dee69aecdfbb30a7ed07b,39000,8,0.0143759525406944,0.4086549101781275,0.3256644537354632,103.012875849346,235.96085756665155
pico-decoder-small,pico-lm/pico-decoder-small@2be3f69fedc1c81a1c9dee69aecdfbb30a7ed07b,39000,9,0.0110699947837045,0.4417569429995129,0.3809055326706321,142.0862878033396,310.9385188287424
pico-decoder-small,pico-lm/pico-decoder-small@2be3f69fedc1c81a1c9dee69aecdfbb30a7ed07b,39000,10,0.0243309887492675,0.3548880129616239,0.3302581648247458,109.9758316587635,183.6944333095888
pico-decoder-small,pico-lm/pico-decoder-small@2be3f69fedc1c81a1c9dee69aecdfbb30a7ed07b,39000,11,0.0310574952297688,0.3512088978363502,0.418470488560766,191.94640908454485,200.92921034145957
pico-decoder-small,pico-lm/pico-decoder-small@89ce452106683eb2c3d635f0b06d00b4836a270d,40000,0,0.4417703887794025,0.0658674843842757,0.0218544854304595,10.741688132938076,16.380830388753925
pico-decoder-small,pico-lm/pico-decoder-small@89ce452106683eb2c3d635f0b06d00b4836a270d,40000,1,0.399757923646527,0.082425201894134,0.0467361529217751,12.119833836818277,19.08551370651496
pico-decoder-small,pico-lm/pico-decoder-small@89ce452106683eb2c3d635f0b06d00b4836a270d,40000,2,0.3612667100774404,0.0967839816614084,0.0786079615256254,13.498902655809532,22.82497174757605
pico-decoder-small,pico-lm/pico-decoder-small@89ce452106683eb2c3d635f0b06d00b4836a270d,40000,3,0.3357631427646188,0.1104192512132781,0.0968922459266658,15.1376568518696,23.61755799598484
pico-decoder-small,pico-lm/pico-decoder-small@89ce452106683eb2c3d635f0b06d00b4836a270d,40000,4,0.2835553296925444,0.1327918918289738,0.1432605975351412,17.547949110918285,26.85496162987056
pico-decoder-small,pico-lm/pico-decoder-small@89ce452106683eb2c3d635f0b06d00b4836a270d,40000,5,0.212407464586566,0.1662044081690785,0.177472492082869,21.91234279672737,37.12545242380756
pico-decoder-small,pico-lm/pico-decoder-small@89ce452106683eb2c3d635f0b06d00b4836a270d,40000,6,0.1762530935336941,0.2469928367410673,0.2949254829361629,32.34871279628941,44.26938959255818
pico-decoder-small,pico-lm/pico-decoder-small@89ce452106683eb2c3d635f0b06d00b4836a270d,40000,7,0.0588922179139974,0.2876587327218702,0.2626156748902036,44.00601564004464,91.17472753019334
pico-decoder-small,pico-lm/pico-decoder-small@89ce452106683eb2c3d635f0b06d00b4836a270d,40000,8,0.0157400962458892,0.4140689552213246,0.3299185574047937,107.53193955844814,212.30778581942675
pico-decoder-small,pico-lm/pico-decoder-small@89ce452106683eb2c3d635f0b06d00b4836a270d,40000,9,0.0115064872797417,0.4446439484857659,0.3818387838096723,145.459667390455,288.5615825309473
pico-decoder-small,pico-lm/pico-decoder-small@89ce452106683eb2c3d635f0b06d00b4836a270d,40000,10,0.027220199941704,0.3622610306057026,0.3377788399414921,112.57503599372215,164.55673375713113
pico-decoder-small,pico-lm/pico-decoder-small@89ce452106683eb2c3d635f0b06d00b4836a270d,40000,11,0.0311565567535435,0.347617220943161,0.3988066214928492,184.31027967349132,189.8056790868736
pico-decoder-small,pico-lm/pico-decoder-small@fb21f9a6029769e4fde8c343509be2fc23d627f8,41000,0,0.4397096582167387,0.0668379137626302,0.0245492884272522,10.745217042012108,16.674210091022932
pico-decoder-small,pico-lm/pico-decoder-small@fb21f9a6029769e4fde8c343509be2fc23d627f8,41000,1,0.3965485312990457,0.083925960570992,0.0539096699770923,12.162509915370084,19.77121250938557
pico-decoder-small,pico-lm/pico-decoder-small@fb21f9a6029769e4fde8c343509be2fc23d627f8,41000,2,0.3538267768977524,0.1003075116222786,0.0890294901163849,13.594368984836326,23.59977578988103
pico-decoder-small,pico-lm/pico-decoder-small@fb21f9a6029769e4fde8c343509be2fc23d627f8,41000,3,0.3224562348328932,0.1137216506943403,0.1087329531283919,15.30220113430602,25.172202652351416
pico-decoder-small,pico-lm/pico-decoder-small@fb21f9a6029769e4fde8c343509be2fc23d627f8,41000,4,0.2741886728888456,0.1358112872422161,0.1568448268333296,17.77519809329958,28.65705600062073
pico-decoder-small,pico-lm/pico-decoder-small@fb21f9a6029769e4fde8c343509be2fc23d627f8,41000,5,0.2174700464914182,0.168384082924593,0.1899142116126955,22.21807316870104,36.03132038462348
pico-decoder-small,pico-lm/pico-decoder-small@fb21f9a6029769e4fde8c343509be2fc23d627f8,41000,6,0.1667174472675411,0.2517173684520276,0.310560250660131,33.260832332841886,45.85381835474929
pico-decoder-small,pico-lm/pico-decoder-small@fb21f9a6029769e4fde8c343509be2fc23d627f8,41000,7,0.0546284407845349,0.2900363178600607,0.27448568161297,44.61144304809324,95.59032614828313
pico-decoder-small,pico-lm/pico-decoder-small@fb21f9a6029769e4fde8c343509be2fc23d627f8,41000,8,0.0151233082805072,0.4162314063273176,0.3329364290802179,109.68419695741404,230.202616839239
pico-decoder-small,pico-lm/pico-decoder-small@fb21f9a6029769e4fde8c343509be2fc23d627f8,41000,9,0.0117247308364021,0.4449978777224947,0.3845417639864121,147.68456494566965,286.9820182434365
pico-decoder-small,pico-lm/pico-decoder-small@fb21f9a6029769e4fde8c343509be2fc23d627f8,41000,10,0.0263646875919759,0.3641767434304792,0.3442379262916457,115.68930013133708,167.34088833237243
pico-decoder-small,pico-lm/pico-decoder-small@fb21f9a6029769e4fde8c343509be2fc23d627f8,41000,11,0.0322007593548935,0.3497864078802602,0.4105649573405333,188.7857789272055,176.9405236759328
pico-decoder-small,pico-lm/pico-decoder-small@3b04367b1f9f520d1eb5dc4b1d62222a11574175,42000,0,0.4398832551508333,0.0672227046841851,0.0263432125527156,10.734994355932775,16.76841496924214
pico-decoder-small,pico-lm/pico-decoder-small@3b04367b1f9f520d1eb5dc4b1d62222a11574175,42000,1,0.4001008985273667,0.0838658440508009,0.058223662194146,12.184465664661928,19.96284595741402
pico-decoder-small,pico-lm/pico-decoder-small@3b04367b1f9f520d1eb5dc4b1d62222a11574175,42000,2,0.3494660139607077,0.1002466589895868,0.0955002063516928,13.688068958108806,23.940348288700765
pico-decoder-small,pico-lm/pico-decoder-small@3b04367b1f9f520d1eb5dc4b1d62222a11574175,42000,3,0.3220886684981225,0.1144555357314824,0.1154249358205591,15.374530510016688,24.60776350982794
pico-decoder-small,pico-lm/pico-decoder-small@3b04367b1f9f520d1eb5dc4b1d62222a11574175,42000,4,0.2812387444270906,0.1340645353236209,0.1606836352710491,17.852555515110414,28.5161737206822
pico-decoder-small,pico-lm/pico-decoder-small@3b04367b1f9f520d1eb5dc4b1d62222a11574175,42000,5,0.2223963008842441,0.1609816350543253,0.1972696823891752,22.322838623018036,34.97443315379454
pico-decoder-small,pico-lm/pico-decoder-small@3b04367b1f9f520d1eb5dc4b1d62222a11574175,42000,6,0.1659177563763006,0.2515431502946758,0.3169222384627158,33.66460861583396,47.79944420497827
pico-decoder-small,pico-lm/pico-decoder-small@3b04367b1f9f520d1eb5dc4b1d62222a11574175,42000,7,0.0499162724846942,0.2892243726341132,0.2703096074624844,44.84065568427575,95.0131875469012
pico-decoder-small,pico-lm/pico-decoder-small@3b04367b1f9f520d1eb5dc4b1d62222a11574175,42000,8,0.0144951638836179,0.4165985560418508,0.3368001753151468,112.68001892409374,238.23575715975844
pico-decoder-small,pico-lm/pico-decoder-small@3b04367b1f9f520d1eb5dc4b1d62222a11574175,42000,9,0.0116165673903266,0.4460847896947917,0.3900656872556498,148.21686254483222,277.7293981846958
pico-decoder-small,pico-lm/pico-decoder-small@3b04367b1f9f520d1eb5dc4b1d62222a11574175,42000,10,0.0263982361242369,0.3666420004197502,0.3498956362716139,117.09069786107642,166.83722090629308
pico-decoder-small,pico-lm/pico-decoder-small@3b04367b1f9f520d1eb5dc4b1d62222a11574175,42000,11,0.0313335195089784,0.3466580547989888,0.4074442128724831,185.93475154914623,170.21359028037335
pico-decoder-small,pico-lm/pico-decoder-small@a8fcdde6a31d48184ff170362f4802ba6f7c825b,43000,0,0.4407195479808461,0.0689051947393101,0.0293149649965473,10.740084116829957,16.789648995089035
pico-decoder-small,pico-lm/pico-decoder-small@a8fcdde6a31d48184ff170362f4802ba6f7c825b,43000,1,0.3982260019821815,0.086924061705651,0.0655190013988461,12.24437729146972,20.256523353721164
pico-decoder-small,pico-lm/pico-decoder-small@a8fcdde6a31d48184ff170362f4802ba6f7c825b,43000,2,0.3504607902365538,0.1028919284331985,0.1026212023673922,13.73174602626542,24.37320052148625
pico-decoder-small,pico-lm/pico-decoder-small@a8fcdde6a31d48184ff170362f4802ba6f7c825b,43000,3,0.3236132382073739,0.1157870426270104,0.1220959667701565,15.387350933626555,24.89393012268835
pico-decoder-small,pico-lm/pico-decoder-small@a8fcdde6a31d48184ff170362f4802ba6f7c825b,43000,4,0.2863954199811331,0.1363836380221356,0.1691765367990356,17.857881506645494,28.334730760727325
pico-decoder-small,pico-lm/pico-decoder-small@a8fcdde6a31d48184ff170362f4802ba6f7c825b,43000,5,0.2349904814497432,0.1624353948369722,0.2061314468645184,22.295117581368476,33.4049090422697
pico-decoder-small,pico-lm/pico-decoder-small@a8fcdde6a31d48184ff170362f4802ba6f7c825b,43000,6,0.1643015473486278,0.2552229324813324,0.3271904558064313,34.03612839219796,45.07413072777962
pico-decoder-small,pico-lm/pico-decoder-small@a8fcdde6a31d48184ff170362f4802ba6f7c825b,43000,7,0.0531738685355117,0.2989129427619887,0.2832971630352062,45.19679866620343,100.61528283285952
pico-decoder-small,pico-lm/pico-decoder-small@a8fcdde6a31d48184ff170362f4802ba6f7c825b,43000,8,0.0145212067090901,0.4237970967236645,0.3497732456123285,114.65789199920958,239.04967234242807
pico-decoder-small,pico-lm/pico-decoder-small@a8fcdde6a31d48184ff170362f4802ba6f7c825b,43000,9,0.0115335360275125,0.4533554095517709,0.4019062053502967,152.25814785372617,288.0561810213428
pico-decoder-small,pico-lm/pico-decoder-small@a8fcdde6a31d48184ff170362f4802ba6f7c825b,43000,10,0.027351023757874,0.3722349675304807,0.3617974527281217,118.14404869591024,152.20682112618852
pico-decoder-small,pico-lm/pico-decoder-small@a8fcdde6a31d48184ff170362f4802ba6f7c825b,43000,11,0.034382602143769,0.3526463929901292,0.4073565471725752,189.4646462952617,160.91819595242643
pico-decoder-small,pico-lm/pico-decoder-small@42a2d16068cea73c52aa94a34fd039b076c656d2,44000,0,0.4380966438143359,0.0695684086474872,0.0308410423613753,10.737064464001945,17.013624996474295
pico-decoder-small,pico-lm/pico-decoder-small@42a2d16068cea73c52aa94a34fd039b076c656d2,44000,1,0.3892121142426571,0.0876181755669745,0.0708695336455779,12.309815838103782,20.722155841900463
pico-decoder-small,pico-lm/pico-decoder-small@42a2d16068cea73c52aa94a34fd039b076c656d2,44000,2,0.3469793225901001,0.1022782105787632,0.1092187074206654,13.779740297665477,23.76076846037374
pico-decoder-small,pico-lm/pico-decoder-small@42a2d16068cea73c52aa94a34fd039b076c656d2,44000,3,0.3245350519779538,0.1166140002039089,0.1280293564094513,15.44661532765976,24.156971805244325
pico-decoder-small,pico-lm/pico-decoder-small@42a2d16068cea73c52aa94a34fd039b076c656d2,44000,4,0.2772367346721916,0.1385981642846228,0.1801652143211422,18.047798407657023,28.50179787297911
pico-decoder-small,pico-lm/pico-decoder-small@42a2d16068cea73c52aa94a34fd039b076c656d2,44000,5,0.2228536276502315,0.165275146321478,0.2219793219961566,22.789311101219948,37.2960739356959
pico-decoder-small,pico-lm/pico-decoder-small@42a2d16068cea73c52aa94a34fd039b076c656d2,44000,6,0.16429488915978,0.2590517309415578,0.3339224581019776,34.80077208624977,47.167572702486346
pico-decoder-small,pico-lm/pico-decoder-small@42a2d16068cea73c52aa94a34fd039b076c656d2,44000,7,0.0597322999864757,0.2942048643307766,0.2931077640136549,45.51912542507306,87.6552017359014
pico-decoder-small,pico-lm/pico-decoder-small@42a2d16068cea73c52aa94a34fd039b076c656d2,44000,8,0.0170675808231293,0.424575706891208,0.3531477950115593,111.38883110558004,207.5420736583893
pico-decoder-small,pico-lm/pico-decoder-small@42a2d16068cea73c52aa94a34fd039b076c656d2,44000,9,0.0130628439982315,0.4505659729647122,0.4039973691769691,148.87928503998944,254.81461553894655
pico-decoder-small,pico-lm/pico-decoder-small@42a2d16068cea73c52aa94a34fd039b076c656d2,44000,10,0.0318432421690662,0.3684126299548669,0.3664464530210331,117.96398169796944,140.81197153727888
pico-decoder-small,pico-lm/pico-decoder-small@42a2d16068cea73c52aa94a34fd039b076c656d2,44000,11,0.0298534283011308,0.3471087007589037,0.4098932686537926,188.7925318255037,174.85037264617793
pico-decoder-small,pico-lm/pico-decoder-small@9b211dca4e657296153efe83773900826fe138d5,45000,0,0.4374344196099727,0.0699355427931451,0.032684911806881,10.725468800441387,17.129304927487627
pico-decoder-small,pico-lm/pico-decoder-small@9b211dca4e657296153efe83773900826fe138d5,45000,1,0.3926277552579397,0.0879722460279469,0.0760010007360178,12.303233690362662,20.327099148476087
pico-decoder-small,pico-lm/pico-decoder-small@9b211dca4e657296153efe83773900826fe138d5,45000,2,0.3496893081240876,0.1037117561554919,0.1188210446238523,13.850050334995585,23.561695765978357
pico-decoder-small,pico-lm/pico-decoder-small@9b211dca4e657296153efe83773900826fe138d5,45000,3,0.3269022053683387,0.118035268521963,0.1406546236295665,15.552489124992034,23.214458967607573
pico-decoder-small,pico-lm/pico-decoder-small@9b211dca4e657296153efe83773900826fe138d5,45000,4,0.2771284397392511,0.1390069314749613,0.1934960770233667,18.19497924107291,27.327773638524494
pico-decoder-small,pico-lm/pico-decoder-small@9b211dca4e657296153efe83773900826fe138d5,45000,5,0.2246944707344003,0.1677790841022857,0.2349108524211817,22.991589746114744,36.7864661507518
pico-decoder-small,pico-lm/pico-decoder-small@9b211dca4e657296153efe83773900826fe138d5,45000,6,0.1574221578798748,0.2530799372934102,0.3454509418308512,34.273403646404645,48.07676737558607
pico-decoder-small,pico-lm/pico-decoder-small@9b211dca4e657296153efe83773900826fe138d5,45000,7,0.054976347756038,0.2905105931642541,0.299174702599753,44.6045011867469,100.4980155300526
pico-decoder-small,pico-lm/pico-decoder-small@9b211dca4e657296153efe83773900826fe138d5,45000,8,0.0142891430108274,0.4156307774541545,0.3519356572724133,109.770285026173,253.4902661131874
pico-decoder-small,pico-lm/pico-decoder-small@9b211dca4e657296153efe83773900826fe138d5,45000,9,0.0112595693214079,0.450280217394681,0.4083274255481103,147.3551182667349,308.9972215743884
pico-decoder-small,pico-lm/pico-decoder-small@9b211dca4e657296153efe83773900826fe138d5,45000,10,0.0260404301010934,0.3630703576840042,0.3643027371522412,117.7847207092554,166.8599372277112
pico-decoder-small,pico-lm/pico-decoder-small@9b211dca4e657296153efe83773900826fe138d5,45000,11,0.030251841023651,0.3444876807894541,0.4114983037805503,194.02021997724867,171.37544836915782
pico-decoder-small,pico-lm/pico-decoder-small@8866040c1a6ead0d48bd6a4f6ff9046c778670fa,46000,0,0.4353262678801723,0.0707719883395572,0.036655671006311,10.744843081419727,17.141696774670294
pico-decoder-small,pico-lm/pico-decoder-small@8866040c1a6ead0d48bd6a4f6ff9046c778670fa,46000,1,0.3869794446131586,0.0911058636094542,0.0840249646487173,12.377755707708104,20.773360365162628
pico-decoder-small,pico-lm/pico-decoder-small@8866040c1a6ead0d48bd6a4f6ff9046c778670fa,46000,2,0.3430909962989151,0.1064602180431862,0.1278207524409965,13.947647764409815,24.422328155343667
pico-decoder-small,pico-lm/pico-decoder-small@8866040c1a6ead0d48bd6a4f6ff9046c778670fa,46000,3,0.3228315324246394,0.119147678464774,0.1508125728935429,15.67579742782904,23.719778647868544
pico-decoder-small,pico-lm/pico-decoder-small@8866040c1a6ead0d48bd6a4f6ff9046c778670fa,46000,4,0.2784105071867596,0.1388909884662427,0.2034209755020174,18.347037558116096,28.641760220415456
pico-decoder-small,pico-lm/pico-decoder-small@8866040c1a6ead0d48bd6a4f6ff9046c778670fa,46000,5,0.2292583519008014,0.1716309509405249,0.2460542406072988,23.389305340944023,34.93120561708292
pico-decoder-small,pico-lm/pico-decoder-small@8866040c1a6ead0d48bd6a4f6ff9046c778670fa,46000,6,0.1461435402435814,0.266524361495595,0.3506421741452307,35.891692466156265,49.42493760575499
pico-decoder-small,pico-lm/pico-decoder-small@8866040c1a6ead0d48bd6a4f6ff9046c778670fa,46000,7,0.054079841974225,0.3003795255481242,0.3072845880564317,45.69893561664514,92.2860715907023
pico-decoder-small,pico-lm/pico-decoder-small@8866040c1a6ead0d48bd6a4f6ff9046c778670fa,46000,8,0.0130185442636033,0.4291284646047309,0.3594730987446429,117.72306796056128,259.16722974092096
pico-decoder-small,pico-lm/pico-decoder-small@8866040c1a6ead0d48bd6a4f6ff9046c778670fa,46000,9,0.010714518015815,0.4575240561842972,0.4128760400120417,155.81347340349132,318.1966446999392
pico-decoder-small,pico-lm/pico-decoder-small@8866040c1a6ead0d48bd6a4f6ff9046c778670fa,46000,10,0.0258144592547904,0.373511711575176,0.3748400952529918,121.43542780172248,163.42235726585324
pico-decoder-small,pico-lm/pico-decoder-small@8866040c1a6ead0d48bd6a4f6ff9046c778670fa,46000,11,0.0308903517979484,0.3465042518526496,0.40520921611314,189.6927490578225,163.6957527546455
pico-decoder-small,pico-lm/pico-decoder-small@2c39df607c549d2902ed46ce83a2e6630df09d90,47000,0,0.4351153054410966,0.071018044211057,0.039396036235684,10.740250312314762,17.446621055878886
pico-decoder-small,pico-lm/pico-decoder-small@2c39df607c549d2902ed46ce83a2e6630df09d90,47000,1,0.3878617192468365,0.0899401428825904,0.0875255881121909,12.373120165326725,21.06928847811357
pico-decoder-small,pico-lm/pico-decoder-small@2c39df607c549d2902ed46ce83a2e6630df09d90,47000,2,0.3409621620097337,0.1047979175746404,0.1333710628477665,13.975098303930862,24.1261782854896
pico-decoder-small,pico-lm/pico-decoder-small@2c39df607c549d2902ed46ce83a2e6630df09d90,47000,3,0.3180719042655738,0.1196377205175548,0.1572341561347031,15.78210200040854,24.617577076014147
pico-decoder-small,pico-lm/pico-decoder-small@2c39df607c549d2902ed46ce83a2e6630df09d90,47000,4,0.2779328741278061,0.139881185485499,0.2092197999384478,18.4585319614433,29.12943567857261
pico-decoder-small,pico-lm/pico-decoder-small@2c39df607c549d2902ed46ce83a2e6630df09d90,47000,5,0.225297699235443,0.1755502158454079,0.2556119743800736,23.815331959463467,36.77142029649448
pico-decoder-small,pico-lm/pico-decoder-small@2c39df607c549d2902ed46ce83a2e6630df09d90,47000,6,0.1563830347816825,0.2698030069868163,0.3579923130840906,36.42867887891972,49.01676198003527
pico-decoder-small,pico-lm/pico-decoder-small@2c39df607c549d2902ed46ce83a2e6630df09d90,47000,7,0.0482164114915919,0.3120957120285439,0.3052079844109774,47.62576006986502,97.78763426451752
pico-decoder-small,pico-lm/pico-decoder-small@2c39df607c549d2902ed46ce83a2e6630df09d90,47000,8,0.0140994732720038,0.433487550523724,0.3640572018335091,119.1143178464472,237.35405116029025
pico-decoder-small,pico-lm/pico-decoder-small@2c39df607c549d2902ed46ce83a2e6630df09d90,47000,9,0.0111622343752986,0.4612803607240773,0.4197881623206112,157.60466026270907,302.1787571447205
pico-decoder-small,pico-lm/pico-decoder-small@2c39df607c549d2902ed46ce83a2e6630df09d90,47000,10,0.0282057809793254,0.3789340542461046,0.3827047456430996,123.42145927120164,155.42055072040637
pico-decoder-small,pico-lm/pico-decoder-small@2c39df607c549d2902ed46ce83a2e6630df09d90,47000,11,0.0299633827346994,0.3515231929803377,0.4030101386238357,188.83714933070848,167.04748100734906
pico-decoder-small,pico-lm/pico-decoder-small@e2f848f2a712b27ddfebe48ddc4dd6258de6df59,48000,0,0.4330828167317714,0.0728461833498251,0.0431350422273071,10.76741781684991,17.266162223157373
pico-decoder-small,pico-lm/pico-decoder-small@e2f848f2a712b27ddfebe48ddc4dd6258de6df59,48000,1,0.3820663442234481,0.0917482293932033,0.094170294244457,12.455819826610483,21.51593955181547
pico-decoder-small,pico-lm/pico-decoder-small@e2f848f2a712b27ddfebe48ddc4dd6258de6df59,48000,2,0.3360171886035135,0.1073220274329505,0.1427696599421799,14.113072692000374,25.153721015355966
pico-decoder-small,pico-lm/pico-decoder-small@e2f848f2a712b27ddfebe48ddc4dd6258de6df59,48000,3,0.3157788551088442,0.1224916359061142,0.1695325656282166,15.977173338423311,25.07784839740125
pico-decoder-small,pico-lm/pico-decoder-small@e2f848f2a712b27ddfebe48ddc4dd6258de6df59,48000,4,0.2819973465749743,0.1425507206641813,0.222588201838221,18.72683636763233,29.20127121129377
pico-decoder-small,pico-lm/pico-decoder-small@e2f848f2a712b27ddfebe48ddc4dd6258de6df59,48000,5,0.2279158468089814,0.1773819190769626,0.2678445599659333,24.09008708021276,36.6716534983825
pico-decoder-small,pico-lm/pico-decoder-small@e2f848f2a712b27ddfebe48ddc4dd6258de6df59,48000,6,0.1323181574622212,0.2728591950332322,0.3666924198620381,37.24168191577709,50.49486218124915
pico-decoder-small,pico-lm/pico-decoder-small@e2f848f2a712b27ddfebe48ddc4dd6258de6df59,48000,7,0.0526660316125718,0.3094069671133453,0.3198464926602686,47.26598426251823,100.2477366628638
pico-decoder-small,pico-lm/pico-decoder-small@e2f848f2a712b27ddfebe48ddc4dd6258de6df59,48000,8,0.0118629232930104,0.4358341101712156,0.3679238088310989,124.21673265740095,276.52892105243626
pico-decoder-small,pico-lm/pico-decoder-small@e2f848f2a712b27ddfebe48ddc4dd6258de6df59,48000,9,0.010290203195232,0.4618961315529881,0.42109417480214,162.10569573068616,317.19690136306184
pico-decoder-small,pico-lm/pico-decoder-small@e2f848f2a712b27ddfebe48ddc4dd6258de6df59,48000,10,0.0256981884522608,0.381482086899487,0.3848582003500657,125.78283111852096,151.35341820749647
pico-decoder-small,pico-lm/pico-decoder-small@e2f848f2a712b27ddfebe48ddc4dd6258de6df59,48000,11,0.0327277238604304,0.3469672024143455,0.4001039185242434,183.9007734635636,150.21668110493974
pico-decoder-small,pico-lm/pico-decoder-small@fa46e0b2c4bcc53653b39cd684396f35c777aead,49000,0,0.4276599635265388,0.0748506529432272,0.0487961215648171,10.813756346471353,17.67641580111918
pico-decoder-small,pico-lm/pico-decoder-small@fa46e0b2c4bcc53653b39cd684396f35c777aead,49000,1,0.3728737190310009,0.0949743954643379,0.1053324828313817,12.575088955848114,22.29680022559422
pico-decoder-small,pico-lm/pico-decoder-small@fa46e0b2c4bcc53653b39cd684396f35c777aead,49000,2,0.3295359046848002,0.1086897776246577,0.1494043213067355,14.175341156281682,25.81020073849064
pico-decoder-small,pico-lm/pico-decoder-small@fa46e0b2c4bcc53653b39cd684396f35c777aead,49000,3,0.3081527274612927,0.1232594545372656,0.1786559955302328,16.08828857071972,26.32991914373348
pico-decoder-small,pico-lm/pico-decoder-small@fa46e0b2c4bcc53653b39cd684396f35c777aead,49000,4,0.275258919793392,0.1446813799304117,0.2349402982987896,18.90445969295361,29.138683146701126
pico-decoder-small,pico-lm/pico-decoder-small@fa46e0b2c4bcc53653b39cd684396f35c777aead,49000,5,0.2263308556737351,0.1770950972696073,0.2806320142371668,24.274176846826094,36.73819597931843
pico-decoder-small,pico-lm/pico-decoder-small@fa46e0b2c4bcc53653b39cd684396f35c777aead,49000,6,0.1262844905957923,0.2714951641408398,0.3772284134694192,36.903275607393454,53.55882923892359
pico-decoder-small,pico-lm/pico-decoder-small@fa46e0b2c4bcc53653b39cd684396f35c777aead,49000,7,0.0457789893925343,0.3076135756496483,0.3232749362333533,47.58919632911147,96.03434377731764
pico-decoder-small,pico-lm/pico-decoder-small@fa46e0b2c4bcc53653b39cd684396f35c777aead,49000,8,0.0110964434029299,0.4393497074769372,0.3695252602759504,127.16628049588805,275.58211482619805
pico-decoder-small,pico-lm/pico-decoder-small@fa46e0b2c4bcc53653b39cd684396f35c777aead,49000,9,0.0095440582172504,0.4663119584432291,0.422856736754131,166.418753567739,335.2496277208726
pico-decoder-small,pico-lm/pico-decoder-small@fa46e0b2c4bcc53653b39cd684396f35c777aead,49000,10,0.0217187270789653,0.3832460404718895,0.3894985003100371,128.29389993434552,171.6519720495093
pico-decoder-small,pico-lm/pico-decoder-small@fa46e0b2c4bcc53653b39cd684396f35c777aead,49000,11,0.0303031644262853,0.3471517883326229,0.4024868306804489,185.6904574491571,175.65099906116964
pico-decoder-small,pico-lm/pico-decoder-small@1c1daa1853e150e7a21ae4af47574da037fbb206,50000,0,0.4284237962593335,0.0746938640598793,0.050517992800564,10.799686019807744,17.536288536766058
pico-decoder-small,pico-lm/pico-decoder-small@1c1daa1853e150e7a21ae4af47574da037fbb206,50000,1,0.37207653415176,0.0959992109430317,0.1096060586566765,12.624040408888815,22.33703997934284
pico-decoder-small,pico-lm/pico-decoder-small@1c1daa1853e150e7a21ae4af47574da037fbb206,50000,2,0.332152909288512,0.1103865945391981,0.1553109895481105,14.233820703306582,25.58506307309468
pico-decoder-small,pico-lm/pico-decoder-small@1c1daa1853e150e7a21ae4af47574da037fbb206,50000,3,0.3148940508980719,0.1241511783184988,0.1842953025643335,16.11566989777846,25.65908831647013
pico-decoder-small,pico-lm/pico-decoder-small@1c1daa1853e150e7a21ae4af47574da037fbb206,50000,4,0.2805539522195586,0.145918438944015,0.2414110055075423,19.023617796274323,28.52257493709212
pico-decoder-small,pico-lm/pico-decoder-small@1c1daa1853e150e7a21ae4af47574da037fbb206,50000,5,0.2265432631583495,0.1798477909509332,0.2890590257122392,24.602970721495566,35.26727702875007
pico-decoder-small,pico-lm/pico-decoder-small@1c1daa1853e150e7a21ae4af47574da037fbb206,50000,6,0.1204285961111783,0.2734858615955501,0.3829592823637164,37.31182531676329,52.75469771701855
pico-decoder-small,pico-lm/pico-decoder-small@1c1daa1853e150e7a21ae4af47574da037fbb206,50000,7,0.048092690071658,0.3016004503722069,0.3293493107651007,46.79823890730575,97.4535349952471
pico-decoder-small,pico-lm/pico-decoder-small@1c1daa1853e150e7a21ae4af47574da037fbb206,50000,8,0.0107532389532049,0.4433972624094899,0.3753690707779074,127.287391498527,290.11722665180355
pico-decoder-small,pico-lm/pico-decoder-small@1c1daa1853e150e7a21ae4af47574da037fbb206,50000,9,0.0095086512528288,0.465651039855651,0.4274406950771602,163.9645214422991,333.3114079805837
pico-decoder-small,pico-lm/pico-decoder-small@1c1daa1853e150e7a21ae4af47574da037fbb206,50000,10,0.0214756292721574,0.3815526080153136,0.3931636452574609,127.07105822697604,174.17720473896105
pico-decoder-small,pico-lm/pico-decoder-small@1c1daa1853e150e7a21ae4af47574da037fbb206,50000,11,0.0313801279971839,0.3451575357844789,0.3982565906906667,189.11440948387573,162.1955870734811
pico-decoder-small,pico-lm/pico-decoder-small@7aa7c5e89a41da940802066eaa61d34d72089434,51000,0,0.4266865328121463,0.0747739657892305,0.0528287690368114,10.795323677137697,17.978461397711843
pico-decoder-small,pico-lm/pico-decoder-small@7aa7c5e89a41da940802066eaa61d34d72089434,51000,1,0.3678460725808529,0.0955674928846668,0.1128352621448802,12.627876720935216,22.667767292626863
pico-decoder-small,pico-lm/pico-decoder-small@7aa7c5e89a41da940802066eaa61d34d72089434,51000,2,0.3274547350110106,0.1094909280937894,0.158616944534033,14.254358789823302,26.32282371393216
pico-decoder-small,pico-lm/pico-decoder-small@7aa7c5e89a41da940802066eaa61d34d72089434,51000,3,0.3088967186354512,0.1233675907120869,0.1887230634882617,16.17192305442454,25.58831524821439
pico-decoder-small,pico-lm/pico-decoder-small@7aa7c5e89a41da940802066eaa61d34d72089434,51000,4,0.2709750993871737,0.1462713645560615,0.2459637010868851,19.11998302964108,28.74460015965313
pico-decoder-small,pico-lm/pico-decoder-small@7aa7c5e89a41da940802066eaa61d34d72089434,51000,5,0.2191094356116167,0.1806334765737527,0.2948143596608197,24.832228849319733,34.92817023710347
pico-decoder-small,pico-lm/pico-decoder-small@7aa7c5e89a41da940802066eaa61d34d72089434,51000,6,0.1146000691549829,0.2752111734397395,0.3919923248278039,37.82383798121032,54.74249036973542
pico-decoder-small,pico-lm/pico-decoder-small@7aa7c5e89a41da940802066eaa61d34d72089434,51000,7,0.0438282309654721,0.3039486867492251,0.3341929922032233,47.68842375015393,107.39998074823968
pico-decoder-small,pico-lm/pico-decoder-small@7aa7c5e89a41da940802066eaa61d34d72089434,51000,8,0.0105279489958509,0.4369471146839467,0.3762724490749685,127.8588388760264,278.21259378214853
pico-decoder-small,pico-lm/pico-decoder-small@7aa7c5e89a41da940802066eaa61d34d72089434,51000,9,0.0094783088005438,0.459869239439657,0.4286178472061623,163.59413687833103,341.9842472986315
pico-decoder-small,pico-lm/pico-decoder-small@7aa7c5e89a41da940802066eaa61d34d72089434,51000,10,0.0217101315357833,0.3861416904079007,0.3998199257021246,128.01394456389642,170.16437527421428
pico-decoder-small,pico-lm/pico-decoder-small@7aa7c5e89a41da940802066eaa61d34d72089434,51000,11,0.0297565158321874,0.3542125282885096,0.4166426518178182,193.24954030716836,162.54477718309715
pico-decoder-small,pico-lm/pico-decoder-small@9213448a01fde86281f3df23d6846b5c31f86998,52000,0,0.4263149980234439,0.0752928391238539,0.0554713479592921,10.793723096054409,18.038182826935028
pico-decoder-small,pico-lm/pico-decoder-small@9213448a01fde86281f3df23d6846b5c31f86998,52000,1,0.3685991784468447,0.0954094683576795,0.1157431595821347,12.621653531386665,22.196103662295577
pico-decoder-small,pico-lm/pico-decoder-small@9213448a01fde86281f3df23d6846b5c31f86998,52000,2,0.3292443655905368,0.1093056421645412,0.1638393948506969,14.312253326187072,25.07257553076789
pico-decoder-small,pico-lm/pico-decoder-small@9213448a01fde86281f3df23d6846b5c31f86998,52000,3,0.3133972250359368,0.124191399216975,0.1916122059920016,16.231829387634956,24.990929225360382
pico-decoder-small,pico-lm/pico-decoder-small@9213448a01fde86281f3df23d6846b5c31f86998,52000,4,0.2747047629501774,0.1464702528085194,0.2500181233086964,19.22626795672265,28.226181561207305
pico-decoder-small,pico-lm/pico-decoder-small@9213448a01fde86281f3df23d6846b5c31f86998,52000,5,0.2156159100451376,0.1828597035910049,0.3058069695756851,25.079827246536784,35.36604721387855
pico-decoder-small,pico-lm/pico-decoder-small@9213448a01fde86281f3df23d6846b5c31f86998,52000,6,0.1334041091425108,0.2699721463100124,0.3942225945420864,37.42697881804127,51.282646152079096
pico-decoder-small,pico-lm/pico-decoder-small@9213448a01fde86281f3df23d6846b5c31f86998,52000,7,0.0521077724806655,0.2995977990723497,0.3343186695020564,46.828525263275495,93.9379986821013
pico-decoder-small,pico-lm/pico-decoder-small@9213448a01fde86281f3df23d6846b5c31f86998,52000,8,0.0110525396010131,0.4411218781765838,0.3813830235223435,125.77500050944826,261.34609713631056
pico-decoder-small,pico-lm/pico-decoder-small@9213448a01fde86281f3df23d6846b5c31f86998,52000,9,0.0099579161708717,0.4582701511184239,0.4313128131794894,159.75225082935074,318.36683799278734
pico-decoder-small,pico-lm/pico-decoder-small@9213448a01fde86281f3df23d6846b5c31f86998,52000,10,0.0240317452929944,0.3791379984800888,0.4028318280646336,127.68287268420482,164.58636301676833
pico-decoder-small,pico-lm/pico-decoder-small@9213448a01fde86281f3df23d6846b5c31f86998,52000,11,0.0326485741194315,0.3481240475753726,0.4025599504244017,192.87831377489312,160.69792217056352
pico-decoder-small,pico-lm/pico-decoder-small@41f9cd78186e1fbaf4b6b2164f52331d4ef4c15e,53000,0,0.42345838575241,0.0757331994876406,0.0597217042438141,10.821245164159114,18.345895284833336
pico-decoder-small,pico-lm/pico-decoder-small@41f9cd78186e1fbaf4b6b2164f52331d4ef4c15e,53000,1,0.3645675020907211,0.0961834987362079,0.1216667287532844,12.681611185283248,22.840336191647847
pico-decoder-small,pico-lm/pico-decoder-small@41f9cd78186e1fbaf4b6b2164f52331d4ef4c15e,53000,2,0.3263916350770594,0.110802954415897,0.1713207070125032,14.394387830921197,24.921539932762958
pico-decoder-small,pico-lm/pico-decoder-small@41f9cd78186e1fbaf4b6b2164f52331d4ef4c15e,53000,3,0.3055841898789195,0.1270301523470296,0.2022595375210311,16.390129290565394,24.915315815815173
pico-decoder-small,pico-lm/pico-decoder-small@41f9cd78186e1fbaf4b6b2164f52331d4ef4c15e,53000,4,0.2707521736498312,0.149659862111573,0.2593757850492221,19.394633139319623,28.294881509557296
pico-decoder-small,pico-lm/pico-decoder-small@41f9cd78186e1fbaf4b6b2164f52331d4ef4c15e,53000,5,0.2197598466275319,0.1836131059772729,0.3165328304764005,25.49372993031451,34.521644105130626
pico-decoder-small,pico-lm/pico-decoder-small@41f9cd78186e1fbaf4b6b2164f52331d4ef4c15e,53000,6,0.1330002281797155,0.2737442139818264,0.4079659554268233,37.90520098991876,50.63433272804474
pico-decoder-small,pico-lm/pico-decoder-small@41f9cd78186e1fbaf4b6b2164f52331d4ef4c15e,53000,7,0.0509455485850139,0.2969720169214939,0.3452861566775113,47.0384972822609,95.71987553722246
pico-decoder-small,pico-lm/pico-decoder-small@41f9cd78186e1fbaf4b6b2164f52331d4ef4c15e,53000,8,0.0122048803875853,0.4374226559475814,0.3924451057969594,118.64252925808044,252.5024346139079
pico-decoder-small,pico-lm/pico-decoder-small@41f9cd78186e1fbaf4b6b2164f52331d4ef4c15e,53000,9,0.0108706053075364,0.4570583781210546,0.4447527855535624,152.66397463839257,287.72347979278123
pico-decoder-small,pico-lm/pico-decoder-small@41f9cd78186e1fbaf4b6b2164f52331d4ef4c15e,53000,10,0.0279848118670502,0.3733655483176981,0.411498175428025,123.50195382184005,148.65628990389737
pico-decoder-small,pico-lm/pico-decoder-small@41f9cd78186e1fbaf4b6b2164f52331d4ef4c15e,53000,11,0.0337409067431606,0.3412369686084168,0.4048195804388259,192.1323866726444,158.1070515822595
pico-decoder-small,pico-lm/pico-decoder-small@f4454c4dd5fa26693e9755fbac1a1f6aa12f6c37,54000,0,0.423696185702864,0.0771234888496151,0.0658904274983105,10.857606036309043,18.394035579976627
pico-decoder-small,pico-lm/pico-decoder-small@f4454c4dd5fa26693e9755fbac1a1f6aa12f6c37,54000,1,0.3629985600657262,0.0970169489825438,0.1308667416542291,12.762402574197308,22.67620646825458
pico-decoder-small,pico-lm/pico-decoder-small@f4454c4dd5fa26693e9755fbac1a1f6aa12f6c37,54000,2,0.321734322430609,0.1122869817529738,0.1809845400196445,14.49655182903816,25.470711916546595
pico-decoder-small,pico-lm/pico-decoder-small@f4454c4dd5fa26693e9755fbac1a1f6aa12f6c37,54000,3,0.3047818781597406,0.1270629642873572,0.2089550309768107,16.474299586692094,25.51415446068953
pico-decoder-small,pico-lm/pico-decoder-small@f4454c4dd5fa26693e9755fbac1a1f6aa12f6c37,54000,4,0.2725013786507487,0.1495543226687858,0.2619548213361809,19.423232056839137,27.71365217099684
pico-decoder-small,pico-lm/pico-decoder-small@f4454c4dd5fa26693e9755fbac1a1f6aa12f6c37,54000,5,0.2183778859251755,0.182905075648797,0.3170793892490895,25.58903937191768,34.733041388451724
pico-decoder-small,pico-lm/pico-decoder-small@f4454c4dd5fa26693e9755fbac1a1f6aa12f6c37,54000,6,0.1337074270725631,0.270286798290759,0.4070372498046853,38.00663264266139,50.8936901820144
pico-decoder-small,pico-lm/pico-decoder-small@f4454c4dd5fa26693e9755fbac1a1f6aa12f6c37,54000,7,0.0515051139644738,0.2957152114989762,0.3522593219044789,47.49773825801341,96.91407033866948
pico-decoder-small,pico-lm/pico-decoder-small@f4454c4dd5fa26693e9755fbac1a1f6aa12f6c37,54000,8,0.011095027406359,0.4376346802635127,0.3917053055279192,123.605787497967,282.7633948639121
pico-decoder-small,pico-lm/pico-decoder-small@f4454c4dd5fa26693e9755fbac1a1f6aa12f6c37,54000,9,0.0099931883292213,0.4599302494763467,0.4481099340938665,160.73664265866825,328.65858644707646
pico-decoder-small,pico-lm/pico-decoder-small@f4454c4dd5fa26693e9755fbac1a1f6aa12f6c37,54000,10,0.0234451982100649,0.3738170184386111,0.4112039132248161,128.62538072943846,167.6614675836147
pico-decoder-small,pico-lm/pico-decoder-small@f4454c4dd5fa26693e9755fbac1a1f6aa12f6c37,54000,11,0.0306809406823708,0.3407495913359131,0.4095867417434667,193.21177951814607,163.6127638402775
pico-decoder-small,pico-lm/pico-decoder-small@497f4bdf16cbdcb120415cd944d84b34d1fef37a,55000,0,0.4214300592537175,0.076893084702838,0.0653891704371414,10.83003418575692,18.552102264488774
pico-decoder-small,pico-lm/pico-decoder-small@497f4bdf16cbdcb120415cd944d84b34d1fef37a,55000,1,0.363124563808135,0.0970870888089356,0.1322745113721344,12.743267571166967,22.912746205316797
pico-decoder-small,pico-lm/pico-decoder-small@497f4bdf16cbdcb120415cd944d84b34d1fef37a,55000,2,0.3201498699103287,0.1122429276278764,0.1826275379685933,14.49680432671348,25.90559484942325
pico-decoder-small,pico-lm/pico-decoder-small@497f4bdf16cbdcb120415cd944d84b34d1fef37a,55000,3,0.3075522249802605,0.1289191075023978,0.2137482274816663,16.527747878340275,25.92385888336734
pico-decoder-small,pico-lm/pico-decoder-small@497f4bdf16cbdcb120415cd944d84b34d1fef37a,55000,4,0.2742129030291551,0.1495312168431855,0.2687169188960161,19.6023645734969,28.12169432095808
pico-decoder-small,pico-lm/pico-decoder-small@497f4bdf16cbdcb120415cd944d84b34d1fef37a,55000,5,0.2253453643956512,0.1897823890566547,0.3299816670420946,26.221297700647224,36.831560973526486
pico-decoder-small,pico-lm/pico-decoder-small@497f4bdf16cbdcb120415cd944d84b34d1fef37a,55000,6,0.1349540453265122,0.259974153727687,0.4260206317734497,36.9642875791307,52.4610873960596
pico-decoder-small,pico-lm/pico-decoder-small@497f4bdf16cbdcb120415cd944d84b34d1fef37a,55000,7,0.0573411407032219,0.2924988935189849,0.3716628723104148,46.81772079392893,91.11286067398126
pico-decoder-small,pico-lm/pico-decoder-small@497f4bdf16cbdcb120415cd944d84b34d1fef37a,55000,8,0.0124468501702219,0.4118228648392072,0.3991718777156367,107.51581638695092,259.2935120143011
pico-decoder-small,pico-lm/pico-decoder-small@497f4bdf16cbdcb120415cd944d84b34d1fef37a,55000,9,0.0109358181390579,0.4388017396079249,0.4523032289556294,143.362493136616,303.89903123627226
pico-decoder-small,pico-lm/pico-decoder-small@497f4bdf16cbdcb120415cd944d84b34d1fef37a,55000,10,0.0293003315225217,0.3540412080657931,0.4098287737625182,119.99179165781,161.11785280630625
pico-decoder-small,pico-lm/pico-decoder-small@497f4bdf16cbdcb120415cd944d84b34d1fef37a,55000,11,0.0354989118256654,0.341794332173845,0.4059692623099422,204.28861823577083,196.51994749934067
pico-decoder-small,pico-lm/pico-decoder-small@79119d3d39e86e4f4fdd14e0de769ebbba87b4c1,56000,0,0.4221445576319322,0.0776748722822301,0.0701093863496754,10.848670808003355,18.537343922586476
pico-decoder-small,pico-lm/pico-decoder-small@79119d3d39e86e4f4fdd14e0de769ebbba87b4c1,56000,1,0.3688529522044208,0.0960427810071194,0.1357748856416129,12.721348969190982,23.018906822110104
pico-decoder-small,pico-lm/pico-decoder-small@79119d3d39e86e4f4fdd14e0de769ebbba87b4c1,56000,2,0.3231389621790455,0.1125642230571274,0.1866099467768921,14.496317468635482,25.904895021943982
pico-decoder-small,pico-lm/pico-decoder-small@79119d3d39e86e4f4fdd14e0de769ebbba87b4c1,56000,3,0.3060346274475639,0.1292133000292771,0.2154109049754156,16.51526544285855,25.728391476008877
pico-decoder-small,pico-lm/pico-decoder-small@79119d3d39e86e4f4fdd14e0de769ebbba87b4c1,56000,4,0.2670781194693912,0.1522768320672683,0.2753100533872409,19.7103829246954,29.255678304318945
pico-decoder-small,pico-lm/pico-decoder-small@79119d3d39e86e4f4fdd14e0de769ebbba87b4c1,56000,5,0.2118672831637208,0.1903630902127898,0.3327306614759708,26.362466024795864,38.21145349514204
pico-decoder-small,pico-lm/pico-decoder-small@79119d3d39e86e4f4fdd14e0de769ebbba87b4c1,56000,6,0.1174093047419104,0.2770243510622194,0.4177414240290875,38.98318717633228,53.53558189653383
pico-decoder-small,pico-lm/pico-decoder-small@79119d3d39e86e4f4fdd14e0de769ebbba87b4c1,56000,7,0.0473530899728797,0.299198666683343,0.3608069889197113,47.78277758601925,97.96679495237906
pico-decoder-small,pico-lm/pico-decoder-small@79119d3d39e86e4f4fdd14e0de769ebbba87b4c1,56000,8,0.0096884356478821,0.4447210323772075,0.4046907108248551,132.61313467276523,309.6758998057049
pico-decoder-small,pico-lm/pico-decoder-small@79119d3d39e86e4f4fdd14e0de769ebbba87b4c1,56000,9,0.0087348027463742,0.4720056108338522,0.4621475196149525,171.9819169445104,368.4506648735253
pico-decoder-small,pico-lm/pico-decoder-small@79119d3d39e86e4f4fdd14e0de769ebbba87b4c1,56000,10,0.0195334902913862,0.3864739894137288,0.431409676300126,133.33123998574067,182.2411878620169
pico-decoder-small,pico-lm/pico-decoder-small@79119d3d39e86e4f4fdd14e0de769ebbba87b4c1,56000,11,0.0280853246171789,0.3468762334610702,0.4079750186529473,189.7162069239005,181.28528728269487
pico-decoder-small,pico-lm/pico-decoder-small@1e0aa9e9184e67611fe6a3fe7e0d301e199367b4,57000,0,0.4195327381179908,0.0778123394942698,0.0735302380784008,10.868867758305417,18.72964993826677
pico-decoder-small,pico-lm/pico-decoder-small@1e0aa9e9184e67611fe6a3fe7e0d301e199367b4,57000,1,0.3621191023195202,0.0969789339431115,0.1410064523943637,12.766679323044928,23.08226504913476
pico-decoder-small,pico-lm/pico-decoder-small@1e0aa9e9184e67611fe6a3fe7e0d301e199367b4,57000,2,0.3198651429814929,0.1130804439338682,0.1932457608677811,14.56706435345953,26.84254025618938
pico-decoder-small,pico-lm/pico-decoder-small@1e0aa9e9184e67611fe6a3fe7e0d301e199367b4,57000,3,0.3087045761112177,0.127729004526304,0.2182521645722987,16.522213132763277,25.343104759706364
pico-decoder-small,pico-lm/pico-decoder-small@1e0aa9e9184e67611fe6a3fe7e0d301e199367b4,57000,4,0.2774737081201465,0.1499103575448425,0.2756653704808848,19.58434494225073,28.98809159124056
pico-decoder-small,pico-lm/pico-decoder-small@1e0aa9e9184e67611fe6a3fe7e0d301e199367b4,57000,5,0.2198321320367169,0.1849083612498733,0.3337154832892322,26.08877501322813,37.95508662974007
pico-decoder-small,pico-lm/pico-decoder-small@1e0aa9e9184e67611fe6a3fe7e0d301e199367b4,57000,6,0.1032742810870737,0.2790026985322809,0.4172472145727787,39.5715658458568,58.61060703169729
pico-decoder-small,pico-lm/pico-decoder-small@1e0aa9e9184e67611fe6a3fe7e0d301e199367b4,57000,7,0.046124023683545,0.3018263253853166,0.3543228119066753,48.56220216909872,102.22490762350957
pico-decoder-small,pico-lm/pico-decoder-small@1e0aa9e9184e67611fe6a3fe7e0d301e199367b4,57000,8,0.0093024479280276,0.4492612292094207,0.4083730479273845,138.0844723216386,348.8175160181625
pico-decoder-small,pico-lm/pico-decoder-small@1e0aa9e9184e67611fe6a3fe7e0d301e199367b4,57000,9,0.0085743800804674,0.4734193329442361,0.4640432171662624,176.7793111104267,398.9988642308968
pico-decoder-small,pico-lm/pico-decoder-small@1e0aa9e9184e67611fe6a3fe7e0d301e199367b4,57000,10,0.0188918737338335,0.3869978126900162,0.4315505862585816,137.43308969412655,202.41120612469476
pico-decoder-small,pico-lm/pico-decoder-small@1e0aa9e9184e67611fe6a3fe7e0d301e199367b4,57000,11,0.0308507175239211,0.3460162201071652,0.41205458738989,191.97994480677636,166.4835796723739
pico-decoder-small,pico-lm/pico-decoder-small@12cffd4abfebe78cd4df44f368d49ae2aec28999,58000,0,0.4194606391260435,0.07863273202573,0.0770587416381639,10.872522567129437,18.894646568002475
pico-decoder-small,pico-lm/pico-decoder-small@12cffd4abfebe78cd4df44f368d49ae2aec28999,58000,1,0.3641370847185891,0.0981633224211531,0.1493132471769353,12.816188384866615,23.349219978625733
pico-decoder-small,pico-lm/pico-decoder-small@12cffd4abfebe78cd4df44f368d49ae2aec28999,58000,2,0.3200405585027558,0.1146802819494297,0.2047071960897297,14.6850596319094,26.658856906078707
pico-decoder-small,pico-lm/pico-decoder-small@12cffd4abfebe78cd4df44f368d49ae2aec28999,58000,3,0.3052773252109539,0.1296093373839726,0.2295982937729642,16.648928118837844,25.60940853743963
pico-decoder-small,pico-lm/pico-decoder-small@12cffd4abfebe78cd4df44f368d49ae2aec28999,58000,4,0.2746978958855679,0.1538818263184778,0.2876879802618715,19.830648361949454,29.07712349851181
pico-decoder-small,pico-lm/pico-decoder-small@12cffd4abfebe78cd4df44f368d49ae2aec28999,58000,5,0.2331549482138062,0.1926020816961765,0.3444661100583265,26.591044878416472,38.59458775248225
pico-decoder-small,pico-lm/pico-decoder-small@12cffd4abfebe78cd4df44f368d49ae2aec28999,58000,6,0.1127323871592326,0.2833963138853572,0.4279780350588735,39.87079439658829,58.002063648160856
pico-decoder-small,pico-lm/pico-decoder-small@12cffd4abfebe78cd4df44f368d49ae2aec28999,58000,7,0.0462999803899198,0.30656266391318,0.3573499646694477,49.181325681007934,102.4470001932781
pico-decoder-small,pico-lm/pico-decoder-small@12cffd4abfebe78cd4df44f368d49ae2aec28999,58000,8,0.0086113517411521,0.4557839341405965,0.4115296459367659,145.82451605827012,388.7691229358852
pico-decoder-small,pico-lm/pico-decoder-small@12cffd4abfebe78cd4df44f368d49ae2aec28999,58000,9,0.0081647849411279,0.4795965909230561,0.4668604130234366,183.39447141555067,416.560772053894
pico-decoder-small,pico-lm/pico-decoder-small@12cffd4abfebe78cd4df44f368d49ae2aec28999,58000,10,0.0173968658727036,0.3934531850224168,0.4380075329489486,140.04740738133512,203.65659398660455
pico-decoder-small,pico-lm/pico-decoder-small@12cffd4abfebe78cd4df44f368d49ae2aec28999,58000,11,0.0320052952792725,0.3489731054005124,0.4022702335323793,186.1024974458364,168.81801916625204
pico-decoder-small,pico-lm/pico-decoder-small@88752c656e1478698735820b50bc1648b43897bc,59000,0,0.4194922450062073,0.0789642772657129,0.0808665199876583,10.88232945223812,18.813007040555547
pico-decoder-small,pico-lm/pico-decoder-small@88752c656e1478698735820b50bc1648b43897bc,59000,1,0.3581801881624967,0.0993052769879108,0.1549906975973987,12.862502439016758,24.291945710795297
pico-decoder-small,pico-lm/pico-decoder-small@88752c656e1478698735820b50bc1648b43897bc,59000,2,0.3121047716460466,0.1157841178970287,0.2109352811355866,14.753875211831174,27.83761117312266
pico-decoder-small,pico-lm/pico-decoder-small@88752c656e1478698735820b50bc1648b43897bc,59000,3,0.2954802870025046,0.131954484003239,0.2360762391018836,16.76633501985368,26.39637857927803
pico-decoder-small,pico-lm/pico-decoder-small@88752c656e1478698735820b50bc1648b43897bc,59000,4,0.2633427254097612,0.1545268961214333,0.2944914632548221,19.97193648610097,28.049986953536138
pico-decoder-small,pico-lm/pico-decoder-small@88752c656e1478698735820b50bc1648b43897bc,59000,5,0.2307250376344882,0.1970326670692383,0.3506558242461389,27.13901070845096,36.19790581023486
pico-decoder-small,pico-lm/pico-decoder-small@88752c656e1478698735820b50bc1648b43897bc,59000,6,0.1058399224811811,0.2857404205350078,0.4325052986086984,40.109539636316406,58.05509076329504
pico-decoder-small,pico-lm/pico-decoder-small@88752c656e1478698735820b50bc1648b43897bc,59000,7,0.0511720971580895,0.2997972703235221,0.3692423371735101,48.285210638342114,94.38313935091792
pico-decoder-small,pico-lm/pico-decoder-small@88752c656e1478698735820b50bc1648b43897bc,59000,8,0.009466551093274,0.4519440120387401,0.41685116179949,138.20364636067677,326.0127542945105
pico-decoder-small,pico-lm/pico-decoder-small@88752c656e1478698735820b50bc1648b43897bc,59000,9,0.0088857927364546,0.4776951849755387,0.4716477592281359,174.18373346106247,368.9151445420794
pico-decoder-small,pico-lm/pico-decoder-small@88752c656e1478698735820b50bc1648b43897bc,59000,10,0.0198317339112839,0.3869982860144803,0.4416161467837137,136.21317024149752,182.1052093173962
pico-decoder-small,pico-lm/pico-decoder-small@88752c656e1478698735820b50bc1648b43897bc,59000,11,0.0318774980603103,0.3460483956571183,0.4179074711042158,188.1519902199849,165.47126814837063
pico-decoder-small,pico-lm/pico-decoder-small@ef0c2a9858930c1b946d7fd3ec94d87a30fb6316,60000,0,0.4196517781108992,0.0791666530080617,0.0824008078396081,10.879191083245878,18.75938057431513
pico-decoder-small,pico-lm/pico-decoder-small@ef0c2a9858930c1b946d7fd3ec94d87a30fb6316,60000,1,0.3608896236023871,0.0995426606281554,0.1551304261338469,12.82809734419292,23.9920304677458
pico-decoder-small,pico-lm/pico-decoder-small@ef0c2a9858930c1b946d7fd3ec94d87a30fb6316,60000,2,0.3169278863307951,0.1154606144696472,0.2088324933505812,14.675802205404407,27.36730793531421
pico-decoder-small,pico-lm/pico-decoder-small@ef0c2a9858930c1b946d7fd3ec94d87a30fb6316,60000,3,0.3020227986951566,0.1312515156538186,0.2362863561609234,16.69000196482189,25.591050447614517
pico-decoder-small,pico-lm/pico-decoder-small@ef0c2a9858930c1b946d7fd3ec94d87a30fb6316,60000,4,0.2715770091066299,0.1527631211432192,0.2958225081169864,19.88988350855791,27.703325911804377
pico-decoder-small,pico-lm/pico-decoder-small@ef0c2a9858930c1b946d7fd3ec94d87a30fb6316,60000,5,0.232338019048378,0.1928846567054685,0.3522896120256264,26.81573398328254,34.553995898284334
pico-decoder-small,pico-lm/pico-decoder-small@ef0c2a9858930c1b946d7fd3ec94d87a30fb6316,60000,6,0.1037462870413426,0.2808270151561178,0.437456731821371,39.653831110846255,55.727396785764746
pico-decoder-small,pico-lm/pico-decoder-small@ef0c2a9858930c1b946d7fd3ec94d87a30fb6316,60000,7,0.0463702591643222,0.3014055580880352,0.3698670964266243,48.13003909540783,92.95827523521396
pico-decoder-small,pico-lm/pico-decoder-small@ef0c2a9858930c1b946d7fd3ec94d87a30fb6316,60000,8,0.0090818441398849,0.4509802141248407,0.4202735135759022,135.29127415255542,311.5643571064306
pico-decoder-small,pico-lm/pico-decoder-small@ef0c2a9858930c1b946d7fd3ec94d87a30fb6316,60000,9,0.0084196118895895,0.4761170797201945,0.4755248204450805,173.57955805589182,364.6166931036067
pico-decoder-small,pico-lm/pico-decoder-small@ef0c2a9858930c1b946d7fd3ec94d87a30fb6316,60000,10,0.0185443147898423,0.3807344674057504,0.4425874734034547,133.59466429329632,178.66912479012885
pico-decoder-small,pico-lm/pico-decoder-small@ef0c2a9858930c1b946d7fd3ec94d87a30fb6316,60000,11,0.0366086686380736,0.3486027597476002,0.4048592410832755,190.41191032348888,155.18535907166014
pico-decoder-small,pico-lm/pico-decoder-small@2adfdbab6dd63824aeb0c5b7f40693509b21f72e,61000,0,0.4123536731274828,0.0808743390373147,0.0889404043682144,10.94075255532678,19.297324594609368
pico-decoder-small,pico-lm/pico-decoder-small@2adfdbab6dd63824aeb0c5b7f40693509b21f72e,61000,1,0.3504367120793312,0.1014518767469598,0.1616239910918378,12.900110131456591,24.347598229148076
pico-decoder-small,pico-lm/pico-decoder-small@2adfdbab6dd63824aeb0c5b7f40693509b21f72e,61000,2,0.3107738176922047,0.117005958079989,0.2140919965840365,14.72982891858708,27.456756774232044
pico-decoder-small,pico-lm/pico-decoder-small@2adfdbab6dd63824aeb0c5b7f40693509b21f72e,61000,3,0.3033547973047833,0.1326431450088227,0.2413116192610869,16.70235593320623,25.94826752367773
pico-decoder-small,pico-lm/pico-decoder-small@2adfdbab6dd63824aeb0c5b7f40693509b21f72e,61000,4,0.2685850848595153,0.15468402355517,0.3032089226476923,20.03749262489495,28.304259374802758
pico-decoder-small,pico-lm/pico-decoder-small@2adfdbab6dd63824aeb0c5b7f40693509b21f72e,61000,5,0.2328559087647515,0.2011441816066628,0.3543277971421408,27.25848434531625,36.59059641064167
pico-decoder-small,pico-lm/pico-decoder-small@2adfdbab6dd63824aeb0c5b7f40693509b21f72e,61000,6,0.0901006325499236,0.2935635962398894,0.440281105348844,41.08457388778884,58.98280377599221
pico-decoder-small,pico-lm/pico-decoder-small@2adfdbab6dd63824aeb0c5b7f40693509b21f72e,61000,7,0.0458033996401351,0.3121958645491516,0.380795510399472,49.68755677248175,93.2612083857863
pico-decoder-small,pico-lm/pico-decoder-small@2adfdbab6dd63824aeb0c5b7f40693509b21f72e,61000,8,0.0085161503312245,0.4619424893991697,0.4220015503477101,145.96031693967035,339.19360230645464
pico-decoder-small,pico-lm/pico-decoder-small@2adfdbab6dd63824aeb0c5b7f40693509b21f72e,61000,9,0.0081167202878598,0.4882431360267806,0.4799123572619269,185.2362451501432,418.146193079759
pico-decoder-small,pico-lm/pico-decoder-small@2adfdbab6dd63824aeb0c5b7f40693509b21f72e,61000,10,0.0169278533549711,0.3967973576354696,0.4528250565833783,141.55959063263407,198.20680797001071
pico-decoder-small,pico-lm/pico-decoder-small@2adfdbab6dd63824aeb0c5b7f40693509b21f72e,61000,11,0.0337220170405868,0.3520545060295506,0.4113180078321938,186.48789012334265,160.40784337896915
pico-decoder-small,pico-lm/pico-decoder-small@8f2f5e9d39b7ef2738d2ddfa5002e690090afb1b,62000,0,0.4071293797033778,0.0819398053470248,0.095974007980508,10.991800717329625,20.01672785222279
pico-decoder-small,pico-lm/pico-decoder-small@8f2f5e9d39b7ef2738d2ddfa5002e690090afb1b,62000,1,0.3408435764596539,0.1025391896397468,0.1734041239491682,13.01840391291057,25.126921879681472
pico-decoder-small,pico-lm/pico-decoder-small@8f2f5e9d39b7ef2738d2ddfa5002e690090afb1b,62000,2,0.3065131433381413,0.1188936326432263,0.2269778217287818,14.889536674366298,27.749085863491228
pico-decoder-small,pico-lm/pico-decoder-small@8f2f5e9d39b7ef2738d2ddfa5002e690090afb1b,62000,3,0.3048661340828383,0.1343342901345489,0.2530798024753509,16.869203698586784,25.203473048314077
pico-decoder-small,pico-lm/pico-decoder-small@8f2f5e9d39b7ef2738d2ddfa5002e690090afb1b,62000,4,0.2698228481394922,0.1572789529495043,0.3139608250813533,20.258090559541746,28.296306722023683
pico-decoder-small,pico-lm/pico-decoder-small@8f2f5e9d39b7ef2738d2ddfa5002e690090afb1b,62000,5,0.2334026717305945,0.1998962572088114,0.3648443100782251,27.252655529010063,34.668757843103066
pico-decoder-small,pico-lm/pico-decoder-small@8f2f5e9d39b7ef2738d2ddfa5002e690090afb1b,62000,6,0.0936402841060437,0.2934628906120518,0.4446415693907631,41.07061818172016,62.08720501634537
pico-decoder-small,pico-lm/pico-decoder-small@8f2f5e9d39b7ef2738d2ddfa5002e690090afb1b,62000,7,0.0447178667921077,0.3098048237900728,0.3694709862411092,49.6613396944304,97.13453068246434
pico-decoder-small,pico-lm/pico-decoder-small@8f2f5e9d39b7ef2738d2ddfa5002e690090afb1b,62000,8,0.0081571072874094,0.4683831296057492,0.4269743470631081,152.41813402529957,377.0715996541291
pico-decoder-small,pico-lm/pico-decoder-small@8f2f5e9d39b7ef2738d2ddfa5002e690090afb1b,62000,9,0.0077823942737516,0.4960662309076546,0.483895641282814,194.0181287644616,437.8088534699202
pico-decoder-small,pico-lm/pico-decoder-small@8f2f5e9d39b7ef2738d2ddfa5002e690090afb1b,62000,10,0.0159750769515014,0.4026187994627517,0.4547196277642989,144.9572514959146,202.60998222296843
pico-decoder-small,pico-lm/pico-decoder-small@8f2f5e9d39b7ef2738d2ddfa5002e690090afb1b,62000,11,0.0345857243024039,0.3550246521953977,0.4079083103310221,184.8313954459469,147.76805098225375
pico-decoder-small,pico-lm/pico-decoder-small@27a605b8a3168bf13fde7e4903edf05011890db5,63000,0,0.4080657515693788,0.0819826405245873,0.0973639016732827,10.983092745750175,19.84524760755616
pico-decoder-small,pico-lm/pico-decoder-small@27a605b8a3168bf13fde7e4903edf05011890db5,63000,1,0.3483059868023439,0.1020690567388499,0.1730325644373887,12.96886666042414,23.937813987803462
pico-decoder-small,pico-lm/pico-decoder-small@27a605b8a3168bf13fde7e4903edf05011890db5,63000,2,0.3124645828374875,0.1178109510480808,0.2286970070448404,14.844124730973205,26.636730735536872
pico-decoder-small,pico-lm/pico-decoder-small@27a605b8a3168bf13fde7e4903edf05011890db5,63000,3,0.3073569020723281,0.134781913775427,0.2579652819069647,16.936485908457104,25.07420574623839
pico-decoder-small,pico-lm/pico-decoder-small@27a605b8a3168bf13fde7e4903edf05011890db5,63000,4,0.2651849212402327,0.1575612267256048,0.3210411337611341,20.45237914021237,28.19777513259956
pico-decoder-small,pico-lm/pico-decoder-small@27a605b8a3168bf13fde7e4903edf05011890db5,63000,5,0.2276424589717976,0.204307639303639,0.3729070306950302,27.81387401003289,34.18113507008297
pico-decoder-small,pico-lm/pico-decoder-small@27a605b8a3168bf13fde7e4903edf05011890db5,63000,6,0.0868075988076426,0.2914915470618116,0.45232269453403,41.03410191452279,61.30642567733751
pico-decoder-small,pico-lm/pico-decoder-small@27a605b8a3168bf13fde7e4903edf05011890db5,63000,7,0.051064604038456,0.3058363827454277,0.3886528991220625,49.33529406416351,87.8506301705752
pico-decoder-small,pico-lm/pico-decoder-small@27a605b8a3168bf13fde7e4903edf05011890db5,63000,8,0.0084768002432313,0.4551361194103352,0.4292038315467109,139.69885419917506,352.6511612793017
pico-decoder-small,pico-lm/pico-decoder-small@27a605b8a3168bf13fde7e4903edf05011890db5,63000,9,0.0082062311974584,0.4781033531497614,0.4834449744761388,179.02274647144145,387.800736726136
pico-decoder-small,pico-lm/pico-decoder-small@27a605b8a3168bf13fde7e4903edf05011890db5,63000,10,0.0181338058632376,0.3823398306060628,0.4517041838001813,138.3191386689949,193.75134646557743
pico-decoder-small,pico-lm/pico-decoder-small@27a605b8a3168bf13fde7e4903edf05011890db5,63000,11,0.0342464878219918,0.3457964996691291,0.405888708688451,191.3774161977016,159.3922048177898
pico-decoder-small,pico-lm/pico-decoder-small@64faca95211d12573bc85e90ab9b9346d61f571c,64000,0,0.4044772499620356,0.0822012340690146,0.1001144197281295,10.982193937627695,20.05365063702174
pico-decoder-small,pico-lm/pico-decoder-small@64faca95211d12573bc85e90ab9b9346d61f571c,64000,1,0.3427278895512701,0.1037643464584177,0.1773377999096008,12.993171795905146,24.33718344690678
pico-decoder-small,pico-lm/pico-decoder-small@64faca95211d12573bc85e90ab9b9346d61f571c,64000,2,0.3072736608480506,0.1188425163283842,0.2327428228433568,14.893965097245877,27.13753791218789
pico-decoder-small,pico-lm/pico-decoder-small@64faca95211d12573bc85e90ab9b9346d61f571c,64000,3,0.3036094691571276,0.1354805819976053,0.261950179251721,16.992973526361165,25.186756275030337
pico-decoder-small,pico-lm/pico-decoder-small@64faca95211d12573bc85e90ab9b9346d61f571c,64000,4,0.2649101926544717,0.1579052580637084,0.3239573128125702,20.460914346475217,28.52437002118293
pico-decoder-small,pico-lm/pico-decoder-small@64faca95211d12573bc85e90ab9b9346d61f571c,64000,5,0.2289381843981233,0.2016981010078558,0.3779943587317093,27.5924056771436,34.900122938977795
pico-decoder-small,pico-lm/pico-decoder-small@64faca95211d12573bc85e90ab9b9346d61f571c,64000,6,0.1018927574229851,0.2878454671106364,0.454375539523452,40.67319976028154,58.96762327183077
pico-decoder-small,pico-lm/pico-decoder-small@64faca95211d12573bc85e90ab9b9346d61f571c,64000,7,0.0541392798526664,0.2996875014360072,0.3896135131083482,48.5133523283502,86.97564038681892
pico-decoder-small,pico-lm/pico-decoder-small@64faca95211d12573bc85e90ab9b9346d61f571c,64000,8,0.0088909165146509,0.4580325339500768,0.4339206807751199,138.10532527873085,308.1933784362872
pico-decoder-small,pico-lm/pico-decoder-small@64faca95211d12573bc85e90ab9b9346d61f571c,64000,9,0.0085463671063106,0.4828136710804564,0.4902931418297541,176.1804357315759,352.74106602794524
pico-decoder-small,pico-lm/pico-decoder-small@64faca95211d12573bc85e90ab9b9346d61f571c,64000,10,0.0204341485037977,0.3830794010930614,0.4571723865828185,136.08189844044875,165.77117308178882
pico-decoder-small,pico-lm/pico-decoder-small@64faca95211d12573bc85e90ab9b9346d61f571c,64000,11,0.0365256365899692,0.3494877382638639,0.4082946534541986,190.0429035701244,142.2998687231169
pico-decoder-small,pico-lm/pico-decoder-small@04de7a38c9b974bc56e59c77ce6289b59ac333a3,65000,0,0.3995406535742054,0.0829012673578499,0.1030172692760192,11.014528474682656,20.43930578021377
pico-decoder-small,pico-lm/pico-decoder-small@04de7a38c9b974bc56e59c77ce6289b59ac333a3,65000,1,0.3442750266675784,0.1037929107640406,0.1793707428066592,13.007635068122646,24.90456567087148
pico-decoder-small,pico-lm/pico-decoder-small@04de7a38c9b974bc56e59c77ce6289b59ac333a3,65000,2,0.3102806547428167,0.119371142362134,0.2350199449844124,14.909806328851976,27.479012971779717
pico-decoder-small,pico-lm/pico-decoder-small@04de7a38c9b974bc56e59c77ce6289b59ac333a3,65000,3,0.305967714560896,0.1354931775287148,0.2655765408838733,17.018190160725506,25.26086265905763
pico-decoder-small,pico-lm/pico-decoder-small@04de7a38c9b974bc56e59c77ce6289b59ac333a3,65000,4,0.2645728358623401,0.1584161844821233,0.331066773133318,20.611011239645794,28.556895882873828
pico-decoder-small,pico-lm/pico-decoder-small@04de7a38c9b974bc56e59c77ce6289b59ac333a3,65000,5,0.2288893031820735,0.2029873480423857,0.3849675448220877,27.94683043263052,33.70830545053906
pico-decoder-small,pico-lm/pico-decoder-small@04de7a38c9b974bc56e59c77ce6289b59ac333a3,65000,6,0.0827082727795761,0.2964009145770394,0.4537929372668424,41.67635944188555,63.20332832299446
pico-decoder-small,pico-lm/pico-decoder-small@04de7a38c9b974bc56e59c77ce6289b59ac333a3,65000,7,0.0451892542953966,0.3055311718731349,0.383553761189255,49.27936972029055,101.43222638263782
pico-decoder-small,pico-lm/pico-decoder-small@04de7a38c9b974bc56e59c77ce6289b59ac333a3,65000,8,0.0084526538279325,0.4612692336488253,0.4356097722342383,143.92695764440174,340.98902121146585
pico-decoder-small,pico-lm/pico-decoder-small@04de7a38c9b974bc56e59c77ce6289b59ac333a3,65000,9,0.0080106329964963,0.491771208032495,0.4941408184709348,183.364110813749,391.4529087604095
pico-decoder-small,pico-lm/pico-decoder-small@04de7a38c9b974bc56e59c77ce6289b59ac333a3,65000,10,0.0168037723899771,0.3946814368530092,0.4626489823654781,140.73117335041215,185.4790125147897
pico-decoder-small,pico-lm/pico-decoder-small@04de7a38c9b974bc56e59c77ce6289b59ac333a3,65000,11,0.0338601573357016,0.3498666142811975,0.410707032397241,187.73724013671256,141.6909229995741
pico-decoder-small,pico-lm/pico-decoder-small@0a060522b26b84154fe744cff68debc60a62771b,66000,0,0.4017168478251941,0.0829015332705294,0.1054316845972796,11.002979459607523,20.03182945444473
pico-decoder-small,pico-lm/pico-decoder-small@0a060522b26b84154fe744cff68debc60a62771b,66000,1,0.3492052537918679,0.1035422701701603,0.1819595860147325,12.988063700166068,24.0736515557847
pico-decoder-small,pico-lm/pico-decoder-small@0a060522b26b84154fe744cff68debc60a62771b,66000,2,0.3106591448685016,0.1193921076185569,0.2398438941335031,14.956561024446088,26.776301951897967
pico-decoder-small,pico-lm/pico-decoder-small@0a060522b26b84154fe744cff68debc60a62771b,66000,3,0.3030333888161189,0.1347532750944468,0.2686748262188569,17.060285716817496,26.04942566316777
pico-decoder-small,pico-lm/pico-decoder-small@0a060522b26b84154fe744cff68debc60a62771b,66000,4,0.2648782126320123,0.1585157228754874,0.3375716280701143,20.72657950580256,28.68165158041343
pico-decoder-small,pico-lm/pico-decoder-small@0a060522b26b84154fe744cff68debc60a62771b,66000,5,0.2289578193181673,0.2097339782924662,0.3917318209154626,28.32121586002668,33.90666774630501
pico-decoder-small,pico-lm/pico-decoder-small@0a060522b26b84154fe744cff68debc60a62771b,66000,6,0.0859323982865681,0.2975138767848652,0.460867935390108,42.203633111668594,64.8627516195511
pico-decoder-small,pico-lm/pico-decoder-small@0a060522b26b84154fe744cff68debc60a62771b,66000,7,0.0423941272964384,0.3110910829154451,0.3897157703980027,50.05321103488455,94.49679755678078
pico-decoder-small,pico-lm/pico-decoder-small@0a060522b26b84154fe744cff68debc60a62771b,66000,8,0.008511929718421,0.4641278320614173,0.4362084074561768,147.83244403059808,327.3656230955038
pico-decoder-small,pico-lm/pico-decoder-small@0a060522b26b84154fe744cff68debc60a62771b,66000,9,0.0079941518333943,0.489164199118915,0.4922006835568274,186.43315346671667,388.17263750277175
pico-decoder-small,pico-lm/pico-decoder-small@0a060522b26b84154fe744cff68debc60a62771b,66000,10,0.0161463948502322,0.39856371836032,0.4646190089605173,143.36656056470736,178.9429833356199
pico-decoder-small,pico-lm/pico-decoder-small@0a060522b26b84154fe744cff68debc60a62771b,66000,11,0.0339657741583802,0.3529210581220876,0.4161473469897219,187.5838700161501,145.19285932483714
pico-decoder-small,pico-lm/pico-decoder-small@96a66aee1fd9e46f20ddd7b0e811fbcd6761cd3b,67000,0,0.4017448450868185,0.0832311235437844,0.1064303166549554,10.98046328324848,20.38390528422943
pico-decoder-small,pico-lm/pico-decoder-small@96a66aee1fd9e46f20ddd7b0e811fbcd6761cd3b,67000,1,0.3460917760761957,0.1037046804163971,0.1846915445298665,12.987325444388524,24.7373985159379
pico-decoder-small,pico-lm/pico-decoder-small@96a66aee1fd9e46f20ddd7b0e811fbcd6761cd3b,67000,2,0.3104844350301022,0.1195261229556202,0.2412373369683073,14.937341311633505,26.561051450819352
pico-decoder-small,pico-lm/pico-decoder-small@96a66aee1fd9e46f20ddd7b0e811fbcd6761cd3b,67000,3,0.3037973030570193,0.1350082960724501,0.271460154607993,17.083625363818978,25.71502251758696
pico-decoder-small,pico-lm/pico-decoder-small@96a66aee1fd9e46f20ddd7b0e811fbcd6761cd3b,67000,4,0.2629748504763732,0.1596782064668338,0.3398373690793688,20.7977194893389,28.81813092788912
pico-decoder-small,pico-lm/pico-decoder-small@96a66aee1fd9e46f20ddd7b0e811fbcd6761cd3b,67000,5,0.2258592453301747,0.2015248011580036,0.3897092563307068,27.856473230867508,35.72200093847771
pico-decoder-small,pico-lm/pico-decoder-small@96a66aee1fd9e46f20ddd7b0e811fbcd6761cd3b,67000,6,0.079979685233281,0.2996946420884893,0.4561436262575808,42.60814840746212,67.19205584333193
pico-decoder-small,pico-lm/pico-decoder-small@96a66aee1fd9e46f20ddd7b0e811fbcd6761cd3b,67000,7,0.0454516894643083,0.3099628345786145,0.3921235917357769,49.8233136606714,90.64070399774704
pico-decoder-small,pico-lm/pico-decoder-small@96a66aee1fd9e46f20ddd7b0e811fbcd6761cd3b,67000,8,0.0083366235099429,0.4705611462565179,0.4412611278051221,152.21795775457983,355.5828976588696
pico-decoder-small,pico-lm/pico-decoder-small@96a66aee1fd9e46f20ddd7b0e811fbcd6761cd3b,67000,9,0.0078439696857471,0.4937883527763975,0.4961366932945592,191.80636351360093,397.02541912293856
pico-decoder-small,pico-lm/pico-decoder-small@96a66aee1fd9e46f20ddd7b0e811fbcd6761cd3b,67000,10,0.0161350411850081,0.403124892425005,0.4705213317421914,145.24503100010182,191.2545970372662
pico-decoder-small,pico-lm/pico-decoder-small@96a66aee1fd9e46f20ddd7b0e811fbcd6761cd3b,67000,11,0.0355828502089696,0.3556779817177413,0.4122109078671082,186.0613747262512,149.2709225674367
pico-decoder-small,pico-lm/pico-decoder-small@e7396619711d862dc1bed1a5f5797fb2b5cc9768,68000,0,0.3984980289326026,0.0850458302710793,0.1116789700967707,11.033485867707626,20.51949222821582
pico-decoder-small,pico-lm/pico-decoder-small@e7396619711d862dc1bed1a5f5797fb2b5cc9768,68000,1,0.3455325087362073,0.1056033924415689,0.1910845447694074,13.067802006642394,24.781711170107773
pico-decoder-small,pico-lm/pico-decoder-small@e7396619711d862dc1bed1a5f5797fb2b5cc9768,68000,2,0.3107527046002994,0.121662948364572,0.2487301978220951,15.0199440142049,27.153229079177866
pico-decoder-small,pico-lm/pico-decoder-small@e7396619711d862dc1bed1a5f5797fb2b5cc9768,68000,3,0.3073787600473007,0.1358718556660606,0.2778205678725425,17.116610516317095,24.96089555346389
pico-decoder-small,pico-lm/pico-decoder-small@e7396619711d862dc1bed1a5f5797fb2b5cc9768,68000,4,0.2735596067209823,0.1578500802365849,0.3423316626483271,20.71309724321499,28.402303857583824
pico-decoder-small,pico-lm/pico-decoder-small@e7396619711d862dc1bed1a5f5797fb2b5cc9768,68000,5,0.2293967267205485,0.2039916962437299,0.3996363704853615,28.326244060766303,35.99508477118363
pico-decoder-small,pico-lm/pico-decoder-small@e7396619711d862dc1bed1a5f5797fb2b5cc9768,68000,6,0.0750357178810006,0.3031093501230861,0.4616962474348912,43.35740296769912,71.52896838347395
pico-decoder-small,pico-lm/pico-decoder-small@e7396619711d862dc1bed1a5f5797fb2b5cc9768,68000,7,0.0467774798836027,0.3147727867804105,0.3969200675179264,50.48405179692379,93.89236028776044
pico-decoder-small,pico-lm/pico-decoder-small@e7396619711d862dc1bed1a5f5797fb2b5cc9768,68000,8,0.0083964879181005,0.471435519227184,0.439983041497519,155.04254220180144,366.59420074988816
pico-decoder-small,pico-lm/pico-decoder-small@e7396619711d862dc1bed1a5f5797fb2b5cc9768,68000,9,0.0079262250107357,0.4925780250552402,0.4931685353642424,194.10058600198707,397.32441070767146
pico-decoder-small,pico-lm/pico-decoder-small@e7396619711d862dc1bed1a5f5797fb2b5cc9768,68000,10,0.0172332581535131,0.4020419465390013,0.4677867891802553,147.38985479318168,194.65852524256235
pico-decoder-small,pico-lm/pico-decoder-small@e7396619711d862dc1bed1a5f5797fb2b5cc9768,68000,11,0.036984850205531,0.3564993687000022,0.4122070697598121,187.27000265104044,153.30684704370637
pico-decoder-small,pico-lm/pico-decoder-small@ba3a7a617ab159a7fcbc81cd6ffb20319f00199a,69000,0,0.3985138057297334,0.0849934929154755,0.1137278780794794,11.022124434041194,20.238262480627395
pico-decoder-small,pico-lm/pico-decoder-small@ba3a7a617ab159a7fcbc81cd6ffb20319f00199a,69000,1,0.3460722812631102,0.106024611394387,0.195287097106322,13.078023811053974,24.87974769826292
pico-decoder-small,pico-lm/pico-decoder-small@ba3a7a617ab159a7fcbc81cd6ffb20319f00199a,69000,2,0.3114443978591287,0.1217082340728109,0.2530380315192818,15.032794573087198,26.245775457784266
pico-decoder-small,pico-lm/pico-decoder-small@ba3a7a617ab159a7fcbc81cd6ffb20319f00199a,69000,3,0.310421009803975,0.1362755345986001,0.2809696292928784,17.16666064361702,24.491830409896583
pico-decoder-small,pico-lm/pico-decoder-small@ba3a7a617ab159a7fcbc81cd6ffb20319f00199a,69000,4,0.2712750867841593,0.1586960729314714,0.3444711978320689,20.77171256919405,28.13536250763312
pico-decoder-small,pico-lm/pico-decoder-small@ba3a7a617ab159a7fcbc81cd6ffb20319f00199a,69000,5,0.2224330765326526,0.2087496027185102,0.3997762625161943,28.50827926275871,36.65587748614705
pico-decoder-small,pico-lm/pico-decoder-small@ba3a7a617ab159a7fcbc81cd6ffb20319f00199a,69000,6,0.0776891924405961,0.3022820227115113,0.4605678474097201,42.95376673673654,68.22567983223792
pico-decoder-small,pico-lm/pico-decoder-small@ba3a7a617ab159a7fcbc81cd6ffb20319f00199a,69000,7,0.0455030137792534,0.3162270242630141,0.390143865269533,50.228431427264056,100.62665185997449
pico-decoder-small,pico-lm/pico-decoder-small@ba3a7a617ab159a7fcbc81cd6ffb20319f00199a,69000,8,0.0083351894911826,0.4693365320177202,0.439126680087447,156.01867961961167,345.8681827450756
pico-decoder-small,pico-lm/pico-decoder-small@ba3a7a617ab159a7fcbc81cd6ffb20319f00199a,69000,9,0.0078660503532656,0.4919178803224172,0.4927796240054159,194.7576555878776,390.4027897067376
pico-decoder-small,pico-lm/pico-decoder-small@ba3a7a617ab159a7fcbc81cd6ffb20319f00199a,69000,10,0.0172316709371965,0.402402052519603,0.4718736256264297,148.09773130485482,178.79324899067907
pico-decoder-small,pico-lm/pico-decoder-small@ba3a7a617ab159a7fcbc81cd6ffb20319f00199a,69000,11,0.0356958104992559,0.3511977986250098,0.4087947689065855,184.2872823511224,152.5933334070705
pico-decoder-small,pico-lm/pico-decoder-small@63bfd31a42bdd16864908136aa5cce931810bb58,70000,0,0.3940127028183671,0.0854101634075963,0.1168004897304061,11.040486679149328,20.713189767280003
pico-decoder-small,pico-lm/pico-decoder-small@63bfd31a42bdd16864908136aa5cce931810bb58,70000,1,0.3478725397096893,0.1056662421627378,0.1956105389888332,13.043354975941158,24.797632374752745
pico-decoder-small,pico-lm/pico-decoder-small@63bfd31a42bdd16864908136aa5cce931810bb58,70000,2,0.3125291138557677,0.1213479385408507,0.2548165560900918,15.032175988041912,26.35991644764108
pico-decoder-small,pico-lm/pico-decoder-small@63bfd31a42bdd16864908136aa5cce931810bb58,70000,3,0.3082558230316645,0.1356362444366237,0.2827788274070879,17.165683805217558,24.887236396739397
pico-decoder-small,pico-lm/pico-decoder-small@63bfd31a42bdd16864908136aa5cce931810bb58,70000,4,0.2674347007816633,0.1586421592452023,0.3455605375706336,20.86736280896762,28.350574649016025
pico-decoder-small,pico-lm/pico-decoder-small@63bfd31a42bdd16864908136aa5cce931810bb58,70000,5,0.2243495425157287,0.2101490543808267,0.4019909672967697,28.72340048918965,36.77819669086702
pico-decoder-small,pico-lm/pico-decoder-small@63bfd31a42bdd16864908136aa5cce931810bb58,70000,6,0.0692331902318426,0.3079508339513442,0.4596340693693914,43.62773234152628,70.63544793668699
pico-decoder-small,pico-lm/pico-decoder-small@63bfd31a42bdd16864908136aa5cce931810bb58,70000,7,0.0430983140958413,0.3210240566287152,0.3906417931158716,50.55969459757784,99.50977779289371
pico-decoder-small,pico-lm/pico-decoder-small@63bfd31a42bdd16864908136aa5cce931810bb58,70000,8,0.007845901653469,0.4753953032983929,0.441762301758266,162.95881347383528,399.3999099501583
pico-decoder-small,pico-lm/pico-decoder-small@63bfd31a42bdd16864908136aa5cce931810bb58,70000,9,0.0074417760519439,0.4975804552415011,0.4965140694279401,203.9575324247716,443.05829199222336
pico-decoder-small,pico-lm/pico-decoder-small@63bfd31a42bdd16864908136aa5cce931810bb58,70000,10,0.0146253075411936,0.4120462734851089,0.4750394094071943,153.49802619471578,207.3020386685176
pico-decoder-small,pico-lm/pico-decoder-small@63bfd31a42bdd16864908136aa5cce931810bb58,70000,11,0.0356267205858368,0.3582094620432244,0.4175580912424815,186.7883500522078,151.36154445118558
pico-decoder-small,pico-lm/pico-decoder-small@5e0a9fbd93f2dbafe06c6cb20fa5521f766270e0,71000,0,0.3908590559222543,0.086214130165146,0.1219839324135965,11.074265528204712,21.074460949711444
pico-decoder-small,pico-lm/pico-decoder-small@5e0a9fbd93f2dbafe06c6cb20fa5521f766270e0,71000,1,0.3389806648385764,0.106812262326533,0.2045155309286789,13.158252504755492,25.31324104973385
pico-decoder-small,pico-lm/pico-decoder-small@5e0a9fbd93f2dbafe06c6cb20fa5521f766270e0,71000,2,0.3054160687202433,0.1229165415662262,0.2613694446848456,15.145471436310242,27.024336189688903
pico-decoder-small,pico-lm/pico-decoder-small@5e0a9fbd93f2dbafe06c6cb20fa5521f766270e0,71000,3,0.3014501424910367,0.1360006888074139,0.2879664673845478,17.257895769460685,26.25117376052176
pico-decoder-small,pico-lm/pico-decoder-small@5e0a9fbd93f2dbafe06c6cb20fa5521f766270e0,71000,4,0.2603532492291768,0.1600900214298934,0.3514131570342276,21.0294876978111,29.64244881617833
pico-decoder-small,pico-lm/pico-decoder-small@5e0a9fbd93f2dbafe06c6cb20fa5521f766270e0,71000,5,0.2149340087311441,0.2142741746310588,0.4044845590316334,29.25716875394792,37.13588484912547
pico-decoder-small,pico-lm/pico-decoder-small@5e0a9fbd93f2dbafe06c6cb20fa5521f766270e0,71000,6,0.0651558291605831,0.3042758231376387,0.4632301535055166,43.7977995717411,72.42486325562155
pico-decoder-small,pico-lm/pico-decoder-small@5e0a9fbd93f2dbafe06c6cb20fa5521f766270e0,71000,7,0.0436280050341018,0.3137505215194601,0.3919552823347517,49.93801897074249,96.61861199620834
pico-decoder-small,pico-lm/pico-decoder-small@5e0a9fbd93f2dbafe06c6cb20fa5521f766270e0,71000,8,0.0079707703573088,0.4727087101439684,0.4429446383185321,161.91887994946816,383.37380557782814
pico-decoder-small,pico-lm/pico-decoder-small@5e0a9fbd93f2dbafe06c6cb20fa5521f766270e0,71000,9,0.0076158597940377,0.4942241367927899,0.4982036746805863,201.052690845656,414.9372871379899
pico-decoder-small,pico-lm/pico-decoder-small@5e0a9fbd93f2dbafe06c6cb20fa5521f766270e0,71000,10,0.0155736467497728,0.4058294877807545,0.4771303359544902,150.83937565402198,192.734910252161
pico-decoder-small,pico-lm/pico-decoder-small@5e0a9fbd93f2dbafe06c6cb20fa5521f766270e0,71000,11,0.0331424623938375,0.3592092176980803,0.4215330499205654,186.04888347114888,142.39772473756324
pico-decoder-small,pico-lm/pico-decoder-small@4b4e4304ce873cafd39ac997ad47e16ec2d5d76d,72000,0,0.3928054956910687,0.0863660048280843,0.1240457974373895,11.069512331716576,20.6416484455816
pico-decoder-small,pico-lm/pico-decoder-small@4b4e4304ce873cafd39ac997ad47e16ec2d5d76d,72000,1,0.3412795812394261,0.1076357438728385,0.2109667406880443,13.201586034750273,25.175799694848923
pico-decoder-small,pico-lm/pico-decoder-small@4b4e4304ce873cafd39ac997ad47e16ec2d5d76d,72000,2,0.3043735060409412,0.1239701152857549,0.2711478381237605,15.248110460037738,26.54213539444508
pico-decoder-small,pico-lm/pico-decoder-small@4b4e4304ce873cafd39ac997ad47e16ec2d5d76d,72000,3,0.3001221774812073,0.137313328466509,0.2988900234366987,17.400240090668692,25.20770585867253
pico-decoder-small,pico-lm/pico-decoder-small@4b4e4304ce873cafd39ac997ad47e16ec2d5d76d,72000,4,0.26112081203436,0.1612965421000883,0.3609753071341133,21.17735368501225,28.285896453238088
pico-decoder-small,pico-lm/pico-decoder-small@4b4e4304ce873cafd39ac997ad47e16ec2d5d76d,72000,5,0.2163985241735773,0.2205352502977634,0.4122231863954326,29.664900383467582,36.76678856154298
pico-decoder-small,pico-lm/pico-decoder-small@4b4e4304ce873cafd39ac997ad47e16ec2d5d76d,72000,6,0.0584312906159711,0.3095002874476475,0.4694097844409928,44.12478901630257,77.44425526449213
pico-decoder-small,pico-lm/pico-decoder-small@4b4e4304ce873cafd39ac997ad47e16ec2d5d76d,72000,7,0.0405914080881438,0.318548105687467,0.4048457363212024,50.665984382881376,98.64345035805364
pico-decoder-small,pico-lm/pico-decoder-small@4b4e4304ce873cafd39ac997ad47e16ec2d5d76d,72000,8,0.0077647907556255,0.4731386109883618,0.4418237584279859,162.54497475872512,384.23382154084015
pico-decoder-small,pico-lm/pico-decoder-small@4b4e4304ce873cafd39ac997ad47e16ec2d5d76d,72000,9,0.0074631527604882,0.4926701569233345,0.4984777712140913,201.77037217285692,433.6606490018518
pico-decoder-small,pico-lm/pico-decoder-small@4b4e4304ce873cafd39ac997ad47e16ec2d5d76d,72000,10,0.014729294429946,0.4109728971078816,0.4809540069079456,153.01217440658053,196.2939030622682
pico-decoder-small,pico-lm/pico-decoder-small@4b4e4304ce873cafd39ac997ad47e16ec2d5d76d,72000,11,0.0333336811618193,0.3615220203120788,0.4138555730241748,182.90760251714647,156.60967472966428
pico-decoder-small,pico-lm/pico-decoder-small@f2bf3399e04924384ec7ea3acb5440318247824d,73000,0,0.3885656080133071,0.0863077655008742,0.1248026680717555,11.06407808875108,20.74711953944292
pico-decoder-small,pico-lm/pico-decoder-small@f2bf3399e04924384ec7ea3acb5440318247824d,73000,1,0.3367356842544113,0.1076573973703503,0.2114259846008339,13.200091230274412,25.173855200804
pico-decoder-small,pico-lm/pico-decoder-small@f2bf3399e04924384ec7ea3acb5440318247824d,73000,2,0.3039644407969635,0.1233612883191536,0.2676003150109332,15.187880116581802,27.2912666387062
pico-decoder-small,pico-lm/pico-decoder-small@f2bf3399e04924384ec7ea3acb5440318247824d,73000,3,0.3029236840279183,0.1376246704734717,0.297542258726551,17.351104871303747,25.222076609253637
pico-decoder-small,pico-lm/pico-decoder-small@f2bf3399e04924384ec7ea3acb5440318247824d,73000,4,0.2616188035388988,0.1618768382072176,0.3658202014110779,21.22234496817328,29.10416478606948
pico-decoder-small,pico-lm/pico-decoder-small@f2bf3399e04924384ec7ea3acb5440318247824d,73000,5,0.2131206620532925,0.2155452279453119,0.4161714821883204,29.413024110368063,37.19910561002834
pico-decoder-small,pico-lm/pico-decoder-small@f2bf3399e04924384ec7ea3acb5440318247824d,73000,6,0.0817120298824367,0.2973843774567561,0.4770598176381956,42.67367585665566,66.31608145127795
pico-decoder-small,pico-lm/pico-decoder-small@f2bf3399e04924384ec7ea3acb5440318247824d,73000,7,0.0506693987462904,0.3039091242897584,0.411223282056114,48.62579554880758,89.22626613950507
pico-decoder-small,pico-lm/pico-decoder-small@f2bf3399e04924384ec7ea3acb5440318247824d,73000,8,0.0084337083442195,0.4620852217688538,0.4420321798271692,148.32774423592463,351.6458111666901
pico-decoder-small,pico-lm/pico-decoder-small@f2bf3399e04924384ec7ea3acb5440318247824d,73000,9,0.0079761875003549,0.4860316490240177,0.5016612184208413,188.10120758518968,408.2836600685244
pico-decoder-small,pico-lm/pico-decoder-small@f2bf3399e04924384ec7ea3acb5440318247824d,73000,10,0.0179185627240359,0.3938864466939295,0.4785070240048159,143.44318639437404,189.5292467951309
pico-decoder-small,pico-lm/pico-decoder-small@f2bf3399e04924384ec7ea3acb5440318247824d,73000,11,0.0356035351043689,0.3540619229810407,0.4046060215926742,182.9056254560956,173.34187169480572
pico-decoder-small,pico-lm/pico-decoder-small@81c21ab4b67c2a986c2c4a8771db3b328075f9ca,74000,0,0.3849769155841855,0.0872522087338823,0.1316470685461717,11.11089993564779,21.13811935509175
pico-decoder-small,pico-lm/pico-decoder-small@81c21ab4b67c2a986c2c4a8771db3b328075f9ca,74000,1,0.3310463700967347,0.1088142103121733,0.2191991171201143,13.26810419586236,25.492113363334973
pico-decoder-small,pico-lm/pico-decoder-small@81c21ab4b67c2a986c2c4a8771db3b328075f9ca,74000,2,0.2995298669783943,0.1233601108748218,0.2753326752136871,15.25584372317507,28.00701022152637
pico-decoder-small,pico-lm/pico-decoder-small@81c21ab4b67c2a986c2c4a8771db3b328075f9ca,74000,3,0.3036353763839198,0.1367911081831268,0.3034392858895989,17.354987257333168,25.700562870845115
pico-decoder-small,pico-lm/pico-decoder-small@81c21ab4b67c2a986c2c4a8771db3b328075f9ca,74000,4,0.266654658818566,0.1614020814080699,0.3672687783360925,21.162720684964164,28.79905569470585
pico-decoder-small,pico-lm/pico-decoder-small@81c21ab4b67c2a986c2c4a8771db3b328075f9ca,74000,5,0.2218241930034396,0.2170807096933553,0.4157974418487347,29.351322619416862,35.14578949661886
pico-decoder-small,pico-lm/pico-decoder-small@81c21ab4b67c2a986c2c4a8771db3b328075f9ca,74000,6,0.0613790854533301,0.3083730993001533,0.4701187009266126,43.81493063631847,74.2416522771508
pico-decoder-small,pico-lm/pico-decoder-small@81c21ab4b67c2a986c2c4a8771db3b328075f9ca,74000,7,0.0394199004048281,0.3161811163752914,0.3893037834987138,50.33879836436815,98.87343933354036
pico-decoder-small,pico-lm/pico-decoder-small@81c21ab4b67c2a986c2c4a8771db3b328075f9ca,74000,8,0.0073992276596082,0.4750551471444751,0.4394088875033918,169.69713522095876,440.1208266776512
pico-decoder-small,pico-lm/pico-decoder-small@81c21ab4b67c2a986c2c4a8771db3b328075f9ca,74000,9,0.0071468515099205,0.4940905409218469,0.4961775884048038,210.6827623869826,483.2612079597424
pico-decoder-small,pico-lm/pico-decoder-small@81c21ab4b67c2a986c2c4a8771db3b328075f9ca,74000,10,0.0131508690173742,0.4168481543450081,0.4813071386657113,156.5277307849878,221.76090946949995
pico-decoder-small,pico-lm/pico-decoder-small@81c21ab4b67c2a986c2c4a8771db3b328075f9ca,74000,11,0.0357555210557533,0.3587684828297264,0.4094323378840839,180.3880306537409,151.91840914372858
pico-decoder-small,pico-lm/pico-decoder-small@67737816c3793c77c33cd993cb625dfe02f5dba2,75000,0,0.3909753927967576,0.087122254340985,0.1297531425205618,11.067781720229233,20.74335138823744
pico-decoder-small,pico-lm/pico-decoder-small@67737816c3793c77c33cd993cb625dfe02f5dba2,75000,1,0.3385932663574265,0.1084987405084862,0.2168760427571373,13.232800948441591,25.084201821970805
pico-decoder-small,pico-lm/pico-decoder-small@67737816c3793c77c33cd993cb625dfe02f5dba2,75000,2,0.3078411434440785,0.1239769566595461,0.272677498206703,15.215907334697716,26.92718412803136
pico-decoder-small,pico-lm/pico-decoder-small@67737816c3793c77c33cd993cb625dfe02f5dba2,75000,3,0.3102154811392275,0.138369769655754,0.3029142591524333,17.387813784808788,25.727967486171977
pico-decoder-small,pico-lm/pico-decoder-small@67737816c3793c77c33cd993cb625dfe02f5dba2,75000,4,0.2741061901775192,0.1631840256707066,0.3734301123478197,21.38805303074793,28.59408202320928
pico-decoder-small,pico-lm/pico-decoder-small@67737816c3793c77c33cd993cb625dfe02f5dba2,75000,5,0.2182566547529529,0.2154205006697892,0.4188055530207167,29.42257250971292,33.69853941468359
pico-decoder-small,pico-lm/pico-decoder-small@67737816c3793c77c33cd993cb625dfe02f5dba2,75000,6,0.0600408246855621,0.3058061506666948,0.4762541723803041,43.56112558190973,75.61111768297727
pico-decoder-small,pico-lm/pico-decoder-small@67737816c3793c77c33cd993cb625dfe02f5dba2,75000,7,0.0424093971358887,0.3128697835619676,0.4016172895239126,49.80715442817975,93.9854371870837
pico-decoder-small,pico-lm/pico-decoder-small@67737816c3793c77c33cd993cb625dfe02f5dba2,75000,8,0.007511560466273,0.4769480198766646,0.4439783361861992,169.14621835907107,403.69347407052936
pico-decoder-small,pico-lm/pico-decoder-small@67737816c3793c77c33cd993cb625dfe02f5dba2,75000,9,0.0072939703183915,0.4913771618408764,0.4993579447872861,209.924131646304,460.17251991172014
pico-decoder-small,pico-lm/pico-decoder-small@67737816c3793c77c33cd993cb625dfe02f5dba2,75000,10,0.0139903075193472,0.4153040384277088,0.4822625331215636,156.87475473172134,220.6722847869905
pico-decoder-small,pico-lm/pico-decoder-small@67737816c3793c77c33cd993cb625dfe02f5dba2,75000,11,0.0391262333769724,0.3617900951997274,0.4137095019389442,182.16790718172027,143.52873734935488
pico-decoder-small,pico-lm/pico-decoder-small@cd3c66fe9f41cb98971992c1c48e0000704daae7,76000,0,0.3927865042432708,0.0866505416550801,0.1306134921355709,11.043155608810263,20.55447892355013
pico-decoder-small,pico-lm/pico-decoder-small@cd3c66fe9f41cb98971992c1c48e0000704daae7,76000,1,0.3429088944905393,0.1083740527875205,0.2212778084147012,13.235007052350271,25.07428623193614
pico-decoder-small,pico-lm/pico-decoder-small@cd3c66fe9f41cb98971992c1c48e0000704daae7,76000,2,0.309495750700977,0.1243540929203219,0.2812397038320872,15.279434321694511,26.923463718296087
pico-decoder-small,pico-lm/pico-decoder-small@cd3c66fe9f41cb98971992c1c48e0000704daae7,76000,3,0.3107803565204088,0.1373954662382811,0.3067023681422228,17.373337477754475,26.068936319592456
pico-decoder-small,pico-lm/pico-decoder-small@cd3c66fe9f41cb98971992c1c48e0000704daae7,76000,4,0.2683643051043983,0.1613417482323883,0.3721557985023097,21.28404509846511,28.96239798173429
pico-decoder-small,pico-lm/pico-decoder-small@cd3c66fe9f41cb98971992c1c48e0000704daae7,76000,5,0.2093882984928382,0.2238832434561846,0.4196932485785667,29.84392860325946,35.2937479909243
pico-decoder-small,pico-lm/pico-decoder-small@cd3c66fe9f41cb98971992c1c48e0000704daae7,76000,6,0.054310261483382,0.3116382546884148,0.476514710867911,44.31557487421238,77.80445221146731
pico-decoder-small,pico-lm/pico-decoder-small@cd3c66fe9f41cb98971992c1c48e0000704daae7,76000,7,0.0412115785039634,0.3135911516967605,0.400058177725841,50.07840138877995,98.72607864712752
pico-decoder-small,pico-lm/pico-decoder-small@cd3c66fe9f41cb98971992c1c48e0000704daae7,76000,8,0.0074217465367704,0.4802898855422686,0.4470152375033281,168.27123362477116,439.6538542900253
pico-decoder-small,pico-lm/pico-decoder-small@cd3c66fe9f41cb98971992c1c48e0000704daae7,76000,9,0.0072175299604264,0.5007803187702397,0.5056353137701394,209.3013105898553,482.6528487227321
pico-decoder-small,pico-lm/pico-decoder-small@cd3c66fe9f41cb98971992c1c48e0000704daae7,76000,10,0.0137866243440724,0.4149385084340486,0.4905576531521219,156.94043224119835,239.77842485435767
pico-decoder-small,pico-lm/pico-decoder-small@cd3c66fe9f41cb98971992c1c48e0000704daae7,76000,11,0.0377104379315151,0.3637286971424441,0.4167329679436893,183.045522234082,158.9550348140641
pico-decoder-small,pico-lm/pico-decoder-small@8bc1f96e0ab394e6d9396f9105337a8ee9281b02,77000,0,0.3911738584890032,0.0871198948942117,0.1328590955136743,11.050103061076696,20.92805855536844
pico-decoder-small,pico-lm/pico-decoder-small@8bc1f96e0ab394e6d9396f9105337a8ee9281b02,77000,1,0.3415495435423528,0.108748555737677,0.2236507131456036,13.24259016860323,25.23372037477832
pico-decoder-small,pico-lm/pico-decoder-small@8bc1f96e0ab394e6d9396f9105337a8ee9281b02,77000,2,0.3058157133290309,0.1248625608988408,0.2837252749617303,15.318149743516198,26.628293369360385
pico-decoder-small,pico-lm/pico-decoder-small@8bc1f96e0ab394e6d9396f9105337a8ee9281b02,77000,3,0.3088033938544567,0.1384153493486023,0.3109435221497069,17.508618947446518,26.916180352613463
pico-decoder-small,pico-lm/pico-decoder-small@8bc1f96e0ab394e6d9396f9105337a8ee9281b02,77000,4,0.2644350741016951,0.1626909015091013,0.3774166610894329,21.49966070093644,29.859813896620604
pico-decoder-small,pico-lm/pico-decoder-small@8bc1f96e0ab394e6d9396f9105337a8ee9281b02,77000,5,0.2196662903453737,0.2216475856607151,0.4216747987591898,29.87837431997248,34.28573222765015
pico-decoder-small,pico-lm/pico-decoder-small@8bc1f96e0ab394e6d9396f9105337a8ee9281b02,77000,6,0.0626737319682332,0.3086634780612478,0.4804928899359134,43.77991491367723,74.24224460425589
pico-decoder-small,pico-lm/pico-decoder-small@8bc1f96e0ab394e6d9396f9105337a8ee9281b02,77000,7,0.0422869099915151,0.3123868039491584,0.4070828874208584,49.64684809583976,94.71356861062796
pico-decoder-small,pico-lm/pico-decoder-small@8bc1f96e0ab394e6d9396f9105337a8ee9281b02,77000,8,0.0074064378156427,0.4810013261598992,0.4511466511374006,167.93111137504832,417.9921749732301
pico-decoder-small,pico-lm/pico-decoder-small@8bc1f96e0ab394e6d9396f9105337a8ee9281b02,77000,9,0.0071813808565117,0.5019235080388467,0.509208168918544,208.44541818947653,463.1862235738328
pico-decoder-small,pico-lm/pico-decoder-small@8bc1f96e0ab394e6d9396f9105337a8ee9281b02,77000,10,0.0134471585074454,0.4175598594444504,0.4902524792806915,156.9354430446382,226.0065141486492
pico-decoder-small,pico-lm/pico-decoder-small@8bc1f96e0ab394e6d9396f9105337a8ee9281b02,77000,11,0.0363009197439973,0.3651316885654481,0.4168535896280173,179.76847992638952,139.03136207523602
pico-decoder-small,pico-lm/pico-decoder-small@54681b82e00ed8da204a8f5e199732edcd50c540,78000,0,0.3877141154639071,0.0881405266362781,0.1388332197682134,11.10273974858151,21.158421634772267
pico-decoder-small,pico-lm/pico-decoder-small@54681b82e00ed8da204a8f5e199732edcd50c540,78000,1,0.3423520444621407,0.1089206005681101,0.2279149382675546,13.29869224312792,25.442363048086367
pico-decoder-small,pico-lm/pico-decoder-small@54681b82e00ed8da204a8f5e199732edcd50c540,78000,2,0.3048846336357022,0.1248339318103647,0.2870058705401017,15.359108390945645,27.42896328786965
pico-decoder-small,pico-lm/pico-decoder-small@54681b82e00ed8da204a8f5e199732edcd50c540,78000,3,0.3062986699976991,0.1384636292520437,0.3122332117717327,17.499041936079617,27.1021342984056
pico-decoder-small,pico-lm/pico-decoder-small@54681b82e00ed8da204a8f5e199732edcd50c540,78000,4,0.2642023959123649,0.1644542403097665,0.3810583032732498,21.59455384033784,30.617010020057343
pico-decoder-small,pico-lm/pico-decoder-small@54681b82e00ed8da204a8f5e199732edcd50c540,78000,5,0.2208363215658655,0.2174017357598729,0.4255197265753381,29.58952974427757,34.544707316418204
pico-decoder-small,pico-lm/pico-decoder-small@54681b82e00ed8da204a8f5e199732edcd50c540,78000,6,0.0719502842916359,0.3011614157280702,0.4825879135550788,42.92806347328644,69.2877895274826
pico-decoder-small,pico-lm/pico-decoder-small@54681b82e00ed8da204a8f5e199732edcd50c540,78000,7,0.0475549014888659,0.3081881108480056,0.405637192317366,49.300160436361246,92.96605032449877
pico-decoder-small,pico-lm/pico-decoder-small@54681b82e00ed8da204a8f5e199732edcd50c540,78000,8,0.0079123206412422,0.4756759433300195,0.4555080716989373,157.63673252918332,376.70616800093694
pico-decoder-small,pico-lm/pico-decoder-small@54681b82e00ed8da204a8f5e199732edcd50c540,78000,9,0.0075919532654947,0.4945371682064153,0.5133951355055586,197.4727515219348,423.07668638045607
pico-decoder-small,pico-lm/pico-decoder-small@54681b82e00ed8da204a8f5e199732edcd50c540,78000,10,0.0159345455949748,0.4065275450453525,0.4937042703854053,151.16462267067018,204.33101675489397
pico-decoder-small,pico-lm/pico-decoder-small@54681b82e00ed8da204a8f5e199732edcd50c540,78000,11,0.0364831268758643,0.3608491693324002,0.4172143353223083,184.6263319616097,153.96225854344013
pico-decoder-small,pico-lm/pico-decoder-small@9f79f048c9629723d93a9c6d020fad45ecd81ebb,79000,0,0.3872006244966093,0.0888596961592875,0.1438632651186434,11.121254887576534,21.34273104023205
pico-decoder-small,pico-lm/pico-decoder-small@9f79f048c9629723d93a9c6d020fad45ecd81ebb,79000,1,0.3423363166731027,0.1091103547147359,0.2300707594229932,13.288276711367535,25.27802862917499
pico-decoder-small,pico-lm/pico-decoder-small@9f79f048c9629723d93a9c6d020fad45ecd81ebb,79000,2,0.3103827639927798,0.1255262441556775,0.2869148316632878,15.300817901927712,27.182390706295458
pico-decoder-small,pico-lm/pico-decoder-small@9f79f048c9629723d93a9c6d020fad45ecd81ebb,79000,3,0.3113820903928621,0.1398507207959491,0.311575878461265,17.457805235278403,25.3851008876592
pico-decoder-small,pico-lm/pico-decoder-small@9f79f048c9629723d93a9c6d020fad45ecd81ebb,79000,4,0.2686662084058784,0.1649646527808411,0.3793352260702839,21.56182557759608,29.09473019878428
pico-decoder-small,pico-lm/pico-decoder-small@9f79f048c9629723d93a9c6d020fad45ecd81ebb,79000,5,0.2080620066241138,0.2231686845470751,0.4253070059982458,30.08894505301277,37.067755749447926
pico-decoder-small,pico-lm/pico-decoder-small@9f79f048c9629723d93a9c6d020fad45ecd81ebb,79000,6,0.0506288551124898,0.3145770205291514,0.4791511572611304,44.76468506866434,83.19981981076394
pico-decoder-small,pico-lm/pico-decoder-small@9f79f048c9629723d93a9c6d020fad45ecd81ebb,79000,7,0.0374756972373733,0.3226606499473452,0.4056780763064355,50.6720036054118,96.48329021140476
pico-decoder-small,pico-lm/pico-decoder-small@9f79f048c9629723d93a9c6d020fad45ecd81ebb,79000,8,0.0072670537234266,0.4877492363221504,0.4558683191986017,174.4185230451697,458.28835600234487
pico-decoder-small,pico-lm/pico-decoder-small@9f79f048c9629723d93a9c6d020fad45ecd81ebb,79000,9,0.0070807864442216,0.5031636484807173,0.5096941869836553,213.7092970671909,482.7798072718893
pico-decoder-small,pico-lm/pico-decoder-small@9f79f048c9629723d93a9c6d020fad45ecd81ebb,79000,10,0.0127853928863286,0.4205147758481309,0.4946461361133283,160.60031951611256,240.73578008834969
pico-decoder-small,pico-lm/pico-decoder-small@9f79f048c9629723d93a9c6d020fad45ecd81ebb,79000,11,0.0362175696337881,0.3685837155025478,0.4105922379069361,178.515732014269,153.95086352725065
pico-decoder-small,pico-lm/pico-decoder-small@a8eea15ae0deddaf3beced3d114c9bc8ed9a25e5,80000,0,0.381626271344734,0.0900817794460988,0.1482158185105123,11.15500238213687,21.767411436713772
pico-decoder-small,pico-lm/pico-decoder-small@a8eea15ae0deddaf3beced3d114c9bc8ed9a25e5,80000,1,0.3351389928799638,0.1104237871442673,0.2338787992606476,13.318572264512529,25.470005001059867
pico-decoder-small,pico-lm/pico-decoder-small@a8eea15ae0deddaf3beced3d114c9bc8ed9a25e5,80000,2,0.3052900917065965,0.1244220783460827,0.287291442787436,15.270502519130462,27.789681779100324
pico-decoder-small,pico-lm/pico-decoder-small@a8eea15ae0deddaf3beced3d114c9bc8ed9a25e5,80000,3,0.3060361501769986,0.139664359346962,0.3164852151044396,17.513875973311904,26.50061056742764
pico-decoder-small,pico-lm/pico-decoder-small@a8eea15ae0deddaf3beced3d114c9bc8ed9a25e5,80000,4,0.2554738769147727,0.1671968969143192,0.3855128021349318,21.7084483017328,29.626033176687415
pico-decoder-small,pico-lm/pico-decoder-small@a8eea15ae0deddaf3beced3d114c9bc8ed9a25e5,80000,5,0.2080915249680155,0.2253252978465073,0.4290432843727021,30.131912796814493,37.35383944774784
pico-decoder-small,pico-lm/pico-decoder-small@a8eea15ae0deddaf3beced3d114c9bc8ed9a25e5,80000,6,0.0439337613716288,0.3140852896938309,0.4767962467289359,44.39588311209691,88.85243422918325
pico-decoder-small,pico-lm/pico-decoder-small@a8eea15ae0deddaf3beced3d114c9bc8ed9a25e5,80000,7,0.031078825253112,0.3181916074745546,0.3980877590230503,50.42126962898619,107.55921890337936
pico-decoder-small,pico-lm/pico-decoder-small@a8eea15ae0deddaf3beced3d114c9bc8ed9a25e5,80000,8,0.0069049692783932,0.4853433800273925,0.4548602602923119,175.21467751611078,514.0035863588106
pico-decoder-small,pico-lm/pico-decoder-small@a8eea15ae0deddaf3beced3d114c9bc8ed9a25e5,80000,9,0.006784737762318,0.502753576858108,0.5095822805052023,215.24737425663332,529.6952091136711
pico-decoder-small,pico-lm/pico-decoder-small@a8eea15ae0deddaf3beced3d114c9bc8ed9a25e5,80000,10,0.0111723854815983,0.4171864203957271,0.4944556439013289,159.8185366608252,251.4826843144232
pico-decoder-small,pico-lm/pico-decoder-small@a8eea15ae0deddaf3beced3d114c9bc8ed9a25e5,80000,11,0.0329333641091677,0.3671549193617916,0.4165708972407279,178.46228670572282,149.3244815518979
pico-decoder-small,pico-lm/pico-decoder-small@8d7bca4dea2e340144c93745d61646c84d35ffdb,81000,0,0.3783482764357418,0.0898730264417587,0.1481009810067996,11.144124651351662,21.870434666548544
pico-decoder-small,pico-lm/pico-decoder-small@8d7bca4dea2e340144c93745d61646c84d35ffdb,81000,1,0.3290136818349845,0.1111182957776721,0.2363375766365996,13.341195843900095,25.94349303026516
pico-decoder-small,pico-lm/pico-decoder-small@8d7bca4dea2e340144c93745d61646c84d35ffdb,81000,2,0.3013490808049556,0.1254832316172054,0.2920382173309923,15.334866713256975,27.44112970898016
pico-decoder-small,pico-lm/pico-decoder-small@8d7bca4dea2e340144c93745d61646c84d35ffdb,81000,3,0.3070166051438685,0.1404727133723478,0.3219317250559416,17.600822929645847,26.0817349537129
pico-decoder-small,pico-lm/pico-decoder-small@8d7bca4dea2e340144c93745d61646c84d35ffdb,81000,4,0.2688252067579139,0.1677042922901052,0.3890544976240666,21.776261559300472,28.725326403290005
pico-decoder-small,pico-lm/pico-decoder-small@8d7bca4dea2e340144c93745d61646c84d35ffdb,81000,5,0.1978109178870739,0.2290539728183939,0.4348642832558137,30.63145733685325,37.48414416899718
pico-decoder-small,pico-lm/pico-decoder-small@8d7bca4dea2e340144c93745d61646c84d35ffdb,81000,6,0.0380654648441302,0.3239134156406553,0.4813926026638779,45.64957429082448,91.64474525111618
pico-decoder-small,pico-lm/pico-decoder-small@8d7bca4dea2e340144c93745d61646c84d35ffdb,81000,7,0.0278496123291205,0.3250350296288309,0.4023409933550396,51.91749116689455,115.05010069633774
pico-decoder-small,pico-lm/pico-decoder-small@8d7bca4dea2e340144c93745d61646c84d35ffdb,81000,8,0.0067246464601663,0.4909147030542966,0.4607131367651871,182.5567561299094,525.4970916848456
pico-decoder-small,pico-lm/pico-decoder-small@8d7bca4dea2e340144c93745d61646c84d35ffdb,81000,9,0.0066228914645492,0.5072327736172678,0.5149882024322238,223.43176299737388,575.6530673787454
pico-decoder-small,pico-lm/pico-decoder-small@8d7bca4dea2e340144c93745d61646c84d35ffdb,81000,10,0.0104821173141931,0.4249266766951969,0.4964225821540181,164.85992185790062,253.323587623404
pico-decoder-small,pico-lm/pico-decoder-small@8d7bca4dea2e340144c93745d61646c84d35ffdb,81000,11,0.0354725627481427,0.3780475596632963,0.4240231473452507,181.29819803409097,133.9041007788387
pico-decoder-small,pico-lm/pico-decoder-small@063ab25b24aefd512a554e49853ed6fc32ee9c1b,82000,0,0.3797639679208635,0.0893567900225063,0.1455614269676599,11.090905364574128,21.69361187065575
pico-decoder-small,pico-lm/pico-decoder-small@063ab25b24aefd512a554e49853ed6fc32ee9c1b,82000,1,0.3280119810381179,0.1105205057423335,0.2346037799317715,13.29141114814373,25.65300267921864
pico-decoder-small,pico-lm/pico-decoder-small@063ab25b24aefd512a554e49853ed6fc32ee9c1b,82000,2,0.2980518024199048,0.1258671262869814,0.2919540180172698,15.34264010688136,27.4116398986315
pico-decoder-small,pico-lm/pico-decoder-small@063ab25b24aefd512a554e49853ed6fc32ee9c1b,82000,3,0.3040399558368364,0.1419876525147372,0.3258448685184201,17.691002092428985,26.73062307548142
pico-decoder-small,pico-lm/pico-decoder-small@063ab25b24aefd512a554e49853ed6fc32ee9c1b,82000,4,0.2727689500386982,0.1677036321365127,0.3918333437779698,21.790411906151423,28.00634017257413
pico-decoder-small,pico-lm/pico-decoder-small@063ab25b24aefd512a554e49853ed6fc32ee9c1b,82000,5,0.2040376278498875,0.2280423362792857,0.434662983778681,30.47542241463897,37.165866683938376
pico-decoder-small,pico-lm/pico-decoder-small@063ab25b24aefd512a554e49853ed6fc32ee9c1b,82000,6,0.0403027398965993,0.316347066153068,0.4832915170835289,44.46201446041503,88.02824999219077
pico-decoder-small,pico-lm/pico-decoder-small@063ab25b24aefd512a554e49853ed6fc32ee9c1b,82000,7,0.0313593826555618,0.3234769172761112,0.4122580858896038,50.670554412990434,107.33932583803258
pico-decoder-small,pico-lm/pico-decoder-small@063ab25b24aefd512a554e49853ed6fc32ee9c1b,82000,8,0.0067924344923819,0.4942047942260765,0.462769820818303,179.48867815890776,525.7935029649389
pico-decoder-small,pico-lm/pico-decoder-small@063ab25b24aefd512a554e49853ed6fc32ee9c1b,82000,9,0.006668381309486,0.514191526850798,0.5199590336630133,221.2433210587499,562.5631025318849
pico-decoder-small,pico-lm/pico-decoder-small@063ab25b24aefd512a554e49853ed6fc32ee9c1b,82000,10,0.0110664593054765,0.4228513017918427,0.5034047001638461,160.6858248583408,252.5403035210081
pico-decoder-small,pico-lm/pico-decoder-small@063ab25b24aefd512a554e49853ed6fc32ee9c1b,82000,11,0.034409522642902,0.3726771133744256,0.4131050233991952,178.01003039520052,153.86455160109108
pico-decoder-small,pico-lm/pico-decoder-small@d63e823855aefabdb4d0fb89c6cb30f1917edff8,83000,0,0.3814375639121959,0.0899490998714137,0.1486916886375112,11.10146116543728,21.516030418121563
pico-decoder-small,pico-lm/pico-decoder-small@d63e823855aefabdb4d0fb89c6cb30f1917edff8,83000,1,0.3355398552977248,0.1112212750534419,0.2342279341785403,13.237036885241558,24.942215279545696
pico-decoder-small,pico-lm/pico-decoder-small@d63e823855aefabdb4d0fb89c6cb30f1917edff8,83000,2,0.3048569114032083,0.1254380088554446,0.2927271444886689,15.285056296443884,27.4256992178888
pico-decoder-small,pico-lm/pico-decoder-small@d63e823855aefabdb4d0fb89c6cb30f1917edff8,83000,3,0.3091877472702206,0.1397471090624522,0.3237987431607832,17.53364052484522,26.28640937412115
pico-decoder-small,pico-lm/pico-decoder-small@d63e823855aefabdb4d0fb89c6cb30f1917edff8,83000,4,0.2721800400841639,0.1674199219500914,0.3965085524499543,21.813596705865464,27.831836571416027
pico-decoder-small,pico-lm/pico-decoder-small@d63e823855aefabdb4d0fb89c6cb30f1917edff8,83000,5,0.1977768098716714,0.2344896268212606,0.4426101417487562,31.058847744119795,37.18580110655827
pico-decoder-small,pico-lm/pico-decoder-small@d63e823855aefabdb4d0fb89c6cb30f1917edff8,83000,6,0.0385127081299434,0.3235780258488319,0.4859191045942651,45.04207498377552,87.3517772975247
pico-decoder-small,pico-lm/pico-decoder-small@d63e823855aefabdb4d0fb89c6cb30f1917edff8,83000,7,0.028425689494165,0.3277663739803175,0.4007634101166315,50.86559923600706,105.58490601847429
pico-decoder-small,pico-lm/pico-decoder-small@d63e823855aefabdb4d0fb89c6cb30f1917edff8,83000,8,0.0066337360458239,0.4980204762947418,0.4580032602793742,189.28020356773297,529.7872847037456
pico-decoder-small,pico-lm/pico-decoder-small@d63e823855aefabdb4d0fb89c6cb30f1917edff8,83000,9,0.0065459254326885,0.5144407378359993,0.513279606269735,229.44060021655892,555.0588913590669
pico-decoder-small,pico-lm/pico-decoder-small@d63e823855aefabdb4d0fb89c6cb30f1917edff8,83000,10,0.0104509954810736,0.4315920537972547,0.5035545839635296,165.4656749564678,246.54902283290383
pico-decoder-small,pico-lm/pico-decoder-small@d63e823855aefabdb4d0fb89c6cb30f1917edff8,83000,11,0.0318756897392683,0.3773490724215881,0.4175218455485251,175.40246294805632,139.343440795632
pico-decoder-small,pico-lm/pico-decoder-small@aac007e3728b91b2460f8be94a5ef79547dc60b8,84000,0,0.3809312226283276,0.0903984275235401,0.1519540537302999,11.119567701924588,21.533059875666243
pico-decoder-small,pico-lm/pico-decoder-small@aac007e3728b91b2460f8be94a5ef79547dc60b8,84000,1,0.3371847627755688,0.1122241713985402,0.239822954871071,13.288918921207085,24.97025713176562
pico-decoder-small,pico-lm/pico-decoder-small@aac007e3728b91b2460f8be94a5ef79547dc60b8,84000,2,0.3101148436174429,0.1268144299337973,0.2976726864618655,15.32073703977315,27.682811017238524
pico-decoder-small,pico-lm/pico-decoder-small@aac007e3728b91b2460f8be94a5ef79547dc60b8,84000,3,0.3170202682642838,0.1414015631070178,0.3260932109952582,17.53963320035591,25.95623922215921
pico-decoder-small,pico-lm/pico-decoder-small@aac007e3728b91b2460f8be94a5ef79547dc60b8,84000,4,0.275528948901188,0.166174095675024,0.395780609806186,21.64884908454819,28.112828842353554
pico-decoder-small,pico-lm/pico-decoder-small@aac007e3728b91b2460f8be94a5ef79547dc60b8,84000,5,0.1899956242142615,0.2247848617233624,0.4386090580347838,30.362275685874437,38.20960422467097
pico-decoder-small,pico-lm/pico-decoder-small@aac007e3728b91b2460f8be94a5ef79547dc60b8,84000,6,0.0323923074123811,0.3206186129740012,0.482057832200755,45.55045290722222,96.88001468031904
pico-decoder-small,pico-lm/pico-decoder-small@aac007e3728b91b2460f8be94a5ef79547dc60b8,84000,7,0.0268435879068867,0.325047947514258,0.4090840957756164,50.85028109346083,117.87258516663437
pico-decoder-small,pico-lm/pico-decoder-small@aac007e3728b91b2460f8be94a5ef79547dc60b8,84000,8,0.0066456504413164,0.4929153103088592,0.4607737560648801,180.3114122633308,577.6515409585567
pico-decoder-small,pico-lm/pico-decoder-small@aac007e3728b91b2460f8be94a5ef79547dc60b8,84000,9,0.006575359112635,0.5082210622629493,0.5159400001221528,218.8846709203227,568.8679550077868
pico-decoder-small,pico-lm/pico-decoder-small@aac007e3728b91b2460f8be94a5ef79547dc60b8,84000,10,0.0103634317635081,0.4261263410692812,0.5086364222920701,160.552164230071,254.22855578688788
pico-decoder-small,pico-lm/pico-decoder-small@aac007e3728b91b2460f8be94a5ef79547dc60b8,84000,11,0.0357027814502782,0.3693912737308791,0.4103870279362509,172.01150035904084,138.69861077430582
pico-decoder-small,pico-lm/pico-decoder-small@804cfb5f121020ed666ca55376b9e9f358701d23,85000,0,0.3776463586057776,0.090466194943745,0.1521034905781352,11.110632170102962,21.88756495506783
pico-decoder-small,pico-lm/pico-decoder-small@804cfb5f121020ed666ca55376b9e9f358701d23,85000,1,0.3315473580556802,0.1119038793943644,0.2363333340240621,13.25017911056113,25.23346974877635
pico-decoder-small,pico-lm/pico-decoder-small@804cfb5f121020ed666ca55376b9e9f358701d23,85000,2,0.3047072636399761,0.1263609077708656,0.2973467164238873,15.329527815240551,27.580450217205385
pico-decoder-small,pico-lm/pico-decoder-small@804cfb5f121020ed666ca55376b9e9f358701d23,85000,3,0.3101449962623397,0.1416507835346903,0.3290655319242565,17.612068158620914,26.028430519423047
pico-decoder-small,pico-lm/pico-decoder-small@804cfb5f121020ed666ca55376b9e9f358701d23,85000,4,0.2710821095834978,0.1689214706116444,0.39953574958092,21.82147774856505,28.71640130483429
pico-decoder-small,pico-lm/pico-decoder-small@804cfb5f121020ed666ca55376b9e9f358701d23,85000,5,0.1943255906986754,0.2303706165564626,0.440692229385301,30.85797972934484,37.16191709519056
pico-decoder-small,pico-lm/pico-decoder-small@804cfb5f121020ed666ca55376b9e9f358701d23,85000,6,0.0358309989741431,0.3205080022840036,0.4838205745962355,45.360153048003184,90.0147421081993
pico-decoder-small,pico-lm/pico-decoder-small@804cfb5f121020ed666ca55376b9e9f358701d23,85000,7,0.0273790840815551,0.326223059621102,0.4032565642167682,50.75484608727982,114.02555096810522
pico-decoder-small,pico-lm/pico-decoder-small@804cfb5f121020ed666ca55376b9e9f358701d23,85000,8,0.0067225389877841,0.4925136986144474,0.4615689640378843,180.12885618355656,538.4648568367371
pico-decoder-small,pico-lm/pico-decoder-small@804cfb5f121020ed666ca55376b9e9f358701d23,85000,9,0.0066223849474334,0.5057606191518669,0.5150155654185834,218.5161973306129,536.23402233821
pico-decoder-small,pico-lm/pico-decoder-small@804cfb5f121020ed666ca55376b9e9f358701d23,85000,10,0.0109158950129326,0.425653011605819,0.5038512681277207,160.14512959118008,233.84436044198333
pico-decoder-small,pico-lm/pico-decoder-small@804cfb5f121020ed666ca55376b9e9f358701d23,85000,11,0.0309250114765467,0.3699568039423289,0.4179394387359715,177.81391554591755,141.67277422312026
pico-decoder-small,pico-lm/pico-decoder-small@938244e11e03da85918d38722414505f45c1ceda,86000,0,0.3815467748531112,0.090776835128326,0.1550018612465406,11.117253654845298,21.605335939726064
pico-decoder-small,pico-lm/pico-decoder-small@938244e11e03da85918d38722414505f45c1ceda,86000,1,0.3326144713571182,0.1116678067450547,0.2408645916385216,13.27872092606435,24.91648383877651
pico-decoder-small,pico-lm/pico-decoder-small@938244e11e03da85918d38722414505f45c1ceda,86000,2,0.3083512617030238,0.1256262923420871,0.2984923660322596,15.3119730256435,27.11902487658117
pico-decoder-small,pico-lm/pico-decoder-small@938244e11e03da85918d38722414505f45c1ceda,86000,3,0.3132121522753591,0.1419866599126976,0.3297157093736458,17.56034007075704,25.69648355589509
pico-decoder-small,pico-lm/pico-decoder-small@938244e11e03da85918d38722414505f45c1ceda,86000,4,0.2719127460890047,0.1682395599838576,0.4017403770128822,21.815126972286397,27.850239334732013
pico-decoder-small,pico-lm/pico-decoder-small@938244e11e03da85918d38722414505f45c1ceda,86000,5,0.1910207648411839,0.2349832381875198,0.4491433206201773,31.263772234406797,38.03245716751898
pico-decoder-small,pico-lm/pico-decoder-small@938244e11e03da85918d38722414505f45c1ceda,86000,6,0.0337465122041186,0.3194896624983518,0.4900231284411149,45.0476560079197,93.4957576824458
pico-decoder-small,pico-lm/pico-decoder-small@938244e11e03da85918d38722414505f45c1ceda,86000,7,0.0263240721688992,0.3223400957804158,0.4095108136851669,50.05644134475494,119.74921451291634
pico-decoder-small,pico-lm/pico-decoder-small@938244e11e03da85918d38722414505f45c1ceda,86000,8,0.0065855351352918,0.4959814897802506,0.4628014073799477,182.43047710925848,561.887794291555
pico-decoder-small,pico-lm/pico-decoder-small@938244e11e03da85918d38722414505f45c1ceda,86000,9,0.0065041154449492,0.5122851283937243,0.5212575183322157,222.2072385927294,592.8706895385667
pico-decoder-small,pico-lm/pico-decoder-small@938244e11e03da85918d38722414505f45c1ceda,86000,10,0.0100608327221475,0.4284980568059683,0.5113019100927695,163.14453976568498,259.1004404390878
pico-decoder-small,pico-lm/pico-decoder-small@938244e11e03da85918d38722414505f45c1ceda,86000,11,0.0317774700487501,0.3690657358311606,0.4070760763706941,174.92485683083672,141.4091490573117
pico-decoder-small,pico-lm/pico-decoder-small@9bd6535d2bbcd3e8e0be555350c1a9abcfa9ef20,87000,0,0.3802040505299737,0.0906154576869178,0.1545988669227821,11.078273756919948,21.73394343700404
pico-decoder-small,pico-lm/pico-decoder-small@9bd6535d2bbcd3e8e0be555350c1a9abcfa9ef20,87000,1,0.3321507120638292,0.1119802371302098,0.2393544171664227,13.207315824233095,25.449529472517035
pico-decoder-small,pico-lm/pico-decoder-small@9bd6535d2bbcd3e8e0be555350c1a9abcfa9ef20,87000,2,0.3059931203439827,0.1264068806371514,0.2997345822003982,15.285233532012182,27.34895160890056
pico-decoder-small,pico-lm/pico-decoder-small@9bd6535d2bbcd3e8e0be555350c1a9abcfa9ef20,87000,3,0.3116703441149936,0.1435292510520792,0.3327924091249755,17.610279725730617,25.74541678781033
pico-decoder-small,pico-lm/pico-decoder-small@9bd6535d2bbcd3e8e0be555350c1a9abcfa9ef20,87000,4,0.2720294782067885,0.1709623067985476,0.4080038849773666,22.00668717334924,28.63879654362819
pico-decoder-small,pico-lm/pico-decoder-small@9bd6535d2bbcd3e8e0be555350c1a9abcfa9ef20,87000,5,0.1873464731210982,0.2392912272394536,0.4527661245627423,31.69120251782073,37.726485701155696
pico-decoder-small,pico-lm/pico-decoder-small@9bd6535d2bbcd3e8e0be555350c1a9abcfa9ef20,87000,6,0.0344077585701884,0.3188153299361767,0.4897441690933298,45.02582713494577,91.27660976207116
pico-decoder-small,pico-lm/pico-decoder-small@9bd6535d2bbcd3e8e0be555350c1a9abcfa9ef20,87000,7,0.0248420416483979,0.3245796754310028,0.4038129481960349,50.7422024888815,121.63349781887048
pico-decoder-small,pico-lm/pico-decoder-small@9bd6535d2bbcd3e8e0be555350c1a9abcfa9ef20,87000,8,0.0064593589002504,0.4918319986042298,0.4570981809197267,190.95922461666112,545.9083242119104
pico-decoder-small,pico-lm/pico-decoder-small@9bd6535d2bbcd3e8e0be555350c1a9abcfa9ef20,87000,9,0.0064067917379006,0.5077904329040913,0.5138022449331197,230.75328140027565,583.6773465091801
pico-decoder-small,pico-lm/pico-decoder-small@9bd6535d2bbcd3e8e0be555350c1a9abcfa9ef20,87000,10,0.0095035745845277,0.4277136095117561,0.5032921707144019,168.22331417731024,269.209120872708
pico-decoder-small,pico-lm/pico-decoder-small@9bd6535d2bbcd3e8e0be555350c1a9abcfa9ef20,87000,11,0.0321287626248206,0.3677687517452674,0.4081072789969173,172.01950494071238,132.8596901553121
pico-decoder-small,pico-lm/pico-decoder-small@5e4f19facb03a2fb589181b485fc44570680d8b4,88000,0,0.3741929273767501,0.091375542245637,0.1572718877436084,11.09651112630902,22.21739075303085
pico-decoder-small,pico-lm/pico-decoder-small@5e4f19facb03a2fb589181b485fc44570680d8b4,88000,1,0.3249590467277955,0.1130251808464972,0.2451309826898302,13.282092725968823,25.892932799623814
pico-decoder-small,pico-lm/pico-decoder-small@5e4f19facb03a2fb589181b485fc44570680d8b4,88000,2,0.3020505857958704,0.1281478699709923,0.3045856728629298,15.340182393932748,27.97185774822544
pico-decoder-small,pico-lm/pico-decoder-small@5e4f19facb03a2fb589181b485fc44570680d8b4,88000,3,0.3085975335761667,0.1442751705491566,0.3371528232317976,17.63716589708686,26.093076250078177
pico-decoder-small,pico-lm/pico-decoder-small@5e4f19facb03a2fb589181b485fc44570680d8b4,88000,4,0.2765224188718421,0.1715107112132425,0.4096267209918341,21.9983810769864,28.615933076696745
pico-decoder-small,pico-lm/pico-decoder-small@5e4f19facb03a2fb589181b485fc44570680d8b4,88000,5,0.1920638865131807,0.2395591797945554,0.4540829431289389,31.520375562989543,37.866566367178514
pico-decoder-small,pico-lm/pico-decoder-small@5e4f19facb03a2fb589181b485fc44570680d8b4,88000,6,0.0290403686087863,0.3276183305303609,0.4867054507090784,45.995678715425605,99.42052916445648
pico-decoder-small,pico-lm/pico-decoder-small@5e4f19facb03a2fb589181b485fc44570680d8b4,88000,7,0.0225533160225728,0.3287802225706162,0.3994423670502343,51.08436450528318,124.48483431121991
pico-decoder-small,pico-lm/pico-decoder-small@5e4f19facb03a2fb589181b485fc44570680d8b4,88000,8,0.006328070919516,0.4955709571034434,0.4576666925836002,200.62561901764565,611.5838291203528
pico-decoder-small,pico-lm/pico-decoder-small@5e4f19facb03a2fb589181b485fc44570680d8b4,88000,9,0.0062830995972365,0.5128988751777017,0.5142735912799378,240.9490457866098,650.5899256082281
pico-decoder-small,pico-lm/pico-decoder-small@5e4f19facb03a2fb589181b485fc44570680d8b4,88000,10,0.0088638589145012,0.4364169553503501,0.5066294004824794,173.09302729623195,301.4258527749602
pico-decoder-small,pico-lm/pico-decoder-small@5e4f19facb03a2fb589181b485fc44570680d8b4,88000,11,0.0337241483655987,0.3738662841909202,0.4166585832256427,169.80439728497325,128.6120441211274
pico-decoder-small,pico-lm/pico-decoder-small@48b3ab14f90bae2930c79eefee13f8548f7a3ac0,89000,0,0.3687283323065461,0.0922337070425363,0.1610105895369926,11.134567939764008,22.642126235657265
pico-decoder-small,pico-lm/pico-decoder-small@48b3ab14f90bae2930c79eefee13f8548f7a3ac0,89000,1,0.3173762883227391,0.1132448887231977,0.247016332788886,13.29024482864,26.2476937260644
pico-decoder-small,pico-lm/pico-decoder-small@48b3ab14f90bae2930c79eefee13f8548f7a3ac0,89000,2,0.2957316665450892,0.1275816750998265,0.3035950165913507,15.320734205750524,28.43720370324656
pico-decoder-small,pico-lm/pico-decoder-small@48b3ab14f90bae2930c79eefee13f8548f7a3ac0,89000,3,0.3033983190080871,0.1452276844199636,0.3346838582468103,17.652243898112342,26.68213676005546
pico-decoder-small,pico-lm/pico-decoder-small@48b3ab14f90bae2930c79eefee13f8548f7a3ac0,89000,4,0.2666086988788433,0.1725488028988545,0.4091771540455368,22.10343940383053,28.729183904251
pico-decoder-small,pico-lm/pico-decoder-small@48b3ab14f90bae2930c79eefee13f8548f7a3ac0,89000,5,0.1927373795697327,0.2420175147181577,0.4533871805317234,31.76608471748624,37.5584590042896
pico-decoder-small,pico-lm/pico-decoder-small@48b3ab14f90bae2930c79eefee13f8548f7a3ac0,89000,6,0.0302663265149338,0.3282249937990419,0.4887873672492669,45.92183558915784,93.4223947978882
pico-decoder-small,pico-lm/pico-decoder-small@48b3ab14f90bae2930c79eefee13f8548f7a3ac0,89000,7,0.0239200624841988,0.3311492416431403,0.4092556287972558,50.75451325993436,120.07790909727598
pico-decoder-small,pico-lm/pico-decoder-small@48b3ab14f90bae2930c79eefee13f8548f7a3ac0,89000,8,0.0063411858581267,0.4908587566055307,0.4562520744908491,193.42062451899093,585.650732778898
pico-decoder-small,pico-lm/pico-decoder-small@48b3ab14f90bae2930c79eefee13f8548f7a3ac0,89000,9,0.0062859837143751,0.5093725547737642,0.5136764607538236,234.751313870534,636.3346216993092
pico-decoder-small,pico-lm/pico-decoder-small@48b3ab14f90bae2930c79eefee13f8548f7a3ac0,89000,10,0.0088584660365897,0.4304285850680572,0.5059454183310093,169.66435957490046,307.8754147864205
pico-decoder-small,pico-lm/pico-decoder-small@48b3ab14f90bae2930c79eefee13f8548f7a3ac0,89000,11,0.0328511411447584,0.3698257910038393,0.4086991091546834,170.83625579856317,130.31492217250664
pico-decoder-small,pico-lm/pico-decoder-small@a7e691278d2179f7a23f55c82de28f96b4acd2e4,90000,0,0.3718176274643043,0.0918356768707052,0.1630675623229583,11.122778299098892,22.303289227389755
pico-decoder-small,pico-lm/pico-decoder-small@a7e691278d2179f7a23f55c82de28f96b4acd2e4,90000,1,0.3222711395614587,0.1127797372929308,0.2467128335774972,13.240902441267028,26.16352301809065
pico-decoder-small,pico-lm/pico-decoder-small@a7e691278d2179f7a23f55c82de28f96b4acd2e4,90000,2,0.2986887750739999,0.1275975324937515,0.3037789918433546,15.2927734631684,28.60168569077967
pico-decoder-small,pico-lm/pico-decoder-small@a7e691278d2179f7a23f55c82de28f96b4acd2e4,90000,3,0.3071877385900891,0.1438723469643896,0.3375902197702589,17.63642959243941,26.402516526469867
pico-decoder-small,pico-lm/pico-decoder-small@a7e691278d2179f7a23f55c82de28f96b4acd2e4,90000,4,0.2707057985631906,0.1719925366819274,0.4120645503798514,22.07226987276105,28.81913234205957
pico-decoder-small,pico-lm/pico-decoder-small@a7e691278d2179f7a23f55c82de28f96b4acd2e4,90000,5,0.2016769645556409,0.2450467125344507,0.4549678863930517,32.14147433274103,35.86922728994185
pico-decoder-small,pico-lm/pico-decoder-small@a7e691278d2179f7a23f55c82de28f96b4acd2e4,90000,6,0.0353714883030274,0.325594233220211,0.4970284545161826,45.39306716334452,85.22193451483324
pico-decoder-small,pico-lm/pico-decoder-small@a7e691278d2179f7a23f55c82de28f96b4acd2e4,90000,7,0.0266699190804698,0.3336130539204858,0.4165758030628256,50.61404478723025,116.3335694398129
pico-decoder-small,pico-lm/pico-decoder-small@a7e691278d2179f7a23f55c82de28f96b4acd2e4,90000,8,0.0064785239209456,0.4899607289777666,0.4559360800818365,189.8992068295668,550.5348590078326
pico-decoder-small,pico-lm/pico-decoder-small@a7e691278d2179f7a23f55c82de28f96b4acd2e4,90000,9,0.0064035997420529,0.5138381380701224,0.5160017893660552,231.2929092580045,588.37009713986
pico-decoder-small,pico-lm/pico-decoder-small@a7e691278d2179f7a23f55c82de28f96b4acd2e4,90000,10,0.0095429824291945,0.4292018555241281,0.5093673661599806,168.0684558023646,284.96907532167086
pico-decoder-small,pico-lm/pico-decoder-small@a7e691278d2179f7a23f55c82de28f96b4acd2e4,90000,11,0.0329632023113653,0.3731667032082755,0.4178165791040384,173.1886002668972,122.40366626417214
pico-decoder-small,pico-lm/pico-decoder-small@c025f14d64c01b36a07900656ded25b50f8caafd,91000,0,0.3693467215313983,0.0931848979719582,0.1673621123648707,11.162084357382952,22.637647140024832
pico-decoder-small,pico-lm/pico-decoder-small@c025f14d64c01b36a07900656ded25b50f8caafd,91000,1,0.3199439832413875,0.1140209272011919,0.2534121299954626,13.325606137653908,26.54364261147354
pico-decoder-small,pico-lm/pico-decoder-small@c025f14d64c01b36a07900656ded25b50f8caafd,91000,2,0.2959778945095818,0.1287228788820897,0.3095057651399638,15.38018059404478,29.08151082250258
pico-decoder-small,pico-lm/pico-decoder-small@c025f14d64c01b36a07900656ded25b50f8caafd,91000,3,0.3092722040552241,0.1443324679363099,0.3387031779581346,17.622121740585275,26.78356532651969
pico-decoder-small,pico-lm/pico-decoder-small@c025f14d64c01b36a07900656ded25b50f8caafd,91000,4,0.2718282561461766,0.1724774840051508,0.4133522176434522,22.12830080007991,27.98536036161936
pico-decoder-small,pico-lm/pico-decoder-small@c025f14d64c01b36a07900656ded25b50f8caafd,91000,5,0.1914668351233716,0.2460649174083037,0.4580734591925031,32.2761851957609,36.81770698955203
pico-decoder-small,pico-lm/pico-decoder-small@c025f14d64c01b36a07900656ded25b50f8caafd,91000,6,0.0293093289631295,0.3350476120971919,0.4871385334273244,46.61238645004516,92.30804057254404
pico-decoder-small,pico-lm/pico-decoder-small@c025f14d64c01b36a07900656ded25b50f8caafd,91000,7,0.0239574450615004,0.3386233367373112,0.4031371265540311,51.35426083127063,118.0564263559476
pico-decoder-small,pico-lm/pico-decoder-small@c025f14d64c01b36a07900656ded25b50f8caafd,91000,8,0.0063468408641532,0.4990138651546916,0.4550926530352516,201.87425064450773,590.3744903531232
pico-decoder-small,pico-lm/pico-decoder-small@c025f14d64c01b36a07900656ded25b50f8caafd,91000,9,0.0062857081716849,0.5210301022345237,0.5119911967484868,242.64301113834543,613.302061587101
pico-decoder-small,pico-lm/pico-decoder-small@c025f14d64c01b36a07900656ded25b50f8caafd,91000,10,0.0089418242553628,0.439783590432937,0.5083518783338793,174.74607153661574,276.8511000891122
pico-decoder-small,pico-lm/pico-decoder-small@c025f14d64c01b36a07900656ded25b50f8caafd,91000,11,0.0307423139119883,0.3802451094683394,0.417975515314833,171.5746563809155,127.70290305992002
pico-decoder-small,pico-lm/pico-decoder-small@b3b967e1f18d21573f4a6146c441a2825a5a8f83,92000,0,0.3682013456759922,0.0938941982012784,0.1668266363319925,11.137209134040893,22.765629446269852
pico-decoder-small,pico-lm/pico-decoder-small@b3b967e1f18d21573f4a6146c441a2825a5a8f83,92000,1,0.3156595431079544,0.1154259340061196,0.2542709717468536,13.323503327090846,26.802379937497708
pico-decoder-small,pico-lm/pico-decoder-small@b3b967e1f18d21573f4a6146c441a2825a5a8f83,92000,2,0.2976510678787172,0.1300639594037838,0.3097618386082093,15.338098262674794,28.68346743845117
pico-decoder-small,pico-lm/pico-decoder-small@b3b967e1f18d21573f4a6146c441a2825a5a8f83,92000,3,0.3074381264263896,0.1456590537530943,0.3421542088063746,17.665523505599612,26.26812574921727
pico-decoder-small,pico-lm/pico-decoder-small@b3b967e1f18d21573f4a6146c441a2825a5a8f83,92000,4,0.2680537160326484,0.1751421040022938,0.4127292091523464,22.10890851914856,27.58167716604606
pico-decoder-small,pico-lm/pico-decoder-small@b3b967e1f18d21573f4a6146c441a2825a5a8f83,92000,5,0.1812991524358875,0.2454196824795569,0.4571680656565318,32.01730090094032,37.00193217493723
pico-decoder-small,pico-lm/pico-decoder-small@b3b967e1f18d21573f4a6146c441a2825a5a8f83,92000,6,0.0305950702191154,0.3324177761760571,0.4912747389161847,46.235521673235695,94.15198984167743
pico-decoder-small,pico-lm/pico-decoder-small@b3b967e1f18d21573f4a6146c441a2825a5a8f83,92000,7,0.0250375724364221,0.3375255384968754,0.4120507491889401,51.29562260456919,124.92209048646303
pico-decoder-small,pico-lm/pico-decoder-small@b3b967e1f18d21573f4a6146c441a2825a5a8f83,92000,8,0.0063974277283515,0.5011161281515993,0.4577698307436045,200.6439336402321,597.1230116034593
pico-decoder-small,pico-lm/pico-decoder-small@b3b967e1f18d21573f4a6146c441a2825a5a8f83,92000,9,0.0063167037475457,0.5222622217753481,0.5165166829265764,244.43818508352197,614.6286450596648
pico-decoder-small,pico-lm/pico-decoder-small@b3b967e1f18d21573f4a6146c441a2825a5a8f83,92000,10,0.0091162780499697,0.4428068214521348,0.51186240293122,174.75979157808848,292.89677643673906
pico-decoder-small,pico-lm/pico-decoder-small@b3b967e1f18d21573f4a6146c441a2825a5a8f83,92000,11,0.0326278997985047,0.375724775263107,0.4203103505309446,171.17749468163345,130.04134050648253
pico-decoder-small,pico-lm/pico-decoder-small@41ae4009882dd5c1963328961a9ed1964aab8606,93000,0,0.3669241446665767,0.0940325006724869,0.1683676874163408,11.13939420336692,22.918370115741364
pico-decoder-small,pico-lm/pico-decoder-small@41ae4009882dd5c1963328961a9ed1964aab8606,93000,1,0.3164240975352759,0.1148987598951822,0.2522672713508901,13.267379981540092,26.99515959535097
pico-decoder-small,pico-lm/pico-decoder-small@41ae4009882dd5c1963328961a9ed1964aab8606,93000,2,0.2974329957695487,0.1297356750462529,0.3093710149126653,15.292530850986218,28.88159026132457
pico-decoder-small,pico-lm/pico-decoder-small@41ae4009882dd5c1963328961a9ed1964aab8606,93000,3,0.3054304740368926,0.1456171023766068,0.3438376512203681,17.638245441122482,26.16865807615115
pico-decoder-small,pico-lm/pico-decoder-small@41ae4009882dd5c1963328961a9ed1964aab8606,93000,4,0.268108143905061,0.1736862684981002,0.4149084877397417,22.09250331015504,26.91194510056397
pico-decoder-small,pico-lm/pico-decoder-small@41ae4009882dd5c1963328961a9ed1964aab8606,93000,5,0.189217311410532,0.2408190486085266,0.4616018349019108,31.61924903452489,38.00620500501038
pico-decoder-small,pico-lm/pico-decoder-small@41ae4009882dd5c1963328961a9ed1964aab8606,93000,6,0.0291003672464179,0.3257270375879948,0.4913819742679568,45.592055813502135,100.83550357226363
pico-decoder-small,pico-lm/pico-decoder-small@41ae4009882dd5c1963328961a9ed1964aab8606,93000,7,0.0228161102248355,0.3347617959110233,0.4046099191983466,51.05951877658506,124.04881445937951
pico-decoder-small,pico-lm/pico-decoder-small@41ae4009882dd5c1963328961a9ed1964aab8606,93000,8,0.0063178280927488,0.4970955469763338,0.4546453344724706,202.38949628464852,622.857776425216
pico-decoder-small,pico-lm/pico-decoder-small@41ae4009882dd5c1963328961a9ed1964aab8606,93000,9,0.0062726804735923,0.5151811856394669,0.5117810731087726,243.62647354253096,663.344454202364
pico-decoder-small,pico-lm/pico-decoder-small@41ae4009882dd5c1963328961a9ed1964aab8606,93000,10,0.0088709373007309,0.4380849079029065,0.5092009388911998,173.4634261349875,309.1999961082732
pico-decoder-small,pico-lm/pico-decoder-small@41ae4009882dd5c1963328961a9ed1964aab8606,93000,11,0.0326964393146149,0.373575988543273,0.4165256445479114,171.35390099663675,134.9281418901975
pico-decoder-small,pico-lm/pico-decoder-small@bfda4783bf178eae55bcebd43810ed9180cbdc63,94000,0,0.3666209809196412,0.0936421117445762,0.170150117701136,11.133247899844903,22.98064441915896
pico-decoder-small,pico-lm/pico-decoder-small@bfda4783bf178eae55bcebd43810ed9180cbdc63,94000,1,0.3183520623489579,0.1141191076627929,0.2552255248447924,13.281277835194278,26.73459559315276
pico-decoder-small,pico-lm/pico-decoder-small@bfda4783bf178eae55bcebd43810ed9180cbdc63,94000,2,0.299350298668387,0.1290799299560192,0.3138006573264328,15.340347206096611,28.75918290203432
pico-decoder-small,pico-lm/pico-decoder-small@bfda4783bf178eae55bcebd43810ed9180cbdc63,94000,3,0.3107838396058547,0.1443534526635252,0.347242821225969,17.659655653406617,26.07157720466551
pico-decoder-small,pico-lm/pico-decoder-small@bfda4783bf178eae55bcebd43810ed9180cbdc63,94000,4,0.27107698192999,0.1752250281896833,0.4199247858822992,22.2089281583109,27.24315652256369
pico-decoder-small,pico-lm/pico-decoder-small@bfda4783bf178eae55bcebd43810ed9180cbdc63,94000,5,0.1895201636256025,0.246585228531693,0.4642845669384292,32.01406246527502,37.24078900660686
pico-decoder-small,pico-lm/pico-decoder-small@bfda4783bf178eae55bcebd43810ed9180cbdc63,94000,6,0.0313366773376195,0.3292587762083389,0.4930791402961367,45.98033972569177,89.4209535614146
pico-decoder-small,pico-lm/pico-decoder-small@bfda4783bf178eae55bcebd43810ed9180cbdc63,94000,7,0.025858687491311,0.3346939068464585,0.4079382758576863,50.37535493730293,116.72625431772305
pico-decoder-small,pico-lm/pico-decoder-small@bfda4783bf178eae55bcebd43810ed9180cbdc63,94000,8,0.0063516529172845,0.499111669746412,0.4580105440695195,202.73374463577773,575.2067071055602
pico-decoder-small,pico-lm/pico-decoder-small@bfda4783bf178eae55bcebd43810ed9180cbdc63,94000,9,0.0062900305162649,0.5198164425736105,0.5168540841630057,244.0382280640874,629.8746532470894
pico-decoder-small,pico-lm/pico-decoder-small@bfda4783bf178eae55bcebd43810ed9180cbdc63,94000,10,0.0090189275111987,0.4426588468060465,0.5114323943567053,175.22238849628164,284.47695962768495
pico-decoder-small,pico-lm/pico-decoder-small@bfda4783bf178eae55bcebd43810ed9180cbdc63,94000,11,0.0303642520101866,0.3770365592450262,0.4163979048671459,170.3637995645304,136.18851351946435
pico-decoder-small,pico-lm/pico-decoder-small@94177e145ce01fae74b87897c8260f2f6fe1deb0,95000,0,0.3690053768005251,0.0938678446190704,0.1698998270800911,11.109553255964082,22.76354629036212
pico-decoder-small,pico-lm/pico-decoder-small@94177e145ce01fae74b87897c8260f2f6fe1deb0,95000,1,0.3176639084971172,0.1150884420588059,0.2579687519222033,13.311838849744944,26.893937852748707
pico-decoder-small,pico-lm/pico-decoder-small@94177e145ce01fae74b87897c8260f2f6fe1deb0,95000,2,0.2953885754483584,0.1292874343966515,0.3181741177423955,15.408115888442348,28.916523395714165
pico-decoder-small,pico-lm/pico-decoder-small@94177e145ce01fae74b87897c8260f2f6fe1deb0,95000,3,0.3104670385183068,0.1444880541471658,0.349389582476652,17.689632617801717,26.34318400685549
pico-decoder-small,pico-lm/pico-decoder-small@94177e145ce01fae74b87897c8260f2f6fe1deb0,95000,4,0.2761442198785057,0.1748792701862034,0.4177277512084024,22.12217666547354,27.5992169250819
pico-decoder-small,pico-lm/pico-decoder-small@94177e145ce01fae74b87897c8260f2f6fe1deb0,95000,5,0.1755986636579961,0.2475480681702283,0.4619773017174128,31.91612955823955,39.57885531389089
pico-decoder-small,pico-lm/pico-decoder-small@94177e145ce01fae74b87897c8260f2f6fe1deb0,95000,6,0.0270388054202182,0.3310096457572172,0.4917426456165513,46.12652865326344,98.62947874461062
pico-decoder-small,pico-lm/pico-decoder-small@94177e145ce01fae74b87897c8260f2f6fe1deb0,95000,7,0.0229419285241437,0.3370356995080367,0.4089835247049911,50.276833080045314,122.61346065394108
pico-decoder-small,pico-lm/pico-decoder-small@94177e145ce01fae74b87897c8260f2f6fe1deb0,95000,8,0.0063203177112474,0.5053922638745458,0.4627477782069993,199.89114648896336,571.0398172291574
pico-decoder-small,pico-lm/pico-decoder-small@94177e145ce01fae74b87897c8260f2f6fe1deb0,95000,9,0.0062645836330265,0.5243494066818298,0.5214743498149075,241.7882582082229,633.2434070702158
pico-decoder-small,pico-lm/pico-decoder-small@94177e145ce01fae74b87897c8260f2f6fe1deb0,95000,10,0.0088526204510674,0.4423583367184607,0.5141801606899465,172.20026164062247,322.01809806269245
pico-decoder-small,pico-lm/pico-decoder-small@94177e145ce01fae74b87897c8260f2f6fe1deb0,95000,11,0.0330495063028796,0.3766797762042584,0.417506145256988,170.76138167560754,135.72474403377402
pico-decoder-small,pico-lm/pico-decoder-small@938d2d29f7aba65159e5bdc0ccfbefdc61757005,96000,0,0.3679326809216866,0.0945475013646097,0.1730166006882005,11.133149748212372,22.61785509610205
pico-decoder-small,pico-lm/pico-decoder-small@938d2d29f7aba65159e5bdc0ccfbefdc61757005,96000,1,0.3140624588389788,0.1166291593143471,0.2640472753808315,13.400020106147185,27.2142456944562
pico-decoder-small,pico-lm/pico-decoder-small@938d2d29f7aba65159e5bdc0ccfbefdc61757005,96000,2,0.2936750143152012,0.1307595541559562,0.3209625557343407,15.47254908101521,28.94403247867015
pico-decoder-small,pico-lm/pico-decoder-small@938d2d29f7aba65159e5bdc0ccfbefdc61757005,96000,3,0.3095842254935214,0.1458928965334255,0.3527943702680354,17.775245655819443,26.56275423709052
pico-decoder-small,pico-lm/pico-decoder-small@938d2d29f7aba65159e5bdc0ccfbefdc61757005,96000,4,0.2758815112170307,0.1768811725542196,0.4226913364074106,22.280901858791587,27.16546666583541
pico-decoder-small,pico-lm/pico-decoder-small@938d2d29f7aba65159e5bdc0ccfbefdc61757005,96000,5,0.1833805197923689,0.2504707168529101,0.4681682671466128,32.180771517538695,38.93269397493236
pico-decoder-small,pico-lm/pico-decoder-small@938d2d29f7aba65159e5bdc0ccfbefdc61757005,96000,6,0.0298792287610759,0.3303852485665389,0.4967610782873685,45.907701056065065,93.24612383534333
pico-decoder-small,pico-lm/pico-decoder-small@938d2d29f7aba65159e5bdc0ccfbefdc61757005,96000,7,0.0237621366159321,0.3382129914929443,0.4109947767256483,50.62403675064613,121.57636398343016
pico-decoder-small,pico-lm/pico-decoder-small@938d2d29f7aba65159e5bdc0ccfbefdc61757005,96000,8,0.0063172838240699,0.5015625944163136,0.462011403245726,201.57070742520045,595.5128798042034
pico-decoder-small,pico-lm/pico-decoder-small@938d2d29f7aba65159e5bdc0ccfbefdc61757005,96000,9,0.0062635362133939,0.5216360419065448,0.5215534667032189,243.5543670051224,643.1960920045457
pico-decoder-small,pico-lm/pico-decoder-small@938d2d29f7aba65159e5bdc0ccfbefdc61757005,96000,10,0.0087967768490253,0.4457495965163706,0.5181394205142251,174.0505108605889,325.82824965988937
pico-decoder-small,pico-lm/pico-decoder-small@938d2d29f7aba65159e5bdc0ccfbefdc61757005,96000,11,0.0317121581666475,0.3718518437849864,0.4115958537888324,169.26626217456848,139.91460776556605
pico-decoder-small,pico-lm/pico-decoder-small@57a25f8bc299440e75e421522b5461ef9addc60f,97000,0,0.368850324857485,0.0948021306837469,0.1756511087890441,11.136773790177577,22.680948759771997
pico-decoder-small,pico-lm/pico-decoder-small@57a25f8bc299440e75e421522b5461ef9addc60f,97000,1,0.3195102248936855,0.11650132562512,0.2638898809924718,13.360406791266428,26.636689629242618
pico-decoder-small,pico-lm/pico-decoder-small@57a25f8bc299440e75e421522b5461ef9addc60f,97000,2,0.2967481587834077,0.1314010110292187,0.3214293021758206,15.441750194688364,28.682939685825943
pico-decoder-small,pico-lm/pico-decoder-small@57a25f8bc299440e75e421522b5461ef9addc60f,97000,3,0.3126797984929521,0.1455775492297705,0.3525769171146015,17.734435837561758,26.002329138124104
pico-decoder-small,pico-lm/pico-decoder-small@57a25f8bc299440e75e421522b5461ef9addc60f,97000,4,0.2809190592510305,0.1770297730675062,0.4237993901100537,22.273548913450316,26.60004316292476
pico-decoder-small,pico-lm/pico-decoder-small@57a25f8bc299440e75e421522b5461ef9addc60f,97000,5,0.1754652541569412,0.2610945178041821,0.4663160524055088,32.82668702688184,38.18706968097212
pico-decoder-small,pico-lm/pico-decoder-small@57a25f8bc299440e75e421522b5461ef9addc60f,97000,6,0.0274424219350653,0.3349407241051974,0.4930095730188637,46.55143904747281,99.19853539030125
pico-decoder-small,pico-lm/pico-decoder-small@57a25f8bc299440e75e421522b5461ef9addc60f,97000,7,0.0246533130402899,0.3372220296137874,0.4132531295825662,50.37688408024344,130.37348895190328
pico-decoder-small,pico-lm/pico-decoder-small@57a25f8bc299440e75e421522b5461ef9addc60f,97000,8,0.006358961527358,0.5040950703900936,0.462913012293088,203.89182352318747,577.9272558845948
pico-decoder-small,pico-lm/pico-decoder-small@57a25f8bc299440e75e421522b5461ef9addc60f,97000,9,0.0062918490575741,0.5273309014806861,0.5230256132978384,247.4691772663555,641.1024290950113
pico-decoder-small,pico-lm/pico-decoder-small@57a25f8bc299440e75e421522b5461ef9addc60f,97000,10,0.0091234486005287,0.4497292116599661,0.5188272756679678,176.02382553942,316.13532574354906
pico-decoder-small,pico-lm/pico-decoder-small@57a25f8bc299440e75e421522b5461ef9addc60f,97000,11,0.0326845402566582,0.3792404362590695,0.4077524564010806,169.84245019485869,139.90712762249464
pico-decoder-small,pico-lm/pico-decoder-small@2b2b81f5b793cfe7595f1880023e3199b0ca4d01,98000,0,0.3678404415206183,0.0948855095345246,0.175807963287205,11.118727575255123,22.62608204214153
pico-decoder-small,pico-lm/pico-decoder-small@2b2b81f5b793cfe7595f1880023e3199b0ca4d01,98000,1,0.3175356116455855,0.1157751660941714,0.25936040015777,13.27540014939218,26.940727568410757
pico-decoder-small,pico-lm/pico-decoder-small@2b2b81f5b793cfe7595f1880023e3199b0ca4d01,98000,2,0.2924841614093661,0.1308749422570798,0.3183708717431466,15.383205161870888,28.69804957882704
pico-decoder-small,pico-lm/pico-decoder-small@2b2b81f5b793cfe7595f1880023e3199b0ca4d01,98000,3,0.3088911765291333,0.1445159225804605,0.3510355854313469,17.69260348473543,25.774323777413912
pico-decoder-small,pico-lm/pico-decoder-small@2b2b81f5b793cfe7595f1880023e3199b0ca4d01,98000,4,0.2767314506690519,0.177225664983172,0.4244219899341588,22.36008733101488,27.038597130593192
pico-decoder-small,pico-lm/pico-decoder-small@2b2b81f5b793cfe7595f1880023e3199b0ca4d01,98000,5,0.1688794230640793,0.2643739742665934,0.4693263712879525,33.2379796229318,39.53314684288134
pico-decoder-small,pico-lm/pico-decoder-small@2b2b81f5b793cfe7595f1880023e3199b0ca4d01,98000,6,0.0264933927927906,0.3412385667090535,0.491278604726754,47.125876664806704,100.67369348405934
pico-decoder-small,pico-lm/pico-decoder-small@2b2b81f5b793cfe7595f1880023e3199b0ca4d01,98000,7,0.0224474607456597,0.3452640800268884,0.4067261218851974,51.5053564596709,131.5052929871085
pico-decoder-small,pico-lm/pico-decoder-small@2b2b81f5b793cfe7595f1880023e3199b0ca4d01,98000,8,0.006259516040514,0.5020118117099723,0.4574981811763542,215.5328781847861,602.234298997901
pico-decoder-small,pico-lm/pico-decoder-small@2b2b81f5b793cfe7595f1880023e3199b0ca4d01,98000,9,0.0062099130224596,0.5235075477647293,0.5164461534205115,258.4518900205359,700.6629963295777
pico-decoder-small,pico-lm/pico-decoder-small@2b2b81f5b793cfe7595f1880023e3199b0ca4d01,98000,10,0.0086694230568262,0.4512041471785268,0.5142476271509663,182.91654601703115,326.4815239952367
pico-decoder-small,pico-lm/pico-decoder-small@2b2b81f5b793cfe7595f1880023e3199b0ca4d01,98000,11,0.0332655018283149,0.3819915538899807,0.4170786163819814,169.38547385580858,139.80327757795834
pico-decoder-small,pico-lm/pico-decoder-small@a014170484f226c32a449440e37684a5138bffea,99000,0,0.3682409607213698,0.0948274859431608,0.1760631282049134,11.115123683099112,22.51494708984725
pico-decoder-small,pico-lm/pico-decoder-small@a014170484f226c32a449440e37684a5138bffea,99000,1,0.3152483817928104,0.1157387102502317,0.26516253750227,13.360156928774304,26.937787207884263
pico-decoder-small,pico-lm/pico-decoder-small@a014170484f226c32a449440e37684a5138bffea,99000,2,0.292381010072317,0.130568929778388,0.3227188315303402,15.457607627701211,28.882550077454464
pico-decoder-small,pico-lm/pico-decoder-small@a014170484f226c32a449440e37684a5138bffea,99000,3,0.3088444176006593,0.1449107739613402,0.356238932823231,17.765587015375136,26.469946440447316
pico-decoder-small,pico-lm/pico-decoder-small@a014170484f226c32a449440e37684a5138bffea,99000,4,0.2737719760067359,0.1751610770011415,0.4304633792880096,22.405574079148195,27.210556166508837
pico-decoder-small,pico-lm/pico-decoder-small@a014170484f226c32a449440e37684a5138bffea,99000,5,0.1798631782429353,0.2588693252455392,0.4715702130410542,32.69301810287877,38.48942589758413
pico-decoder-small,pico-lm/pico-decoder-small@a014170484f226c32a449440e37684a5138bffea,99000,6,0.0267788428823001,0.3356138195263278,0.4942666557090365,46.5123510405152,106.07941034447003
pico-decoder-small,pico-lm/pico-decoder-small@a014170484f226c32a449440e37684a5138bffea,99000,7,0.0224621401498841,0.3398786002444348,0.4052623174739258,50.811225875600606,124.20940365867176
pico-decoder-small,pico-lm/pico-decoder-small@a014170484f226c32a449440e37684a5138bffea,99000,8,0.0062697715271714,0.503215441711747,0.4587263387969538,213.9779634607989,605.3356533654837
pico-decoder-small,pico-lm/pico-decoder-small@a014170484f226c32a449440e37684a5138bffea,99000,9,0.0062169067640185,0.5245174749182784,0.5168857502212343,255.9247575706985,657.3692372701894
pico-decoder-small,pico-lm/pico-decoder-small@a014170484f226c32a449440e37684a5138bffea,99000,10,0.0087659513448956,0.4465169595112704,0.511927211489402,179.60223655630008,305.31052428457303
pico-decoder-small,pico-lm/pico-decoder-small@a014170484f226c32a449440e37684a5138bffea,99000,11,0.0353601801321756,0.3744724876088105,0.3923627551853684,159.00097118091227,138.812974705592
pico-decoder-small,pico-lm/pico-decoder-small@912032713d1ca4f482ce957408afca3e5a267267,100000,0,0.3690284874039798,0.0950337532061869,0.1769116276622514,11.09346931789765,22.57226894484112
pico-decoder-small,pico-lm/pico-decoder-small@912032713d1ca4f482ce957408afca3e5a267267,100000,1,0.3200415209903625,0.1157311837401646,0.2650175575157796,13.308771285238482,26.70623373431657
pico-decoder-small,pico-lm/pico-decoder-small@912032713d1ca4f482ce957408afca3e5a267267,100000,2,0.2982302291109568,0.1306200804661104,0.3235146670916802,15.419417076833906,28.485332436672355
pico-decoder-small,pico-lm/pico-decoder-small@912032713d1ca4f482ce957408afca3e5a267267,100000,3,0.3105362464613269,0.1445046673439041,0.3558867876485469,17.722801672420207,26.2586399321733
pico-decoder-small,pico-lm/pico-decoder-small@912032713d1ca4f482ce957408afca3e5a267267,100000,4,0.2704957631709807,0.1770113841681896,0.4294546654228728,22.412493331223462,28.12252792813129
pico-decoder-small,pico-lm/pico-decoder-small@912032713d1ca4f482ce957408afca3e5a267267,100000,5,0.1883370415395798,0.2597495517977117,0.46902752579705,32.7719989524178,37.953322007707065
pico-decoder-small,pico-lm/pico-decoder-small@912032713d1ca4f482ce957408afca3e5a267267,100000,6,0.0283349044874562,0.3350237730558928,0.4951056195402555,46.49412420530963,99.96067990228896
pico-decoder-small,pico-lm/pico-decoder-small@912032713d1ca4f482ce957408afca3e5a267267,100000,7,0.0236985754229802,0.3377029277875176,0.4067740777934008,50.45301160558375,124.85065941285887
pico-decoder-small,pico-lm/pico-decoder-small@912032713d1ca4f482ce957408afca3e5a267267,100000,8,0.0062915382823035,0.5050030337234027,0.465327556553466,213.1096153677977,612.6764189812751
pico-decoder-small,pico-lm/pico-decoder-small@912032713d1ca4f482ce957408afca3e5a267267,100000,9,0.0062355185401852,0.5255905219376533,0.5238948799799508,256.454963911112,701.579590189041
pico-decoder-small,pico-lm/pico-decoder-small@912032713d1ca4f482ce957408afca3e5a267267,100000,10,0.0087650535518844,0.449664011796284,0.5182892867820639,181.51684433584197,321.915367413616
pico-decoder-small,pico-lm/pico-decoder-small@912032713d1ca4f482ce957408afca3e5a267267,100000,11,0.0319694482816995,0.3772752113123651,0.4122701161943783,165.46771234120047,144.45716650053183
pico-decoder-small,pico-lm/pico-decoder-small@0405a0c52b2083efba346cb0195a2684e628b1af,101000,0,0.366673537007494,0.0956576137446788,0.1796105869812207,11.102464006034054,22.70747349861068
pico-decoder-small,pico-lm/pico-decoder-small@0405a0c52b2083efba346cb0195a2684e628b1af,101000,1,0.3169081861216379,0.116691872514908,0.2685194137902493,13.325161181634035,26.42328445662861
pico-decoder-small,pico-lm/pico-decoder-small@0405a0c52b2083efba346cb0195a2684e628b1af,101000,2,0.295541859971013,0.1301383759465929,0.3247679196718714,15.393556259444557,28.69420267876573
pico-decoder-small,pico-lm/pico-decoder-small@0405a0c52b2083efba346cb0195a2684e628b1af,101000,3,0.3080892213678858,0.1445612392278832,0.359113546372425,17.72272142266115,26.33576778151335
pico-decoder-small,pico-lm/pico-decoder-small@0405a0c52b2083efba346cb0195a2684e628b1af,101000,4,0.2756886665169372,0.1751817127147052,0.4306796755706152,22.28831991018476,27.67796575656913
pico-decoder-small,pico-lm/pico-decoder-small@0405a0c52b2083efba346cb0195a2684e628b1af,101000,5,0.1740293163007619,0.2572404026163418,0.4707655535735487,32.549586082353805,39.156950371038434
pico-decoder-small,pico-lm/pico-decoder-small@0405a0c52b2083efba346cb0195a2684e628b1af,101000,6,0.0262512880281889,0.3379278941361541,0.4981765526970725,46.6546802297868,98.0317402973438
pico-decoder-small,pico-lm/pico-decoder-small@0405a0c52b2083efba346cb0195a2684e628b1af,101000,7,0.0221297088035463,0.3398327163519271,0.4079282844789103,50.86166672245417,138.7712896432836
pico-decoder-small,pico-lm/pico-decoder-small@0405a0c52b2083efba346cb0195a2684e628b1af,101000,8,0.0062891437449974,0.5067372884171613,0.4689941437455378,210.15780044118677,637.2159914816859
pico-decoder-small,pico-lm/pico-decoder-small@0405a0c52b2083efba346cb0195a2684e628b1af,101000,9,0.0062391329324791,0.5291266437485661,0.5289429535148115,252.80618540795265,715.2288480573785
pico-decoder-small,pico-lm/pico-decoder-small@0405a0c52b2083efba346cb0195a2684e628b1af,101000,10,0.0088461624617414,0.4517464299532872,0.5233808589478842,178.47883452000818,311.2641375494862
pico-decoder-small,pico-lm/pico-decoder-small@0405a0c52b2083efba346cb0195a2684e628b1af,101000,11,0.0344297405885292,0.3765201755100398,0.4128647196255682,164.51682044914023,142.37137608516852
pico-decoder-small,pico-lm/pico-decoder-small@a29b66f6847b3a1ec6358c6bdf5686f8db25e228,102000,0,0.3714774977695956,0.0951956618602746,0.1790845165766023,11.069631970324032,22.4861166922331
pico-decoder-small,pico-lm/pico-decoder-small@a29b66f6847b3a1ec6358c6bdf5686f8db25e228,102000,1,0.3236473488085661,0.116398234221267,0.2681710678141178,13.2938889239437,26.060466220440603
pico-decoder-small,pico-lm/pico-decoder-small@a29b66f6847b3a1ec6358c6bdf5686f8db25e228,102000,2,0.3007463778797224,0.1300914330830029,0.3255847011598218,15.387490985817124,28.210185715563828
pico-decoder-small,pico-lm/pico-decoder-small@a29b66f6847b3a1ec6358c6bdf5686f8db25e228,102000,3,0.3128537165468273,0.1441427368408233,0.3597009273715155,17.721213507444656,26.04354689115764
pico-decoder-small,pico-lm/pico-decoder-small@a29b66f6847b3a1ec6358c6bdf5686f8db25e228,102000,4,0.276827024491775,0.1742988567694037,0.4308926987157539,22.257082688372822,27.70792700801943
pico-decoder-small,pico-lm/pico-decoder-small@a29b66f6847b3a1ec6358c6bdf5686f8db25e228,102000,5,0.1861469481252564,0.2531496950542666,0.4687332912832878,32.05183874547353,37.718190607103885
pico-decoder-small,pico-lm/pico-decoder-small@a29b66f6847b3a1ec6358c6bdf5686f8db25e228,102000,6,0.0274617403651478,0.3346607974724422,0.4991383167916106,46.35376178399103,98.27432446558396
pico-decoder-small,pico-lm/pico-decoder-small@a29b66f6847b3a1ec6358c6bdf5686f8db25e228,102000,7,0.0231696964178507,0.3375043252368414,0.4081087100462608,50.31963300887378,133.37081266388742
pico-decoder-small,pico-lm/pico-decoder-small@a29b66f6847b3a1ec6358c6bdf5686f8db25e228,102000,8,0.0062882604519124,0.5029051636007584,0.4647490153177888,210.86283659287645,633.2834681447991
pico-decoder-small,pico-lm/pico-decoder-small@a29b66f6847b3a1ec6358c6bdf5686f8db25e228,102000,9,0.0062430662346902,0.5245422888479925,0.5261540624612201,253.73343105962775,712.3627708392105
pico-decoder-small,pico-lm/pico-decoder-small@a29b66f6847b3a1ec6358c6bdf5686f8db25e228,102000,10,0.0088792375158816,0.4490596497521364,0.5235960951107582,179.59667629703702,303.9659634724174
pico-decoder-small,pico-lm/pico-decoder-small@a29b66f6847b3a1ec6358c6bdf5686f8db25e228,102000,11,0.0318783235660451,0.3762282716311317,0.4088385461344794,164.91510066209938,139.9186856208272
pico-decoder-small,pico-lm/pico-decoder-small@b6e1c3f17ee3de24e5563176b76cde040230086b,103000,0,0.3716727356832952,0.094296256550709,0.17712233809398,11.022355287624134,22.436939583453903
pico-decoder-small,pico-lm/pico-decoder-small@b6e1c3f17ee3de24e5563176b76cde040230086b,103000,1,0.3221055825561126,0.1161595898936173,0.2669699670831129,13.247640947383928,26.445315149057777
pico-decoder-small,pico-lm/pico-decoder-small@b6e1c3f17ee3de24e5563176b76cde040230086b,103000,2,0.298852063528511,0.1296510564433992,0.3244895069443226,15.339088108308824,28.735749120698824
pico-decoder-small,pico-lm/pico-decoder-small@b6e1c3f17ee3de24e5563176b76cde040230086b,103000,3,0.3169059450417807,0.1434914458777355,0.3589840276864648,17.6622046079293,26.00902674228756
pico-decoder-small,pico-lm/pico-decoder-small@b6e1c3f17ee3de24e5563176b76cde040230086b,103000,4,0.2846877020813823,0.1743311509741469,0.4332373476096738,22.347866118728184,27.849081009044014
pico-decoder-small,pico-lm/pico-decoder-small@b6e1c3f17ee3de24e5563176b76cde040230086b,103000,5,0.1706157704275224,0.2623447534522114,0.4685055246985796,32.86002563844512,39.07967866541907
pico-decoder-small,pico-lm/pico-decoder-small@b6e1c3f17ee3de24e5563176b76cde040230086b,103000,6,0.0297302161755602,0.3373012865405922,0.4981366242823284,46.61245374439577,94.09636727772356
pico-decoder-small,pico-lm/pico-decoder-small@b6e1c3f17ee3de24e5563176b76cde040230086b,103000,7,0.0277177827378214,0.3376091689766773,0.4190043323476497,49.9928941194884,117.143550601648
pico-decoder-small,pico-lm/pico-decoder-small@b6e1c3f17ee3de24e5563176b76cde040230086b,103000,8,0.0064452334463782,0.5019115836694058,0.471097678785264,204.6068382218162,550.0342646841607
pico-decoder-small,pico-lm/pico-decoder-small@b6e1c3f17ee3de24e5563176b76cde040230086b,103000,9,0.0063719844106389,0.5225664581226521,0.5316634831531284,245.96052604645013,603.8441748645604
pico-decoder-small,pico-lm/pico-decoder-small@b6e1c3f17ee3de24e5563176b76cde040230086b,103000,10,0.0097184968606546,0.4477123428285281,0.528752784960312,175.5685858216298,262.56320917132285
pico-decoder-small,pico-lm/pico-decoder-small@b6e1c3f17ee3de24e5563176b76cde040230086b,103000,11,0.0319306012245162,0.3803101770243861,0.4139197385754482,166.7386459218537,130.87030631946902
pico-decoder-small,pico-lm/pico-decoder-small@fd779f78578d7ce2eb7316f95b1536f35f90d660,104000,0,0.367658217126946,0.0945635544769321,0.1784513020904358,11.017492135297372,22.77089331787399
pico-decoder-small,pico-lm/pico-decoder-small@fd779f78578d7ce2eb7316f95b1536f35f90d660,104000,1,0.3182594322758671,0.1165925723527758,0.2702235202717956,13.268069269136149,26.46622600117192
pico-decoder-small,pico-lm/pico-decoder-small@fd779f78578d7ce2eb7316f95b1536f35f90d660,104000,2,0.2937935139935877,0.130816258663175,0.3281346896590687,15.380438086368866,28.96797862065442
pico-decoder-small,pico-lm/pico-decoder-small@fd779f78578d7ce2eb7316f95b1536f35f90d660,104000,3,0.3117735401646057,0.1449162546542415,0.3616425113991532,17.705842006880268,26.03359047336045
pico-decoder-small,pico-lm/pico-decoder-small@fd779f78578d7ce2eb7316f95b1536f35f90d660,104000,4,0.2854338298264784,0.1757851399723334,0.437428765429345,22.450147443437768,27.951250088521046
pico-decoder-small,pico-lm/pico-decoder-small@fd779f78578d7ce2eb7316f95b1536f35f90d660,104000,5,0.1726943062873367,0.2585194657524778,0.4738852840932006,32.72776808321223,39.22437424559505
pico-decoder-small,pico-lm/pico-decoder-small@fd779f78578d7ce2eb7316f95b1536f35f90d660,104000,6,0.0302035970059052,0.3358456029113688,0.4999037514207938,46.21028059107684,96.55362901524796
pico-decoder-small,pico-lm/pico-decoder-small@fd779f78578d7ce2eb7316f95b1536f35f90d660,104000,7,0.0262255729639328,0.3383218534802386,0.4169044221496437,49.87703590896521,115.35041003035045
pico-decoder-small,pico-lm/pico-decoder-small@fd779f78578d7ce2eb7316f95b1536f35f90d660,104000,8,0.0063587792470312,0.51180357953897,0.475275903019631,211.5554684955229,564.4355911941115
pico-decoder-small,pico-lm/pico-decoder-small@fd779f78578d7ce2eb7316f95b1536f35f90d660,104000,9,0.0063166449653016,0.5290105000618583,0.5325259124824637,251.2740877047916,655.1266771550431
pico-decoder-small,pico-lm/pico-decoder-small@fd779f78578d7ce2eb7316f95b1536f35f90d660,104000,10,0.009407324720601,0.449474417663426,0.5268303899011486,178.09058355738992,291.97243692099886
pico-decoder-small,pico-lm/pico-decoder-small@fd779f78578d7ce2eb7316f95b1536f35f90d660,104000,11,0.0336449539059623,0.3731485209095895,0.4102188429402372,164.22139825120036,135.4160592196011
pico-decoder-small,pico-lm/pico-decoder-small@2a9ae447eace88eb5c4be50d7b3c867cbd1a9a7e,105000,0,0.3695258980952987,0.0943892461676008,0.1792145151337437,11.011649974728016,22.46225820708808
pico-decoder-small,pico-lm/pico-decoder-small@2a9ae447eace88eb5c4be50d7b3c867cbd1a9a7e,105000,1,0.3203220652389738,0.1166050797536266,0.2723205396707053,13.278077215066425,26.21289362176584
pico-decoder-small,pico-lm/pico-decoder-small@2a9ae447eace88eb5c4be50d7b3c867cbd1a9a7e,105000,2,0.2972758006034634,0.1307101068628264,0.3293103360436603,15.376465612283283,29.403598310148272
pico-decoder-small,pico-lm/pico-decoder-small@2a9ae447eace88eb5c4be50d7b3c867cbd1a9a7e,105000,3,0.3145889218372563,0.1460560218368608,0.3621386550448895,17.705333459354573,25.74766922870608
pico-decoder-small,pico-lm/pico-decoder-small@2a9ae447eace88eb5c4be50d7b3c867cbd1a9a7e,105000,4,0.2832560280003368,0.1775614285083541,0.4374687086629484,22.448811489805745,27.89869238092727
pico-decoder-small,pico-lm/pico-decoder-small@2a9ae447eace88eb5c4be50d7b3c867cbd1a9a7e,105000,5,0.1737244895273006,0.2566736342894873,0.4742810733859977,32.470895705131554,38.34659312938036
pico-decoder-small,pico-lm/pico-decoder-small@2a9ae447eace88eb5c4be50d7b3c867cbd1a9a7e,105000,6,0.0295957568618126,0.3348632225947767,0.5015117998438317,46.04789084131757,93.67460916671784
pico-decoder-small,pico-lm/pico-decoder-small@2a9ae447eace88eb5c4be50d7b3c867cbd1a9a7e,105000,7,0.0257624960145234,0.3410688440622577,0.4109465218265424,49.90252280723861,115.86252309207708
pico-decoder-small,pico-lm/pico-decoder-small@2a9ae447eace88eb5c4be50d7b3c867cbd1a9a7e,105000,8,0.006338516537091,0.5103426327993743,0.4757164932078516,212.00515503689928,593.5989043737011
pico-decoder-small,pico-lm/pico-decoder-small@2a9ae447eace88eb5c4be50d7b3c867cbd1a9a7e,105000,9,0.0063022558719358,0.5262174167282633,0.5315972985895988,251.44241661321303,688.6017832104168
pico-decoder-small,pico-lm/pico-decoder-small@2a9ae447eace88eb5c4be50d7b3c867cbd1a9a7e,105000,10,0.0092560995448084,0.4484060550692428,0.5256721511278796,178.79472586355314,303.7600849952496
pico-decoder-small,pico-lm/pico-decoder-small@2a9ae447eace88eb5c4be50d7b3c867cbd1a9a7e,105000,11,0.0324999344751342,0.373128885618617,0.4110682104702684,163.4354543599601,141.2844378831588
pico-decoder-small,pico-lm/pico-decoder-small@36d78ffabfbf506523a459e2116bbc012c1adab7,106000,0,0.3654893057734247,0.095376006624265,0.1812677507290921,11.028565540197569,22.810226894002945
pico-decoder-small,pico-lm/pico-decoder-small@36d78ffabfbf506523a459e2116bbc012c1adab7,106000,1,0.3149750725791977,0.1174614745541791,0.2734819189341148,13.297778477458074,26.54405187963389
pico-decoder-small,pico-lm/pico-decoder-small@36d78ffabfbf506523a459e2116bbc012c1adab7,106000,2,0.2923636693571678,0.1310669081953598,0.3303326957135606,15.384462177352402,29.35332367046381
pico-decoder-small,pico-lm/pico-decoder-small@36d78ffabfbf506523a459e2116bbc012c1adab7,106000,3,0.3115475688323811,0.1467201148683149,0.363663664724049,17.743023543641637,25.971497203754552
pico-decoder-small,pico-lm/pico-decoder-small@36d78ffabfbf506523a459e2116bbc012c1adab7,106000,4,0.2740528998961289,0.1782818432156923,0.4397050628043382,22.54628595747377,27.88032183114847
pico-decoder-small,pico-lm/pico-decoder-small@36d78ffabfbf506523a459e2116bbc012c1adab7,106000,5,0.1700588133665251,0.2579305900483183,0.4761801525522044,32.778344294829644,39.10612360872125
pico-decoder-small,pico-lm/pico-decoder-small@36d78ffabfbf506523a459e2116bbc012c1adab7,106000,6,0.0284688168866075,0.3382200893418504,0.5017302030553027,46.38714944217364,93.86316653068296
pico-decoder-small,pico-lm/pico-decoder-small@36d78ffabfbf506523a459e2116bbc012c1adab7,106000,7,0.0241364620733315,0.34498640908014,0.4062251575074307,50.10613305796683,124.4292807653518
pico-decoder-small,pico-lm/pico-decoder-small@36d78ffabfbf506523a459e2116bbc012c1adab7,106000,8,0.0062728579140222,0.5128526268882424,0.4798018884442925,220.74091691013385,633.3030226703146
pico-decoder-small,pico-lm/pico-decoder-small@36d78ffabfbf506523a459e2116bbc012c1adab7,106000,9,0.0062434868468402,0.5289232861207919,0.5335457905819766,260.4736271037684,709.2601008340716
pico-decoder-small,pico-lm/pico-decoder-small@36d78ffabfbf506523a459e2116bbc012c1adab7,106000,10,0.0088317876746063,0.4542213546620888,0.5259869909342452,184.6583901589157,315.48351861914426
pico-decoder-small,pico-lm/pico-decoder-small@36d78ffabfbf506523a459e2116bbc012c1adab7,106000,11,0.031914519071894,0.3740955239757754,0.4079576729174302,164.15766772261443,144.09646450334583
pico-decoder-small,pico-lm/pico-decoder-small@3f9b3375f2ae4b81043ba582d1b2ec8bc15a04e1,107000,0,0.3683228368771022,0.0954039458301451,0.1805057606443238,11.011929360930392,22.619540233149618
pico-decoder-small,pico-lm/pico-decoder-small@3f9b3375f2ae4b81043ba582d1b2ec8bc15a04e1,107000,1,0.3150822941431098,0.1171832275985729,0.2735703190747135,13.291366608536128,26.59133973946629
pico-decoder-small,pico-lm/pico-decoder-small@3f9b3375f2ae4b81043ba582d1b2ec8bc15a04e1,107000,2,0.2921310789820858,0.1309412435023561,0.3313779650148604,15.387847679263514,29.07138568873411
pico-decoder-small,pico-lm/pico-decoder-small@3f9b3375f2ae4b81043ba582d1b2ec8bc15a04e1,107000,3,0.3135353391945444,0.1462187716496402,0.3632704782513875,17.681154168315164,25.621414889033797
pico-decoder-small,pico-lm/pico-decoder-small@3f9b3375f2ae4b81043ba582d1b2ec8bc15a04e1,107000,4,0.2798374379864792,0.1782704330699453,0.4378798527573261,22.428282183161347,28.40433178267546
pico-decoder-small,pico-lm/pico-decoder-small@3f9b3375f2ae4b81043ba582d1b2ec8bc15a04e1,107000,5,0.1518983849714674,0.2596728988608758,0.4746238046283783,32.75237046506962,41.401649209309895
pico-decoder-small,pico-lm/pico-decoder-small@3f9b3375f2ae4b81043ba582d1b2ec8bc15a04e1,107000,6,0.0254302154368012,0.3399072870721525,0.4972090566910706,46.7558953947484,100.53785204870002
pico-decoder-small,pico-lm/pico-decoder-small@3f9b3375f2ae4b81043ba582d1b2ec8bc15a04e1,107000,7,0.0208441318521598,0.3487870559633346,0.3998903155706132,51.01299553043752,128.46880237310066
pico-decoder-small,pico-lm/pico-decoder-small@3f9b3375f2ae4b81043ba582d1b2ec8bc15a04e1,107000,8,0.0062177516116513,0.5111363942241525,0.478466812330923,225.08068107348083,639.1891877540287
pico-decoder-small,pico-lm/pico-decoder-small@3f9b3375f2ae4b81043ba582d1b2ec8bc15a04e1,107000,9,0.0061955586827705,0.5273418756716826,0.5322413991685747,264.07888702065526,689.8857498059635
pico-decoder-small,pico-lm/pico-decoder-small@3f9b3375f2ae4b81043ba582d1b2ec8bc15a04e1,107000,10,0.0085619076050335,0.4509521744239404,0.5238398280801816,186.25332723601323,304.4091652402894
pico-decoder-small,pico-lm/pico-decoder-small@3f9b3375f2ae4b81043ba582d1b2ec8bc15a04e1,107000,11,0.0312636562586137,0.3743931835004823,0.4102149758134972,163.1766624502168,148.68488602388723
pico-decoder-small,pico-lm/pico-decoder-small@00c972e3e00659382b3fe4f9d9f634ebbd9833c1,108000,0,0.3670145491358595,0.0957497964053049,0.1797364211344596,10.984096844636964,22.802386214892422
pico-decoder-small,pico-lm/pico-decoder-small@00c972e3e00659382b3fe4f9d9f634ebbd9833c1,108000,1,0.3145579403275684,0.117666780507932,0.2724456844567414,13.2644621494616,26.83315554714005
pico-decoder-small,pico-lm/pico-decoder-small@00c972e3e00659382b3fe4f9d9f634ebbd9833c1,108000,2,0.2916631468640121,0.1306744474412871,0.3298230981487869,15.348613852592598,29.368297858129885
pico-decoder-small,pico-lm/pico-decoder-small@00c972e3e00659382b3fe4f9d9f634ebbd9833c1,108000,3,0.3120547096858155,0.1472875295303274,0.3625862063455057,17.65986723345276,25.64466627457467
pico-decoder-small,pico-lm/pico-decoder-small@00c972e3e00659382b3fe4f9d9f634ebbd9833c1,108000,4,0.275707607820481,0.1802175251035994,0.4409039416197333,22.52664427743338,28.217931292186403
pico-decoder-small,pico-lm/pico-decoder-small@00c972e3e00659382b3fe4f9d9f634ebbd9833c1,108000,5,0.1645765705123258,0.265424319976173,0.4786256980279278,33.23854313786763,40.27349386171882
pico-decoder-small,pico-lm/pico-decoder-small@00c972e3e00659382b3fe4f9d9f634ebbd9833c1,108000,6,0.0276801305637233,0.338742462197599,0.504779098652721,46.65424101044116,98.9997434292642
pico-decoder-small,pico-lm/pico-decoder-small@00c972e3e00659382b3fe4f9d9f634ebbd9833c1,108000,7,0.023020514357913,0.3427354228376826,0.4021760894891817,49.99144187138295,117.35294597840569
pico-decoder-small,pico-lm/pico-decoder-small@00c972e3e00659382b3fe4f9d9f634ebbd9833c1,108000,8,0.0062546445761054,0.5071882022773929,0.4760782751422073,222.18653067455892,609.520206777532
pico-decoder-small,pico-lm/pico-decoder-small@00c972e3e00659382b3fe4f9d9f634ebbd9833c1,108000,9,0.0062388819841897,0.5217790287775472,0.528650334152736,259.07564253921385,660.0448066393323
pico-decoder-small,pico-lm/pico-decoder-small@00c972e3e00659382b3fe4f9d9f634ebbd9833c1,108000,10,0.0087490182747258,0.4481467515968014,0.5210031865150343,184.41056253037917,283.91410303113406
pico-decoder-small,pico-lm/pico-decoder-small@00c972e3e00659382b3fe4f9d9f634ebbd9833c1,108000,11,0.03379290761612,0.3729909847671104,0.4068955011306143,164.86329483342368,133.25168724036507
pico-decoder-small,pico-lm/pico-decoder-small@076cdde7affce35bd2bad3498e51f33f575aaddb,109000,0,0.3681453030006776,0.0953448834152443,0.1797048600271058,10.957605140192742,22.836282923967488
pico-decoder-small,pico-lm/pico-decoder-small@076cdde7affce35bd2bad3498e51f33f575aaddb,109000,1,0.3136370520205589,0.117598500620446,0.273523066753696,13.251075988437156,26.974454828963403
pico-decoder-small,pico-lm/pico-decoder-small@076cdde7affce35bd2bad3498e51f33f575aaddb,109000,2,0.2933631672792968,0.1309613692117509,0.3296270760464945,15.32070517229458,29.03829737809225
pico-decoder-small,pico-lm/pico-decoder-small@076cdde7affce35bd2bad3498e51f33f575aaddb,109000,3,0.3106077907045046,0.1475220495355182,0.3634745436137094,17.647412763922873,25.471252603694435
pico-decoder-small,pico-lm/pico-decoder-small@076cdde7affce35bd2bad3498e51f33f575aaddb,109000,4,0.275328590980977,0.1789814372032205,0.4398604917104992,22.399559864627133,28.054067820643706
pico-decoder-small,pico-lm/pico-decoder-small@076cdde7affce35bd2bad3498e51f33f575aaddb,109000,5,0.1640097009360749,0.2637622910010524,0.4775649888995111,33.01547782202524,39.35487600987375
pico-decoder-small,pico-lm/pico-decoder-small@076cdde7affce35bd2bad3498e51f33f575aaddb,109000,6,0.0278482906879424,0.337165946963861,0.5034045044728533,46.39455596110929,95.4371680969296
pico-decoder-small,pico-lm/pico-decoder-small@076cdde7affce35bd2bad3498e51f33f575aaddb,109000,7,0.0236172926641687,0.342742860187118,0.4074334984406649,50.09294471329566,121.98632755458743
pico-decoder-small,pico-lm/pico-decoder-small@076cdde7affce35bd2bad3498e51f33f575aaddb,109000,8,0.0062502941491809,0.5113543148738678,0.4813186119639722,219.70019655107947,628.0563412412068
pico-decoder-small,pico-lm/pico-decoder-small@076cdde7affce35bd2bad3498e51f33f575aaddb,109000,9,0.0062316501343953,0.5291553620529893,0.5372770471669298,257.8320303900137,682.5685235689537
pico-decoder-small,pico-lm/pico-decoder-small@076cdde7affce35bd2bad3498e51f33f575aaddb,109000,10,0.0088031234911419,0.4484155583801338,0.5291932739880225,181.66001200344496,319.75465397668114
pico-decoder-small,pico-lm/pico-decoder-small@076cdde7affce35bd2bad3498e51f33f575aaddb,109000,11,0.0328024739568,0.3754474369120287,0.4009130873607869,163.59946556080075,145.34402633407518
pico-decoder-small,pico-lm/pico-decoder-small@1f7f52ddf73285dd5484e753c1740cc68df81b76,110000,0,0.3683007882833962,0.0953458622474621,0.1806459922452145,10.958942623529586,22.82442388611943
pico-decoder-small,pico-lm/pico-decoder-small@1f7f52ddf73285dd5484e753c1740cc68df81b76,110000,1,0.3160589377828864,0.116957545143574,0.2736768668027662,13.241955338180572,26.61031994008172
pico-decoder-small,pico-lm/pico-decoder-small@1f7f52ddf73285dd5484e753c1740cc68df81b76,110000,2,0.2967477509770009,0.1298723068471686,0.329663128811291,15.29775987856378,28.98042880718214
pico-decoder-small,pico-lm/pico-decoder-small@1f7f52ddf73285dd5484e753c1740cc68df81b76,110000,3,0.3129678198759718,0.146115233670056,0.3630146336354098,17.629495047442923,25.330747132799043
pico-decoder-small,pico-lm/pico-decoder-small@1f7f52ddf73285dd5484e753c1740cc68df81b76,110000,4,0.2841961297220952,0.1799968003015233,0.4444906328372202,22.57333744685451,27.205508112714696
pico-decoder-small,pico-lm/pico-decoder-small@1f7f52ddf73285dd5484e753c1740cc68df81b76,110000,5,0.1671187423420949,0.2666549584255793,0.4830267152896776,33.24339480724957,40.37175572557089
pico-decoder-small,pico-lm/pico-decoder-small@1f7f52ddf73285dd5484e753c1740cc68df81b76,110000,6,0.0291953695901136,0.337100093322002,0.5073139320808554,46.10979120207644,95.32902460360042
pico-decoder-small,pico-lm/pico-decoder-small@1f7f52ddf73285dd5484e753c1740cc68df81b76,110000,7,0.0252362677433634,0.3395231994919964,0.4087713111354611,49.2228449577566,124.60980848217775
pico-decoder-small,pico-lm/pico-decoder-small@1f7f52ddf73285dd5484e753c1740cc68df81b76,110000,8,0.0062727168301809,0.5108356746794872,0.4790474778721315,217.97076119059705,632.9039353532778
pico-decoder-small,pico-lm/pico-decoder-small@1f7f52ddf73285dd5484e753c1740cc68df81b76,110000,9,0.0062500075299454,0.5271416020970686,0.5353324342225814,256.2147378431989,696.1992185303948
pico-decoder-small,pico-lm/pico-decoder-small@1f7f52ddf73285dd5484e753c1740cc68df81b76,110000,10,0.0088955759785466,0.4506304052411132,0.5277155898796271,180.71584378672156,327.3160080775785
pico-decoder-small,pico-lm/pico-decoder-small@1f7f52ddf73285dd5484e753c1740cc68df81b76,110000,11,0.0332528481616852,0.3754511070317674,0.3985469629859031,161.81869113547327,151.8649899005872
pico-decoder-small,pico-lm/pico-decoder-small@a801b2ab639f60dbd4ebfe264aab726255eb2877,111000,0,0.3679681489016696,0.0950211631647365,0.1818920138919519,10.945022397011805,22.70219216619141
pico-decoder-small,pico-lm/pico-decoder-small@a801b2ab639f60dbd4ebfe264aab726255eb2877,111000,1,0.3142202129546159,0.1163343465568065,0.2729514893012418,13.1951600739281,26.69601646626901
pico-decoder-small,pico-lm/pico-decoder-small@a801b2ab639f60dbd4ebfe264aab726255eb2877,111000,2,0.2984502988106025,0.1299240995056614,0.3296931093707488,15.244267377249086,28.821792253221822
pico-decoder-small,pico-lm/pico-decoder-small@a801b2ab639f60dbd4ebfe264aab726255eb2877,111000,3,0.3162689097350952,0.1466230173020988,0.3643215884441894,17.640306692713995,25.377687401857948
pico-decoder-small,pico-lm/pico-decoder-small@a801b2ab639f60dbd4ebfe264aab726255eb2877,111000,4,0.2863503503930928,0.1818608760942988,0.4471440394723026,22.664632379941157,26.44097834505784
pico-decoder-small,pico-lm/pico-decoder-small@a801b2ab639f60dbd4ebfe264aab726255eb2877,111000,5,0.1689425610833155,0.2700429155850301,0.4845817109426864,33.54535357512709,40.20205420230966
pico-decoder-small,pico-lm/pico-decoder-small@a801b2ab639f60dbd4ebfe264aab726255eb2877,111000,6,0.0277653378028859,0.3394159988068181,0.5090818326798942,46.54529421494951,95.50947441504756
pico-decoder-small,pico-lm/pico-decoder-small@a801b2ab639f60dbd4ebfe264aab726255eb2877,111000,7,0.0243334812310002,0.3422313274512729,0.4175577361541653,50.1654809017001,120.26109379064074
pico-decoder-small,pico-lm/pico-decoder-small@a801b2ab639f60dbd4ebfe264aab726255eb2877,111000,8,0.0062557497348683,0.513581246046554,0.4812260994739005,218.9111538206036,622.2455182431073
pico-decoder-small,pico-lm/pico-decoder-small@a801b2ab639f60dbd4ebfe264aab726255eb2877,111000,9,0.0062404234854129,0.5292956062351394,0.5374536710265504,257.25579125786084,679.494272808168
pico-decoder-small,pico-lm/pico-decoder-small@a801b2ab639f60dbd4ebfe264aab726255eb2877,111000,10,0.0088527013825748,0.4526779322844796,0.530052878953964,181.5330938048394,299.9090724696956
pico-decoder-small,pico-lm/pico-decoder-small@a801b2ab639f60dbd4ebfe264aab726255eb2877,111000,11,0.0309516179851287,0.3755992629808434,0.4120386708646385,162.85557978569852,139.74350235785684
pico-decoder-small,pico-lm/pico-decoder-small@197b11d764b16772e54f2cbbfab17581cbdb9b59,112000,0,0.3655562597026908,0.0956165272830327,0.1836941989634916,10.95473442070878,22.690874804806413
pico-decoder-small,pico-lm/pico-decoder-small@197b11d764b16772e54f2cbbfab17581cbdb9b59,112000,1,0.3100311706301497,0.1172829443918644,0.2767802755515016,13.238860710231725,26.740151526435188
pico-decoder-small,pico-lm/pico-decoder-small@197b11d764b16772e54f2cbbfab17581cbdb9b59,112000,2,0.2919889452533817,0.131241456706111,0.3321333345995403,15.299791237143497,28.871629817341137
pico-decoder-small,pico-lm/pico-decoder-small@197b11d764b16772e54f2cbbfab17581cbdb9b59,112000,3,0.3118503545876391,0.147628207128643,0.3648774455229948,17.67706720881698,25.41749771942927
pico-decoder-small,pico-lm/pico-decoder-small@197b11d764b16772e54f2cbbfab17581cbdb9b59,112000,4,0.290047363772745,0.1827795292299533,0.4476837102460572,22.723115994247223,26.78086266801663
pico-decoder-small,pico-lm/pico-decoder-small@197b11d764b16772e54f2cbbfab17581cbdb9b59,112000,5,0.1447708068795714,0.2702576542638104,0.4854491063395342,33.557375764462435,46.010099932730114
pico-decoder-small,pico-lm/pico-decoder-small@197b11d764b16772e54f2cbbfab17581cbdb9b59,112000,6,0.0258123962505035,0.3389759961273138,0.5112229044308084,46.301167213474464,105.8703146793796
pico-decoder-small,pico-lm/pico-decoder-small@197b11d764b16772e54f2cbbfab17581cbdb9b59,112000,7,0.0243920854596565,0.3419545454309967,0.4210859459811275,49.64487944993034,125.67167289368142
pico-decoder-small,pico-lm/pico-decoder-small@197b11d764b16772e54f2cbbfab17581cbdb9b59,112000,8,0.0062616064743522,0.5098453218386015,0.4810661297059895,213.67032387913704,634.4014777361738
pico-decoder-small,pico-lm/pico-decoder-small@197b11d764b16772e54f2cbbfab17581cbdb9b59,112000,9,0.0062504928555637,0.5295477215921472,0.5394269575067684,252.1442641559941,703.6584746341404
pico-decoder-small,pico-lm/pico-decoder-small@197b11d764b16772e54f2cbbfab17581cbdb9b59,112000,10,0.0088193153589803,0.4475506774409718,0.5283580957939048,178.38811647186543,309.7571169838133
pico-decoder-small,pico-lm/pico-decoder-small@197b11d764b16772e54f2cbbfab17581cbdb9b59,112000,11,0.032101293637892,0.3755235157825669,0.403100972737365,162.79317523868747,146.8828987376133
pico-decoder-small,pico-lm/pico-decoder-small@0ff198943f69ee08bd0b54c8ab55d364ce931a26,113000,0,0.3659060362838286,0.0953954801099444,0.1838575807703785,10.940189145773685,22.71440937793049
pico-decoder-small,pico-lm/pico-decoder-small@0ff198943f69ee08bd0b54c8ab55d364ce931a26,113000,1,0.3132377084863915,0.1167334382142041,0.2749958659534893,13.200125833195472,26.59981587421024
pico-decoder-small,pico-lm/pico-decoder-small@0ff198943f69ee08bd0b54c8ab55d364ce931a26,113000,2,0.2947661324724689,0.1311061191896498,0.3306578981198758,15.241134060134373,28.63680837837592
pico-decoder-small,pico-lm/pico-decoder-small@0ff198943f69ee08bd0b54c8ab55d364ce931a26,113000,3,0.314666185560627,0.1473752725500752,0.364123329626945,17.599354387590026,25.185231375473485
pico-decoder-small,pico-lm/pico-decoder-small@0ff198943f69ee08bd0b54c8ab55d364ce931a26,113000,4,0.2878642055854856,0.1832598916681279,0.4461107665557315,22.613697026032767,26.8054459630956
pico-decoder-small,pico-lm/pico-decoder-small@0ff198943f69ee08bd0b54c8ab55d364ce931a26,113000,5,0.1704587750801103,0.2652563592554706,0.4850830147437269,33.006038899165944,43.23839687735435
pico-decoder-small,pico-lm/pico-decoder-small@0ff198943f69ee08bd0b54c8ab55d364ce931a26,113000,6,0.0272962763720725,0.3380598628145416,0.5078322559859513,46.130139965128365,102.4558954237315
pico-decoder-small,pico-lm/pico-decoder-small@0ff198943f69ee08bd0b54c8ab55d364ce931a26,113000,7,0.0261602887532747,0.3397033173131955,0.4191669003147047,48.98461933992951,117.81698167336413
pico-decoder-small,pico-lm/pico-decoder-small@0ff198943f69ee08bd0b54c8ab55d364ce931a26,113000,8,0.0063459051590058,0.5112752902591947,0.4833283469809581,207.91698590564872,585.3983364803108
pico-decoder-small,pico-lm/pico-decoder-small@0ff198943f69ee08bd0b54c8ab55d364ce931a26,113000,9,0.0063157679869294,0.5316356767818776,0.5455442848585473,248.0628481691469,667.2591062969888
pico-decoder-small,pico-lm/pico-decoder-small@0ff198943f69ee08bd0b54c8ab55d364ce931a26,113000,10,0.0092349002244487,0.4484464270360888,0.5378242832799364,175.86220884540282,287.6325985093292
pico-decoder-small,pico-lm/pico-decoder-small@0ff198943f69ee08bd0b54c8ab55d364ce931a26,113000,11,0.0283533114438908,0.3872877558279268,0.4197570738127896,175.42712167105603,155.50214605020517
pico-decoder-small,pico-lm/pico-decoder-small@fe2f1951a2f9a01d14429415f467c91c8a765024,114000,0,0.3689243495135114,0.0951552034440685,0.1848109329311753,10.92614341446562,22.480252769187786
pico-decoder-small,pico-lm/pico-decoder-small@fe2f1951a2f9a01d14429415f467c91c8a765024,114000,1,0.3161074180742358,0.1168187461446271,0.2768868324469771,13.200438479719589,26.30059408147242
pico-decoder-small,pico-lm/pico-decoder-small@fe2f1951a2f9a01d14429415f467c91c8a765024,114000,2,0.2966659822924739,0.1309131589476956,0.3314753829989375,15.217299432966714,28.424259349722053
pico-decoder-small,pico-lm/pico-decoder-small@fe2f1951a2f9a01d14429415f467c91c8a765024,114000,3,0.3125413841548529,0.1470880782890263,0.3635281218766856,17.558676619847958,25.030182783674697
pico-decoder-small,pico-lm/pico-decoder-small@fe2f1951a2f9a01d14429415f467c91c8a765024,114000,4,0.2802200119615126,0.1827611185244705,0.4450347606183242,22.587508332496075,27.579915807241107
pico-decoder-small,pico-lm/pico-decoder-small@fe2f1951a2f9a01d14429415f467c91c8a765024,114000,5,0.1495995622256817,0.2703945954535534,0.4828184669943192,33.48606394794122,44.62049273731456
pico-decoder-small,pico-lm/pico-decoder-small@fe2f1951a2f9a01d14429415f467c91c8a765024,114000,6,0.0278014310081142,0.3374286353980504,0.5104655266789311,46.13236897047853,100.66135219701256
pico-decoder-small,pico-lm/pico-decoder-small@fe2f1951a2f9a01d14429415f467c91c8a765024,114000,7,0.0263554206158632,0.3416190898828943,0.4183522023480259,49.11501919405296,116.64197053040029
pico-decoder-small,pico-lm/pico-decoder-small@fe2f1951a2f9a01d14429415f467c91c8a765024,114000,8,0.0063205820920061,0.5098009166406072,0.4816184289933492,218.15562516917987,604.3588941808575
pico-decoder-small,pico-lm/pico-decoder-small@fe2f1951a2f9a01d14429415f467c91c8a765024,114000,9,0.0062964240153403,0.5296087049066698,0.5407192800146137,256.0120844759662,682.226438637994
pico-decoder-small,pico-lm/pico-decoder-small@fe2f1951a2f9a01d14429415f467c91c8a765024,114000,10,0.0091192549799994,0.4524129934582142,0.534242965614987,181.3714451408636,293.7397684423806
pico-decoder-small,pico-lm/pico-decoder-small@fe2f1951a2f9a01d14429415f467c91c8a765024,114000,11,0.032599916515644,0.3788938191313976,0.399919958286963,161.635786013172,144.653910674334
pico-decoder-small,pico-lm/pico-decoder-small@dde9b48ac9a426d9bc86b1fc423b8241736f6ea3,115000,0,0.3652748059509961,0.0963168328375718,0.1888474078130691,10.962211592653484,22.796942232363836
pico-decoder-small,pico-lm/pico-decoder-small@dde9b48ac9a426d9bc86b1fc423b8241736f6ea3,115000,1,0.3165902866739935,0.1169559102026513,0.2784257547424743,13.204806399102882,26.29497904283852
pico-decoder-small,pico-lm/pico-decoder-small@dde9b48ac9a426d9bc86b1fc423b8241736f6ea3,115000,2,0.3001428334956807,0.1316136510176204,0.329896621574276,15.19543873451014,28.63356912450265
pico-decoder-small,pico-lm/pico-decoder-small@dde9b48ac9a426d9bc86b1fc423b8241736f6ea3,115000,3,0.310862894522388,0.1484695460899763,0.3620957692627989,17.558825610100996,25.59179177166788
pico-decoder-small,pico-lm/pico-decoder-small@dde9b48ac9a426d9bc86b1fc423b8241736f6ea3,115000,4,0.2765319311582129,0.1859697377761732,0.4459709520351675,22.78167609775401,27.63395678111115
pico-decoder-small,pico-lm/pico-decoder-small@dde9b48ac9a426d9bc86b1fc423b8241736f6ea3,115000,5,0.1871361777669095,0.2663203239837397,0.4843263672621195,33.087632116408166,38.98794766742536
pico-decoder-small,pico-lm/pico-decoder-small@dde9b48ac9a426d9bc86b1fc423b8241736f6ea3,115000,6,0.0309877120881191,0.3370635357664044,0.5093049039433822,46.12446345593537,96.98629992644686
pico-decoder-small,pico-lm/pico-decoder-small@dde9b48ac9a426d9bc86b1fc423b8241736f6ea3,115000,7,0.0264790767234066,0.3404714843274931,0.4116125266614599,49.20526133589862,120.57909154213868
pico-decoder-small,pico-lm/pico-decoder-small@dde9b48ac9a426d9bc86b1fc423b8241736f6ea3,115000,8,0.0062788724331533,0.5077566805369301,0.47911837374584,221.5476857747844,631.6770524325892
pico-decoder-small,pico-lm/pico-decoder-small@dde9b48ac9a426d9bc86b1fc423b8241736f6ea3,115000,9,0.0062622202220752,0.5256424407631747,0.5377847501912081,260.83546011255385,712.390324806807
pico-decoder-small,pico-lm/pico-decoder-small@dde9b48ac9a426d9bc86b1fc423b8241736f6ea3,115000,10,0.0090290238039508,0.4523043609865225,0.5364578116597153,183.437137069427,301.4487291751859
pico-decoder-small,pico-lm/pico-decoder-small@dde9b48ac9a426d9bc86b1fc423b8241736f6ea3,115000,11,0.0310195228304128,0.3730421749934008,0.4065481104121392,162.4171153304252,142.0495241328954
pico-decoder-small,pico-lm/pico-decoder-small@eb892260583a7bfbf95a1aecbf60ebc4ee0b8fe2,116000,0,0.3643210979539799,0.0962777214150049,0.1866557016644167,10.92593708567453,23.012698503651205
pico-decoder-small,pico-lm/pico-decoder-small@eb892260583a7bfbf95a1aecbf60ebc4ee0b8fe2,116000,1,0.3147359793582731,0.1167236207081983,0.2762010530930505,13.163971745750864,26.48504384550853
pico-decoder-small,pico-lm/pico-decoder-small@eb892260583a7bfbf95a1aecbf60ebc4ee0b8fe2,116000,2,0.298445433837351,0.1315149647256666,0.3287067796573747,15.177016983404512,29.18099207293177
pico-decoder-small,pico-lm/pico-decoder-small@eb892260583a7bfbf95a1aecbf60ebc4ee0b8fe2,116000,3,0.3108454085972101,0.1487551869142637,0.3617882659307535,17.570235285072428,25.90410050178148
pico-decoder-small,pico-lm/pico-decoder-small@eb892260583a7bfbf95a1aecbf60ebc4ee0b8fe2,116000,4,0.2711448207117202,0.1857144293999807,0.447838126980266,22.872382455421203,27.918249688962224
pico-decoder-small,pico-lm/pico-decoder-small@eb892260583a7bfbf95a1aecbf60ebc4ee0b8fe2,116000,5,0.1725783665159212,0.2676741330849421,0.4874899509936717,33.39461105564408,41.12475028513311
pico-decoder-small,pico-lm/pico-decoder-small@eb892260583a7bfbf95a1aecbf60ebc4ee0b8fe2,116000,6,0.0272395401394298,0.3469209714065751,0.5051884357764507,47.334259516230325,103.803615369317
pico-decoder-small,pico-lm/pico-decoder-small@eb892260583a7bfbf95a1aecbf60ebc4ee0b8fe2,116000,7,0.024137767935854,0.347523112131485,0.4048473633301147,50.06540643779121,118.42066130848184
pico-decoder-small,pico-lm/pico-decoder-small@eb892260583a7bfbf95a1aecbf60ebc4ee0b8fe2,116000,8,0.0062009298998656,0.5093269678665117,0.4781300865371521,228.10783395836737,651.867693067411
pico-decoder-small,pico-lm/pico-decoder-small@eb892260583a7bfbf95a1aecbf60ebc4ee0b8fe2,116000,9,0.0061911514311365,0.5238963150461096,0.5332608011554304,266.48905389098394,715.7710376800974
pico-decoder-small,pico-lm/pico-decoder-small@eb892260583a7bfbf95a1aecbf60ebc4ee0b8fe2,116000,10,0.0085122276905694,0.4539988777705357,0.5317793333868599,187.12212240041904,322.0583007937776
pico-decoder-small,pico-lm/pico-decoder-small@eb892260583a7bfbf95a1aecbf60ebc4ee0b8fe2,116000,11,0.0325490394545672,0.3730502248220066,0.4008585962952892,158.44801889054744,143.86891381620026
pico-decoder-small,pico-lm/pico-decoder-small@62d95f269e32053c9fc3638cfe64f8b2f7b23654,117000,0,0.3670154231300247,0.0957081307458157,0.1846891299823727,10.88832256862288,22.91961761109447
pico-decoder-small,pico-lm/pico-decoder-small@62d95f269e32053c9fc3638cfe64f8b2f7b23654,117000,1,0.3159298936559352,0.1164618840003979,0.2741397123749863,13.111380502070284,26.48135777374368
pico-decoder-small,pico-lm/pico-decoder-small@62d95f269e32053c9fc3638cfe64f8b2f7b23654,117000,2,0.2978149431352668,0.1312423416709231,0.3277270742587885,15.121665424436626,29.15057600184949
pico-decoder-small,pico-lm/pico-decoder-small@62d95f269e32053c9fc3638cfe64f8b2f7b23654,117000,3,0.3105360715027881,0.1465896692083609,0.3584725056838967,17.445582406080128,26.053086544873658
pico-decoder-small,pico-lm/pico-decoder-small@62d95f269e32053c9fc3638cfe64f8b2f7b23654,117000,4,0.2785911828339777,0.1830143889527288,0.4456747490584693,22.64233792103649,27.95465608860503
pico-decoder-small,pico-lm/pico-decoder-small@62d95f269e32053c9fc3638cfe64f8b2f7b23654,117000,5,0.1522262033794705,0.2701041492445772,0.4854725295939354,33.50069087698597,42.93498420426376
pico-decoder-small,pico-lm/pico-decoder-small@62d95f269e32053c9fc3638cfe64f8b2f7b23654,117000,6,0.0240168931600081,0.3407277204653094,0.5053638065787186,46.7572369695973,114.6576780698172
pico-decoder-small,pico-lm/pico-decoder-small@62d95f269e32053c9fc3638cfe64f8b2f7b23654,117000,7,0.0227788525560761,0.3413158545547017,0.4148371587879676,49.403201887757696,132.06011108510526
pico-decoder-small,pico-lm/pico-decoder-small@62d95f269e32053c9fc3638cfe64f8b2f7b23654,117000,8,0.0062484851547194,0.5047127961017251,0.4826328531103018,212.45861513525176,636.9131922483913
pico-decoder-small,pico-lm/pico-decoder-small@62d95f269e32053c9fc3638cfe64f8b2f7b23654,117000,9,0.0062360889004662,0.5190869402162803,0.5408251964268682,250.93760815486252,699.60814518355
pico-decoder-small,pico-lm/pico-decoder-small@62d95f269e32053c9fc3638cfe64f8b2f7b23654,117000,10,0.0086983147869923,0.4457535802586152,0.5375130617075913,177.47284198972852,301.16631824310946
pico-decoder-small,pico-lm/pico-decoder-small@62d95f269e32053c9fc3638cfe64f8b2f7b23654,117000,11,0.0281228316938321,0.3736067359124412,0.4135412625207322,163.29390631898184,150.4980912064699
pico-decoder-small,pico-lm/pico-decoder-small@31ddb818fbb16fbd1caf8ec968855022dd6afc74,118000,0,0.3657445957729907,0.0963004451918026,0.1864776286205426,10.899283464971534,22.82514196459217
pico-decoder-small,pico-lm/pico-decoder-small@31ddb818fbb16fbd1caf8ec968855022dd6afc74,118000,1,0.3164779584798891,0.1165931149580477,0.2752701659872133,13.117956409211711,26.675799472085632
pico-decoder-small,pico-lm/pico-decoder-small@31ddb818fbb16fbd1caf8ec968855022dd6afc74,118000,2,0.301537154194217,0.1311571261612879,0.3271608365983051,15.097849563569913,29.153247525541243
pico-decoder-small,pico-lm/pico-decoder-small@31ddb818fbb16fbd1caf8ec968855022dd6afc74,118000,3,0.3108322125401056,0.1485869057263998,0.359881164602042,17.50059116851242,25.98896256707892
pico-decoder-small,pico-lm/pico-decoder-small@31ddb818fbb16fbd1caf8ec968855022dd6afc74,118000,4,0.2726121553051217,0.1886684536771422,0.4513394559186062,23.032901234704795,28.56696320721496
pico-decoder-small,pico-lm/pico-decoder-small@31ddb818fbb16fbd1caf8ec968855022dd6afc74,118000,5,0.182575648913518,0.2627337347015278,0.4925501653559296,33.0179225763964,38.59119523807078
pico-decoder-small,pico-lm/pico-decoder-small@31ddb818fbb16fbd1caf8ec968855022dd6afc74,118000,6,0.0287443274802548,0.3414135468390176,0.5081224547443416,46.27563453443759,109.00928628504523
pico-decoder-small,pico-lm/pico-decoder-small@31ddb818fbb16fbd1caf8ec968855022dd6afc74,118000,7,0.0249959668459515,0.3458286281422678,0.4129367176625802,49.87587182493135,129.97548825945333
pico-decoder-small,pico-lm/pico-decoder-small@31ddb818fbb16fbd1caf8ec968855022dd6afc74,118000,8,0.0062538558150364,0.5115901313118193,0.4855311208161007,221.73602363354829,651.5417028255335
pico-decoder-small,pico-lm/pico-decoder-small@31ddb818fbb16fbd1caf8ec968855022dd6afc74,118000,9,0.0062373383989453,0.5247086748415662,0.5412669808951561,260.5577270773367,720.3250268895042
pico-decoder-small,pico-lm/pico-decoder-small@31ddb818fbb16fbd1caf8ec968855022dd6afc74,118000,10,0.0089451816716951,0.4512594246892494,0.536967702156529,181.80820846061843,300.5031052164221
pico-decoder-small,pico-lm/pico-decoder-small@31ddb818fbb16fbd1caf8ec968855022dd6afc74,118000,11,0.029888460871228,0.3789474272456381,0.4080185376935106,163.96240630864463,148.62052813621403
pico-decoder-small,pico-lm/pico-decoder-small@82d2ace20cd9a6db92a58205d7a22f5f6173e7b8,119000,0,0.3679506578480888,0.0958798998376207,0.186662841880238,10.87443347172247,22.67506111500857
pico-decoder-small,pico-lm/pico-decoder-small@82d2ace20cd9a6db92a58205d7a22f5f6173e7b8,119000,1,0.3190364140124151,0.1164750696251359,0.2754631956754377,13.093364638746236,26.55658386567433
pico-decoder-small,pico-lm/pico-decoder-small@82d2ace20cd9a6db92a58205d7a22f5f6173e7b8,119000,2,0.3041484676609461,0.1310776415706095,0.3280552532045865,15.07521401770324,28.948807774194144
pico-decoder-small,pico-lm/pico-decoder-small@82d2ace20cd9a6db92a58205d7a22f5f6173e7b8,119000,3,0.3113190791056108,0.1486819386145196,0.3612930324873922,17.502709291840215,25.98601641304678
pico-decoder-small,pico-lm/pico-decoder-small@82d2ace20cd9a6db92a58205d7a22f5f6173e7b8,119000,4,0.274228881255808,0.1869886709002846,0.4495911702769196,22.90036650898785,28.85324624578641
pico-decoder-small,pico-lm/pico-decoder-small@82d2ace20cd9a6db92a58205d7a22f5f6173e7b8,119000,5,0.1706833091164475,0.2607928261156209,0.4903443025755479,32.83269618707771,40.46778965576472
pico-decoder-small,pico-lm/pico-decoder-small@82d2ace20cd9a6db92a58205d7a22f5f6173e7b8,119000,6,0.0289561272446427,0.3345869064487292,0.511544169801972,45.444582556087816,103.7845202816205
pico-decoder-small,pico-lm/pico-decoder-small@82d2ace20cd9a6db92a58205d7a22f5f6173e7b8,119000,7,0.0253065265097743,0.3372175251477785,0.4152227510684713,48.634514061496816,127.8522248514316
pico-decoder-small,pico-lm/pico-decoder-small@82d2ace20cd9a6db92a58205d7a22f5f6173e7b8,119000,8,0.0062575494632632,0.5127794013350968,0.4863273606640003,218.11215549495867,650.4210079173723
pico-decoder-small,pico-lm/pico-decoder-small@82d2ace20cd9a6db92a58205d7a22f5f6173e7b8,119000,9,0.0062461743786377,0.5300854742268751,0.5439803561043027,256.7274036879936,708.5725847201649
pico-decoder-small,pico-lm/pico-decoder-small@82d2ace20cd9a6db92a58205d7a22f5f6173e7b8,119000,10,0.008915904988934,0.450216248673814,0.538353000229439,179.17300792280267,301.4365119803205
pico-decoder-small,pico-lm/pico-decoder-small@82d2ace20cd9a6db92a58205d7a22f5f6173e7b8,119000,11,0.0307647919394503,0.3748522509644756,0.3963450181319096,161.3231003238691,150.26632749115848
pico-decoder-small,pico-lm/pico-decoder-small@8e25d91566448034f3bb0406ab0045355c528ae7,120000,0,0.3697515699729132,0.0952497452722031,0.1836540315216197,10.828063897846135,22.540689306275294
pico-decoder-small,pico-lm/pico-decoder-small@8e25d91566448034f3bb0406ab0045355c528ae7,120000,1,0.3198751370145033,0.1158832606648233,0.2715307101861813,13.025096846595126,26.30791581414144
pico-decoder-small,pico-lm/pico-decoder-small@8e25d91566448034f3bb0406ab0045355c528ae7,120000,2,0.3026151028289761,0.1297944076191656,0.3248095620136773,15.014849887044363,28.459780163636765
pico-decoder-small,pico-lm/pico-decoder-small@8e25d91566448034f3bb0406ab0045355c528ae7,120000,3,0.3083412029695557,0.1475350971705588,0.3596068980922708,17.447276288632057,26.090546744267968
pico-decoder-small,pico-lm/pico-decoder-small@8e25d91566448034f3bb0406ab0045355c528ae7,120000,4,0.271910817355196,0.1886840026912315,0.4509136235159045,22.965107824345026,29.01065658939312
pico-decoder-small,pico-lm/pico-decoder-small@8e25d91566448034f3bb0406ab0045355c528ae7,120000,5,0.1765453545236524,0.2583240333031636,0.4908615796225681,32.60858304607161,38.92770490740436
pico-decoder-small,pico-lm/pico-decoder-small@8e25d91566448034f3bb0406ab0045355c528ae7,120000,6,0.0290970867004515,0.331726405074486,0.5131703273636579,45.04980710096442,99.91265624635862
pico-decoder-small,pico-lm/pico-decoder-small@8e25d91566448034f3bb0406ab0045355c528ae7,120000,7,0.0256968929819679,0.3359365795744513,0.4179656534644463,48.208946661658224,121.87087093191188
pico-decoder-small,pico-lm/pico-decoder-small@8e25d91566448034f3bb0406ab0045355c528ae7,120000,8,0.0062520361276366,0.5135049212998822,0.4894003245852193,218.11326834469253,677.0901457890072
pico-decoder-small,pico-lm/pico-decoder-small@8e25d91566448034f3bb0406ab0045355c528ae7,120000,9,0.0062544062772051,0.5297545520554477,0.5468961775174715,256.169263597395,721.7156890442767
pico-decoder-small,pico-lm/pico-decoder-small@8e25d91566448034f3bb0406ab0045355c528ae7,120000,10,0.0088682970075266,0.4506162994084795,0.5405247626758396,178.90290812767142,298.91268541527546
pico-decoder-small,pico-lm/pico-decoder-small@8e25d91566448034f3bb0406ab0045355c528ae7,120000,11,0.0335913923753663,0.3693487517752696,0.3978614508834651,158.84455490731628,141.75953351205442
pico-decoder-small,pico-lm/pico-decoder-small@8a2f1db72ebb1ce87faaf75ea1db7910f308be65,121000,0,0.3705704033371622,0.0959914642706133,0.186865460756452,10.845261686816205,22.346702453259383
pico-decoder-small,pico-lm/pico-decoder-small@8a2f1db72ebb1ce87faaf75ea1db7910f308be65,121000,1,0.3191809901177903,0.116126664424473,0.2750883845615249,13.05447771294886,26.30093759006893
pico-decoder-small,pico-lm/pico-decoder-small@8a2f1db72ebb1ce87faaf75ea1db7910f308be65,121000,2,0.3025845705315519,0.1302227789748985,0.3276129170947806,15.031065014243673,28.18503139239416
pico-decoder-small,pico-lm/pico-decoder-small@8a2f1db72ebb1ce87faaf75ea1db7910f308be65,121000,3,0.3109773321585722,0.1469500579971582,0.3593326876294769,17.388855139261903,26.18342879842815
pico-decoder-small,pico-lm/pico-decoder-small@8a2f1db72ebb1ce87faaf75ea1db7910f308be65,121000,4,0.2775530585205688,0.1867809599598258,0.449650430834121,22.786146459266703,29.146281432077085
pico-decoder-small,pico-lm/pico-decoder-small@8a2f1db72ebb1ce87faaf75ea1db7910f308be65,121000,5,0.1584264197376959,0.2627880849722947,0.4908953461759424,32.94953731394874,42.42265303927711
pico-decoder-small,pico-lm/pico-decoder-small@8a2f1db72ebb1ce87faaf75ea1db7910f308be65,121000,6,0.0273640298292081,0.335399489921565,0.5128969769823792,45.57091231590235,105.67523227001595
pico-decoder-small,pico-lm/pico-decoder-small@8a2f1db72ebb1ce87faaf75ea1db7910f308be65,121000,7,0.0235883003265465,0.3388936988282722,0.4116134355650161,48.59907699916936,129.71597014671354
pico-decoder-small,pico-lm/pico-decoder-small@8a2f1db72ebb1ce87faaf75ea1db7910f308be65,121000,8,0.0062005423684552,0.5161465490237546,0.4868011737282114,222.6670861144774,718.2775049087373
pico-decoder-small,pico-lm/pico-decoder-small@8a2f1db72ebb1ce87faaf75ea1db7910f308be65,121000,9,0.0061961378386174,0.5320411623215039,0.543977344692714,261.3440573171531,762.9917889376821
pico-decoder-small,pico-lm/pico-decoder-small@8a2f1db72ebb1ce87faaf75ea1db7910f308be65,121000,10,0.0084931373758629,0.4502356326881198,0.5379798084107054,183.04243427216483,331.5210562381536
pico-decoder-small,pico-lm/pico-decoder-small@8a2f1db72ebb1ce87faaf75ea1db7910f308be65,121000,11,0.0304394978899264,0.3729542246107384,0.4043192011991678,159.23445073095576,149.30336334593392
pico-decoder-small,pico-lm/pico-decoder-small@e197ddf7837d73cb367f53e1dd174a4745892831,122000,0,0.3699398943519756,0.0964111790253038,0.1881746055619012,10.850850050907786,22.364970085772583
pico-decoder-small,pico-lm/pico-decoder-small@e197ddf7837d73cb367f53e1dd174a4745892831,122000,1,0.3176813379624727,0.1168913813216073,0.2770980021071271,13.07927267148993,26.009333290915517
pico-decoder-small,pico-lm/pico-decoder-small@e197ddf7837d73cb367f53e1dd174a4745892831,122000,2,0.3008068420035685,0.1311117751729608,0.3302615555625857,15.07432719513962,28.07510142799053
pico-decoder-small,pico-lm/pico-decoder-small@e197ddf7837d73cb367f53e1dd174a4745892831,122000,3,0.310517791039629,0.1482145743852637,0.3622284518885971,17.440541927792484,25.90621995517153
pico-decoder-small,pico-lm/pico-decoder-small@e197ddf7837d73cb367f53e1dd174a4745892831,122000,4,0.2751191439046503,0.1850305929385447,0.4511166771098213,22.736305123483007,28.996394622662397
pico-decoder-small,pico-lm/pico-decoder-small@e197ddf7837d73cb367f53e1dd174a4745892831,122000,5,0.1628326159944604,0.2600272698087534,0.4899342730390169,32.720345052137674,41.49632246339007
pico-decoder-small,pico-lm/pico-decoder-small@e197ddf7837d73cb367f53e1dd174a4745892831,122000,6,0.0270969920295871,0.3350439324462949,0.5116466592217058,45.62536721482572,105.89427362831286
pico-decoder-small,pico-lm/pico-decoder-small@e197ddf7837d73cb367f53e1dd174a4745892831,122000,7,0.0231194684913103,0.3384426576020217,0.4091527407711874,49.00872404647548,134.02538478049615
pico-decoder-small,pico-lm/pico-decoder-small@e197ddf7837d73cb367f53e1dd174a4745892831,122000,8,0.0062033727451304,0.5159635320845622,0.4880598754818531,220.38717073434864,730.2809899451797
pico-decoder-small,pico-lm/pico-decoder-small@e197ddf7837d73cb367f53e1dd174a4745892831,122000,9,0.0061899677819388,0.5342475491202071,0.5472135448851532,260.11814437781686,792.290308023604
pico-decoder-small,pico-lm/pico-decoder-small@e197ddf7837d73cb367f53e1dd174a4745892831,122000,10,0.0086628395433186,0.447063204373153,0.5373850291374649,179.5965733487383,335.4602262929151
pico-decoder-small,pico-lm/pico-decoder-small@e197ddf7837d73cb367f53e1dd174a4745892831,122000,11,0.0330287199010835,0.3731818087822033,0.4017947716190406,161.327150080311,146.07552044460556
pico-decoder-small,pico-lm/pico-decoder-small@51a1f29ffaf81f8b5d071b1858b6ac094aca1b30,123000,0,0.3682848691365272,0.0962753531155956,0.1881202659913809,10.838343554980652,22.58875406860324
pico-decoder-small,pico-lm/pico-decoder-small@51a1f29ffaf81f8b5d071b1858b6ac094aca1b30,123000,1,0.3173517397534588,0.1169314095196976,0.2779350092633555,13.073610586612238,26.38530815567038
pico-decoder-small,pico-lm/pico-decoder-small@51a1f29ffaf81f8b5d071b1858b6ac094aca1b30,123000,2,0.3002846549648031,0.1315671425361902,0.3304974047918895,15.058326029816271,28.784863771825687
pico-decoder-small,pico-lm/pico-decoder-small@51a1f29ffaf81f8b5d071b1858b6ac094aca1b30,123000,3,0.3058809921433112,0.1484217187330081,0.3644890186086111,17.459940591530412,26.93048055916257
pico-decoder-small,pico-lm/pico-decoder-small@51a1f29ffaf81f8b5d071b1858b6ac094aca1b30,123000,4,0.2684497598080851,0.1854165058708713,0.453980141824939,22.718048834752057,29.28306526297029
pico-decoder-small,pico-lm/pico-decoder-small@51a1f29ffaf81f8b5d071b1858b6ac094aca1b30,123000,5,0.1681881875088452,0.2618691836188424,0.4947529967249391,32.83804648790217,40.00737044560294
pico-decoder-small,pico-lm/pico-decoder-small@51a1f29ffaf81f8b5d071b1858b6ac094aca1b30,123000,6,0.028785007752754,0.3359657841602463,0.5168235154550966,45.29396893847524,103.53519837443297
pico-decoder-small,pico-lm/pico-decoder-small@51a1f29ffaf81f8b5d071b1858b6ac094aca1b30,123000,7,0.0254589121987923,0.3374535857955228,0.4160038030954744,47.79239247682825,129.56329378010616
pico-decoder-small,pico-lm/pico-decoder-small@51a1f29ffaf81f8b5d071b1858b6ac094aca1b30,123000,8,0.0062480584237476,0.5144513352289981,0.490198772481867,214.0937491365369,742.1713331244385
pico-decoder-small,pico-lm/pico-decoder-small@51a1f29ffaf81f8b5d071b1858b6ac094aca1b30,123000,9,0.0062433988072172,0.5336044572133759,0.5487818395149647,252.45480063833128,795.8467981904026
pico-decoder-small,pico-lm/pico-decoder-small@51a1f29ffaf81f8b5d071b1858b6ac094aca1b30,123000,10,0.0088955110768631,0.4436866163892734,0.5400511840885472,176.83518299164328,348.93879269474263
pico-decoder-small,pico-lm/pico-decoder-small@51a1f29ffaf81f8b5d071b1858b6ac094aca1b30,123000,11,0.0312757155138674,0.371776456811252,0.4008789841685979,160.86563759410967,158.7265429492822
pico-decoder-small,pico-lm/pico-decoder-small@c2d4754b377c202474754e86b41f1321342ad24a,124000,0,0.3692479333391082,0.0961445679662846,0.1884276171442268,10.8342341527987,22.540206309685782
pico-decoder-small,pico-lm/pico-decoder-small@c2d4754b377c202474754e86b41f1321342ad24a,124000,1,0.3195386647974506,0.1166812147420399,0.2782529100087713,13.065803325113858,26.239367241693436
pico-decoder-small,pico-lm/pico-decoder-small@c2d4754b377c202474754e86b41f1321342ad24a,124000,2,0.3021187875638316,0.1310285280699192,0.3304988098875326,15.029083075193409,28.497846710629148
pico-decoder-small,pico-lm/pico-decoder-small@c2d4754b377c202474754e86b41f1321342ad24a,124000,3,0.306907430496262,0.1483482887080223,0.3629748733359957,17.43663966367277,26.766610305235517
pico-decoder-small,pico-lm/pico-decoder-small@c2d4754b377c202474754e86b41f1321342ad24a,124000,4,0.2739210553152926,0.1883141450360395,0.4552333553366021,22.90944295576549,28.10991669362299
pico-decoder-small,pico-lm/pico-decoder-small@c2d4754b377c202474754e86b41f1321342ad24a,124000,5,0.1570398885202689,0.2720171800563127,0.4950964294986215,33.71164113828943,40.8290491827246
pico-decoder-small,pico-lm/pico-decoder-small@c2d4754b377c202474754e86b41f1321342ad24a,124000,6,0.0266217687290055,0.3450013158109253,0.51528095182386,46.37224516874417,105.77704747169572
pico-decoder-small,pico-lm/pico-decoder-small@c2d4754b377c202474754e86b41f1321342ad24a,124000,7,0.0238049114112507,0.3435080575411887,0.4151704876576106,48.561914079200896,129.36794592095634
pico-decoder-small,pico-lm/pico-decoder-small@c2d4754b377c202474754e86b41f1321342ad24a,124000,8,0.006194855524018,0.5172515000480756,0.4892548657005299,221.32500712457275,751.8325618686779
pico-decoder-small,pico-lm/pico-decoder-small@c2d4754b377c202474754e86b41f1321342ad24a,124000,9,0.0061870992424408,0.5377311787054738,0.5480019636648836,260.94944210945164,784.2032940793707
pico-decoder-small,pico-lm/pico-decoder-small@c2d4754b377c202474754e86b41f1321342ad24a,124000,10,0.0084541394046515,0.4527637606889985,0.5393998736389909,184.28229220750345,367.9665516972266
pico-decoder-small,pico-lm/pico-decoder-small@c2d4754b377c202474754e86b41f1321342ad24a,124000,11,0.0313485360066283,0.3733440761704128,0.403208032581159,158.76016515156368,156.73569505092473
pico-decoder-small,pico-lm/pico-decoder-small@ef21ca419b33425716396ead8c1e60e01f301271,125000,0,0.3681014807866624,0.0963383797903853,0.1889121251580359,10.824243772863465,22.607537553748728
pico-decoder-small,pico-lm/pico-decoder-small@ef21ca419b33425716396ead8c1e60e01f301271,125000,1,0.3178801997747193,0.1169721794783876,0.2801438834812266,13.073712545649444,26.203095969446554
pico-decoder-small,pico-lm/pico-decoder-small@ef21ca419b33425716396ead8c1e60e01f301271,125000,2,0.3001515371680518,0.1317327662785688,0.3330652024274283,15.051680509325898,28.74685693502252
pico-decoder-small,pico-lm/pico-decoder-small@ef21ca419b33425716396ead8c1e60e01f301271,125000,3,0.3025756478426552,0.1476322136007903,0.3675255743665662,17.466892123562353,26.87650584347765
pico-decoder-small,pico-lm/pico-decoder-small@ef21ca419b33425716396ead8c1e60e01f301271,125000,4,0.2751898328490404,0.1859885006500675,0.4559807049982696,22.78408640585782,28.428502540564548
pico-decoder-small,pico-lm/pico-decoder-small@ef21ca419b33425716396ead8c1e60e01f301271,125000,5,0.162637351627906,0.2713708869804345,0.4932224573680064,33.526633427195634,40.28238059569667
pico-decoder-small,pico-lm/pico-decoder-small@ef21ca419b33425716396ead8c1e60e01f301271,125000,6,0.025060902601668,0.3448285977657122,0.5098308759804876,46.30301680780985,110.84343402064054
pico-decoder-small,pico-lm/pico-decoder-small@ef21ca419b33425716396ead8c1e60e01f301271,125000,7,0.0230675073267846,0.3433770133884574,0.41223198945007,48.54716257274142,126.97909747004786
pico-decoder-small,pico-lm/pico-decoder-small@ef21ca419b33425716396ead8c1e60e01f301271,125000,8,0.0061910871748166,0.5205864625467483,0.4897890582087335,223.7112407853433,719.7935745952631
pico-decoder-small,pico-lm/pico-decoder-small@ef21ca419b33425716396ead8c1e60e01f301271,125000,9,0.0061861672344843,0.5402357839624029,0.5482815320217823,262.8342216850812,801.4074530277294
pico-decoder-small,pico-lm/pico-decoder-small@ef21ca419b33425716396ead8c1e60e01f301271,125000,10,0.0085307452831311,0.4520640596831549,0.5391447392796224,183.43427909487616,339.74984595742654
pico-decoder-small,pico-lm/pico-decoder-small@ef21ca419b33425716396ead8c1e60e01f301271,125000,11,0.0331211175749569,0.3681308179886173,0.3949760175605121,156.47869584666725,144.2382654274392
