family,model_ref,step,phenomenon,selectivity_index,mean_overlap_with_others,gini,entropy,max_t,mean_topk_t,layer_com,n_active_layers,n_units
pico-decoder-small,pico-lm/pico-decoder-small@a8294defc7001e32644ce53dbcb87ef35587ff22,0,Gram,0.5270524024963379,0.0,0.4086360957823934,0.9673395507702528,3.705278396606445,2.742352247238159,0.6248794859279103,11,46
pico-decoder-small,pico-lm/pico-decoder-small@5e3d06988f3cc3adbf36b55cd8b1ddb3ae9f9bde,1000,Gram,0.5585359334945679,0.0036630036630036,0.4148739717467422,0.9662826050681392,4.253503799438477,2.996710062026977,0.7547094854259376,11,46
pico-decoder-small,pico-lm/pico-decoder-small@9f1ca389bbb1cc08b42a32bfe58fb818b24b3490,2000,Gram,0.5598160624504089,0.0074074074074074,0.4088086246090896,0.9672128597211058,3.918449640274048,2.905362606048584,0.5624480296449748,11,46
pico-decoder-small,pico-lm/pico-decoder-small@f2269f20ce160cf71bea0a02ccf685e126dd2dc1,3000,Gram,0.5511917471885681,0.0036630036630036,0.4061634705503013,0.9675875190304902,4.093306541442871,2.887140989303589,0.5018198914483237,12,46
pico-decoder-small,pico-lm/pico-decoder-small@10da1c98e1cd32fc61ab4ced31075c08cf699861,4000,Gram,0.5736461877822876,0.0,0.4163116945793347,0.96595564301363,4.901915550231934,3.0983169078826904,0.6115830845111927,12,46
pico-decoder-small,pico-lm/pico-decoder-small@be2865b50166a683e659f4a1f99e058c77288911,5000,Gram,0.5808501243591309,0.0,0.4176276658430324,0.9657022999496369,3.997727632522583,3.0798370838165283,0.5660715600807109,12,46
pico-decoder-small,pico-lm/pico-decoder-small@496ea4785860af671e895085f1bcdc3bff2f9d97,6000,Gram,0.5754343867301941,0.0036630036630036,0.4205410766921645,0.965324868992645,4.126488208770752,2.984260320663452,0.5653102723795016,12,46
pico-decoder-small,pico-lm/pico-decoder-small@c5bddf28e9cfbede4fe480513c4a3487279f7d47,7000,Gram,0.5720372200012207,0.0036630036630036,0.4196080217484016,0.965471098462086,4.170636177062988,2.989671230316162,0.4897617858508052,12,46
pico-decoder-small,pico-lm/pico-decoder-small@9fe9969ca88ccf3b71599f85000ce082bf854421,8000,Gram,0.5904390215873718,0.0,0.4188197592487025,0.9657322320443602,3.827272653579712,3.077155113220215,0.5858617227859397,12,46
pico-decoder-small,pico-lm/pico-decoder-small@8335f55c1bf51378b17a73d527c39899546e2d5b,9000,Gram,0.5586589574813843,0.011070411070411,0.4249186534551721,0.964628721157187,5.01133918762207,3.0410850048065186,0.5723029385513975,11,46
pico-decoder-small,pico-lm/pico-decoder-small@8ce4e4fa15c0cec038fcb9f29d30cc50bac60a3d,10000,Gram,0.5696407556533813,0.0,0.4210243766080801,0.9653184162086726,4.403969764709473,3.0179171562194824,0.5253976810614172,12,46
pico-decoder-small,pico-lm/pico-decoder-small@3261da23d1d8811f9a32b69d6d6b9a17ca82fcd0,11000,Gram,0.5678863525390625,0.0036630036630036,0.4248995797821122,0.9646288332767604,3.968803405761719,3.0260300636291504,0.5821867876891226,12,46
pico-decoder-small,pico-lm/pico-decoder-small@a6a20b8103a7cdacefa2bb78dee23c516ad6e78e,12000,Gram,0.5346851944923401,0.0109890109890109,0.4252557829945095,0.9645104592560882,4.072631359100342,3.048444986343384,0.6760685352163268,12,46
pico-decoder-small,pico-lm/pico-decoder-small@c2395fd6ba7da947893c62b8169b47a83345153b,13000,Gram,0.586248517036438,0.0148148148148148,0.4199477946037945,0.9653225971322412,4.550796031951904,3.135129928588867,0.7155279994836578,11,46
pico-decoder-small,pico-lm/pico-decoder-small@6dc7fa92550aabc62d659674176bda49750efe64,14000,Gram,0.5234530568122864,0.011070411070411,0.4184430111827916,0.965678704668993,3.745538711547852,2.8562772274017334,0.6319167219641882,12,46
pico-decoder-small,pico-lm/pico-decoder-small@d1c60a45e64f88520c2cd94890471321a15410bf,15000,Gram,0.5846114754676819,0.0,0.4228677384365358,0.9647800303039804,4.6962995529174805,3.0955326557159424,0.7098967338999732,11,46
pico-decoder-small,pico-lm/pico-decoder-small@cbb63c23390c0d43e0d6dfaa0c69aed19778fa74,16000,Gram,0.549763023853302,0.0,0.411353378067785,0.9667802944374824,4.290375709533691,2.867762327194214,0.6712043647437341,12,46
pico-decoder-small,pico-lm/pico-decoder-small@a4f386c7a4155bfab638b897e60bc656a82e6a4f,17000,Gram,0.527521014213562,0.0073260073260073,0.4158079313466174,0.9660167159161658,4.395835876464844,2.837831497192383,0.6491572955123271,11,46
pico-decoder-small,pico-lm/pico-decoder-small@9b68d0ee8ceef680cc668de7d4560f7d8d311e42,18000,Gram,0.5685760974884033,0.0,0.4186510681395237,0.9655729719638544,4.237831592559815,2.876533269882202,0.6123311770943078,12,46
pico-decoder-small,pico-lm/pico-decoder-small@a161849d9bc2ecbb0bc6095f0fe9fa54a03b14ce,19000,Gram,0.5387672185897827,0.0112359550561797,0.4169347649543432,0.9658047709952732,4.089747428894043,3.0013248920440674,0.7071481715851126,12,46
pico-decoder-small,pico-lm/pico-decoder-small@082423f29dc36ca1b544cb85c655531783bb8985,20000,Gram,0.5466871857643127,0.011070411070411,0.4162042918332581,0.9661071391302404,3.904243707656861,2.9978084564208984,0.6819791000564288,12,46
pico-decoder-small,pico-lm/pico-decoder-small@62236c27ddef441fc85ceabb80793b680397d2f4,21000,Gram,0.5703040361404419,0.0,0.4182814390968531,0.9657190089690474,3.604403734207153,2.79880690574646,0.5885690010844538,12,46
pico-decoder-small,pico-lm/pico-decoder-small@457283267b592ffd80ca1a4ede807a4a5606a7f4,22000,Gram,0.5705879330635071,0.0,0.4104425696507239,0.9669614613460574,3.879443883895874,2.863977432250977,0.5891112908679005,12,46
pico-decoder-small,pico-lm/pico-decoder-small@542883f65bdcba033a9c80f753fdd6f6829cb7e7,23000,Gram,0.5111947655677795,0.0073260073260073,0.4120689812911013,0.9665810228968535,4.283365726470947,2.7675955295562744,0.5809746612832808,11,46
pico-decoder-small,pico-lm/pico-decoder-small@bbc3997ae0773f6e0f145401283a22dced84175c,24000,Gram,0.5691782832145691,0.0,0.4177218799971898,0.9657421408157416,4.032163143157959,2.951135635375977,0.6735058680819451,12,46
pico-decoder-small,pico-lm/pico-decoder-small@8316a2db89b6a337de59490bec6e6ed79275e85f,25000,Gram,0.5725805759429932,0.0073260073260073,0.4120277112803592,0.9665772641637996,4.03872537612915,3.00612473487854,0.7458876122030645,11,46
pico-decoder-small,pico-lm/pico-decoder-small@b2ff4ecd5fdb6684736075b48a28007f425925d5,26000,Gram,0.5505596995353699,0.0,0.4141529641492837,0.9663764219105327,3.551785707473755,2.92116117477417,0.7325984643988185,11,46
pico-decoder-small,pico-lm/pico-decoder-small@d0bf4c35052d4efe8b11ad72cf76ba92d8837271,27000,Gram,0.5272188186645508,0.0074074074074074,0.4108962076269156,0.9668980157663633,3.840609073638916,2.9313385486602783,0.7618659167543277,10,46
pico-decoder-small,pico-lm/pico-decoder-small@c5fe4eaa6e28635b04a285d9d63224a7013711d4,28000,Gram,0.5547365546226501,0.0036630036630036,0.4063027223075228,0.9676299031183776,3.917419672012329,2.9321630001068115,0.7274870468794817,10,46
pico-decoder-small,pico-lm/pico-decoder-small@574194afaad5aebab0de6f7ec3ebd45241ba9f36,29000,Gram,0.5546303391456604,0.0036630036630036,0.4124709854706186,0.9666545892077036,3.733877182006836,2.88547420501709,0.7052107592423945,9,46
pico-decoder-small,pico-lm/pico-decoder-small@4e76d0f5009af59c7519cc564d83ccb252becc09,30000,Gram,0.5509225726127625,0.0,0.4065653340680427,0.9674772952585644,3.411532402038574,2.766998291015625,0.6323123887774972,11,46
pico-decoder-small,pico-lm/pico-decoder-small@63e4f365e97340e8419c8d14c3479eab48b41672,31000,Gram,0.5733987092971802,0.011070411070411,0.4092675864227338,0.9671772869706996,3.633770942687988,2.791967868804932,0.6522230150069421,10,46
pico-decoder-small,pico-lm/pico-decoder-small@8c1e326d52a990b3ef622fa0187927b4c3c8b198,32000,Gram,0.5502323508262634,0.0109890109890109,0.4042159706014763,0.9678869883850696,4.023706436157227,2.81673264503479,0.6879631058614044,12,46
pico-decoder-small,pico-lm/pico-decoder-small@5087b4b665fc374f51db109f5832fccfa45038ed,33000,Gram,0.6080784797668457,0.0036630036630036,0.4112968995522721,0.9668406344347764,3.697658061981201,2.978402614593506,0.8115219833848422,10,46
pico-decoder-small,pico-lm/pico-decoder-small@1b37af2dca833f47e09a88bc07d1b193eb75b975,34000,Gram,0.5715271830558777,0.0112359550561797,0.4112279527082446,0.9667971001441992,3.88353967666626,3.0257811546325684,0.7320861998616107,12,46
pico-decoder-small,pico-lm/pico-decoder-small@f84a2138adf461f090569b0490e077e154d5692a,35000,Gram,0.5729906558990479,0.0,0.4097799593540514,0.9669656116745792,4.055814266204834,2.963721990585327,0.7149077764268248,12,46
pico-decoder-small,pico-lm/pico-decoder-small@a5edb37d58f3dac4abc7615fe9f16119c9719363,36000,Gram,0.5548243522644043,0.0036630036630036,0.4130675116556401,0.9666250510184596,3.811288356781006,3.0432631969451904,0.7792929376304275,11,46
pico-decoder-small,pico-lm/pico-decoder-small@ad19a8ed94822569698ab34f7cbdb71a73e75edb,37000,Gram,0.667556881904602,0.0074074074074074,0.4199452033944147,0.9652915928902598,4.6279473304748535,3.3153395652771,0.8184102805865002,10,46
pico-decoder-small,pico-lm/pico-decoder-small@6ffc4bc90cff1f5d9492cc62aa823b2f31820dec,38000,Gram,0.6317546963691711,0.0,0.4222696649582185,0.9648941686191485,4.663537502288818,3.295313596725464,0.7540696340617288,10,46
pico-decoder-small,pico-lm/pico-decoder-small@2be3f69fedc1c81a1c9dee69aecdfbb30a7ed07b,39000,Gram,0.6141101121902466,0.0036630036630036,0.4174715393546487,0.965742183658586,5.339288711547852,3.0678515434265137,0.6504741232245822,12,46
pico-decoder-small,pico-lm/pico-decoder-small@89ce452106683eb2c3d635f0b06d00b4836a270d,40000,Gram,0.607241153717041,0.011070411070411,0.4153782221330487,0.9659521738043596,4.437564849853516,3.068867921829224,0.6979789236206105,10,46
pico-decoder-small,pico-lm/pico-decoder-small@fb21f9a6029769e4fde8c343509be2fc23d627f8,41000,Gram,0.6009877324104309,0.0073260073260073,0.4168385726207452,0.9659101332519794,4.538248062133789,3.248340129852295,0.6976686689890103,12,46
pico-decoder-small,pico-lm/pico-decoder-small@3b04367b1f9f520d1eb5dc4b1d62222a11574175,42000,Gram,0.5752402544021606,0.0073260073260073,0.4104646988415397,0.9669254833696206,4.658592224121094,3.105021953582764,0.6117013138266091,11,46
pico-decoder-small,pico-lm/pico-decoder-small@a8fcdde6a31d48184ff170362f4802ba6f7c825b,43000,Gram,0.6359757781028748,0.0036630036630036,0.4150585045205697,0.966070941080826,4.795632362365723,3.387896776199341,0.7325236781920096,11,46
pico-decoder-small,pico-lm/pico-decoder-small@42a2d16068cea73c52aa94a34fd039b076c656d2,44000,Gram,0.6234504580497742,0.0,0.4193487351056278,0.9654133001815042,5.462616443634033,3.22728967666626,0.7310815786914012,11,46
pico-decoder-small,pico-lm/pico-decoder-small@9b211dca4e657296153efe83773900826fe138d5,45000,Gram,0.6028927564620972,0.0073260073260073,0.4158259190751498,0.965914879945731,5.553012371063232,3.208111524581909,0.7576776821173109,10,46
pico-decoder-small,pico-lm/pico-decoder-small@8866040c1a6ead0d48bd6a4f6ff9046c778670fa,46000,Gram,0.631993293762207,0.0036630036630036,0.4204332646445246,0.9651732450638428,4.7654337882995605,3.3022825717926025,0.8224325789576965,11,46
pico-decoder-small,pico-lm/pico-decoder-small@2c39df607c549d2902ed46ce83a2e6630df09d90,47000,Gram,0.6093260049819946,0.0036630036630036,0.4220442589560748,0.9648434644988008,4.922267913818359,3.503220558166504,0.7797132036534489,11,46
pico-decoder-small,pico-lm/pico-decoder-small@e2f848f2a712b27ddfebe48ddc4dd6258de6df59,48000,Gram,0.6132386326789856,0.0036630036630036,0.4178733323318404,0.9656328485448916,5.121706485748291,3.2271149158477783,0.7406111248894892,12,46
pico-decoder-small,pico-lm/pico-decoder-small@fa46e0b2c4bcc53653b39cd684396f35c777aead,49000,Gram,0.6103601455688477,0.0036630036630036,0.4193700876679382,0.9653275673058194,5.292610168457031,3.440980672836304,0.8075816190473752,11,46
pico-decoder-small,pico-lm/pico-decoder-small@1c1daa1853e150e7a21ae4af47574da037fbb206,50000,Gram,0.6519576907157898,0.0,0.4235163515911541,0.9646657020364026,4.777469158172607,3.34751296043396,0.75952831238356,12,46
pico-decoder-small,pico-lm/pico-decoder-small@7aa7c5e89a41da940802066eaa61d34d72089434,51000,Gram,0.6296291351318359,0.0036630036630036,0.4207484912644479,0.9650947998875776,5.495302677154541,3.379246950149536,0.7530562852223479,11,46
pico-decoder-small,pico-lm/pico-decoder-small@9213448a01fde86281f3df23d6846b5c31f86998,52000,Gram,0.6355781555175781,0.0073260073260073,0.4231236418553588,0.964792826880534,5.669559955596924,3.4467594623565674,0.7771500572418969,11,46
pico-decoder-small,pico-lm/pico-decoder-small@41f9cd78186e1fbaf4b6b2164f52331d4ef4c15e,53000,Gram,0.6143352389335632,0.0036630036630036,0.4220770163113737,0.965012684638867,5.792496681213379,3.3681414127349854,0.7266711576390046,11,46
pico-decoder-small,pico-lm/pico-decoder-small@f4454c4dd5fa26693e9755fbac1a1f6aa12f6c37,54000,Gram,0.6021214723587036,0.0036630036630036,0.4204297256457809,0.9651406592611976,5.366029262542725,3.32181978225708,0.734947929245444,11,46
pico-decoder-small,pico-lm/pico-decoder-small@497f4bdf16cbdcb120415cd944d84b34d1fef37a,55000,Gram,0.5776909589767456,0.0073260073260073,0.4221280402799606,0.9649808487821714,4.823266506195068,3.2959933280944824,0.7325535946369558,11,46
pico-decoder-small,pico-lm/pico-decoder-small@79119d3d39e86e4f4fdd14e0de769ebbba87b4c1,56000,Gram,0.5857625007629395,0.0036630036630036,0.4180713638622262,0.9656439237826512,4.851649761199951,3.0813655853271484,0.6506743633741475,11,46
pico-decoder-small,pico-lm/pico-decoder-small@1e0aa9e9184e67611fe6a3fe7e0d301e199367b4,57000,Gram,0.6121453642845154,0.0036630036630036,0.4130165958560208,0.9663514796751668,4.450419425964356,3.217521905899048,0.7538460475512013,11,46
pico-decoder-small,pico-lm/pico-decoder-small@12cffd4abfebe78cd4df44f368d49ae2aec28999,58000,Gram,0.5858650207519531,0.0073260073260073,0.4151681980980226,0.96600328478141,4.814598083496094,3.2351105213165283,0.7371356692259048,11,46
pico-decoder-small,pico-lm/pico-decoder-small@88752c656e1478698735820b50bc1648b43897bc,59000,Gram,0.6000813841819763,0.0036630036630036,0.4121014734273455,0.966489478028548,4.337238788604736,3.2341530323028564,0.7662574624814051,11,46
pico-decoder-small,pico-lm/pico-decoder-small@ef0c2a9858930c1b946d7fd3ec94d87a30fb6316,60000,Gram,0.613426148891449,0.0036630036630036,0.4145458136087212,0.9660783109633404,4.55180549621582,3.228104591369629,0.7341867801103885,10,46
pico-decoder-small,pico-lm/pico-decoder-small@2adfdbab6dd63824aeb0c5b7f40693509b21f72e,61000,Gram,0.5854728817939758,0.0036630036630036,0.4163985308966414,0.9657632311955504,4.49570369720459,3.1712918281555176,0.7684757142340122,9,46
pico-decoder-small,pico-lm/pico-decoder-small@8f2f5e9d39b7ef2738d2ddfa5002e690090afb1b,62000,Gram,0.5776734352111816,0.0036630036630036,0.4190910294435137,0.965416919617593,4.623039722442627,3.241239070892334,0.7459302812790581,11,46
pico-decoder-small,pico-lm/pico-decoder-small@27a605b8a3168bf13fde7e4903edf05011890db5,63000,Gram,0.5889040231704712,0.0036630036630036,0.4150144902081918,0.9660679725896296,4.932859897613525,3.2626595497131348,0.7418700384409912,11,46
pico-decoder-small,pico-lm/pico-decoder-small@64faca95211d12573bc85e90ab9b9346d61f571c,64000,Gram,0.617548942565918,0.0,0.4171746007642485,0.9656947798215472,4.877535820007324,3.2332422733306885,0.6902559941055213,12,46
pico-decoder-small,pico-lm/pico-decoder-small@04de7a38c9b974bc56e59c77ce6289b59ac333a3,65000,Gram,0.585574209690094,0.0074074074074074,0.421980578781603,0.9649012854442556,5.221879482269287,3.223176956176758,0.727566477384364,11,46
pico-decoder-small,pico-lm/pico-decoder-small@0a060522b26b84154fe744cff68debc60a62771b,66000,Gram,0.5845473408699036,0.0036630036630036,0.4211480452818369,0.965065320071655,4.550131797790527,3.3191111087799072,0.7856154931597075,10,46
pico-decoder-small,pico-lm/pico-decoder-small@96a66aee1fd9e46f20ddd7b0e811fbcd6761cd3b,67000,Gram,0.5567586421966553,0.0073260073260073,0.4163426394371706,0.9658656026903628,4.409778594970703,3.156872034072876,0.7485350953458547,11,46
pico-decoder-small,pico-lm/pico-decoder-small@e7396619711d862dc1bed1a5f5797fb2b5cc9768,68000,Gram,0.5550515651702881,0.0073260073260073,0.4220917136946002,0.9649774814755614,4.716973304748535,3.1740612983703613,0.7581303848814419,10,46
pico-decoder-small,pico-lm/pico-decoder-small@ba3a7a617ab159a7fcbc81cd6ffb20319f00199a,69000,Gram,0.5435437560081482,0.0036630036630036,0.4206439598992207,0.9650788822563292,4.34876823425293,3.0953497886657715,0.7220315166245288,10,46
pico-decoder-small,pico-lm/pico-decoder-small@63bfd31a42bdd16864908136aa5cce931810bb58,70000,Gram,0.5883749127388,0.0,0.4184273218639094,0.9655398304142464,4.766966342926025,3.346471309661865,0.773637832024681,11,46
pico-decoder-small,pico-lm/pico-decoder-small@5e0a9fbd93f2dbafe06c6cb20fa5521f766270e0,71000,Gram,0.5822307467460632,0.0036630036630036,0.4221961760518147,0.9648205127592664,4.673075675964356,3.235327243804932,0.7483245624095978,11,46
pico-decoder-small,pico-lm/pico-decoder-small@4b4e4304ce873cafd39ac997ad47e16ec2d5d76d,72000,Gram,0.5998817086219788,0.0074074074074074,0.4218417733902998,0.9649828709084176,4.574609756469727,3.326047897338867,0.7724117344072238,11,46
pico-decoder-small,pico-lm/pico-decoder-small@f2bf3399e04924384ec7ea3acb5440318247824d,73000,Gram,0.5957688093185425,0.0,0.4210283877676523,0.9650614932340424,4.734671115875244,3.330865859985352,0.7960451784805866,11,46
pico-decoder-small,pico-lm/pico-decoder-small@81c21ab4b67c2a986c2c4a8771db3b328075f9ca,74000,Gram,0.5680940747261047,0.0074074074074074,0.4177390721286838,0.9655177596287176,4.774934768676758,3.274099826812744,0.7763270128970625,10,46
pico-decoder-small,pico-lm/pico-decoder-small@67737816c3793c77c33cd993cb625dfe02f5dba2,75000,Gram,0.5720093250274658,0.0074074074074074,0.4207163711280532,0.9651675273555804,4.996466636657715,3.1334221363067627,0.7498615550557187,11,46
pico-decoder-small,pico-lm/pico-decoder-small@cd3c66fe9f41cb98971992c1c48e0000704daae7,76000,Gram,0.5958251953125,0.0074074074074074,0.4203045330670993,0.965271613548899,4.384137630462647,3.2704577445983887,0.818268170461706,9,46
pico-decoder-small,pico-lm/pico-decoder-small@8bc1f96e0ab394e6d9396f9105337a8ee9281b02,77000,Gram,0.5959692001342773,0.0073260073260073,0.418533214686869,0.9655440776944172,5.236687183380127,3.1109814643859863,0.7882849793534338,11,46
pico-decoder-small,pico-lm/pico-decoder-small@54681b82e00ed8da204a8f5e199732edcd50c540,78000,Gram,0.5684274435043335,0.0036630036630036,0.4185481093666622,0.9655312338328702,4.294708728790283,3.045109510421753,0.7042652177006923,11,46
pico-decoder-small,pico-lm/pico-decoder-small@9f79f048c9629723d93a9c6d020fad45ecd81ebb,79000,Gram,0.5492002964019775,0.0036630036630036,0.4220988694979692,0.9649978485288772,4.190365791320801,3.049878597259521,0.7266765800274616,11,46
pico-decoder-small,pico-lm/pico-decoder-small@a8eea15ae0deddaf3beced3d114c9bc8ed9a25e5,80000,Gram,0.5590922236442566,0.0036630036630036,0.4215374706580361,0.9650299885772602,3.987418174743652,2.907130479812622,0.6399208608673654,12,46
pico-decoder-small,pico-lm/pico-decoder-small@8d7bca4dea2e340144c93745d61646c84d35ffdb,81000,Gram,0.5992283821105957,0.0073260073260073,0.4236902629951591,0.964760755339196,4.451820373535156,3.1716785430908203,0.7574232900396173,11,46
pico-decoder-small,pico-lm/pico-decoder-small@063ab25b24aefd512a554e49853ed6fc32ee9c1b,82000,Gram,0.6061907410621643,0.0073260073260073,0.4166849463828139,0.965977953789506,4.453648090362549,3.1475369930267334,0.7586669014281597,12,46
pico-decoder-small,pico-lm/pico-decoder-small@d63e823855aefabdb4d0fb89c6cb30f1917edff8,83000,Gram,0.628498375415802,0.0073260073260073,0.4182732066513434,0.96562994171543,4.744589328765869,3.255480527877808,0.7751306510058377,12,46
pico-decoder-small,pico-lm/pico-decoder-small@aac007e3728b91b2460f8be94a5ef79547dc60b8,84000,Gram,0.5777289867401123,0.011070411070411,0.4221308295725643,0.965031121621496,4.29487943649292,3.153589963912964,0.798366589221952,12,46
pico-decoder-small,pico-lm/pico-decoder-small@804cfb5f121020ed666ca55376b9e9f358701d23,85000,Gram,0.584926426410675,0.0074074074074074,0.4217531261981759,0.9650038251731156,4.56519079208374,3.2483036518096924,0.805753949859831,9,46
pico-decoder-small,pico-lm/pico-decoder-small@938244e11e03da85918d38722414505f45c1ceda,86000,Gram,0.5672919750213623,0.0036630036630036,0.4207236654824626,0.9653101961154208,4.245521068572998,3.0378496646881104,0.7582415615016025,10,46
pico-decoder-small,pico-lm/pico-decoder-small@9bd6535d2bbcd3e8e0be555350c1a9abcfa9ef20,87000,Gram,0.5864864587783813,0.011070411070411,0.4250255538419376,0.9645155811981256,4.364861011505127,3.1360645294189453,0.7782830669654065,11,46
pico-decoder-small,pico-lm/pico-decoder-small@5e4f19facb03a2fb589181b485fc44570680d8b4,88000,Gram,0.5901992321014404,0.011070411070411,0.4253657504097012,0.9644000634336422,4.157943248748779,3.1273581981658936,0.7638619008181172,11,46
pico-decoder-small,pico-lm/pico-decoder-small@48b3ab14f90bae2930c79eefee13f8548f7a3ac0,89000,Gram,0.5765904188156128,0.0074074074074074,0.419595036113193,0.96544767043581,4.14899206161499,3.007565975189209,0.7177177841468747,12,46
pico-decoder-small,pico-lm/pico-decoder-small@a7e691278d2179f7a23f55c82de28f96b4acd2e4,90000,Gram,0.5468302965164185,0.011070411070411,0.4173035990614357,0.9658089753566942,4.667109489440918,2.995086431503296,0.6950346468879016,12,46
pico-decoder-small,pico-lm/pico-decoder-small@c025f14d64c01b36a07900656ded25b50f8caafd,91000,Gram,0.5641849637031555,0.0074074074074074,0.4199618275260556,0.9653383419356186,4.331460952758789,3.061396360397339,0.7115590954630906,12,46
pico-decoder-small,pico-lm/pico-decoder-small@b3b967e1f18d21573f4a6146c441a2825a5a8f83,92000,Gram,0.5532487630844116,0.0074074074074074,0.4212864059739472,0.9651253410898452,4.00512170791626,3.0372626781463623,0.726831004062237,12,46
pico-decoder-small,pico-lm/pico-decoder-small@41ae4009882dd5c1963328961a9ed1964aab8606,93000,Gram,0.5822466611862183,0.0112359550561797,0.4229421301707138,0.964770988948422,4.265460014343262,3.235257625579834,0.7770782340041809,12,46
pico-decoder-small,pico-lm/pico-decoder-small@bfda4783bf178eae55bcebd43810ed9180cbdc63,94000,Gram,0.5331150889396667,0.011070411070411,0.418761521508555,0.9655451658291876,4.214833736419678,3.1321070194244385,0.7385653762543669,11,46
pico-decoder-small,pico-lm/pico-decoder-small@94177e145ce01fae74b87897c8260f2f6fe1deb0,95000,Gram,0.543607234954834,0.0073260073260073,0.4167454855819143,0.9658105613987832,4.075995445251465,3.137442111968994,0.7708592633221157,11,46
pico-decoder-small,pico-lm/pico-decoder-small@938d2d29f7aba65159e5bdc0ccfbefdc61757005,96000,Gram,0.5782545804977417,0.0036630036630036,0.4179006093854151,0.9656342473393968,4.063685417175293,3.0525336265563965,0.6941715097310603,12,46
pico-decoder-small,pico-lm/pico-decoder-small@57a25f8bc299440e75e421522b5461ef9addc60f,97000,Gram,0.5824803709983826,0.0036630036630036,0.4240607055431713,0.964634828068959,4.361915588378906,3.085046529769897,0.7298719335431013,12,46
pico-decoder-small,pico-lm/pico-decoder-small@2b2b81f5b793cfe7595f1880023e3199b0ca4d01,98000,Gram,0.5878198742866516,0.0074074074074074,0.4211636611462807,0.9650775470608708,3.859206438064575,3.1718342304229736,0.7791385473334839,12,46
pico-decoder-small,pico-lm/pico-decoder-small@a014170484f226c32a449440e37684a5138bffea,99000,Gram,0.5715764164924622,0.011070411070411,0.4200235332748955,0.9652848922855302,4.469395637512207,3.125880002975464,0.7356402471317991,12,46
pico-decoder-small,pico-lm/pico-decoder-small@912032713d1ca4f482ce957408afca3e5a267267,100000,Gram,0.555457592010498,0.0148989587191834,0.4192127479853053,0.965526257119682,3.729414939880371,3.080279588699341,0.7747772251917038,12,46
pico-decoder-small,pico-lm/pico-decoder-small@0405a0c52b2083efba346cb0195a2684e628b1af,101000,Gram,0.5654805302619934,0.0112359550561797,0.4219009889494915,0.9650446355701062,3.94579029083252,3.008622646331787,0.6942705560485861,12,46
pico-decoder-small,pico-lm/pico-decoder-small@a29b66f6847b3a1ec6358c6bdf5686f8db25e228,102000,Gram,0.5701999664306641,0.011070411070411,0.4200041893796809,0.9653458814605078,4.092684745788574,3.1855080127716064,0.7836697870923633,11,46
pico-decoder-small,pico-lm/pico-decoder-small@b6e1c3f17ee3de24e5563176b76cde040230086b,103000,Gram,0.5882327556610107,0.011070411070411,0.4190165033330537,0.9655741009400736,4.044549465179443,3.115907430648804,0.7421980947871425,11,46
pico-decoder-small,pico-lm/pico-decoder-small@fd779f78578d7ce2eb7316f95b1536f35f90d660,104000,Gram,0.5763810276985168,0.0232558139534883,0.4188555440830525,0.9653979941616474,5.078219413757324,3.284963846206665,0.7566144437880428,12,46
pico-decoder-small,pico-lm/pico-decoder-small@2a9ae447eace88eb5c4be50d7b3c867cbd1a9a7e,105000,Gram,0.5406345725059509,0.0112359550561797,0.418723413435362,0.9654667296931736,4.731546401977539,3.0533151626586914,0.7135156705232331,11,46
pico-decoder-small,pico-lm/pico-decoder-small@36d78ffabfbf506523a459e2116bbc012c1adab7,106000,Gram,0.5522955060005188,0.0188145188145188,0.4166244153008731,0.965904889484412,4.728614330291748,3.1116061210632324,0.7363734537168912,11,46
pico-decoder-small,pico-lm/pico-decoder-small@3f9b3375f2ae4b81043ba582d1b2ec8bc15a04e1,107000,Gram,0.5604070425033569,0.0186433624635871,0.4226195781653721,0.9649585784697384,5.004332542419434,3.0318357944488525,0.6937835390685446,12,46
pico-decoder-small,pico-lm/pico-decoder-small@00c972e3e00659382b3fe4f9d9f634ebbd9833c1,108000,Gram,0.5870984196662903,0.011070411070411,0.4225765481188804,0.9648248168562356,4.931814193725586,3.1717019081115723,0.7248797549595039,12,46
pico-decoder-small,pico-lm/pico-decoder-small@076cdde7affce35bd2bad3498e51f33f575aaddb,109000,Gram,0.5699231624603271,0.0264830954486126,0.4200524301526777,0.965453294327776,4.657597064971924,3.127481460571289,0.7028990235086293,12,46
pico-decoder-small,pico-lm/pico-decoder-small@1f7f52ddf73285dd5484e753c1740cc68df81b76,110000,Gram,0.553365170955658,0.0306632213608957,0.4175159111837822,0.9656986705195272,4.294731616973877,3.0826990604400635,0.6726144603718979,12,46
pico-decoder-small,pico-lm/pico-decoder-small@a801b2ab639f60dbd4ebfe264aab726255eb2877,111000,Gram,0.5896179676055908,0.026918817616492,0.4171889726775031,0.9657194236215848,4.400589942932129,3.163975954055786,0.7064925966021112,12,46
pico-decoder-small,pico-lm/pico-decoder-small@197b11d764b16772e54f2cbbfab17581cbdb9b59,112000,Gram,0.5421457290649414,0.0354090354090354,0.4163364444460281,0.9660368974500066,4.020964622497559,3.0795373916625977,0.7040939313031196,12,46
pico-decoder-small,pico-lm/pico-decoder-small@0ff198943f69ee08bd0b54c8ab55d364ce931a26,113000,Gram,0.5397108793258667,0.0306632213608957,0.4193128792798728,0.9655181640334798,4.354438304901123,3.047675132751465,0.7012454556436999,12,46
pico-decoder-small,pico-lm/pico-decoder-small@fe2f1951a2f9a01d14429415f467c91c8a765024,114000,Gram,0.561061680316925,0.0148989587191834,0.4178340839668945,0.9657088167653106,3.7786266803741455,3.0579421520233154,0.6683596811178761,12,46
pico-decoder-small,pico-lm/pico-decoder-small@dde9b48ac9a426d9bc86b1fc423b8241736f6ea3,115000,Gram,0.5481781959533691,0.0223063661265908,0.417544796809139,0.9658913307832708,3.8264434337615967,3.0161523818969727,0.6900256876616299,12,46
pico-decoder-small,pico-lm/pico-decoder-small@eb892260583a7bfbf95a1aecbf60ebc4ee0b8fe2,116000,Gram,0.533733606338501,0.0184778184778184,0.4189124771994879,0.9656448965325946,3.997072219848633,2.931276321411133,0.6169299847861046,12,46
pico-decoder-small,pico-lm/pico-decoder-small@62d95f269e32053c9fc3638cfe64f8b2f7b23654,117000,Gram,0.5276179909706116,0.0265644955300127,0.4181045710327511,0.9657938483416432,3.847114562988281,2.9780428409576416,0.6455565714753772,12,46
pico-decoder-small,pico-lm/pico-decoder-small@31ddb818fbb16fbd1caf8ec968855022dd6afc74,118000,Gram,0.5164708495140076,0.0223063661265908,0.4158956434648235,0.9661957627050995,3.958951473236084,2.90592360496521,0.6632833859348272,12,46
pico-decoder-small,pico-lm/pico-decoder-small@82d2ace20cd9a6db92a58205d7a22f5f6173e7b8,119000,Gram,0.5574859380722046,0.0074074074074074,0.4179349675627912,0.9658228437147828,4.220824241638184,3.027262926101685,0.6827881687798135,12,46
pico-decoder-small,pico-lm/pico-decoder-small@8e25d91566448034f3bb0406ab0045355c528ae7,120000,Gram,0.5674062967300415,0.0186433624635871,0.4204223493551089,0.9654363904332626,4.175251007080078,2.9823873043060303,0.6759648883905361,12,46
pico-decoder-small,pico-lm/pico-decoder-small@8a2f1db72ebb1ce87faaf75ea1db7910f308be65,121000,Gram,0.5276848673820496,0.0112359550561797,0.4210199823035223,0.965327456304166,4.23205041885376,2.9814207553863525,0.6689758418017381,12,46
pico-decoder-small,pico-lm/pico-decoder-small@e197ddf7837d73cb367f53e1dd174a4745892831,122000,Gram,0.505226731300354,0.0188145188145188,0.4208205036724121,0.9652988336090464,4.296587944030762,2.916766405105591,0.6614327619261122,12,46
pico-decoder-small,pico-lm/pico-decoder-small@51a1f29ffaf81f8b5d071b1858b6ac094aca1b30,123000,Gram,0.5363833904266357,0.0148989587191834,0.4189992999337504,0.9655627812560532,4.076592445373535,2.979107618331909,0.6656617728561325,12,46
pico-decoder-small,pico-lm/pico-decoder-small@c2d4754b377c202474754e86b41f1321342ad24a,124000,Gram,0.5146355628967285,0.0224775224775224,0.4187332708385201,0.965607598713052,4.227960586547852,2.954376459121704,0.6684818218427654,12,46
pico-decoder-small,pico-lm/pico-decoder-small@ef21ca419b33425716396ead8c1e60e01f301271,125000,Gram,0.5531241297721863,0.0147334147334147,0.4231224217683649,0.9649558616366696,3.684947013854981,2.846698522567749,0.6055021570003277,12,46
pico-decoder-small,pico-lm/pico-decoder-small@a8294defc7001e32644ce53dbcb87ef35587ff22,0,Phon,0.4751265347003937,0.0036630036630036,0.4149444547948979,0.9662424172636668,3.968876361846924,2.733659267425537,0.5962433260261203,12,46
pico-decoder-small,pico-lm/pico-decoder-small@5e3d06988f3cc3adbf36b55cd8b1ddb3ae9f9bde,1000,Phon,0.5520003437995911,0.0,0.4138872963333076,0.9662391473367417,4.699309349060059,2.769819021224976,0.4084377241394398,11,46
pico-decoder-small,pico-lm/pico-decoder-small@9f1ca389bbb1cc08b42a32bfe58fb818b24b3490,2000,Phon,0.5417965054512024,0.0074074074074074,0.4133573575602154,0.966594691715503,4.108596324920654,2.763540506362915,0.56684943649515,12,46
pico-decoder-small,pico-lm/pico-decoder-small@f2269f20ce160cf71bea0a02ccf685e126dd2dc1,3000,Phon,0.4896186292171478,0.0,0.4131068279065333,0.9664419988164972,3.653195858001709,2.5470032691955566,0.5439289257110003,12,46
pico-decoder-small,pico-lm/pico-decoder-small@10da1c98e1cd32fc61ab4ced31075c08cf699861,4000,Phon,0.5260265469551086,0.0036630036630036,0.4182378434332247,0.9656164740527092,4.066366195678711,2.5800652503967285,0.4847358251067344,12,46
pico-decoder-small,pico-lm/pico-decoder-small@be2865b50166a683e659f4a1f99e058c77288911,5000,Phon,0.4928367733955383,0.0036630036630036,0.4162127144860388,0.9658244519219435,3.829718828201294,2.6556713581085205,0.576640742477939,12,46
pico-decoder-small,pico-lm/pico-decoder-small@496ea4785860af671e895085f1bcdc3bff2f9d97,6000,Phon,0.5476731657981873,0.0036630036630036,0.4161279317064315,0.966076118722908,4.047123432159424,2.81279730796814,0.602186411210071,12,46
pico-decoder-small,pico-lm/pico-decoder-small@c5bddf28e9cfbede4fe480513c4a3487279f7d47,7000,Phon,0.5365479588508606,0.0036630036630036,0.4273310349124077,0.964224030710657,3.9105281829833984,2.7106974124908447,0.624490800994244,12,46
pico-decoder-small,pico-lm/pico-decoder-small@9fe9969ca88ccf3b71599f85000ce082bf854421,8000,Phon,0.5221731662750244,0.0,0.4217906935144602,0.9651047320353217,3.2360496520996094,2.5060818195343018,0.4353896031597318,12,46
pico-decoder-small,pico-lm/pico-decoder-small@8335f55c1bf51378b17a73d527c39899546e2d5b,9000,Phon,0.5341219902038574,0.0036630036630036,0.4204618996949669,0.965306663840338,3.077110290527344,2.5182573795318604,0.5092625620571949,12,46
pico-decoder-small,pico-lm/pico-decoder-small@8ce4e4fa15c0cec038fcb9f29d30cc50bac60a3d,10000,Phon,0.5158587098121643,0.0,0.417883094912925,0.965779316413615,4.013901710510254,2.5334296226501465,0.5164694483374112,12,46
pico-decoder-small,pico-lm/pico-decoder-small@3261da23d1d8811f9a32b69d6d6b9a17ca82fcd0,11000,Phon,0.5433545112609863,0.0,0.4150034608359574,0.9661925335163664,3.34531569480896,2.561532974243164,0.4746820956998854,11,46
pico-decoder-small,pico-lm/pico-decoder-small@a6a20b8103a7cdacefa2bb78dee23c516ad6e78e,12000,Phon,0.5448960661888123,0.0036630036630036,0.4194420959700623,0.9655951221619204,3.813028573989868,2.6165778636932373,0.4932960765055125,12,46
pico-decoder-small,pico-lm/pico-decoder-small@c2395fd6ba7da947893c62b8169b47a83345153b,13000,Phon,0.575884222984314,0.0,0.4144127125624109,0.9663088931925656,3.6978044509887695,2.6886250972747803,0.4680790105839775,12,46
pico-decoder-small,pico-lm/pico-decoder-small@6dc7fa92550aabc62d659674176bda49750efe64,14000,Phon,0.5406463146209717,0.0074074074074074,0.4178207835136003,0.9656612566074894,4.029533386230469,2.762472629547119,0.5623055564905302,12,46
pico-decoder-small,pico-lm/pico-decoder-small@d1c60a45e64f88520c2cd94890471321a15410bf,15000,Phon,0.5710819363594055,0.0036630036630036,0.4260097211805633,0.9643645881842688,4.695887565612793,2.7445788383483887,0.4274375930681074,11,46
pico-decoder-small,pico-lm/pico-decoder-small@cbb63c23390c0d43e0d6dfaa0c69aed19778fa74,16000,Phon,0.5149818062782288,0.0,0.4181283503124631,0.965742938830168,3.621011972427368,2.505261182785034,0.4131448908828361,12,46
pico-decoder-small,pico-lm/pico-decoder-small@a4f386c7a4155bfab638b897e60bc656a82e6a4f,17000,Phon,0.5136600732803345,0.011070411070411,0.4164387170820734,0.9658210637038972,6.140176296234131,2.7739899158477783,0.5924035425754027,11,46
pico-decoder-small,pico-lm/pico-decoder-small@9b68d0ee8ceef680cc668de7d4560f7d8d311e42,18000,Phon,0.5031569004058838,0.0036630036630036,0.4232146014911408,0.964849489113627,3.793233633041382,2.783031225204468,0.5460260871519504,12,46
pico-decoder-small,pico-lm/pico-decoder-small@a161849d9bc2ecbb0bc6095f0fe9fa54a03b14ce,19000,Phon,0.5253656506538391,0.0,0.423667358084271,0.9648394620549968,3.519126892089844,2.6465485095977783,0.4792461769085658,12,46
pico-decoder-small,pico-lm/pico-decoder-small@082423f29dc36ca1b544cb85c655531783bb8985,20000,Phon,0.5041929483413696,0.0073260073260073,0.4182836469843463,0.9657092055373412,3.572545528411865,2.8054277896881104,0.5217583683733722,12,46
pico-decoder-small,pico-lm/pico-decoder-small@62236c27ddef441fc85ceabb80793b680397d2f4,21000,Phon,0.5286355018615723,0.0,0.4189484277868061,0.9654652719586012,3.785155057907105,2.7479867935180664,0.4891276750366393,12,46
pico-decoder-small,pico-lm/pico-decoder-small@457283267b592ffd80ca1a4ede807a4a5606a7f4,22000,Phon,0.506830096244812,0.0074074074074074,0.4139061978388862,0.9664981658078736,3.807449102401733,2.7174112796783447,0.4883461879873371,12,46
pico-decoder-small,pico-lm/pico-decoder-small@542883f65bdcba033a9c80f753fdd6f6829cb7e7,23000,Phon,0.4931488037109375,0.0036630036630036,0.4191256174900428,0.965540533228722,3.8220529556274414,2.6592395305633545,0.4463383732465327,12,46
pico-decoder-small,pico-lm/pico-decoder-small@bbc3997ae0773f6e0f145401283a22dced84175c,24000,Phon,0.5086515545845032,0.0,0.4187882511387402,0.9654900815610692,4.076787948608398,2.760526657104492,0.4169970317987154,12,46
pico-decoder-small,pico-lm/pico-decoder-small@8316a2db89b6a337de59490bec6e6ed79275e85f,25000,Phon,0.5052661299705505,0.0,0.4164713350404077,0.9659030777407924,4.00526762008667,2.838830947875977,0.4812349533655222,12,46
pico-decoder-small,pico-lm/pico-decoder-small@b2ff4ecd5fdb6684736075b48a28007f425925d5,26000,Phon,0.5032709836959839,0.0036630036630036,0.4209119268931309,0.9652141715874316,3.882669448852539,2.747393846511841,0.4389595472580805,11,46
pico-decoder-small,pico-lm/pico-decoder-small@d0bf4c35052d4efe8b11ad72cf76ba92d8837271,27000,Phon,0.5477303266525269,0.0036630036630036,0.4176826748887045,0.9658679197103626,3.609964847564697,2.745473623275757,0.4886061598201274,12,46
pico-decoder-small,pico-lm/pico-decoder-small@c5fe4eaa6e28635b04a285d9d63224a7013711d4,28000,Phon,0.5008420348167419,0.0036630036630036,0.4164045002060619,0.9659088834084264,3.691686153411865,2.736957311630249,0.4376490664786508,11,46
pico-decoder-small,pico-lm/pico-decoder-small@574194afaad5aebab0de6f7ec3ebd45241ba9f36,29000,Phon,0.5316548347473145,0.0036630036630036,0.4180218553980684,0.9656069697627144,3.800116062164306,2.802150249481201,0.4503901477006362,11,46
pico-decoder-small,pico-lm/pico-decoder-small@4e76d0f5009af59c7519cc564d83ccb252becc09,30000,Phon,0.5403115153312683,0.0,0.4213035116322964,0.965223791779686,4.101218700408936,2.941169023513794,0.4420213433925617,12,46
pico-decoder-small,pico-lm/pico-decoder-small@63e4f365e97340e8419c8d14c3479eab48b41672,31000,Phon,0.5406715869903564,0.0036630036630036,0.4177975791714707,0.9657324974216888,3.999317169189453,2.78777813911438,0.45003955901796,12,46
pico-decoder-small,pico-lm/pico-decoder-small@8c1e326d52a990b3ef622fa0187927b4c3c8b198,32000,Phon,0.5467217564582825,0.0073260073260073,0.4135535746991313,0.9664923056705756,3.984083890914917,2.851684808731079,0.5293112180846508,12,46
pico-decoder-small,pico-lm/pico-decoder-small@5087b4b665fc374f51db109f5832fccfa45038ed,33000,Phon,0.5270383954048157,0.0036630036630036,0.4124044066943417,0.966724916987223,3.8534209728240967,2.8438313007354736,0.4944557312693934,12,46
pico-decoder-small,pico-lm/pico-decoder-small@1b37af2dca833f47e09a88bc07d1b193eb75b975,34000,Phon,0.5456518530845642,0.0036630036630036,0.4209312896741968,0.9652496678930518,4.163172721862793,2.862947463989258,0.5067135468866617,11,46
pico-decoder-small,pico-lm/pico-decoder-small@f84a2138adf461f090569b0490e077e154d5692a,35000,Phon,0.4986990392208099,0.0073260073260073,0.4155603375734893,0.9661106944080275,3.847060441970825,2.79079270362854,0.4291678233631097,12,46
pico-decoder-small,pico-lm/pico-decoder-small@a5edb37d58f3dac4abc7615fe9f16119c9719363,36000,Phon,0.4911416172981262,0.0073260073260073,0.4148473778143479,0.9662747165378208,3.4898228645324707,2.6879115104675293,0.5028188893968871,12,46
pico-decoder-small,pico-lm/pico-decoder-small@ad19a8ed94822569698ab34f7cbdb71a73e75edb,37000,Phon,0.482244610786438,0.0036630036630036,0.420125381573683,0.965452284932422,3.700616598129273,2.749241352081299,0.4892732171054014,11,46
pico-decoder-small,pico-lm/pico-decoder-small@6ffc4bc90cff1f5d9492cc62aa823b2f31820dec,38000,Phon,0.4940433204174042,0.0074074074074074,0.4168946543918481,0.9660202375756916,3.710562229156494,2.688469171524048,0.4991889254120702,12,46
pico-decoder-small,pico-lm/pico-decoder-small@2be3f69fedc1c81a1c9dee69aecdfbb30a7ed07b,39000,Phon,0.4934620857238769,0.011070411070411,0.4190936552217182,0.9655482001005474,5.651900768280029,2.8939571380615234,0.5296224608400654,12,46
pico-decoder-small,pico-lm/pico-decoder-small@89ce452106683eb2c3d635f0b06d00b4836a270d,40000,Phon,0.4955293834209442,0.0184778184778184,0.421110853842008,0.9650613049782424,4.6063551902771,2.775718927383423,0.521838362694565,12,46
pico-decoder-small,pico-lm/pico-decoder-small@fb21f9a6029769e4fde8c343509be2fc23d627f8,41000,Phon,0.4639205932617187,0.0147334147334147,0.4160166341079491,0.9661116573351464,3.789674758911133,2.587266445159912,0.4584124754519011,12,46
pico-decoder-small,pico-lm/pico-decoder-small@3b04367b1f9f520d1eb5dc4b1d62222a11574175,42000,Phon,0.5060426592826843,0.0036630036630036,0.410129718273086,0.9670276810301208,3.876498460769653,2.699660539627075,0.5231856971469702,12,46
pico-decoder-small,pico-lm/pico-decoder-small@a8fcdde6a31d48184ff170362f4802ba6f7c825b,43000,Phon,0.4981276988983154,0.0185619623821871,0.4185362722709829,0.9656782645502682,4.247757911682129,2.7596492767333984,0.4543707620863035,12,46
pico-decoder-small,pico-lm/pico-decoder-small@42a2d16068cea73c52aa94a34fd039b076c656d2,44000,Phon,0.5081910490989685,0.0036630036630036,0.4138201746286026,0.966444309014676,4.128050327301025,2.7451791763305664,0.464779059450445,12,46
pico-decoder-small,pico-lm/pico-decoder-small@9b211dca4e657296153efe83773900826fe138d5,45000,Phon,0.5286234617233276,0.0073260073260073,0.415558277070333,0.96618090914237,3.98505973815918,2.7628252506256104,0.5177314491253584,11,46
pico-decoder-small,pico-lm/pico-decoder-small@8866040c1a6ead0d48bd6a4f6ff9046c778670fa,46000,Phon,0.560489296913147,0.0073260073260073,0.4090383210143101,0.9671145775623418,4.381869792938232,2.8809096813201904,0.5356992240867359,12,46
pico-decoder-small,pico-lm/pico-decoder-small@2c39df607c549d2902ed46ce83a2e6630df09d90,47000,Phon,0.4897481501102447,0.0109890109890109,0.3974775177450251,0.9689338663323322,4.076148986816406,2.6695220470428467,0.5098484122447898,12,46
pico-decoder-small,pico-lm/pico-decoder-small@e2f848f2a712b27ddfebe48ddc4dd6258de6df59,48000,Phon,0.5106918215751648,0.0073260073260073,0.4014852236707743,0.9683106460246956,3.7337727546691895,2.704180955886841,0.4735552037467547,11,46
pico-decoder-small,pico-lm/pico-decoder-small@fa46e0b2c4bcc53653b39cd684396f35c777aead,49000,Phon,0.5547208189964294,0.0074074074074074,0.3955526136886442,0.9693384941260988,4.894665241241455,2.767019748687744,0.516492969189385,12,46
pico-decoder-small,pico-lm/pico-decoder-small@1c1daa1853e150e7a21ae4af47574da037fbb206,50000,Phon,0.5361502766609192,0.0036630036630036,0.4021991157133572,0.9682811136625752,4.340744972229004,2.78269624710083,0.4167329142523654,12,46
pico-decoder-small,pico-lm/pico-decoder-small@7aa7c5e89a41da940802066eaa61d34d72089434,51000,Phon,0.5551513433456421,0.0073260073260073,0.3986085585193471,0.968678566883184,4.604809284210205,2.839839458465576,0.488452396691682,12,46
pico-decoder-small,pico-lm/pico-decoder-small@9213448a01fde86281f3df23d6846b5c31f86998,52000,Phon,0.5609896779060364,0.0073260073260073,0.3991904955571434,0.9685498132893632,4.721829414367676,2.866420269012451,0.5333483934055961,12,46
pico-decoder-small,pico-lm/pico-decoder-small@41f9cd78186e1fbaf4b6b2164f52331d4ef4c15e,53000,Phon,0.5150154829025269,0.0073260073260073,0.4054511791861158,0.9676809391169994,4.391798973083496,2.8197031021118164,0.5481514174896784,12,46
pico-decoder-small,pico-lm/pico-decoder-small@f4454c4dd5fa26693e9755fbac1a1f6aa12f6c37,54000,Phon,0.5551040768623352,0.0036630036630036,0.4168653361091217,0.9658345089579198,4.638800621032715,2.780611276626587,0.4753498889756766,11,46
pico-decoder-small,pico-lm/pico-decoder-small@497f4bdf16cbdcb120415cd944d84b34d1fef37a,55000,Phon,0.5255625247955322,0.0073260073260073,0.4123551204976869,0.9665275485723224,4.601095199584961,2.9013993740081787,0.5944244791778748,12,46
pico-decoder-small,pico-lm/pico-decoder-small@79119d3d39e86e4f4fdd14e0de769ebbba87b4c1,56000,Phon,0.5419122576713562,0.0073260073260073,0.4099347281290205,0.9669549919366552,4.859318733215332,2.9013559818267822,0.5866174610090416,12,46
pico-decoder-small,pico-lm/pico-decoder-small@1e0aa9e9184e67611fe6a3fe7e0d301e199367b4,57000,Phon,0.5094863772392273,0.0073260073260073,0.4090480403133613,0.9671676135589712,4.783597469329834,2.651369094848633,0.4905843026858429,11,46
pico-decoder-small,pico-lm/pico-decoder-small@12cffd4abfebe78cd4df44f368d49ae2aec28999,58000,Phon,0.5183733105659485,0.011070411070411,0.4116203610348622,0.9667390393854636,4.304758548736572,2.7256739139556885,0.4728953307985875,11,46
pico-decoder-small,pico-lm/pico-decoder-small@88752c656e1478698735820b50bc1648b43897bc,59000,Phon,0.5374419093132019,0.011070411070411,0.3948758944451056,0.9692913295627332,4.148746490478516,2.675479888916016,0.4314108336538441,12,46
pico-decoder-small,pico-lm/pico-decoder-small@ef0c2a9858930c1b946d7fd3ec94d87a30fb6316,60000,Phon,0.5344457030296326,0.0036630036630036,0.4006986224868432,0.9683728589507048,4.435625076293945,2.8179798126220703,0.492361945478244,11,46
pico-decoder-small,pico-lm/pico-decoder-small@2adfdbab6dd63824aeb0c5b7f40693509b21f72e,61000,Phon,0.5775010585784912,0.0074074074074074,0.4110747975398232,0.9668121657370246,4.046656131744385,2.742725133895874,0.4324458489007323,12,46
pico-decoder-small,pico-lm/pico-decoder-small@8f2f5e9d39b7ef2738d2ddfa5002e690090afb1b,62000,Phon,0.5522813200950623,0.011070411070411,0.3991409322386268,0.9686146743599384,3.751501083374024,2.7384941577911377,0.4905544686063987,12,46
pico-decoder-small,pico-lm/pico-decoder-small@27a605b8a3168bf13fde7e4903edf05011890db5,63000,Phon,0.5396828651428223,0.0073260073260073,0.39519518852716,0.9691520266283572,3.80733585357666,2.717010021209717,0.4623402151297922,12,46
pico-decoder-small,pico-lm/pico-decoder-small@64faca95211d12573bc85e90ab9b9346d61f571c,64000,Phon,0.5086569786071777,0.0036630036630036,0.3997805976427044,0.9686340368878106,3.591573715209961,2.6171581745147705,0.4321385676658134,12,46
pico-decoder-small,pico-lm/pico-decoder-small@04de7a38c9b974bc56e59c77ce6289b59ac333a3,65000,Phon,0.5336624979972839,0.0074074074074074,0.3995760881371579,0.9685627355915994,3.7016634941101074,2.7600128650665283,0.503821136300843,12,46
pico-decoder-small,pico-lm/pico-decoder-small@0a060522b26b84154fe744cff68debc60a62771b,66000,Phon,0.5472894906997681,0.0036630036630036,0.3999986989493838,0.9685768379722692,4.236643314361572,2.7261645793914795,0.4549563638663963,12,46
pico-decoder-small,pico-lm/pico-decoder-small@96a66aee1fd9e46f20ddd7b0e811fbcd6761cd3b,67000,Phon,0.5354071855545044,0.0073260073260073,0.3983281450629494,0.968754094988982,4.282264709472656,2.7396278381347656,0.4884939066842564,12,46
pico-decoder-small,pico-lm/pico-decoder-small@e7396619711d862dc1bed1a5f5797fb2b5cc9768,68000,Phon,0.573979914188385,0.0,0.4029221231221386,0.96797834073261,4.345330238342285,2.784684658050537,0.4325282622010071,12,46
pico-decoder-small,pico-lm/pico-decoder-small@ba3a7a617ab159a7fcbc81cd6ffb20319f00199a,69000,Phon,0.5715527534484863,0.0,0.3921687107800467,0.9698385394966496,3.994930505752564,2.803907871246338,0.448453852792868,12,46
pico-decoder-small,pico-lm/pico-decoder-small@63bfd31a42bdd16864908136aa5cce931810bb58,70000,Phon,0.5612223744392395,0.0,0.4035497961924622,0.9678259662302006,4.0792646408081055,2.816516399383545,0.4577412092899029,11,46
pico-decoder-small,pico-lm/pico-decoder-small@5e0a9fbd93f2dbafe06c6cb20fa5521f766270e0,71000,Phon,0.5982686877250671,0.0,0.4073575883135685,0.9671796270979406,4.291997909545898,2.7757763862609863,0.4477779945569536,12,46
pico-decoder-small,pico-lm/pico-decoder-small@4b4e4304ce873cafd39ac997ad47e16ec2d5d76d,72000,Phon,0.6088170409202576,0.0036630036630036,0.4077138738081316,0.9672335269042498,4.686534881591797,2.962803602218628,0.4824118343022908,12,46
pico-decoder-small,pico-lm/pico-decoder-small@f2bf3399e04924384ec7ea3acb5440318247824d,73000,Phon,0.6028406620025635,0.0,0.4039176461618548,0.9677766632388568,4.700667381286621,2.867631435394287,0.4446982934249808,12,46
pico-decoder-small,pico-lm/pico-decoder-small@81c21ab4b67c2a986c2c4a8771db3b328075f9ca,74000,Phon,0.5691845417022705,0.0036630036630036,0.4021441787693221,0.9681720415896788,4.61536979675293,2.7528247833251958,0.4660666747010094,12,46
pico-decoder-small,pico-lm/pico-decoder-small@67737816c3793c77c33cd993cb625dfe02f5dba2,75000,Phon,0.5868657231330872,0.0036630036630036,0.4010260356819911,0.9682743494101516,3.8050172328948975,2.8220486640930176,0.4968286326182655,12,46
pico-decoder-small,pico-lm/pico-decoder-small@cd3c66fe9f41cb98971992c1c48e0000704daae7,76000,Phon,0.5889484882354736,0.0,0.398137541398935,0.968624412427298,3.741947889328003,2.7380893230438232,0.4983802489531557,12,46
pico-decoder-small,pico-lm/pico-decoder-small@8bc1f96e0ab394e6d9396f9105337a8ee9281b02,77000,Phon,0.5643913149833679,0.0036630036630036,0.3994206071729633,0.9685447042885656,3.736696481704712,2.715019702911377,0.4171646293892649,12,46
pico-decoder-small,pico-lm/pico-decoder-small@54681b82e00ed8da204a8f5e199732edcd50c540,78000,Phon,0.5431659817695618,0.0074074074074074,0.4088788798309381,0.967095942077585,3.977863550186157,2.792047500610352,0.4922108876127861,12,46
pico-decoder-small,pico-lm/pico-decoder-small@9f79f048c9629723d93a9c6d020fad45ecd81ebb,79000,Phon,0.5633505582809448,0.0074074074074074,0.4038761167033426,0.9678996918738584,3.820896863937378,2.7573342323303223,0.4479842311703022,12,46
pico-decoder-small,pico-lm/pico-decoder-small@a8eea15ae0deddaf3beced3d114c9bc8ed9a25e5,80000,Phon,0.5780670046806335,0.0,0.4013204403973713,0.9682099608670228,3.9005610942840576,2.6564176082611084,0.4584911024833495,12,46
pico-decoder-small,pico-lm/pico-decoder-small@8d7bca4dea2e340144c93745d61646c84d35ffdb,81000,Phon,0.5509713888168335,0.0,0.412896230341122,0.9665520851433492,3.709939956665039,2.737467050552368,0.4786399241702785,11,46
pico-decoder-small,pico-lm/pico-decoder-small@063ab25b24aefd512a554e49853ed6fc32ee9c1b,82000,Phon,0.5499248504638672,0.0036630036630036,0.4024867563114204,0.9681491486137868,3.655363082885742,2.698030471801758,0.4482963622030512,12,46
pico-decoder-small,pico-lm/pico-decoder-small@d63e823855aefabdb4d0fb89c6cb30f1917edff8,83000,Phon,0.5853926539421082,0.0,0.4066995705577521,0.9674191312243996,3.6811041831970215,2.772547721862793,0.4561713451233299,12,46
pico-decoder-small,pico-lm/pico-decoder-small@aac007e3728b91b2460f8be94a5ef79547dc60b8,84000,Phon,0.5528517365455627,0.0,0.4078703216596849,0.967300358700691,3.7396669387817374,2.7585761547088623,0.4899204174991086,12,46
pico-decoder-small,pico-lm/pico-decoder-small@804cfb5f121020ed666ca55376b9e9f358701d23,85000,Phon,0.5566225647926331,0.0,0.4108267531223958,0.9668713664605124,3.863594770431519,2.793790102005005,0.5680180661267838,11,46
pico-decoder-small,pico-lm/pico-decoder-small@938244e11e03da85918d38722414505f45c1ceda,86000,Phon,0.5413071513175964,0.0036630036630036,0.4073532301893248,0.967512696579798,3.9032657146453857,2.6873645782470703,0.5360975715460363,12,46
pico-decoder-small,pico-lm/pico-decoder-small@9bd6535d2bbcd3e8e0be555350c1a9abcfa9ef20,87000,Phon,0.5669242739677429,0.0,0.3954909535857724,0.9691696584443538,3.878106355667114,2.6742987632751465,0.5045866976915367,12,46
pico-decoder-small,pico-lm/pico-decoder-small@5e4f19facb03a2fb589181b485fc44570680d8b4,88000,Phon,0.5423164963722229,0.0,0.3946318922865597,0.9692770684983129,3.914994239807129,2.668280601501465,0.5152371079217852,10,46
pico-decoder-small,pico-lm/pico-decoder-small@48b3ab14f90bae2930c79eefee13f8548f7a3ac0,89000,Phon,0.5388308167457581,0.0,0.3968258671444227,0.9688826214872824,3.6766085624694815,2.5831375122070312,0.4958524070699757,11,46
pico-decoder-small,pico-lm/pico-decoder-small@a7e691278d2179f7a23f55c82de28f96b4acd2e4,90000,Phon,0.5260756015777588,0.0074074074074074,0.3994689114733368,0.9685706533876668,3.975518226623535,2.531942367553711,0.3695553954593739,12,46
pico-decoder-small,pico-lm/pico-decoder-small@c025f14d64c01b36a07900656ded25b50f8caafd,91000,Phon,0.596046507358551,0.0,0.4048022260183289,0.967630517279864,3.839067697525024,2.675614356994629,0.5133515069754656,12,46
pico-decoder-small,pico-lm/pico-decoder-small@b3b967e1f18d21573f4a6146c441a2825a5a8f83,92000,Phon,0.5503674745559692,0.0036630036630036,0.3979004985368152,0.9687489560269192,3.721245765686035,2.69458532333374,0.507868817714736,12,46
pico-decoder-small,pico-lm/pico-decoder-small@41ae4009882dd5c1963328961a9ed1964aab8606,93000,Phon,0.5462438464164734,0.0,0.4061156384112855,0.9674602334504192,3.969794511795044,2.68661904335022,0.5087841757983683,12,46
pico-decoder-small,pico-lm/pico-decoder-small@bfda4783bf178eae55bcebd43810ed9180cbdc63,94000,Phon,0.5345134139060974,0.0036630036630036,0.3979992518957051,0.968762116364186,3.886838912963867,2.792503118515014,0.5521456525551268,12,46
pico-decoder-small,pico-lm/pico-decoder-small@94177e145ce01fae74b87897c8260f2f6fe1deb0,95000,Phon,0.5434048771858215,0.0036630036630036,0.3999541535104683,0.9684300336083882,3.6659204959869385,2.697821855545044,0.519896832686958,12,46
pico-decoder-small,pico-lm/pico-decoder-small@938d2d29f7aba65159e5bdc0ccfbefdc61757005,96000,Phon,0.5701974034309387,0.0074074074074074,0.4031445852340969,0.9678376199408484,4.05566930770874,2.721519947052002,0.4228419482297264,12,46
pico-decoder-small,pico-lm/pico-decoder-small@57a25f8bc299440e75e421522b5461ef9addc60f,97000,Phon,0.547981858253479,0.0074074074074074,0.3975887365297146,0.968746606264364,4.099924564361572,2.768274307250977,0.4571218189364567,12,46
pico-decoder-small,pico-lm/pico-decoder-small@2b2b81f5b793cfe7595f1880023e3199b0ca4d01,98000,Phon,0.5580847859382629,0.0074074074074074,0.3978165882200443,0.968717508448275,3.872542381286621,2.7504656314849854,0.5159839271652953,12,46
pico-decoder-small,pico-lm/pico-decoder-small@a014170484f226c32a449440e37684a5138bffea,99000,Phon,0.5750372409820557,0.0073260073260073,0.4016341276323089,0.9682272521443316,4.050290584564209,2.7114298343658447,0.51329587925802,12,46
pico-decoder-small,pico-lm/pico-decoder-small@912032713d1ca4f482ce957408afca3e5a267267,100000,Phon,0.5516525506973267,0.0036630036630036,0.3914161923665177,0.9697091207959848,3.960835218429565,2.6628029346466064,0.4830314175403818,12,46
pico-decoder-small,pico-lm/pico-decoder-small@0405a0c52b2083efba346cb0195a2684e628b1af,101000,Phon,0.5574840307235718,0.0036630036630036,0.392485078610075,0.9694613108049672,3.900129795074463,2.65364146232605,0.4342926131358638,12,46
pico-decoder-small,pico-lm/pico-decoder-small@a29b66f6847b3a1ec6358c6bdf5686f8db25e228,102000,Phon,0.5399026870727539,0.0073260073260073,0.3956030205036504,0.9690794296801916,4.154734134674072,2.748685598373413,0.4996828195368352,12,46
pico-decoder-small,pico-lm/pico-decoder-small@b6e1c3f17ee3de24e5563176b76cde040230086b,103000,Phon,0.5510193109512329,0.0073260073260073,0.3948816002504636,0.9692667204544854,3.988170862197876,2.6713945865631104,0.498377049109683,12,46
pico-decoder-small,pico-lm/pico-decoder-small@fd779f78578d7ce2eb7316f95b1536f35f90d660,104000,Phon,0.518316924571991,0.0074074074074074,0.3922441676641951,0.9696068010623464,3.98794150352478,2.7816741466522217,0.5373289393465556,12,46
pico-decoder-small,pico-lm/pico-decoder-small@2a9ae447eace88eb5c4be50d7b3c867cbd1a9a7e,105000,Phon,0.5293095707893372,0.0074074074074074,0.394598740151721,0.9693742297356236,3.6804006099700928,2.7596747875213623,0.5661785947042772,12,46
pico-decoder-small,pico-lm/pico-decoder-small@36d78ffabfbf506523a459e2116bbc012c1adab7,106000,Phon,0.5446999073028564,0.0073260073260073,0.3928020502688824,0.9694534137267156,3.737614154815674,2.7488760948181152,0.5744736492419462,12,46
pico-decoder-small,pico-lm/pico-decoder-small@3f9b3375f2ae4b81043ba582d1b2ec8bc15a04e1,107000,Phon,0.5032651424407959,0.011070411070411,0.394192701379963,0.969261554662195,3.815738439559937,2.671496629714966,0.4379010164797691,12,46
pico-decoder-small,pico-lm/pico-decoder-small@00c972e3e00659382b3fe4f9d9f634ebbd9833c1,108000,Phon,0.5342288613319397,0.0036630036630036,0.3973982570009076,0.9686636037075462,3.886101722717285,2.735418796539306,0.5069617161304671,12,46
pico-decoder-small,pico-lm/pico-decoder-small@076cdde7affce35bd2bad3498e51f33f575aaddb,109000,Phon,0.5370557308197021,0.0073260073260073,0.3954894808746204,0.9691667594155268,3.878701686859131,2.7672762870788574,0.5473795320447067,12,46
pico-decoder-small,pico-lm/pico-decoder-small@1f7f52ddf73285dd5484e753c1740cc68df81b76,110000,Phon,0.5361731052398682,0.0148148148148148,0.391792310119132,0.9697515153707912,4.086092472076416,2.718534231185913,0.5231416256636506,12,46
pico-decoder-small,pico-lm/pico-decoder-small@a801b2ab639f60dbd4ebfe264aab726255eb2877,111000,Phon,0.5299616456031799,0.011070411070411,0.3949678728509982,0.96920438191604,4.001255512237549,2.7532224655151367,0.4833704994084677,12,46
pico-decoder-small,pico-lm/pico-decoder-small@197b11d764b16772e54f2cbbfab17581cbdb9b59,112000,Phon,0.538634717464447,0.0188145188145188,0.3933754873738994,0.969489643498272,3.953312397003174,2.8674755096435547,0.5697692763628779,12,46
pico-decoder-small,pico-lm/pico-decoder-small@0ff198943f69ee08bd0b54c8ab55d364ce931a26,113000,Phon,0.5342286825180054,0.0074074074074074,0.3968363915304006,0.9689257437696704,4.132354259490967,2.7476634979248047,0.4907320466903084,12,46
pico-decoder-small,pico-lm/pico-decoder-small@fe2f1951a2f9a01d14429415f467c91c8a765024,114000,Phon,0.5494281053543091,0.0112359550561797,0.3961394348430207,0.9690916407927485,3.983922719955444,2.7571301460266118,0.5193760934512437,12,46
pico-decoder-small,pico-lm/pico-decoder-small@dde9b48ac9a426d9bc86b1fc423b8241736f6ea3,115000,Phon,0.5064849853515625,0.0223063661265908,0.3874183341065572,0.9704039359414872,3.7970645427703857,2.748756170272827,0.4689907519389077,11,46
pico-decoder-small,pico-lm/pico-decoder-small@eb892260583a7bfbf95a1aecbf60ebc4ee0b8fe2,116000,Phon,0.5069200396537781,0.0148148148148148,0.389978130934121,0.9700109768497652,3.910306215286255,2.7197132110595703,0.4534507804862204,11,46
pico-decoder-small,pico-lm/pico-decoder-small@62d95f269e32053c9fc3638cfe64f8b2f7b23654,117000,Phon,0.5148251056671143,0.0186433624635871,0.4080986950498156,0.9671547509034844,3.8715298175811768,2.6777946949005127,0.4251829080290333,11,46
pico-decoder-small,pico-lm/pico-decoder-small@31ddb818fbb16fbd1caf8ec968855022dd6afc74,118000,Phon,0.5278427600860596,0.011070411070411,0.4009232361392395,0.968211673077434,4.710439682006836,2.666227102279663,0.4643928184033009,12,46
pico-decoder-small,pico-lm/pico-decoder-small@82d2ace20cd9a6db92a58205d7a22f5f6173e7b8,119000,Phon,0.568267822265625,0.0036630036630036,0.3921962207802418,0.9696271904183694,4.534733295440674,2.7748656272888184,0.4940606054619907,12,46
pico-decoder-small,pico-lm/pico-decoder-small@8e25d91566448034f3bb0406ab0045355c528ae7,120000,Phon,0.5393587350845337,0.011070411070411,0.399488563702998,0.9684693685794896,3.79281497001648,2.744497060775757,0.4784923123660418,12,46
pico-decoder-small,pico-lm/pico-decoder-small@8a2f1db72ebb1ce87faaf75ea1db7910f308be65,121000,Phon,0.5515945553779602,0.0074074074074074,0.3907960045213937,0.9697789575848592,3.7547667026519775,2.679853916168213,0.4184614293786323,12,46
pico-decoder-small,pico-lm/pico-decoder-small@e197ddf7837d73cb367f53e1dd174a4745892831,122000,Phon,0.5169715881347656,0.011070411070411,0.3983982173372104,0.9686683616471236,3.856544733047485,2.6719841957092285,0.400228433353695,11,46
pico-decoder-small,pico-lm/pico-decoder-small@51a1f29ffaf81f8b5d071b1858b6ac094aca1b30,123000,Phon,0.5446792840957642,0.011070411070411,0.3917665920132008,0.9697502179468278,3.748783588409424,2.680794715881348,0.4452395885974978,11,46
pico-decoder-small,pico-lm/pico-decoder-small@c2d4754b377c202474754e86b41f1321342ad24a,124000,Phon,0.5282451510429382,0.011070411070411,0.3985693939175829,0.9686301931765888,3.890351295471192,2.6430790424346924,0.4312109818545598,11,46
pico-decoder-small,pico-lm/pico-decoder-small@ef21ca419b33425716396ead8c1e60e01f301271,125000,Phon,0.5172619819641113,0.0073260073260073,0.405192448320872,0.9678961067359536,3.7632672786712646,2.626338243484497,0.4773496297406359,11,46
pico-decoder-small,pico-lm/pico-decoder-small@a8294defc7001e32644ce53dbcb87ef35587ff22,0,Plaus,0.5897008180618286,0.0,0.4136077010118351,0.9663844808783476,4.642966747283936,3.235695600509644,0.5022694387011261,12,46
pico-decoder-small,pico-lm/pico-decoder-small@5e3d06988f3cc3adbf36b55cd8b1ddb3ae9f9bde,1000,Plaus,0.5592225193977356,0.0,0.4214496871196337,0.9650267817025884,4.832564830780029,2.9303009510040283,0.3374615294136637,12,46
pico-decoder-small,pico-lm/pico-decoder-small@9f1ca389bbb1cc08b42a32bfe58fb818b24b3490,2000,Plaus,0.526520311832428,0.0,0.4137680826630419,0.9664435862376952,4.358953475952148,2.83868145942688,0.394013416643909,12,46
pico-decoder-small,pico-lm/pico-decoder-small@f2269f20ce160cf71bea0a02ccf685e126dd2dc1,3000,Plaus,0.5408920049667358,0.0,0.4213893941040967,0.9652220894236766,3.978126049041748,3.0195116996765137,0.4516415204642897,12,46
pico-decoder-small,pico-lm/pico-decoder-small@10da1c98e1cd32fc61ab4ced31075c08cf699861,4000,Plaus,0.5578271150588989,0.0036630036630036,0.4146763667052142,0.9661332829492312,3.845259428024292,3.0089211463928223,0.4768383816649104,11,46
pico-decoder-small,pico-lm/pico-decoder-small@be2865b50166a683e659f4a1f99e058c77288911,5000,Plaus,0.5619478225708008,0.0073260073260073,0.4230739730357795,0.964751595681212,4.877161502838135,3.224013566970825,0.4274326766847313,12,46
pico-decoder-small,pico-lm/pico-decoder-small@496ea4785860af671e895085f1bcdc3bff2f9d97,6000,Plaus,0.5919811725616455,0.0036630036630036,0.414767388346399,0.9661914935608646,4.137825012207031,3.0847039222717285,0.5209308557445387,12,46
pico-decoder-small,pico-lm/pico-decoder-small@c5bddf28e9cfbede4fe480513c4a3487279f7d47,7000,Plaus,0.5702453851699829,0.0073260073260073,0.4138688158517042,0.9663199788781088,3.937092304229736,3.046910047531128,0.4944111029297335,12,46
pico-decoder-small,pico-lm/pico-decoder-small@9fe9969ca88ccf3b71599f85000ce082bf854421,8000,Plaus,0.5704522728919983,0.0,0.4147380306672804,0.9661510618003948,4.25782585144043,2.9994983673095703,0.5249424392649336,12,46
pico-decoder-small,pico-lm/pico-decoder-small@8335f55c1bf51378b17a73d527c39899546e2d5b,9000,Plaus,0.5407083630561829,0.0147334147334147,0.4145205340755317,0.9663010586380236,3.850996732711792,2.867884874343872,0.5011938740564724,12,46
pico-decoder-small,pico-lm/pico-decoder-small@8ce4e4fa15c0cec038fcb9f29d30cc50bac60a3d,10000,Plaus,0.5437366962432861,0.0036630036630036,0.4188515467098986,0.9654874161212766,4.163416862487793,2.8838181495666504,0.5140365201228855,12,46
pico-decoder-small,pico-lm/pico-decoder-small@3261da23d1d8811f9a32b69d6d6b9a17ca82fcd0,11000,Plaus,0.5352547764778137,0.0,0.4140881355015898,0.9663995641834008,3.504064083099365,2.827197313308716,0.5673364605685439,12,46
pico-decoder-small,pico-lm/pico-decoder-small@a6a20b8103a7cdacefa2bb78dee23c516ad6e78e,12000,Plaus,0.5008916854858398,0.011070411070411,0.4146770910771432,0.9662059256451108,3.6910905838012695,2.787539005279541,0.551484081562879,12,46
pico-decoder-small,pico-lm/pico-decoder-small@c2395fd6ba7da947893c62b8169b47a83345153b,13000,Plaus,0.4984404742717743,0.0074074074074074,0.4184451867354401,0.9656404958674512,3.499656438827514,2.666337728500366,0.4668062900418617,11,46
pico-decoder-small,pico-lm/pico-decoder-small@6dc7fa92550aabc62d659674176bda49750efe64,14000,Plaus,0.5193434953689575,0.0036630036630036,0.4178836091355722,0.9656336928673552,3.489844799041748,2.772808790206909,0.4863038041766727,12,46
pico-decoder-small,pico-lm/pico-decoder-small@d1c60a45e64f88520c2cd94890471321a15410bf,15000,Plaus,0.5687581896781921,0.0074074074074074,0.4163166350737319,0.9659866492934028,3.834622621536255,2.816524028778076,0.40755453424067,11,46
pico-decoder-small,pico-lm/pico-decoder-small@cbb63c23390c0d43e0d6dfaa0c69aed19778fa74,16000,Plaus,0.5625786781311035,0.0,0.4163920511895502,0.9658751160091268,4.056329250335693,2.9168038368225098,0.4778652424851315,12,46
pico-decoder-small,pico-lm/pico-decoder-small@a4f386c7a4155bfab638b897e60bc656a82e6a4f,17000,Plaus,0.4886861443519592,0.0147334147334147,0.4196340762282809,0.9654536268687816,4.23616361618042,2.9111082553863525,0.4499809211164244,12,46
pico-decoder-small,pico-lm/pico-decoder-small@9b68d0ee8ceef680cc668de7d4560f7d8d311e42,18000,Plaus,0.5106161832809448,0.0073260073260073,0.4180378912334567,0.9656705277380008,4.119577884674072,2.7967216968536377,0.5004590853607428,12,46
pico-decoder-small,pico-lm/pico-decoder-small@a161849d9bc2ecbb0bc6095f0fe9fa54a03b14ce,19000,Plaus,0.5182636380195618,0.0148989587191834,0.4188485501161221,0.9655472653734444,3.517685413360596,2.776873588562012,0.4997837107935543,12,46
pico-decoder-small,pico-lm/pico-decoder-small@082423f29dc36ca1b544cb85c655531783bb8985,20000,Plaus,0.5353167653083801,0.011070411070411,0.4192279826423153,0.9655246866054112,3.828768730163574,2.75245213508606,0.5457091057764433,11,46
pico-decoder-small,pico-lm/pico-decoder-small@62236c27ddef441fc85ceabb80793b680397d2f4,21000,Plaus,0.5256873965263367,0.0,0.4189587404886713,0.9656640358975326,4.1383867263793945,2.6871469020843506,0.4583599772260391,12,46
pico-decoder-small,pico-lm/pico-decoder-small@457283267b592ffd80ca1a4ede807a4a5606a7f4,22000,Plaus,0.5289583802223206,0.0,0.4161378578656921,0.9659099271128216,3.572716474533081,2.76098895072937,0.4686361029411051,12,46
pico-decoder-small,pico-lm/pico-decoder-small@542883f65bdcba033a9c80f753fdd6f6829cb7e7,23000,Plaus,0.539722204208374,0.0036630036630036,0.4154942862543769,0.96612495434905,3.8424923419952393,2.810410261154175,0.4756770638200171,11,46
pico-decoder-small,pico-lm/pico-decoder-small@bbc3997ae0773f6e0f145401283a22dced84175c,24000,Plaus,0.5502333641052246,0.0036630036630036,0.4196227040564387,0.9653100557926436,4.076871871948242,2.7671566009521484,0.5180882000503446,12,46
pico-decoder-small,pico-lm/pico-decoder-small@8316a2db89b6a337de59490bec6e6ed79275e85f,25000,Plaus,0.5226718783378601,0.0073260073260073,0.4150584596698958,0.96598380093244,3.7946619987487793,2.790148973464966,0.4502433681331125,11,46
pico-decoder-small,pico-lm/pico-decoder-small@b2ff4ecd5fdb6684736075b48a28007f425925d5,26000,Plaus,0.5520158410072327,0.0073260073260073,0.4159212177510972,0.9659616406321756,3.992752313613892,2.783277750015259,0.4860220142983114,12,46
pico-decoder-small,pico-lm/pico-decoder-small@d0bf4c35052d4efe8b11ad72cf76ba92d8837271,27000,Plaus,0.566173255443573,0.0,0.4188346241664791,0.9654797864947156,3.802497625350952,2.764482259750366,0.4704518352403104,12,46
pico-decoder-small,pico-lm/pico-decoder-small@c5fe4eaa6e28635b04a285d9d63224a7013711d4,28000,Plaus,0.5482584834098816,0.0036630036630036,0.4128492050672754,0.9663649298322656,4.651883125305176,2.805206537246704,0.5303301115295782,11,46
pico-decoder-small,pico-lm/pico-decoder-small@574194afaad5aebab0de6f7ec3ebd45241ba9f36,29000,Plaus,0.5877119898796082,0.0036630036630036,0.4150773386259812,0.9660535451726672,3.9152286052703857,2.7746596336364746,0.4978329925571595,12,46
pico-decoder-small,pico-lm/pico-decoder-small@4e76d0f5009af59c7519cc564d83ccb252becc09,30000,Plaus,0.5362061262130737,0.0,0.4166596024626123,0.9657781962523848,3.773350477218628,2.724174737930298,0.4412005072943921,11,46
pico-decoder-small,pico-lm/pico-decoder-small@63e4f365e97340e8419c8d14c3479eab48b41672,31000,Plaus,0.5771955251693726,0.0036630036630036,0.415339517463057,0.9661730193394052,3.9077959060668954,2.824963092803955,0.412943006781113,12,46
pico-decoder-small,pico-lm/pico-decoder-small@8c1e326d52a990b3ef622fa0187927b4c3c8b198,32000,Plaus,0.5301851630210876,0.0036630036630036,0.4197178543741203,0.96553076958292,3.7452566623687744,2.6906912326812744,0.4538279607062811,12,46
pico-decoder-small,pico-lm/pico-decoder-small@5087b4b665fc374f51db109f5832fccfa45038ed,33000,Plaus,0.5794384479522705,0.0,0.4158124701445722,0.9661149975419402,3.8363447189331055,2.775880813598633,0.4487140022845183,12,46
pico-decoder-small,pico-lm/pico-decoder-small@1b37af2dca833f47e09a88bc07d1b193eb75b975,34000,Plaus,0.5713379979133606,0.0,0.4220671219359892,0.9651674675188002,3.860197067260742,2.8313863277435303,0.52450370636643,12,46
pico-decoder-small,pico-lm/pico-decoder-small@f84a2138adf461f090569b0490e077e154d5692a,35000,Plaus,0.5390962362289429,0.0036630036630036,0.4200046915990988,0.9654261793798768,4.075100421905518,2.7972006797790527,0.4694746343133891,12,46
pico-decoder-small,pico-lm/pico-decoder-small@a5edb37d58f3dac4abc7615fe9f16119c9719363,36000,Plaus,0.5551086068153381,0.0036630036630036,0.4186900382626843,0.9656300633848196,4.046095848083496,2.765955686569214,0.5084634928858758,12,46
pico-decoder-small,pico-lm/pico-decoder-small@ad19a8ed94822569698ab34f7cbdb71a73e75edb,37000,Plaus,0.5185292363166809,0.0036630036630036,0.4202722079461531,0.9654643543750514,3.825310230255127,2.805590867996216,0.5034302964979195,12,46
pico-decoder-small,pico-lm/pico-decoder-small@6ffc4bc90cff1f5d9492cc62aa823b2f31820dec,38000,Plaus,0.589478611946106,0.0074074074074074,0.4161667153401621,0.9660379859949656,3.659893751144409,2.8303229808807373,0.4509876636291544,12,46
pico-decoder-small,pico-lm/pico-decoder-small@2be3f69fedc1c81a1c9dee69aecdfbb30a7ed07b,39000,Plaus,0.5789334774017334,0.011070411070411,0.4239466285915731,0.9647115584839568,3.910741090774536,2.896162271499634,0.5623973685073951,11,46
pico-decoder-small,pico-lm/pico-decoder-small@89ce452106683eb2c3d635f0b06d00b4836a270d,40000,Plaus,0.5625128149986267,0.0036630036630036,0.42275878946467,0.9649561127674258,3.817166805267334,2.869685649871826,0.4875144161299495,12,46
pico-decoder-small,pico-lm/pico-decoder-small@fb21f9a6029769e4fde8c343509be2fc23d627f8,41000,Plaus,0.5979164838790894,0.0109890109890109,0.4211291826947343,0.9651843681450792,3.865087747573853,2.945863723754883,0.4783054087716378,12,46
pico-decoder-small,pico-lm/pico-decoder-small@3b04367b1f9f520d1eb5dc4b1d62222a11574175,42000,Plaus,0.5722528100013733,0.0036630036630036,0.4202996737206564,0.9652763524875092,3.941686630249024,2.8403754234313965,0.4505486220723105,12,46
pico-decoder-small,pico-lm/pico-decoder-small@a8fcdde6a31d48184ff170362f4802ba6f7c825b,43000,Plaus,0.5540544986724854,0.0036630036630036,0.4238997409809262,0.9646797284921332,4.049617767333984,2.802682876586914,0.4533809417510488,12,46
pico-decoder-small,pico-lm/pico-decoder-small@42a2d16068cea73c52aa94a34fd039b076c656d2,44000,Plaus,0.6111095547676086,0.0036630036630036,0.4236588667182682,0.964833498899697,3.93234658241272,2.896768093109131,0.5173614636179131,12,46
pico-decoder-small,pico-lm/pico-decoder-small@9b211dca4e657296153efe83773900826fe138d5,45000,Plaus,0.5992997288703918,0.0036630036630036,0.4265746126421434,0.9643359335587252,3.83327054977417,2.907057285308838,0.4982209897255211,11,46
pico-decoder-small,pico-lm/pico-decoder-small@8866040c1a6ead0d48bd6a4f6ff9046c778670fa,46000,Plaus,0.6195849180221558,0.0,0.4247396419274385,0.9645116216337632,4.585895538330078,2.942014217376709,0.4816643697388075,12,46
pico-decoder-small,pico-lm/pico-decoder-small@2c39df607c549d2902ed46ce83a2e6630df09d90,47000,Plaus,0.5380119681358337,0.0073260073260073,0.421843687592433,0.965146890133598,4.153306007385254,2.895873069763184,0.4960313692080424,12,46
pico-decoder-small,pico-lm/pico-decoder-small@e2f848f2a712b27ddfebe48ddc4dd6258de6df59,48000,Plaus,0.5798560976982117,0.0,0.4231505845275133,0.96479369347169,4.179277896881104,2.911677837371826,0.5601916312229607,12,46
pico-decoder-small,pico-lm/pico-decoder-small@fa46e0b2c4bcc53653b39cd684396f35c777aead,49000,Plaus,0.5734928250312805,0.0036630036630036,0.4203623665670417,0.9652784781019343,4.171687126159668,2.90271520614624,0.5050016966254314,12,46
pico-decoder-small,pico-lm/pico-decoder-small@1c1daa1853e150e7a21ae4af47574da037fbb206,50000,Plaus,0.5855540037155151,0.0,0.424614061964172,0.9645872630543438,4.000840187072754,2.905897617340088,0.5062033101397972,12,46
pico-decoder-small,pico-lm/pico-decoder-small@7aa7c5e89a41da940802066eaa61d34d72089434,51000,Plaus,0.5726917386054993,0.0036630036630036,0.4215153069609648,0.9651465025718196,4.009248733520508,2.8726985454559326,0.4871479069086311,12,46
pico-decoder-small,pico-lm/pico-decoder-small@9213448a01fde86281f3df23d6846b5c31f86998,52000,Plaus,0.5866909623146057,0.0,0.42180433683019,0.9650810773183872,4.028373718261719,2.833794593811035,0.4258239729119859,12,46
pico-decoder-small,pico-lm/pico-decoder-small@41f9cd78186e1fbaf4b6b2164f52331d4ef4c15e,53000,Plaus,0.6037801504135132,0.0,0.4236856758383534,0.9646572256512612,3.947596549987793,2.8608875274658203,0.4575323366291753,12,46
pico-decoder-small,pico-lm/pico-decoder-small@f4454c4dd5fa26693e9755fbac1a1f6aa12f6c37,54000,Plaus,0.6080539226531982,0.0,0.423112890970644,0.9649432375127353,4.33669376373291,2.8889451026916504,0.493366360168117,12,46
pico-decoder-small,pico-lm/pico-decoder-small@497f4bdf16cbdcb120415cd944d84b34d1fef37a,55000,Plaus,0.6091676354408264,0.0,0.4234688371165032,0.9648103579160964,4.198152542114258,2.9571354389190674,0.548680499411163,12,46
pico-decoder-small,pico-lm/pico-decoder-small@79119d3d39e86e4f4fdd14e0de769ebbba87b4c1,56000,Plaus,0.6112501621246338,0.0,0.4207764880092858,0.9652564589583048,4.74311637878418,2.9721832275390625,0.4841852234232615,12,46
pico-decoder-small,pico-lm/pico-decoder-small@1e0aa9e9184e67611fe6a3fe7e0d301e199367b4,57000,Plaus,0.5975165367126465,0.0036630036630036,0.4155021995802939,0.9661064822848912,4.782904624938965,2.995441198348999,0.4866436088064105,12,46
pico-decoder-small,pico-lm/pico-decoder-small@12cffd4abfebe78cd4df44f368d49ae2aec28999,58000,Plaus,0.6000595092773438,0.0036630036630036,0.4153557202852789,0.9661519078254888,4.293402194976807,2.881685733795166,0.492942322949274,12,46
pico-decoder-small,pico-lm/pico-decoder-small@88752c656e1478698735820b50bc1648b43897bc,59000,Plaus,0.5922940373420715,0.0,0.4194022344728693,0.9653887127767202,4.446094989776611,2.9102272987365723,0.5296699753060042,12,46
pico-decoder-small,pico-lm/pico-decoder-small@ef0c2a9858930c1b946d7fd3ec94d87a30fb6316,60000,Plaus,0.6140784621238708,0.0036630036630036,0.4215112335494114,0.9651539584028264,4.148293972015381,2.8800785541534424,0.5681771077075428,12,46
pico-decoder-small,pico-lm/pico-decoder-small@2adfdbab6dd63824aeb0c5b7f40693509b21f72e,61000,Plaus,0.611616849899292,0.0,0.4222622089918779,0.9650663855894016,3.964699029922485,2.826343059539795,0.5618462890174142,12,46
pico-decoder-small,pico-lm/pico-decoder-small@8f2f5e9d39b7ef2738d2ddfa5002e690090afb1b,62000,Plaus,0.5876104831695557,0.0036630036630036,0.4187779280017822,0.9655757919469125,4.193687915802002,2.825634479522705,0.5235585127624796,12,46
pico-decoder-small,pico-lm/pico-decoder-small@27a605b8a3168bf13fde7e4903edf05011890db5,63000,Plaus,0.5897271037101746,0.0036630036630036,0.4176738032577848,0.9658057700730296,4.120918273925781,2.8779358863830566,0.5309655348104879,12,46
pico-decoder-small,pico-lm/pico-decoder-small@64faca95211d12573bc85e90ab9b9346d61f571c,64000,Plaus,0.588706374168396,0.0036630036630036,0.4231340938143895,0.9649052233190328,3.842118740081787,2.843981504440308,0.5097056399832561,12,46
pico-decoder-small,pico-lm/pico-decoder-small@04de7a38c9b974bc56e59c77ce6289b59ac333a3,65000,Plaus,0.5658650398254395,0.0,0.4221301655086538,0.9650414306402212,3.836062908172608,2.78948974609375,0.4893318454192646,12,46
pico-decoder-small,pico-lm/pico-decoder-small@0a060522b26b84154fe744cff68debc60a62771b,66000,Plaus,0.565386950969696,0.0036630036630036,0.4211716272109499,0.9652093690246676,3.710917234420776,2.8070502281188965,0.4744613950726418,12,46
pico-decoder-small,pico-lm/pico-decoder-small@96a66aee1fd9e46f20ddd7b0e811fbcd6761cd3b,67000,Plaus,0.5705694556236267,0.0,0.4242967879130505,0.9647295535324434,3.701026916503906,2.863288640975952,0.5379552499884525,12,46
pico-decoder-small,pico-lm/pico-decoder-small@e7396619711d862dc1bed1a5f5797fb2b5cc9768,68000,Plaus,0.5687500834465027,0.0036630036630036,0.4232694119224526,0.9649245158195858,4.0388898849487305,2.890707492828369,0.493948132650803,12,46
pico-decoder-small,pico-lm/pico-decoder-small@ba3a7a617ab159a7fcbc81cd6ffb20319f00199a,69000,Plaus,0.5914410352706909,0.0036630036630036,0.4228354524200469,0.9649197473896982,4.01963996887207,2.9395177364349365,0.5437212484576649,12,46
pico-decoder-small,pico-lm/pico-decoder-small@63bfd31a42bdd16864908136aa5cce931810bb58,70000,Plaus,0.5845281481742859,0.0036630036630036,0.4232802716081012,0.9647754907245,3.888234853744507,2.859725952148437,0.4818973041714769,12,46
pico-decoder-small,pico-lm/pico-decoder-small@5e0a9fbd93f2dbafe06c6cb20fa5521f766270e0,71000,Plaus,0.601353645324707,0.0036630036630036,0.4274182122356851,0.964078203397064,3.69758939743042,2.9111227989196777,0.4831328862255102,11,46
pico-decoder-small,pico-lm/pico-decoder-small@4b4e4304ce873cafd39ac997ad47e16ec2d5d76d,72000,Plaus,0.6054770350456238,0.0,0.420472997745973,0.9653344340798892,3.5200600624084477,2.8620760440826416,0.5275973750983519,11,46
pico-decoder-small,pico-lm/pico-decoder-small@f2bf3399e04924384ec7ea3acb5440318247824d,73000,Plaus,0.5950103998184204,0.0036630036630036,0.4215496416484721,0.9652065140399232,3.9395267963409424,3.026517868041992,0.5563760446642276,11,46
pico-decoder-small,pico-lm/pico-decoder-small@81c21ab4b67c2a986c2c4a8771db3b328075f9ca,74000,Plaus,0.581383228302002,0.0,0.4215868247350634,0.9651686510025252,3.856744527816773,2.8925764560699463,0.5031226325135059,11,46
pico-decoder-small,pico-lm/pico-decoder-small@67737816c3793c77c33cd993cb625dfe02f5dba2,75000,Plaus,0.5734184980392456,0.0036630036630036,0.423469512391646,0.964840572352703,3.9532177448272714,2.972383499145508,0.500318468911816,11,46
pico-decoder-small,pico-lm/pico-decoder-small@cd3c66fe9f41cb98971992c1c48e0000704daae7,76000,Plaus,0.5589962005615234,0.0036630036630036,0.4204947257179628,0.9652888208750058,3.4759817123413086,2.9026083946228027,0.4898503553073434,11,46
pico-decoder-small,pico-lm/pico-decoder-small@8bc1f96e0ab394e6d9396f9105337a8ee9281b02,77000,Plaus,0.5678657293319702,0.0,0.4158936347508417,0.9660760963634264,3.637457609176636,2.955652236938477,0.5342438225785593,11,46
pico-decoder-small,pico-lm/pico-decoder-small@54681b82e00ed8da204a8f5e199732edcd50c540,78000,Plaus,0.5762977600097656,0.0074074074074074,0.4150242534658994,0.966310398857164,3.9453439712524414,2.862480401992798,0.4731001878761534,11,46
pico-decoder-small,pico-lm/pico-decoder-small@9f79f048c9629723d93a9c6d020fad45ecd81ebb,79000,Plaus,0.5522280931472778,0.0147334147334147,0.4193252720932785,0.9654825578881931,3.692609071731568,2.9909207820892334,0.5315809972027125,11,46
pico-decoder-small,pico-lm/pico-decoder-small@a8eea15ae0deddaf3beced3d114c9bc8ed9a25e5,80000,Plaus,0.5501064658164978,0.0036630036630036,0.414843454460051,0.9663382493193402,3.963155746459961,2.887477397918701,0.5109776907303458,11,46
pico-decoder-small,pico-lm/pico-decoder-small@8d7bca4dea2e340144c93745d61646c84d35ffdb,81000,Plaus,0.5503186583518982,0.0036630036630036,0.4166416881605897,0.9659920014917732,3.911247491836548,2.845100164413452,0.4861123897423248,11,46
pico-decoder-small,pico-lm/pico-decoder-small@063ab25b24aefd512a554e49853ed6fc32ee9c1b,82000,Plaus,0.5759636759757996,0.0036630036630036,0.4143345943767037,0.9663419967523303,3.822298526763916,2.920234441757202,0.5570634682192851,11,46
pico-decoder-small,pico-lm/pico-decoder-small@d63e823855aefabdb4d0fb89c6cb30f1917edff8,83000,Plaus,0.5756744146347046,0.0036630036630036,0.4207755655038307,0.965262074937821,3.505965232849121,2.883094787597656,0.5376119615721586,11,46
pico-decoder-small,pico-lm/pico-decoder-small@aac007e3728b91b2460f8be94a5ef79547dc60b8,84000,Plaus,0.5596511960029602,0.0036630036630036,0.4197526314288144,0.965356782414168,3.8993542194366455,2.948228597640991,0.5302075621741181,11,46
pico-decoder-small,pico-lm/pico-decoder-small@804cfb5f121020ed666ca55376b9e9f358701d23,85000,Plaus,0.5859028697013855,0.0,0.4194090713413897,0.965576211704915,4.145191192626953,2.976503372192383,0.498381095946335,11,46
pico-decoder-small,pico-lm/pico-decoder-small@938244e11e03da85918d38722414505f45c1ceda,86000,Plaus,0.5507621765136719,0.0036630036630036,0.4197455316944563,0.965380006521236,3.806569814682007,2.951482057571411,0.5047111217118216,11,46
pico-decoder-small,pico-lm/pico-decoder-small@9bd6535d2bbcd3e8e0be555350c1a9abcfa9ef20,87000,Plaus,0.5595575571060181,0.0036630036630036,0.4184043220129857,0.9656749713722556,4.015274524688721,3.0058906078338623,0.5833365834543331,11,46
pico-decoder-small,pico-lm/pico-decoder-small@5e4f19facb03a2fb589181b485fc44570680d8b4,88000,Plaus,0.5382096171379089,0.0073260073260073,0.4222889770862859,0.9649759029753222,3.603061437606812,2.908712863922119,0.571480610677652,11,46
pico-decoder-small,pico-lm/pico-decoder-small@48b3ab14f90bae2930c79eefee13f8548f7a3ac0,89000,Plaus,0.5738608241081238,0.0,0.4182611245123742,0.9657486892378768,3.753986358642578,2.9359781742095947,0.4941030572864043,11,46
pico-decoder-small,pico-lm/pico-decoder-small@a7e691278d2179f7a23f55c82de28f96b4acd2e4,90000,Plaus,0.5712413191795349,0.0036630036630036,0.4138443178793541,0.9664758180193178,3.808877468109131,2.856560468673706,0.4864503457903719,10,46
pico-decoder-small,pico-lm/pico-decoder-small@c025f14d64c01b36a07900656ded25b50f8caafd,91000,Plaus,0.5383396744728088,0.0,0.4206466681036108,0.9652670402361312,3.811988592147827,2.944997310638428,0.5154964906284767,12,46
pico-decoder-small,pico-lm/pico-decoder-small@b3b967e1f18d21573f4a6146c441a2825a5a8f83,92000,Plaus,0.5709341168403625,0.0074074074074074,0.4169044467369562,0.9659357221922784,3.703887939453125,2.9022490978240967,0.4678417502579307,12,46
pico-decoder-small,pico-lm/pico-decoder-small@41ae4009882dd5c1963328961a9ed1964aab8606,93000,Plaus,0.5858121514320374,0.0036630036630036,0.4162186070659314,0.9660496654361794,3.739281892776489,2.9865081310272217,0.4953405721270033,12,46
pico-decoder-small,pico-lm/pico-decoder-small@bfda4783bf178eae55bcebd43810ed9180cbdc63,94000,Plaus,0.5524832010269165,0.0036630036630036,0.4191037474349948,0.9655384686382714,4.324414253234863,2.974548101425171,0.4910453671379562,12,46
pico-decoder-small,pico-lm/pico-decoder-small@94177e145ce01fae74b87897c8260f2f6fe1deb0,95000,Plaus,0.6188302040100098,0.0036630036630036,0.4190112347361017,0.9656082724325132,4.197900772094727,3.008434772491455,0.4874976302888068,12,46
pico-decoder-small,pico-lm/pico-decoder-small@938d2d29f7aba65159e5bdc0ccfbefdc61757005,96000,Plaus,0.580633282661438,0.0,0.415588362549084,0.966150252477944,3.980584144592285,3.008474349975586,0.4688854858606216,12,46
pico-decoder-small,pico-lm/pico-decoder-small@57a25f8bc299440e75e421522b5461ef9addc60f,97000,Plaus,0.6142754554748535,0.0,0.4175034119838431,0.9657206151079974,4.681211948394775,3.0471363067626958,0.4694433519142427,11,46
pico-decoder-small,pico-lm/pico-decoder-small@2b2b81f5b793cfe7595f1880023e3199b0ca4d01,98000,Plaus,0.5889250636100769,0.0,0.4175358880959148,0.9658167290540304,3.8412766456604,2.9450020790100098,0.4776208803595858,11,46
pico-decoder-small,pico-lm/pico-decoder-small@a014170484f226c32a449440e37684a5138bffea,99000,Plaus,0.577589213848114,0.0,0.416786734490248,0.9659672566538628,4.806313991546631,2.9144551753997803,0.455903232478208,12,46
pico-decoder-small,pico-lm/pico-decoder-small@912032713d1ca4f482ce957408afca3e5a267267,100000,Plaus,0.5846238732337952,0.0036630036630036,0.4201457704738371,0.9653968867207744,4.616329193115234,2.938241004943848,0.5400342258766515,12,46
pico-decoder-small,pico-lm/pico-decoder-small@0405a0c52b2083efba346cb0195a2684e628b1af,101000,Plaus,0.60405033826828,0.0,0.4206200144766543,0.9652917474307858,4.4989776611328125,3.003521203994751,0.5574654770787378,12,46
pico-decoder-small,pico-lm/pico-decoder-small@a29b66f6847b3a1ec6358c6bdf5686f8db25e228,102000,Plaus,0.6010074615478516,0.0036630036630036,0.4179348184661761,0.9658811694474656,4.389620780944824,2.927091598510742,0.5048798404892658,11,46
pico-decoder-small,pico-lm/pico-decoder-small@b6e1c3f17ee3de24e5563176b76cde040230086b,103000,Plaus,0.5766155123710632,0.0,0.4191875947493907,0.9656554323695312,4.111695766448975,2.959354877471924,0.5095646496141898,12,46
pico-decoder-small,pico-lm/pico-decoder-small@fd779f78578d7ce2eb7316f95b1536f35f90d660,104000,Plaus,0.5901070833206177,0.0,0.4195076326102533,0.965559515733212,4.567081451416016,2.9731147289276123,0.4954220560104014,12,46
pico-decoder-small,pico-lm/pico-decoder-small@2a9ae447eace88eb5c4be50d7b3c867cbd1a9a7e,105000,Plaus,0.5674028992652893,0.0,0.4209077691370493,0.9652994402562254,4.438130855560303,2.956836462020874,0.4979609117778221,11,46
pico-decoder-small,pico-lm/pico-decoder-small@36d78ffabfbf506523a459e2116bbc012c1adab7,106000,Plaus,0.5558258891105652,0.0,0.4240938507328697,0.9647336803824718,3.841230154037476,2.9406731128692627,0.4883524533981963,12,46
pico-decoder-small,pico-lm/pico-decoder-small@3f9b3375f2ae4b81043ba582d1b2ec8bc15a04e1,107000,Plaus,0.5845152735710144,0.0,0.4196561061465287,0.9655706935646056,3.9448413848876953,2.9586243629455566,0.4751545819678659,12,46
pico-decoder-small,pico-lm/pico-decoder-small@00c972e3e00659382b3fe4f9d9f634ebbd9833c1,108000,Plaus,0.5564385652542114,0.0036630036630036,0.4194554112689121,0.9655084815714552,4.3368730545043945,2.9628634452819824,0.5069043057457355,12,46
pico-decoder-small,pico-lm/pico-decoder-small@076cdde7affce35bd2bad3498e51f33f575aaddb,109000,Plaus,0.5526467561721802,0.0073260073260073,0.4177854556657549,0.9657791464575955,4.949481010437012,2.9635374546051025,0.4935794016219392,12,46
pico-decoder-small,pico-lm/pico-decoder-small@1f7f52ddf73285dd5484e753c1740cc68df81b76,110000,Plaus,0.5634862780570984,0.0,0.4196063776891308,0.9654541347603566,4.088572502136231,2.924877405166626,0.481560381212542,12,46
pico-decoder-small,pico-lm/pico-decoder-small@a801b2ab639f60dbd4ebfe264aab726255eb2877,111000,Plaus,0.5602579116821289,0.0,0.4180883593378308,0.9656903289973108,4.3150835037231445,2.917165279388428,0.4994221476413376,12,46
pico-decoder-small,pico-lm/pico-decoder-small@197b11d764b16772e54f2cbbfab17581cbdb9b59,112000,Plaus,0.5639721751213074,0.0,0.418290867720098,0.9656315728399056,3.949503183364868,2.868125915527344,0.4787864099816383,12,46
pico-decoder-small,pico-lm/pico-decoder-small@0ff198943f69ee08bd0b54c8ab55d364ce931a26,113000,Plaus,0.5462008118629456,0.0074074074074074,0.4231476381350065,0.964898572675856,4.408873081207275,2.909240961074829,0.4815644199834027,11,46
pico-decoder-small,pico-lm/pico-decoder-small@fe2f1951a2f9a01d14429415f467c91c8a765024,114000,Plaus,0.5567523241043091,0.0036630036630036,0.4161475330953449,0.96614475973394,3.999409675598145,2.902949094772339,0.4442987165168964,12,46
pico-decoder-small,pico-lm/pico-decoder-small@dde9b48ac9a426d9bc86b1fc423b8241736f6ea3,115000,Plaus,0.5802213549613953,0.0073260073260073,0.4157986321626698,0.9661168171379751,4.47015905380249,2.923492193222046,0.4303650536399901,12,46
pico-decoder-small,pico-lm/pico-decoder-small@eb892260583a7bfbf95a1aecbf60ebc4ee0b8fe2,116000,Plaus,0.5741982460021973,0.0036630036630036,0.4146500570106277,0.9662100205972212,4.049026012420654,2.981384038925171,0.4486038726687958,12,46
pico-decoder-small,pico-lm/pico-decoder-small@62d95f269e32053c9fc3638cfe64f8b2f7b23654,117000,Plaus,0.5796709656715393,0.0,0.4180603298958634,0.9657641187733162,4.1180925369262695,2.927806615829468,0.4347476720487208,12,46
pico-decoder-small,pico-lm/pico-decoder-small@31ddb818fbb16fbd1caf8ec968855022dd6afc74,118000,Plaus,0.5799914598464966,0.0036630036630036,0.4154665981526947,0.9661448299096947,4.215728282928467,2.9753918647766118,0.4531464020792089,12,46
pico-decoder-small,pico-lm/pico-decoder-small@82d2ace20cd9a6db92a58205d7a22f5f6173e7b8,119000,Plaus,0.5697250962257385,0.0,0.4124616371951392,0.9666376694440468,4.071899890899658,2.919447898864746,0.4339298534573088,12,46
pico-decoder-small,pico-lm/pico-decoder-small@8e25d91566448034f3bb0406ab0045355c528ae7,120000,Plaus,0.5649383068084717,0.0,0.4144496169678581,0.9663752618539936,4.180831432342529,2.9074649810791016,0.43510483733734,12,46
pico-decoder-small,pico-lm/pico-decoder-small@8a2f1db72ebb1ce87faaf75ea1db7910f308be65,121000,Plaus,0.5906468033790588,0.0,0.4156035303788656,0.9661203631879616,4.371927261352539,2.9248414039611816,0.4339348199291089,12,46
pico-decoder-small,pico-lm/pico-decoder-small@e197ddf7837d73cb367f53e1dd174a4745892831,122000,Plaus,0.6001906394958496,0.0,0.4154239830695676,0.9661114765650208,4.40191125869751,2.9082674980163574,0.4518781934574807,12,46
pico-decoder-small,pico-lm/pico-decoder-small@51a1f29ffaf81f8b5d071b1858b6ac094aca1b30,123000,Plaus,0.5746657848358154,0.0,0.4132078918797822,0.9663910591329322,4.293382167816162,2.899132013320923,0.4443383274515724,12,46
pico-decoder-small,pico-lm/pico-decoder-small@c2d4754b377c202474754e86b41f1321342ad24a,124000,Plaus,0.5889022946357727,0.0036630036630036,0.4149987802407739,0.96605841869438,4.35678243637085,2.925077438354492,0.451606414852902,12,46
pico-decoder-small,pico-lm/pico-decoder-small@ef21ca419b33425716396ead8c1e60e01f301271,125000,Plaus,0.581673800945282,0.0036630036630036,0.4123290518605682,0.9665492242949456,4.394553184509277,2.9022552967071533,0.4303309958684652,12,46
pico-decoder-small,pico-lm/pico-decoder-small@a8294defc7001e32644ce53dbcb87ef35587ff22,0,Sem,0.5189951062202454,0.0036630036630036,0.4208773089703579,0.96539356799584,3.415717124938965,2.664170503616333,0.4796644500126522,12,46
pico-decoder-small,pico-lm/pico-decoder-small@5e3d06988f3cc3adbf36b55cd8b1ddb3ae9f9bde,1000,Sem,0.5722379088401794,0.0036630036630036,0.4181166126314828,0.9657738102132188,4.18558406829834,2.8061411380767822,0.6003943008225353,12,46
pico-decoder-small,pico-lm/pico-decoder-small@9f1ca389bbb1cc08b42a32bfe58fb818b24b3490,2000,Sem,0.564145028591156,0.0,0.4168381075109793,0.9659460227498432,3.203099012374878,2.597398042678833,0.4928378394041297,12,46
pico-decoder-small,pico-lm/pico-decoder-small@f2269f20ce160cf71bea0a02ccf685e126dd2dc1,3000,Sem,0.5531457662582397,0.0036630036630036,0.4129493857141378,0.9667219467322672,3.992865562438965,2.759131908416748,0.5385913443829314,12,46
pico-decoder-small,pico-lm/pico-decoder-small@10da1c98e1cd32fc61ab4ced31075c08cf699861,4000,Sem,0.5745408535003662,0.0,0.4133167733416354,0.9666025915693646,4.095146656036377,2.824662685394287,0.6218947627381665,12,46
pico-decoder-small,pico-lm/pico-decoder-small@be2865b50166a683e659f4a1f99e058c77288911,5000,Sem,0.5567077398300171,0.0036630036630036,0.4074569716078471,0.9673483345447148,3.541851043701172,2.684526205062866,0.427445374515956,11,46
pico-decoder-small,pico-lm/pico-decoder-small@496ea4785860af671e895085f1bcdc3bff2f9d97,6000,Sem,0.4932907819747925,0.0036630036630036,0.4091483042866493,0.9671987073867342,3.579779624938965,2.696368932723999,0.4943434244577901,12,46
pico-decoder-small,pico-lm/pico-decoder-small@c5bddf28e9cfbede4fe480513c4a3487279f7d47,7000,Sem,0.5320967435836792,0.0,0.4138831898830218,0.9663199612741828,4.454987049102783,2.820131301879883,0.5165288363240301,12,46
pico-decoder-small,pico-lm/pico-decoder-small@9fe9969ca88ccf3b71599f85000ce082bf854421,8000,Sem,0.5222265124320984,0.0,0.4104657541960231,0.966956398288314,4.038342952728272,2.772608995437622,0.5156591748585244,12,46
pico-decoder-small,pico-lm/pico-decoder-small@8335f55c1bf51378b17a73d527c39899546e2d5b,9000,Sem,0.5383481979370117,0.0073260073260073,0.4104796517239062,0.9669342995044496,3.7955708503723145,2.871535539627075,0.5269089947696018,11,46
pico-decoder-small,pico-lm/pico-decoder-small@8ce4e4fa15c0cec038fcb9f29d30cc50bac60a3d,10000,Sem,0.5305633544921875,0.0036630036630036,0.4203190498841351,0.9654046785000656,3.856333732604981,2.7879738807678223,0.4722593633371882,12,46
pico-decoder-small,pico-lm/pico-decoder-small@3261da23d1d8811f9a32b69d6d6b9a17ca82fcd0,11000,Sem,0.5442561507225037,0.0036630036630036,0.4105562492072546,0.9669220531708536,3.683488368988037,2.8455488681793213,0.4758237663913986,12,46
pico-decoder-small,pico-lm/pico-decoder-small@a6a20b8103a7cdacefa2bb78dee23c516ad6e78e,12000,Sem,0.5119935274124146,0.011070411070411,0.4072019899828024,0.9673783390277856,3.8840019702911377,2.8283181190490723,0.5669088436091935,12,46
pico-decoder-small,pico-lm/pico-decoder-small@c2395fd6ba7da947893c62b8169b47a83345153b,13000,Sem,0.5245498418807983,0.0074074074074074,0.4140506553860631,0.9663749166203448,3.767099142074585,2.776152372360229,0.5594416489065647,11,46
pico-decoder-small,pico-lm/pico-decoder-small@6dc7fa92550aabc62d659674176bda49750efe64,14000,Sem,0.530504584312439,0.0073260073260073,0.4150791787073586,0.9661910087687642,4.097275733947754,2.8259735107421875,0.5452132688409359,12,46
pico-decoder-small,pico-lm/pico-decoder-small@d1c60a45e64f88520c2cd94890471321a15410bf,15000,Sem,0.5195826888084412,0.011070411070411,0.4163081802772867,0.9659798163325845,3.622371435165405,2.644286155700684,0.5285525641780218,12,46
pico-decoder-small,pico-lm/pico-decoder-small@cbb63c23390c0d43e0d6dfaa0c69aed19778fa74,16000,Sem,0.5719010233879089,0.0,0.4153978809254292,0.9661868695601684,3.5776515007019043,2.6074321269989014,0.3728324724311191,11,46
pico-decoder-small,pico-lm/pico-decoder-small@a4f386c7a4155bfab638b897e60bc656a82e6a4f,17000,Sem,0.5412983894348145,0.0036630036630036,0.4091592670747832,0.9670477020910256,3.5843653678894043,2.675828456878662,0.4676833753126221,11,46
pico-decoder-small,pico-lm/pico-decoder-small@9b68d0ee8ceef680cc668de7d4560f7d8d311e42,18000,Sem,0.5312083959579468,0.0036630036630036,0.4152061033553984,0.9662068154837792,3.563910961151123,2.672727108001709,0.4760464370890315,12,46
pico-decoder-small,pico-lm/pico-decoder-small@a161849d9bc2ecbb0bc6095f0fe9fa54a03b14ce,19000,Sem,0.538928210735321,0.0036630036630036,0.4166408567427255,0.966092995261794,3.5391316413879395,2.642726182937622,0.494868893740952,12,46
pico-decoder-small,pico-lm/pico-decoder-small@082423f29dc36ca1b544cb85c655531783bb8985,20000,Sem,0.5611467361450195,0.0,0.422716057492264,0.9649444978539036,3.897568941116333,2.7510359287261963,0.4801052235351032,12,46
pico-decoder-small,pico-lm/pico-decoder-small@62236c27ddef441fc85ceabb80793b680397d2f4,21000,Sem,0.5693472027778625,0.0,0.4158928440101876,0.9662396745762996,3.3903703689575195,2.746323585510254,0.4866230218929645,12,46
pico-decoder-small,pico-lm/pico-decoder-small@457283267b592ffd80ca1a4ede807a4a5606a7f4,22000,Sem,0.5210453271865845,0.0074074074074074,0.4207911466599889,0.9652391088484727,3.672466993331909,2.702366352081299,0.4383602155882265,11,46
pico-decoder-small,pico-lm/pico-decoder-small@542883f65bdcba033a9c80f753fdd6f6829cb7e7,23000,Sem,0.5523585677146912,0.0,0.4175393190857368,0.9658413790753396,3.943406581878662,2.761627197265625,0.4457597791446874,11,46
pico-decoder-small,pico-lm/pico-decoder-small@bbc3997ae0773f6e0f145401283a22dced84175c,24000,Sem,0.5274403095245361,0.0036630036630036,0.4159733698667249,0.9659560100232104,3.28379225730896,2.636319637298584,0.5397938347280371,12,46
pico-decoder-small,pico-lm/pico-decoder-small@8316a2db89b6a337de59490bec6e6ed79275e85f,25000,Sem,0.532751739025116,0.0073260073260073,0.4082073084225522,0.9673887623979354,3.393672227859497,2.722285270690918,0.5646191361679619,12,46
pico-decoder-small,pico-lm/pico-decoder-small@b2ff4ecd5fdb6684736075b48a28007f425925d5,26000,Sem,0.5526710152626038,0.0036630036630036,0.4165988145182872,0.9659549119894494,3.530170440673828,2.7527413368225098,0.4534609351407427,12,46
pico-decoder-small,pico-lm/pico-decoder-small@d0bf4c35052d4efe8b11ad72cf76ba92d8837271,27000,Sem,0.5239163041114807,0.011070411070411,0.419780968591142,0.9654742282997616,3.4262049198150635,2.6691701412200928,0.4201716388490361,11,46
pico-decoder-small,pico-lm/pico-decoder-small@c5fe4eaa6e28635b04a285d9d63224a7013711d4,28000,Sem,0.5220189094543457,0.0109890109890109,0.4166693465209032,0.9660871143888654,3.4109246730804443,2.603695869445801,0.4238597634009812,12,46
pico-decoder-small,pico-lm/pico-decoder-small@574194afaad5aebab0de6f7ec3ebd45241ba9f36,29000,Sem,0.5178033113479614,0.0036630036630036,0.4138242556776635,0.966394932892881,3.3316197395324707,2.6342759132385254,0.4446727436111553,10,46
pico-decoder-small,pico-lm/pico-decoder-small@4e76d0f5009af59c7519cc564d83ccb252becc09,30000,Sem,0.5513941049575806,0.0,0.4164074169453944,0.965919298555438,3.5034947395324707,2.5370142459869385,0.4016046959471238,12,46
pico-decoder-small,pico-lm/pico-decoder-small@63e4f365e97340e8419c8d14c3479eab48b41672,31000,Sem,0.5205454230308533,0.011070411070411,0.414252232931577,0.9664183565405852,3.236417770385742,2.534400463104248,0.4594609066213897,11,46
pico-decoder-small,pico-lm/pico-decoder-small@8c1e326d52a990b3ef622fa0187927b4c3c8b198,32000,Sem,0.5385486483573914,0.0073260073260073,0.4202426864996844,0.965492218175978,3.306840658187866,2.4965591430664062,0.3473729161790184,11,46
pico-decoder-small,pico-lm/pico-decoder-small@5087b4b665fc374f51db109f5832fccfa45038ed,33000,Sem,0.5076026916503906,0.0073260073260073,0.4228829822432612,0.9650170424614872,3.4551353454589844,2.5611777305603027,0.445783113403764,11,46
pico-decoder-small,pico-lm/pico-decoder-small@1b37af2dca833f47e09a88bc07d1b193eb75b975,34000,Sem,0.5193212032318115,0.0148989587191834,0.4144208903070611,0.9662192294010766,3.770102024078369,2.727214097976685,0.4609845745790538,12,46
pico-decoder-small,pico-lm/pico-decoder-small@f84a2138adf461f090569b0490e077e154d5692a,35000,Sem,0.5360819697380066,0.0036630036630036,0.4185587436758414,0.9656137549322252,3.226830244064331,2.586254835128784,0.4164392220879699,11,46
pico-decoder-small,pico-lm/pico-decoder-small@a5edb37d58f3dac4abc7615fe9f16119c9719363,36000,Sem,0.5073916912078857,0.0073260073260073,0.4146720820984694,0.9663265109149825,4.187798023223877,2.60695481300354,0.4183137454484619,12,46
pico-decoder-small,pico-lm/pico-decoder-small@ad19a8ed94822569698ab34f7cbdb71a73e75edb,37000,Sem,0.5293125510215759,0.0074074074074074,0.4196527885442412,0.965443348706749,3.9938788414001465,2.623534917831421,0.3716010022090319,12,46
pico-decoder-small,pico-lm/pico-decoder-small@6ffc4bc90cff1f5d9492cc62aa823b2f31820dec,38000,Sem,0.5746920108795166,0.0,0.4172324651915933,0.9657482601623272,4.033654689788818,2.657064914703369,0.4383288018046642,12,46
pico-decoder-small,pico-lm/pico-decoder-small@2be3f69fedc1c81a1c9dee69aecdfbb30a7ed07b,39000,Sem,0.5231032371520996,0.0036630036630036,0.4248382960255241,0.964526291475956,4.102477550506592,2.693932294845581,0.3773332845198334,12,46
pico-decoder-small,pico-lm/pico-decoder-small@89ce452106683eb2c3d635f0b06d00b4836a270d,40000,Sem,0.523201584815979,0.011070411070411,0.4136844492692594,0.9665197575053516,3.729926824569702,2.656444787979126,0.5100791231556627,12,46
pico-decoder-small,pico-lm/pico-decoder-small@fb21f9a6029769e4fde8c343509be2fc23d627f8,41000,Sem,0.5147712230682373,0.011070411070411,0.4096111343131869,0.9668792467234272,3.498293161392212,2.610908269882202,0.4065655011534348,11,46
pico-decoder-small,pico-lm/pico-decoder-small@3b04367b1f9f520d1eb5dc4b1d62222a11574175,42000,Sem,0.5554347038269043,0.0,0.4189539209014609,0.9655316330512757,3.817052364349365,2.630316972732544,0.3822752608048025,11,46
pico-decoder-small,pico-lm/pico-decoder-small@a8fcdde6a31d48184ff170362f4802ba6f7c825b,43000,Sem,0.5064325332641602,0.0112359550561797,0.4214806874802261,0.9652259512021416,3.938130140304565,2.6398096084594727,0.3907306658297778,11,46
pico-decoder-small,pico-lm/pico-decoder-small@42a2d16068cea73c52aa94a34fd039b076c656d2,44000,Sem,0.5205844640731812,0.0073260073260073,0.4214652924272319,0.965195469176868,3.612590312957764,2.6474292278289795,0.3499223388558775,12,46
pico-decoder-small,pico-lm/pico-decoder-small@9b211dca4e657296153efe83773900826fe138d5,45000,Sem,0.5488447546958923,0.0036630036630036,0.4258096988287547,0.9645170909247608,3.723930597305298,2.643268823623657,0.359981377507009,12,46
pico-decoder-small,pico-lm/pico-decoder-small@8866040c1a6ead0d48bd6a4f6ff9046c778670fa,46000,Sem,0.5277235507965088,0.0036630036630036,0.427162063126538,0.964196227426091,3.53454852104187,2.662595272064209,0.3553903239801879,12,46
pico-decoder-small,pico-lm/pico-decoder-small@2c39df607c549d2902ed46ce83a2e6630df09d90,47000,Sem,0.4992906749248504,0.0073260073260073,0.4267080769142446,0.9642747040287722,3.7886905670166016,2.695120334625244,0.4340806208509909,12,46
pico-decoder-small,pico-lm/pico-decoder-small@e2f848f2a712b27ddfebe48ddc4dd6258de6df59,48000,Sem,0.501850962638855,0.0036630036630036,0.4285312602577968,0.9639201244129556,4.046920776367188,2.755044460296631,0.4066038116658355,11,46
pico-decoder-small,pico-lm/pico-decoder-small@fa46e0b2c4bcc53653b39cd684396f35c777aead,49000,Sem,0.5390675663948059,0.0074074074074074,0.4259422305149146,0.9644121345055712,3.801469802856445,2.713315963745117,0.3778943881325459,11,46
pico-decoder-small,pico-lm/pico-decoder-small@1c1daa1853e150e7a21ae4af47574da037fbb206,50000,Sem,0.5208943486213684,0.0036630036630036,0.4201211414836845,0.9654175390458196,3.997215509414673,2.7121589183807373,0.4295504634936242,10,46
pico-decoder-small,pico-lm/pico-decoder-small@7aa7c5e89a41da940802066eaa61d34d72089434,51000,Sem,0.5342874526977539,0.0073260073260073,0.4281493915900897,0.9641024295303612,4.011493682861328,2.6839489936828613,0.4056130496133329,11,46
pico-decoder-small,pico-lm/pico-decoder-small@9213448a01fde86281f3df23d6846b5c31f86998,52000,Sem,0.5029618144035339,0.0073260073260073,0.4113593636519492,0.9667886809580064,4.046548843383789,2.661774158477783,0.3549130609099677,11,46
pico-decoder-small,pico-lm/pico-decoder-small@41f9cd78186e1fbaf4b6b2164f52331d4ef4c15e,53000,Sem,0.5053132176399231,0.0036630036630036,0.4203451638015472,0.9653434898618622,3.615173578262329,2.677670478820801,0.4575924502321317,12,46
pico-decoder-small,pico-lm/pico-decoder-small@f4454c4dd5fa26693e9755fbac1a1f6aa12f6c37,54000,Sem,0.5098057389259338,0.0073260073260073,0.4240098252961924,0.964747588578268,3.1913094520568848,2.5643885135650635,0.4481617158659403,12,46
pico-decoder-small,pico-lm/pico-decoder-small@497f4bdf16cbdcb120415cd944d84b34d1fef37a,55000,Sem,0.5196864604949951,0.0073260073260073,0.4170730570186899,0.966022202442138,3.36459755897522,2.709434986114502,0.4584433224790957,12,46
pico-decoder-small,pico-lm/pico-decoder-small@79119d3d39e86e4f4fdd14e0de769ebbba87b4c1,56000,Sem,0.509864866733551,0.0036630036630036,0.4233844466717069,0.9648780246746232,3.45864200592041,2.6134142875671387,0.4264626197642606,12,46
pico-decoder-small,pico-lm/pico-decoder-small@1e0aa9e9184e67611fe6a3fe7e0d301e199367b4,57000,Sem,0.5279772877693176,0.0073260073260073,0.4208347263999495,0.9653691527370882,3.290122985839844,2.574795246124268,0.3888357048012631,12,46
pico-decoder-small,pico-lm/pico-decoder-small@12cffd4abfebe78cd4df44f368d49ae2aec28999,58000,Sem,0.4712496697902679,0.0147334147334147,0.4217416415441806,0.9651105823125852,3.179624319076538,2.500840187072754,0.4344733983307502,10,46
pico-decoder-small,pico-lm/pico-decoder-small@88752c656e1478698735820b50bc1648b43897bc,59000,Sem,0.4989514648914337,0.0074074074074074,0.4136913834547199,0.9666089541697336,3.121319532394409,2.520807981491089,0.4149104848361216,11,46
pico-decoder-small,pico-lm/pico-decoder-small@ef0c2a9858930c1b946d7fd3ec94d87a30fb6316,60000,Sem,0.4851798713207245,0.0109890109890109,0.4177365275964276,0.9657515590781576,3.278629779815674,2.5919342041015625,0.3878000395091867,11,46
pico-decoder-small,pico-lm/pico-decoder-small@2adfdbab6dd63824aeb0c5b7f40693509b21f72e,61000,Sem,0.4975955784320831,0.011070411070411,0.4331456902352191,0.9632201748683,3.5873188972473145,2.604185104370117,0.4333152021345821,11,46
pico-decoder-small,pico-lm/pico-decoder-small@8f2f5e9d39b7ef2738d2ddfa5002e690090afb1b,62000,Sem,0.5046501755714417,0.011070411070411,0.4365722407725367,0.9627475741335352,3.402784824371338,2.6743080615997314,0.514396785153514,11,46
pico-decoder-small,pico-lm/pico-decoder-small@27a605b8a3168bf13fde7e4903edf05011890db5,63000,Sem,0.4930343925952911,0.0073260073260073,0.4109855915887649,0.9669237327579066,3.6616270542144775,2.6462721824646,0.4256096498712525,12,46
pico-decoder-small,pico-lm/pico-decoder-small@64faca95211d12573bc85e90ab9b9346d61f571c,64000,Sem,0.5159140825271606,0.0073260073260073,0.4106117900849976,0.9670584742127112,3.290636777877808,2.5726683139801025,0.4364096061627442,12,46
pico-decoder-small,pico-lm/pico-decoder-small@04de7a38c9b974bc56e59c77ce6289b59ac333a3,65000,Sem,0.5046491026878357,0.0148148148148148,0.4142952809150768,0.966362372291104,3.229001998901367,2.5886733531951904,0.4538481073228791,11,46
pico-decoder-small,pico-lm/pico-decoder-small@0a060522b26b84154fe744cff68debc60a62771b,66000,Sem,0.5012070536613464,0.0109890109890109,0.4183428703306279,0.9655972796003296,3.4047887325286865,2.625337600708008,0.4739330434302178,11,46
pico-decoder-small,pico-lm/pico-decoder-small@96a66aee1fd9e46f20ddd7b0e811fbcd6761cd3b,67000,Sem,0.5243983268737793,0.0073260073260073,0.4053475347276255,0.9677257061009265,3.558079957962036,2.827587366104126,0.5577253886352911,11,46
pico-decoder-small,pico-lm/pico-decoder-small@e7396619711d862dc1bed1a5f5797fb2b5cc9768,68000,Sem,0.5213711261749268,0.0036630036630036,0.4047328111129097,0.9677990263604554,3.6480515003204346,2.8918111324310303,0.6309266448840213,12,46
pico-decoder-small,pico-lm/pico-decoder-small@ba3a7a617ab159a7fcbc81cd6ffb20319f00199a,69000,Sem,0.5308873057365417,0.0,0.40145422707404,0.968323656005937,3.707277774810791,2.9035370349884038,0.5722246992547193,12,46
pico-decoder-small,pico-lm/pico-decoder-small@63bfd31a42bdd16864908136aa5cce931810bb58,70000,Sem,0.5213520526885986,0.0036630036630036,0.4032456922633939,0.9679737202566956,3.372614860534668,2.695004940032959,0.4914503231717724,12,46
pico-decoder-small,pico-lm/pico-decoder-small@5e0a9fbd93f2dbafe06c6cb20fa5521f766270e0,71000,Sem,0.4964078366756439,0.0073260073260073,0.4034671386930346,0.9679506112229712,3.427585363388061,2.6640257835388184,0.4631383022480549,12,46
pico-decoder-small,pico-lm/pico-decoder-small@4b4e4304ce873cafd39ac997ad47e16ec2d5d76d,72000,Sem,0.5071529746055603,0.011070411070411,0.4174550899754422,0.9656606976619684,3.5009422302246094,2.7941665649414062,0.5082045381605822,10,46
pico-decoder-small,pico-lm/pico-decoder-small@f2bf3399e04924384ec7ea3acb5440318247824d,73000,Sem,0.5200557112693787,0.0036630036630036,0.4056132055668675,0.9678605917579108,3.2822518348693848,2.8020360469818115,0.5894284865451914,12,46
pico-decoder-small,pico-lm/pico-decoder-small@81c21ab4b67c2a986c2c4a8771db3b328075f9ca,74000,Sem,0.4894521534442901,0.011070411070411,0.3994215062172743,0.9686019337899427,3.379494428634644,2.6563422679901123,0.4544965979671746,11,46
pico-decoder-small,pico-lm/pico-decoder-small@67737816c3793c77c33cd993cb625dfe02f5dba2,75000,Sem,0.5159630179405212,0.0147334147334147,0.4119187989948833,0.9666089614132244,3.5552000999450684,2.7307870388031006,0.3819930218584005,11,46
pico-decoder-small,pico-lm/pico-decoder-small@cd3c66fe9f41cb98971992c1c48e0000704daae7,76000,Sem,0.5213750004768372,0.011070411070411,0.4047637764121934,0.9677515495864388,3.3646929264068604,2.7420201301574707,0.4933148452906806,11,46
pico-decoder-small,pico-lm/pico-decoder-small@8bc1f96e0ab394e6d9396f9105337a8ee9281b02,77000,Sem,0.5545437335968018,0.0036630036630036,0.4060422316789084,0.967389453499347,3.421865940093994,2.8600192070007324,0.6025523400787856,11,46
pico-decoder-small,pico-lm/pico-decoder-small@54681b82e00ed8da204a8f5e199732edcd50c540,78000,Sem,0.5465707182884216,0.0036630036630036,0.4120024682129664,0.9666904798716516,3.410856246948242,2.8492727279663086,0.5779131293279399,12,46
pico-decoder-small,pico-lm/pico-decoder-small@9f79f048c9629723d93a9c6d020fad45ecd81ebb,79000,Sem,0.5314157009124756,0.0036630036630036,0.4023518851045218,0.9680913517239744,3.712337493896485,2.8546030521392822,0.5984663363553587,11,46
pico-decoder-small,pico-lm/pico-decoder-small@a8eea15ae0deddaf3beced3d114c9bc8ed9a25e5,80000,Sem,0.5308316946029663,0.0,0.3984187951934901,0.9686244990888808,3.873539924621582,2.7469522953033447,0.4470956944615981,12,46
pico-decoder-small,pico-lm/pico-decoder-small@8d7bca4dea2e340144c93745d61646c84d35ffdb,81000,Sem,0.5099661946296692,0.0036630036630036,0.4033361224083314,0.9681079987008532,3.8848977088928223,2.727893590927124,0.4132565186745007,12,46
pico-decoder-small,pico-lm/pico-decoder-small@063ab25b24aefd512a554e49853ed6fc32ee9c1b,82000,Sem,0.5173189043998718,0.0,0.4033606714120579,0.9679718209418352,3.231264591217041,2.710701465606689,0.4342072326118942,11,46
pico-decoder-small,pico-lm/pico-decoder-small@d63e823855aefabdb4d0fb89c6cb30f1917edff8,83000,Sem,0.4805779159069061,0.0036630036630036,0.3989044378860207,0.9687162591162288,4.012183666229248,2.791513442993164,0.5295945905253349,11,46
pico-decoder-small,pico-lm/pico-decoder-small@aac007e3728b91b2460f8be94a5ef79547dc60b8,84000,Sem,0.4826656877994537,0.0074074074074074,0.3946011766897539,0.9693850430923886,3.389030933380127,2.668473958969116,0.4569921157836738,10,46
pico-decoder-small,pico-lm/pico-decoder-small@804cfb5f121020ed666ca55376b9e9f358701d23,85000,Sem,0.5087915062904358,0.0074074074074074,0.3976428766649024,0.9688098174384976,3.414031505584717,2.6804914474487305,0.5196047159871541,11,46
pico-decoder-small,pico-lm/pico-decoder-small@938244e11e03da85918d38722414505f45c1ceda,86000,Sem,0.5190666317939758,0.0036630036630036,0.4080594786820905,0.9673168972489328,3.238927364349365,2.6355342864990234,0.4302381309580775,12,46
pico-decoder-small,pico-lm/pico-decoder-small@9bd6535d2bbcd3e8e0be555350c1a9abcfa9ef20,87000,Sem,0.5415939688682556,0.0074074074074074,0.4021320419451811,0.9681646775945691,3.3503987789154053,2.67270302772522,0.4411024258150456,11,46
pico-decoder-small,pico-lm/pico-decoder-small@5e4f19facb03a2fb589181b485fc44570680d8b4,88000,Sem,0.5237789154052734,0.011070411070411,0.3992392764585452,0.9686091991451936,3.140523910522461,2.662097930908203,0.4221704731152543,12,46
pico-decoder-small,pico-lm/pico-decoder-small@48b3ab14f90bae2930c79eefee13f8548f7a3ac0,89000,Sem,0.5008232593536377,0.0074074074074074,0.3962173387592666,0.9690065866559092,3.2374460697174072,2.678140163421631,0.4784780323739585,10,46
pico-decoder-small,pico-lm/pico-decoder-small@a7e691278d2179f7a23f55c82de28f96b4acd2e4,90000,Sem,0.5066043734550476,0.0148148148148148,0.3937638842105059,0.9693431414195904,3.374267339706421,2.689873218536377,0.5135749563555595,12,46
pico-decoder-small,pico-lm/pico-decoder-small@c025f14d64c01b36a07900656ded25b50f8caafd,91000,Sem,0.54091477394104,0.0074074074074074,0.3983706772899161,0.9688141730988676,3.70299220085144,2.80712890625,0.5927520082020027,11,46
pico-decoder-small,pico-lm/pico-decoder-small@b3b967e1f18d21573f4a6146c441a2825a5a8f83,92000,Sem,0.4786199927330017,0.0184778184778184,0.3952294075494367,0.969159480856665,3.7943501472473145,2.7821223735809326,0.5291036069431226,12,46
pico-decoder-small,pico-lm/pico-decoder-small@41ae4009882dd5c1963328961a9ed1964aab8606,93000,Sem,0.5096336603164673,0.0148989587191834,0.3963225888176628,0.9689130974220476,3.9463515281677246,2.7549774646759038,0.427787135777654,11,46
pico-decoder-small,pico-lm/pico-decoder-small@bfda4783bf178eae55bcebd43810ed9180cbdc63,94000,Sem,0.514574408531189,0.011070411070411,0.3929082972334523,0.9694619550911416,3.4869518280029297,2.741085290908813,0.5046638798500002,11,46
pico-decoder-small,pico-lm/pico-decoder-small@94177e145ce01fae74b87897c8260f2f6fe1deb0,95000,Sem,0.5365515947341919,0.0073260073260073,0.3930328374497152,0.9693540185381704,4.101231098175049,2.798529863357544,0.4561091242591599,11,46
pico-decoder-small,pico-lm/pico-decoder-small@938d2d29f7aba65159e5bdc0ccfbefdc61757005,96000,Sem,0.5373525619506836,0.011070411070411,0.3943866483496011,0.9692544772444917,3.555919647216797,2.764826774597168,0.4545141639907813,11,46
pico-decoder-small,pico-lm/pico-decoder-small@57a25f8bc299440e75e421522b5461ef9addc60f,97000,Sem,0.5245245099067688,0.011070411070411,0.4019657719010286,0.9679466496370238,3.673360109329224,2.7507164478302,0.394347728313916,11,46
pico-decoder-small,pico-lm/pico-decoder-small@2b2b81f5b793cfe7595f1880023e3199b0ca4d01,98000,Sem,0.5315789580345154,0.0148148148148148,0.4249614595190993,0.964559240248838,3.4866297245025635,2.820101499557495,0.4735369760930385,10,46
pico-decoder-small,pico-lm/pico-decoder-small@a014170484f226c32a449440e37684a5138bffea,99000,Sem,0.5488370656967163,0.011070411070411,0.4300425154133387,0.9637595987069216,3.490111351013184,2.761141300201416,0.4985557547180972,10,46
pico-decoder-small,pico-lm/pico-decoder-small@912032713d1ca4f482ce957408afca3e5a267267,100000,Sem,0.5347464680671692,0.0148989587191834,0.4452510944024303,0.9610963619560688,3.570644855499268,2.752858638763428,0.4909198617154763,10,46
pico-decoder-small,pico-lm/pico-decoder-small@0405a0c52b2083efba346cb0195a2684e628b1af,101000,Sem,0.5390440821647644,0.0148989587191834,0.4322612320599959,0.9634045346937432,3.864822626113892,2.868363857269287,0.5375042942951346,10,46
pico-decoder-small,pico-lm/pico-decoder-small@a29b66f6847b3a1ec6358c6bdf5686f8db25e228,102000,Sem,0.5258303880691528,0.0147334147334147,0.4049653508301993,0.9677421497151192,3.7065718173980713,2.777486801147461,0.4936253661482261,11,46
pico-decoder-small,pico-lm/pico-decoder-small@b6e1c3f17ee3de24e5563176b76cde040230086b,103000,Sem,0.4941700398921966,0.011070411070411,0.4271792102628691,0.9642281306889202,3.634198904037476,2.713204860687256,0.4642884145764023,11,46
pico-decoder-small,pico-lm/pico-decoder-small@fd779f78578d7ce2eb7316f95b1536f35f90d660,104000,Sem,0.4744528234004974,0.0306632213608957,0.4356719511758716,0.9628219038212184,3.593713998794556,2.7564339637756348,0.5256978346919655,12,46
pico-decoder-small,pico-lm/pico-decoder-small@2a9ae447eace88eb5c4be50d7b3c867cbd1a9a7e,105000,Sem,0.5076736807823181,0.0186433624635871,0.407727237739351,0.9672783874622384,3.6560933589935294,2.780514001846313,0.5166927738477013,12,46
pico-decoder-small,pico-lm/pico-decoder-small@36d78ffabfbf506523a459e2116bbc012c1adab7,106000,Sem,0.4845133125782013,0.0188145188145188,0.4193334574363031,0.9655441974678078,3.5836286544799805,2.7340447902679443,0.5916621168517371,12,46
pico-decoder-small,pico-lm/pico-decoder-small@3f9b3375f2ae4b81043ba582d1b2ec8bc15a04e1,107000,Sem,0.5344452857971191,0.0148989587191834,0.4362580960079666,0.9626450156406462,3.815927743911743,2.892953395843506,0.6184692213882894,9,46
pico-decoder-small,pico-lm/pico-decoder-small@00c972e3e00659382b3fe4f9d9f634ebbd9833c1,108000,Sem,0.5426381826400757,0.011070411070411,0.4182880649273456,0.9656591275526196,3.728315114974976,2.933759927749634,0.6392467815836445,8,46
pico-decoder-small,pico-lm/pico-decoder-small@076cdde7affce35bd2bad3498e51f33f575aaddb,109000,Sem,0.5362823009490967,0.0264830954486126,0.4365861463282067,0.9626051280220468,4.050947189331055,2.9978127479553223,0.66413777917219,7,46
pico-decoder-small,pico-lm/pico-decoder-small@1f7f52ddf73285dd5484e753c1740cc68df81b76,110000,Sem,0.5202527046203613,0.0306632213608957,0.4295067728994808,0.963829289120502,4.458427906036377,2.9965829849243164,0.6564787788750851,8,46
pico-decoder-small,pico-lm/pico-decoder-small@a801b2ab639f60dbd4ebfe264aab726255eb2877,111000,Sem,0.5257892608642578,0.0306632213608957,0.4322332085424596,0.9633957034044124,4.469017505645752,2.9520153999328613,0.6815188306668714,8,46
pico-decoder-small,pico-lm/pico-decoder-small@197b11d764b16772e54f2cbbfab17581cbdb9b59,112000,Sem,0.5011719465255737,0.0468975468975469,0.4098127275073709,0.9669112349565888,4.016895294189453,2.969380140304565,0.6900398288149255,10,46
pico-decoder-small,pico-lm/pico-decoder-small@0ff198943f69ee08bd0b54c8ab55d364ce931a26,113000,Sem,0.5251116752624512,0.0306632213608957,0.43583267461726,0.9626604544484983,4.14525032043457,2.9627931118011475,0.6861778401748896,11,46
pico-decoder-small,pico-lm/pico-decoder-small@fe2f1951a2f9a01d14429415f467c91c8a765024,114000,Sem,0.5374285578727722,0.0224719101123595,0.4352666496614015,0.9627895649189084,4.237460136413574,2.956686496734619,0.7208383732774942,10,46
pico-decoder-small,pico-lm/pico-decoder-small@dde9b48ac9a426d9bc86b1fc423b8241736f6ea3,115000,Sem,0.5205339789390564,0.0224719101123595,0.4291472754817169,0.9639112686415005,4.366982936859131,2.846012592315674,0.6582272310461412,11,46
pico-decoder-small,pico-lm/pico-decoder-small@eb892260583a7bfbf95a1aecbf60ebc4ee0b8fe2,116000,Sem,0.5332901477813721,0.0148148148148148,0.4232788008561887,0.9648772326849232,4.432912826538086,2.926718711853028,0.7177482080155027,7,46
pico-decoder-small,pico-lm/pico-decoder-small@62d95f269e32053c9fc3638cfe64f8b2f7b23654,117000,Sem,0.5046458840370178,0.0303930431787851,0.4072050288472406,0.96736686665347,4.344464302062988,2.9028913974761963,0.6820931422853993,11,46
pico-decoder-small,pico-lm/pico-decoder-small@31ddb818fbb16fbd1caf8ec968855022dd6afc74,118000,Sem,0.5397745370864868,0.0148989587191834,0.4106986720137612,0.9667599552424656,3.743629932403565,2.965392827987671,0.693377432668251,10,46
pico-decoder-small,pico-lm/pico-decoder-small@82d2ace20cd9a6db92a58205d7a22f5f6173e7b8,119000,Sem,0.5394170880317688,0.011070411070411,0.4375809270366482,0.9624284974189318,3.695741653442383,2.9674620628356934,0.7142991598841295,6,46
pico-decoder-small,pico-lm/pico-decoder-small@8e25d91566448034f3bb0406ab0045355c528ae7,120000,Sem,0.5443944931030273,0.0148989587191834,0.4350661319786246,0.9627755542421966,3.8686559200286874,2.9393107891082764,0.6912076966391665,8,46
pico-decoder-small,pico-lm/pico-decoder-small@8a2f1db72ebb1ce87faaf75ea1db7910f308be65,121000,Sem,0.519083559513092,0.0186433624635871,0.4170310996684689,0.9657477462140552,4.177319049835205,2.896669149398804,0.6601296000681252,9,46
pico-decoder-small,pico-lm/pico-decoder-small@e197ddf7837d73cb367f53e1dd174a4745892831,122000,Sem,0.5141854882240295,0.0225589225589225,0.4216196040644331,0.965026096791194,5.019650936126709,2.94836688041687,0.6581138236606192,9,46
pico-decoder-small,pico-lm/pico-decoder-small@51a1f29ffaf81f8b5d071b1858b6ac094aca1b30,123000,Sem,0.5609564185142517,0.0186433624635871,0.4274175296006537,0.9641639813330772,3.8514673709869385,2.8802101612091064,0.6258273546975494,9,46
pico-decoder-small,pico-lm/pico-decoder-small@c2d4754b377c202474754e86b41f1321342ad24a,124000,Sem,0.5321674346923828,0.0225589225589225,0.4145245786811752,0.9662518966575704,3.5966689586639404,2.8238651752471924,0.5444305572673485,10,46
pico-decoder-small,pico-lm/pico-decoder-small@ef21ca419b33425716396ead8c1e60e01f301271,125000,Sem,0.5499861240386963,0.011070411070411,0.4138979540397289,0.9663400122405558,4.044451713562012,2.9748597145080566,0.6470896213978505,9,46
