dataset,family,model_ref,step,tokens,task,session,n_stim,rsa,rsa_pearson,rsa_kendall,repo,ceiling_lower,ceiling_upper,ceiling_n_stim,ceiling_n_subjects,frac_of_ceiling,seed_null_sd,params
ds003604,babylm-gpt2-3,BrainAlign/gpt2-babylm-3@checkpoint-01,191,,Gram,ses-5,60,0.0390525965497024,0.0434477017740923,0.0256310022260334,BrainAlign/gpt2-babylm-3,0.8398150343230842,0.8472510876978319,60,97,0.046501425854063146,0.0081285104156867,134601216
ds003604,babylm-gpt2-3,BrainAlign/gpt2-babylm-3@checkpoint-02,382,,Gram,ses-5,60,0.0410207070842021,0.031388153424782,0.0269813134555256,BrainAlign/gpt2-babylm-3,0.8398150343230842,0.8472510876978319,60,97,0.04884493061887848,0.0081285104156867,134601216
ds003604,babylm-gpt2-3,BrainAlign/gpt2-babylm-3@checkpoint-03,573,,Gram,ses-5,60,0.0264854307978064,0.0225855857924094,0.0176389993388968,BrainAlign/gpt2-babylm-3,0.8398150343230842,0.8472510876978319,60,97,0.03153721916773548,0.0081285104156867,134601216
ds003604,babylm-gpt2-3,BrainAlign/gpt2-babylm-3@checkpoint-04,764,,Gram,ses-5,60,0.0311462203894426,0.0284423364242465,0.020692210160549,BrainAlign/gpt2-babylm-3,0.8398150343230842,0.8472510876978319,60,97,0.03708700025184399,0.0081285104156867,134601216
ds003604,babylm-gpt2-3,BrainAlign/gpt2-babylm-3@checkpoint-05,1146,,Gram,ses-5,60,0.0269416519895059,0.0281333455087493,0.0181742693532366,BrainAlign/gpt2-babylm-3,0.8398150343230842,0.8472510876978319,60,97,0.032080459254009035,0.0081285104156867,134601216
ds003604,babylm-gpt2-3,BrainAlign/gpt2-babylm-3@checkpoint-06,1337,,Gram,ses-5,60,0.0224554080497739,0.0237074968180854,0.0149639267612651,BrainAlign/gpt2-babylm-3,0.8398150343230842,0.8472510876978319,60,97,0.026738516378042247,0.0081285104156867,134601216
ds003604,babylm-gpt2-3,BrainAlign/gpt2-babylm-3@checkpoint-07,1528,,Gram,ses-5,60,0.0312222121709431,0.0311339182125971,0.0207318124766458,BrainAlign/gpt2-babylm-3,0.8398150343230842,0.8472510876978319,60,97,0.03717748658323213,0.0081285104156867,134601216
ds003604,babylm-gpt2-3,BrainAlign/gpt2-babylm-3@checkpoint-08,1719,,Gram,ses-5,60,0.0354258716818198,0.0309079590469669,0.0236611063737372,BrainAlign/gpt2-babylm-3,0.8398150343230842,0.8472510876978319,60,97,0.04218294533197313,0.0081285104156867,134601216
ds003604,babylm-gpt2-3,BrainAlign/gpt2-babylm-3@checkpoint-09,1908,,Gram,ses-5,60,0.0352477272620424,0.0304204661149374,0.0234669272754564,BrainAlign/gpt2-babylm-3,0.8398150343230842,0.8472510876978319,60,97,0.041970821932776084,0.0081285104156867,134601216
ds003604,babylm-gpt2-3,BrainAlign/gpt2-babylm-3@checkpoint-01,191,,Gram,ses-7,60,0.0233861688757747,0.0470307023312482,0.0154876993289962,BrainAlign/gpt2-babylm-3,0.8473571253286221,0.8585290564097823,60,104,0.027598952291461615,0.0080555141424375,134601216
ds003604,babylm-gpt2-3,BrainAlign/gpt2-babylm-3@checkpoint-02,382,,Gram,ses-7,60,0.0334145889169711,0.0344011458985887,0.0220374114137707,BrainAlign/gpt2-babylm-3,0.8473571253286221,0.8585290564097823,60,104,0.03943389147050867,0.0080555141424375,134601216
ds003604,babylm-gpt2-3,BrainAlign/gpt2-babylm-3@checkpoint-03,573,,Gram,ses-7,60,0.0152364679660076,0.0251968834363993,0.0100966743635684,BrainAlign/gpt2-babylm-3,0.8473571253286221,0.8585290564097823,60,104,0.017981164624182033,0.0080555141424375,134601216
ds003604,babylm-gpt2-3,BrainAlign/gpt2-babylm-3@checkpoint-04,764,,Gram,ses-7,60,0.0167185998481798,0.0310265056838368,0.0110292450329433,BrainAlign/gpt2-babylm-3,0.8473571253286221,0.8585290564097823,60,104,0.019730287677342646,0.0080555141424375,134601216
ds003604,babylm-gpt2-3,BrainAlign/gpt2-babylm-3@checkpoint-05,1146,,Gram,ses-7,60,0.0116884355785466,0.0304996678835857,0.0080744012544991,BrainAlign/gpt2-babylm-3,0.8473571253286221,0.8585290564097823,60,104,0.013793989841076265,0.0080555141424375,134601216
ds003604,babylm-gpt2-3,BrainAlign/gpt2-babylm-3@checkpoint-06,1337,,Gram,ses-7,60,0.0086046420827071,0.0263751399113637,0.0059959184064539,BrainAlign/gpt2-babylm-3,0.8473571253286221,0.8585290564097823,60,104,0.010154681922772583,0.0080555141424375,134601216
ds003604,babylm-gpt2-3,BrainAlign/gpt2-babylm-3@checkpoint-07,1528,,Gram,ses-7,60,0.0200179169083991,0.0342508340738946,0.0134398763385742,BrainAlign/gpt2-babylm-3,0.8473571253286221,0.8585290564097823,60,104,0.02362394356527745,0.0080555141424375,134601216
ds003604,babylm-gpt2-3,BrainAlign/gpt2-babylm-3@checkpoint-08,1719,,Gram,ses-7,60,0.0242734545084065,0.0339208271031357,0.0163921651288831,BrainAlign/gpt2-babylm-3,0.8473571253286221,0.8585290564097823,60,104,0.028646073518285183,0.0080555141424375,134601216
ds003604,babylm-gpt2-3,BrainAlign/gpt2-babylm-3@checkpoint-09,1908,,Gram,ses-7,60,0.0227554171803219,0.0332895607659066,0.0152705253374979,BrainAlign/gpt2-babylm-3,0.8473571253286221,0.8585290564097823,60,104,0.02685457701379084,0.0080555141424375,134601216
ds003604,babylm-gpt2-3,BrainAlign/gpt2-babylm-3@checkpoint-01,191,,Gram,ses-9,60,0.0012119916593631,0.046543885915359,0.0002714674893728,BrainAlign/gpt2-babylm-3,0.8562953703310558,0.8666432094643701,60,96,0.001415389714059212,0.0061329615387372,134601216
ds003604,babylm-gpt2-3,BrainAlign/gpt2-babylm-3@checkpoint-02,382,,Gram,ses-9,60,0.0069749412415395,0.0337488762093368,0.0048640586625275,BrainAlign/gpt2-babylm-3,0.8562953703310558,0.8666432094643701,60,96,0.008145485171597844,0.0061329615387372,134601216
ds003604,babylm-gpt2-3,BrainAlign/gpt2-babylm-3@checkpoint-03,573,,Gram,ses-9,60,-0.0036117833809429,0.0250420372620362,-0.0023984951119883,BrainAlign/gpt2-babylm-3,0.8562953703310558,0.8666432094643701,60,96,-0.004217917678973943,0.0061329615387372,134601216
ds003604,babylm-gpt2-3,BrainAlign/gpt2-babylm-3@checkpoint-04,764,,Gram,ses-9,60,-0.0043196045406387,0.0307301654155363,-0.0027842983204146,BrainAlign/gpt2-babylm-3,0.8562953703310558,0.8666432094643701,60,96,-0.005044526328536239,0.0061329615387372,134601216
ds003604,babylm-gpt2-3,BrainAlign/gpt2-babylm-3@checkpoint-05,1146,,Gram,ses-9,60,-0.00782542768735,0.0301453291606197,-0.0049445407887887,BrainAlign/gpt2-babylm-3,0.8562953703310558,0.8666432094643701,60,96,-0.009138701385626526,0.0061329615387372,134601216
ds003604,babylm-gpt2-3,BrainAlign/gpt2-babylm-3@checkpoint-06,1337,,Gram,ses-9,60,-0.0108878536341937,0.0261851803963193,-0.0071865428774915,BrainAlign/gpt2-babylm-3,0.8562953703310558,0.8666432094643701,60,96,-0.012715067734144473,0.0061329615387372,134601216
ds003604,babylm-gpt2-3,BrainAlign/gpt2-babylm-3@checkpoint-07,1528,,Gram,ses-9,60,-0.0029169528427401,0.0339216215667953,-0.0023052380450508,BrainAlign/gpt2-babylm-3,0.8562953703310558,0.8666432094643701,60,96,-0.003406479754307634,0.0061329615387372,134601216
ds003604,babylm-gpt2-3,BrainAlign/gpt2-babylm-3@checkpoint-08,1719,,Gram,ses-9,60,-0.0006644011488768,0.0335706676470286,-0.0004848089986682,BrainAlign/gpt2-babylm-3,0.8562953703310558,0.8666432094643701,60,96,-0.0007759018346904446,0.0061329615387372,134601216
ds003604,babylm-gpt2-3,BrainAlign/gpt2-babylm-3@checkpoint-09,1908,,Gram,ses-9,60,-0.0010339056681681,0.0329848439195008,-0.0009319319223411,BrainAlign/gpt2-babylm-3,0.8562953703310558,0.8666432094643701,60,96,-0.0012074170946041404,0.0061329615387372,134601216
ds003604,babylm-gpt2-3,BrainAlign/gpt2-babylm-3@checkpoint-01,191,,Phon,ses-5,72,-0.0113025959170483,-0.0094683013193901,-0.0075705373795283,BrainAlign/gpt2-babylm-3,0.8557220149626009,0.8634857149064381,72,93,-0.01320825655927793,0.0089146943876321,134601216
ds003604,babylm-gpt2-3,BrainAlign/gpt2-babylm-3@checkpoint-02,382,,Phon,ses-5,72,-0.0150977643037173,-0.0081032267398771,-0.0100131994401722,BrainAlign/gpt2-babylm-3,0.8557220149626009,0.8634857149064381,72,93,-0.017643304764546862,0.0089146943876321,134601216
ds003604,babylm-gpt2-3,BrainAlign/gpt2-babylm-3@checkpoint-03,573,,Phon,ses-5,72,-0.0128959613321978,-0.0173250096251021,-0.0086932554229486,BrainAlign/gpt2-babylm-3,0.8557220149626009,0.8634857149064381,72,93,-0.015070269441135523,0.0089146943876321,134601216
ds003604,babylm-gpt2-3,BrainAlign/gpt2-babylm-3@checkpoint-04,764,,Phon,ses-5,72,-0.012112674403514,-0.016011902232024,-0.00810464001666,BrainAlign/gpt2-babylm-3,0.8557220149626009,0.8634857149064381,72,93,-0.014154917358347245,0.0089146943876321,134601216
ds003604,babylm-gpt2-3,BrainAlign/gpt2-babylm-3@checkpoint-05,1146,,Phon,ses-5,72,-0.0138125923490685,-0.0128637835929757,-0.0093670087496057,BrainAlign/gpt2-babylm-3,0.8557220149626009,0.8634857149064381,72,93,-0.01614144793233136,0.0089146943876321,134601216
ds003604,babylm-gpt2-3,BrainAlign/gpt2-babylm-3@checkpoint-06,1337,,Phon,ses-5,72,-0.0072267780218723,-0.0127120141824388,-0.0047830361162408,BrainAlign/gpt2-babylm-3,0.8557220149626009,0.8634857149064381,72,93,-0.008445240271384328,0.0089146943876321,134601216
ds003604,babylm-gpt2-3,BrainAlign/gpt2-babylm-3@checkpoint-07,1528,,Phon,ses-5,72,-0.0117386036916592,-0.0144730264207683,-0.0076973255055446,BrainAlign/gpt2-babylm-3,0.8557220149626009,0.8634857149064381,72,93,-0.013717776902318252,0.0089146943876321,134601216
ds003604,babylm-gpt2-3,BrainAlign/gpt2-babylm-3@checkpoint-08,1719,,Phon,ses-5,72,-0.008873069016097,-0.0126061179696426,-0.0056938281132763,BrainAlign/gpt2-babylm-3,0.8557220149626009,0.8634857149064381,72,93,-0.010369102186163569,0.0089146943876321,134601216
ds003604,babylm-gpt2-3,BrainAlign/gpt2-babylm-3@checkpoint-09,1908,,Phon,ses-5,72,-0.0089467037607792,-0.0130195229795137,-0.0056717780044038,BrainAlign/gpt2-babylm-3,0.8557220149626009,0.8634857149064381,72,93,-0.010455152028746407,0.0089146943876321,134601216
ds003604,babylm-gpt2-3,BrainAlign/gpt2-babylm-3@checkpoint-01,191,,Phon,ses-7,72,-0.0071578502323821,-0.0094458518197607,-0.0048951241696755,BrainAlign/gpt2-babylm-3,0.8460260208123772,0.8625655350367195,72,104,-0.008460555652305987,0.0081448036195669,134601216
ds003604,babylm-gpt2-3,BrainAlign/gpt2-babylm-3@checkpoint-02,382,,Phon,ses-7,72,-0.0111706739760866,-0.0085455553436035,-0.0074958120105718,BrainAlign/gpt2-babylm-3,0.8460260208123772,0.8625655350367195,72,104,-0.013203700242411237,0.0081448036195669,134601216
ds003604,babylm-gpt2-3,BrainAlign/gpt2-babylm-3@checkpoint-03,573,,Phon,ses-7,72,-0.0073187001857497,-0.0168672709446155,-0.0047279108440597,BrainAlign/gpt2-babylm-3,0.8460260208123772,0.8625655350367195,72,104,-0.008650679773090295,0.0081448036195669,134601216
ds003604,babylm-gpt2-3,BrainAlign/gpt2-babylm-3@checkpoint-04,764,,Phon,ses-7,72,-0.0054722902967114,-0.0157288266707694,-0.0035990677703971,BrainAlign/gpt2-babylm-3,0.8460260208123772,0.8625655350367195,72,104,-0.006468229300390498,0.0081448036195669,134601216
ds003604,babylm-gpt2-3,BrainAlign/gpt2-babylm-3@checkpoint-05,1146,,Phon,ses-7,72,-0.0115298886750122,-0.0128236726160439,-0.0078039010317613,BrainAlign/gpt2-babylm-3,0.8460260208123772,0.8625655350367195,72,104,-0.01362829084611474,0.0081448036195669,134601216
ds003604,babylm-gpt2-3,BrainAlign/gpt2-babylm-3@checkpoint-06,1337,,Phon,ses-7,72,-0.0107263445921437,-0.01284023772567,-0.0071485227958313,BrainAlign/gpt2-babylm-3,0.8460260208123772,0.8625655350367195,72,104,-0.012678504358345824,0.0081448036195669,134601216
ds003604,babylm-gpt2-3,BrainAlign/gpt2-babylm-3@checkpoint-07,1528,,Phon,ses-7,72,-0.0130022580341985,-0.0146752445674644,-0.0084739793402729,BrainAlign/gpt2-babylm-3,0.8460260208123772,0.8625655350367195,72,104,-0.015368626631262924,0.0081448036195669,134601216
ds003604,babylm-gpt2-3,BrainAlign/gpt2-babylm-3@checkpoint-08,1719,,Phon,ses-7,72,-0.0107433880816538,-0.013000330831215,-0.0070364347423965,BrainAlign/gpt2-babylm-3,0.8460260208123772,0.8625655350367195,72,104,-0.012698649707414088,0.0081448036195669,134601216
ds003604,babylm-gpt2-3,BrainAlign/gpt2-babylm-3@checkpoint-09,1908,,Phon,ses-7,72,-0.0110169929669933,-0.0133360074307351,-0.0070915600145775,BrainAlign/gpt2-babylm-3,0.8460260208123772,0.8625655350367195,72,104,-0.013022049790400635,0.0081448036195669,134601216
ds003604,babylm-gpt2-3,BrainAlign/gpt2-babylm-3@checkpoint-01,191,,Phon,ses-9,72,-0.012859555369299,-0.0093181156517927,-0.008639355156816,BrainAlign/gpt2-babylm-3,0.8734471064940128,0.8799092800838068,72,96,-0.014722763718248287,0.008728626502912,134601216
ds003604,babylm-gpt2-3,BrainAlign/gpt2-babylm-3@checkpoint-02,382,,Phon,ses-9,72,-0.0149990131024062,-0.0083021328500169,-0.0099035613988344,BrainAlign/gpt2-babylm-3,0.8734471064940128,0.8799092800838068,72,96,-0.017172205381287175,0.008728626502912,134601216
ds003604,babylm-gpt2-3,BrainAlign/gpt2-babylm-3@checkpoint-03,573,,Phon,ses-9,72,-0.0145601912153477,-0.0166850755574362,-0.0099298990288764,BrainAlign/gpt2-babylm-3,0.8734471064940128,0.8799092800838068,72,96,-0.01666980302195037,0.008728626502912,134601216
ds003604,babylm-gpt2-3,BrainAlign/gpt2-babylm-3@checkpoint-04,764,,Phon,ses-9,72,-0.0140534691641311,-0.0156035996948599,-0.0094221340217867,BrainAlign/gpt2-babylm-3,0.8734471064940128,0.8799092800838068,72,96,-0.0160896625103508,0.008728626502912,134601216
ds003604,babylm-gpt2-3,BrainAlign/gpt2-babylm-3@checkpoint-05,1146,,Phon,ses-9,72,-0.0135095398897043,-0.0126734927340401,-0.0092169455086684,BrainAlign/gpt2-babylm-3,0.8734471064940128,0.8799092800838068,72,96,-0.015466923857508828,0.008728626502912,134601216
ds003604,babylm-gpt2-3,BrainAlign/gpt2-babylm-3@checkpoint-06,1337,,Phon,ses-9,72,-0.0068391397811584,-0.0126242586504422,-0.0044675970587604,BrainAlign/gpt2-babylm-3,0.8734471064940128,0.8799092800838068,72,96,-0.007830056027789108,0.008728626502912,134601216
ds003604,babylm-gpt2-3,BrainAlign/gpt2-babylm-3@checkpoint-07,1528,,Phon,ses-9,72,-0.0114007176080162,-0.0145475776408308,-0.0073353362182225,BrainAlign/gpt2-babylm-3,0.8734471064940128,0.8799092800838068,72,96,-0.013052556386360126,0.008728626502912,134601216
ds003604,babylm-gpt2-3,BrainAlign/gpt2-babylm-3@checkpoint-08,1719,,Phon,ses-9,72,-0.0089760744425588,-0.0128335011464432,-0.005824291257438,BrainAlign/gpt2-babylm-3,0.8734471064940128,0.8799092800838068,72,96,-0.010276609053739337,0.008728626502912,134601216
ds003604,babylm-gpt2-3,BrainAlign/gpt2-babylm-3@checkpoint-09,1908,,Phon,ses-9,72,-0.0092028505133802,-0.0131627997548972,-0.0058928915961522,BrainAlign/gpt2-babylm-3,0.8734471064940128,0.8799092800838068,72,96,-0.010536242486760453,0.008728626502912,134601216
ds003604,babylm-gpt2-3,BrainAlign/gpt2-babylm-3@checkpoint-01,191,,Plaus,ses-5,60,0.0120862541560778,0.0109558934068829,0.007807404994363,BrainAlign/gpt2-babylm-3,0.8377735419584034,0.851372700209319,60,82,0.014426636257603249,0.0058908227201663,134601216
ds003604,babylm-gpt2-3,BrainAlign/gpt2-babylm-3@checkpoint-02,382,,Plaus,ses-5,60,0.0014768462594841,1.0885811148643454e-06,0.0013688348934729,BrainAlign/gpt2-babylm-3,0.8377735419584034,0.851372700209319,60,82,0.0017628227504437322,0.0058908227201663,134601216
ds003604,babylm-gpt2-3,BrainAlign/gpt2-babylm-3@checkpoint-03,573,,Plaus,ses-5,60,-0.0036879655963417,-0.001041387740691,-0.0022847981399686,BrainAlign/gpt2-babylm-3,0.8377735419584034,0.851372700209319,60,82,-0.004402103207652758,0.0058908227201663,134601216
ds003604,babylm-gpt2-3,BrainAlign/gpt2-babylm-3@checkpoint-04,764,,Plaus,ses-5,60,0.0034111764172546,0.0009546879191334,0.0020663466544027,BrainAlign/gpt2-babylm-3,0.8377735419584034,0.851372700209319,60,82,0.004071716575437005,0.0058908227201663,134601216
ds003604,babylm-gpt2-3,BrainAlign/gpt2-babylm-3@checkpoint-05,1146,,Plaus,ses-5,60,0.0068211896729146,0.0029464448242528,0.0043568935176757,BrainAlign/gpt2-babylm-3,0.8377735419584034,0.851372700209319,60,82,0.00814204475468298,0.0058908227201663,134601216
ds003604,babylm-gpt2-3,BrainAlign/gpt2-babylm-3@checkpoint-06,1337,,Plaus,ses-5,60,0.0052387034543913,0.0023175528043694,0.0034511502237211,BrainAlign/gpt2-babylm-3,0.8377735419584034,0.851372700209319,60,82,0.006253125924871245,0.0058908227201663,134601216
ds003604,babylm-gpt2-3,BrainAlign/gpt2-babylm-3@checkpoint-07,1528,,Plaus,ses-5,60,0.0031174580974146,0.0024162326600662,0.002293740598442,BrainAlign/gpt2-babylm-3,0.8377735419584034,0.851372700209319,60,82,0.0037211226438676266,0.0058908227201663,134601216
ds003604,babylm-gpt2-3,BrainAlign/gpt2-babylm-3@checkpoint-08,1719,,Plaus,ses-5,60,0.0029178206153902,0.0042492114292434,0.0018951624493393,BrainAlign/gpt2-babylm-3,0.8377735419584034,0.851372700209319,60,82,0.003482827362355487,0.0058908227201663,134601216
ds003604,babylm-gpt2-3,BrainAlign/gpt2-babylm-3@checkpoint-09,1908,,Plaus,ses-5,60,0.0030234270320951,0.0043588354456876,0.0020471842433881,BrainAlign/gpt2-babylm-3,0.8377735419584034,0.851372700209319,60,82,0.003608883404252002,0.0058908227201663,134601216
ds003604,babylm-gpt2-3,BrainAlign/gpt2-babylm-3@checkpoint-01,191,,Plaus,ses-7,60,0.0185572954006464,0.0110831111179869,0.0125711803725811,BrainAlign/gpt2-babylm-3,0.8460574663445363,0.8583435840524389,60,103,0.02193384744989579,0.0063089941228393,134601216
ds003604,babylm-gpt2-3,BrainAlign/gpt2-babylm-3@checkpoint-02,382,,Plaus,ses-7,60,0.0056041677454088,0.0007078380805919,0.0036798216618281,BrainAlign/gpt2-babylm-3,0.8460574663445363,0.8583435840524389,60,103,0.0066238618159379726,0.0063089941228393,134601216
ds003604,babylm-gpt2-3,BrainAlign/gpt2-babylm-3@checkpoint-03,573,,Plaus,ses-7,60,0.0036384679309396,-0.0006416624695847,0.0020701791366056,BrainAlign/gpt2-babylm-3,0.8460574663445363,0.8583435840524389,60,103,0.00430049739606922,0.0063089941228393,134601216
ds003604,babylm-gpt2-3,BrainAlign/gpt2-babylm-3@checkpoint-04,764,,Plaus,ses-7,60,0.0090968011806425,0.0013981664013425,0.0056369425734479,BrainAlign/gpt2-babylm-3,0.8460574663445363,0.8583435840524389,60,103,0.01075198971997258,0.0063089941228393,134601216
ds003604,babylm-gpt2-3,BrainAlign/gpt2-babylm-3@checkpoint-05,1146,,Plaus,ses-7,60,0.0158351640099235,0.0036236146482308,0.0099076052415581,BrainAlign/gpt2-babylm-3,0.8460574663445363,0.8583435840524389,60,103,0.01871641660269329,0.0063089941228393,134601216
ds003604,babylm-gpt2-3,BrainAlign/gpt2-babylm-3@checkpoint-06,1337,,Plaus,ses-7,60,0.0144312571795135,0.0030857627220679,0.0092931305950247,BrainAlign/gpt2-babylm-3,0.8460574663445363,0.8583435840524389,60,103,0.017057064979126044,0.0063089941228393,134601216
ds003604,babylm-gpt2-3,BrainAlign/gpt2-babylm-3@checkpoint-07,1528,,Plaus,ses-7,60,0.01165224880983,0.0031040942912235,0.0076937080223433,BrainAlign/gpt2-babylm-3,0.8460574663445363,0.8583435840524389,60,103,0.013772408226801118,0.0063089941228393,134601216
ds003604,babylm-gpt2-3,BrainAlign/gpt2-babylm-3@checkpoint-08,1719,,Plaus,ses-7,60,0.0134674560721609,0.0049490326710795,0.0086083937747714,BrainAlign/gpt2-babylm-3,0.8460574663445363,0.8583435840524389,60,103,0.01591789755174456,0.0063089941228393,134601216
ds003604,babylm-gpt2-3,BrainAlign/gpt2-babylm-3@checkpoint-09,1908,,Plaus,ses-7,60,0.013383357865854,0.0050979809864987,0.0086275561857859,BrainAlign/gpt2-babylm-3,0.8460574663445363,0.8583435840524389,60,103,0.01581849744046104,0.0063089941228393,134601216
ds003604,babylm-gpt2-3,BrainAlign/gpt2-babylm-3@checkpoint-01,191,,Plaus,ses-9,60,0.0212464276264274,0.0114743705443987,0.0140862883367985,BrainAlign/gpt2-babylm-3,0.8571028945001105,0.8668304036711462,60,89,0.024788654621005556,0.0059238995685712,134601216
ds003604,babylm-gpt2-3,BrainAlign/gpt2-babylm-3@checkpoint-02,382,,Plaus,ses-9,60,0.0109582276156949,0.0011726801061714,0.0075250788054152,BrainAlign/gpt2-babylm-3,0.8571028945001105,0.8668304036711462,60,89,0.012785194970186264,0.0059238995685712,134601216
ds003604,babylm-gpt2-3,BrainAlign/gpt2-babylm-3@checkpoint-03,573,,Plaus,ses-9,60,0.008381304236433,-0.0004757455801714,0.0055347430480369,BrainAlign/gpt2-babylm-3,0.8571028945001105,0.8668304036711462,60,89,0.009778644186380029,0.0059238995685712,134601216
ds003604,babylm-gpt2-3,BrainAlign/gpt2-babylm-3@checkpoint-04,764,,Plaus,ses-9,60,0.0137784735804425,0.0016837520316063,0.0089916419950624,BrainAlign/gpt2-babylm-3,0.8571028945001105,0.8668304036711462,60,89,0.016075635339533583,0.0059238995685712,134601216
ds003604,babylm-gpt2-3,BrainAlign/gpt2-babylm-3@checkpoint-05,1146,,Plaus,ses-9,60,0.0191227044647514,0.0037526823978249,0.0125034731869963,BrainAlign/gpt2-babylm-3,0.8571028945001105,0.8668304036711462,60,89,0.022310862076722268,0.0059238995685712,134601216
ds003604,babylm-gpt2-3,BrainAlign/gpt2-babylm-3@checkpoint-06,1337,,Plaus,ses-9,60,0.0192830065266728,0.0033346631872361,0.0128573390437318,BrainAlign/gpt2-babylm-3,0.8571028945001105,0.8668304036711462,60,89,0.02249788986877621,0.0059238995685712,134601216
ds003604,babylm-gpt2-3,BrainAlign/gpt2-babylm-3@checkpoint-07,1528,,Plaus,ses-9,60,0.0174732461066371,0.0033326393341586,0.0117714690862404,BrainAlign/gpt2-babylm-3,0.8571028945001105,0.8668304036711462,60,89,0.020386404268099047,0.0059238995685712,134601216
ds003604,babylm-gpt2-3,BrainAlign/gpt2-babylm-3@checkpoint-08,1719,,Plaus,ses-9,60,0.0194503135264207,0.0051601100628978,0.0127628044827266,BrainAlign/gpt2-babylm-3,0.8571028945001105,0.8668304036711462,60,89,0.022693090469335934,0.0059238995685712,134601216
ds003604,babylm-gpt2-3,BrainAlign/gpt2-babylm-3@checkpoint-09,1908,,Plaus,ses-9,60,0.0191161799397137,0.0052945546683628,0.0126363325700306,BrainAlign/gpt2-babylm-3,0.8571028945001105,0.8668304036711462,60,89,0.022303249775936018,0.0059238995685712,134601216
ds003604,babylm-gpt2-3,BrainAlign/gpt2-babylm-3@checkpoint-01,191,,Sem,ses-5,72,-0.020324363037307,-0.0204835760137204,-0.0136484048889991,BrainAlign/gpt2-babylm-3,0.8591956418414916,0.8653112906283371,72,89,-0.02365510489991118,0.0077235660279985,134601216
ds003604,babylm-gpt2-3,BrainAlign/gpt2-babylm-3@checkpoint-02,382,,Sem,ses-5,72,-0.0229102945137911,-0.0166889447778045,-0.015406901071574,BrainAlign/gpt2-babylm-3,0.8591956418414916,0.8653112906283371,72,89,-0.026664816949825382,0.0077235660279985,134601216
ds003604,babylm-gpt2-3,BrainAlign/gpt2-babylm-3@checkpoint-03,573,,Sem,ses-5,72,-0.0094193338026419,-0.0106228400623348,-0.0066358577645477,BrainAlign/gpt2-babylm-3,0.8591956418414916,0.8653112906283371,72,89,-0.010962967389422143,0.0077235660279985,134601216
ds003604,babylm-gpt2-3,BrainAlign/gpt2-babylm-3@checkpoint-04,764,,Sem,ses-5,72,-0.0111017907409814,-0.0107691342747415,-0.0076250501486851,BrainAlign/gpt2-babylm-3,0.8591956418414916,0.8653112906283371,72,89,-0.01292114414964585,0.0077235660279985,134601216
ds003604,babylm-gpt2-3,BrainAlign/gpt2-babylm-3@checkpoint-05,1146,,Sem,ses-5,72,-0.0087125079476129,-0.0092581074307323,-0.0059229042443397,BrainAlign/gpt2-babylm-3,0.8591956418414916,0.8653112906283371,72,89,-0.010140307426303523,0.0077235660279985,134601216
ds003604,babylm-gpt2-3,BrainAlign/gpt2-babylm-3@checkpoint-06,1337,,Sem,ses-5,72,-0.0118633976496361,-0.0141348683395528,-0.0081003524954904,BrainAlign/gpt2-babylm-3,0.8591956418414916,0.8653112906283371,72,89,-0.01380756264569684,0.0077235660279985,134601216
ds003604,babylm-gpt2-3,BrainAlign/gpt2-babylm-3@checkpoint-07,1528,,Sem,ses-5,72,-0.0155976551616429,-0.011882239627699,-0.010657552621666,BrainAlign/gpt2-babylm-3,0.8591956418414916,0.8653112906283371,72,89,-0.018153787568350385,0.0077235660279985,134601216
ds003604,babylm-gpt2-3,BrainAlign/gpt2-babylm-3@checkpoint-08,1719,,Sem,ses-5,72,-0.012799692241304,-0.0105578554433474,-0.0088004434521895,BrainAlign/gpt2-babylm-3,0.8591956418414916,0.8653112906283371,72,89,-0.014897296515460385,0.0077235660279985,134601216
ds003604,babylm-gpt2-3,BrainAlign/gpt2-babylm-3@checkpoint-09,1908,,Sem,ses-5,72,-0.0128340458280152,-0.0106883288017602,-0.008770430804002,BrainAlign/gpt2-babylm-3,0.8591956418414916,0.8653112906283371,72,89,-0.014937279943027092,0.0077235660279985,134601216
ds003604,babylm-gpt2-3,BrainAlign/gpt2-babylm-3@checkpoint-01,191,,Sem,ses-7,72,-0.0183619026290432,-0.0207927799540666,-0.0121532850068447,BrainAlign/gpt2-babylm-3,0.8546161144168992,0.8628169351539338,72,117,-0.021485556285785044,0.0074296612798053,134601216
ds003604,babylm-gpt2-3,BrainAlign/gpt2-babylm-3@checkpoint-02,382,,Sem,ses-7,72,-0.0164660603684393,-0.0166154556380481,-0.011137142489641,BrainAlign/gpt2-babylm-3,0.8546161144168992,0.8628169351539338,72,117,-0.019267200899522028,0.0074296612798053,134601216
ds003604,babylm-gpt2-3,BrainAlign/gpt2-babylm-3@checkpoint-03,573,,Sem,ses-7,72,-0.0115639505023634,-0.0104876931959601,-0.007627500160782,BrainAlign/gpt2-babylm-3,0.8546161144168992,0.8628169351539338,72,117,-0.01353116365030565,0.0074296612798053,134601216
ds003604,babylm-gpt2-3,BrainAlign/gpt2-babylm-3@checkpoint-04,764,,Sem,ses-7,72,-0.012607322216389,-0.0110931656375451,-0.008518692061042,BrainAlign/gpt2-babylm-3,0.8546161144168992,0.8628169351539338,72,117,-0.014752029599852466,0.0074296612798053,134601216
ds003604,babylm-gpt2-3,BrainAlign/gpt2-babylm-3@checkpoint-05,1146,,Sem,ses-7,72,-0.0135409995972463,-0.0101149944461084,-0.0089676567778053,BrainAlign/gpt2-babylm-3,0.8546161144168992,0.8628169351539338,72,117,-0.015844540453681083,0.0074296612798053,134601216
ds003604,babylm-gpt2-3,BrainAlign/gpt2-babylm-3@checkpoint-06,1337,,Sem,ses-7,72,-0.017787899144725,-0.0150748189752393,-0.0119695340995746,BrainAlign/gpt2-babylm-3,0.8546161144168992,0.8628169351539338,72,117,-0.020813905617566787,0.0074296612798053,134601216
ds003604,babylm-gpt2-3,BrainAlign/gpt2-babylm-3@checkpoint-07,1528,,Sem,ses-7,72,-0.0183125076256716,-0.012677510730263,-0.0123217233385089,BrainAlign/gpt2-babylm-3,0.8546161144168992,0.8628169351539338,72,117,-0.021427758401403586,0.0074296612798053,134601216
ds003604,babylm-gpt2-3,BrainAlign/gpt2-babylm-3@checkpoint-08,1719,,Sem,ses-7,72,-0.0151579888971262,-0.0114583937956503,-0.0101840877839334,BrainAlign/gpt2-babylm-3,0.8546161144168992,0.8628169351539338,72,117,-0.017736605525474358,0.0074296612798053,134601216
ds003604,babylm-gpt2-3,BrainAlign/gpt2-babylm-3@checkpoint-09,1908,,Sem,ses-7,72,-0.0151967892989105,-0.0115497791886076,-0.0102496256075264,BrainAlign/gpt2-babylm-3,0.8546161144168992,0.8628169351539338,72,117,-0.017782006496892704,0.0074296612798053,134601216
ds003604,babylm-gpt2-3,BrainAlign/gpt2-babylm-3@checkpoint-01,191,,Sem,ses-9,72,-0.0168544574709369,-0.0203144165436722,-0.0110422045208848,BrainAlign/gpt2-babylm-3,0.8812943730411821,0.886007959425842,72,83,-0.019124662526523707,0.0084082983710845,134601216
ds003604,babylm-gpt2-3,BrainAlign/gpt2-babylm-3@checkpoint-02,382,,Sem,ses-9,72,-0.0133601447250028,-0.0162664581575183,-0.0093094334653277,BrainAlign/gpt2-babylm-3,0.8812943730411821,0.886007959425842,72,83,-0.015159684588589212,0.0084082983710845,134601216
ds003604,babylm-gpt2-3,BrainAlign/gpt2-babylm-3@checkpoint-03,573,,Sem,ses-9,72,-0.0096978626661456,-0.0100733285739284,-0.0066658704127351,BrainAlign/gpt2-babylm-3,0.8812943730411821,0.886007959425842,72,83,-0.011004112771854074,0.0084082983710845,134601216
ds003604,babylm-gpt2-3,BrainAlign/gpt2-babylm-3@checkpoint-04,764,,Sem,ses-9,72,-0.0095937397869627,-0.0109095302298036,-0.0066554578613231,BrainAlign/gpt2-babylm-3,0.8812943730411821,0.886007959425842,72,83,-0.010885965099103605,0.0084082983710845,134601216
ds003604,babylm-gpt2-3,BrainAlign/gpt2-babylm-3@checkpoint-05,1146,,Sem,ses-9,72,-0.0073753058133041,-0.0102003438357483,-0.0051713630336049,BrainAlign/gpt2-babylm-3,0.8812943730411821,0.886007959425842,72,83,-0.008368719963402578,0.0084082983710845,134601216
ds003604,babylm-gpt2-3,BrainAlign/gpt2-babylm-3@checkpoint-06,1337,,Sem,ses-9,72,-0.0121618451977223,-0.01501394853729,-0.0082945159541725,BrainAlign/gpt2-babylm-3,0.8812943730411821,0.886007959425842,72,83,-0.013799980539707801,0.0084082983710845,134601216
ds003604,babylm-gpt2-3,BrainAlign/gpt2-babylm-3@checkpoint-07,1528,,Sem,ses-9,72,-0.0122354123922078,-0.0126667193547508,-0.0083894539229287,BrainAlign/gpt2-babylm-3,0.8812943730411821,0.886007959425842,72,83,-0.013883456840857476,0.0084082983710845,134601216
ds003604,babylm-gpt2-3,BrainAlign/gpt2-babylm-3@checkpoint-08,1719,,Sem,ses-9,72,-0.0099587163739387,-0.0115136448059302,-0.0068214461808905,BrainAlign/gpt2-babylm-3,0.8812943730411821,0.886007959425842,72,83,-0.011300102075510856,0.0084082983710845,134601216
ds003604,babylm-gpt2-3,BrainAlign/gpt2-babylm-3@checkpoint-09,1908,,Sem,ses-9,72,-0.009917718434906,-0.0115633855653025,-0.0067865335085091,BrainAlign/gpt2-babylm-3,0.8812943730411821,0.886007959425842,72,83,-0.0112535819339023,0.0084082983710845,134601216
ds003604,babylm-gpt2-5,BrainAlign/gpt2-babylm-5@checkpoint-01,191,,Gram,ses-5,60,0.0305559748497629,0.0344672719644414,0.0203894440665191,BrainAlign/gpt2-babylm-5,0.8398150343230842,0.8472510876978319,60,97,0.03638417222953375,0.0081285104156867,134601216
ds003604,babylm-gpt2-5,BrainAlign/gpt2-babylm-5@checkpoint-02,382,,Gram,ses-5,60,0.0445559068237448,0.0316534571572152,0.0294966992747027,BrainAlign/gpt2-babylm-5,0.8398150343230842,0.8472510876978319,60,97,0.053054428657208046,0.0081285104156867,134601216
ds003604,babylm-gpt2-5,BrainAlign/gpt2-babylm-5@checkpoint-03,573,,Gram,ses-5,60,0.0236581431068655,0.0184642675741273,0.015611616253557,BrainAlign/gpt2-babylm-5,0.8398150343230842,0.8472510876978319,60,97,0.028170659180845294,0.0081285104156867,134601216
ds003604,babylm-gpt2-5,BrainAlign/gpt2-babylm-5@checkpoint-04,764,,Gram,ses-5,60,0.0276490035565207,0.0249469436800056,0.0186929319446972,BrainAlign/gpt2-babylm-5,0.8398150343230842,0.8472510876978319,60,97,0.03292272991850713,0.0081285104156867,134601216
ds003604,babylm-gpt2-5,BrainAlign/gpt2-babylm-5@checkpoint-05,1146,,Gram,ses-5,60,0.0225662708748756,0.0263506266717881,0.0152858552663096,BrainAlign/gpt2-babylm-5,0.8398150343230842,0.8472510876978319,60,97,0.026870524999668147,0.0081285104156867,134601216
ds003604,babylm-gpt2-5,BrainAlign/gpt2-babylm-5@checkpoint-06,1337,,Gram,ses-5,60,0.0279246847565633,0.0273292474708383,0.018289243819324,BrainAlign/gpt2-babylm-5,0.8398150343230842,0.8472510876978319,60,97,0.03325099410618604,0.0081285104156867,134601216
ds003604,babylm-gpt2-5,BrainAlign/gpt2-babylm-5@checkpoint-07,1528,,Gram,ses-5,60,0.0323545213100157,0.0314875886736446,0.0214842564824839,BrainAlign/gpt2-babylm-5,0.8398150343230842,0.8472510876978319,60,97,0.038525770541955585,0.0081285104156867,134601216
ds003604,babylm-gpt2-5,BrainAlign/gpt2-babylm-5@checkpoint-08,1719,,Gram,ses-5,60,0.0333454202954851,0.0297566487449727,0.0221255585044376,BrainAlign/gpt2-babylm-5,0.8398150343230842,0.8472510876978319,60,97,0.0397056720023624,0.0081285104156867,134601216
ds003604,babylm-gpt2-5,BrainAlign/gpt2-babylm-5@checkpoint-09,1908,,Gram,ses-5,60,0.0344778809160677,0.0304732513313725,0.0229176048263725,BrainAlign/gpt2-babylm-5,0.8398150343230842,0.8472510876978319,60,97,0.04105413633593485,0.0081285104156867,134601216
ds003604,babylm-gpt2-5,BrainAlign/gpt2-babylm-5@checkpoint-01,191,,Gram,ses-7,60,0.014887932815743,0.0377309380723012,0.0097658034000504,BrainAlign/gpt2-babylm-5,0.8473571253286221,0.8585290564097823,60,104,0.017569844367531767,0.0080555141424375,134601216
ds003604,babylm-gpt2-5,BrainAlign/gpt2-babylm-5@checkpoint-02,382,,Gram,ses-7,60,0.0340734728928517,0.0346765674368788,0.022782190455203,BrainAlign/gpt2-babylm-5,0.8473571253286221,0.8585290564097823,60,104,0.04021146677634572,0.0080555141424375,134601216
ds003604,babylm-gpt2-5,BrainAlign/gpt2-babylm-5@checkpoint-03,573,,Gram,ses-7,60,0.012310535515757,0.020947342919922,0.0081791557680454,BrainAlign/gpt2-babylm-5,0.8473571253286221,0.8585290564097823,60,104,0.014528154833161671,0.0080555141424375,134601216
ds003604,babylm-gpt2-5,BrainAlign/gpt2-babylm-5@checkpoint-04,764,,Gram,ses-7,60,0.0141474738827076,0.0271987716015953,0.0097198136136155,BrainAlign/gpt2-babylm-5,0.8473571253286221,0.8585290564097823,60,104,0.016695999195405275,0.0080555141424375,134601216
ds003604,babylm-gpt2-5,BrainAlign/gpt2-babylm-5@checkpoint-05,1146,,Gram,ses-7,60,0.0058371549638697,0.0282083363516536,0.0044910303947776,BrainAlign/gpt2-babylm-5,0.8473571253286221,0.8585290564097823,60,104,0.006888659798082107,0.0080555141424375,134601216
ds003604,babylm-gpt2-5,BrainAlign/gpt2-babylm-5@checkpoint-06,1337,,Gram,ses-7,60,0.012058762426035,0.0294535518677159,0.0083937747714084,BrainAlign/gpt2-babylm-5,0.8473571253286221,0.8585290564097823,60,104,0.014231027350313919,0.0080555141424375,134601216
ds003604,babylm-gpt2-5,BrainAlign/gpt2-babylm-5@checkpoint-07,1528,,Gram,ses-7,60,0.0185409224134373,0.0340611007004044,0.01263122259376,BrainAlign/gpt2-babylm-5,0.8473571253286221,0.8585290564097823,60,104,0.021880883348029626,0.0080555141424375,134601216
ds003604,babylm-gpt2-5,BrainAlign/gpt2-babylm-5@checkpoint-08,1719,,Gram,ses-7,60,0.0195341931665489,0.0321743097175251,0.0131141153513268,BrainAlign/gpt2-babylm-5,0.8473571253286221,0.8585290564097823,60,104,0.023053081850197638,0.0080555141424375,134601216
ds003604,babylm-gpt2-5,BrainAlign/gpt2-babylm-5@checkpoint-09,1908,,Gram,ses-7,60,0.0199995876456895,0.032897628554928,0.0133977190343422,BrainAlign/gpt2-babylm-5,0.8473571253286221,0.8585290564097823,60,104,0.023602312470002846,0.0080555141424375,134601216
ds003604,babylm-gpt2-5,BrainAlign/gpt2-babylm-5@checkpoint-01,191,,Gram,ses-9,60,-0.0030021179116817,0.0374194031583609,-0.0022490283060748,BrainAlign/gpt2-babylm-5,0.8562953703310558,0.8666432094643701,60,96,-0.0035059373385623225,0.0061329615387372,134601216
ds003604,babylm-gpt2-5,BrainAlign/gpt2-babylm-5@checkpoint-02,382,,Gram,ses-9,60,0.0065008127713368,0.0341609141211115,0.0047937964888075,BrainAlign/gpt2-babylm-5,0.8562953703310558,0.8666432094643701,60,96,0.007591787829967472,0.0061329615387372,134601216
ds003604,babylm-gpt2-5,BrainAlign/gpt2-babylm-5@checkpoint-03,573,,Gram,ses-9,60,-0.0041773698948168,0.0209137432431539,-0.0028366755771877,BrainAlign/gpt2-babylm-5,0.8562953703310558,0.8666432094643701,60,96,-0.00487842167499022,0.0061329615387372,134601216
ds003604,babylm-gpt2-5,BrainAlign/gpt2-babylm-5@checkpoint-04,764,,Gram,ses-9,60,-0.0068411484438675,0.0268548207794768,-0.0041882643007476,BrainAlign/gpt2-babylm-5,0.8562953703310558,0.8666432094643701,60,96,-0.007989239088403124,0.0061329615387372,134601216
ds003604,babylm-gpt2-5,BrainAlign/gpt2-babylm-5@checkpoint-05,1146,,Gram,ses-9,60,-0.0106474546418508,0.0278755334795276,-0.0069029391944761,BrainAlign/gpt2-babylm-5,0.8562953703310558,0.8666432094643701,60,96,-0.01243432466268543,0.0061329615387372,134601216
ds003604,babylm-gpt2-5,BrainAlign/gpt2-babylm-5@checkpoint-06,1337,,Gram,ses-9,60,-0.0089117795003112,0.0291934441844473,-0.0057416970869941,BrainAlign/gpt2-babylm-5,0.8562953703310558,0.8666432094643701,60,96,-0.010407366206903327,0.0061329615387372,134601216
ds003604,babylm-gpt2-5,BrainAlign/gpt2-babylm-5@checkpoint-07,1528,,Gram,ses-9,60,-0.0055761566501889,0.0336584809191382,-0.003842063408418,BrainAlign/gpt2-babylm-5,0.8562953703310558,0.8666432094643701,60,96,-0.006511954686889267,0.0061329615387372,134601216
ds003604,babylm-gpt2-5,BrainAlign/gpt2-babylm-5@checkpoint-08,1719,,Gram,ses-9,60,-0.0051429931083324,0.0317533317010276,-0.003543129796591,BrainAlign/gpt2-babylm-5,0.8562953703310558,0.8666432094643701,60,96,-0.006006097062447093,0.0061329615387372,134601216
ds003604,babylm-gpt2-5,BrainAlign/gpt2-babylm-5@checkpoint-09,1908,,Gram,ses-9,60,-0.0043796518112013,0.0324998151701109,-0.0030883419085122,BrainAlign/gpt2-babylm-5,0.8562953703310558,0.8666432094643701,60,96,-0.005114650812030041,0.0061329615387372,134601216
ds003604,babylm-gpt2-5,BrainAlign/gpt2-babylm-5@checkpoint-01,191,,Phon,ses-5,72,-0.010779092672298,-0.0095880311265128,-0.0070921725176018,BrainAlign/gpt2-babylm-5,0.8557220149626009,0.8634857149064381,72,93,-0.012596488677189283,0.0089146943876321,134601216
ds003604,babylm-gpt2-5,BrainAlign/gpt2-babylm-5@checkpoint-02,382,,Phon,ses-5,72,-0.0222311491483873,-0.0123887799349762,-0.0149946865362647,BrainAlign/gpt2-babylm-5,0.8557220149626009,0.8634857149064381,72,93,-0.02597940541398705,0.0089146943876321,134601216
ds003604,babylm-gpt2-5,BrainAlign/gpt2-babylm-5@checkpoint-03,573,,Phon,ses-5,72,-0.010092569963077,-0.0158448638993551,-0.0069022965800893,BrainAlign/gpt2-babylm-5,0.8557220149626009,0.8634857149064381,72,93,-0.011794215629146917,0.0089146943876321,134601216
ds003604,babylm-gpt2-5,BrainAlign/gpt2-babylm-5@checkpoint-04,764,,Phon,ses-5,72,-0.0030686451817445,-0.0132894207276284,-0.0020776102582006,BrainAlign/gpt2-babylm-5,0.8557220149626009,0.8634857149064381,72,93,-0.0035860304258721384,0.0089146943876321,134601216
ds003604,babylm-gpt2-5,BrainAlign/gpt2-babylm-5@checkpoint-05,1146,,Phon,ses-5,72,-0.01134303548903,-0.0111822761630662,-0.0077420382263137,BrainAlign/gpt2-babylm-5,0.8557220149626009,0.8634857149064381,72,93,-0.013255514396840362,0.0089146943876321,134601216
ds003604,babylm-gpt2-5,BrainAlign/gpt2-babylm-5@checkpoint-06,1337,,Phon,ses-5,72,-0.0135885872735479,-0.0126609240253671,-0.0089970569229685,BrainAlign/gpt2-babylm-5,0.8557220149626009,0.8634857149064381,72,93,-0.01587967474944744,0.0089146943876321,134601216
ds003604,babylm-gpt2-5,BrainAlign/gpt2-babylm-5@checkpoint-07,1528,,Phon,ses-5,72,-0.0139107859019477,-0.0134063074706568,-0.00931555849557,BrainAlign/gpt2-babylm-5,0.8557220149626009,0.8634857149064381,72,93,-0.016256197291541773,0.0089146943876321,134601216
ds003604,babylm-gpt2-5,BrainAlign/gpt2-babylm-5@checkpoint-08,1719,,Phon,ses-5,72,-0.0105844130055529,-0.0105507488816441,-0.0069739594339247,BrainAlign/gpt2-babylm-5,0.8557220149626009,0.8634857149064381,72,93,-0.012368985278490806,0.0089146943876321,134601216
ds003604,babylm-gpt2-5,BrainAlign/gpt2-babylm-5@checkpoint-09,1908,,Phon,ses-5,72,-0.011517652028751,-0.0111120310089481,-0.0076611878271148,BrainAlign/gpt2-babylm-5,0.8557220149626009,0.8634857149064381,72,93,-0.013459571949021757,0.0089146943876321,134601216
ds003604,babylm-gpt2-5,BrainAlign/gpt2-babylm-5@checkpoint-01,191,,Phon,ses-7,72,-0.007322621690251,-0.0095247369660814,-0.004925136817863,BrainAlign/gpt2-babylm-5,0.8460260208123772,0.8625655350367195,72,104,-0.008655314978633423,0.0081448036195669,134601216
ds003604,babylm-gpt2-5,BrainAlign/gpt2-babylm-5@checkpoint-02,382,,Phon,ses-7,72,-0.0172176985927544,-0.0123487036134386,-0.0114948442557935,BrainAlign/gpt2-babylm-5,0.8460260208123772,0.8625655350367195,72,104,-0.020351263636337685,0.0081448036195669,134601216
ds003604,babylm-gpt2-5,BrainAlign/gpt2-babylm-5@checkpoint-03,573,,Phon,ses-7,72,-0.0036175580797219,-0.015610994617496,-0.0023930493156809,BrainAlign/gpt2-babylm-5,0.8460260208123772,0.8625655350367195,72,104,-0.004275941863168963,0.0081448036195669,134601216
ds003604,babylm-gpt2-5,BrainAlign/gpt2-babylm-5@checkpoint-04,764,,Phon,ses-7,72,0.0028143251589295,-0.0127753805447758,0.0020384100646496,BrainAlign/gpt2-babylm-5,0.8460260208123772,0.8625655350367195,72,104,0.00332652316796014,0.0081448036195669,134601216
ds003604,babylm-gpt2-5,BrainAlign/gpt2-babylm-5@checkpoint-05,1146,,Phon,ses-7,72,-0.0077813457336522,-0.0113156537637782,-0.0052038256938893,BrainAlign/gpt2-babylm-5,0.8460260208123772,0.8625655350367195,72,104,-0.009197525303276536,0.0081448036195669,134601216
ds003604,babylm-gpt2-5,BrainAlign/gpt2-babylm-5@checkpoint-06,1337,,Phon,ses-7,72,-0.0127201332006518,-0.0129887323606768,-0.0083318786386507,BrainAlign/gpt2-babylm-5,0.8460260208123772,0.8625655350367195,72,104,-0.01503515599725595,0.0081448036195669,134601216
ds003604,babylm-gpt2-5,BrainAlign/gpt2-babylm-5@checkpoint-07,1528,,Phon,ses-7,72,-0.0114270377516598,-0.0137527887788002,-0.007252648309951,BrainAlign/gpt2-babylm-5,0.8460260208123772,0.8625655350367195,72,104,-0.013506721389830596,0.0081448036195669,134601216
ds003604,babylm-gpt2-5,BrainAlign/gpt2-babylm-5@checkpoint-08,1719,,Phon,ses-7,72,-0.0094311407146733,-0.0109107357001205,-0.0060147796979747,BrainAlign/gpt2-babylm-5,0.8460260208123772,0.8625655350367195,72,104,-0.01114757759532888,0.0081448036195669,134601216
ds003604,babylm-gpt2-5,BrainAlign/gpt2-babylm-5@checkpoint-09,1908,,Phon,ses-7,72,-0.0098633771761776,-0.0114123128764229,-0.0062720309681529,BrainAlign/gpt2-babylm-5,0.8460260208123772,0.8625655350367195,72,104,-0.011658479684474145,0.0081448036195669,134601216
ds003604,babylm-gpt2-5,BrainAlign/gpt2-babylm-5@checkpoint-01,191,,Phon,ses-9,72,-0.0135209975528468,-0.0094014005773584,-0.0088898688937276,BrainAlign/gpt2-babylm-5,0.8734471064940128,0.8799092800838068,72,96,-0.01548004161021224,0.008728626502912,134601216
ds003604,babylm-gpt2-5,BrainAlign/gpt2-babylm-5@checkpoint-02,382,,Phon,ses-9,72,-0.0200262783918731,-0.0120127439701909,-0.0133403158678095,BrainAlign/gpt2-babylm-5,0.8734471064940128,0.8799092800838068,72,96,-0.022927866201604245,0.008728626502912,134601216
ds003604,babylm-gpt2-5,BrainAlign/gpt2-babylm-5@checkpoint-03,573,,Phon,ses-9,72,-0.0112294979808437,-0.0153548367803153,-0.0075644123492859,BrainAlign/gpt2-babylm-5,0.8734471064940128,0.8799092800838068,72,96,-0.012856528915549935,0.008728626502912,134601216
ds003604,babylm-gpt2-5,BrainAlign/gpt2-babylm-5@checkpoint-04,764,,Phon,ses-9,72,-0.0057830348550642,-0.0126306415095188,-0.0039953572270763,BrainAlign/gpt2-babylm-5,0.8734471064940128,0.8799092800838068,72,96,-0.006620933096083067,0.008728626502912,134601216
ds003604,babylm-gpt2-5,BrainAlign/gpt2-babylm-5@checkpoint-05,1146,,Phon,ses-9,72,-0.0124983824332896,-0.0110402050277966,-0.0088696562939279,BrainAlign/gpt2-babylm-5,0.8734471064940128,0.8799092800838068,72,96,-0.014309260790224246,0.008728626502912,134601216
ds003604,babylm-gpt2-5,BrainAlign/gpt2-babylm-5@checkpoint-06,1337,,Phon,ses-9,72,-0.0120440922698174,-0.0126418341143975,-0.007991939460201,BrainAlign/gpt2-babylm-5,0.8734471064940128,0.8799092800838068,72,96,-0.013789148971094518,0.008728626502912,134601216
ds003604,babylm-gpt2-5,BrainAlign/gpt2-babylm-5@checkpoint-07,1528,,Phon,ses-9,72,-0.0129063827465788,-0.0135564639578361,-0.0085970924481439,BrainAlign/gpt2-babylm-5,0.8734471064940128,0.8799092800838068,72,96,-0.014776375868236125,0.008728626502912,134601216
ds003604,babylm-gpt2-5,BrainAlign/gpt2-babylm-5@checkpoint-08,1719,,Phon,ses-9,72,-0.0098265041108552,-0.0106456283597223,-0.0064919195538527,BrainAlign/gpt2-babylm-5,0.8734471064940128,0.8799092800838068,72,96,-0.011250256641525158,0.008728626502912,134601216
ds003604,babylm-gpt2-5,BrainAlign/gpt2-babylm-5@checkpoint-09,1908,,Phon,ses-9,72,-0.0109103549209137,-0.0111424854419674,-0.0072930735095504,BrainAlign/gpt2-babylm-5,0.8734471064940128,0.8799092800838068,72,96,-0.012491145531075713,0.008728626502912,134601216
ds003604,babylm-gpt2-5,BrainAlign/gpt2-babylm-5@checkpoint-01,191,,Plaus,ses-5,60,0.0093065727756856,0.0111419680752728,0.0060125258293331,BrainAlign/gpt2-babylm-5,0.8377735419584034,0.851372700209319,60,82,0.011108697409959128,0.0058908227201663,134601216
ds003604,babylm-gpt2-5,BrainAlign/gpt2-babylm-5@checkpoint-02,382,,Plaus,ses-5,60,0.0016977041370374,-0.0012707781238078,0.0013113476604293,BrainAlign/gpt2-babylm-5,0.8377735419584034,0.851372700209319,60,82,0.0020264475446059066,0.0058908227201663,134601216
ds003604,babylm-gpt2-5,BrainAlign/gpt2-babylm-5@checkpoint-03,573,,Plaus,ses-5,60,0.0009024435217284,0.0017625690692562,0.0008680572189592,BrainAlign/gpt2-babylm-5,0.8377735419584034,0.851372700209319,60,82,0.0010771926738326234,0.0058908227201663,134601216
ds003604,babylm-gpt2-5,BrainAlign/gpt2-babylm-5@checkpoint-04,764,,Plaus,ses-5,60,0.0037132976328563,0.0024849577856047,0.0025479619179018,BrainAlign/gpt2-babylm-5,0.8377735419584034,0.851372700209319,60,82,0.0044323405393968274,0.0058908227201663,134601216
ds003604,babylm-gpt2-5,BrainAlign/gpt2-babylm-5@checkpoint-05,1146,,Plaus,ses-5,60,0.0086706815290009,0.0073984159270939,0.0059575935844247,BrainAlign/gpt2-babylm-5,0.8377735419584034,0.851372700209319,60,82,0.0103496721903297,0.0058908227201663,134601216
ds003604,babylm-gpt2-5,BrainAlign/gpt2-babylm-5@checkpoint-06,1337,,Plaus,ses-5,60,0.0050559107162786,0.0049282097271457,0.003324678311025,BrainAlign/gpt2-babylm-5,0.8377735419584034,0.851372700209319,60,82,0.006034937203268271,0.0058908227201663,134601216
ds003604,babylm-gpt2-5,BrainAlign/gpt2-babylm-5@checkpoint-07,1528,,Plaus,ses-5,60,0.0089708096807353,0.0064355118372595,0.0061504951886379,BrainAlign/gpt2-babylm-5,0.8377735419584034,0.851372700209319,60,82,0.010707917153560231,0.0058908227201663,134601216
ds003604,babylm-gpt2-5,BrainAlign/gpt2-babylm-5@checkpoint-08,1719,,Plaus,ses-5,60,0.0072067360841145,0.0069199592026969,0.0047733565837253,BrainAlign/gpt2-babylm-5,0.8377735419584034,0.851372700209319,60,82,0.008602248368058781,0.0058908227201663,134601216
ds003604,babylm-gpt2-5,BrainAlign/gpt2-babylm-5@checkpoint-09,1908,,Plaus,ses-5,60,0.0070861070296612,0.0066032730736349,0.0046711570583144,BrainAlign/gpt2-babylm-5,0.8377735419584034,0.851372700209319,60,82,0.008458260705030758,0.0058908227201663,134601216
ds003604,babylm-gpt2-5,BrainAlign/gpt2-babylm-5@checkpoint-01,191,,Plaus,ses-7,60,0.015235420579567,0.0112796957936492,0.0100890093991626,BrainAlign/gpt2-babylm-5,0.8460574663445363,0.8583435840524389,60,103,0.01800754816973951,0.0063089941228393,134601216
ds003604,babylm-gpt2-5,BrainAlign/gpt2-babylm-5@checkpoint-02,382,,Plaus,ses-7,60,0.0049552404327781,-0.0007309507799561,0.0030270221932656,BrainAlign/gpt2-babylm-5,0.8460574663445363,0.8583435840524389,60,103,0.005856860355109968,0.0063089941228393,134601216
ds003604,babylm-gpt2-5,BrainAlign/gpt2-babylm-5@checkpoint-03,573,,Plaus,ses-7,60,0.0069149956799907,0.002132028072449,0.0047912415006722,BrainAlign/gpt2-babylm-5,0.8460574663445363,0.8583435840524389,60,103,0.008173198577003913,0.0063089941228393,134601216
ds003604,babylm-gpt2-5,BrainAlign/gpt2-babylm-5@checkpoint-04,764,,Plaus,ses-7,60,0.0098109434473483,0.0028866262305818,0.0063255118759042,BrainAlign/gpt2-babylm-5,0.8460574663445363,0.8583435840524389,60,103,0.011596072179041598,0.0063089941228393,134601216
ds003604,babylm-gpt2-5,BrainAlign/gpt2-babylm-5@checkpoint-05,1146,,Plaus,ses-7,60,0.0130763524535657,0.0080169569796752,0.0087003733476412,BrainAlign/gpt2-babylm-5,0.8460574663445363,0.8583435840524389,60,103,0.015455631530637275,0.0063089941228393,134601216
ds003604,babylm-gpt2-5,BrainAlign/gpt2-babylm-5@checkpoint-06,1337,,Plaus,ses-7,60,0.0114167405062385,0.0058071140997584,0.0076004509554058,BrainAlign/gpt2-babylm-5,0.8460574663445363,0.8583435840524389,60,103,0.013494048525528065,0.0063089941228393,134601216
ds003604,babylm-gpt2-5,BrainAlign/gpt2-babylm-5@checkpoint-07,1528,,Plaus,ses-7,60,0.0139534758408983,0.0071002349036825,0.0092433083263869,BrainAlign/gpt2-babylm-5,0.8460574663445363,0.8583435840524389,60,103,0.016492349983252896,0.0063089941228393,134601216
ds003604,babylm-gpt2-5,BrainAlign/gpt2-babylm-5@checkpoint-08,1719,,Plaus,ses-7,60,0.0145401399248774,0.0075013176021219,0.0094885871873732,BrainAlign/gpt2-babylm-5,0.8460574663445363,0.8583435840524389,60,103,0.01718575924599935,0.0063089941228393,134601216
ds003604,babylm-gpt2-5,BrainAlign/gpt2-babylm-5@checkpoint-09,1908,,Plaus,ses-7,60,0.0141253207938814,0.0072120900423957,0.0091998735280873,BrainAlign/gpt2-babylm-5,0.8460574663445363,0.8583435840524389,60,103,0.01669546260836283,0.0063089941228393,134601216
ds003604,babylm-gpt2-5,BrainAlign/gpt2-babylm-5@checkpoint-01,191,,Plaus,ses-9,60,0.0172239616417222,0.0117446589652566,0.0113358436091762,BrainAlign/gpt2-babylm-5,0.8571028945001105,0.8668304036711462,60,89,0.020095558832254043,0.0059238995685712,134601216
ds003604,babylm-gpt2-5,BrainAlign/gpt2-babylm-5@checkpoint-02,382,,Plaus,ses-9,60,0.0110045744656891,-0.0002498360335561,0.007275967462226,BrainAlign/gpt2-babylm-5,0.8571028945001105,0.8668304036711462,60,89,0.012839268816268921,0.0059238995685712,134601216
ds003604,babylm-gpt2-5,BrainAlign/gpt2-babylm-5@checkpoint-03,573,,Plaus,ses-9,60,0.0114427498815049,0.0022921145603783,0.0080820662189049,BrainAlign/gpt2-babylm-5,0.8571028945001105,0.8668304036711462,60,89,0.013350497303102301,0.0059238995685712,134601216
ds003604,babylm-gpt2-5,BrainAlign/gpt2-babylm-5@checkpoint-04,764,,Plaus,ses-9,60,0.0158338569408944,0.0031674709723978,0.0104492627262362,BrainAlign/gpt2-babylm-5,0.8571028945001105,0.8668304036711462,60,89,0.01847369439830116,0.0059238995685712,134601216
ds003604,babylm-gpt2-5,BrainAlign/gpt2-babylm-5@checkpoint-05,1146,,Plaus,ses-9,60,0.0169001569299753,0.0081681224708086,0.0114674254981428,BrainAlign/gpt2-babylm-5,0.8571028945001105,0.8668304036711462,60,89,0.019717769054825102,0.0059238995685712,134601216
ds003604,babylm-gpt2-5,BrainAlign/gpt2-babylm-5@checkpoint-06,1337,,Plaus,ses-9,60,0.016696777854654,0.0059910652032185,0.0113843883837464,BrainAlign/gpt2-babylm-5,0.8571028945001105,0.8668304036711462,60,89,0.01948048240391498,0.0059238995685712,134601216
ds003604,babylm-gpt2-5,BrainAlign/gpt2-babylm-5@checkpoint-07,1528,,Plaus,ses-9,60,0.020115808588202,0.0072913313682724,0.0136353329309227,BrainAlign/gpt2-babylm-5,0.8571028945001105,0.8668304036711462,60,89,0.02346953757510547,0.0059238995685712,134601216
ds003604,babylm-gpt2-5,BrainAlign/gpt2-babylm-5@checkpoint-08,1719,,Plaus,ses-9,60,0.0203867981894778,0.0076765599450184,0.0134232689156949,BrainAlign/gpt2-babylm-5,0.8571028945001105,0.8668304036711462,60,89,0.023785706850713677,0.0059238995685712,134601216
ds003604,babylm-gpt2-5,BrainAlign/gpt2-babylm-5@checkpoint-09,1908,,Plaus,ses-9,60,0.0199232582768239,0.0073840793233113,0.0130911204581093,BrainAlign/gpt2-babylm-5,0.8571028945001105,0.8668304036711462,60,89,0.023244885071171967,0.0059238995685712,134601216
ds003604,babylm-gpt2-5,BrainAlign/gpt2-babylm-5@checkpoint-01,191,,Sem,ses-5,72,-0.0217740391235144,-0.0208529792259577,-0.0145849220130524,BrainAlign/gpt2-babylm-5,0.8591956418414916,0.8653112906283371,72,89,-0.025342352850913758,0.0077235660279985,134601216
ds003604,babylm-gpt2-5,BrainAlign/gpt2-babylm-5@checkpoint-02,382,,Sem,ses-5,72,-0.0206302641028363,-0.0152952742960686,-0.0138413433416327,BrainAlign/gpt2-babylm-5,0.8591956418414916,0.8653112906283371,72,89,-0.024011136810028498,0.0077235660279985,134601216
ds003604,babylm-gpt2-5,BrainAlign/gpt2-babylm-5@checkpoint-03,573,,Sem,ses-5,72,-0.0134556348327777,-0.0130878006823157,-0.0092365456054439,BrainAlign/gpt2-babylm-5,0.8591956418414916,0.8653112906283371,72,89,-0.015660734502724653,0.0077235660279985,134601216
ds003604,babylm-gpt2-5,BrainAlign/gpt2-babylm-5@checkpoint-04,764,,Sem,ses-5,72,-0.0130988670319328,-0.0120401773723297,-0.0088555687243705,BrainAlign/gpt2-babylm-5,0.8591956418414916,0.8653112906283371,72,89,-0.015245499853628611,0.0077235660279985,134601216
ds003604,babylm-gpt2-5,BrainAlign/gpt2-babylm-5@checkpoint-05,1146,,Sem,ses-5,72,-0.0101055863110762,-0.0071875844034163,-0.0067289582242312,BrainAlign/gpt2-babylm-5,0.8591956418414916,0.8653112906283371,72,89,-0.011761682460838791,0.0077235660279985,134601216
ds003604,babylm-gpt2-5,BrainAlign/gpt2-babylm-5@checkpoint-06,1337,,Sem,ses-5,72,-0.0122229141685894,-0.0126825798253438,-0.0083245286023599,BrainAlign/gpt2-babylm-5,0.8591956418414916,0.8653112906283371,72,89,-0.014225996470829796,0.0077235660279985,134601216
ds003604,babylm-gpt2-5,BrainAlign/gpt2-babylm-5@checkpoint-07,1528,,Sem,ses-5,72,-0.0144596765227326,-0.0103774117894766,-0.010030962027875,BrainAlign/gpt2-babylm-5,0.8591956418414916,0.8653112906283371,72,89,-0.016829317816069868,0.0077235660279985,134601216
ds003604,babylm-gpt2-5,BrainAlign/gpt2-babylm-5@checkpoint-08,1719,,Sem,ses-5,72,-0.0112792372027706,-0.0080366536426614,-0.0076899754692538,BrainAlign/gpt2-babylm-5,0.8591956418414916,0.8653112906283371,72,89,-0.013127670408797821,0.0077235660279985,134601216
ds003604,babylm-gpt2-5,BrainAlign/gpt2-babylm-5@checkpoint-09,1908,,Sem,ses-5,72,-0.0115285850999407,-0.0087678529789165,-0.0078143135831733,BrainAlign/gpt2-babylm-5,0.8591956418414916,0.8653112906283371,72,89,-0.01341788125837299,0.0077235660279985,134601216
ds003604,babylm-gpt2-5,BrainAlign/gpt2-babylm-5@checkpoint-01,191,,Sem,ses-7,72,-0.0196944725445477,-0.0210154671795163,-0.0130457019131531,BrainAlign/gpt2-babylm-5,0.8546161144168992,0.8628169351539338,72,117,-0.023044817681661844,0.0074296612798053,134601216
ds003604,babylm-gpt2-5,BrainAlign/gpt2-babylm-5@checkpoint-02,382,,Sem,ses-7,72,-0.0141058909912079,-0.0152071320114092,-0.0094882843484039,BrainAlign/gpt2-babylm-5,0.8546161144168992,0.8628169351539338,72,117,-0.016505528919065943,0.0074296612798053,134601216
ds003604,babylm-gpt2-5,BrainAlign/gpt2-babylm-5@checkpoint-03,573,,Sem,ses-7,72,-0.0145143196014886,-0.013149051579489,-0.0096622352072863,BrainAlign/gpt2-babylm-5,0.8546161144168992,0.8628169351539338,72,117,-0.016983437775909077,0.0074296612798053,134601216
ds003604,babylm-gpt2-5,BrainAlign/gpt2-babylm-5@checkpoint-04,764,,Sem,ses-7,72,-0.0139316466961876,-0.0121913178711831,-0.0094245840338836,BrainAlign/gpt2-babylm-5,0.8546161144168992,0.8628169351539338,72,117,-0.016301642879379942,0.0074296612798053,134601216
ds003604,babylm-gpt2-5,BrainAlign/gpt2-babylm-5@checkpoint-05,1146,,Sem,ses-7,72,-0.013723162356276,-0.007993978239294,-0.0092641082415344,BrainAlign/gpt2-babylm-5,0.8546161144168992,0.8628169351539338,72,117,-0.016057692014898706,0.0074296612798053,134601216
ds003604,babylm-gpt2-5,BrainAlign/gpt2-babylm-5@checkpoint-06,1337,,Sem,ses-7,72,-0.0171848462013709,-0.0135058830363893,-0.0114538065531698,BrainAlign/gpt2-babylm-5,0.8546161144168992,0.8628169351539338,72,117,-0.020108263712176833,0.0074296612798053,134601216
ds003604,babylm-gpt2-5,BrainAlign/gpt2-babylm-5@checkpoint-07,1528,,Sem,ses-7,72,-0.0166987384580383,-0.0112085759193392,-0.0112198303979125,BrainAlign/gpt2-babylm-5,0.8546161144168992,0.8628169351539338,72,117,-0.01953946125791435,0.0074296612798053,134601216
ds003604,babylm-gpt2-5,BrainAlign/gpt2-babylm-5@checkpoint-08,1719,,Sem,ses-7,72,-0.0133484578223632,-0.0088963171117931,-0.0088151435247711,BrainAlign/gpt2-babylm-5,0.8546161144168992,0.8628169351539338,72,117,-0.015619244239819644,0.0074296612798053,134601216
ds003604,babylm-gpt2-5,BrainAlign/gpt2-babylm-5@checkpoint-09,1908,,Sem,ses-7,72,-0.0135879347673931,-0.0096097538404107,-0.0089174315298181,BrainAlign/gpt2-babylm-5,0.8546161144168992,0.8628169351539338,72,117,-0.01589946004781818,0.0074296612798053,134601216
ds003604,babylm-gpt2-5,BrainAlign/gpt2-babylm-5@checkpoint-01,191,,Sem,ses-9,72,-0.0171153456724474,-0.0204977567285261,-0.0112657681247301,BrainAlign/gpt2-babylm-5,0.8812943730411821,0.886007959425842,72,83,-0.019420690970016686,0.0084082983710845,134601216
ds003604,babylm-gpt2-5,BrainAlign/gpt2-babylm-5@checkpoint-02,382,,Sem,ses-9,72,-0.0106758551318626,-0.0147891976607007,-0.0073359487212468,BrainAlign/gpt2-babylm-5,0.8812943730411821,0.886007959425842,72,83,-0.012113835579163203,0.0084082983710845,134601216
ds003604,babylm-gpt2-5,BrainAlign/gpt2-babylm-5@checkpoint-03,573,,Sem,ses-9,72,-0.012244737193822,-0.0127205240462259,-0.0084984794612423,BrainAlign/gpt2-babylm-5,0.8812943730411821,0.886007959425842,72,83,-0.013894037643253868,0.0084082983710845,134601216
ds003604,babylm-gpt2-5,BrainAlign/gpt2-babylm-5@checkpoint-04,764,,Sem,ses-9,72,-0.0108062643795909,-0.0119097691568257,-0.007402099047864,BrainAlign/gpt2-babylm-5,0.8812943730411821,0.886007959425842,72,83,-0.012261810253366878,0.0084082983710845,134601216
ds003604,babylm-gpt2-5,BrainAlign/gpt2-babylm-5@checkpoint-05,1146,,Sem,ses-9,72,-0.0075570812366318,-0.0079929852818832,-0.0053698140134566,BrainAlign/gpt2-babylm-5,0.8812943730411821,0.886007959425842,72,83,-0.00857497956165739,0.0084082983710845,134601216
ds003604,babylm-gpt2-5,BrainAlign/gpt2-babylm-5@checkpoint-06,1337,,Sem,ses-9,72,-0.0093600053272672,-0.0132657986767273,-0.0064496568451806,BrainAlign/gpt2-babylm-5,0.8812943730411821,0.886007959425842,72,83,-0.010620747860862395,0.0084082983710845,134601216
ds003604,babylm-gpt2-5,BrainAlign/gpt2-babylm-5@checkpoint-07,1528,,Sem,ses-9,72,-0.0097931896473819,-0.0111001113890759,-0.0069555843431976,BrainAlign/gpt2-babylm-5,0.8812943730411821,0.886007959425842,72,83,-0.011112279786364044,0.0084082983710845,134601216
ds003604,babylm-gpt2-5,BrainAlign/gpt2-babylm-5@checkpoint-08,1719,,Sem,ses-9,72,-0.0068441061578504,-0.008785517037557,-0.0048902241454817,BrainAlign/gpt2-babylm-5,0.8812943730411821,0.886007959425842,72,83,-0.00776597056240433,0.0084082983710845,134601216
ds003604,babylm-gpt2-5,BrainAlign/gpt2-babylm-5@checkpoint-09,1908,,Sem,ses-9,72,-0.006692251159924,-0.0094544796720234,-0.0045723350759044,BrainAlign/gpt2-babylm-5,0.8812943730411821,0.886007959425842,72,83,-0.0075936615104329926,0.0084082983710845,134601216
ds003604,babylm-gpt2-7,BrainAlign/gpt2-babylm-7@checkpoint-01,191,,Gram,ses-5,60,0.0385205242379045,0.0422509840156609,0.0257421442099178,BrainAlign/gpt2-babylm-7,0.8398150343230842,0.8472510876978319,60,97,0.045867866927332614,0.0081285104156867,134601216
ds003604,babylm-gpt2-7,BrainAlign/gpt2-babylm-7@checkpoint-02,382,,Gram,ses-5,60,0.0420292536655861,0.0314234662355001,0.027680102710523,BrainAlign/gpt2-babylm-7,0.8398150343230842,0.8472510876978319,60,97,0.05004584574919277,0.0081285104156867,134601216
ds003604,babylm-gpt2-7,BrainAlign/gpt2-babylm-7@checkpoint-03,573,,Gram,ses-5,60,0.0268143945369794,0.0197348264348831,0.0178331784371776,BrainAlign/gpt2-babylm-7,0.8398150343230842,0.8472510876978319,60,97,0.031928928920155135,0.0081285104156867,134601216
ds003604,babylm-gpt2-7,BrainAlign/gpt2-babylm-7@checkpoint-04,764,,Gram,ses-5,60,0.0313388637537482,0.0282611599582443,0.0208876667528975,BrainAlign/gpt2-babylm-7,0.8398150343230842,0.8472510876978319,60,97,0.03731638810087301,0.0081285104156867,134601216
ds003604,babylm-gpt2-7,BrainAlign/gpt2-babylm-7@checkpoint-05,1146,,Gram,ses-5,60,0.0299928834527609,0.0286229992755794,0.02035111924449,BrainAlign/gpt2-babylm-7,0.8398150343230842,0.8472510876978319,60,97,0.035713677687297,0.0081285104156867,134601216
ds003604,babylm-gpt2-7,BrainAlign/gpt2-babylm-7@checkpoint-06,1337,,Gram,ses-5,60,0.0238303970599256,0.0240858281026738,0.0157585280713352,BrainAlign/gpt2-babylm-7,0.8398150343230842,0.8472510876978319,60,97,0.028375768575200137,0.0081285104156867,134601216
ds003604,babylm-gpt2-7,BrainAlign/gpt2-babylm-7@checkpoint-07,1528,,Gram,ses-5,60,0.0296713531276855,0.0305519310599208,0.0199001638386141,BrainAlign/gpt2-babylm-7,0.8398150343230842,0.8472510876978319,60,97,0.03533081918639559,0.0081285104156867,134601216
ds003604,babylm-gpt2-7,BrainAlign/gpt2-babylm-7@checkpoint-08,1719,,Gram,ses-5,60,0.034031657504028,0.02940754620588,0.0225560740052313,BrainAlign/gpt2-babylm-7,0.8398150343230842,0.8472510876978319,60,97,0.04052280098969474,0.0081285104156867,134601216
ds003604,babylm-gpt2-7,BrainAlign/gpt2-babylm-7@checkpoint-09,1908,,Gram,ses-5,60,0.0340715685538689,0.0292330750583099,0.0225790688984488,BrainAlign/gpt2-babylm-7,0.8398150343230842,0.8472510876978319,60,97,0.04057032460883674,0.0081285104156867,134601216
ds003604,babylm-gpt2-7,BrainAlign/gpt2-babylm-7@checkpoint-01,191,,Gram,ses-7,60,0.0234778260094304,0.0458697735279654,0.0154455420247642,BrainAlign/gpt2-babylm-7,0.8473571253286221,0.8585290564097823,60,104,0.027707120537076066,0.0080555141424375,134601216
ds003604,babylm-gpt2-7,BrainAlign/gpt2-babylm-7@checkpoint-02,382,,Gram,ses-7,60,0.0358481999676684,0.0344118593153683,0.0236738813144136,BrainAlign/gpt2-babylm-7,0.8473571253286221,0.8585290564097823,60,104,0.04230589310707189,0.0080555141424375,134601216
ds003604,babylm-gpt2-7,BrainAlign/gpt2-babylm-7@checkpoint-03,573,,Gram,ses-7,60,0.0190577578493512,0.0225053358162348,0.0127206471784946,BrainAlign/gpt2-babylm-7,0.8473571253286221,0.8585290564097823,60,104,0.022490821496261353,0.0080555141424375,134601216
ds003604,babylm-gpt2-7,BrainAlign/gpt2-babylm-7@checkpoint-04,764,,Gram,ses-7,60,0.0156982268889082,0.0309722183571761,0.0103636706237045,BrainAlign/gpt2-babylm-7,0.8473571253286221,0.8585290564097823,60,104,0.018526104778808714,0.0080555141424375,134601216
ds003604,babylm-gpt2-7,BrainAlign/gpt2-babylm-7@checkpoint-05,1146,,Gram,ses-7,60,0.0144639382332844,0.0309186450776701,0.0100059722847662,BrainAlign/gpt2-babylm-7,0.8473571253286221,0.8585290564097823,60,104,0.017069471419945862,0.0080555141424375,134601216
ds003604,babylm-gpt2-7,BrainAlign/gpt2-babylm-7@checkpoint-06,1337,,Gram,ses-7,60,0.0074344798783079,0.0265922199839981,0.0053571713726354,BrainAlign/gpt2-babylm-7,0.8473571253286221,0.8585290564097823,60,104,0.00877372675119084,0.0080555141424375,134601216
ds003604,babylm-gpt2-7,BrainAlign/gpt2-babylm-7@checkpoint-07,1528,,Gram,ses-7,60,0.0163917395379741,0.0333573469996543,0.0111263345820837,BrainAlign/gpt2-babylm-7,0.8473571253286221,0.8585290564097823,60,104,0.01934454676547041,0.0080555141424375,134601216
ds003604,babylm-gpt2-7,BrainAlign/gpt2-babylm-7@checkpoint-08,1719,,Gram,ses-7,60,0.0202605534990467,0.0319405620639317,0.0135522958165263,BrainAlign/gpt2-babylm-7,0.8473571253286221,0.8585290564097823,60,104,0.023910288700516032,0.0080555141424375,134601216
ds003604,babylm-gpt2-7,BrainAlign/gpt2-babylm-7@checkpoint-09,1908,,Gram,ses-7,60,0.0197746181271506,0.0317168832682944,0.0131843775250468,BrainAlign/gpt2-babylm-7,0.8473571253286221,0.8585290564097823,60,104,0.02333681695245273,0.0080555141424375,134601216
ds003604,babylm-gpt2-7,BrainAlign/gpt2-babylm-7@checkpoint-01,191,,Gram,ses-9,60,0.002115775792455,0.0453859048111617,0.000837397361336,BrainAlign/gpt2-babylm-7,0.8562953703310558,0.8666432094643701,60,96,0.002470848104243529,0.0061329615387372,134601216
ds003604,babylm-gpt2-7,BrainAlign/gpt2-babylm-7@checkpoint-02,382,,Gram,ses-9,60,0.0086605041355507,0.0337956484842101,0.0061453852123674,BrainAlign/gpt2-babylm-7,0.8562953703310558,0.8666432094643701,60,96,0.010113921475719795,0.0061329615387372,134601216
ds003604,babylm-gpt2-7,BrainAlign/gpt2-babylm-7@checkpoint-03,573,,Gram,ses-9,60,-0.0005231035243953,0.0222707240011901,-0.0002012053156528,BrainAlign/gpt2-babylm-7,0.8562953703310558,0.8666432094643701,60,96,-0.0006108914546543219,0.0061329615387372,134601216
ds003604,babylm-gpt2-7,BrainAlign/gpt2-babylm-7@checkpoint-04,764,,Gram,ses-9,60,-0.0051678663722738,0.0307162029432648,-0.003613391970311,BrainAlign/gpt2-babylm-7,0.8562953703310558,0.8666432094643701,60,96,-0.006035144590675329,0.0061329615387372,134601216
ds003604,babylm-gpt2-7,BrainAlign/gpt2-babylm-7@checkpoint-05,1146,,Gram,ses-9,60,-0.0062236578726041,0.0305264282488688,-0.0040298550363606,BrainAlign/gpt2-babylm-7,0.8562953703310558,0.8666432094643701,60,96,-0.007268120426947942,0.0061329615387372,134601216
ds003604,babylm-gpt2-7,BrainAlign/gpt2-babylm-7@checkpoint-06,1337,,Gram,ses-9,60,-0.0138667396922959,0.0262666069016585,-0.0089954744772653,BrainAlign/gpt2-babylm-7,0.8562953703310558,0.8666432094643701,60,96,-0.016193874418513818,0.0061329615387372,134601216
ds003604,babylm-gpt2-7,BrainAlign/gpt2-babylm-7@checkpoint-07,1528,,Gram,ses-9,60,-0.0070558388599423,0.0329039274149726,-0.0045038053354539,BrainAlign/gpt2-babylm-7,0.8562953703310558,0.8666432094643701,60,96,-0.008239959136079894,0.0061329615387372,134601216
ds003604,babylm-gpt2-7,BrainAlign/gpt2-babylm-7@checkpoint-08,1719,,Gram,ses-9,60,-0.0044793677611889,0.0314835014623149,-0.002867335434811,BrainAlign/gpt2-babylm-7,0.8562953703310558,0.8666432094643701,60,96,-0.005231101225570229,0.0061329615387372,134601216
ds003604,babylm-gpt2-7,BrainAlign/gpt2-babylm-7@checkpoint-09,1908,,Gram,ses-9,60,-0.0045855627917611,0.0312962999616225,-0.0030385196398744,BrainAlign/gpt2-babylm-7,0.8562953703310558,0.8666432094643701,60,96,-0.005355118047629122,0.0061329615387372,134601216
ds003604,babylm-gpt2-7,BrainAlign/gpt2-babylm-7@checkpoint-01,191,,Phon,ses-5,72,-0.0075392946949585,-0.0062086042497551,-0.0050127247503284,BrainAlign/gpt2-babylm-7,0.8557220149626009,0.8634857149064381,72,93,-0.008810448443689979,0.0089146943876321,134601216
ds003604,babylm-gpt2-7,BrainAlign/gpt2-babylm-7@checkpoint-02,382,,Phon,ses-5,72,-0.0145765821987029,-0.0079987566670091,-0.0097743232607211,BrainAlign/gpt2-babylm-7,0.8557220149626009,0.8634857149064381,72,93,-0.017034249375178185,0.0089146943876321,134601216
ds003604,babylm-gpt2-7,BrainAlign/gpt2-babylm-7@checkpoint-03,573,,Phon,ses-5,72,-0.0095371190684069,-0.0157098863413912,-0.0065862450195847,BrainAlign/gpt2-babylm-7,0.8557220149626009,0.8634857149064381,72,93,-0.01114511360190227,0.0089146943876321,134601216
ds003604,babylm-gpt2-7,BrainAlign/gpt2-babylm-7@checkpoint-04,764,,Phon,ses-5,72,-0.0106023461455252,-0.0155281402608429,-0.0071019725659895,BrainAlign/gpt2-babylm-7,0.8557220149626009,0.8634857149064381,72,93,-0.012389942014041292,0.0089146943876321,134601216
ds003604,babylm-gpt2-7,BrainAlign/gpt2-babylm-7@checkpoint-05,1146,,Phon,ses-5,72,-0.0097112282630338,-0.0114641417014914,-0.0064312817544536,BrainAlign/gpt2-babylm-7,0.8557220149626009,0.8634857149064381,72,93,-0.011348578268677856,0.0089146943876321,134601216
ds003604,babylm-gpt2-7,BrainAlign/gpt2-babylm-7@checkpoint-06,1337,,Phon,ses-5,72,-0.003481670798493,-0.0100403221213692,-0.0019710347319839,BrainAlign/gpt2-babylm-7,0.8557220149626009,0.8634857149064381,72,93,-0.0040686937318600664,0.0089146943876321,134601216
ds003604,babylm-gpt2-7,BrainAlign/gpt2-babylm-7@checkpoint-07,1528,,Phon,ses-5,72,-0.0079061059165309,-0.0108343769469033,-0.0051805505789684,BrainAlign/gpt2-babylm-7,0.8557220149626009,0.8634857149064381,72,93,-0.009239105431775568,0.0089146943876321,134601216
ds003604,babylm-gpt2-7,BrainAlign/gpt2-babylm-7@checkpoint-08,1719,,Phon,ses-5,72,-0.005877007957891,-0.010007778362435,-0.0034998422804712,BrainAlign/gpt2-babylm-7,0.8557220149626009,0.8634857149064381,72,93,-0.006867893843011451,0.0089146943876321,134601216
ds003604,babylm-gpt2-7,BrainAlign/gpt2-babylm-7@checkpoint-09,1908,,Phon,ses-5,72,-0.0072965616867263,-0.0108876197562044,-0.0044933221857782,BrainAlign/gpt2-babylm-7,0.8557220149626009,0.8634857149064381,72,93,-0.008526789727438757,0.0089146943876321,134601216
ds003604,babylm-gpt2-7,BrainAlign/gpt2-babylm-7@checkpoint-01,191,,Phon,ses-7,72,-0.0034131842411384,-0.0060834880490677,-0.0020604601735221,BrainAlign/gpt2-babylm-7,0.8460260208123772,0.8625655350367195,72,104,-0.004034372651873009,0.0081448036195669,134601216
ds003604,babylm-gpt2-7,BrainAlign/gpt2-babylm-7@checkpoint-02,382,,Phon,ses-7,72,-0.0115484944424746,-0.0082912207265268,-0.0077359131960714,BrainAlign/gpt2-babylm-7,0.8460260208123772,0.8625655350367195,72,104,-0.013650282802632266,0.0081448036195669,134601216
ds003604,babylm-gpt2-7,BrainAlign/gpt2-babylm-7@checkpoint-03,573,,Phon,ses-7,72,-0.0031868127528777,-0.0155107454635945,-0.0019887973196867,BrainAlign/gpt2-babylm-7,0.8460260208123772,0.8625655350367195,72,104,-0.003766802290333382,0.0081448036195669,134601216
ds003604,babylm-gpt2-7,BrainAlign/gpt2-babylm-7@checkpoint-04,764,,Phon,ses-7,72,-0.0038123850633853,-0.0152548307884603,-0.0023513991100331,BrainAlign/gpt2-babylm-7,0.8460260208123772,0.8625655350367195,72,104,-0.004506226723055804,0.0081448036195669,134601216
ds003604,babylm-gpt2-7,BrainAlign/gpt2-babylm-7@checkpoint-05,1146,,Phon,ses-7,72,-0.0069384486309014,-0.0114468968186786,-0.0043169213147989,BrainAlign/gpt2-babylm-7,0.8460260208123772,0.8625655350367195,72,104,-0.008201223674230389,0.0081448036195669,134601216
ds003604,babylm-gpt2-7,BrainAlign/gpt2-babylm-7@checkpoint-06,1337,,Phon,ses-7,72,-0.005086539149789,-0.0101329333655624,-0.0031458155324641,BrainAlign/gpt2-babylm-7,0.8460260208123772,0.8625655350367195,72,104,-0.006012272701618287,0.0081448036195669,134601216
ds003604,babylm-gpt2-7,BrainAlign/gpt2-babylm-7@checkpoint-07,1528,,Phon,ses-7,72,-0.0078118432102015,-0.0109328756892381,-0.0050604999862186,BrainAlign/gpt2-babylm-7,0.8460260208123772,0.8625655350367195,72,104,-0.00923357322118811,0.0081448036195669,134601216
ds003604,babylm-gpt2-7,BrainAlign/gpt2-babylm-7@checkpoint-08,1719,,Phon,ses-7,72,-0.0069339371401081,-0.0102041959770543,-0.004314471302702,BrainAlign/gpt2-babylm-7,0.8460260208123772,0.8625655350367195,72,104,-0.008195891106812465,0.0081448036195669,134601216
ds003604,babylm-gpt2-7,BrainAlign/gpt2-babylm-7@checkpoint-09,1908,,Phon,ses-7,72,-0.0078731708839494,-0.0109968819418004,-0.0049465744237112,BrainAlign/gpt2-babylm-7,0.8460260208123772,0.8625655350367195,72,104,-0.009306062331734628,0.0081448036195669,134601216
ds003604,babylm-gpt2-7,BrainAlign/gpt2-babylm-7@checkpoint-01,191,,Phon,ses-9,72,-0.0092253476033411,-0.0058308838309208,-0.006012942188902,BrainAlign/gpt2-babylm-7,0.8734471064940128,0.8799092800838068,72,96,-0.0105619991579929,0.008728626502912,134601216
ds003604,babylm-gpt2-7,BrainAlign/gpt2-babylm-7@checkpoint-02,382,,Phon,ses-9,72,-0.0137488256820501,-0.007996130063079,-0.0092935083866976,BrainAlign/gpt2-babylm-7,0.8734471064940128,0.8799092800838068,72,96,-0.015740879533321053,0.008728626502912,134601216
ds003604,babylm-gpt2-7,BrainAlign/gpt2-babylm-7@checkpoint-03,573,,Phon,ses-9,72,-0.0107290034828629,-0.0152564029084657,-0.0072655108734599,BrainAlign/gpt2-babylm-7,0.8734471064940128,0.8799092800838068,72,96,-0.01228351826125884,0.008728626502912,134601216
ds003604,babylm-gpt2-7,BrainAlign/gpt2-babylm-7@checkpoint-04,764,,Phon,ses-9,72,-0.012307169385147,-0.0151520411962397,-0.0082246906094098,BrainAlign/gpt2-babylm-7,0.8734471064940128,0.8799092800838068,72,96,-0.0140903430713138,0.008728626502912,134601216
ds003604,babylm-gpt2-7,BrainAlign/gpt2-babylm-7@checkpoint-05,1146,,Phon,ses-9,72,-0.008725878574835,-0.0111118271275787,-0.0059075916687338,BrainAlign/gpt2-babylm-7,0.8734471064940128,0.8799092800838068,72,96,-0.00999016255244165,0.008728626502912,134601216
ds003604,babylm-gpt2-7,BrainAlign/gpt2-babylm-7@checkpoint-06,1337,,Phon,ses-9,72,-0.0017048857594847,-0.0097321998205512,-0.0009328421059078,BrainAlign/gpt2-babylm-7,0.8734471064940128,0.8799092800838068,72,96,-0.0019519049829222674,0.008728626502912,134601216
ds003604,babylm-gpt2-7,BrainAlign/gpt2-babylm-7@checkpoint-07,1528,,Phon,ses-9,72,-0.0067971523036066,-0.0106738027641176,-0.0044584095133969,BrainAlign/gpt2-babylm-7,0.8734471064940128,0.8799092800838068,72,96,-0.007781985025847918,0.008728626502912,134601216
ds003604,babylm-gpt2-7,BrainAlign/gpt2-babylm-7@checkpoint-08,1719,,Phon,ses-9,72,-0.0049879618543033,-0.0099301378201003,-0.0031966532834755,BrainAlign/gpt2-babylm-7,0.8734471064940128,0.8799092800838068,72,96,-0.005710662749029888,0.008728626502912,134601216
ds003604,babylm-gpt2-7,BrainAlign/gpt2-babylm-7@checkpoint-09,1908,,Phon,ses-9,72,-0.0063107563940096,-0.0107077108878288,-0.004044357469015,BrainAlign/gpt2-babylm-7,0.8734471064940128,0.8799092800838068,72,96,-0.007225115690566271,0.008728626502912,134601216
ds003604,babylm-gpt2-7,BrainAlign/gpt2-babylm-7@checkpoint-01,191,,Plaus,ses-5,60,0.0080703603048848,0.0086589408085759,0.0050710127014847,BrainAlign/gpt2-babylm-7,0.8377735419584034,0.851372700209319,60,82,0.009633104771988019,0.0058908227201663,134601216
ds003604,babylm-gpt2-7,BrainAlign/gpt2-babylm-7@checkpoint-02,382,,Plaus,ses-5,60,-0.0040757128174797,-0.0043205524738941,-0.002311625515389,BrainAlign/gpt2-babylm-7,0.8377735419584034,0.851372700209319,60,82,-0.0048649337957751655,0.0058908227201663,134601216
ds003604,babylm-gpt2-7,BrainAlign/gpt2-babylm-7@checkpoint-03,573,,Plaus,ses-5,60,-0.0081592712951665,-0.0044810795185863,-0.0051962071201131,BrainAlign/gpt2-babylm-7,0.8377735419584034,0.851372700209319,60,82,-0.009739232485300448,0.0058908227201663,134601216
ds003604,babylm-gpt2-7,BrainAlign/gpt2-babylm-7@checkpoint-04,764,,Plaus,ses-5,60,0.0002862600194942,-0.0006470143108446,9.581205507276923e-06,BrainAlign/gpt2-babylm-7,0.8377735419584034,0.851372700209319,60,82,0.000341691406039191,0.0058908227201663,134601216
ds003604,babylm-gpt2-7,BrainAlign/gpt2-babylm-7@checkpoint-05,1146,,Plaus,ses-5,60,0.0078875610747074,0.0064951478244702,0.0054849207793991,BrainAlign/gpt2-babylm-7,0.8377735419584034,0.851372700209319,60,82,0.009414908301197017,0.0058908227201663,134601216
ds003604,babylm-gpt2-7,BrainAlign/gpt2-babylm-7@checkpoint-06,1337,,Plaus,ses-5,60,0.0032763081008616,0.0027605285261961,0.0025977841865396,BrainAlign/gpt2-babylm-7,0.8377735419584034,0.851372700209319,60,82,0.003910732359967836,0.0058908227201663,134601216
ds003604,babylm-gpt2-7,BrainAlign/gpt2-babylm-7@checkpoint-07,1528,,Plaus,ses-5,60,0.0071434233050007,0.0046208819826743,0.004985420598953,BrainAlign/gpt2-babylm-7,0.8377735419584034,0.851372700209319,60,82,0.00852667570320021,0.0058908227201663,134601216
ds003604,babylm-gpt2-7,BrainAlign/gpt2-babylm-7@checkpoint-08,1719,,Plaus,ses-5,60,0.0061514163404868,0.0054270857259461,0.0041959292651534,BrainAlign/gpt2-babylm-7,0.8377735419584034,0.851372700209319,60,82,0.007342576522656795,0.0058908227201663,134601216
ds003604,babylm-gpt2-7,BrainAlign/gpt2-babylm-7@checkpoint-09,1908,,Plaus,ses-5,60,0.0062073822663658,0.0058456742287899,0.0041205571151628,BrainAlign/gpt2-babylm-7,0.8377735419584034,0.851372700209319,60,82,0.007409379689713339,0.0058908227201663,134601216
ds003604,babylm-gpt2-7,BrainAlign/gpt2-babylm-7@checkpoint-01,191,,Plaus,ses-7,60,0.0145190104182544,0.0088872962759045,0.0097172586254802,BrainAlign/gpt2-babylm-7,0.8460574663445363,0.8583435840524389,60,103,0.017160785166266575,0.0063089941228393,134601216
ds003604,babylm-gpt2-7,BrainAlign/gpt2-babylm-7@checkpoint-02,382,,Plaus,ses-7,60,-0.0007067683632013,-0.003744756714909,-0.0004452066825714,BrainAlign/gpt2-babylm-7,0.8460574663445363,0.8583435840524389,60,103,-0.0008353668530991792,0.0063089941228393,134601216
ds003604,babylm-gpt2-7,BrainAlign/gpt2-babylm-7@checkpoint-03,573,,Plaus,ses-7,60,0.0004909721321034,-0.0038808764849932,-7.728839109203388e-05,BrainAlign/gpt2-babylm-7,0.8460574663445363,0.8583435840524389,60,103,0.0005803058913062811,0.0063089941228393,134601216
ds003604,babylm-gpt2-7,BrainAlign/gpt2-babylm-7@checkpoint-04,764,,Plaus,ses-7,60,0.0078487623319541,-5.7336266631935126e-05,0.0048014614532133,BrainAlign/gpt2-babylm-7,0.8460574663445363,0.8583435840524389,60,103,0.009276866695433053,0.0063089941228393,134601216
ds003604,babylm-gpt2-7,BrainAlign/gpt2-babylm-7@checkpoint-05,1146,,Plaus,ses-7,60,0.0156031527651913,0.0072149748267618,0.0100110822610367,BrainAlign/gpt2-babylm-7,0.8460574663445363,0.8583435840524389,60,103,0.018442190259966688,0.0063089941228393,134601216
ds003604,babylm-gpt2-7,BrainAlign/gpt2-babylm-7@checkpoint-06,1337,,Plaus,ses-7,60,0.0103068549586885,0.003629872768468,0.0070575159766601,BrainAlign/gpt2-babylm-7,0.8460574663445363,0.8583435840524389,60,103,0.012182216183517829,0.0063089941228393,134601216
ds003604,babylm-gpt2-7,BrainAlign/gpt2-babylm-7@checkpoint-07,1528,,Plaus,ses-7,60,0.011837701130454,0.0051612289630017,0.0079555943062089,BrainAlign/gpt2-babylm-7,0.8460574663445363,0.8583435840524389,60,103,0.01399160411833466,0.0063089941228393,134601216
ds003604,babylm-gpt2-7,BrainAlign/gpt2-babylm-7@checkpoint-08,1719,,Plaus,ses-7,60,0.0129930700833912,0.00596891816834,0.0085151367078339,BrainAlign/gpt2-babylm-7,0.8460574663445363,0.8583435840524389,60,103,0.01535719569916317,0.0063089941228393,134601216
ds003604,babylm-gpt2-7,BrainAlign/gpt2-babylm-7@checkpoint-09,1908,,Plaus,ses-7,60,0.0134402240247067,0.0064009464933025,0.0086722684781532,BrainAlign/gpt2-babylm-7,0.8460574663445363,0.8583435840524389,60,103,0.01588571055672653,0.0063089941228393,134601216
ds003604,babylm-gpt2-7,BrainAlign/gpt2-babylm-7@checkpoint-01,191,,Plaus,ses-9,60,0.0171096645143867,0.0093228689058083,0.0113626709845966,BrainAlign/gpt2-babylm-7,0.8571028945001105,0.8668304036711462,60,89,0.0199622059663742,0.0059238995685712,134601216
ds003604,babylm-gpt2-7,BrainAlign/gpt2-babylm-7@checkpoint-02,382,,Plaus,ses-9,60,0.0043728221591221,-0.0034191893926139,0.0031879864457879,BrainAlign/gpt2-babylm-7,0.8571028945001105,0.8668304036711462,60,89,0.005101863716925689,0.0059238995685712,134601216
ds003604,babylm-gpt2-7,BrainAlign/gpt2-babylm-7@checkpoint-03,573,,Plaus,ses-9,60,0.0048113632945834,-0.0037767538347615,0.0030346871576715,BrainAlign/gpt2-babylm-7,0.8571028945001105,0.8668304036711462,60,89,0.005613518896572552,0.0059238995685712,134601216
ds003604,babylm-gpt2-7,BrainAlign/gpt2-babylm-7@checkpoint-04,764,,Plaus,ses-9,60,0.0122829247645278,0.0001671996267131,0.0081689358155043,BrainAlign/gpt2-babylm-7,0.8571028945001105,0.8668304036711462,60,89,0.014330747035560521,0.0059238995685712,134601216
ds003604,babylm-gpt2-7,BrainAlign/gpt2-babylm-7@checkpoint-05,1146,,Plaus,ses-9,60,0.0190130556557512,0.0073000853750079,0.0125175256217403,BrainAlign/gpt2-babylm-7,0.8571028945001105,0.8668304036711462,60,89,0.022182932501750817,0.0059238995685712,134601216
ds003604,babylm-gpt2-7,BrainAlign/gpt2-babylm-7@checkpoint-06,1337,,Plaus,ses-9,60,0.0159096063519789,0.0037937251271007,0.0108235684880538,BrainAlign/gpt2-babylm-7,0.8571028945001105,0.8668304036711462,60,89,0.018562072831708132,0.0059238995685712,134601216
ds003604,babylm-gpt2-7,BrainAlign/gpt2-babylm-7@checkpoint-07,1528,,Plaus,ses-9,60,0.0183046696864253,0.0053395695614273,0.0124830332819141,BrainAlign/gpt2-babylm-7,0.8571028945001105,0.8668304036711462,60,89,0.0213564436707464,0.0059238995685712,134601216
ds003604,babylm-gpt2-7,BrainAlign/gpt2-babylm-7@checkpoint-08,1719,,Plaus,ses-9,60,0.0196977931973451,0.0061166317646735,0.0131141153513268,BrainAlign/gpt2-babylm-7,0.8571028945001105,0.8668304036711462,60,89,0.022981830214018208,0.0059238995685712,134601216
ds003604,babylm-gpt2-7,BrainAlign/gpt2-babylm-7@checkpoint-09,1908,,Plaus,ses-9,60,0.0197299938383272,0.0065204823535349,0.0131026179047181,BrainAlign/gpt2-babylm-7,0.8571028945001105,0.8668304036711462,60,89,0.023019399380087683,0.0059238995685712,134601216
ds003604,babylm-gpt2-7,BrainAlign/gpt2-babylm-7@checkpoint-01,191,,Sem,ses-5,72,-0.021042752192488,-0.0220250541150497,-0.0140520443819691,BrainAlign/gpt2-babylm-7,0.8591956418414916,0.8653112906283371,72,89,-0.024491223148417767,0.0077235660279985,134601216
ds003604,babylm-gpt2-7,BrainAlign/gpt2-babylm-7@checkpoint-02,382,,Sem,ses-5,72,-0.0208496197126938,-0.0143408144969802,-0.0139136186984923,BrainAlign/gpt2-babylm-7,0.8591956418414916,0.8653112906283371,72,89,-0.024266440258015456,0.0077235660279985,134601216
ds003604,babylm-gpt2-7,BrainAlign/gpt2-babylm-7@checkpoint-03,573,,Sem,ses-5,72,-0.0055837603377087,-0.0076792665343515,-0.0039359444337256,BrainAlign/gpt2-babylm-7,0.8591956418414916,0.8653112906283371,72,89,-0.006498822929014365,0.0077235660279985,134601216
ds003604,babylm-gpt2-7,BrainAlign/gpt2-babylm-7@checkpoint-04,764,,Sem,ses-5,72,-0.0114762825636367,-0.0109491557064682,-0.0077708258684527,BrainAlign/gpt2-babylm-7,0.8591956418414916,0.8653112906283371,72,89,-0.013357007420382027,0.0077235660279985,134601216
ds003604,babylm-gpt2-7,BrainAlign/gpt2-babylm-7@checkpoint-05,1146,,Sem,ses-5,72,-0.0106735641741294,-0.0087719693538087,-0.0072826609581384,BrainAlign/gpt2-babylm-7,0.8591956418414916,0.8653112906283371,72,89,-0.01242274012383609,0.0077235660279985,134601216
ds003604,babylm-gpt2-7,BrainAlign/gpt2-babylm-7@checkpoint-06,1337,,Sem,ses-5,72,-0.0108496380734121,-0.0120283713200917,-0.007373311405725,BrainAlign/gpt2-babylm-7,0.8591956418414916,0.8653112906283371,72,89,-0.012627668885934237,0.0077235660279985,134601216
ds003604,babylm-gpt2-7,BrainAlign/gpt2-babylm-7@checkpoint-07,1528,,Sem,ses-5,72,-0.0152024872298598,-0.0099846119927625,-0.0104842142658079,BrainAlign/gpt2-babylm-7,0.8591956418414916,0.8653112906283371,72,89,-0.017693859802729802,0.0077235660279985,134601216
ds003604,babylm-gpt2-7,BrainAlign/gpt2-babylm-7@checkpoint-08,1719,,Sem,ses-5,72,-0.0130125278199466,-0.009359421718178,-0.0091734577939478,BrainAlign/gpt2-babylm-7,0.8591956418414916,0.8653112906283371,72,89,-0.015145011434249352,0.0077235660279985,134601216
ds003604,babylm-gpt2-7,BrainAlign/gpt2-babylm-7@checkpoint-09,1908,,Sem,ses-5,72,-0.0138129954943911,-0.0102508333152021,-0.0095507596568758,BrainAlign/gpt2-babylm-7,0.8591956418414916,0.8653112906283371,72,89,-0.016076659170181622,0.0077235660279985,134601216
ds003604,babylm-gpt2-7,BrainAlign/gpt2-babylm-7@checkpoint-01,191,,Sem,ses-7,72,-0.019529340339884,-0.0223677342448598,-0.0130763270643648,BrainAlign/gpt2-babylm-7,0.8546161144168992,0.8628169351539338,72,117,-0.022851593844809233,0.0074296612798053,134601216
ds003604,babylm-gpt2-7,BrainAlign/gpt2-babylm-7@checkpoint-02,382,,Sem,ses-7,72,-0.0141642809500206,-0.0140153512611561,-0.0095115594633248,BrainAlign/gpt2-babylm-7,0.8546161144168992,0.8628169351539338,72,117,-0.01657385194484055,0.0074296612798053,134601216
ds003604,babylm-gpt2-7,BrainAlign/gpt2-babylm-7@checkpoint-03,573,,Sem,ses-7,72,-0.0084981553640222,-0.0076443046289585,-0.0056919906042036,BrainAlign/gpt2-babylm-7,0.8546161144168992,0.8628169351539338,72,117,-0.009943827667958793,0.0074296612798053,134601216
ds003604,babylm-gpt2-7,BrainAlign/gpt2-babylm-7@checkpoint-04,764,,Sem,ses-7,72,-0.0125722701318997,-0.0111719552868152,-0.0084574417586186,BrainAlign/gpt2-babylm-7,0.8546161144168992,0.8628169351539338,72,117,-0.014711014594520844,0.0074296612798053,134601216
ds003604,babylm-gpt2-7,BrainAlign/gpt2-babylm-7@checkpoint-05,1146,,Sem,ses-7,72,-0.0128208088639483,-0.0093924840267036,-0.0085683048060049,BrainAlign/gpt2-babylm-7,0.8546161144168992,0.8628169351539338,72,117,-0.015001833744611615,0.0074296612798053,134601216
ds003604,babylm-gpt2-7,BrainAlign/gpt2-babylm-7@checkpoint-06,1337,,Sem,ses-7,72,-0.0141272627236373,-0.0127135761625509,-0.0094478591488045,BrainAlign/gpt2-babylm-7,0.8546161144168992,0.8628169351539338,72,117,-0.016530536325395955,0.0074296612798053,134601216
ds003604,babylm-gpt2-7,BrainAlign/gpt2-babylm-7@checkpoint-07,1528,,Sem,ses-7,72,-0.0155525294744234,-0.0106257471193397,-0.0105056518716561,BrainAlign/gpt2-babylm-7,0.8546161144168992,0.8628169351539338,72,117,-0.01819826377254169,0.0074296612798053,134601216
ds003604,babylm-gpt2-7,BrainAlign/gpt2-babylm-7@checkpoint-08,1719,,Sem,ses-7,72,-0.0126596276271695,-0.0100957195359829,-0.0086779428473428,BrainAlign/gpt2-babylm-7,0.8546161144168992,0.8628169351539338,72,117,-0.014813232998545912,0.0074296612798053,134601216
ds003604,babylm-gpt2-7,BrainAlign/gpt2-babylm-7@checkpoint-09,1908,,Sem,ses-7,72,-0.0134278659530017,-0.0109533902006902,-0.0089364191235694,BrainAlign/gpt2-babylm-7,0.8546161144168992,0.8628169351539338,72,117,-0.015712160965000613,0.0074296612798053,134601216
ds003604,babylm-gpt2-7,BrainAlign/gpt2-babylm-7@checkpoint-01,191,,Sem,ses-9,72,-0.0180143813003291,-0.0218605496425991,-0.0120350719231676,BrainAlign/gpt2-babylm-7,0.8812943730411821,0.886007959425842,72,83,-0.020440821876763878,0.0084082983710845,134601216
ds003604,babylm-gpt2-7,BrainAlign/gpt2-babylm-7@checkpoint-02,382,,Sem,ses-9,72,-0.0118804914424841,-0.0136334631466847,-0.0078835264249117,BrainAlign/gpt2-babylm-7,0.8812943730411821,0.886007959425842,72,83,-0.013480729942126768,0.0084082983710845,134601216
ds003604,babylm-gpt2-7,BrainAlign/gpt2-babylm-7@checkpoint-03,573,,Sem,ses-9,72,-0.0051595673799396,-0.0072620801745189,-0.0035984552673728,BrainAlign/gpt2-babylm-7,0.8812943730411821,0.886007959425842,72,83,-0.005854533442821038,0.0084082983710845,134601216
ds003604,babylm-gpt2-7,BrainAlign/gpt2-babylm-7@checkpoint-04,764,,Sem,ses-9,72,-0.0094149351350494,-0.0109336145618333,-0.0064778319842954,BrainAlign/gpt2-babylm-7,0.8812943730411821,0.886007959425842,72,83,-0.010683076419244819,0.0084082983710845,134601216
ds003604,babylm-gpt2-7,BrainAlign/gpt2-babylm-7@checkpoint-05,1146,,Sem,ses-9,72,-0.0083821917977094,-0.0094771146027716,-0.0060276422614836,BrainAlign/gpt2-babylm-7,0.8812943730411821,0.886007959425842,72,83,-0.009511228091453737,0.0084082983710845,134601216
ds003604,babylm-gpt2-7,BrainAlign/gpt2-babylm-7@checkpoint-06,1337,,Sem,ses-9,72,-0.0094345290037925,-0.0127089980461884,-0.0068128711385512,BrainAlign/gpt2-babylm-7,0.8812943730411821,0.886007959425842,72,83,-0.01070530947705442,0.0084082983710845,134601216
ds003604,babylm-gpt2-7,BrainAlign/gpt2-babylm-7@checkpoint-07,1528,,Sem,ses-9,72,-0.0095688461022589,-0.0106671735562222,-0.0070315347182026,BrainAlign/gpt2-babylm-7,0.8812943730411821,0.886007959425842,72,83,-0.01085771836853854,0.0084082983710845,134601216
ds003604,babylm-gpt2-7,BrainAlign/gpt2-babylm-7@checkpoint-08,1719,,Sem,ses-9,72,-0.007474258946586,-0.0101728284583942,-0.0056191027443198,BrainAlign/gpt2-babylm-7,0.8812943730411821,0.886007959425842,72,83,-0.008481001553196952,0.0084082983710845,134601216
ds003604,babylm-gpt2-7,BrainAlign/gpt2-babylm-7@checkpoint-09,1908,,Sem,ses-9,72,-0.0078879794680171,-0.0109761373667624,-0.0056803530467431,BrainAlign/gpt2-babylm-7,0.8812943730411821,0.886007959425842,72,83,-0.008950448010688141,0.0084082983710845,134601216
ds003604,babylm-gpt2,BrainAlign/gpt2-babylm-9@checkpoint-01,598,,Gram,ses-5,60,0.0339276805955664,0.0241613447109532,0.022669770977251,BrainAlign/gpt2-babylm-9,0.8398150343230842,0.8472510876978319,60,97,0.04039899169334723,0.0081285104156867,134601216
ds003604,babylm-gpt2,BrainAlign/gpt2-babylm-9@checkpoint-02,897,,Gram,ses-5,60,0.0342894011292654,0.0312692390413954,0.0224628169382938,BrainAlign/gpt2-babylm-9,0.8398150343230842,0.8472510876978319,60,97,0.04082970621846949,0.0081285104156867,134601216
ds003604,babylm-gpt2,BrainAlign/gpt2-babylm-9@checkpoint-03,1196,,Gram,ses-5,60,0.0478003356408277,0.0357551472376286,0.0319379904379569,BrainAlign/gpt2-babylm-9,0.8398150343230842,0.8472510876978319,60,97,0.05691769459611566,0.0081285104156867,134601216
ds003604,babylm-gpt2,BrainAlign/gpt2-babylm-9@checkpoint-04,1495,,Gram,ses-5,60,0.0469773171208227,0.0374032305375257,0.0315419672769894,BrainAlign/gpt2-babylm-9,0.8398150343230842,0.8472510876978319,60,97,0.05593769485049503,0.0081285104156867,134601216
ds003604,babylm-gpt2,BrainAlign/gpt2-babylm-9@checkpoint-05,1794,,Gram,ses-5,60,0.0464082984687367,0.0356279437767084,0.0308061306940305,BrainAlign/gpt2-babylm-9,0.8398150343230842,0.8472510876978319,60,97,0.055260142498095625,0.0081285104156867,134601216
ds003604,babylm-gpt2,BrainAlign/gpt2-babylm-9@checkpoint-06,2093,,Gram,ses-5,60,0.0521599626784183,0.0402867595445833,0.0348442894418309,BrainAlign/gpt2-babylm-9,0.8398150343230842,0.8472510876978319,60,97,0.06210886986616139,0.0081285104156867,134601216
ds003604,babylm-gpt2,BrainAlign/gpt2-babylm-9@checkpoint-07,2392,,Gram,ses-5,60,0.0482455376346858,0.0389731065155046,0.0321066196548849,BrainAlign/gpt2-babylm-9,0.8398150343230842,0.8472510876978319,60,97,0.057447813700516964,0.0081285104156867,134601216
ds003604,babylm-gpt2,BrainAlign/gpt2-babylm-9@checkpoint-08,2691,,Gram,ses-5,60,0.0459082212158716,0.0371089538734625,0.0306643288525228,BrainAlign/gpt2-babylm-9,0.8398150343230842,0.8472510876978319,60,97,0.05466468131625553,0.0081285104156867,134601216
ds003604,babylm-gpt2,BrainAlign/gpt2-babylm-9@checkpoint-09,2990,,Gram,ses-5,60,0.0478060832821213,0.0392444775136868,0.031761696256623,BrainAlign/gpt2-babylm-9,0.8398150343230842,0.8472510876978319,60,97,0.05692453853324311,0.0081285104156867,134601216
ds003604,babylm-gpt2,BrainAlign/gpt2-babylm-9@checkpoint-01,598,,Gram,ses-7,60,0.0318530028187841,0.0275934265767199,0.0210729033927048,BrainAlign/gpt2-babylm-9,0.8473571253286221,0.8585290564097823,60,104,0.037591001322412755,0.0080555141424375,134601216
ds003604,babylm-gpt2,BrainAlign/gpt2-babylm-9@checkpoint-02,897,,Gram,ses-7,60,0.0289605218139839,0.0354196640407368,0.0188347337862049,BrainAlign/gpt2-babylm-9,0.8473571253286221,0.8585290564097823,60,104,0.034177468918730615,0.0080555141424375,134601216
ds003604,babylm-gpt2,BrainAlign/gpt2-babylm-9@checkpoint-03,1196,,Gram,ses-7,60,0.0369431689145269,0.0393535688015014,0.0244697601185514,BrainAlign/gpt2-babylm-9,0.8473571253286221,0.8585290564097823,60,104,0.043598109711061435,0.0080555141424375,134601216
ds003604,babylm-gpt2,BrainAlign/gpt2-babylm-9@checkpoint-04,1495,,Gram,ses-7,60,0.0319425262271705,0.0411314204378619,0.0214625390833341,BrainAlign/gpt2-babylm-9,0.8473571253286221,0.8585290564097823,60,104,0.03769665147358328,0.0080555141424375,134601216
ds003604,babylm-gpt2,BrainAlign/gpt2-babylm-9@checkpoint-05,1794,,Gram,ses-7,60,0.0406937861813924,0.0399061204163776,0.0269327686809554,BrainAlign/gpt2-babylm-9,0.8473571253286221,0.8585290564097823,60,104,0.04802436300469006,0.0080555141424375,134601216
ds003604,babylm-gpt2,BrainAlign/gpt2-babylm-9@checkpoint-06,2093,,Gram,ses-7,60,0.04490726602216,0.044434556409889,0.0298595075899116,BrainAlign/gpt2-babylm-9,0.8473571253286221,0.8585290564097823,60,104,0.05299685891558894,0.0080555141424375,134601216
ds003604,babylm-gpt2,BrainAlign/gpt2-babylm-9@checkpoint-07,2392,,Gram,ses-7,60,0.0369544434669138,0.04298409249213,0.0247380338727552,BrainAlign/gpt2-babylm-9,0.8473571253286221,0.8585290564097823,60,104,0.04361141526081123,0.0080555141424375,134601216
ds003604,babylm-gpt2,BrainAlign/gpt2-babylm-9@checkpoint-08,2691,,Gram,ses-7,60,0.0353168764073342,0.041162569995569,0.023528246990703,BrainAlign/gpt2-babylm-9,0.8473571253286221,0.8585290564097823,60,104,0.04167885694433455,0.0080555141424375,134601216
ds003604,babylm-gpt2,BrainAlign/gpt2-babylm-9@checkpoint-09,2990,,Gram,ses-7,60,0.0360452839042385,0.0433581429567375,0.0240635170050429,BrainAlign/gpt2-babylm-9,0.8473571253286221,0.8585290564097823,60,104,0.04253847973516411,0.0080555141424375,134601216
ds003604,babylm-gpt2,BrainAlign/gpt2-babylm-9@checkpoint-01,598,,Gram,ses-9,60,0.0031746120711363,0.0266328202425863,0.0022694682111569,BrainAlign/gpt2-babylm-9,0.8562953703310558,0.8666432094643701,60,96,0.003707379697625774,0.0061329615387372,134601216
ds003604,babylm-gpt2,BrainAlign/gpt2-babylm-9@checkpoint-02,897,,Gram,ses-9,60,0.0073622167059749,0.0347522984814323,0.0043747784346226,BrainAlign/gpt2-babylm-9,0.8562953703310558,0.8666432094643701,60,96,0.008597753720341338,0.0061329615387372,134601216
ds003604,babylm-gpt2,BrainAlign/gpt2-babylm-9@checkpoint-03,1196,,Gram,ses-9,60,0.0097474056099911,0.0385695499343585,0.0067368649656833,BrainAlign/gpt2-babylm-9,0.8562953703310558,0.8666432094643701,60,96,0.011383228203397405,0.0061329615387372,134601216
ds003604,babylm-gpt2,BrainAlign/gpt2-babylm-9@checkpoint-04,1495,,Gram,ses-9,60,0.007767598538898,0.0406592596142003,0.00507356768962,BrainAlign/gpt2-babylm-9,0.8562953703310558,0.8666432094643701,60,96,0.009071167272450553,0.0061329615387372,134601216
ds003604,babylm-gpt2,BrainAlign/gpt2-babylm-9@checkpoint-05,1794,,Gram,ses-9,60,0.0125002985673511,0.0392848406512035,0.0086965408654383,BrainAlign/gpt2-babylm-9,0.8562953703310558,0.8666432094643701,60,96,0.014598115323826063,0.0061329615387372,134601216
ds003604,babylm-gpt2,BrainAlign/gpt2-babylm-9@checkpoint-06,2093,,Gram,ses-9,60,0.0096825888358852,0.0436424817696917,0.0068250120563502,BrainAlign/gpt2-babylm-9,0.8562953703310558,0.8666432094643701,60,96,0.011307533791922494,0.0061329615387372,134601216
ds003604,babylm-gpt2,BrainAlign/gpt2-babylm-9@checkpoint-07,2392,,Gram,ses-9,60,0.009866234198497,0.0424944748525591,0.0068135146097415,BrainAlign/gpt2-babylm-9,0.8562953703310558,0.8666432094643701,60,96,0.01152199876391084,0.0061329615387372,134601216
ds003604,babylm-gpt2,BrainAlign/gpt2-babylm-9@checkpoint-08,2691,,Gram,ses-9,60,0.0079288289660736,0.0406335754951025,0.0054759783209256,BrainAlign/gpt2-babylm-9,0.8562953703310558,0.8666432094643701,60,96,0.009259455604680198,0.0061329615387372,134601216
ds003604,babylm-gpt2,BrainAlign/gpt2-babylm-9@checkpoint-09,2990,,Gram,ses-9,60,0.0087647277424714,0.0428441709695089,0.005988253442048,BrainAlign/gpt2-babylm-9,0.8562953703310558,0.8666432094643701,60,96,0.010235636027183977,0.0061329615387372,134601216
ds003604,babylm-gpt2,BrainAlign/gpt2-babylm-9@checkpoint-01,598,,Phon,ses-5,72,-0.0143137055781058,-0.0093132325711499,-0.0093333210832728,BrainAlign/gpt2-babylm-9,0.8557220149626009,0.8634857149064381,72,93,-0.01672705075693463,0.0089146943876321,134601216
ds003604,babylm-gpt2,BrainAlign/gpt2-babylm-9@checkpoint-02,897,,Phon,ses-5,72,-0.0089798033571376,-0.0169860654063978,-0.0061378928058457,BrainAlign/gpt2-babylm-9,0.8557220149626009,0.8634857149064381,72,93,-0.010493832342890069,0.0089146943876321,134601216
ds003604,babylm-gpt2,BrainAlign/gpt2-babylm-9@checkpoint-03,1196,,Phon,ses-5,72,-0.0158966998822122,-0.0209908062562471,-0.0104468515813296,BrainAlign/gpt2-babylm-9,0.8557220149626009,0.8634857149064381,72,93,-0.018576943918997994,0.0089146943876321,134601216
ds003604,babylm-gpt2,BrainAlign/gpt2-babylm-9@checkpoint-04,1495,,Phon,ses-5,72,-0.01150081190845,-0.0177297440760926,-0.0079074140428568,BrainAlign/gpt2-babylm-9,0.8557220149626009,0.8634857149064381,72,93,-0.013439892520414635,0.0089146943876321,134601216
ds003604,babylm-gpt2,BrainAlign/gpt2-babylm-9@checkpoint-05,1794,,Phon,ses-5,72,-0.0096297073922023,-0.0162353064152056,-0.006303881125413,BrainAlign/gpt2-babylm-9,0.8557220149626009,0.8634857149064381,72,93,-0.011253312669095189,0.0089146943876321,134601216
ds003604,babylm-gpt2,BrainAlign/gpt2-babylm-9@checkpoint-06,2093,,Phon,ses-5,72,-0.0103216750784447,-0.0164092604681574,-0.0066585203764443,BrainAlign/gpt2-babylm-9,0.8557220149626009,0.8634857149064381,72,93,-0.01206194873798567,0.0089146943876321,134601216
ds003604,babylm-gpt2,BrainAlign/gpt2-babylm-9@checkpoint-07,2392,,Phon,ses-5,72,-0.0053267419001232,-0.0122956463013286,-0.0033503915425582,BrainAlign/gpt2-babylm-9,0.8557220149626009,0.8634857149064381,72,93,-0.00622485083588273,0.0089146943876321,134601216
ds003604,babylm-gpt2,BrainAlign/gpt2-babylm-9@checkpoint-08,2691,,Phon,ses-5,72,-0.0066998031281856,-0.0137881178608484,-0.0043922591867797,BrainAlign/gpt2-babylm-9,0.8557220149626009,0.8634857149064381,72,93,-0.007829415407149964,0.0089146943876321,134601216
ds003604,babylm-gpt2,BrainAlign/gpt2-babylm-9@checkpoint-09,2990,,Phon,ses-5,72,-0.0071098867182842,-0.0139230017948893,-0.0044571845073485,BrainAlign/gpt2-babylm-9,0.8557220149626009,0.8634857149064381,72,93,-0.008308640649609716,0.0089146943876321,134601216
ds003604,babylm-gpt2,BrainAlign/gpt2-babylm-9@checkpoint-01,598,,Phon,ses-7,72,-0.0092639949392542,-0.0092245740160458,-0.0057881535790082,BrainAlign/gpt2-babylm-9,0.8460260208123772,0.8625655350367195,72,104,-0.010950011833393327,0.0081448036195669,134601216
ds003604,babylm-gpt2,BrainAlign/gpt2-babylm-9@checkpoint-02,897,,Phon,ses-7,72,-0.0016582502535081,-0.0166940200751559,-0.0009793923357496,BrainAlign/gpt2-babylm-9,0.8460260208123772,0.8625655350367195,72,104,-0.0019600463965822267,0.0081448036195669,134601216
ds003604,babylm-gpt2,BrainAlign/gpt2-babylm-9@checkpoint-03,1196,,Phon,ses-7,72,-0.0099164701935062,-0.0205168515512911,-0.006455781875423,BrainAlign/gpt2-babylm-9,0.8460260208123772,0.8625655350367195,72,104,-0.011721235457963972,0.0081448036195669,134601216
ds003604,babylm-gpt2,BrainAlign/gpt2-babylm-9@checkpoint-04,1495,,Phon,ses-7,72,-0.0064787839150808,-0.0173773049287128,-0.0040633450627662,BrainAlign/gpt2-babylm-9,0.8460260208123772,0.8625655350367195,72,104,-0.007657901477852532,0.0081448036195669,134601216
ds003604,babylm-gpt2,BrainAlign/gpt2-babylm-9@checkpoint-05,1794,,Phon,ses-7,72,-0.0061633036567713,-0.0159602077074842,-0.0036309179276572,BrainAlign/gpt2-babylm-9,0.8460260208123772,0.8625655350367195,72,104,-0.007285004840457659,0.0081448036195669,134601216
ds003604,babylm-gpt2,BrainAlign/gpt2-babylm-9@checkpoint-06,2093,,Phon,ses-7,72,-0.0053034916973316,-0.0163843538056244,-0.0033987792814727,BrainAlign/gpt2-babylm-9,0.8460260208123772,0.8625655350367195,72,104,-0.0062687099059187835,0.0081448036195669,134601216
ds003604,babylm-gpt2,BrainAlign/gpt2-babylm-9@checkpoint-07,2392,,Phon,ses-7,72,-0.0035682579340733,-0.0117423733616998,-0.0022503361110345,BrainAlign/gpt2-babylm-9,0.8460260208123772,0.8625655350367195,72,104,-0.004217669251646612,0.0081448036195669,134601216
ds003604,babylm-gpt2,BrainAlign/gpt2-babylm-9@checkpoint-08,2691,,Phon,ses-7,72,-0.0041277848363541,-0.0134256168101268,-0.0026466255677137,BrainAlign/gpt2-babylm-9,0.8460260208123772,0.8625655350367195,72,104,-0.004879028227040214,0.0081448036195669,134601216
ds003604,babylm-gpt2,BrainAlign/gpt2-babylm-9@checkpoint-09,2990,,Phon,ses-7,72,-0.0048264399920648,-0.0135508413976286,-0.0030141273822539,BrainAlign/gpt2-babylm-9,0.8460260208123772,0.8625655350367195,72,104,-0.005704836344667415,0.0081448036195669,134601216
ds003604,babylm-gpt2,BrainAlign/gpt2-babylm-9@checkpoint-01,598,,Phon,ses-9,72,-0.0163720721746112,-0.0088866618092372,-0.0108615161287358,BrainAlign/gpt2-babylm-9,0.8734471064940128,0.8799092800838068,72,96,-0.01874420563407456,0.008728626502912,134601216
ds003604,babylm-gpt2,BrainAlign/gpt2-babylm-9@checkpoint-02,897,,Phon,ses-9,72,-0.0106680171531939,-0.0169136426821686,-0.0070241846819118,BrainAlign/gpt2-babylm-9,0.8734471064940128,0.8799092800838068,72,96,-0.01221369568217469,0.008728626502912,134601216
ds003604,babylm-gpt2,BrainAlign/gpt2-babylm-9@checkpoint-03,1196,,Phon,ses-9,72,-0.0157513598851669,-0.0209112163620561,-0.010348238594428,BrainAlign/gpt2-babylm-9,0.8734471064940128,0.8799092800838068,72,96,-0.018033558950572667,0.008728626502912,134601216
ds003604,babylm-gpt2,BrainAlign/gpt2-babylm-9@checkpoint-04,1495,,Phon,ses-9,72,-0.0114945807621186,-0.0174060472434745,-0.008135877670896,BrainAlign/gpt2-babylm-9,0.8734471064940128,0.8799092800838068,72,96,-0.013160019280683702,0.008728626502912,134601216
ds003604,babylm-gpt2,BrainAlign/gpt2-babylm-9@checkpoint-05,1794,,Phon,ses-9,72,-0.0097405702000489,-0.0159609764196877,-0.0064110691546539,BrainAlign/gpt2-babylm-9,0.8734471064940128,0.8799092800838068,72,96,-0.011151871850772075,0.008728626502912,134601216
ds003604,babylm-gpt2,BrainAlign/gpt2-babylm-9@checkpoint-06,2093,,Phon,ses-9,72,-0.0092217343864394,-0.0164072130674293,-0.0061948555870994,BrainAlign/gpt2-babylm-9,0.8734471064940128,0.8799092800838068,72,96,-0.010557862425642613,0.008728626502912,134601216
ds003604,babylm-gpt2,BrainAlign/gpt2-babylm-9@checkpoint-07,2392,,Phon,ses-9,72,-0.0075881643877583,-0.0119147069274493,-0.0052326133360283,BrainAlign/gpt2-babylm-9,0.8734471064940128,0.8799092800838068,72,96,-0.008687606074072344,0.008728626502912,134601216
ds003604,babylm-gpt2,BrainAlign/gpt2-babylm-9@checkpoint-08,2691,,Phon,ses-9,72,-0.0081154540366166,-0.0135018222503357,-0.0056191027443198,BrainAlign/gpt2-babylm-9,0.8734471064940128,0.8799092800838068,72,96,-0.009291294202337859,0.008728626502912,134601216
ds003604,babylm-gpt2,BrainAlign/gpt2-babylm-9@checkpoint-09,2990,,Phon,ses-9,72,-0.0081690888927567,-0.013612810853811,-0.0055456023814117,BrainAlign/gpt2-babylm-9,0.8734471064940128,0.8799092800838068,72,96,-0.009352700160112897,0.008728626502912,134601216
ds003604,babylm-gpt2,BrainAlign/gpt2-babylm-9@checkpoint-01,598,,Plaus,ses-5,60,0.0080258723494204,0.0041688832454052,0.0054734233327903,BrainAlign/gpt2-babylm-9,0.8377735419584034,0.851372700209319,60,82,0.009580002169391614,0.0058908227201663,134601216
ds003604,babylm-gpt2,BrainAlign/gpt2-babylm-9@checkpoint-02,897,,Plaus,ses-5,60,0.0035593166779449,0.0043176887841899,0.0020778441010114,BrainAlign/gpt2-babylm-9,0.8377735419584034,0.851372700209319,60,82,0.00424854271432891,0.0058908227201663,134601216
ds003604,babylm-gpt2,BrainAlign/gpt2-babylm-9@checkpoint-03,1196,,Plaus,ses-5,60,-0.0002395063334446,-0.0004335661305479,-0.0002203677266673,BrainAlign/gpt2-babylm-9,0.8377735419584034,0.851372700209319,60,82,-0.00028588433681579767,0.0058908227201663,134601216
ds003604,babylm-gpt2,BrainAlign/gpt2-babylm-9@checkpoint-04,1495,,Plaus,ses-5,60,0.0066520151225506,0.0034135739812109,0.0040413524829694,BrainAlign/gpt2-babylm-9,0.8377735419584034,0.851372700209319,60,82,0.00794011124653168,0.0058908227201663,134601216
ds003604,babylm-gpt2,BrainAlign/gpt2-babylm-9@checkpoint-05,1794,,Plaus,ses-5,60,-0.0040756046164011,-0.0054619498558011,-0.002853283000067,BrainAlign/gpt2-babylm-9,0.8377735419584034,0.851372700209319,60,82,-0.004864804642641078,0.0058908227201663,134601216
ds003604,babylm-gpt2,BrainAlign/gpt2-babylm-9@checkpoint-06,2093,,Plaus,ses-5,60,-0.0011878974431874,-0.0052826876209227,-0.0009855866731818,BrainAlign/gpt2-babylm-9,0.8377735419584034,0.851372700209319,60,82,-0.0014179218890232998,0.0058908227201663,134601216
ds003604,babylm-gpt2,BrainAlign/gpt2-babylm-9@checkpoint-07,2392,,Plaus,ses-5,60,0.0001444819822238,-0.0017439406367981,-0.0003072373232666,BrainAlign/gpt2-babylm-9,0.8377735419584034,0.851372700209319,60,82,0.00017245947142954026,0.0058908227201663,134601216
ds003604,babylm-gpt2,BrainAlign/gpt2-babylm-9@checkpoint-08,2691,,Plaus,ses-5,60,0.0010435615324196,-0.0025537483155495,0.0003519496156339,BrainAlign/gpt2-babylm-9,0.8377735419584034,0.851372700209319,60,82,0.0012456367743246472,0.0058908227201663,134601216
ds003604,babylm-gpt2,BrainAlign/gpt2-babylm-9@checkpoint-09,2990,,Plaus,ses-5,60,0.0008385702610276,-0.0029091085008023,0.000133498130068,BrainAlign/gpt2-babylm-9,0.8377735419584034,0.851372700209319,60,82,0.0010009509957396533,0.0058908227201663,134601216
ds003604,babylm-gpt2,BrainAlign/gpt2-babylm-9@checkpoint-01,598,,Plaus,ses-7,60,0.0142792043678221,0.0045605921848432,0.0095856767365136,BrainAlign/gpt2-babylm-9,0.8460574663445363,0.8583435840524389,60,103,0.016877345731037188,0.0063089941228393,134601216
ds003604,babylm-gpt2,BrainAlign/gpt2-babylm-9@checkpoint-02,897,,Plaus,ses-7,60,0.0079208350703889,0.0046350369769295,0.0048436187574453,BrainAlign/gpt2-babylm-9,0.8460574663445363,0.8583435840524389,60,103,0.009362053271170276,0.0063089941228393,134601216
ds003604,babylm-gpt2,BrainAlign/gpt2-babylm-9@checkpoint-03,1196,,Plaus,ses-7,60,0.0040740616690207,-0.0001988863491424,0.0023665577602974,BrainAlign/gpt2-babylm-9,0.8460574663445363,0.8583435840524389,60,103,0.004815348638932332,0.0063089941228393,134601216
ds003604,babylm-gpt2,BrainAlign/gpt2-babylm-9@checkpoint-04,1495,,Plaus,ses-7,60,0.009198895390337,0.0037076534379459,0.0059001063513811,BrainAlign/gpt2-babylm-9,0.8460574663445363,0.8583435840524389,60,103,0.010872660258033788,0.0063089941228393,134601216
ds003604,babylm-gpt2,BrainAlign/gpt2-babylm-9@checkpoint-05,1794,,Plaus,ses-7,60,-0.0029956020427303,-0.0052596861039635,-0.0021314988518522,BrainAlign/gpt2-babylm-9,0.8460574663445363,0.8583435840524389,60,103,-0.003540660252870358,0.0063089941228393,134601216
ds003604,babylm-gpt2,BrainAlign/gpt2-babylm-9@checkpoint-06,2093,,Plaus,ses-7,60,-0.0029990579851798,-0.0050753721312641,-0.0021851536026929,BrainAlign/gpt2-babylm-9,0.8460574663445363,0.8583435840524389,60,103,-0.003544745013760693,0.0063089941228393,134601216
ds003604,babylm-gpt2,BrainAlign/gpt2-babylm-9@checkpoint-07,2392,,Plaus,ses-7,60,0.0002761259064754,-0.0015453507940193,-0.0001909853631117,BrainAlign/gpt2-babylm-9,0.8460574663445363,0.8583435840524389,60,103,0.0003263677911483077,0.0063089941228393,134601216
ds003604,babylm-gpt2,BrainAlign/gpt2-babylm-9@checkpoint-08,2691,,Plaus,ses-7,60,-5.678284402217796e-05,-0.0022977960051622,-0.0004056043664747,BrainAlign/gpt2-babylm-9,0.8460574663445363,0.8583435840524389,60,103,-6.711464206741547e-05,0.0063089941228393,134601216
ds003604,babylm-gpt2,BrainAlign/gpt2-babylm-9@checkpoint-09,2990,,Plaus,ses-7,60,5.750129918387552e-05,-0.002602542592558,-0.0004298767537598,BrainAlign/gpt2-babylm-9,0.8460574663445363,0.8583435840524389,60,103,6.796382216484041e-05,0.0063089941228393,134601216
ds003604,babylm-gpt2,BrainAlign/gpt2-babylm-9@checkpoint-01,598,,Plaus,ses-9,60,0.0174844167859885,0.0041481401808286,0.0119209358921539,BrainAlign/gpt2-babylm-9,0.8571028945001105,0.8668304036711462,60,89,0.02039943733498411,0.0059238995685712,134601216
ds003604,babylm-gpt2,BrainAlign/gpt2-babylm-9@checkpoint-02,897,,Plaus,ses-9,60,0.0118831802077981,0.0045121429227606,0.0077588602197928,BrainAlign/gpt2-babylm-9,0.8571028945001105,0.8668304036711462,60,89,0.01386435664148439,0.0059238995685712,134601216
ds003604,babylm-gpt2,BrainAlign/gpt2-babylm-9@checkpoint-03,1196,,Plaus,ses-9,60,0.0126688195832006,-0.0001947049788678,0.0082609153883741,BrainAlign/gpt2-babylm-9,0.8571028945001105,0.8668304036711462,60,89,0.014780978648531408,0.0059238995685712,134601216
ds003604,babylm-gpt2,BrainAlign/gpt2-babylm-9@checkpoint-04,1495,,Plaus,ses-9,60,0.0178415106415679,0.0037913021190381,0.0118225688489459,BrainAlign/gpt2-babylm-9,0.8571028945001105,0.8668304036711462,60,89,0.020816066257685006,0.0059238995685712,134601216
ds003604,babylm-gpt2,BrainAlign/gpt2-babylm-9@checkpoint-05,1794,,Plaus,ses-9,60,0.0042607280057463,-0.0052672949825705,0.0027740783678735,BrainAlign/gpt2-babylm-9,0.8571028945001105,0.8668304036711462,60,89,0.004971081107165425,0.0059238995685712,134601216
ds003604,babylm-gpt2,BrainAlign/gpt2-babylm-9@checkpoint-06,2093,,Plaus,ses-9,60,0.0056491642459425,-0.005034737131452,0.0036427743338666,BrainAlign/gpt2-babylm-9,0.8571028945001105,0.8668304036711462,60,89,0.006590998912956969,0.0059238995685712,134601216
ds003604,babylm-gpt2,BrainAlign/gpt2-babylm-9@checkpoint-07,2392,,Plaus,ses-9,60,0.0077907643898196,-0.001552315301768,0.0048091264176191,BrainAlign/gpt2-babylm-9,0.8571028945001105,0.8668304036711462,60,89,0.009089648908913579,0.0059238995685712,134601216
ds003604,babylm-gpt2,BrainAlign/gpt2-babylm-9@checkpoint-08,2691,,Plaus,ses-9,60,0.0076454892936899,-0.0022633178816719,0.0049241008837065,BrainAlign/gpt2-babylm-9,0.8571028945001105,0.8668304036711462,60,89,0.008920153394358785,0.0059238995685712,134601216
ds003604,babylm-gpt2,BrainAlign/gpt2-babylm-9@checkpoint-09,2990,,Plaus,ses-9,60,0.0079937647613659,-0.0025476329615144,0.0049585932235327,BrainAlign/gpt2-babylm-9,0.8571028945001105,0.8668304036711462,60,89,0.009326493718152843,0.0059238995685712,134601216
ds003604,babylm-gpt2,BrainAlign/gpt2-babylm-9@checkpoint-01,598,,Sem,ses-5,72,-0.0094266867134091,-7.155406455831154e-05,-0.006201593120366,BrainAlign/gpt2-babylm-9,0.8591956418414916,0.8653112906283371,72,89,-0.010971525289868939,0.0077235660279985,134601216
ds003604,babylm-gpt2,BrainAlign/gpt2-babylm-9@checkpoint-02,897,,Sem,ses-5,72,-0.0150873357031451,-0.0020145498031672,-0.0105534271075463,BrainAlign/gpt2-babylm-9,0.8591956418414916,0.8653112906283371,72,89,-0.017559837327397063,0.0077235660279985,134601216
ds003604,babylm-gpt2,BrainAlign/gpt2-babylm-9@checkpoint-03,1196,,Sem,ses-5,72,0.0042551083336099,0.0035812078759585,0.002888564262286,BrainAlign/gpt2-babylm-9,0.8591956418414916,0.8653112906283371,72,89,0.00495243239885393,0.0077235660279985,134601216
ds003604,babylm-gpt2,BrainAlign/gpt2-babylm-9@checkpoint-04,1495,,Sem,ses-5,72,-0.0147283653347179,-0.0083344922788313,-0.0102012378686119,BrainAlign/gpt2-babylm-9,0.8591956418414916,0.8653112906283371,72,89,-0.01714203915554201,0.0077235660279985,134601216
ds003604,babylm-gpt2,BrainAlign/gpt2-babylm-9@checkpoint-05,1794,,Sem,ses-5,72,0.0007844762433162,0.002523043817189,0.0009150795182051,BrainAlign/gpt2-babylm-9,0.8591956418414916,0.8653112906283371,72,89,0.0009130356406776605,0.0077235660279985,134601216
ds003604,babylm-gpt2,BrainAlign/gpt2-babylm-9@checkpoint-06,2093,,Sem,ses-5,72,-0.0060953287562254,-0.0031140128357137,-0.0043597965264953,BrainAlign/gpt2-babylm-9,0.8591956418414916,0.8653112906283371,72,89,-0.00709422680864796,0.0077235660279985,134601216
ds003604,babylm-gpt2,BrainAlign/gpt2-babylm-9@checkpoint-07,2392,,Sem,ses-5,72,-0.0039790766715248,4.68170486238725e-05,-0.0028218014326445,BrainAlign/gpt2-babylm-9,0.8591956418414916,0.8653112906283371,72,89,-0.004631164868337262,0.0077235660279985,134601216
ds003604,babylm-gpt2,BrainAlign/gpt2-babylm-9@checkpoint-08,2691,,Sem,ses-5,72,-0.0044658685402532,-0.003265635296962,-0.0030686401514107,BrainAlign/gpt2-babylm-9,0.8591956418414916,0.8653112906283371,72,89,-0.005197731835186711,0.0077235660279985,134601216
ds003604,babylm-gpt2,BrainAlign/gpt2-babylm-9@checkpoint-09,2990,,Sem,ses-5,72,-0.0040980526891605,-0.0019865455072743,-0.0028934642864799,BrainAlign/gpt2-babylm-9,0.8591956418414916,0.8653112906283371,72,89,-0.004769638589387221,0.0077235660279985,134601216
ds003604,babylm-gpt2,BrainAlign/gpt2-babylm-9@checkpoint-01,598,,Sem,ses-7,72,-0.0003436515647889,0.0005827600525226,-0.0002609262883235,BrainAlign/gpt2-babylm-9,0.8546161144168992,0.8628169351539338,72,117,-0.000402112198672233,0.0074296612798053,134601216
ds003604,babylm-gpt2,BrainAlign/gpt2-babylm-9@checkpoint-02,897,,Sem,ses-7,72,-0.0087827084115527,-0.0018152992804481,-0.0060962426001978,BrainAlign/gpt2-babylm-9,0.8546161144168992,0.8628169351539338,72,117,-0.01027678774527333,0.0074296612798053,134601216
ds003604,babylm-gpt2,BrainAlign/gpt2-babylm-9@checkpoint-03,1196,,Sem,ses-7,72,0.0038158358723673,0.0039589296429457,0.0024714497027829,BrainAlign/gpt2-babylm-9,0.8546161144168992,0.8628169351539338,72,117,0.004464970655240719,0.0074296612798053,134601216
ds003604,babylm-gpt2,BrainAlign/gpt2-babylm-9@checkpoint-04,1495,,Sem,ses-7,72,-0.0112752337756904,-0.0080913078367425,-0.0075827874400129,BrainAlign/gpt2-babylm-9,0.8546161144168992,0.8628169351539338,72,117,-0.013193331585355655,0.0074296612798053,134601216
ds003604,babylm-gpt2,BrainAlign/gpt2-babylm-9@checkpoint-05,1794,,Sem,ses-7,72,0.0017180343334007,0.0030042704246873,0.0009695922873619,BrainAlign/gpt2-babylm-9,0.8546161144168992,0.8628169351539338,72,117,0.0020102994834972276,0.0074296612798053,134601216
ds003604,babylm-gpt2,BrainAlign/gpt2-babylm-9@checkpoint-06,2093,,Sem,ses-7,72,-0.0042090577835915,-0.0028178061787526,-0.0033301789427585,BrainAlign/gpt2-babylm-9,0.8546161144168992,0.8628169351539338,72,117,-0.004925085910020924,0.0074296612798053,134601216
ds003604,babylm-gpt2,BrainAlign/gpt2-babylm-9@checkpoint-07,2392,,Sem,ses-7,72,-0.0018952314343575,0.000281121113344,-0.0017774837763261,BrainAlign/gpt2-babylm-9,0.8546161144168992,0.8628169351539338,72,117,-0.0022176406486912642,0.0074296612798053,134601216
ds003604,babylm-gpt2,BrainAlign/gpt2-babylm-9@checkpoint-08,2691,,Sem,ses-7,72,-0.0027874020938498,-0.0029043407480566,-0.0023391490495484,BrainAlign/gpt2-babylm-9,0.8546161144168992,0.8628169351539338,72,117,-0.003261583823225276,0.0074296612798053,134601216
ds003604,babylm-gpt2,BrainAlign/gpt2-babylm-9@checkpoint-09,2990,,Sem,ses-7,72,-0.0019630000912179,-0.0016094262903475,-0.0017560461704779,BrainAlign/gpt2-babylm-9,0.8546161144168992,0.8628169351539338,72,117,-0.00229693783922767,0.0074296612798053,134601216
ds003604,babylm-gpt2,BrainAlign/gpt2-babylm-9@checkpoint-01,598,,Sem,ses-9,72,-0.0045243080837848,0.0007597337210367,-0.0032156408772268,BrainAlign/gpt2-babylm-9,0.8812943730411821,0.886007959425842,72,83,-0.005133708125438562,0.0084082983710845,134601216
ds003604,babylm-gpt2,BrainAlign/gpt2-babylm-9@checkpoint-02,897,,Sem,ses-9,72,-0.0069148649888412,-0.0016982171375658,-0.0048479614368095,BrainAlign/gpt2-babylm-9,0.8812943730411821,0.886007959425842,72,83,-0.007846260228553704,0.0084082983710845,134601216
ds003604,babylm-gpt2,BrainAlign/gpt2-babylm-9@checkpoint-03,1196,,Sem,ses-9,72,0.0078054712145238,0.0042242606668378,0.0050219122956919,BrainAlign/gpt2-babylm-9,0.8812943730411821,0.886007959425842,72,83,0.008856826337820107,0.0084082983710845,134601216
ds003604,babylm-gpt2,BrainAlign/gpt2-babylm-9@checkpoint-04,1495,,Sem,ses-9,72,-0.0057915526474141,-0.0079106247135189,-0.003976369633325,BrainAlign/gpt2-babylm-9,0.8812943730411821,0.886007959425842,72,83,-0.0065716437374137935,0.0084082983710845,134601216
ds003604,babylm-gpt2,BrainAlign/gpt2-babylm-9@checkpoint-05,1794,,Sem,ses-9,72,0.0062668178655653,0.0033589702377262,0.0041950332129764,BrainAlign/gpt2-babylm-9,0.8812943730411821,0.886007959425842,72,83,0.007110924632299289,0.0084082983710845,134601216
ds003604,babylm-gpt2,BrainAlign/gpt2-babylm-9@checkpoint-06,2093,,Sem,ses-9,72,0.0014154274178867,-0.0024602352452472,0.0007809413558979,BrainAlign/gpt2-babylm-9,0.8812943730411821,0.886007959425842,72,83,0.0016060779022136777,0.0084082983710845,134601216
ds003604,babylm-gpt2,BrainAlign/gpt2-babylm-9@checkpoint-07,2392,,Sem,ses-9,72,0.0030166128462271,0.0006375989564536,0.0018644592057673,BrainAlign/gpt2-babylm-9,0.8812943730411821,0.886007959425842,72,83,0.0034229344229412617,0.0084082983710845,134601216
ds003604,babylm-gpt2,BrainAlign/gpt2-babylm-9@checkpoint-08,2691,,Sem,ses-9,72,0.0026183692246391,-0.0024730505403007,0.0014804198095728,BrainAlign/gpt2-babylm-9,0.8812943730411821,0.886007959425842,72,83,0.002971049520722114,0.0084082983710845,134601216
ds003604,babylm-gpt2,BrainAlign/gpt2-babylm-9@checkpoint-09,2990,,Sem,ses-9,72,0.0039445182783663,-0.0011626361040876,0.002429799497135,BrainAlign/gpt2-babylm-9,0.8812943730411821,0.886007959425842,72,83,0.004475823741793001,0.0084082983710845,134601216
ds003604,beetle-fineweb3-eng,Beetle-FineWeb3-24B/beetle-monolingual-fineweb3-eng@step-0,0,,Gram,ses-5,60,0.0189412317797972,0.0129787783973994,0.0124562059064938,Beetle-FineWeb3-24B/beetle-monolingual-fineweb3-eng,0.8398150343230842,0.8472510876978319,60,97,0.02255405179196916,0.0081285104156867,193804032
ds003604,beetle-fineweb3-eng,Beetle-FineWeb3-24B/beetle-monolingual-fineweb3-eng@step-1,1,,Gram,ses-5,60,0.0189412317797972,0.0129787783973994,0.0124562059064938,Beetle-FineWeb3-24B/beetle-monolingual-fineweb3-eng,0.8398150343230842,0.8472510876978319,60,97,0.02255405179196916,0.0081285104156867,193804032
ds003604,beetle-fineweb3-eng,Beetle-FineWeb3-24B/beetle-monolingual-fineweb3-eng@step-2,2,,Gram,ses-5,60,0.0189412317797972,0.0129787783973994,0.0124562059064938,Beetle-FineWeb3-24B/beetle-monolingual-fineweb3-eng,0.8398150343230842,0.8472510876978319,60,97,0.02255405179196916,0.0081285104156867,193804032
ds003604,beetle-fineweb3-eng,Beetle-FineWeb3-24B/beetle-monolingual-fineweb3-eng@step-4,4,,Gram,ses-5,60,0.0189220758608473,0.0129778572460823,0.0124408759776821,Beetle-FineWeb3-24B/beetle-monolingual-fineweb3-eng,0.8398150343230842,0.8472510876978319,60,97,0.022531242103922388,0.0081285104156867,193804032
ds003604,beetle-fineweb3-eng,Beetle-FineWeb3-24B/beetle-monolingual-fineweb3-eng@step-6,6,,Gram,ses-5,60,0.0189153976902781,0.0129740562143363,0.0124523734242909,Beetle-FineWeb3-24B/beetle-monolingual-fineweb3-eng,0.8398150343230842,0.8472510876978319,60,97,0.022523290149865524,0.0081285104156867,193804032
ds003604,beetle-fineweb3-eng,Beetle-FineWeb3-24B/beetle-monolingual-fineweb3-eng@step-8,8,,Gram,ses-5,60,0.018882712308464,0.0129681707385825,0.0124229910607352,Beetle-FineWeb3-24B/beetle-monolingual-fineweb3-eng,0.8398150343230842,0.8472510876978319,60,97,0.022484370411020357,0.0081285104156867,193804032
ds003604,beetle-fineweb3-eng,Beetle-FineWeb3-24B/beetle-monolingual-fineweb3-eng@step-16,16,,Gram,ses-5,60,0.0186828714084119,0.0129322755204759,0.0122914091717686,Beetle-FineWeb3-24B/beetle-monolingual-fineweb3-eng,0.8398150343230842,0.8472510876978319,60,97,0.022246412179880597,0.0081285104156867,193804032
ds003604,beetle-fineweb3-eng,Beetle-FineWeb3-24B/beetle-monolingual-fineweb3-eng@step-32,32,,Gram,ses-5,60,0.0183804905102217,0.0128273962780128,0.0121904871404253,Beetle-FineWeb3-24B/beetle-monolingual-fineweb3-eng,0.8398150343230842,0.8472510876978319,60,97,0.021886355636675306,0.0081285104156867,193804032
ds003604,beetle-fineweb3-eng,Beetle-FineWeb3-24B/beetle-monolingual-fineweb3-eng@step-64,64,,Gram,ses-5,60,0.0166156400298567,0.0064344824743428,0.011142942004963,Beetle-FineWeb3-24B/beetle-monolingual-fineweb3-eng,0.8398150343230842,0.8472510876978319,60,97,0.01978488042101961,0.0081285104156867,193804032
ds003604,beetle-fineweb3-eng,Beetle-FineWeb3-24B/beetle-monolingual-fineweb3-eng@step-128,128,,Gram,ses-5,60,-0.0058223985007745,-0.0188720297676413,-0.0037730787287656,Beetle-FineWeb3-24B/beetle-monolingual-fineweb3-eng,0.8398150343230842,0.8472510876978319,60,97,-0.006932953403802214,0.0081285104156867,193804032
ds003604,beetle-fineweb3-eng,Beetle-FineWeb3-24B/beetle-monolingual-fineweb3-eng@step-256,256,,Gram,ses-5,60,0.0075743384284445,0.0167973622664843,0.0049419858006534,Beetle-FineWeb3-24B/beetle-monolingual-fineweb3-eng,0.8398150343230842,0.8472510876978319,60,97,0.009019055528756568,0.0081285104156867,193804032
ds003604,beetle-fineweb3-eng,Beetle-FineWeb3-24B/beetle-monolingual-fineweb3-eng@step-512,512,,Gram,ses-5,60,0.0169546080407543,0.014942051214506,0.0110011401634553,Beetle-FineWeb3-24B/beetle-monolingual-fineweb3-eng,0.8398150343230842,0.8472510876978319,60,97,0.020188502643823488,0.0081285104156867,193804032
ds003604,beetle-fineweb3-eng,Beetle-FineWeb3-24B/beetle-monolingual-fineweb3-eng@step-1024,1024,,Gram,ses-5,60,0.0077950361684015,-0.0006193393931703,0.0049049384726919,Beetle-FineWeb3-24B/beetle-monolingual-fineweb3-eng,0.8398150343230842,0.8472510876978319,60,97,0.009281848799818795,0.0081285104156867,193804032
ds003604,beetle-fineweb3-eng,Beetle-FineWeb3-24B/beetle-monolingual-fineweb3-eng@step-2048,2048,,Gram,ses-5,60,0.0116638501294742,0.0046184543842774,0.007793352559619,Beetle-FineWeb3-24B/beetle-monolingual-fineweb3-eng,0.8398150343230842,0.8472510876978319,60,97,0.013888594098432173,0.0081285104156867,193804032
ds003604,beetle-fineweb3-eng,Beetle-FineWeb3-24B/beetle-monolingual-fineweb3-eng@step-4096,4096,,Gram,ses-5,60,0.0408041426254464,0.0339787807040237,0.0275830131613826,Beetle-FineWeb3-24B/beetle-monolingual-fineweb3-eng,0.8398150343230842,0.8472510876978319,60,97,0.04858705900441011,0.0081285104156867,193804032
ds003604,beetle-fineweb3-eng,Beetle-FineWeb3-24B/beetle-monolingual-fineweb3-eng@step-8192,8192,,Gram,ses-5,60,0.0524168255468762,0.0451944092629513,0.0348161845723428,Beetle-FineWeb3-24B/beetle-monolingual-fineweb3-eng,0.8398150343230842,0.8472510876978319,60,97,0.06241472634402849,0.0081285104156867,193804032
ds003604,beetle-fineweb3-eng,Beetle-FineWeb3-24B/beetle-monolingual-fineweb3-eng@step-16384,16384,,Gram,ses-5,60,0.0451680133093385,0.0424251226255607,0.0301098964271684,Beetle-FineWeb3-24B/beetle-monolingual-fineweb3-eng,0.8398150343230842,0.8472510876978319,60,97,0.05378328734701118,0.0081285104156867,193804032
ds003604,beetle-fineweb3-eng,Beetle-FineWeb3-24B/beetle-monolingual-fineweb3-eng@step-32768,32768,,Gram,ses-5,60,0.038219153937788,0.0329677725621322,0.0252107066777808,Beetle-FineWeb3-24B/beetle-monolingual-fineweb3-eng,0.8398150343230842,0.8472510876978319,60,97,0.04550901374204829,0.0081285104156867,193804032
ds003604,beetle-fineweb3-eng,Beetle-FineWeb3-24B/beetle-monolingual-fineweb3-eng@step-65536,65536,,Gram,ses-5,60,0.0381564405926495,0.0325624664989239,0.0252643614286216,Beetle-FineWeb3-24B/beetle-monolingual-fineweb3-eng,0.8398150343230842,0.8472510876978319,60,97,0.04543433855456603,0.0081285104156867,193804032
ds003604,beetle-fineweb3-eng,Beetle-FineWeb3-24B/beetle-monolingual-fineweb3-eng@step-0,0,,Gram,ses-7,60,0.0063243454682772,0.0155130850027827,0.0041346095499069,Beetle-FineWeb3-24B/beetle-monolingual-fineweb3-eng,0.8473571253286221,0.8585290564097823,60,104,0.007463612778171296,0.0080555141424375,193804032
ds003604,beetle-fineweb3-eng,Beetle-FineWeb3-24B/beetle-monolingual-fineweb3-eng@step-1,1,,Gram,ses-7,60,0.0063243454682772,0.0155130850027827,0.0041346095499069,Beetle-FineWeb3-24B/beetle-monolingual-fineweb3-eng,0.8473571253286221,0.8585290564097823,60,104,0.007463612778171296,0.0080555141424375,193804032
ds003604,beetle-fineweb3-eng,Beetle-FineWeb3-24B/beetle-monolingual-fineweb3-eng@step-2,2,,Gram,ses-7,60,0.0063243454682772,0.0155130850027827,0.0041346095499069,Beetle-FineWeb3-24B/beetle-monolingual-fineweb3-eng,0.8473571253286221,0.8585290564097823,60,104,0.007463612778171296,0.0080555141424375,193804032
ds003604,beetle-fineweb3-eng,Beetle-FineWeb3-24B/beetle-monolingual-fineweb3-eng@step-4,4,,Gram,ses-7,60,0.0063255313520983,0.0155122605396531,0.0041397195261774,Beetle-FineWeb3-24B/beetle-monolingual-fineweb3-eng,0.8473571253286221,0.8585290564097823,60,104,0.007465012287050908,0.0080555141424375,193804032
ds003604,beetle-fineweb3-eng,Beetle-FineWeb3-24B/beetle-monolingual-fineweb3-eng@step-6,6,,Gram,ses-7,60,0.006334176618276,0.0155083611841696,0.0041486619846509,Beetle-FineWeb3-24B/beetle-monolingual-fineweb3-eng,0.8473571253286221,0.8585290564097823,60,104,0.00747521491109133,0.0080555141424375,193804032
ds003604,beetle-fineweb3-eng,Beetle-FineWeb3-24B/beetle-monolingual-fineweb3-eng@step-8,8,,Gram,ses-7,60,0.006351458494545,0.0155024027765798,0.004155049454989,Beetle-FineWeb3-24B/beetle-monolingual-fineweb3-eng,0.8473571253286221,0.8585290564097823,60,104,0.007495609943778755,0.0080555141424375,193804032
ds003604,beetle-fineweb3-eng,Beetle-FineWeb3-24B/beetle-monolingual-fineweb3-eng@step-16,16,,Gram,ses-7,60,0.0062545882329238,0.0154649341787629,0.0040771223168632,Beetle-FineWeb3-24B/beetle-monolingual-fineweb3-eng,0.8473571253286221,0.8585290564097823,60,104,0.007381289477560179,0.0080555141424375,193804032
ds003604,beetle-fineweb3-eng,Beetle-FineWeb3-24B/beetle-monolingual-fineweb3-eng@step-32,32,,Gram,ses-7,60,0.0062813766559559,0.0153474084416816,0.004155049454989,Beetle-FineWeb3-24B/beetle-monolingual-fineweb3-eng,0.8473571253286221,0.8585290564097823,60,104,0.007412903565919572,0.0080555141424375,193804032
ds003604,beetle-fineweb3-eng,Beetle-FineWeb3-24B/beetle-monolingual-fineweb3-eng@step-64,64,,Gram,ses-7,60,-0.0015341495506942,0.0081149982751068,-0.0013535049646613,Beetle-FineWeb3-24B/beetle-monolingual-fineweb3-eng,0.8473571253286221,0.8585290564097823,60,104,-0.0018105111821644575,0.0080555141424375,193804032
ds003604,beetle-fineweb3-eng,Beetle-FineWeb3-24B/beetle-monolingual-fineweb3-eng@step-128,128,,Gram,ses-7,60,-0.016790291718818,-0.0183035293489388,-0.0111978742498714,Beetle-FineWeb3-24B/beetle-monolingual-fineweb3-eng,0.8473571253286221,0.8585290564097823,60,104,-0.01981489411835227,0.0080555141424375,193804032
ds003604,beetle-fineweb3-eng,Beetle-FineWeb3-24B/beetle-monolingual-fineweb3-eng@step-256,256,,Gram,ses-7,60,-0.0038697217681218,0.0177619761430844,-0.0022988505747126,Beetle-FineWeb3-24B/beetle-monolingual-fineweb3-eng,0.8473571253286221,0.8585290564097823,60,104,-0.004566813274416079,0.0080555141424375,193804032
ds003604,beetle-fineweb3-eng,Beetle-FineWeb3-24B/beetle-monolingual-fineweb3-eng@step-512,512,,Gram,ses-7,60,0.0092797454002653,0.0167566864200878,0.0060495731572946,Beetle-FineWeb3-24B/beetle-monolingual-fineweb3-eng,0.8473571253286221,0.8585290564097823,60,104,0.010951398321771862,0.0080555141424375,193804032
ds003604,beetle-fineweb3-eng,Beetle-FineWeb3-24B/beetle-monolingual-fineweb3-eng@step-1024,1024,,Gram,ses-7,60,0.0077731687304228,0.0013175405228261,0.0051706572387604,Beetle-FineWeb3-24B/beetle-monolingual-fineweb3-eng,0.8473571253286221,0.8585290564097823,60,104,0.009173426997982945,0.0080555141424375,193804032
ds003604,beetle-fineweb3-eng,Beetle-FineWeb3-24B/beetle-monolingual-fineweb3-eng@step-2048,2048,,Gram,ses-7,60,0.0014785947889137,0.0069423588564174,0.0009025495587854,Beetle-FineWeb3-24B/beetle-monolingual-fineweb3-eng,0.8473571253286221,0.8585290564097823,60,104,0.0017449487880806707,0.0080555141424375,193804032
ds003604,beetle-fineweb3-eng,Beetle-FineWeb3-24B/beetle-monolingual-fineweb3-eng@step-4096,4096,,Gram,ses-7,60,0.0336086691916001,0.0367124873430926,0.0223222925908537,Beetle-FineWeb3-24B/beetle-monolingual-fineweb3-eng,0.8473571253286221,0.8585290564097823,60,104,0.039662933357132016,0.0080555141424375,193804032
ds003604,beetle-fineweb3-eng,Beetle-FineWeb3-24B/beetle-monolingual-fineweb3-eng@step-8192,8192,,Gram,ses-7,60,0.047976491324781,0.0486651291251942,0.0316122294507094,Beetle-FineWeb3-24B/beetle-monolingual-fineweb3-eng,0.8473571253286221,0.8585290564097823,60,104,0.05661897432699908,0.0080555141424375,193804032
ds003604,beetle-fineweb3-eng,Beetle-FineWeb3-24B/beetle-monolingual-fineweb3-eng@step-16384,16384,,Gram,ses-7,60,0.040370418602003,0.0455315313633498,0.0266274475987902,Beetle-FineWeb3-24B/beetle-monolingual-fineweb3-eng,0.8473571253286221,0.8585290564097823,60,104,0.04764274400400722,0.0080555141424375,193804032
ds003604,beetle-fineweb3-eng,Beetle-FineWeb3-24B/beetle-monolingual-fineweb3-eng@step-32768,32768,,Gram,ses-7,60,0.0375966017200693,0.0367521396904035,0.0244314352965223,Beetle-FineWeb3-24B/beetle-monolingual-fineweb3-eng,0.8473571253286221,0.8585290564097823,60,104,0.04436925187297928,0.0080555141424375,193804032
ds003604,beetle-fineweb3-eng,Beetle-FineWeb3-24B/beetle-monolingual-fineweb3-eng@step-65536,65536,,Gram,ses-7,60,0.0392648675896604,0.0361679522773756,0.0261228374420736,Beetle-FineWeb3-24B/beetle-monolingual-fineweb3-eng,0.8473571253286221,0.8585290564097823,60,104,0.046338039081730384,0.0080555141424375,193804032
ds003604,beetle-fineweb3-eng,Beetle-FineWeb3-24B/beetle-monolingual-fineweb3-eng@step-0,0,,Gram,ses-9,60,-0.0037513324759948,0.0151937837008659,-0.0026552714195833,Beetle-FineWeb3-24B/beetle-monolingual-fineweb3-eng,0.8562953703310558,0.8666432094643701,60,96,-0.004380886089042479,0.0061329615387372,193804032
ds003604,beetle-fineweb3-eng,Beetle-FineWeb3-24B/beetle-monolingual-fineweb3-eng@step-1,1,,Gram,ses-9,60,-0.0037513324759948,0.0151937837008659,-0.0026552714195833,Beetle-FineWeb3-24B/beetle-monolingual-fineweb3-eng,0.8562953703310558,0.8666432094643701,60,96,-0.004380886089042479,0.0061329615387372,193804032
ds003604,beetle-fineweb3-eng,Beetle-FineWeb3-24B/beetle-monolingual-fineweb3-eng@step-2,2,,Gram,ses-9,60,-0.0037513324759948,0.0151937837008659,-0.0026552714195833,Beetle-FineWeb3-24B/beetle-monolingual-fineweb3-eng,0.8562953703310558,0.8666432094643701,60,96,-0.004380886089042479,0.0061329615387372,193804032
ds003604,beetle-fineweb3-eng,Beetle-FineWeb3-24B/beetle-monolingual-fineweb3-eng@step-4,4,,Gram,ses-9,60,-0.0037516938675972,0.0151929248440612,-0.0026552714195833,Beetle-FineWeb3-24B/beetle-monolingual-fineweb3-eng,0.8562953703310558,0.8666432094643701,60,96,-0.004381308129864982,0.0061329615387372,193804032
ds003604,beetle-fineweb3-eng,Beetle-FineWeb3-24B/beetle-monolingual-fineweb3-eng@step-6,6,,Gram,ses-9,60,-0.0037502526292307,0.0151890492491251,-0.0026335540204335,Beetle-FineWeb3-24B/beetle-monolingual-fineweb3-eng,0.8562953703310558,0.8666432094643701,60,96,-0.0043796250209560275,0.0061329615387372,193804032
ds003604,beetle-fineweb3-eng,Beetle-FineWeb3-24B/beetle-monolingual-fineweb3-eng@step-8,8,,Gram,ses-9,60,-0.0037305730170606,0.0151830871922265,-0.0026195015856895,Beetle-FineWeb3-24B/beetle-monolingual-fineweb3-eng,0.8562953703310558,0.8666432094643701,60,96,-0.004356642750057504,0.0061329615387372,193804032
ds003604,beetle-fineweb3-eng,Beetle-FineWeb3-24B/beetle-monolingual-fineweb3-eng@step-16,16,,Gram,ses-9,60,-0.0038781506321423,0.0151452860377946,-0.0027153136407622,Beetle-FineWeb3-24B/beetle-monolingual-fineweb3-eng,0.8562953703310558,0.8666432094643701,60,96,-0.004528987037081553,0.0061329615387372,193804032
ds003604,beetle-fineweb3-eng,Beetle-FineWeb3-24B/beetle-monolingual-fineweb3-eng@step-32,32,,Gram,ses-9,60,-0.0039837938372138,0.0150269603178612,-0.0026476064551775,Beetle-FineWeb3-24B/beetle-monolingual-fineweb3-eng,0.8562953703310558,0.8666432094643701,60,96,-0.0046523594255491645,0.0061329615387372,193804032
ds003604,beetle-fineweb3-eng,Beetle-FineWeb3-24B/beetle-monolingual-fineweb3-eng@step-64,64,,Gram,ses-9,60,-0.0076656579747351,0.0079416945059075,-0.0053099040921328,Beetle-FineWeb3-24B/beetle-monolingual-fineweb3-eng,0.8562953703310558,0.8666432094643701,60,96,-0.008952118907020891,0.0061329615387372,193804032
ds003604,beetle-fineweb3-eng,Beetle-FineWeb3-24B/beetle-monolingual-fineweb3-eng@step-128,128,,Gram,ses-9,60,-0.0113912981046238,-0.018006107107723,-0.0076477182359084,Beetle-FineWeb3-24B/beetle-monolingual-fineweb3-eng,0.8562953703310558,0.8666432094643701,60,96,-0.013303000926210501,0.0061329615387372,193804032
ds003604,beetle-fineweb3-eng,Beetle-FineWeb3-24B/beetle-monolingual-fineweb3-eng@step-256,256,,Gram,ses-9,60,-0.0029652408200838,0.0176550157217755,-0.0024278774755439,Beetle-FineWeb3-24B/beetle-monolingual-fineweb3-eng,0.8562953703310558,0.8666432094643701,60,96,-0.0034628714843306886,0.0061329615387372,193804032
ds003604,beetle-fineweb3-eng,Beetle-FineWeb3-24B/beetle-monolingual-fineweb3-eng@step-512,512,,Gram,ses-9,60,-0.0055457175227659,0.0172344743301998,-0.0038062935745242,Beetle-FineWeb3-24B/beetle-monolingual-fineweb3-eng,0.8562953703310558,0.8666432094643701,60,96,-0.006476407224555994,0.0061329615387372,193804032
ds003604,beetle-fineweb3-eng,Beetle-FineWeb3-24B/beetle-monolingual-fineweb3-eng@step-1024,1024,,Gram,ses-9,60,-0.0069712364366093,0.0006189102633486,-0.0048640586625275,Beetle-FineWeb3-24B/beetle-monolingual-fineweb3-eng,0.8562953703310558,0.8666432094643701,60,96,-0.00814115862136931,0.0061329615387372,193804032
ds003604,beetle-fineweb3-eng,Beetle-FineWeb3-24B/beetle-monolingual-fineweb3-eng@step-2048,2048,,Gram,ses-9,60,-0.0154897104263765,0.0059500404768537,-0.0100570720474716,Beetle-FineWeb3-24B/beetle-monolingual-fineweb3-eng,0.8562953703310558,0.8666432094643701,60,96,-0.01808921426305033,0.0061329615387372,193804032
ds003604,beetle-fineweb3-eng,Beetle-FineWeb3-24B/beetle-monolingual-fineweb3-eng@step-4096,4096,,Gram,ses-9,60,0.0020585157816764,0.0355476466932982,0.0017354756908847,Beetle-FineWeb3-24B/beetle-monolingual-fineweb3-eng,0.8562953703310558,0.8666432094643701,60,96,0.0024039786421834195,0.0061329615387372,193804032
ds003604,beetle-fineweb3-eng,Beetle-FineWeb3-24B/beetle-monolingual-fineweb3-eng@step-8192,8192,,Gram,ses-9,60,0.0056896963699744,0.0471197807355371,0.003828010973674,Beetle-FineWeb3-24B/beetle-monolingual-fineweb3-eng,0.8562953703310558,0.8666432094643701,60,96,0.006644548793688658,0.0061329615387372,193804032
ds003604,beetle-fineweb3-eng,Beetle-FineWeb3-24B/beetle-monolingual-fineweb3-eng@step-16384,16384,,Gram,ses-9,60,0.0109780067728573,0.0441690417207993,0.0070805108698776,Beetle-FineWeb3-24B/beetle-monolingual-fineweb3-eng,0.8562953703310558,0.8666432094643701,60,96,0.012820350492626215,0.0061329615387372,193804032
ds003604,beetle-fineweb3-eng,Beetle-FineWeb3-24B/beetle-monolingual-fineweb3-eng@step-32768,32768,,Gram,ses-9,60,0.0031127297102811,0.0355350307396292,0.0018696125679866,Beetle-FineWeb3-24B/beetle-monolingual-fineweb3-eng,0.8562953703310558,0.8666432094643701,60,96,0.0036351121565420526,0.0061329615387372,193804032
ds003604,beetle-fineweb3-eng,Beetle-FineWeb3-24B/beetle-monolingual-fineweb3-eng@step-65536,65536,,Gram,ses-9,60,0.0013756068383103,0.0349253052868731,0.0007786326342247,Beetle-FineWeb3-24B/beetle-monolingual-fineweb3-eng,0.8562953703310558,0.8666432094643701,60,96,0.0016064630102793514,0.0061329615387372,193804032
ds003604,beetle-fineweb3-eng,Beetle-FineWeb3-24B/beetle-monolingual-fineweb3-eng@step-0,0,,Phon,ses-5,72,0.0343766414495674,0.0281202194847176,0.0227373372656027,Beetle-FineWeb3-24B/beetle-monolingual-fineweb3-eng,0.8557220149626009,0.8634857149064381,72,93,0.04017267389231516,0.0089146943876321,193804032
ds003604,beetle-fineweb3-eng,Beetle-FineWeb3-24B/beetle-monolingual-fineweb3-eng@step-1,1,,Phon,ses-5,72,0.0343766414495674,0.0281202194847176,0.0227373372656027,Beetle-FineWeb3-24B/beetle-monolingual-fineweb3-eng,0.8557220149626009,0.8634857149064381,72,93,0.04017267389231516,0.0089146943876321,193804032
ds003604,beetle-fineweb3-eng,Beetle-FineWeb3-24B/beetle-monolingual-fineweb3-eng@step-2,2,,Phon,ses-5,72,0.0343766414495674,0.0281202194847176,0.0227373372656027,Beetle-FineWeb3-24B/beetle-monolingual-fineweb3-eng,0.8557220149626009,0.8634857149064381,72,93,0.04017267389231516,0.0089146943876321,193804032
ds003604,beetle-fineweb3-eng,Beetle-FineWeb3-24B/beetle-monolingual-fineweb3-eng@step-4,4,,Phon,ses-5,72,0.034372712758875,0.0281207476427962,0.0227244747020938,Beetle-FineWeb3-24B/beetle-monolingual-fineweb3-eng,0.8557220149626009,0.8634857149064381,72,93,0.04016808280943578,0.0089146943876321,193804032
ds003604,beetle-fineweb3-eng,Beetle-FineWeb3-24B/beetle-monolingual-fineweb3-eng@step-6,6,,Phon,ses-5,72,0.0343471823776369,0.0281154843847707,0.0227140621506818,Beetle-FineWeb3-24B/beetle-monolingual-fineweb3-eng,0.8557220149626009,0.8634857149064381,72,93,0.040138247908858615,0.0089146943876321,193804032
ds003604,beetle-fineweb3-eng,Beetle-FineWeb3-24B/beetle-monolingual-fineweb3-eng@step-8,8,,Phon,ses-5,72,0.0343256733889568,0.028108410738717,0.022698749575076,Beetle-FineWeb3-24B/beetle-monolingual-fineweb3-eng,0.8557220149626009,0.8634857149064381,72,93,0.040113112422913405,0.0089146943876321,193804032
ds003604,beetle-fineweb3-eng,Beetle-FineWeb3-24B/beetle-monolingual-fineweb3-eng@step-16,16,,Phon,ses-5,72,0.0344770612844595,0.0280891260212674,0.0228341127434316,Beetle-FineWeb3-24B/beetle-monolingual-fineweb3-eng,0.8557220149626009,0.8634857149064381,72,93,0.040290024893149805,0.0089146943876321,193804032
ds003604,beetle-fineweb3-eng,Beetle-FineWeb3-24B/beetle-monolingual-fineweb3-eng@step-32,32,,Phon,ses-5,72,0.0354318265431965,0.0283487476608332,0.0235672788634393,Beetle-FineWeb3-24B/beetle-monolingual-fineweb3-eng,0.8557220149626009,0.8634857149064381,72,93,0.04140576720437073,0.0089146943876321,193804032
ds003604,beetle-fineweb3-eng,Beetle-FineWeb3-24B/beetle-monolingual-fineweb3-eng@step-64,64,,Phon,ses-5,72,0.0202820996100158,0.0071454623928172,0.0132551779474411,Beetle-FineWeb3-24B/beetle-monolingual-fineweb3-eng,0.8557220149626009,0.8634857149064381,72,93,0.023701738713479543,0.0089146943876321,193804032
ds003604,beetle-fineweb3-eng,Beetle-FineWeb3-24B/beetle-monolingual-fineweb3-eng@step-128,128,,Phon,ses-5,72,-0.0057731200671581,-0.0142481947088929,-0.0039543195244526,Beetle-FineWeb3-24B/beetle-monolingual-fineweb3-eng,0.8557220149626009,0.8634857149064381,72,93,-0.006746490058936268,0.0089146943876321,193804032
ds003604,beetle-fineweb3-eng,Beetle-FineWeb3-24B/beetle-monolingual-fineweb3-eng@step-256,256,,Phon,ses-5,72,-0.0142660446026546,-0.0101789010696261,-0.0096414101044623,Beetle-FineWeb3-24B/beetle-monolingual-fineweb3-eng,0.8557220149626009,0.8634857149064381,72,93,-0.016671353959823148,0.0089146943876321,193804032
ds003604,beetle-fineweb3-eng,Beetle-FineWeb3-24B/beetle-monolingual-fineweb3-eng@step-512,512,,Phon,ses-5,72,0.0157172556592881,0.017862339678044,0.0105197394412134,Beetle-FineWeb3-24B/beetle-monolingual-fineweb3-eng,0.8557220149626009,0.8634857149064381,72,93,0.018367244717871396,0.0089146943876321,193804032
ds003604,beetle-fineweb3-eng,Beetle-FineWeb3-24B/beetle-monolingual-fineweb3-eng@step-1024,1024,,Phon,ses-5,72,-0.0020151430940787,0.0020519474553808,-0.0013597567137987,Beetle-FineWeb3-24B/beetle-monolingual-fineweb3-eng,0.8557220149626009,0.8634857149064381,72,93,-0.002354903880983793,0.0089146943876321,193804032
ds003604,beetle-fineweb3-eng,Beetle-FineWeb3-24B/beetle-monolingual-fineweb3-eng@step-2048,2048,,Phon,ses-5,72,0.0184930506172199,0.0104168156409302,0.0124417739312587,Beetle-FineWeb3-24B/beetle-monolingual-fineweb3-eng,0.8557220149626009,0.8634857149064381,72,93,0.021611049258827512,0.0089146943876321,193804032
ds003604,beetle-fineweb3-eng,Beetle-FineWeb3-24B/beetle-monolingual-fineweb3-eng@step-4096,4096,,Phon,ses-5,72,-0.0255220646591129,-0.0123156624737843,-0.0167231700706522,Beetle-FineWeb3-24B/beetle-monolingual-fineweb3-eng,0.8557220149626009,0.8634857149064381,72,93,-0.029825181791341825,0.0089146943876321,193804032
ds003604,beetle-fineweb3-eng,Beetle-FineWeb3-24B/beetle-monolingual-fineweb3-eng@step-8192,8192,,Phon,ses-5,72,-0.0087750852999989,-0.0115537912581678,-0.0057244532644879,Beetle-FineWeb3-24B/beetle-monolingual-fineweb3-eng,0.8557220149626009,0.8634857149064381,72,93,-0.010254598043013317,0.0089146943876321,193804032
ds003604,beetle-fineweb3-eng,Beetle-FineWeb3-24B/beetle-monolingual-fineweb3-eng@step-16384,16384,,Phon,ses-5,72,-0.0227302955169115,-0.0079167330613386,-0.0149340487368656,Beetle-FineWeb3-24B/beetle-monolingual-fineweb3-eng,0.8557220149626009,0.8634857149064381,72,93,-0.026562709757917028,0.0089146943876321,193804032
ds003604,beetle-fineweb3-eng,Beetle-FineWeb3-24B/beetle-monolingual-fineweb3-eng@step-32768,32768,,Phon,ses-5,72,-0.0127066210054644,-0.0128937503736867,-0.008678555350367,Beetle-FineWeb3-24B/beetle-monolingual-fineweb3-eng,0.8557220149626009,0.8634857149064381,72,93,-0.014849005615474014,0.0089146943876321,193804032
ds003604,beetle-fineweb3-eng,Beetle-FineWeb3-24B/beetle-monolingual-fineweb3-eng@step-65536,65536,,Phon,ses-5,72,-0.0133764631278275,-0.0132443847480773,-0.0087342931255723,Beetle-FineWeb3-24B/beetle-monolingual-fineweb3-eng,0.8557220149626009,0.8634857149064381,72,93,-0.015631785666297384,0.0089146943876321,193804032
ds003604,beetle-fineweb3-eng,Beetle-FineWeb3-24B/beetle-monolingual-fineweb3-eng@step-0,0,,Phon,ses-7,72,0.0332550940366826,0.0273197918419638,0.0219974336123284,Beetle-FineWeb3-24B/beetle-monolingual-fineweb3-eng,0.8460260208123772,0.8625655350367195,72,104,0.039307412796535685,0.0081448036195669,193804032
ds003604,beetle-fineweb3-eng,Beetle-FineWeb3-24B/beetle-monolingual-fineweb3-eng@step-1,1,,Phon,ses-7,72,0.0332550940366826,0.0273197918419638,0.0219974336123284,Beetle-FineWeb3-24B/beetle-monolingual-fineweb3-eng,0.8460260208123772,0.8625655350367195,72,104,0.039307412796535685,0.0081448036195669,193804032
ds003604,beetle-fineweb3-eng,Beetle-FineWeb3-24B/beetle-monolingual-fineweb3-eng@step-2,2,,Phon,ses-7,72,0.0332550940366826,0.0273197918419638,0.0219974336123284,Beetle-FineWeb3-24B/beetle-monolingual-fineweb3-eng,0.8460260208123772,0.8625655350367195,72,104,0.039307412796535685,0.0081448036195669,193804032
ds003604,beetle-fineweb3-eng,Beetle-FineWeb3-24B/beetle-monolingual-fineweb3-eng@step-4,4,,Phon,ses-7,72,0.0332405966146909,0.0273201710123048,0.0219698709762379,Beetle-FineWeb3-24B/beetle-monolingual-fineweb3-eng,0.8460260208123772,0.8625655350367195,72,104,0.03929027689097833,0.0081448036195669,193804032
ds003604,beetle-fineweb3-eng,Beetle-FineWeb3-24B/beetle-monolingual-fineweb3-eng@step-6,6,,Phon,ses-7,72,0.0332026750840823,0.0273146117877682,0.0219484333703897,Beetle-FineWeb3-24B/beetle-monolingual-fineweb3-eng,0.8460260208123772,0.8625655350367195,72,104,0.03924545376535841,0.0081448036195669,193804032
ds003604,beetle-fineweb3-eng,Beetle-FineWeb3-24B/beetle-monolingual-fineweb3-eng@step-8,8,,Phon,ses-7,72,0.0331960177966167,0.0273069287284938,0.0219429208431716,Beetle-FineWeb3-24B/beetle-monolingual-fineweb3-eng,0.8460260208123772,0.8625655350367195,72,104,0.03923758487326546,0.0081448036195669,193804032
ds003604,beetle-fineweb3-eng,Beetle-FineWeb3-24B/beetle-monolingual-fineweb3-eng@step-16,16,,Phon,ses-7,72,0.0333251644305629,0.0272877027324515,0.0220623589328972,Beetle-FineWeb3-24B/beetle-monolingual-fineweb3-eng,0.8460260208123772,0.8625655350367195,72,104,0.03939023577379236,0.0081448036195669,193804032
ds003604,beetle-fineweb3-eng,Beetle-FineWeb3-24B/beetle-monolingual-fineweb3-eng@step-32,32,,Phon,ses-7,72,0.0343503787954528,0.0275419463991048,0.0227685749198386,Beetle-FineWeb3-24B/beetle-monolingual-fineweb3-eng,0.8460260208123772,0.8625655350367195,72,104,0.04060203581264396,0.0081448036195669,193804032
ds003604,beetle-fineweb3-eng,Beetle-FineWeb3-24B/beetle-monolingual-fineweb3-eng@step-64,64,,Phon,ses-7,72,0.0240135271999544,0.006578548268559,0.0159734663689901,Beetle-FineWeb3-24B/beetle-monolingual-fineweb3-eng,0.8460260208123772,0.8625655350367195,72,104,0.02838391090725077,0.0081448036195669,193804032
ds003604,beetle-fineweb3-eng,Beetle-FineWeb3-24B/beetle-monolingual-fineweb3-eng@step-128,128,,Phon,ses-7,72,-0.0013545208549392,-0.0139613258687464,-0.0008881293851388,Beetle-FineWeb3-24B/beetle-monolingual-fineweb3-eng,0.8460260208123772,0.8625655350367195,72,104,-0.0016010392371130055,0.0081448036195669,193804032
ds003604,beetle-fineweb3-eng,Beetle-FineWeb3-24B/beetle-monolingual-fineweb3-eng@step-256,256,,Phon,ses-7,72,-0.012347769209191,-0.0105784081268293,-0.0082792033785666,Beetle-FineWeb3-24B/beetle-monolingual-fineweb3-eng,0.8460260208123772,0.8625655350367195,72,104,-0.01459502297262008,0.0081448036195669,193804032
ds003604,beetle-fineweb3-eng,Beetle-FineWeb3-24B/beetle-monolingual-fineweb3-eng@step-512,512,,Phon,ses-7,72,0.0176475355850393,0.0175079146666856,0.0118733711247699,Beetle-FineWeb3-24B/beetle-monolingual-fineweb3-eng,0.8460260208123772,0.8625655350367195,72,104,0.02085932956068379,0.0081448036195669,193804032
ds003604,beetle-fineweb3-eng,Beetle-FineWeb3-24B/beetle-monolingual-fineweb3-eng@step-1024,1024,,Phon,ses-7,72,-0.0011863050556604,0.0002781365648151,-0.0005022524798716,Beetle-FineWeb3-24B/beetle-monolingual-fineweb3-eng,0.8460260208123772,0.8625655350367195,72,104,-0.0014022087104617392,0.0081448036195669,193804032
ds003604,beetle-fineweb3-eng,Beetle-FineWeb3-24B/beetle-monolingual-fineweb3-eng@step-2048,2048,,Phon,ses-7,72,0.0214505088938978,0.0090468093614607,0.0143429833184801,Beetle-FineWeb3-24B/beetle-monolingual-fineweb3-eng,0.8460260208123772,0.8625655350367195,72,104,0.025354431620555166,0.0081448036195669,193804032
ds003604,beetle-fineweb3-eng,Beetle-FineWeb3-24B/beetle-monolingual-fineweb3-eng@step-4096,4096,,Phon,ses-7,72,-0.0172613036819301,-0.0131498931459311,-0.0111236674231079,Beetle-FineWeb3-24B/beetle-monolingual-fineweb3-eng,0.8460260208123772,0.8625655350367195,72,104,-0.020402804709665226,0.0081448036195669,193804032
ds003604,beetle-fineweb3-eng,Beetle-FineWeb3-24B/beetle-monolingual-fineweb3-eng@step-8192,8192,,Phon,ses-7,72,-0.0027373495539895,-0.0115674540891456,-0.001779933788423,Beetle-FineWeb3-24B/beetle-monolingual-fineweb3-eng,0.8460260208123772,0.8625655350367195,72,104,-0.003235538253730095,0.0081448036195669,193804032
ds003604,beetle-fineweb3-eng,Beetle-FineWeb3-24B/beetle-monolingual-fineweb3-eng@step-16384,16384,,Phon,ses-7,72,-0.0156036089209966,-0.0076279140858541,-0.0104370515329419,Beetle-FineWeb3-24B/beetle-monolingual-fineweb3-eng,0.8460260208123772,0.8625655350367195,72,104,-0.018443414903496217,0.0081448036195669,193804032
ds003604,beetle-fineweb3-eng,Beetle-FineWeb3-24B/beetle-monolingual-fineweb3-eng@step-32768,32768,,Phon,ses-7,72,-0.0057365071419547,-0.0121660085608272,-0.0041778831282979,Beetle-FineWeb3-24B/beetle-monolingual-fineweb3-eng,0.8460260208123772,0.8625655350367195,72,104,-0.006780532750572317,0.0081448036195669,193804032
ds003604,beetle-fineweb3-eng,Beetle-FineWeb3-24B/beetle-monolingual-fineweb3-eng@step-65536,65536,,Phon,ses-7,72,-0.0110570466405111,-0.0130797069184705,-0.0073598363391919,Beetle-FineWeb3-24B/beetle-monolingual-fineweb3-eng,0.8460260208123772,0.8625655350367195,72,104,-0.01306939310199209,0.0081448036195669,193804032
ds003604,beetle-fineweb3-eng,Beetle-FineWeb3-24B/beetle-monolingual-fineweb3-eng@step-0,0,,Phon,ses-9,72,0.044365021701884,0.0282057000793174,0.0296580089364191,Beetle-FineWeb3-24B/beetle-monolingual-fineweb3-eng,0.8734471064940128,0.8799092800838068,72,96,0.05079302612835218,0.008728626502912,193804032
ds003604,beetle-fineweb3-eng,Beetle-FineWeb3-24B/beetle-monolingual-fineweb3-eng@step-1,1,,Phon,ses-9,72,0.044365021701884,0.0282057000793174,0.0296580089364191,Beetle-FineWeb3-24B/beetle-monolingual-fineweb3-eng,0.8734471064940128,0.8799092800838068,72,96,0.05079302612835218,0.008728626502912,193804032
ds003604,beetle-fineweb3-eng,Beetle-FineWeb3-24B/beetle-monolingual-fineweb3-eng@step-2,2,,Phon,ses-9,72,0.044365021701884,0.0282057000793174,0.0296580089364191,Beetle-FineWeb3-24B/beetle-monolingual-fineweb3-eng,0.8734471064940128,0.8799092800838068,72,96,0.05079302612835218,0.008728626502912,193804032
ds003604,beetle-fineweb3-eng,Beetle-FineWeb3-24B/beetle-monolingual-fineweb3-eng@step-4,4,,Phon,ses-9,72,0.0443626279816176,0.0282062170696053,0.0296573964333948,Beetle-FineWeb3-24B/beetle-monolingual-fineweb3-eng,0.8734471064940128,0.8799092800838068,72,96,0.05079028558430709,0.008728626502912,193804032
ds003604,beetle-fineweb3-eng,Beetle-FineWeb3-24B/beetle-monolingual-fineweb3-eng@step-6,6,,Phon,ses-9,72,0.0443306537427905,0.0282008923579143,0.0296433088638375,Beetle-FineWeb3-24B/beetle-monolingual-fineweb3-eng,0.8734471064940128,0.8799092800838068,72,96,0.05075367862941609,0.008728626502912,193804032
ds003604,beetle-fineweb3-eng,Beetle-FineWeb3-24B/beetle-monolingual-fineweb3-eng@step-8,8,,Phon,ses-9,72,0.0443122987733987,0.0281937491002978,0.0296206462519408,Beetle-FineWeb3-24B/beetle-monolingual-fineweb3-eng,0.8734471064940128,0.8799092800838068,72,96,0.0507326642265343,0.008728626502912,193804032
ds003604,beetle-fineweb3-eng,Beetle-FineWeb3-24B/beetle-monolingual-fineweb3-eng@step-16,16,,Phon,ses-9,72,0.0445002536024816,0.028176408050699,0.029754784414248,Beetle-FineWeb3-24B/beetle-monolingual-fineweb3-eng,0.8734471064940128,0.8799092800838068,72,96,0.05094785164622517,0.008728626502912,193804032
ds003604,beetle-fineweb3-eng,Beetle-FineWeb3-24B/beetle-monolingual-fineweb3-eng@step-32,32,,Phon,ses-9,72,0.0455520001036536,0.0284366793477903,0.0304989755886919,Beetle-FineWeb3-24B/beetle-monolingual-fineweb3-eng,0.8734471064940128,0.8799092800838068,72,96,0.05215198466510215,0.008728626502912,193804032
ds003604,beetle-fineweb3-eng,Beetle-FineWeb3-24B/beetle-monolingual-fineweb3-eng@step-64,64,,Phon,ses-9,72,0.0256612669303114,0.007044123863891,0.0170680092732957,Beetle-FineWeb3-24B/beetle-monolingual-fineweb3-eng,0.8734471064940128,0.8799092800838068,72,96,0.02937930269563186,0.008728626502912,193804032
ds003604,beetle-fineweb3-eng,Beetle-FineWeb3-24B/beetle-monolingual-fineweb3-eng@step-128,128,,Phon,ses-9,72,-0.0034885048662604,-0.0134954295335789,-0.0022558486382526,Beetle-FineWeb3-24B/beetle-monolingual-fineweb3-eng,0.8734471064940128,0.8799092800838068,72,96,-0.003993950910505779,0.008728626502912,193804032
ds003604,beetle-fineweb3-eng,Beetle-FineWeb3-24B/beetle-monolingual-fineweb3-eng@step-256,256,,Phon,ses-9,72,-0.009767870540163,-0.0105660294066556,-0.0065795074863182,Beetle-FineWeb3-24B/beetle-monolingual-fineweb3-eng,0.8734471064940128,0.8799092800838068,72,96,-0.011183127710355472,0.008728626502912,193804032
ds003604,beetle-fineweb3-eng,Beetle-FineWeb3-24B/beetle-monolingual-fineweb3-eng@step-512,512,,Phon,ses-9,72,0.0181835147762156,0.017858289071746,0.0122574105209644,Beetle-FineWeb3-24B/beetle-monolingual-fineweb3-eng,0.8734471064940128,0.8799092800838068,72,96,0.020818106375328913,0.008728626502912,193804032
ds003604,beetle-fineweb3-eng,Beetle-FineWeb3-24B/beetle-monolingual-fineweb3-eng@step-1024,1024,,Phon,ses-9,72,-0.0027299650239813,8.372269755107901e-05,-0.0016935708620061,Beetle-FineWeb3-24B/beetle-monolingual-fineweb3-eng,0.8734471064940128,0.8799092800838068,72,96,-0.0031255069753900583,0.008728626502912,193804032
ds003604,beetle-fineweb3-eng,Beetle-FineWeb3-24B/beetle-monolingual-fineweb3-eng@step-2048,2048,,Phon,ses-9,72,0.0228952466295586,0.0097330195608493,0.0153873009747985,Beetle-FineWeb3-24B/beetle-monolingual-fineweb3-eng,0.8734471064940128,0.8799092800838068,72,96,0.026212516429826357,0.008728626502912,193804032
ds003604,beetle-fineweb3-eng,Beetle-FineWeb3-24B/beetle-monolingual-fineweb3-eng@step-4096,4096,,Phon,ses-9,72,-0.0222933930615046,-0.013148362071494,-0.0146608723880574,Beetle-FineWeb3-24B/beetle-monolingual-fineweb3-eng,0.8734471064940128,0.8799092800838068,72,96,-0.02552346088933711,0.008728626502912,193804032
ds003604,beetle-fineweb3-eng,Beetle-FineWeb3-24B/beetle-monolingual-fineweb3-eng@step-8192,8192,,Phon,ses-9,72,-0.0077194467577093,-0.0114996811498024,-0.005260788475143,Beetle-FineWeb3-24B/beetle-monolingual-fineweb3-eng,0.8734471064940128,0.8799092800838068,72,96,-0.008837909817681918,0.008728626502912,193804032
ds003604,beetle-fineweb3-eng,Beetle-FineWeb3-24B/beetle-monolingual-fineweb3-eng@step-16384,16384,,Phon,ses-9,72,-0.0196188738138288,-0.0079627066685567,-0.0132012776813085,Beetle-FineWeb3-24B/beetle-monolingual-fineweb3-eng,0.8734471064940128,0.8799092800838068,72,96,-0.02246143317433187,0.008728626502912,193804032
ds003604,beetle-fineweb3-eng,Beetle-FineWeb3-24B/beetle-monolingual-fineweb3-eng@step-32768,32768,,Phon,ses-9,72,-0.0062919443828617,-0.0115062421973795,-0.0042532210002786,Beetle-FineWeb3-24B/beetle-monolingual-fineweb3-eng,0.8734471064940128,0.8799092800838068,72,96,-0.007203578025597167,0.008728626502912,193804032
ds003604,beetle-fineweb3-eng,Beetle-FineWeb3-24B/beetle-monolingual-fineweb3-eng@step-65536,65536,,Phon,ses-9,72,-0.0145045090133538,-0.0129602926894772,-0.0096450851226077,Beetle-FineWeb3-24B/beetle-monolingual-fineweb3-eng,0.8734471064940128,0.8799092800838068,72,96,-0.016606053080391335,0.008728626502912,193804032
ds003604,beetle-fineweb3-eng,Beetle-FineWeb3-24B/beetle-monolingual-fineweb3-eng@step-0,0,,Plaus,ses-5,60,0.0218410055372929,0.0188683529037603,0.0144567616164132,Beetle-FineWeb3-24B/beetle-monolingual-fineweb3-eng,0.8377735419584034,0.851372700209319,60,82,0.026070297572583567,0.0058908227201663,193804032
ds003604,beetle-fineweb3-eng,Beetle-FineWeb3-24B/beetle-monolingual-fineweb3-eng@step-1,1,,Plaus,ses-5,60,0.0218410055372929,0.0188683529037603,0.0144567616164132,Beetle-FineWeb3-24B/beetle-monolingual-fineweb3-eng,0.8377735419584034,0.851372700209319,60,82,0.026070297572583567,0.0058908227201663,193804032
ds003604,beetle-fineweb3-eng,Beetle-FineWeb3-24B/beetle-monolingual-fineweb3-eng@step-2,2,,Plaus,ses-5,60,0.0218410055372929,0.0188683529037603,0.0144567616164132,Beetle-FineWeb3-24B/beetle-monolingual-fineweb3-eng,0.8377735419584034,0.851372700209319,60,82,0.026070297572583567,0.0058908227201663,193804032
ds003604,beetle-fineweb3-eng,Beetle-FineWeb3-24B/beetle-monolingual-fineweb3-eng@step-4,4,,Plaus,ses-5,60,0.0218479931629469,0.0188620159999095,0.0144682590630219,Beetle-FineWeb3-24B/beetle-monolingual-fineweb3-eng,0.8377735419584034,0.851372700209319,60,82,0.0260786382819806,0.0058908227201663,193804032
ds003604,beetle-fineweb3-eng,Beetle-FineWeb3-24B/beetle-monolingual-fineweb3-eng@step-6,6,,Plaus,ses-5,60,0.0218723405696465,0.0188576086679679,0.0144720915452248,Beetle-FineWeb3-24B/beetle-monolingual-fineweb3-eng,0.8377735419584034,0.851372700209319,60,82,0.02610770032020478,0.0058908227201663,193804032
ds003604,beetle-fineweb3-eng,Beetle-FineWeb3-24B/beetle-monolingual-fineweb3-eng@step-8,8,,Plaus,ses-5,60,0.0219154825036935,0.0188519926736583,0.014492531450307,Beetle-FineWeb3-24B/beetle-monolingual-fineweb3-eng,0.8377735419584034,0.851372700209319,60,82,0.02615919625781359,0.0058908227201663,193804032
ds003604,beetle-fineweb3-eng,Beetle-FineWeb3-24B/beetle-monolingual-fineweb3-eng@step-16,16,,Plaus,ses-5,60,0.0219586698821935,0.0187976759153666,0.0144848664859012,Beetle-FineWeb3-24B/beetle-monolingual-fineweb3-eng,0.8377735419584034,0.851372700209319,60,82,0.026210746439738697,0.0058908227201663,193804032
ds003604,beetle-fineweb3-eng,Beetle-FineWeb3-24B/beetle-monolingual-fineweb3-eng@step-32,32,,Plaus,ses-5,60,0.0218864305140977,0.0185299736114232,0.0144158818062488,Beetle-FineWeb3-24B/beetle-monolingual-fineweb3-eng,0.8377735419584034,0.851372700209319,60,82,0.026124518641320846,0.0058908227201663,193804032
ds003604,beetle-fineweb3-eng,Beetle-FineWeb3-24B/beetle-monolingual-fineweb3-eng@step-64,64,,Plaus,ses-5,60,0.0131386503065626,0.0164828024517751,0.0084295446053022,Beetle-FineWeb3-24B/beetle-monolingual-fineweb3-eng,0.8377735419584034,0.851372700209319,60,82,0.015682818385323215,0.0058908227201663,193804032
ds003604,beetle-fineweb3-eng,Beetle-FineWeb3-24B/beetle-monolingual-fineweb3-eng@step-128,128,,Plaus,ses-5,60,0.0020018011043337,0.0074689645500665,0.0010328539536844,Beetle-FineWeb3-24B/beetle-monolingual-fineweb3-eng,0.8377735419584034,0.851372700209319,60,82,0.0023894298447934186,0.0058908227201663,193804032
ds003604,beetle-fineweb3-eng,Beetle-FineWeb3-24B/beetle-monolingual-fineweb3-eng@step-256,256,,Plaus,ses-5,60,0.0258348242044362,0.0298712987920108,0.0172404211897941,Beetle-FineWeb3-24B/beetle-monolingual-fineweb3-eng,0.8377735419584034,0.851372700209319,60,82,0.030837479235789635,0.0058908227201663,193804032
ds003604,beetle-fineweb3-eng,Beetle-FineWeb3-24B/beetle-monolingual-fineweb3-eng@step-512,512,,Plaus,ses-5,60,-0.008650404646877,0.0103233120072216,-0.0056369425734479,Beetle-FineWeb3-24B/beetle-monolingual-fineweb3-eng,0.8377735419584034,0.851372700209319,60,82,-0.010325468893008446,0.0058908227201663,193804032
ds003604,beetle-fineweb3-eng,Beetle-FineWeb3-24B/beetle-monolingual-fineweb3-eng@step-1024,1024,,Plaus,ses-5,60,0.0025528735255283,0.0071968562821445,0.0013943847748257,Beetle-FineWeb3-24B/beetle-monolingual-fineweb3-eng,0.8377735419584034,0.851372700209319,60,82,0.003047211922640371,0.0058908227201663,193804032
ds003604,beetle-fineweb3-eng,Beetle-FineWeb3-24B/beetle-monolingual-fineweb3-eng@step-2048,2048,,Plaus,ses-5,60,-0.0065487912935958,-0.006414986721262,-0.0041576044431243,Beetle-FineWeb3-24B/beetle-monolingual-fineweb3-eng,0.8377735419584034,0.851372700209319,60,82,-0.007816899156646984,0.0058908227201663,193804032
ds003604,beetle-fineweb3-eng,Beetle-FineWeb3-24B/beetle-monolingual-fineweb3-eng@step-4096,4096,,Plaus,ses-5,60,0.0021412181940697,-3.524919629460145e-05,0.0013586149409318,Beetle-FineWeb3-24B/beetle-monolingual-fineweb3-eng,0.8377735419584034,0.851372700209319,60,82,0.002555843658018045,0.0058908227201663,193804032
ds003604,beetle-fineweb3-eng,Beetle-FineWeb3-24B/beetle-monolingual-fineweb3-eng@step-8192,8192,,Plaus,ses-5,60,-0.01072203980933,-0.0033625032252483,-0.0070702909173365,Beetle-FineWeb3-24B/beetle-monolingual-fineweb3-eng,0.8377735419584034,0.851372700209319,60,82,-0.012798255462049867,0.0058908227201663,193804032
ds003604,beetle-fineweb3-eng,Beetle-FineWeb3-24B/beetle-monolingual-fineweb3-eng@step-16384,16384,,Plaus,ses-5,60,-0.0015115614935321,0.0069891501374011,-0.0010596813291048,Beetle-FineWeb3-24B/beetle-monolingual-fineweb3-eng,0.8377735419584034,0.851372700209319,60,82,-0.0018042602419725867,0.0058908227201663,193804032
ds003604,beetle-fineweb3-eng,Beetle-FineWeb3-24B/beetle-monolingual-fineweb3-eng@step-32768,32768,,Plaus,ses-5,60,-0.0087295364236776,-0.0070924047180061,-0.005815791742917,Beetle-FineWeb3-24B/beetle-monolingual-fineweb3-eng,0.8377735419584034,0.851372700209319,60,82,-0.010419923746065297,0.0058908227201663,193804032
ds003604,beetle-fineweb3-eng,Beetle-FineWeb3-24B/beetle-monolingual-fineweb3-eng@step-65536,65536,,Plaus,ses-5,60,-0.0107940368070097,-0.0097917414145127,-0.0074037168689897,Beetle-FineWeb3-24B/beetle-monolingual-fineweb3-eng,0.8377735419584034,0.851372700209319,60,82,-0.012884193957447321,0.0058908227201663,193804032
ds003604,beetle-fineweb3-eng,Beetle-FineWeb3-24B/beetle-monolingual-fineweb3-eng@step-0,0,,Plaus,ses-7,60,0.0149944632696588,0.0185951945934281,0.0094068275670444,Beetle-FineWeb3-24B/beetle-monolingual-fineweb3-eng,0.8460574663445363,0.8583435840524389,60,103,0.017722748000137227,0.0063089941228393,193804032
ds003604,beetle-fineweb3-eng,Beetle-FineWeb3-24B/beetle-monolingual-fineweb3-eng@step-1,1,,Plaus,ses-7,60,0.0149944632696588,0.0185951945934281,0.0094068275670444,Beetle-FineWeb3-24B/beetle-monolingual-fineweb3-eng,0.8460574663445363,0.8583435840524389,60,103,0.017722748000137227,0.0063089941228393,193804032
ds003604,beetle-fineweb3-eng,Beetle-FineWeb3-24B/beetle-monolingual-fineweb3-eng@step-2,2,,Plaus,ses-7,60,0.0149944632696588,0.0185951945934281,0.0094068275670444,Beetle-FineWeb3-24B/beetle-monolingual-fineweb3-eng,0.8460574663445363,0.8583435840524389,60,103,0.017722748000137227,0.0063089941228393,193804032
ds003604,beetle-fineweb3-eng,Beetle-FineWeb3-24B/beetle-monolingual-fineweb3-eng@step-4,4,,Plaus,ses-7,60,0.0149906783959304,0.0185888156750077,0.0094183250136532,Beetle-FineWeb3-24B/beetle-monolingual-fineweb3-eng,0.8460574663445363,0.8583435840524389,60,103,0.01771827445799741,0.0063089941228393,193804032
ds003604,beetle-fineweb3-eng,Beetle-FineWeb3-24B/beetle-monolingual-fineweb3-eng@step-6,6,,Plaus,ses-7,60,0.0150068284889176,0.0185843112614171,0.0094272674721266,Beetle-FineWeb3-24B/beetle-monolingual-fineweb3-eng,0.8460574663445363,0.8583435840524389,60,103,0.017737363105789834,0.0063089941228393,193804032
ds003604,beetle-fineweb3-eng,Beetle-FineWeb3-24B/beetle-monolingual-fineweb3-eng@step-8,8,,Plaus,ses-7,60,0.0150446187976186,0.0185784604954928,0.0094374874246677,Beetle-FineWeb3-24B/beetle-monolingual-fineweb3-eng,0.8460574663445363,0.8583435840524389,60,103,0.017782029467360135,0.0063089941228393,193804032
ds003604,beetle-fineweb3-eng,Beetle-FineWeb3-24B/beetle-monolingual-fineweb3-eng@step-16,16,,Plaus,ses-7,60,0.0150014487312912,0.0185220506540107,0.0094655922941557,Beetle-FineWeb3-24B/beetle-monolingual-fineweb3-eng,0.8460574663445363,0.8583435840524389,60,103,0.01773100448614471,0.0063089941228393,193804032
ds003604,beetle-fineweb3-eng,Beetle-FineWeb3-24B/beetle-monolingual-fineweb3-eng@step-32,32,,Plaus,ses-7,60,0.0151660507040749,0.0182449192523149,0.0096980962144657,Beetle-FineWeb3-24B/beetle-monolingual-fineweb3-eng,0.8460574663445363,0.8583435840524389,60,103,0.0179255562504532,0.0063089941228393,193804032
ds003604,beetle-fineweb3-eng,Beetle-FineWeb3-24B/beetle-monolingual-fineweb3-eng@step-64,64,,Plaus,ses-7,60,0.0207613102546852,0.0160866513148202,0.0134667037139946,Beetle-FineWeb3-24B/beetle-monolingual-fineweb3-eng,0.8460574663445363,0.8583435840524389,60,103,0.02453888900051461,0.0063089941228393,193804032
ds003604,beetle-fineweb3-eng,Beetle-FineWeb3-24B/beetle-monolingual-fineweb3-eng@step-128,128,,Plaus,ses-7,60,0.0161327083199017,0.0069639918930764,0.0104978075008064,Beetle-FineWeb3-24B/beetle-monolingual-fineweb3-eng,0.8460574663445363,0.8583435840524389,60,103,0.019068099936053337,0.0063089941228393,193804032
ds003604,beetle-fineweb3-eng,Beetle-FineWeb3-24B/beetle-monolingual-fineweb3-eng@step-256,256,,Plaus,ses-7,60,0.0282217226854938,0.0279926531543698,0.0180873997566373,Beetle-FineWeb3-24B/beetle-monolingual-fineweb3-eng,0.8460574663445363,0.8583435840524389,60,103,0.03335674443891875,0.0063089941228393,193804032
ds003604,beetle-fineweb3-eng,Beetle-FineWeb3-24B/beetle-monolingual-fineweb3-eng@step-512,512,,Plaus,ses-7,60,-0.0043299593838578,0.0099003863060648,-0.0031726565169762,Beetle-FineWeb3-24B/beetle-monolingual-fineweb3-eng,0.8460574663445363,0.8583435840524389,60,103,-0.0051178076621269716,0.0063089941228393,193804032
ds003604,beetle-fineweb3-eng,Beetle-FineWeb3-24B/beetle-monolingual-fineweb3-eng@step-1024,1024,,Plaus,ses-7,60,-0.0012074342299338,0.0068247010116066,-0.0014224896443137,Beetle-FineWeb3-24B/beetle-monolingual-fineweb3-eng,0.8460574663445363,0.8583435840524389,60,103,-0.0014271302812923841,0.0063089941228393,193804032
ds003604,beetle-fineweb3-eng,Beetle-FineWeb3-24B/beetle-monolingual-fineweb3-eng@step-2048,2048,,Plaus,ses-7,60,-0.0108464126211018,-0.0062585238517042,-0.00707923337581,Beetle-FineWeb3-24B/beetle-monolingual-fineweb3-eng,0.8460574663445363,0.8583435840524389,60,103,-0.012819947878912592,0.0063089941228393,193804032
ds003604,beetle-fineweb3-eng,Beetle-FineWeb3-24B/beetle-monolingual-fineweb3-eng@step-4096,4096,,Plaus,ses-7,60,-0.0008779294853679,0.0003920857222327,-0.0004669240817212,Beetle-FineWeb3-24B/beetle-monolingual-fineweb3-eng,0.8460574663445363,0.8583435840524389,60,103,-0.0010376712224538004,0.0063089941228393,193804032
ds003604,beetle-fineweb3-eng,Beetle-FineWeb3-24B/beetle-monolingual-fineweb3-eng@step-8192,8192,,Plaus,ses-7,60,-0.0080152534955697,-0.003000559348978,-0.0054670358624522,Beetle-FineWeb3-24B/beetle-monolingual-fineweb3-eng,0.8460574663445363,0.8583435840524389,60,103,-0.009473651394154452,0.0063089941228393,193804032
ds003604,beetle-fineweb3-eng,Beetle-FineWeb3-24B/beetle-monolingual-fineweb3-eng@step-16384,16384,,Plaus,ses-7,60,0.0036587816014301,0.0071484984213706,0.0022400858476013,Beetle-FineWeb3-24B/beetle-monolingual-fineweb3-eng,0.8460574663445363,0.8583435840524389,60,103,0.004324507195992465,0.0063089941228393,193804032
ds003604,beetle-fineweb3-eng,Beetle-FineWeb3-24B/beetle-monolingual-fineweb3-eng@step-32768,32768,,Plaus,ses-7,60,-0.0057629896165754,-0.0067416625081756,-0.0042942963083615,Beetle-FineWeb3-24B/beetle-monolingual-fineweb3-eng,0.8460574663445363,0.8583435840524389,60,103,-0.006811581772896456,0.0063089941228393,193804032
ds003604,beetle-fineweb3-eng,Beetle-FineWeb3-24B/beetle-monolingual-fineweb3-eng@step-65536,65536,,Plaus,ses-7,60,-0.0064377293785096,-0.0096544743745968,-0.0044131032566517,Beetle-FineWeb3-24B/beetle-monolingual-fineweb3-eng,0.8460574663445363,0.8583435840524389,60,103,-0.007609092330718811,0.0063089941228393,193804032
ds003604,beetle-fineweb3-eng,Beetle-FineWeb3-24B/beetle-monolingual-fineweb3-eng@step-0,0,,Plaus,ses-9,60,0.0219566962945204,0.0185659731293344,0.0143992743833695,Beetle-FineWeb3-24B/beetle-monolingual-fineweb3-eng,0.8571028945001105,0.8668304036711462,60,89,0.025617340036316456,0.0059238995685712,193804032
ds003604,beetle-fineweb3-eng,Beetle-FineWeb3-24B/beetle-monolingual-fineweb3-eng@step-1,1,,Plaus,ses-9,60,0.0219566962945204,0.0185659731293344,0.0143992743833695,Beetle-FineWeb3-24B/beetle-monolingual-fineweb3-eng,0.8571028945001105,0.8668304036711462,60,89,0.025617340036316456,0.0059238995685712,193804032
ds003604,beetle-fineweb3-eng,Beetle-FineWeb3-24B/beetle-monolingual-fineweb3-eng@step-2,2,,Plaus,ses-9,60,0.0219566962945204,0.0185659731293344,0.0143992743833695,Beetle-FineWeb3-24B/beetle-monolingual-fineweb3-eng,0.8571028945001105,0.8668304036711462,60,89,0.025617340036316456,0.0059238995685712,193804032
ds003604,beetle-fineweb3-eng,Beetle-FineWeb3-24B/beetle-monolingual-fineweb3-eng@step-4,4,,Plaus,ses-9,60,0.0219610849302671,0.0185596347117051,0.0144107718299783,Beetle-FineWeb3-24B/beetle-monolingual-fineweb3-eng,0.8571028945001105,0.8668304036711462,60,89,0.02562246035007909,0.0059238995685712,193804032
ds003604,beetle-fineweb3-eng,Beetle-FineWeb3-24B/beetle-monolingual-fineweb3-eng@step-6,6,,Plaus,ses-9,60,0.0219766983459046,0.0185551584299934,0.0144401541935339,Beetle-FineWeb3-24B/beetle-monolingual-fineweb3-eng,0.8571028945001105,0.8668304036711462,60,89,0.025640676850965608,0.0059238995685712,193804032
ds003604,beetle-fineweb3-eng,Beetle-FineWeb3-24B/beetle-monolingual-fineweb3-eng@step-8,8,,Plaus,ses-9,60,0.0220065510234818,0.0185493967456224,0.0144324892291281,Beetle-FineWeb3-24B/beetle-monolingual-fineweb3-eng,0.8571028945001105,0.8668304036711462,60,89,0.025675506598675898,0.0059238995685712,193804032
ds003604,beetle-fineweb3-eng,Beetle-FineWeb3-24B/beetle-monolingual-fineweb3-eng@step-16,16,,Plaus,ses-9,60,0.0220012145462868,0.0184930461621858,0.0144427091816692,Beetle-FineWeb3-24B/beetle-monolingual-fineweb3-eng,0.8571028945001105,0.8668304036711462,60,89,0.02566928041833134,0.0059238995685712,193804032
ds003604,beetle-fineweb3-eng,Beetle-FineWeb3-24B/beetle-monolingual-fineweb3-eng@step-32,32,,Plaus,ses-9,60,0.0222814596678234,0.0182069857724118,0.0146828780663849,Beetle-FineWeb3-24B/beetle-monolingual-fineweb3-eng,0.8571028945001105,0.8668304036711462,60,89,0.025996248304375,0.0059238995685712,193804032
ds003604,beetle-fineweb3-eng,Beetle-FineWeb3-24B/beetle-monolingual-fineweb3-eng@step-64,64,,Plaus,ses-9,60,0.0212738933882113,0.0154863376350891,0.0137937421953096,Beetle-FineWeb3-24B/beetle-monolingual-fineweb3-eng,0.8571028945001105,0.8668304036711462,60,89,0.024820699503784672,0.0059238995685712,193804032
ds003604,beetle-fineweb3-eng,Beetle-FineWeb3-24B/beetle-monolingual-fineweb3-eng@step-128,128,,Plaus,ses-9,60,0.0120188470481509,0.0061714799052641,0.0075467962045651,Beetle-FineWeb3-24B/beetle-monolingual-fineweb3-eng,0.8571028945001105,0.8668304036711462,60,89,0.014022642001647507,0.0059238995685712,193804032
ds003604,beetle-fineweb3-eng,Beetle-FineWeb3-24B/beetle-monolingual-fineweb3-eng@step-256,256,,Plaus,ses-9,60,0.0278702812542588,0.0278434777146587,0.018243254032889,Beetle-FineWeb3-24B/beetle-monolingual-fineweb3-eng,0.8571028945001105,0.8668304036711462,60,89,0.03251684416549968,0.0059238995685712,193804032
ds003604,beetle-fineweb3-eng,Beetle-FineWeb3-24B/beetle-monolingual-fineweb3-eng@step-512,512,,Plaus,ses-9,60,0.0004367525716326,0.0098649437926035,3.896356906292616e-05,Beetle-FineWeb3-24B/beetle-monolingual-fineweb3-eng,0.8571028945001105,0.8668304036711462,60,89,0.0005095684245557564,0.0059238995685712,193804032
ds003604,beetle-fineweb3-eng,Beetle-FineWeb3-24B/beetle-monolingual-fineweb3-eng@step-1024,1024,,Plaus,ses-9,60,-0.0014152603695842,0.0066800184740889,-0.0012845202850089,Beetle-FineWeb3-24B/beetle-monolingual-fineweb3-eng,0.8571028945001105,0.8668304036711462,60,89,-0.001651214082539792,0.0059238995685712,193804032
ds003604,beetle-fineweb3-eng,Beetle-FineWeb3-24B/beetle-monolingual-fineweb3-eng@step-2048,2048,,Plaus,ses-9,60,-0.0106337066128079,-0.0063784714463713,-0.0067317549894127,Beetle-FineWeb3-24B/beetle-monolingual-fineweb3-eng,0.8571028945001105,0.8668304036711462,60,89,-0.012406569480797068,0.0059238995685712,193804032
ds003604,beetle-fineweb3-eng,Beetle-FineWeb3-24B/beetle-monolingual-fineweb3-eng@step-4096,4096,,Plaus,ses-9,60,0.0089654970077776,0.0006056867446534,0.0057851318852938,Beetle-FineWeb3-24B/beetle-monolingual-fineweb3-eng,0.8571028945001105,0.8668304036711462,60,89,0.010460234197443193,0.0059238995685712,193804032
ds003604,beetle-fineweb3-eng,Beetle-FineWeb3-24B/beetle-monolingual-fineweb3-eng@step-8192,8192,,Plaus,ses-9,60,0.001387695062808,-0.0028523637467571,0.0009408743808145,Beetle-FineWeb3-24B/beetle-monolingual-fineweb3-eng,0.8571028945001105,0.8668304036711462,60,89,0.00161905305852146,0.0059238995685712,193804032
ds003604,beetle-fineweb3-eng,Beetle-FineWeb3-24B/beetle-monolingual-fineweb3-eng@step-16384,16384,,Plaus,ses-9,60,0.007995677756435,0.0071472787713726,0.0050863426302964,Beetle-FineWeb3-24B/beetle-monolingual-fineweb3-eng,0.8571028945001105,0.8668304036711462,60,89,0.009328725649792995,0.0059238995685712,193804032
ds003604,beetle-fineweb3-eng,Beetle-FineWeb3-24B/beetle-monolingual-fineweb3-eng@step-32768,32768,,Plaus,ses-9,60,0.0041150612217121,-0.0065857980232576,0.0025326319890902,Beetle-FineWeb3-24B/beetle-monolingual-fineweb3-eng,0.8571028945001105,0.8668304036711462,60,89,0.0048011286020824065,0.0059238995685712,193804032
ds003604,beetle-fineweb3-eng,Beetle-FineWeb3-24B/beetle-monolingual-fineweb3-eng@step-65536,65536,,Plaus,ses-9,60,0.0018902219880919,-0.0094969243260547,0.0012691903561972,Beetle-FineWeb3-24B/beetle-monolingual-fineweb3-eng,0.8571028945001105,0.8668304036711462,60,89,0.0022053618068742344,0.0059238995685712,193804032
ds003604,beetle-fineweb3-eng,Beetle-FineWeb3-24B/beetle-monolingual-fineweb3-eng@step-0,0,,Sem,ses-5,72,-0.0055756377858711,0.0014643162393974,-0.0034931047472046,Beetle-FineWeb3-24B/beetle-monolingual-fineweb3-eng,0.8591956418414916,0.8653112906283371,72,89,-0.006489369259277178,0.0077235660279985,193804032
ds003604,beetle-fineweb3-eng,Beetle-FineWeb3-24B/beetle-monolingual-fineweb3-eng@step-1,1,,Sem,ses-5,72,-0.0055756377858711,0.0014643162393974,-0.0034931047472046,Beetle-FineWeb3-24B/beetle-monolingual-fineweb3-eng,0.8591956418414916,0.8653112906283371,72,89,-0.006489369259277178,0.0077235660279985,193804032
ds003604,beetle-fineweb3-eng,Beetle-FineWeb3-24B/beetle-monolingual-fineweb3-eng@step-2,2,,Sem,ses-5,72,-0.0055756377858711,0.0014643162393974,-0.0034931047472046,Beetle-FineWeb3-24B/beetle-monolingual-fineweb3-eng,0.8591956418414916,0.8653112906283371,72,89,-0.006489369259277178,0.0077235660279985,193804032
ds003604,beetle-fineweb3-eng,Beetle-FineWeb3-24B/beetle-monolingual-fineweb3-eng@step-4,4,,Sem,ses-5,72,-0.0055593258506183,0.001464760121639,-0.0034735046504292,Beetle-FineWeb3-24B/beetle-monolingual-fineweb3-eng,0.8591956418414916,0.8653112906283371,72,89,-0.006470384135914775,0.0077235660279985,193804032
ds003604,beetle-fineweb3-eng,Beetle-FineWeb3-24B/beetle-monolingual-fineweb3-eng@step-6,6,,Sem,ses-5,72,-0.0055618553898972,0.0014642686232849,-0.003470442135308,Beetle-FineWeb3-24B/beetle-monolingual-fineweb3-eng,0.8591956418414916,0.8653112906283371,72,89,-0.006473328214254696,0.0077235660279985,193804032
ds003604,beetle-fineweb3-eng,Beetle-FineWeb3-24B/beetle-monolingual-fineweb3-eng@step-8,8,,Sem,ses-5,72,-0.0055924103559754,0.0014664538414421,-0.0034949422562773,Beetle-FineWeb3-24B/beetle-monolingual-fineweb3-eng,0.8591956418414916,0.8653112906283371,72,89,-0.006508890505996205,0.0077235660279985,193804032
ds003604,beetle-fineweb3-eng,Beetle-FineWeb3-24B/beetle-monolingual-fineweb3-eng@step-16,16,,Sem,ses-5,72,-0.0057167688307698,0.0014750771721848,-0.0035500675284584,Beetle-FineWeb3-24B/beetle-monolingual-fineweb3-eng,0.8591956418414916,0.8653112906283371,72,89,-0.006653628757377306,0.0077235660279985,193804032
ds003604,beetle-fineweb3-eng,Beetle-FineWeb3-24B/beetle-monolingual-fineweb3-eng@step-32,32,,Sem,ses-5,72,-0.00661307442464,0.0013432455445325,-0.0041784956313221,Beetle-FineWeb3-24B/beetle-monolingual-fineweb3-eng,0.8591956418414916,0.8653112906283371,72,89,-0.007696820261409114,0.0077235660279985,193804032
ds003604,beetle-fineweb3-eng,Beetle-FineWeb3-24B/beetle-monolingual-fineweb3-eng@step-64,64,,Sem,ses-5,72,-0.0312702084003692,-0.0154453077532954,-0.0209133032594348,Beetle-FineWeb3-24B/beetle-monolingual-fineweb3-eng,0.8591956418414916,0.8653112906283371,72,89,-0.036394747456293626,0.0077235660279985,193804032
ds003604,beetle-fineweb3-eng,Beetle-FineWeb3-24B/beetle-monolingual-fineweb3-eng@step-128,128,,Sem,ses-5,72,-0.016779334466071,-0.0167321326848458,-0.0114188938807885,Beetle-FineWeb3-24B/beetle-monolingual-fineweb3-eng,0.8591956418414916,0.8653112906283371,72,89,-0.019529119619494686,0.0077235660279985,193804032
ds003604,beetle-fineweb3-eng,Beetle-FineWeb3-24B/beetle-monolingual-fineweb3-eng@step-256,256,,Sem,ses-5,72,-0.0059029680733589,-0.005168836939964,-0.0040504824992573,Beetle-FineWeb3-24B/beetle-monolingual-fineweb3-eng,0.8591956418414916,0.8653112906283371,72,89,-0.00687034219669367,0.0077235660279985,193804032
ds003604,beetle-fineweb3-eng,Beetle-FineWeb3-24B/beetle-monolingual-fineweb3-eng@step-512,512,,Sem,ses-5,72,-0.0089563447548032,0.0008650924995065,-0.0060117171828535,Beetle-FineWeb3-24B/beetle-monolingual-fineweb3-eng,0.8591956418414916,0.8653112906283371,72,89,-0.010424104032473094,0.0077235660279985,193804032
ds003604,beetle-fineweb3-eng,Beetle-FineWeb3-24B/beetle-monolingual-fineweb3-eng@step-1024,1024,,Sem,ses-5,72,-0.0099732389475994,0.0088797514703933,-0.0069488468099311,Beetle-FineWeb3-24B/beetle-monolingual-fineweb3-eng,0.8591956418414916,0.8653112906283371,72,89,-0.011607646107496563,0.0077235660279985,193804032
ds003604,beetle-fineweb3-eng,Beetle-FineWeb3-24B/beetle-monolingual-fineweb3-eng@step-2048,2048,,Sem,ses-5,72,0.0102810357303495,-0.0015980540167636,0.0069261841980344,Beetle-FineWeb3-24B/beetle-monolingual-fineweb3-eng,0.8591956418414916,0.8653112906283371,72,89,0.011965884403596864,0.0077235660279985,193804032
ds003604,beetle-fineweb3-eng,Beetle-FineWeb3-24B/beetle-monolingual-fineweb3-eng@step-4096,4096,,Sem,ses-5,72,0.0235495730466465,0.016872914357866,0.0160040915202018,Beetle-FineWeb3-24B/beetle-monolingual-fineweb3-eng,0.8591956418414916,0.8653112906283371,72,89,0.027408859984640186,0.0077235660279985,193804032
ds003604,beetle-fineweb3-eng,Beetle-FineWeb3-24B/beetle-monolingual-fineweb3-eng@step-8192,8192,,Sem,ses-5,72,0.0201888156629187,0.0322876222242334,0.0137580429303369,Beetle-FineWeb3-24B/beetle-monolingual-fineweb3-eng,0.8591956418414916,0.8653112906283371,72,89,0.02349734412019193,0.0077235660279985,193804032
ds003604,beetle-fineweb3-eng,Beetle-FineWeb3-24B/beetle-monolingual-fineweb3-eng@step-16384,16384,,Sem,ses-5,72,0.0109151308635407,0.0116723616580486,0.0070793099540928,Beetle-FineWeb3-24B/beetle-monolingual-fineweb3-eng,0.8591956418414916,0.8653112906283371,72,89,0.012703894586972747,0.0077235660279985,193804032
ds003604,beetle-fineweb3-eng,Beetle-FineWeb3-24B/beetle-monolingual-fineweb3-eng@step-32768,32768,,Sem,ses-5,72,0.0124626591585485,0.0200704869358632,0.0086240425812102,Beetle-FineWeb3-24B/beetle-monolingual-fineweb3-eng,0.8591956418414916,0.8653112906283371,72,89,0.014505030695730262,0.0077235660279985,193804032
ds003604,beetle-fineweb3-eng,Beetle-FineWeb3-24B/beetle-monolingual-fineweb3-eng@step-65536,65536,,Sem,ses-5,72,0.0101511791007193,0.0160206238150018,0.0066915955397529,Beetle-FineWeb3-24B/beetle-monolingual-fineweb3-eng,0.8591956418414916,0.8653112906283371,72,89,0.011814746963756175,0.0077235660279985,193804032
ds003604,beetle-fineweb3-eng,Beetle-FineWeb3-24B/beetle-monolingual-fineweb3-eng@step-0,0,,Sem,ses-7,72,-0.0062671527420721,0.0009118842761839,-0.004259346030521,Beetle-FineWeb3-24B/beetle-monolingual-fineweb3-eng,0.8546161144168992,0.8628169351539338,72,117,-0.007333295776137044,0.0074296612798053,193804032
ds003604,beetle-fineweb3-eng,Beetle-FineWeb3-24B/beetle-monolingual-fineweb3-eng@step-1,1,,Sem,ses-7,72,-0.0062671527420721,0.0009118842761839,-0.004259346030521,Beetle-FineWeb3-24B/beetle-monolingual-fineweb3-eng,0.8546161144168992,0.8628169351539338,72,117,-0.007333295776137044,0.0074296612798053,193804032
ds003604,beetle-fineweb3-eng,Beetle-FineWeb3-24B/beetle-monolingual-fineweb3-eng@step-2,2,,Sem,ses-7,72,-0.0062671527420721,0.0009118842761839,-0.004259346030521,Beetle-FineWeb3-24B/beetle-monolingual-fineweb3-eng,0.8546161144168992,0.8628169351539338,72,117,-0.007333295776137044,0.0074296612798053,193804032
ds003604,beetle-fineweb3-eng,Beetle-FineWeb3-24B/beetle-monolingual-fineweb3-eng@step-4,4,,Sem,ses-7,72,-0.0062485979965668,0.0009126375542004,-0.0042507709881817,Beetle-FineWeb3-24B/beetle-monolingual-fineweb3-eng,0.8546161144168992,0.8628169351539338,72,117,-0.007311584571313859,0.0074296612798053,193804032
ds003604,beetle-fineweb3-eng,Beetle-FineWeb3-24B/beetle-monolingual-fineweb3-eng@step-6,6,,Sem,ses-7,72,-0.0062489443709794,0.0009125833052346,-0.0042477084730605,Beetle-FineWeb3-24B/beetle-monolingual-fineweb3-eng,0.8546161144168992,0.8628169351539338,72,117,-0.007311989869560355,0.0074296612798053,193804032
ds003604,beetle-fineweb3-eng,Beetle-FineWeb3-24B/beetle-monolingual-fineweb3-eng@step-8,8,,Sem,ses-7,72,-0.0062720062955633,0.0009153506536292,-0.0042391334307213,Beetle-FineWeb3-24B/beetle-monolingual-fineweb3-eng,0.8546161144168992,0.8628169351539338,72,117,-0.0073389749967945105,0.0074296612798053,193804032
ds003604,beetle-fineweb3-eng,Beetle-FineWeb3-24B/beetle-monolingual-fineweb3-eng@step-16,16,,Sem,ses-7,72,-0.0061879357641178,0.0009285842554092,-0.0042366834186243,Beetle-FineWeb3-24B/beetle-monolingual-fineweb3-eng,0.8546161144168992,0.8628169351539338,72,117,-0.007240602721772688,0.0074296612798053,193804032
ds003604,beetle-fineweb3-eng,Beetle-FineWeb3-24B/beetle-monolingual-fineweb3-eng@step-32,32,,Sem,ses-7,72,-0.0066104823654983,0.0008272434867297,-0.0044718845799301,Beetle-FineWeb3-24B/beetle-monolingual-fineweb3-eng,0.8546161144168992,0.8628169351539338,72,117,-0.007735031266065703,0.0074296612798053,193804032
ds003604,beetle-fineweb3-eng,Beetle-FineWeb3-24B/beetle-monolingual-fineweb3-eng@step-64,64,,Sem,ses-7,72,-0.0280570848458963,-0.015292837181778,-0.0185937543066618,Beetle-FineWeb3-24B/beetle-monolingual-fineweb3-eng,0.8546161144168992,0.8628169351539338,72,117,-0.0328300442416061,0.0074296612798053,193804032
ds003604,beetle-fineweb3-eng,Beetle-FineWeb3-24B/beetle-monolingual-fineweb3-eng@step-128,128,,Sem,ses-7,72,-0.0174272457703345,-0.0166335739946017,-0.011747808004802,Beetle-FineWeb3-24B/beetle-monolingual-fineweb3-eng,0.8546161144168992,0.8628169351539338,72,117,-0.020391899329238638,0.0074296612798053,193804032
ds003604,beetle-fineweb3-eng,Beetle-FineWeb3-24B/beetle-monolingual-fineweb3-eng@step-256,256,,Sem,ses-7,72,-0.008500342121984,-0.0045798297351525,-0.0057942786092506,Beetle-FineWeb3-24B/beetle-monolingual-fineweb3-eng,0.8546161144168992,0.8628169351539338,72,117,-0.009946386428465306,0.0074296612798053,193804032
ds003604,beetle-fineweb3-eng,Beetle-FineWeb3-24B/beetle-monolingual-fineweb3-eng@step-512,512,,Sem,ses-7,72,-0.0010312248951535,0.0013740026753855,-0.0008930294093327,Beetle-FineWeb3-24B/beetle-monolingual-fineweb3-eng,0.8546161144168992,0.8628169351539338,72,117,-0.0012066527622839175,0.0074296612798053,193804032
ds003604,beetle-fineweb3-eng,Beetle-FineWeb3-24B/beetle-monolingual-fineweb3-eng@step-1024,1024,,Sem,ses-7,72,0.0060240065278497,0.0090443839467887,0.0041699205889829,Beetle-FineWeb3-24B/beetle-monolingual-fineweb3-eng,0.8546161144168992,0.8628169351539338,72,117,0.007048786497502277,0.0074296612798053,193804032
ds003604,beetle-fineweb3-eng,Beetle-FineWeb3-24B/beetle-monolingual-fineweb3-eng@step-2048,2048,,Sem,ses-7,72,-0.0032820923052525,-0.0010812183253774,-0.0020806727733218,Beetle-FineWeb3-24B/beetle-monolingual-fineweb3-eng,0.8546161144168992,0.8628169351539338,72,117,-0.003840428760803155,0.0074296612798053,193804032
ds003604,beetle-fineweb3-eng,Beetle-FineWeb3-24B/beetle-monolingual-fineweb3-eng@step-4096,4096,,Sem,ses-7,72,0.0074751622508115,0.0171983806984259,0.0050078247261345,Beetle-FineWeb3-24B/beetle-monolingual-fineweb3-eng,0.8546161144168992,0.8628169351539338,72,117,0.008746807045537363,0.0074296612798053,193804032
ds003604,beetle-fineweb3-eng,Beetle-FineWeb3-24B/beetle-monolingual-fineweb3-eng@step-8192,8192,,Sem,ses-7,72,0.0278982189999005,0.0325130758461232,0.0186893047784423,Beetle-FineWeb3-24B/beetle-monolingual-fineweb3-eng,0.8546161144168992,0.8628169351539338,72,117,0.03264415277137073,0.0074296612798053,193804032
ds003604,beetle-fineweb3-eng,Beetle-FineWeb3-24B/beetle-monolingual-fineweb3-eng@step-16384,16384,,Sem,ses-7,72,0.0064382545157099,0.0124910203453863,0.0043530589932287,Beetle-FineWeb3-24B/beetle-monolingual-fineweb3-eng,0.8546161144168992,0.8628169351539338,72,117,0.007533504701233831,0.0074296612798053,193804032
ds003604,beetle-fineweb3-eng,Beetle-FineWeb3-24B/beetle-monolingual-fineweb3-eng@step-32768,32768,,Sem,ses-7,72,-0.002510858056337,0.0209284856079258,-0.0016286455414373,Beetle-FineWeb3-24B/beetle-monolingual-fineweb3-eng,0.8546161144168992,0.8628169351539338,72,117,-0.002937995216776538,0.0074296612798053,193804032
ds003604,beetle-fineweb3-eng,Beetle-FineWeb3-24B/beetle-monolingual-fineweb3-eng@step-65536,65536,,Sem,ses-7,72,-0.0008866976563254,0.0174759786429512,-0.0006063779939913,Beetle-FineWeb3-24B/beetle-monolingual-fineweb3-eng,0.8546161144168992,0.8628169351539338,72,117,-0.0010375391258920855,0.0074296612798053,193804032
ds003604,beetle-fineweb3-eng,Beetle-FineWeb3-24B/beetle-monolingual-fineweb3-eng@step-0,0,,Sem,ses-9,72,-0.0060657115880899,0.0001878182346408,-0.0037668935990371,Beetle-FineWeb3-24B/beetle-monolingual-fineweb3-eng,0.8812943730411821,0.886007959425842,72,83,-0.006882730417486116,0.0084082983710845,193804032
ds003604,beetle-fineweb3-eng,Beetle-FineWeb3-24B/beetle-monolingual-fineweb3-eng@step-1,1,,Sem,ses-9,72,-0.0060657115880899,0.0001878182346408,-0.0037668935990371,Beetle-FineWeb3-24B/beetle-monolingual-fineweb3-eng,0.8812943730411821,0.886007959425842,72,83,-0.006882730417486116,0.0084082983710845,193804032
ds003604,beetle-fineweb3-eng,Beetle-FineWeb3-24B/beetle-monolingual-fineweb3-eng@step-2,2,,Sem,ses-9,72,-0.0060657115880899,0.0001878182346408,-0.0037668935990371,Beetle-FineWeb3-24B/beetle-monolingual-fineweb3-eng,0.8812943730411821,0.886007959425842,72,83,-0.006882730417486116,0.0084082983710845,193804032
ds003604,beetle-fineweb3-eng,Beetle-FineWeb3-24B/beetle-monolingual-fineweb3-eng@step-4,4,,Sem,ses-9,72,-0.0060564241546697,0.0001886117725132,-0.0037668935990371,Beetle-FineWeb3-24B/beetle-monolingual-fineweb3-eng,0.8812943730411821,0.886007959425842,72,83,-0.006872192016579106,0.0084082983710845,193804032
ds003604,beetle-fineweb3-eng,Beetle-FineWeb3-24B/beetle-monolingual-fineweb3-eng@step-6,6,,Sem,ses-9,72,-0.0060653982701565,0.0001885515728601,-0.0037638310839159,Beetle-FineWeb3-24B/beetle-monolingual-fineweb3-eng,0.8812943730411821,0.886007959425842,72,83,-0.006882374897306952,0.0084082983710845,193804032
ds003604,beetle-fineweb3-eng,Beetle-FineWeb3-24B/beetle-monolingual-fineweb3-eng@step-8,8,,Sem,ses-9,72,-0.0061035777850269,0.0001912906514189,-0.0037724061262552,Beetle-FineWeb3-24B/beetle-monolingual-fineweb3-eng,0.8812943730411821,0.886007959425842,72,83,-0.006925696988129624,0.0084082983710845,193804032
ds003604,beetle-fineweb3-eng,Beetle-FineWeb3-24B/beetle-monolingual-fineweb3-eng@step-16,16,,Sem,ses-9,72,-0.0061240814255675,0.000204794460949,-0.0038385564528724,Beetle-FineWeb3-24B/beetle-monolingual-fineweb3-eng,0.8812943730411821,0.886007959425842,72,83,-0.006948962359120074,0.0084082983710845,193804032
ds003604,beetle-fineweb3-eng,Beetle-FineWeb3-24B/beetle-monolingual-fineweb3-eng@step-32,32,,Sem,ses-9,72,-0.0067227522295687,0.0001092066888405,-0.0042820086424176,Beetle-FineWeb3-24B/beetle-monolingual-fineweb3-eng,0.8812943730411821,0.886007959425842,72,83,-0.007628270910626309,0.0084082983710845,193804032
ds003604,beetle-fineweb3-eng,Beetle-FineWeb3-24B/beetle-monolingual-fineweb3-eng@step-64,64,,Sem,ses-9,72,-0.0283688009772903,-0.0156015491383094,-0.018795880304659,Beetle-FineWeb3-24B/beetle-monolingual-fineweb3-eng,0.8812943730411821,0.886007959425842,72,83,-0.032189926368637614,0.0084082983710845,193804032
ds003604,beetle-fineweb3-eng,Beetle-FineWeb3-24B/beetle-monolingual-fineweb3-eng@step-128,128,,Sem,ses-9,72,-0.0142717612177009,-0.016484777781731,-0.009420296512714,Beetle-FineWeb3-24B/beetle-monolingual-fineweb3-eng,0.8812943730411821,0.886007959425842,72,83,-0.01619409093519084,0.0084082983710845,193804032
ds003604,beetle-fineweb3-eng,Beetle-FineWeb3-24B/beetle-monolingual-fineweb3-eng@step-256,256,,Sem,ses-9,72,-0.0086462239578406,-0.0041996713487433,-0.0057820285487659,Beetle-FineWeb3-24B/beetle-monolingual-fineweb3-eng,0.8812943730411821,0.886007959425842,72,83,-0.009810823967937182,0.0084082983710845,193804032
ds003604,beetle-fineweb3-eng,Beetle-FineWeb3-24B/beetle-monolingual-fineweb3-eng@step-512,512,,Sem,ses-9,72,-0.0038551005020988,0.0014591481463238,-0.0027256384578398,Beetle-FineWeb3-24B/beetle-monolingual-fineweb3-eng,0.8812943730411821,0.886007959425842,72,83,-0.004374361870478724,0.0084082983710845,193804032
ds003604,beetle-fineweb3-eng,Beetle-FineWeb3-24B/beetle-monolingual-fineweb3-eng@step-1024,1024,,Sem,ses-9,72,-0.0047690841261561,0.0083353665033036,-0.0031237654235917,Beetle-FineWeb3-24B/beetle-monolingual-fineweb3-eng,0.8812943730411821,0.886007959425842,72,83,-0.00541145418834218,0.0084082983710845,193804032
ds003604,beetle-fineweb3-eng,Beetle-FineWeb3-24B/beetle-monolingual-fineweb3-eng@step-2048,2048,,Sem,ses-9,72,-0.0061586958710168,-0.0011032825091274,-0.004005157275464,Beetle-FineWeb3-24B/beetle-monolingual-fineweb3-eng,0.8812943730411821,0.886007959425842,72,83,-0.0069882391847848665,0.0084082983710845,193804032
ds003604,beetle-fineweb3-eng,Beetle-FineWeb3-24B/beetle-monolingual-fineweb3-eng@step-4096,4096,,Sem,ses-9,72,-0.0008378689248151,0.0166753006371271,-0.0007570537379528,Beetle-FineWeb3-24B/beetle-monolingual-fineweb3-eng,0.8812943730411821,0.886007959425842,72,83,-0.0009507253767248859,0.0084082983710845,193804032
ds003604,beetle-fineweb3-eng,Beetle-FineWeb3-24B/beetle-monolingual-fineweb3-eng@step-8192,8192,,Sem,ses-9,72,0.0292946734359581,0.0318764806238897,0.0196350094478591,Beetle-FineWeb3-24B/beetle-monolingual-fineweb3-eng,0.8812943730411821,0.886007959425842,72,83,0.03324050888339121,0.0084082983710845,193804032
ds003604,beetle-fineweb3-eng,Beetle-FineWeb3-24B/beetle-monolingual-fineweb3-eng@step-16384,16384,,Sem,ses-9,72,0.0081108074454301,0.0120932496028203,0.005260788475143,Beetle-FineWeb3-24B/beetle-monolingual-fineweb3-eng,0.8812943730411821,0.886007959425842,72,83,0.009203289721958873,0.0084082983710845,193804032
ds003604,beetle-fineweb3-eng,Beetle-FineWeb3-24B/beetle-monolingual-fineweb3-eng@step-32768,32768,,Sem,ses-9,72,0.0023003191843805,0.0213982052899991,0.0018197464849982,Beetle-FineWeb3-24B/beetle-monolingual-fineweb3-eng,0.8812943730411821,0.886007959425842,72,83,0.0026101598452768155,0.0084082983710845,193804032
ds003604,beetle-fineweb3-eng,Beetle-FineWeb3-24B/beetle-monolingual-fineweb3-eng@step-65536,65536,,Sem,ses-9,72,0.0123467149949518,0.0180926713390788,0.0079270141396323,Beetle-FineWeb3-24B/beetle-monolingual-fineweb3-eng,0.8812943730411821,0.886007959425842,72,83,0.014009751307438393,0.0084082983710845,193804032
ds003604,beetle-humanscale-eng,Beetle-HumanScale/beetle-monolingual-humanscale-eng@step-0,0,,Gram,ses-5,60,0.0280923358357411,0.0148124043410566,0.0187133718497794,Beetle-HumanScale/beetle-monolingual-humanscale-eng,0.8398150343230842,0.8472510876978319,60,97,0.033450622681915135,0.0081285104156867,193811712
ds003604,beetle-humanscale-eng,Beetle-HumanScale/beetle-monolingual-humanscale-eng@step-1,1,,Gram,ses-5,60,0.0280923358357411,0.0148124043410566,0.0187133718497794,Beetle-HumanScale/beetle-monolingual-humanscale-eng,0.8398150343230842,0.8472510876978319,60,97,0.033450622681915135,0.0081285104156867,193811712
ds003604,beetle-humanscale-eng,Beetle-HumanScale/beetle-monolingual-humanscale-eng@step-2,2,,Gram,ses-5,60,0.0280923358357411,0.0148124043410566,0.0187133718497794,Beetle-HumanScale/beetle-monolingual-humanscale-eng,0.8398150343230842,0.8472510876978319,60,97,0.033450622681915135,0.0081285104156867,193811712
ds003604,beetle-humanscale-eng,Beetle-HumanScale/beetle-monolingual-humanscale-eng@step-4,4,,Gram,ses-5,60,0.0280923358357411,0.0148124043410566,0.0187133718497794,Beetle-HumanScale/beetle-monolingual-humanscale-eng,0.8398150343230842,0.8472510876978319,60,97,0.033450622681915135,0.0081285104156867,193811712
ds003604,beetle-humanscale-eng,Beetle-HumanScale/beetle-monolingual-humanscale-eng@step-6,6,,Gram,ses-5,60,0.0280923358357411,0.0148124043410566,0.0187133718497794,Beetle-HumanScale/beetle-monolingual-humanscale-eng,0.8398150343230842,0.8472510876978319,60,97,0.033450622681915135,0.0081285104156867,193811712
ds003604,beetle-humanscale-eng,Beetle-HumanScale/beetle-monolingual-humanscale-eng@step-8,8,,Gram,ses-5,60,0.0280923358357411,0.0148124043410566,0.0187133718497794,Beetle-HumanScale/beetle-monolingual-humanscale-eng,0.8398150343230842,0.8472510876978319,60,97,0.033450622681915135,0.0081285104156867,193811712
ds003604,beetle-humanscale-eng,Beetle-HumanScale/beetle-monolingual-humanscale-eng@step-16,16,,Gram,ses-5,60,0.0280677330744961,0.0148133197135231,0.0186839894862238,Beetle-HumanScale/beetle-monolingual-humanscale-eng,0.8398150343230842,0.8472510876978319,60,97,0.03342132722965543,0.0081285104156867,193811712
ds003604,beetle-humanscale-eng,Beetle-HumanScale/beetle-monolingual-humanscale-eng@step-32,32,,Gram,ses-5,60,0.0280104384393723,0.014799810583561,0.0186086173362332,Beetle-HumanScale/beetle-monolingual-humanscale-eng,0.8398150343230842,0.8472510876978319,60,97,0.03335310430819989,0.0081285104156867,193811712
ds003604,beetle-humanscale-eng,Beetle-HumanScale/beetle-monolingual-humanscale-eng@step-64,64,,Gram,ses-5,60,0.0280653569788107,0.0147602835668786,0.0185511301031895,Beetle-HumanScale/beetle-monolingual-humanscale-eng,0.8398150343230842,0.8472510876978319,60,97,0.03341849792130979,0.0081285104156867,193811712
ds003604,beetle-humanscale-eng,Beetle-HumanScale/beetle-monolingual-humanscale-eng@step-256,256,,Gram,ses-5,60,0.0183465002234,0.0185759599379385,0.0121521623183962,Beetle-HumanScale/beetle-monolingual-humanscale-eng,0.8398150343230842,0.8472510876978319,60,97,0.021845882097345188,0.0081285104156867,193811712
ds003604,beetle-humanscale-eng,Beetle-HumanScale/beetle-monolingual-humanscale-eng@step-500,500,,Gram,ses-5,60,0.0065984685727884,0.0015063314217359,0.004201039241424,Beetle-HumanScale/beetle-monolingual-humanscale-eng,0.8398150343230842,0.8472510876978319,60,97,0.007857049830153328,0.0081285104156867,193811712
ds003604,beetle-humanscale-eng,Beetle-HumanScale/beetle-monolingual-humanscale-eng@step-1000,1000,,Gram,ses-5,60,0.0060129038117676,0.0009862179782919,0.0038765557482442,Beetle-HumanScale/beetle-monolingual-humanscale-eng,0.8398150343230842,0.8472510876978319,60,97,0.007159795390676922,0.0081285104156867,193811712
ds003604,beetle-humanscale-eng,Beetle-HumanScale/beetle-monolingual-humanscale-eng@step-2000,2000,,Gram,ses-5,60,0.0242041820138851,0.0181191971620023,0.0164177150102359,Beetle-HumanScale/beetle-monolingual-humanscale-eng,0.8398150343230842,0.8472510876978319,60,97,0.028820848668652838,0.0081285104156867,193811712
ds003604,beetle-humanscale-eng,Beetle-HumanScale/beetle-monolingual-humanscale-eng@step-2500,2500,,Gram,ses-5,60,0.0408870614399969,0.0386366185380129,0.0272074299054973,Beetle-HumanScale/beetle-monolingual-humanscale-eng,0.8398150343230842,0.8472510876978319,60,97,0.048685793619964286,0.0081285104156867,193811712
ds003604,beetle-humanscale-eng,Beetle-HumanScale/beetle-monolingual-humanscale-eng@step-4000,4000,,Gram,ses-5,60,0.0510191987070663,0.0473403373471769,0.0342515321944473,Beetle-HumanScale/beetle-monolingual-humanscale-eng,0.8398150343230842,0.8472510876978319,60,97,0.06075051841408065,0.0081285104156867,193811712
ds003604,beetle-humanscale-eng,Beetle-HumanScale/beetle-monolingual-humanscale-eng@step-5500,5500,,Gram,ses-5,60,0.0351269575461869,0.02691011925668,0.0234592623110506,Beetle-HumanScale/beetle-monolingual-humanscale-eng,0.8398150343230842,0.8472510876978319,60,97,0.04182701679602613,0.0081285104156867,193811712
ds003604,beetle-humanscale-eng,Beetle-HumanScale/beetle-monolingual-humanscale-eng@step-7500,7500,,Gram,ses-5,60,0.039875818487735,0.0319257214880919,0.0269238262224819,Beetle-HumanScale/beetle-monolingual-humanscale-eng,0.8398150343230842,0.8472510876978319,60,97,0.047481667817338,0.0081285104156867,193811712
ds003604,beetle-humanscale-eng,Beetle-HumanScale/beetle-monolingual-humanscale-eng@step-9500,9500,,Gram,ses-5,60,0.0344023630552913,0.0313342718185003,0.0229635946128075,Beetle-HumanScale/beetle-monolingual-humanscale-eng,0.8398150343230842,0.8472510876978319,60,97,0.04096421432014565,0.0081285104156867,193811712
ds003604,beetle-humanscale-eng,Beetle-HumanScale/beetle-monolingual-humanscale-eng@step-0,0,,Gram,ses-7,60,0.0323891781154814,0.0180297420570309,0.0212325901511594,Beetle-HumanScale/beetle-monolingual-humanscale-eng,0.8473571253286221,0.8585290564097823,60,104,0.03822376321308472,0.0080555141424375,193811712
ds003604,beetle-humanscale-eng,Beetle-HumanScale/beetle-monolingual-humanscale-eng@step-1,1,,Gram,ses-7,60,0.0323891781154814,0.0180297420570309,0.0212325901511594,Beetle-HumanScale/beetle-monolingual-humanscale-eng,0.8473571253286221,0.8585290564097823,60,104,0.03822376321308472,0.0080555141424375,193811712
ds003604,beetle-humanscale-eng,Beetle-HumanScale/beetle-monolingual-humanscale-eng@step-2,2,,Gram,ses-7,60,0.0323891781154814,0.0180297420570309,0.0212325901511594,Beetle-HumanScale/beetle-monolingual-humanscale-eng,0.8473571253286221,0.8585290564097823,60,104,0.03822376321308472,0.0080555141424375,193811712
ds003604,beetle-humanscale-eng,Beetle-HumanScale/beetle-monolingual-humanscale-eng@step-4,4,,Gram,ses-7,60,0.0323891781154814,0.0180297420570309,0.0212325901511594,Beetle-HumanScale/beetle-monolingual-humanscale-eng,0.8473571253286221,0.8585290564097823,60,104,0.03822376321308472,0.0080555141424375,193811712
ds003604,beetle-humanscale-eng,Beetle-HumanScale/beetle-monolingual-humanscale-eng@step-6,6,,Gram,ses-7,60,0.0323891781154814,0.0180297420570309,0.0212325901511594,Beetle-HumanScale/beetle-monolingual-humanscale-eng,0.8473571253286221,0.8585290564097823,60,104,0.03822376321308472,0.0080555141424375,193811712
ds003604,beetle-humanscale-eng,Beetle-HumanScale/beetle-monolingual-humanscale-eng@step-8,8,,Gram,ses-7,60,0.0323891781154814,0.0180297420570309,0.0212325901511594,Beetle-HumanScale/beetle-monolingual-humanscale-eng,0.8473571253286221,0.8585290564097823,60,104,0.03822376321308472,0.0080555141424375,193811712
ds003604,beetle-humanscale-eng,Beetle-HumanScale/beetle-monolingual-humanscale-eng@step-16,16,,Gram,ses-7,60,0.0323650644231115,0.0180308964892929,0.0212057627757391,Beetle-HumanScale/beetle-monolingual-humanscale-eng,0.8473571253286221,0.8585290564097823,60,104,0.03819530568124943,0.0080555141424375,193811712
ds003604,beetle-humanscale-eng,Beetle-HumanScale/beetle-monolingual-humanscale-eng@step-32,32,,Gram,ses-7,60,0.0323762610707218,0.0180171881824935,0.0211942653291303,Beetle-HumanScale/beetle-monolingual-humanscale-eng,0.8473571253286221,0.8585290564097823,60,104,0.03820851929245964,0.0080555141424375,193811712
ds003604,beetle-humanscale-eng,Beetle-HumanScale/beetle-monolingual-humanscale-eng@step-64,64,,Gram,ses-7,60,0.0323905674173302,0.0179762337665509,0.0212466425859034,Beetle-HumanScale/beetle-monolingual-humanscale-eng,0.8473571253286221,0.8585290564097823,60,104,0.038225402783706446,0.0080555141424375,193811712
ds003604,beetle-humanscale-eng,Beetle-HumanScale/beetle-monolingual-humanscale-eng@step-256,256,,Gram,ses-7,60,0.0076664997791264,0.0201380953134881,0.0052536943531568,Beetle-HumanScale/beetle-monolingual-humanscale-eng,0.8473571253286221,0.8585290564097823,60,104,0.009047542706569179,0.0080555141424375,193811712
ds003604,beetle-humanscale-eng,Beetle-HumanScale/beetle-monolingual-humanscale-eng@step-500,500,,Gram,ses-7,60,0.0023066576432016,0.0020599256983671,0.0014442070434635,Beetle-HumanScale/beetle-monolingual-humanscale-eng,0.8473571253286221,0.8585290564097823,60,104,0.0027221788479173197,0.0080555141424375,193811712
ds003604,beetle-humanscale-eng,Beetle-HumanScale/beetle-monolingual-humanscale-eng@step-1000,1000,,Gram,ses-7,60,0.0023611888227788,0.0032595420814905,0.0012551379214532,Beetle-HumanScale/beetle-monolingual-humanscale-eng,0.8473571253286221,0.8585290564097823,60,104,0.0027865332717454685,0.0080555141424375,193811712
ds003604,beetle-humanscale-eng,Beetle-HumanScale/beetle-monolingual-humanscale-eng@step-2000,2000,,Gram,ses-7,60,0.0162187108651914,0.0204525896592559,0.0104543727025067,Beetle-HumanScale/beetle-monolingual-humanscale-eng,0.8473571253286221,0.8585290564097823,60,104,0.01914034871530874,0.0080555141424375,193811712
ds003604,beetle-humanscale-eng,Beetle-HumanScale/beetle-monolingual-humanscale-eng@step-2500,2500,,Gram,ses-7,60,0.0349818209474377,0.0422746000154783,0.0234158275127509,Beetle-HumanScale/beetle-monolingual-humanscale-eng,0.8473571253286221,0.8585290564097823,60,104,0.041283444608872615,0.0080555141424375,193811712
ds003604,beetle-humanscale-eng,Beetle-HumanScale/beetle-monolingual-humanscale-eng@step-4000,4000,,Gram,ses-7,60,0.0493542329703715,0.0520009774175588,0.03287694857767,Beetle-HumanScale/beetle-monolingual-humanscale-eng,0.8473571253286221,0.8585290564097823,60,104,0.05824490229102746,0.0080555141424375,193811712
ds003604,beetle-humanscale-eng,Beetle-HumanScale/beetle-monolingual-humanscale-eng@step-5500,5500,,Gram,ses-7,60,0.0313170395962009,0.0304753893103532,0.0207918546978247,Beetle-HumanScale/beetle-monolingual-humanscale-eng,0.8473571253286221,0.8585290564097823,60,104,0.036958489708876316,0.0080555141424375,193811712
ds003604,beetle-humanscale-eng,Beetle-HumanScale/beetle-monolingual-humanscale-eng@step-7500,7500,,Gram,ses-7,60,0.0295943291078954,0.0357714397170722,0.0193125165675011,Beetle-HumanScale/beetle-monolingual-humanscale-eng,0.8473571253286221,0.8585290564097823,60,104,0.03492545023022982,0.0080555141424375,193811712
ds003604,beetle-humanscale-eng,Beetle-HumanScale/beetle-monolingual-humanscale-eng@step-9500,9500,,Gram,ses-7,60,0.031976709111912,0.0355637391136089,0.0210831233452459,Beetle-HumanScale/beetle-monolingual-humanscale-eng,0.8473571253286221,0.8585290564097823,60,104,0.037736992061653804,0.0080555141424375,193811712
ds003604,beetle-humanscale-eng,Beetle-HumanScale/beetle-monolingual-humanscale-eng@step-0,0,,Gram,ses-9,60,0.0022133515251085,0.017475931977191,0.0012845202850089,Beetle-HumanScale/beetle-monolingual-humanscale-eng,0.8562953703310558,0.8666432094643701,60,96,0.002584799126325753,0.0061329615387372,193811712
ds003604,beetle-humanscale-eng,Beetle-HumanScale/beetle-monolingual-humanscale-eng@step-1,1,,Gram,ses-9,60,0.0022133515251085,0.017475931977191,0.0012845202850089,Beetle-HumanScale/beetle-monolingual-humanscale-eng,0.8562953703310558,0.8666432094643701,60,96,0.002584799126325753,0.0061329615387372,193811712
ds003604,beetle-humanscale-eng,Beetle-HumanScale/beetle-monolingual-humanscale-eng@step-2,2,,Gram,ses-9,60,0.0022133515251085,0.017475931977191,0.0012845202850089,Beetle-HumanScale/beetle-monolingual-humanscale-eng,0.8562953703310558,0.8666432094643701,60,96,0.002584799126325753,0.0061329615387372,193811712
ds003604,beetle-humanscale-eng,Beetle-HumanScale/beetle-monolingual-humanscale-eng@step-4,4,,Gram,ses-9,60,0.0022133515251085,0.017475931977191,0.0012845202850089,Beetle-HumanScale/beetle-monolingual-humanscale-eng,0.8562953703310558,0.8666432094643701,60,96,0.002584799126325753,0.0061329615387372,193811712
ds003604,beetle-humanscale-eng,Beetle-HumanScale/beetle-monolingual-humanscale-eng@step-6,6,,Gram,ses-9,60,0.0022133515251085,0.017475931977191,0.0012845202850089,Beetle-HumanScale/beetle-monolingual-humanscale-eng,0.8562953703310558,0.8666432094643701,60,96,0.002584799126325753,0.0061329615387372,193811712
ds003604,beetle-humanscale-eng,Beetle-HumanScale/beetle-monolingual-humanscale-eng@step-8,8,,Gram,ses-9,60,0.0022133515251085,0.017475931977191,0.0012845202850089,Beetle-HumanScale/beetle-monolingual-humanscale-eng,0.8562953703310558,0.8666432094643701,60,96,0.002584799126325753,0.0061329615387372,193811712
ds003604,beetle-humanscale-eng,Beetle-HumanScale/beetle-monolingual-humanscale-eng@step-16,16,,Gram,ses-9,60,0.0021899086794257,0.017477006986972,0.0012679128621296,Beetle-HumanScale/beetle-monolingual-humanscale-eng,0.8562953703310558,0.8666432094643701,60,96,0.002557422071053649,0.0061329615387372,193811712
ds003604,beetle-humanscale-eng,Beetle-HumanScale/beetle-monolingual-humanscale-eng@step-32,32,,Gram,ses-9,60,0.0022060219840462,0.0174633387167251,0.001248750451115,Beetle-HumanScale/beetle-monolingual-humanscale-eng,0.8562953703310558,0.8666432094643701,60,96,0.002576239531919133,0.0061329615387372,193811712
ds003604,beetle-humanscale-eng,Beetle-HumanScale/beetle-monolingual-humanscale-eng@step-64,64,,Gram,ses-9,60,0.0023793579478921,0.0174234355468607,0.0012857977790765,Beetle-HumanScale/beetle-monolingual-humanscale-eng,0.8562953703310558,0.8666432094643701,60,96,0.00277866496810815,0.0061329615387372,193811712
ds003604,beetle-humanscale-eng,Beetle-HumanScale/beetle-monolingual-humanscale-eng@step-256,256,,Gram,ses-9,60,-0.0097231923726289,0.019950103854339,-0.0066895976851807,Beetle-HumanScale/beetle-monolingual-humanscale-eng,0.8562953703310558,0.8666432094643701,60,96,-0.011354951468288072,0.0061329615387372,193811712
ds003604,beetle-humanscale-eng,Beetle-HumanScale/beetle-monolingual-humanscale-eng@step-500,500,,Gram,ses-9,60,-0.010284829547135,0.0021796426643704,-0.0074663140783039,Beetle-HumanScale/beetle-monolingual-humanscale-eng,0.8562953703310558,0.8666432094643701,60,96,-0.012010843341543164,0.0061329615387372,193811712
ds003604,beetle-humanscale-eng,Beetle-HumanScale/beetle-monolingual-humanscale-eng@step-1000,1000,,Gram,ses-9,60,-0.0102373768821178,0.0033990261555147,-0.0070677359292012,Beetle-HumanScale/beetle-monolingual-humanscale-eng,0.8562953703310558,0.8666432094643701,60,96,-0.011955427107073913,0.0061329615387372,193811712
ds003604,beetle-humanscale-eng,Beetle-HumanScale/beetle-monolingual-humanscale-eng@step-2000,2000,,Gram,ses-9,60,-0.0084921995218583,0.0196210553304161,-0.005288186692983,Beetle-HumanScale/beetle-monolingual-humanscale-eng,0.8562953703310558,0.8666432094643701,60,96,-0.009917371757568998,0.0061329615387372,193811712
ds003604,beetle-humanscale-eng,Beetle-HumanScale/beetle-monolingual-humanscale-eng@step-2500,2500,,Gram,ses-9,60,0.0073874405414109,0.0407420914803486,0.0050569602667407,Beetle-HumanScale/beetle-monolingual-humanscale-eng,0.8562953703310558,0.8666432094643701,60,96,0.008627210653439375,0.0061329615387372,193811712
ds003604,beetle-humanscale-eng,Beetle-HumanScale/beetle-monolingual-humanscale-eng@step-4000,4000,,Gram,ses-9,60,0.0146154197432809,0.0505924210161006,0.0098296781034323,Beetle-HumanScale/beetle-monolingual-humanscale-eng,0.8562953703310558,0.8666432094643701,60,96,0.017068198952927157,0.0061329615387372,193811712
ds003604,beetle-humanscale-eng,Beetle-HumanScale/beetle-monolingual-humanscale-eng@step-5500,5500,,Gram,ses-9,60,0.0055354665525823,0.0294100411309887,0.0041627144193949,Beetle-HumanScale/beetle-monolingual-humanscale-eng,0.8562953703310558,0.8666432094643701,60,96,0.006464435922901476,0.0061329615387372,193811712
ds003604,beetle-humanscale-eng,Beetle-HumanScale/beetle-monolingual-humanscale-eng@step-7500,7500,,Gram,ses-9,60,0.0061774062395591,0.0348498653817969,0.0042112591939651,Beetle-HumanScale/beetle-monolingual-humanscale-eng,0.8562953703310558,0.8666432094643701,60,96,0.007214106783236289,0.0061329615387372,193811712
ds003604,beetle-humanscale-eng,Beetle-HumanScale/beetle-monolingual-humanscale-eng@step-9500,9500,,Gram,ses-9,60,0.0053862486091495,0.0346143426511825,0.0042955738024291,Beetle-HumanScale/beetle-monolingual-humanscale-eng,0.8562953703310558,0.8666432094643701,60,96,0.006290176025437461,0.0061329615387372,193811712
ds003604,beetle-humanscale-eng,Beetle-HumanScale/beetle-monolingual-humanscale-eng@step-0,0,,Phon,ses-5,72,0.0080479915114985,0.025426958141697,0.0055064021878608,Beetle-HumanScale/beetle-monolingual-humanscale-eng,0.8557220149626009,0.8634857149064381,72,93,0.009404913477480459,0.0089146943876321,193811712
ds003604,beetle-humanscale-eng,Beetle-HumanScale/beetle-monolingual-humanscale-eng@step-1,1,,Phon,ses-5,72,0.0080479915114985,0.025426958141697,0.0055064021878608,Beetle-HumanScale/beetle-monolingual-humanscale-eng,0.8557220149626009,0.8634857149064381,72,93,0.009404913477480459,0.0089146943876321,193811712
ds003604,beetle-humanscale-eng,Beetle-HumanScale/beetle-monolingual-humanscale-eng@step-2,2,,Phon,ses-5,72,0.0080479915114985,0.025426958141697,0.0055064021878608,Beetle-HumanScale/beetle-monolingual-humanscale-eng,0.8557220149626009,0.8634857149064381,72,93,0.009404913477480459,0.0089146943876321,193811712
ds003604,beetle-humanscale-eng,Beetle-HumanScale/beetle-monolingual-humanscale-eng@step-4,4,,Phon,ses-5,72,0.0080479915114985,0.025426958141697,0.0055064021878608,Beetle-HumanScale/beetle-monolingual-humanscale-eng,0.8557220149626009,0.8634857149064381,72,93,0.009404913477480459,0.0089146943876321,193811712
ds003604,beetle-humanscale-eng,Beetle-HumanScale/beetle-monolingual-humanscale-eng@step-6,6,,Phon,ses-5,72,0.0080479915114985,0.025426958141697,0.0055064021878608,Beetle-HumanScale/beetle-monolingual-humanscale-eng,0.8557220149626009,0.8634857149064381,72,93,0.009404913477480459,0.0089146943876321,193811712
ds003604,beetle-humanscale-eng,Beetle-HumanScale/beetle-monolingual-humanscale-eng@step-8,8,,Phon,ses-5,72,0.0080479915114985,0.025426958141697,0.0055064021878608,Beetle-HumanScale/beetle-monolingual-humanscale-eng,0.8557220149626009,0.8634857149064381,72,93,0.009404913477480459,0.0089146943876321,193811712
ds003604,beetle-humanscale-eng,Beetle-HumanScale/beetle-monolingual-humanscale-eng@step-16,16,,Phon,ses-5,72,0.0080366164895541,0.0254276563496408,0.0055143647271758,Beetle-HumanScale/beetle-monolingual-humanscale-eng,0.8557220149626009,0.8634857149064381,72,93,0.009391620583590266,0.0089146943876321,193811712
ds003604,beetle-humanscale-eng,Beetle-HumanScale/beetle-monolingual-humanscale-eng@step-32,32,,Phon,ses-5,72,0.0080114597902549,0.0254340428544399,0.005507014690885,Beetle-HumanScale/beetle-monolingual-humanscale-eng,0.8557220149626009,0.8634857149064381,72,93,0.009362222369147577,0.0089146943876321,193811712
ds003604,beetle-humanscale-eng,Beetle-HumanScale/beetle-monolingual-humanscale-eng@step-64,64,,Phon,ses-5,72,0.0080617717516151,0.0253434026990435,0.0055897025991565,Beetle-HumanScale/beetle-monolingual-humanscale-eng,0.8557220149626009,0.8634857149064381,72,93,0.00942101711847093,0.0089146943876321,193811712
ds003604,beetle-humanscale-eng,Beetle-HumanScale/beetle-monolingual-humanscale-eng@step-256,256,,Phon,ses-5,72,-0.0137439635051295,-0.0129646981672462,-0.009540959608488,Beetle-HumanScale/beetle-monolingual-humanscale-eng,0.8557220149626009,0.8634857149064381,72,93,-0.01606124800438864,0.0089146943876321,193811712
ds003604,beetle-humanscale-eng,Beetle-HumanScale/beetle-monolingual-humanscale-eng@step-500,500,,Phon,ses-5,72,-0.0053529837142835,-0.0082512414262113,-0.0033424290032432,Beetle-HumanScale/beetle-monolingual-humanscale-eng,0.8557220149626009,0.8634857149064381,72,93,-0.006255517119677528,0.0089146943876321,193811712
ds003604,beetle-humanscale-eng,Beetle-HumanScale/beetle-monolingual-humanscale-eng@step-1000,1000,,Phon,ses-5,72,0.0037119149251552,0.0066553484161885,0.0024169369336261,Beetle-HumanScale/beetle-monolingual-humanscale-eng,0.8557220149626009,0.8634857149064381,72,93,0.004337757893627907,0.0089146943876321,193811712
ds003604,beetle-humanscale-eng,Beetle-HumanScale/beetle-monolingual-humanscale-eng@step-2000,2000,,Phon,ses-5,72,0.0440750826040993,0.0386532982165086,0.0293297073154298,Beetle-HumanScale/beetle-monolingual-humanscale-eng,0.8557220149626009,0.8634857149064381,72,93,0.051506309097383206,0.0089146943876321,193811712
ds003604,beetle-humanscale-eng,Beetle-HumanScale/beetle-monolingual-humanscale-eng@step-2500,2500,,Phon,ses-5,72,0.0298679561453056,0.0246867987259955,0.0198751106333587,Beetle-HumanScale/beetle-monolingual-humanscale-eng,0.8557220149626009,0.8634857149064381,72,93,0.03490380710447302,0.0089146943876321,193811712
ds003604,beetle-humanscale-eng,Beetle-HumanScale/beetle-monolingual-humanscale-eng@step-4000,4000,,Phon,ses-5,72,0.0231502816783914,0.0212722997038704,0.0154130261018163,Beetle-HumanScale/beetle-monolingual-humanscale-eng,0.8557220149626009,0.8634857149064381,72,93,0.02705350718294092,0.0089146943876321,193811712
ds003604,beetle-humanscale-eng,Beetle-HumanScale/beetle-monolingual-humanscale-eng@step-5500,5500,,Phon,ses-5,72,-0.0257602294056418,-0.0153043761686209,-0.0172848353438745,Beetle-HumanScale/beetle-monolingual-humanscale-eng,0.8557220149626009,0.8634857149064381,72,93,-0.03010350201959879,0.0089146943876321,193811712
ds003604,beetle-humanscale-eng,Beetle-HumanScale/beetle-monolingual-humanscale-eng@step-7500,7500,,Phon,ses-5,72,0.0070489959649572,0.0041965528609287,0.0047983486918466,Beetle-HumanScale/beetle-monolingual-humanscale-eng,0.8557220149626009,0.8634857149064381,72,93,0.00823748348377513,0.0089146943876321,193811712
ds003604,beetle-humanscale-eng,Beetle-HumanScale/beetle-monolingual-humanscale-eng@step-9500,9500,,Phon,ses-5,72,-0.0206510595027369,-0.014869472766019,-0.0140073316612,Beetle-HumanScale/beetle-monolingual-humanscale-eng,0.8557220149626009,0.8634857149064381,72,93,-0.024132906646838398,0.0089146943876321,193811712
ds003604,beetle-humanscale-eng,Beetle-HumanScale/beetle-monolingual-humanscale-eng@step-0,0,,Phon,ses-7,72,0.0123075818725181,0.0262138367310561,0.0081903904400527,Beetle-HumanScale/beetle-monolingual-humanscale-eng,0.8460260208123772,0.8625655350367195,72,104,0.01454752167161481,0.0081448036195669,193811712
ds003604,beetle-humanscale-eng,Beetle-HumanScale/beetle-monolingual-humanscale-eng@step-1,1,,Phon,ses-7,72,0.0123075818725181,0.0262138367310561,0.0081903904400527,Beetle-HumanScale/beetle-monolingual-humanscale-eng,0.8460260208123772,0.8625655350367195,72,104,0.01454752167161481,0.0081448036195669,193811712
ds003604,beetle-humanscale-eng,Beetle-HumanScale/beetle-monolingual-humanscale-eng@step-2,2,,Phon,ses-7,72,0.0123075818725181,0.0262138367310561,0.0081903904400527,Beetle-HumanScale/beetle-monolingual-humanscale-eng,0.8460260208123772,0.8625655350367195,72,104,0.01454752167161481,0.0081448036195669,193811712
ds003604,beetle-humanscale-eng,Beetle-HumanScale/beetle-monolingual-humanscale-eng@step-4,4,,Phon,ses-7,72,0.0123075818725181,0.0262138367310561,0.0081903904400527,Beetle-HumanScale/beetle-monolingual-humanscale-eng,0.8460260208123772,0.8625655350367195,72,104,0.01454752167161481,0.0081448036195669,193811712
ds003604,beetle-humanscale-eng,Beetle-HumanScale/beetle-monolingual-humanscale-eng@step-6,6,,Phon,ses-7,72,0.0123075818725181,0.0262138367310561,0.0081903904400527,Beetle-HumanScale/beetle-monolingual-humanscale-eng,0.8460260208123772,0.8625655350367195,72,104,0.01454752167161481,0.0081448036195669,193811712
ds003604,beetle-humanscale-eng,Beetle-HumanScale/beetle-monolingual-humanscale-eng@step-8,8,,Phon,ses-7,72,0.0123075818725181,0.0262138367310561,0.0081903904400527,Beetle-HumanScale/beetle-monolingual-humanscale-eng,0.8460260208123772,0.8625655350367195,72,104,0.01454752167161481,0.0081448036195669,193811712
ds003604,beetle-humanscale-eng,Beetle-HumanScale/beetle-monolingual-humanscale-eng@step-16,16,,Phon,ses-7,72,0.0122966365848034,0.0262145085114038,0.0081934529551739,Beetle-HumanScale/beetle-monolingual-humanscale-eng,0.8460260208123772,0.8625655350367195,72,104,0.014534584377198984,0.0081448036195669,193811712
ds003604,beetle-humanscale-eng,Beetle-HumanScale/beetle-monolingual-humanscale-eng@step-32,32,,Phon,ses-7,72,0.01227475750728,0.0262210278256119,0.0081738528583984,Beetle-HumanScale/beetle-monolingual-humanscale-eng,0.8460260208123772,0.8625655350367195,72,104,0.01450872337885476,0.0081448036195669,193811712
ds003604,beetle-humanscale-eng,Beetle-HumanScale/beetle-monolingual-humanscale-eng@step-64,64,,Phon,ses-7,72,0.012391375735605,0.0261238675364873,0.0083239160993357,Beetle-HumanScale/beetle-monolingual-humanscale-eng,0.8460260208123772,0.8625655350367195,72,104,0.014646565744758611,0.0081448036195669,193811712
ds003604,beetle-humanscale-eng,Beetle-HumanScale/beetle-monolingual-humanscale-eng@step-256,256,,Phon,ses-7,72,-0.0125682889820121,-0.0127601402423051,-0.0086320051205252,Beetle-HumanScale/beetle-monolingual-humanscale-eng,0.8460260208123772,0.8625655350367195,72,104,-0.014855676625576702,0.0081448036195669,193811712
ds003604,beetle-humanscale-eng,Beetle-HumanScale/beetle-monolingual-humanscale-eng@step-500,500,,Phon,ses-7,72,-0.002275700012178,-0.007988393556702,-0.0013811943196469,Beetle-HumanScale/beetle-monolingual-humanscale-eng,0.8460260208123772,0.8625655350367195,72,104,-0.0026898699994981367,0.0081448036195669,193811712
ds003604,beetle-humanscale-eng,Beetle-HumanScale/beetle-monolingual-humanscale-eng@step-1000,1000,,Phon,ses-7,72,0.0068753948340433,0.0084397784431562,0.0046060227422372,Beetle-HumanScale/beetle-monolingual-humanscale-eng,0.8460260208123772,0.8625655350367195,72,104,0.008126694291791827,0.0081448036195669,193811712
ds003604,beetle-humanscale-eng,Beetle-HumanScale/beetle-monolingual-humanscale-eng@step-2000,2000,,Phon,ses-7,72,0.0310522332578283,0.0388559982978317,0.0206554394862324,Beetle-HumanScale/beetle-monolingual-humanscale-eng,0.8460260208123772,0.8625655350367195,72,104,0.036703638533494634,0.0081448036195669,193811712
ds003604,beetle-humanscale-eng,Beetle-HumanScale/beetle-monolingual-humanscale-eng@step-2500,2500,,Phon,ses-7,72,0.0134421794085003,0.0248263130788701,0.0088990564390911,Beetle-HumanScale/beetle-monolingual-humanscale-eng,0.8460260208123772,0.8625655350367195,72,104,0.01588861226229514,0.0081448036195669,193811712
ds003604,beetle-humanscale-eng,Beetle-HumanScale/beetle-monolingual-humanscale-eng@step-4000,4000,,Phon,ses-7,72,0.0284208879278603,0.0214672812760625,0.0186997173298543,Beetle-HumanScale/beetle-monolingual-humanscale-eng,0.8460260208123772,0.8625655350367195,72,104,0.03359339692716518,0.0081448036195669,193811712
ds003604,beetle-humanscale-eng,Beetle-HumanScale/beetle-monolingual-humanscale-eng@step-5500,5500,,Phon,ses-7,72,-0.025664448257126,-0.0157620540346376,-0.0170557592128111,Beetle-HumanScale/beetle-monolingual-humanscale-eng,0.8460260208123772,0.8625655350367195,72,104,-0.03033529421764392,0.0081448036195669,193811712
ds003604,beetle-humanscale-eng,Beetle-HumanScale/beetle-monolingual-humanscale-eng@step-7500,7500,,Phon,ses-7,72,0.0055192290599537,0.0030803912062819,0.0036076428127363,Beetle-HumanScale/beetle-monolingual-humanscale-eng,0.8460260208123772,0.8625655350367195,72,104,0.006523710765602677,0.0081448036195669,193811712
ds003604,beetle-humanscale-eng,Beetle-HumanScale/beetle-monolingual-humanscale-eng@step-9500,9500,,Phon,ses-7,72,-0.0160401427247983,-0.015556344330629,-0.0105332145077466,Beetle-HumanScale/beetle-monolingual-humanscale-eng,0.8460260208123772,0.8625655350367195,72,104,-0.018959396437235015,0.0081448036195669,193811712
ds003604,beetle-humanscale-eng,Beetle-HumanScale/beetle-monolingual-humanscale-eng@step-0,0,,Phon,ses-9,72,0.0135251324872247,0.0268490392086044,0.0090497321830526,Beetle-HumanScale/beetle-monolingual-humanscale-eng,0.8734471064940128,0.8799092800838068,72,96,0.015484775651171512,0.008728626502912,193811712
ds003604,beetle-humanscale-eng,Beetle-HumanScale/beetle-monolingual-humanscale-eng@step-1,1,,Phon,ses-9,72,0.0135251324872247,0.0268490392086044,0.0090497321830526,Beetle-HumanScale/beetle-monolingual-humanscale-eng,0.8734471064940128,0.8799092800838068,72,96,0.015484775651171512,0.008728626502912,193811712
ds003604,beetle-humanscale-eng,Beetle-HumanScale/beetle-monolingual-humanscale-eng@step-2,2,,Phon,ses-9,72,0.0135251324872247,0.0268490392086044,0.0090497321830526,Beetle-HumanScale/beetle-monolingual-humanscale-eng,0.8734471064940128,0.8799092800838068,72,96,0.015484775651171512,0.008728626502912,193811712
ds003604,beetle-humanscale-eng,Beetle-HumanScale/beetle-monolingual-humanscale-eng@step-4,4,,Phon,ses-9,72,0.0135251324872247,0.0268490392086044,0.0090497321830526,Beetle-HumanScale/beetle-monolingual-humanscale-eng,0.8734471064940128,0.8799092800838068,72,96,0.015484775651171512,0.008728626502912,193811712
ds003604,beetle-humanscale-eng,Beetle-HumanScale/beetle-monolingual-humanscale-eng@step-6,6,,Phon,ses-9,72,0.0135251324872247,0.0268490392086044,0.0090497321830526,Beetle-HumanScale/beetle-monolingual-humanscale-eng,0.8734471064940128,0.8799092800838068,72,96,0.015484775651171512,0.008728626502912,193811712
ds003604,beetle-humanscale-eng,Beetle-HumanScale/beetle-monolingual-humanscale-eng@step-8,8,,Phon,ses-9,72,0.0135251324872247,0.0268490392086044,0.0090497321830526,Beetle-HumanScale/beetle-monolingual-humanscale-eng,0.8734471064940128,0.8799092800838068,72,96,0.015484775651171512,0.008728626502912,193811712
ds003604,beetle-humanscale-eng,Beetle-HumanScale/beetle-monolingual-humanscale-eng@step-16,16,,Phon,ses-9,72,0.013519591215242,0.026849772253658,0.0090527946981738,Beetle-HumanScale/beetle-monolingual-humanscale-eng,0.8734471064940128,0.8799092800838068,72,96,0.015478431509732951,0.008728626502912,193811712
ds003604,beetle-humanscale-eng,Beetle-HumanScale/beetle-monolingual-humanscale-eng@step-32,32,,Phon,ses-9,72,0.0135053445913209,0.0268566959671814,0.0090368696195437,Beetle-HumanScale/beetle-monolingual-humanscale-eng,0.8734471064940128,0.8799092800838068,72,96,0.015462120706462577,0.008728626502912,193811712
ds003604,beetle-humanscale-eng,Beetle-HumanScale/beetle-monolingual-humanscale-eng@step-64,64,,Phon,ses-9,72,0.0135031801105517,0.0267578331126263,0.0091146575036214,Beetle-HumanScale/beetle-monolingual-humanscale-eng,0.8734471064940128,0.8799092800838068,72,96,0.01545964261620032,0.008728626502912,193811712
ds003604,beetle-humanscale-eng,Beetle-HumanScale/beetle-monolingual-humanscale-eng@step-256,256,,Phon,ses-9,72,-0.0132901116993164,-0.0122914335447756,-0.0089903193897019,Beetle-HumanScale/beetle-monolingual-humanscale-eng,0.8734471064940128,0.8799092800838068,72,96,-0.01521570293210136,0.008728626502912,193811712
ds003604,beetle-humanscale-eng,Beetle-HumanScale/beetle-monolingual-humanscale-eng@step-500,500,,Phon,ses-9,72,-0.0062616050025174,-0.0075657791764592,-0.0041417454498681,Beetle-HumanScale/beetle-monolingual-humanscale-eng,0.8734471064940128,0.8799092800838068,72,96,-0.0071688428022290565,0.008728626502912,193811712
ds003604,beetle-humanscale-eng,Beetle-HumanScale/beetle-monolingual-humanscale-eng@step-1000,1000,,Phon,ses-9,72,0.0048072887926954,0.0082763097490692,0.0032762786766259,Beetle-HumanScale/beetle-monolingual-humanscale-eng,0.8734471064940128,0.8799092800838068,72,96,0.005503812144952537,0.008728626502912,193811712
ds003604,beetle-humanscale-eng,Beetle-HumanScale/beetle-monolingual-humanscale-eng@step-2000,2000,,Phon,ses-9,72,0.0406638738469033,0.0405766078690061,0.027193909269927,Beetle-HumanScale/beetle-monolingual-humanscale-eng,0.8734471064940128,0.8799092800838068,72,96,0.04655562259531286,0.008728626502912,193811712
ds003604,beetle-humanscale-eng,Beetle-HumanScale/beetle-monolingual-humanscale-eng@step-2500,2500,,Phon,ses-9,72,0.0281123617467102,0.0258555649381973,0.0186139669064616,Beetle-HumanScale/beetle-monolingual-humanscale-eng,0.8734471064940128,0.8799092800838068,72,96,0.03218553423292255,0.008728626502912,193811712
ds003604,beetle-humanscale-eng,Beetle-HumanScale/beetle-monolingual-humanscale-eng@step-4000,4000,,Phon,ses-9,72,0.0272374961540852,0.0220734799660419,0.0178673257199207,Beetle-HumanScale/beetle-monolingual-humanscale-eng,0.8734471064940128,0.8799092800838068,72,96,0.031183910223729048,0.008728626502912,193811712
ds003604,beetle-humanscale-eng,Beetle-HumanScale/beetle-monolingual-humanscale-eng@step-5500,5500,,Phon,ses-9,72,-0.0234423399839412,-0.0157747011706145,-0.0159305911572938,Beetle-HumanScale/beetle-monolingual-humanscale-eng,0.8734471064940128,0.8799092800838068,72,96,-0.02683887760306169,0.008728626502912,193811712
ds003604,beetle-humanscale-eng,Beetle-HumanScale/beetle-monolingual-humanscale-eng@step-7500,7500,,Phon,ses-9,72,0.0066481998082788,0.0028206010995077,0.0043726590900042,Beetle-HumanScale/beetle-monolingual-humanscale-eng,0.8734471064940128,0.8799092800838068,72,96,0.007611450949748348,0.008728626502912,193811712
ds003604,beetle-humanscale-eng,Beetle-HumanScale/beetle-monolingual-humanscale-eng@step-9500,9500,,Phon,ses-9,72,-0.019326250673656,-0.0153777127938655,-0.0129519889504454,Beetle-HumanScale/beetle-monolingual-humanscale-eng,0.8734471064940128,0.8799092800838068,72,96,-0.022126412154745027,0.008728626502912,193811712
ds003604,beetle-humanscale-eng,Beetle-HumanScale/beetle-monolingual-humanscale-eng@step-0,0,,Plaus,ses-5,60,-0.0022577745599257,0.0112563250559879,-0.001350949976526,Beetle-HumanScale/beetle-monolingual-humanscale-eng,0.8377735419584034,0.851372700209319,60,82,-0.0026949699970804306,0.0058908227201663,193811712
ds003604,beetle-humanscale-eng,Beetle-HumanScale/beetle-monolingual-humanscale-eng@step-1,1,,Plaus,ses-5,60,-0.0022577745599257,0.0112563250559879,-0.001350949976526,Beetle-HumanScale/beetle-monolingual-humanscale-eng,0.8377735419584034,0.851372700209319,60,82,-0.0026949699970804306,0.0058908227201663,193811712
ds003604,beetle-humanscale-eng,Beetle-HumanScale/beetle-monolingual-humanscale-eng@step-2,2,,Plaus,ses-5,60,-0.0022577745599257,0.0112563250559879,-0.001350949976526,Beetle-HumanScale/beetle-monolingual-humanscale-eng,0.8377735419584034,0.851372700209319,60,82,-0.0026949699970804306,0.0058908227201663,193811712
ds003604,beetle-humanscale-eng,Beetle-HumanScale/beetle-monolingual-humanscale-eng@step-4,4,,Plaus,ses-5,60,-0.0022577745599257,0.0112563250559879,-0.001350949976526,Beetle-HumanScale/beetle-monolingual-humanscale-eng,0.8377735419584034,0.851372700209319,60,82,-0.0026949699970804306,0.0058908227201663,193811712
ds003604,beetle-humanscale-eng,Beetle-HumanScale/beetle-monolingual-humanscale-eng@step-6,6,,Plaus,ses-5,60,-0.0022577745599257,0.0112563250559879,-0.001350949976526,Beetle-HumanScale/beetle-monolingual-humanscale-eng,0.8377735419584034,0.851372700209319,60,82,-0.0026949699970804306,0.0058908227201663,193811712
ds003604,beetle-humanscale-eng,Beetle-HumanScale/beetle-monolingual-humanscale-eng@step-8,8,,Plaus,ses-5,60,-0.0022577745599257,0.0112563250559879,-0.001350949976526,Beetle-HumanScale/beetle-monolingual-humanscale-eng,0.8377735419584034,0.851372700209319,60,82,-0.0026949699970804306,0.0058908227201663,193811712
ds003604,beetle-humanscale-eng,Beetle-HumanScale/beetle-monolingual-humanscale-eng@step-16,16,,Plaus,ses-5,60,-0.0022152298958324,0.0112594349092148,-0.0013151801426322,Beetle-HumanScale/beetle-monolingual-humanscale-eng,0.8377735419584034,0.851372700209319,60,82,-0.002644186984771583,0.0058908227201663,193811712
ds003604,beetle-humanscale-eng,Beetle-HumanScale/beetle-monolingual-humanscale-eng@step-32,32,,Plaus,ses-5,60,-0.0021717092580105,0.0112814942649314,-0.0013113476604293,Beetle-HumanScale/beetle-monolingual-humanscale-eng,0.8377735419584034,0.851372700209319,60,82,-0.0025922390111937058,0.0058908227201663,193811712
ds003604,beetle-humanscale-eng,Beetle-HumanScale/beetle-monolingual-humanscale-eng@step-64,64,,Plaus,ses-5,60,-0.001699907110997,0.0113376223392458,-0.0009740892265731,Beetle-HumanScale/beetle-monolingual-humanscale-eng,0.8377735419584034,0.851372700209319,60,82,-0.002029077102415109,0.0058908227201663,193811712
ds003604,beetle-humanscale-eng,Beetle-HumanScale/beetle-monolingual-humanscale-eng@step-256,256,,Plaus,ses-5,60,0.0052237262610958,-0.0011699990033591,0.0035163024211706,Beetle-HumanScale/beetle-monolingual-humanscale-eng,0.8377735419584034,0.851372700209319,60,82,0.00623524854805592,0.0058908227201663,193811712
ds003604,beetle-humanscale-eng,Beetle-HumanScale/beetle-monolingual-humanscale-eng@step-500,500,,Plaus,ses-5,60,0.0013149796099665,-0.0064836850664625,0.0010980061511339,Beetle-HumanScale/beetle-monolingual-humanscale-eng,0.8377735419584034,0.851372700209319,60,82,0.0015696122449660635,0.0058908227201663,193811712
ds003604,beetle-humanscale-eng,Beetle-HumanScale/beetle-monolingual-humanscale-eng@step-1000,1000,,Plaus,ses-5,60,0.0077028207171804,0.0035501952894785,0.0050301328913203,Beetle-HumanScale/beetle-monolingual-humanscale-eng,0.8377735419584034,0.851372700209319,60,82,0.009194394823181054,0.0058908227201663,193811712
ds003604,beetle-humanscale-eng,Beetle-HumanScale/beetle-monolingual-humanscale-eng@step-2000,2000,,Plaus,ses-5,60,-0.0164291013704039,-0.0079967641891272,-0.0110803447956488,Beetle-HumanScale/beetle-monolingual-humanscale-eng,0.8377735419584034,0.851372700209319,60,82,-0.019610432351442806,0.0058908227201663,193811712
ds003604,beetle-humanscale-eng,Beetle-HumanScale/beetle-monolingual-humanscale-eng@step-2500,2500,,Plaus,ses-5,60,-0.0156353598982381,-0.014583134652781,-0.0103304557779459,Beetle-HumanScale/beetle-monolingual-humanscale-eng,0.8377735419584034,0.851372700209319,60,82,-0.01866299079067171,0.0058908227201663,193811712
ds003604,beetle-humanscale-eng,Beetle-HumanScale/beetle-monolingual-humanscale-eng@step-4000,4000,,Plaus,ses-5,60,-0.014182409846956,-0.0121672769193034,-0.0097134261432773,Beetle-HumanScale/beetle-monolingual-humanscale-eng,0.8377735419584034,0.851372700209319,60,82,-0.0169286915098832,0.0058908227201663,193811712
ds003604,beetle-humanscale-eng,Beetle-HumanScale/beetle-monolingual-humanscale-eng@step-5500,5500,,Plaus,ses-5,60,-0.0032568838432369,-0.0042198688180643,-0.002082954077282,Beetle-HumanScale/beetle-monolingual-humanscale-eng,0.8377735419584034,0.851372700209319,60,82,-0.003887546789342995,0.0058908227201663,193811712
ds003604,beetle-humanscale-eng,Beetle-HumanScale/beetle-monolingual-humanscale-eng@step-7500,7500,,Plaus,ses-5,60,-0.0087077079380871,-0.0032897846833422,-0.0059473736318836,Beetle-HumanScale/beetle-monolingual-humanscale-eng,0.8377735419584034,0.851372700209319,60,82,-0.010393868392801845,0.0058908227201663,193811712
ds003604,beetle-humanscale-eng,Beetle-HumanScale/beetle-monolingual-humanscale-eng@step-9500,9500,,Plaus,ses-5,60,-0.0078150403838074,-0.0020051864975021,-0.0055551829531191,Beetle-HumanScale/beetle-monolingual-humanscale-eng,0.8377735419584034,0.851372700209319,60,82,-0.009328344704630726,0.0058908227201663,193811712
ds003604,beetle-humanscale-eng,Beetle-HumanScale/beetle-monolingual-humanscale-eng@step-0,0,,Plaus,ses-7,60,-0.007748892736435,0.0109372123961474,-0.0048985510023537,Beetle-HumanScale/beetle-monolingual-humanscale-eng,0.8460574663445363,0.8583435840524389,60,103,-0.009158825546348235,0.0063089941228393,193811712
ds003604,beetle-humanscale-eng,Beetle-HumanScale/beetle-monolingual-humanscale-eng@step-1,1,,Plaus,ses-7,60,-0.007748892736435,0.0109372123961474,-0.0048985510023537,Beetle-HumanScale/beetle-monolingual-humanscale-eng,0.8460574663445363,0.8583435840524389,60,103,-0.009158825546348235,0.0063089941228393,193811712
ds003604,beetle-humanscale-eng,Beetle-HumanScale/beetle-monolingual-humanscale-eng@step-2,2,,Plaus,ses-7,60,-0.007748892736435,0.0109372123961474,-0.0048985510023537,Beetle-HumanScale/beetle-monolingual-humanscale-eng,0.8460574663445363,0.8583435840524389,60,103,-0.009158825546348235,0.0063089941228393,193811712
ds003604,beetle-humanscale-eng,Beetle-HumanScale/beetle-monolingual-humanscale-eng@step-4,4,,Plaus,ses-7,60,-0.007748892736435,0.0109372123961474,-0.0048985510023537,Beetle-HumanScale/beetle-monolingual-humanscale-eng,0.8460574663445363,0.8583435840524389,60,103,-0.009158825546348235,0.0063089941228393,193811712
ds003604,beetle-humanscale-eng,Beetle-HumanScale/beetle-monolingual-humanscale-eng@step-6,6,,Plaus,ses-7,60,-0.007748892736435,0.0109372123961474,-0.0048985510023537,Beetle-HumanScale/beetle-monolingual-humanscale-eng,0.8460574663445363,0.8583435840524389,60,103,-0.009158825546348235,0.0063089941228393,193811712
ds003604,beetle-humanscale-eng,Beetle-HumanScale/beetle-monolingual-humanscale-eng@step-8,8,,Plaus,ses-7,60,-0.007748892736435,0.0109372123961474,-0.0048985510023537,Beetle-HumanScale/beetle-monolingual-humanscale-eng,0.8460574663445363,0.8583435840524389,60,103,-0.009158825546348235,0.0063089941228393,193811712
ds003604,beetle-humanscale-eng,Beetle-HumanScale/beetle-monolingual-humanscale-eng@step-16,16,,Plaus,ses-7,60,-0.0077196027044664,0.0109403978626678,-0.0048883310498126,Beetle-HumanScale/beetle-monolingual-humanscale-eng,0.8460574663445363,0.8583435840524389,60,103,-0.009124206110749905,0.0063089941228393,193811712
ds003604,beetle-humanscale-eng,Beetle-HumanScale/beetle-monolingual-humanscale-eng@step-32,32,,Plaus,ses-7,60,-0.0076930826201092,0.0109625290363946,-0.0049049384726919,Beetle-HumanScale/beetle-monolingual-humanscale-eng,0.8460574663445363,0.8583435840524389,60,103,-0.009092860622515185,0.0063089941228393,193811712
ds003604,beetle-humanscale-eng,Beetle-HumanScale/beetle-monolingual-humanscale-eng@step-64,64,,Plaus,ses-7,60,-0.007541609766199,0.0110184302184691,-0.0047695241015224,Beetle-HumanScale/beetle-monolingual-humanscale-eng,0.8460574663445363,0.8583435840524389,60,103,-0.008913826857155662,0.0063089941228393,193811712
ds003604,beetle-humanscale-eng,Beetle-HumanScale/beetle-monolingual-humanscale-eng@step-256,256,,Plaus,ses-7,60,-0.001956425900025,-0.0012303015083746,-0.0015055267587101,Beetle-HumanScale/beetle-monolingual-humanscale-eng,0.8460574663445363,0.8583435840524389,60,103,-0.0023124030906291814,0.0063089941228393,193811712
ds003604,beetle-humanscale-eng,Beetle-HumanScale/beetle-monolingual-humanscale-eng@step-500,500,,Plaus,ses-7,60,-0.0030598756474218,-0.0068307375664583,-0.002097006512026,Beetle-HumanScale/beetle-monolingual-humanscale-eng,0.8460574663445363,0.8583435840524389,60,103,-0.0036166286205619753,0.0063089941228393,193811712
ds003604,beetle-humanscale-eng,Beetle-HumanScale/beetle-monolingual-humanscale-eng@step-1000,1000,,Plaus,ses-7,60,0.0066843542609133,0.0029046231980771,0.0042393640634531,Beetle-HumanScale/beetle-monolingual-humanscale-eng,0.8460574663445363,0.8583435840524389,60,103,0.007900591303559586,0.0063089941228393,193811712
ds003604,beetle-humanscale-eng,Beetle-HumanScale/beetle-monolingual-humanscale-eng@step-2000,2000,,Plaus,ses-7,60,-0.0156933816446099,-0.0077417883872247,-0.0107801336897541,Beetle-HumanScale/beetle-monolingual-humanscale-eng,0.8460574663445363,0.8583435840524389,60,103,-0.018548836537563458,0.0063089941228393,193811712
ds003604,beetle-humanscale-eng,Beetle-HumanScale/beetle-monolingual-humanscale-eng@step-2500,2500,,Plaus,ses-7,60,-0.0149701894396926,-0.0142803392661173,-0.0099152702059639,Beetle-HumanScale/beetle-monolingual-humanscale-eng,0.8460574663445363,0.8583435840524389,60,103,-0.017694057478592543,0.0063089941228393,193811712
ds003604,beetle-humanscale-eng,Beetle-HumanScale/beetle-monolingual-humanscale-eng@step-4000,4000,,Plaus,ses-7,60,-0.0120715604496081,-0.0118088879610825,-0.0081893757205864,Beetle-HumanScale/beetle-monolingual-humanscale-eng,0.8460574663445363,0.8583435840524389,60,103,-0.014268014797817825,0.0063089941228393,193811712
ds003604,beetle-humanscale-eng,Beetle-HumanScale/beetle-monolingual-humanscale-eng@step-5500,5500,,Plaus,ses-7,60,-0.0075093355484835,-0.0036951411809937,-0.0050710127014847,Beetle-HumanScale/beetle-monolingual-humanscale-eng,0.8460574663445363,0.8583435840524389,60,103,-0.008875680254827403,0.0063089941228393,193811712
ds003604,beetle-humanscale-eng,Beetle-HumanScale/beetle-monolingual-humanscale-eng@step-7500,7500,,Plaus,ses-7,60,-0.0058414159223437,-0.0026995085257124,-0.0042163691702356,Beetle-HumanScale/beetle-monolingual-humanscale-eng,0.8460574663445363,0.8583435840524389,60,103,-0.006904277965398778,0.0063089941228393,193811712
ds003604,beetle-humanscale-eng,Beetle-HumanScale/beetle-monolingual-humanscale-eng@step-9500,9500,,Plaus,ses-7,60,-0.0005190005394959,-0.001529413231015,-0.0007862975986305,Beetle-HumanScale/beetle-monolingual-humanscale-eng,0.8460574663445363,0.8583435840524389,60,103,-0.0006134341461913767,0.0063089941228393,193811712
ds003604,beetle-humanscale-eng,Beetle-HumanScale/beetle-monolingual-humanscale-eng@step-0,0,,Plaus,ses-9,60,-0.0040457389546945,0.0108594204886075,-0.0025275220128196,Beetle-HumanScale/beetle-monolingual-humanscale-eng,0.8571028945001105,0.8668304036711462,60,89,-0.004720248853031937,0.0059238995685712,193811712
ds003604,beetle-humanscale-eng,Beetle-HumanScale/beetle-monolingual-humanscale-eng@step-1,1,,Plaus,ses-9,60,-0.0040457389546945,0.0108594204886075,-0.0025275220128196,Beetle-HumanScale/beetle-monolingual-humanscale-eng,0.8571028945001105,0.8668304036711462,60,89,-0.004720248853031937,0.0059238995685712,193811712
ds003604,beetle-humanscale-eng,Beetle-HumanScale/beetle-monolingual-humanscale-eng@step-2,2,,Plaus,ses-9,60,-0.0040457389546945,0.0108594204886075,-0.0025275220128196,Beetle-HumanScale/beetle-monolingual-humanscale-eng,0.8571028945001105,0.8668304036711462,60,89,-0.004720248853031937,0.0059238995685712,193811712
ds003604,beetle-humanscale-eng,Beetle-HumanScale/beetle-monolingual-humanscale-eng@step-4,4,,Plaus,ses-9,60,-0.0040457389546945,0.0108594204886075,-0.0025275220128196,Beetle-HumanScale/beetle-monolingual-humanscale-eng,0.8571028945001105,0.8668304036711462,60,89,-0.004720248853031937,0.0059238995685712,193811712
ds003604,beetle-humanscale-eng,Beetle-HumanScale/beetle-monolingual-humanscale-eng@step-6,6,,Plaus,ses-9,60,-0.0040457389546945,0.0108594204886075,-0.0025275220128196,Beetle-HumanScale/beetle-monolingual-humanscale-eng,0.8571028945001105,0.8668304036711462,60,89,-0.004720248853031937,0.0059238995685712,193811712
ds003604,beetle-humanscale-eng,Beetle-HumanScale/beetle-monolingual-humanscale-eng@step-8,8,,Plaus,ses-9,60,-0.0040457389546945,0.0108594204886075,-0.0025275220128196,Beetle-HumanScale/beetle-monolingual-humanscale-eng,0.8571028945001105,0.8668304036711462,60,89,-0.004720248853031937,0.0059238995685712,193811712
ds003604,beetle-humanscale-eng,Beetle-HumanScale/beetle-monolingual-humanscale-eng@step-16,16,,Plaus,ses-9,60,-0.0040258754006909,0.0108628193848804,-0.0025224120365491,Beetle-HumanScale/beetle-monolingual-humanscale-eng,0.8571028945001105,0.8668304036711462,60,89,-0.004697073626193875,0.0059238995685712,193811712
ds003604,beetle-humanscale-eng,Beetle-HumanScale/beetle-monolingual-humanscale-eng@step-32,32,,Plaus,ses-9,60,-0.0040320536822771,0.0108858350297081,-0.0025773442814574,Beetle-HumanScale/beetle-monolingual-humanscale-eng,0.8571028945001105,0.8668304036711462,60,89,-0.004704281957452403,0.0059238995685712,193811712
ds003604,beetle-humanscale-eng,Beetle-HumanScale/beetle-monolingual-humanscale-eng@step-64,64,,Plaus,ses-9,60,-0.0039422229828277,0.0109449807815635,-0.0024444848984232,Beetle-HumanScale/beetle-monolingual-humanscale-eng,0.8571028945001105,0.8668304036711462,60,89,-0.0045994745883187445,0.0059238995685712,193811712
ds003604,beetle-humanscale-eng,Beetle-HumanScale/beetle-monolingual-humanscale-eng@step-256,256,,Plaus,ses-9,60,0.0067587403384078,-0.0008419358078723,0.0046264447659471,Beetle-HumanScale/beetle-monolingual-humanscale-eng,0.8571028945001105,0.8668304036711462,60,89,0.007885564710815394,0.0059238995685712,193811712
ds003604,beetle-humanscale-eng,Beetle-HumanScale/beetle-monolingual-humanscale-eng@step-500,500,,Plaus,ses-9,60,0.0023025178699356,-0.006604281187611,0.0017789104891844,Beetle-HumanScale/beetle-monolingual-humanscale-eng,0.8571028945001105,0.8668304036711462,60,89,0.0026863960963269193,0.0059238995685712,193811712
ds003604,beetle-humanscale-eng,Beetle-HumanScale/beetle-monolingual-humanscale-eng@step-1000,1000,,Plaus,ses-9,60,0.0100280402554105,0.0026636413051445,0.0067304774953451,Beetle-HumanScale/beetle-monolingual-humanscale-eng,0.8571028945001105,0.8668304036711462,60,89,0.011699925784592257,0.0059238995685712,193811712
ds003604,beetle-humanscale-eng,Beetle-HumanScale/beetle-monolingual-humanscale-eng@step-2000,2000,,Plaus,ses-9,60,-0.0097884938875668,-0.007483263122622,-0.0068275670444855,Beetle-HumanScale/beetle-monolingual-humanscale-eng,0.8571028945001105,0.8668304036711462,60,89,-0.011420441991711812,0.0059238995685712,193811712
ds003604,beetle-humanscale-eng,Beetle-HumanScale/beetle-monolingual-humanscale-eng@step-2500,2500,,Plaus,ses-9,60,-0.0118818709747474,-0.0144353396682077,-0.0080041390807791,Beetle-HumanScale/beetle-monolingual-humanscale-eng,0.8571028945001105,0.8668304036711462,60,89,-0.013862829131708023,0.0059238995685712,193811712
ds003604,beetle-humanscale-eng,Beetle-HumanScale/beetle-monolingual-humanscale-eng@step-4000,4000,,Plaus,ses-9,60,-0.0093904091353824,-0.0115953998259156,-0.0063165694174307,Beetle-HumanScale/beetle-monolingual-humanscale-eng,0.8571028945001105,0.8668304036711462,60,89,-0.010955988126558812,0.0059238995685712,193811712
ds003604,beetle-humanscale-eng,Beetle-HumanScale/beetle-monolingual-humanscale-eng@step-5500,5500,,Plaus,ses-9,60,-0.0043395027189876,-0.003583080257881,-0.0027919632848204,Beetle-HumanScale/beetle-monolingual-humanscale-eng,0.8571028945001105,0.8668304036711462,60,89,-0.005062989224320068,0.0059238995685712,193811712
ds003604,beetle-humanscale-eng,Beetle-HumanScale/beetle-monolingual-humanscale-eng@step-7500,7500,,Plaus,ses-9,60,-0.0006181689920259,-0.002403412112066,-0.0004171018130834,Beetle-HumanScale/beetle-monolingual-humanscale-eng,0.8571028945001105,0.8668304036711462,60,89,-0.0007212307833663725,0.0059238995685712,193811712
ds003604,beetle-humanscale-eng,Beetle-HumanScale/beetle-monolingual-humanscale-eng@step-9500,9500,,Plaus,ses-9,60,0.0032417789726687,-0.0014112618710535,0.0019884195162768,Beetle-HumanScale/beetle-monolingual-humanscale-eng,0.8571028945001105,0.8668304036711462,60,89,0.0037822518083542446,0.0059238995685712,193811712
ds003604,beetle-humanscale-eng,Beetle-HumanScale/beetle-monolingual-humanscale-eng@step-0,0,,Sem,ses-5,72,-0.0071340438183968,-0.0111949672736441,-0.0046776855960726,Beetle-HumanScale/beetle-monolingual-humanscale-eng,0.8591956418414916,0.8653112906283371,72,89,-0.008303165741281683,0.0077235660279985,193811712
ds003604,beetle-humanscale-eng,Beetle-HumanScale/beetle-monolingual-humanscale-eng@step-1,1,,Sem,ses-5,72,-0.0071340438183968,-0.0111949672736441,-0.0046776855960726,Beetle-HumanScale/beetle-monolingual-humanscale-eng,0.8591956418414916,0.8653112906283371,72,89,-0.008303165741281683,0.0077235660279985,193811712
ds003604,beetle-humanscale-eng,Beetle-HumanScale/beetle-monolingual-humanscale-eng@step-2,2,,Sem,ses-5,72,-0.0071340438183968,-0.0111949672736441,-0.0046776855960726,Beetle-HumanScale/beetle-monolingual-humanscale-eng,0.8591956418414916,0.8653112906283371,72,89,-0.008303165741281683,0.0077235660279985,193811712
ds003604,beetle-humanscale-eng,Beetle-HumanScale/beetle-monolingual-humanscale-eng@step-4,4,,Sem,ses-5,72,-0.0071340438183968,-0.0111949672736441,-0.0046776855960726,Beetle-HumanScale/beetle-monolingual-humanscale-eng,0.8591956418414916,0.8653112906283371,72,89,-0.008303165741281683,0.0077235660279985,193811712
ds003604,beetle-humanscale-eng,Beetle-HumanScale/beetle-monolingual-humanscale-eng@step-6,6,,Sem,ses-5,72,-0.0071340438183968,-0.0111949672736441,-0.0046776855960726,Beetle-HumanScale/beetle-monolingual-humanscale-eng,0.8591956418414916,0.8653112906283371,72,89,-0.008303165741281683,0.0077235660279985,193811712
ds003604,beetle-humanscale-eng,Beetle-HumanScale/beetle-monolingual-humanscale-eng@step-8,8,,Sem,ses-5,72,-0.0071340438183968,-0.0111949672736441,-0.0046776855960726,Beetle-HumanScale/beetle-monolingual-humanscale-eng,0.8591956418414916,0.8653112906283371,72,89,-0.008303165741281683,0.0077235660279985,193811712
ds003604,beetle-humanscale-eng,Beetle-HumanScale/beetle-monolingual-humanscale-eng@step-16,16,,Sem,ses-5,72,-0.0071063173371485,-0.0111809729294358,-0.0046544104811517,Beetle-HumanScale/beetle-monolingual-humanscale-eng,0.8591956418414916,0.8653112906283371,72,89,-0.008270895464411012,0.0077235660279985,193811712
ds003604,beetle-humanscale-eng,Beetle-HumanScale/beetle-monolingual-humanscale-eng@step-32,32,,Sem,ses-5,72,-0.0071087405207985,-0.0111339636232534,-0.0046580854992971,Beetle-HumanScale/beetle-monolingual-humanscale-eng,0.8591956418414916,0.8653112906283371,72,89,-0.008273715757638763,0.0077235660279985,193811712
ds003604,beetle-humanscale-eng,Beetle-HumanScale/beetle-monolingual-humanscale-eng@step-64,64,,Sem,ses-5,72,-0.0069472869273758,-0.0108817607317567,-0.0046562479902244,Beetle-HumanScale/beetle-monolingual-humanscale-eng,0.8591956418414916,0.8653112906283371,72,89,-0.008085803266513156,0.0077235660279985,193811712
ds003604,beetle-humanscale-eng,Beetle-HumanScale/beetle-monolingual-humanscale-eng@step-256,256,,Sem,ses-5,72,0.0026887960535996,0.0098868106774169,0.0018283215273375,Beetle-HumanScale/beetle-monolingual-humanscale-eng,0.8591956418414916,0.8653112906283371,72,89,0.003129433999265608,0.0077235660279985,193811712
ds003604,beetle-humanscale-eng,Beetle-HumanScale/beetle-monolingual-humanscale-eng@step-500,500,,Sem,ses-5,72,-0.0025029683370921,0.0030291687504198,-0.00171439596483,Beetle-HumanScale/beetle-monolingual-humanscale-eng,0.8591956418414916,0.8653112906283371,72,89,-0.002913152971455434,0.0077235660279985,193811712
ds003604,beetle-humanscale-eng,Beetle-HumanScale/beetle-monolingual-humanscale-eng@step-1000,1000,,Sem,ses-5,72,-0.0073878227210195,-0.0025122244318056,-0.0047456734317625,Beetle-HumanScale/beetle-monolingual-humanscale-eng,0.8591956418414916,0.8653112906283371,72,89,-0.008598533746266884,0.0077235660279985,193811712
ds003604,beetle-humanscale-eng,Beetle-HumanScale/beetle-monolingual-humanscale-eng@step-2000,2000,,Sem,ses-5,72,-0.0140889243939429,-0.0121448508381432,-0.0092996334169399,Beetle-HumanScale/beetle-monolingual-humanscale-eng,0.8591956418414916,0.8653112906283371,72,89,-0.01639780709751562,0.0077235660279985,193811712
ds003604,beetle-humanscale-eng,Beetle-HumanScale/beetle-monolingual-humanscale-eng@step-2500,2500,,Sem,ses-5,72,-0.0122605863383658,-0.0104976765822918,-0.0080354271749216,Beetle-HumanScale/beetle-monolingual-humanscale-eng,0.8591956418414916,0.8653112906283371,72,89,-0.014269842328445713,0.0077235660279985,193811712
ds003604,beetle-humanscale-eng,Beetle-HumanScale/beetle-monolingual-humanscale-eng@step-4000,4000,,Sem,ses-5,72,-0.0182990716041103,-0.0098864470795701,-0.0120062842810286,Beetle-HumanScale/beetle-monolingual-humanscale-eng,0.8591956418414916,0.8653112906283371,72,89,-0.021297910176651242,0.0077235660279985,193811712
ds003604,beetle-humanscale-eng,Beetle-HumanScale/beetle-monolingual-humanscale-eng@step-5500,5500,,Sem,ses-5,72,-8.550705105301217e-05,0.013732201579723,-9.310045968351968e-05,Beetle-HumanScale/beetle-monolingual-humanscale-eng,0.8591956418414916,0.8653112906283371,72,89,-9.951988451634501e-05,0.0077235660279985,193811712
ds003604,beetle-humanscale-eng,Beetle-HumanScale/beetle-monolingual-humanscale-eng@step-7500,7500,,Sem,ses-5,72,0.0060350121795699,0.0055085865598859,0.0039145068278774,Beetle-HumanScale/beetle-monolingual-humanscale-eng,0.8591956418414916,0.8653112906283371,72,89,0.007024025595189491,0.0077235660279985,193811712
ds003604,beetle-humanscale-eng,Beetle-HumanScale/beetle-monolingual-humanscale-eng@step-9500,9500,,Sem,ses-5,72,0.0088074806496263,0.015789771205609,0.0055750025265749,Beetle-HumanScale/beetle-monolingual-humanscale-eng,0.8591956418414916,0.8653112906283371,72,89,0.010250844185789231,0.0077235660279985,193811712
ds003604,beetle-humanscale-eng,Beetle-HumanScale/beetle-monolingual-humanscale-eng@step-0,0,,Sem,ses-7,72,-0.0043197035684659,-0.0109370453852117,-0.0031470405385126,Beetle-HumanScale/beetle-monolingual-humanscale-eng,0.8546161144168992,0.8628169351539338,72,117,-0.005054554314615533,0.0074296612798053,193811712
ds003604,beetle-humanscale-eng,Beetle-HumanScale/beetle-monolingual-humanscale-eng@step-1,1,,Sem,ses-7,72,-0.0043197035684659,-0.0109370453852117,-0.0031470405385126,Beetle-HumanScale/beetle-monolingual-humanscale-eng,0.8546161144168992,0.8628169351539338,72,117,-0.005054554314615533,0.0074296612798053,193811712
ds003604,beetle-humanscale-eng,Beetle-HumanScale/beetle-monolingual-humanscale-eng@step-2,2,,Sem,ses-7,72,-0.0043197035684659,-0.0109370453852117,-0.0031470405385126,Beetle-HumanScale/beetle-monolingual-humanscale-eng,0.8546161144168992,0.8628169351539338,72,117,-0.005054554314615533,0.0074296612798053,193811712
ds003604,beetle-humanscale-eng,Beetle-HumanScale/beetle-monolingual-humanscale-eng@step-4,4,,Sem,ses-7,72,-0.0043197035684659,-0.0109370453852117,-0.0031470405385126,Beetle-HumanScale/beetle-monolingual-humanscale-eng,0.8546161144168992,0.8628169351539338,72,117,-0.005054554314615533,0.0074296612798053,193811712
ds003604,beetle-humanscale-eng,Beetle-HumanScale/beetle-monolingual-humanscale-eng@step-6,6,,Sem,ses-7,72,-0.0043197035684659,-0.0109370453852117,-0.0031470405385126,Beetle-HumanScale/beetle-monolingual-humanscale-eng,0.8546161144168992,0.8628169351539338,72,117,-0.005054554314615533,0.0074296612798053,193811712
ds003604,beetle-humanscale-eng,Beetle-HumanScale/beetle-monolingual-humanscale-eng@step-8,8,,Sem,ses-7,72,-0.0043197035684659,-0.0109370453852117,-0.0031470405385126,Beetle-HumanScale/beetle-monolingual-humanscale-eng,0.8546161144168992,0.8628169351539338,72,117,-0.005054554314615533,0.0074296612798053,193811712
ds003604,beetle-humanscale-eng,Beetle-HumanScale/beetle-monolingual-humanscale-eng@step-16,16,,Sem,ses-7,72,-0.0042866183444897,-0.0109227600769183,-0.0031249904296402,Beetle-HumanScale/beetle-monolingual-humanscale-eng,0.8546161144168992,0.8628169351539338,72,117,-0.005015840764264597,0.0074296612798053,193811712
ds003604,beetle-humanscale-eng,Beetle-HumanScale/beetle-monolingual-humanscale-eng@step-32,32,,Sem,ses-7,72,-0.0042607983597489,-0.0108750658877244,-0.0030845652300408,Beetle-HumanScale/beetle-monolingual-humanscale-eng,0.8546161144168992,0.8628169351539338,72,117,-0.004985628386677477,0.0074296612798053,193811712
ds003604,beetle-humanscale-eng,Beetle-HumanScale/beetle-monolingual-humanscale-eng@step-64,64,,Sem,ses-7,72,-0.0038542834321669,-0.0106206465317568,-0.0028683516624863,Beetle-HumanScale/beetle-monolingual-humanscale-eng,0.8546161144168992,0.8628169351539338,72,117,-0.004509958760602894,0.0074296612798053,193811712
ds003604,beetle-humanscale-eng,Beetle-HumanScale/beetle-monolingual-humanscale-eng@step-256,256,,Sem,ses-7,72,0.0116764488873119,0.0099679716616693,0.0082026405005374,Beetle-HumanScale/beetle-monolingual-humanscale-eng,0.8546161144168992,0.8628169351539338,72,117,0.013662799811911678,0.0074296612798053,193811712
ds003604,beetle-humanscale-eng,Beetle-HumanScale/beetle-monolingual-humanscale-eng@step-500,500,,Sem,ses-7,72,0.0043507701913529,0.003161893583488,0.0035770176615247,Beetle-HumanScale/beetle-monolingual-humanscale-eng,0.8546161144168992,0.8628169351539338,72,117,0.005090905867509193,0.0074296612798053,193811712
ds003604,beetle-humanscale-eng,Beetle-HumanScale/beetle-monolingual-humanscale-eng@step-1000,1000,,Sem,ses-7,72,-0.0100284777616003,-0.0025939725355906,-0.006518869686919,Beetle-HumanScale/beetle-monolingual-humanscale-eng,0.8546161144168992,0.8628169351539338,72,117,-0.011734482409616961,0.0074296612798053,193811712
ds003604,beetle-humanscale-eng,Beetle-HumanScale/beetle-monolingual-humanscale-eng@step-2000,2000,,Sem,ses-7,72,-0.0136214411021697,-0.0130617922509492,-0.0089413191477632,Beetle-HumanScale/beetle-monolingual-humanscale-eng,0.8546161144168992,0.8628169351539338,72,117,-0.01593866634665969,0.0074296612798053,193811712
ds003604,beetle-humanscale-eng,Beetle-HumanScale/beetle-monolingual-humanscale-eng@step-2500,2500,,Sem,ses-7,72,-0.0151271651674996,-0.0105456103157931,-0.0099311240349249,Beetle-HumanScale/beetle-monolingual-humanscale-eng,0.8546161144168992,0.8628169351539338,72,117,-0.017700538185874016,0.0074296612798053,193811712
ds003604,beetle-humanscale-eng,Beetle-HumanScale/beetle-monolingual-humanscale-eng@step-4000,4000,,Sem,ses-7,72,-0.0112104179247666,-0.010317635651425,-0.0073236986607621,Beetle-HumanScale/beetle-monolingual-humanscale-eng,0.8546161144168992,0.8628169351539338,72,117,-0.013117489520327404,0.0074296612798053,193811712
ds003604,beetle-humanscale-eng,Beetle-HumanScale/beetle-monolingual-humanscale-eng@step-5500,5500,,Sem,ses-7,72,0.0167346615088929,0.0149291857068438,0.0113184433848142,Beetle-HumanScale/beetle-monolingual-humanscale-eng,0.8546161144168992,0.8628169351539338,72,117,0.01958149539493634,0.0074296612798053,193811712
ds003604,beetle-humanscale-eng,Beetle-HumanScale/beetle-monolingual-humanscale-eng@step-7500,7500,,Sem,ses-7,72,-0.0059207847970348,0.0037148363952929,-0.0038734691252538,Beetle-HumanScale/beetle-monolingual-humanscale-eng,0.8546161144168992,0.8628169351539338,72,117,-0.006928005097440183,0.0074296612798053,193811712
ds003604,beetle-humanscale-eng,Beetle-HumanScale/beetle-monolingual-humanscale-eng@step-9500,9500,,Sem,ses-7,72,0.0127100028270116,0.0155946234092781,0.0079509017575774,Beetle-HumanScale/beetle-monolingual-humanscale-eng,0.8546161144168992,0.8628169351539338,72,117,0.014872177826512876,0.0074296612798053,193811712
ds003604,beetle-humanscale-eng,Beetle-HumanScale/beetle-monolingual-humanscale-eng@step-0,0,,Sem,ses-9,72,-0.0092489707694525,-0.0110711005808496,-0.0064386317907444,Beetle-HumanScale/beetle-monolingual-humanscale-eng,0.8812943730411821,0.886007959425842,72,83,-0.010494757543425623,0.0084082983710845,193811712
ds003604,beetle-humanscale-eng,Beetle-HumanScale/beetle-monolingual-humanscale-eng@step-1,1,,Sem,ses-9,72,-0.0092489707694525,-0.0110711005808496,-0.0064386317907444,Beetle-HumanScale/beetle-monolingual-humanscale-eng,0.8812943730411821,0.886007959425842,72,83,-0.010494757543425623,0.0084082983710845,193811712
ds003604,beetle-humanscale-eng,Beetle-HumanScale/beetle-monolingual-humanscale-eng@step-2,2,,Sem,ses-9,72,-0.0092489707694525,-0.0110711005808496,-0.0064386317907444,Beetle-HumanScale/beetle-monolingual-humanscale-eng,0.8812943730411821,0.886007959425842,72,83,-0.010494757543425623,0.0084082983710845,193811712
ds003604,beetle-humanscale-eng,Beetle-HumanScale/beetle-monolingual-humanscale-eng@step-4,4,,Sem,ses-9,72,-0.0092489707694525,-0.0110711005808496,-0.0064386317907444,Beetle-HumanScale/beetle-monolingual-humanscale-eng,0.8812943730411821,0.886007959425842,72,83,-0.010494757543425623,0.0084082983710845,193811712
ds003604,beetle-humanscale-eng,Beetle-HumanScale/beetle-monolingual-humanscale-eng@step-6,6,,Sem,ses-9,72,-0.0092489707694525,-0.0110711005808496,-0.0064386317907444,Beetle-HumanScale/beetle-monolingual-humanscale-eng,0.8812943730411821,0.886007959425842,72,83,-0.010494757543425623,0.0084082983710845,193811712
ds003604,beetle-humanscale-eng,Beetle-HumanScale/beetle-monolingual-humanscale-eng@step-8,8,,Sem,ses-9,72,-0.0092489707694525,-0.0110711005808496,-0.0064386317907444,Beetle-HumanScale/beetle-monolingual-humanscale-eng,0.8812943730411821,0.886007959425842,72,83,-0.010494757543425623,0.0084082983710845,193811712
ds003604,beetle-humanscale-eng,Beetle-HumanScale/beetle-monolingual-humanscale-eng@step-16,16,,Sem,ses-9,72,-0.0092354204874522,-0.0110568520027678,-0.0064337317665505,Beetle-HumanScale/beetle-monolingual-humanscale-eng,0.8812943730411821,0.886007959425842,72,83,-0.010479382111090181,0.0084082983710845,193811712
ds003604,beetle-humanscale-eng,Beetle-HumanScale/beetle-monolingual-humanscale-eng@step-32,32,,Sem,ses-9,72,-0.0092178509687512,-0.0110096837059728,-0.0064312817544536,Beetle-HumanScale/beetle-monolingual-humanscale-eng,0.8812943730411821,0.886007959425842,72,83,-0.01045944607241973,0.0084082983710845,193811712
ds003604,beetle-humanscale-eng,Beetle-HumanScale/beetle-monolingual-humanscale-eng@step-64,64,,Sem,ses-9,72,-0.0089689795160532,-0.0107586343590754,-0.0063130686707765,Beetle-HumanScale/beetle-monolingual-humanscale-eng,0.8812943730411821,0.886007959425842,72,83,-0.010177052969376089,0.0084082983710845,193811712
ds003604,beetle-humanscale-eng,Beetle-HumanScale/beetle-monolingual-humanscale-eng@step-256,256,,Sem,ses-9,72,0.0040626405764955,0.0096298256051611,0.0028469140566381,Beetle-HumanScale/beetle-monolingual-humanscale-eng,0.8812943730411821,0.886007959425842,72,83,0.004609856480163475,0.0084082983710845,193811712
ds003604,beetle-humanscale-eng,Beetle-HumanScale/beetle-monolingual-humanscale-eng@step-500,500,,Sem,ses-9,72,-0.0025585894564613,0.002935089094909,-0.0016623332077702,Beetle-HumanScale/beetle-monolingual-humanscale-eng,0.8812943730411821,0.886007959425842,72,83,-0.0029032177382820297,0.0084082983710845,193811712
ds003604,beetle-humanscale-eng,Beetle-HumanScale/beetle-monolingual-humanscale-eng@step-1000,1000,,Sem,ses-9,72,-0.0116800656973091,-0.0024406760534499,-0.0077071255539324,Beetle-HumanScale/beetle-monolingual-humanscale-eng,0.8812943730411821,0.886007959425842,72,83,-0.01325330792366616,0.0084082983710845,193811712
ds003604,beetle-humanscale-eng,Beetle-HumanScale/beetle-monolingual-humanscale-eng@step-2000,2000,,Sem,ses-9,72,-0.0138021493761141,-0.0127798146609269,-0.0090319695953498,Beetle-HumanScale/beetle-monolingual-humanscale-eng,0.8812943730411821,0.886007959425842,72,83,-0.015661224896382196,0.0084082983710845,193811712
ds003604,beetle-humanscale-eng,Beetle-HumanScale/beetle-monolingual-humanscale-eng@step-2500,2500,,Sem,ses-9,72,-0.0159825497145822,-0.0105816321084583,-0.0105546521135948,Beetle-HumanScale/beetle-monolingual-humanscale-eng,0.8812943730411821,0.886007959425842,72,83,-0.018135313470151196,0.0084082983710845,193811712
ds003604,beetle-humanscale-eng,Beetle-HumanScale/beetle-monolingual-humanscale-eng@step-4000,4000,,Sem,ses-9,72,-0.0144424670322073,-0.0095448367424912,-0.0092947333927461,Beetle-HumanScale/beetle-monolingual-humanscale-eng,0.8812943730411821,0.886007959425842,72,83,-0.016387789907666206,0.0084082983710845,193811712
ds003604,beetle-humanscale-eng,Beetle-HumanScale/beetle-monolingual-humanscale-eng@step-5500,5500,,Sem,ses-9,72,0.0174505290296053,0.0161711632905048,0.0117655705925048,Beetle-HumanScale/beetle-monolingual-humanscale-eng,0.8812943730411821,0.886007959425842,72,83,0.019801021728286756,0.0084082983710845,193811712
ds003604,beetle-humanscale-eng,Beetle-HumanScale/beetle-monolingual-humanscale-eng@step-7500,7500,,Sem,ses-9,72,0.0061613367962582,0.0038275468664014,0.0041245953651896,Beetle-HumanScale/beetle-monolingual-humanscale-eng,0.8812943730411821,0.886007959425842,72,83,0.006991235828496872,0.0084082983710845,193811712
ds003604,beetle-humanscale-eng,Beetle-HumanScale/beetle-monolingual-humanscale-eng@step-9500,9500,,Sem,ses-9,72,0.0249829249810763,0.0162505256015085,0.0168444456694504,Beetle-HumanScale/beetle-monolingual-humanscale-eng,0.8812943730411821,0.886007959425842,72,83,0.028347991029223186,0.0084082983710845,193811712
ds003604,pico-decoder-large,pico-lm/pico-decoder-large@daa12d1eb44fa1ea4cc31aa35a8cb029917302e9,0,,Gram,ses-5,60,0.025919327082777,0.0177315477136936,0.0170168597279576,pico-lm/pico-decoder-large,0.8398150343230842,0.8472510876978319,60,97,0.030863137742787306,0.0081285104156867,569808384
ds003604,pico-decoder-large,pico-lm/pico-decoder-large@70ace66cdec9f20ba70c65109b42b9c263e0139b,1000,,Gram,ses-5,60,0.0482932586383778,0.0360675419591643,0.032676382009051,pico-lm/pico-decoder-large,0.8398150343230842,0.8472510876978319,60,97,0.05750463693151623,0.0081285104156867,569808384
ds003604,pico-decoder-large,pico-lm/pico-decoder-large@b7e416710019991ae8f34506fbea7a6ac31a8252,2000,,Gram,ses-5,60,-0.009585021759318,-0.0144372475672793,-0.0060521281454299,pico-lm/pico-decoder-large,0.8398150343230842,0.8472510876978319,60,97,-0.01141325335648916,0.0081285104156867,569808384
ds003604,pico-decoder-large,pico-lm/pico-decoder-large@d43df3f024539a5db7dfcab339e807d4842bcffd,3000,,Gram,ses-5,60,0.0456670799641298,0.0380909437588992,0.0306630513584552,pico-lm/pico-decoder-large,0.8398150343230842,0.8472510876978319,60,97,0.05437754517093019,0.0081285104156867,569808384
ds003604,pico-decoder-large,pico-lm/pico-decoder-large@23e4297bb64e81b073da327cba679d797ca4fe1d,4000,,Gram,ses-5,60,0.0380083414483691,0.0280541930993341,0.0250433549549204,pico-lm/pico-decoder-large,0.8398150343230842,0.8472510876978319,60,97,0.04525799121827457,0.0081285104156867,569808384
ds003604,pico-decoder-large,pico-lm/pico-decoder-large@cab5aa27e02bdec8e8bf68239ae1e6758956e134,5000,,Gram,ses-5,60,0.0384943374128692,0.0331524239509421,0.0259005534743048,pico-lm/pico-decoder-large,0.8398150343230842,0.8472510876978319,60,97,0.045836685269509105,0.0081285104156867,569808384
ds003604,pico-decoder-large,pico-lm/pico-decoder-large@e556a1a2b5a081ce269a811dfdfa329e230c674f,7000,,Gram,ses-5,60,0.041921941999883,0.0341080279135643,0.0276583853113732,pico-lm/pico-decoder-large,0.8398150343230842,0.8472510876978319,60,97,0.04991806562938388,0.0081285104156867,569808384
ds003604,pico-decoder-large,pico-lm/pico-decoder-large@1eb202826693ab699be3043f3579cbde8211a5ef,8000,,Gram,ses-5,60,0.0460594863237109,0.0359354232771694,0.0303845576517104,pico-lm/pico-decoder-large,0.8398150343230842,0.8472510876978319,60,97,0.05484479848689088,0.0081285104156867,569808384
ds003604,pico-decoder-large,pico-lm/pico-decoder-large@94cc0caf8c3cb477f0dc32aa92a7b8e182f710bf,10000,,Gram,ses-5,60,0.0417902050227038,0.0386951192189208,0.0274399338258072,pico-lm/pico-decoder-large,0.8398150343230842,0.8472510876978319,60,97,0.04976120135356703,0.0081285104156867,569808384
ds003604,pico-decoder-large,pico-lm/pico-decoder-large@10d61c2f23ed2b432c011ff4735614817452abfc,13000,,Gram,ses-5,60,0.0366799524787355,0.0296442012660348,0.0238054632033802,pico-lm/pico-decoder-large,0.8398150343230842,0.8472510876978319,60,97,0.04367622747823349,0.0081285104156867,569808384
ds003604,pico-decoder-large,pico-lm/pico-decoder-large@609cb555fe8ab89fe8deccc19ae52176c053de3c,16000,,Gram,ses-5,60,0.0338515048722323,0.0236523562587156,0.0221587733501962,pico-lm/pico-decoder-large,0.8398150343230842,0.8472510876978319,60,97,0.040308286335356706,0.0081285104156867,569808384
ds003604,pico-decoder-large,pico-lm/pico-decoder-large@2e9b09372c42b65faa9486c0d7b8191ff5b5c4de,20000,,Gram,ses-5,60,0.0344412829832526,0.0309088600998512,0.0227451431272416,pico-lm/pico-decoder-large,0.8398150343230842,0.8472510876978319,60,97,0.04101055777241865,0.0081285104156867,569808384
ds003604,pico-decoder-large,pico-lm/pico-decoder-large@020ad4d5ea0fe4c387769324ee38ad1d15bb3f85,24000,,Gram,ses-5,60,0.0253264457648234,0.0203416007052979,0.0163832226704097,pico-lm/pico-decoder-large,0.8398150343230842,0.8472510876978319,60,97,0.030157171198104668,0.0081285104156867,569808384
ds003604,pico-decoder-large,pico-lm/pico-decoder-large@dab022094801d1fd4c0c4deb04d7c0815ea0d9b4,30000,,Gram,ses-5,60,0.0115069737137003,0.0119941056123521,0.0069744788622637,pico-lm/pico-decoder-large,0.8398150343230842,0.8472510876978319,60,97,0.013701795328033466,0.0081285104156867,569808384
ds003604,pico-decoder-large,pico-lm/pico-decoder-large@22fe7c47349efbd4d073c95fe64e3b50251cb0fb,37000,,Gram,ses-5,60,0.0171022267722458,0.0180595708205085,0.0109487629066822,pico-lm/pico-decoder-large,0.8398150343230842,0.8472510876978319,60,97,0.02036427793416523,0.0081285104156867,569808384
ds003604,pico-decoder-large,pico-lm/pico-decoder-large@5a81c54569b9cadfac8813c3db918fae371226c7,45000,,Gram,ses-5,60,0.0191296574660602,0.0187669974142895,0.0125928977717309,pico-lm/pico-decoder-large,0.8398150343230842,0.8472510876978319,60,97,0.02277841748984557,0.0081285104156867,569808384
ds003604,pico-decoder-large,pico-lm/pico-decoder-large@ea63999d87b948bca4d4e9938706f51ccc88c365,55000,,Gram,ses-5,60,0.0184296159639135,0.0145859990390904,0.0122658592904159,pico-lm/pico-decoder-large,0.8398150343230842,0.8472510876978319,60,97,0.02194485120020305,0.0081285104156867,569808384
ds003604,pico-decoder-large,pico-lm/pico-decoder-large@6dc96c3465c47b8b192056175e156d703a132e5e,68000,,Gram,ses-5,60,0.0122581510455786,0.0123133386990941,0.0082558054121036,pico-lm/pico-decoder-large,0.8398150343230842,0.8472510876978319,60,97,0.014596251013128185,0.0081285104156867,569808384
ds003604,pico-decoder-large,pico-lm/pico-decoder-large@46310457a1f616890732dc9d54ca3b6f35263f47,83000,,Gram,ses-5,60,0.0129858292672134,0.009277250110556,0.0085279116485102,pico-lm/pico-decoder-large,0.8398150343230842,0.8472510876978319,60,97,0.015462725405577386,0.0081285104156867,569808384
ds003604,pico-decoder-large,pico-lm/pico-decoder-large@1ca25b1c86203affda1776487d77204c79b5c4f7,102000,,Gram,ses-5,60,0.0008428030872213,0.0059109745849736,0.0005026939156151,pico-lm/pico-decoder-large,0.8398150343230842,0.8472510876978319,60,97,0.0010035579892906112,0.0081285104156867,569808384
ds003604,pico-decoder-large,pico-lm/pico-decoder-large@dc35be996509151e2b2a2066a545a54a6e4900cb,125000,,Gram,ses-5,60,-0.0003393045162518,0.0059944571678031,-0.0004975839393445,pico-lm/pico-decoder-large,0.8398150343230842,0.8472510876978319,60,97,-0.0004040229126468181,0.0081285104156867,569808384
ds003604,pico-decoder-large,pico-lm/pico-decoder-large@daa12d1eb44fa1ea4cc31aa35a8cb029917302e9,0,,Gram,ses-7,60,0.0185830191250654,0.0210412443617795,0.0118813335760572,pico-lm/pico-decoder-large,0.8473571253286221,0.8585290564097823,60,104,0.02193056335940827,0.0080555141424375,569808384
ds003604,pico-decoder-large,pico-lm/pico-decoder-large@70ace66cdec9f20ba70c65109b42b9c263e0139b,1000,,Gram,ses-7,60,0.0488337035496353,0.039182319861572,0.0325792924599106,pico-lm/pico-decoder-large,0.8473571253286221,0.8585290564097823,60,104,0.0576306047237127,0.0080555141424375,569808384
ds003604,pico-decoder-large,pico-lm/pico-decoder-large@b7e416710019991ae8f34506fbea7a6ac31a8252,2000,,Gram,ses-7,60,-0.0064555652443009,-0.0129355763431407,-0.0039161580643409,pico-lm/pico-decoder-large,0.8473571253286221,0.8585290564097823,60,104,-0.007618470478781072,0.0080555141424375,569808384
ds003604,pico-decoder-large,pico-lm/pico-decoder-large@d43df3f024539a5db7dfcab339e807d4842bcffd,3000,,Gram,ses-7,60,0.0521799214493712,0.0422202376444507,0.0347178175291348,pico-lm/pico-decoder-large,0.8473571253286221,0.8585290564097823,60,104,0.061579610166297684,0.0080555141424375,569808384
ds003604,pico-decoder-large,pico-lm/pico-decoder-large@23e4297bb64e81b073da327cba679d797ca4fe1d,4000,,Gram,ses-7,60,0.0394338473780831,0.0322874758994997,0.0259324908259957,pico-lm/pico-decoder-large,0.8473571253286221,0.8585290564097823,60,104,0.046537458881684465,0.0080555141424375,569808384
ds003604,pico-decoder-large,pico-lm/pico-decoder-large@cab5aa27e02bdec8e8bf68239ae1e6758956e134,5000,,Gram,ses-7,60,0.0405234841757897,0.0367553583428915,0.0266849348318338,pico-lm/pico-decoder-large,0.8473571253286221,0.8585290564097823,60,104,0.04782338280341229,0.0080555141424375,569808384
ds003604,pico-decoder-large,pico-lm/pico-decoder-large@e556a1a2b5a081ce269a811dfdfa329e230c674f,7000,,Gram,ses-7,60,0.0365142576750582,0.0375463156381386,0.0238846678355737,pico-lm/pico-decoder-large,0.8473571253286221,0.8585290564097823,60,104,0.04309193442009145,0.0080555141424375,569808384
ds003604,pico-decoder-large,pico-lm/pico-decoder-large@1eb202826693ab699be3043f3579cbde8211a5ef,8000,,Gram,ses-7,60,0.03497514494089,0.0387875830654915,0.0226914883764008,pico-lm/pico-decoder-large,0.8473571253286221,0.8585290564097823,60,104,0.041275565986803896,0.0080555141424375,569808384
ds003604,pico-decoder-large,pico-lm/pico-decoder-large@94cc0caf8c3cb477f0dc32aa92a7b8e182f710bf,10000,,Gram,ses-7,60,0.0346096352054195,0.0422277255320927,0.022697875846739,pico-lm/pico-decoder-large,0.8473571253286221,0.8585290564097823,60,104,0.040844213343927675,0.0080555141424375,569808384
ds003604,pico-decoder-large,pico-lm/pico-decoder-large@10d61c2f23ed2b432c011ff4735614817452abfc,13000,,Gram,ses-7,60,0.0283893607805422,0.0326113982102556,0.0184783129413342,pico-lm/pico-decoder-large,0.8473571253286221,0.8585290564097823,60,104,0.03350341896226132,0.0080555141424375,569808384
ds003604,pico-decoder-large,pico-lm/pico-decoder-large@609cb555fe8ab89fe8deccc19ae52176c053de3c,16000,,Gram,ses-7,60,0.0306122891831149,0.02646669031778,0.0199614835538607,pico-lm/pico-decoder-large,0.8473571253286221,0.8585290564097823,60,104,0.03612678558788638,0.0080555141424375,569808384
ds003604,pico-decoder-large,pico-lm/pico-decoder-large@2e9b09372c42b65faa9486c0d7b8191ff5b5c4de,20000,,Gram,ses-7,60,0.0376559132232976,0.033654348823868,0.0244953099999041,pico-lm/pico-decoder-large,0.8473571253286221,0.8585290564097823,60,104,0.04443924774774731,0.0080555141424375,569808384
ds003604,pico-decoder-large,pico-lm/pico-decoder-large@020ad4d5ea0fe4c387769324ee38ad1d15bb3f85,24000,,Gram,ses-7,60,0.022162799873,0.0219579267628982,0.0141552730164509,pico-lm/pico-decoder-large,0.8473571253286221,0.8585290564097823,60,104,0.02615520565122388,0.0080555141424375,569808384
ds003604,pico-decoder-large,pico-lm/pico-decoder-large@dab022094801d1fd4c0c4deb04d7c0815ea0d9b4,30000,,Gram,ses-7,60,0.0170950876650819,0.0140933846235772,0.0111825443210598,pico-lm/pico-decoder-large,0.8473571253286221,0.8585290564097823,60,104,0.02017459599274873,0.0080555141424375,569808384
ds003604,pico-decoder-large,pico-lm/pico-decoder-large@22fe7c47349efbd4d073c95fe64e3b50251cb0fb,37000,,Gram,ses-7,60,0.0155262456025661,0.019835850833942,0.0102129263237233,pico-lm/pico-decoder-large,0.8473571253286221,0.8585290564097823,60,104,0.018323142791234228,0.0080555141424375,569808384
ds003604,pico-decoder-large,pico-lm/pico-decoder-large@5a81c54569b9cadfac8813c3db918fae371226c7,45000,,Gram,ses-7,60,0.0201045578400524,0.0210958235275165,0.0130732355411624,pico-lm/pico-decoder-large,0.8473571253286221,0.8585290564097823,60,104,0.023726191990485063,0.0080555141424375,569808384
ds003604,pico-decoder-large,pico-lm/pico-decoder-large@ea63999d87b948bca4d4e9938706f51ccc88c365,55000,,Gram,ses-7,60,0.0129230683136003,0.0158840534140557,0.0082136481078716,pico-lm/pico-decoder-large,0.8473571253286221,0.8585290564097823,60,104,0.015251029261822133,0.0080555141424375,569808384
ds003604,pico-decoder-large,pico-lm/pico-decoder-large@6dc96c3465c47b8b192056175e156d703a132e5e,68000,,Gram,ses-7,60,0.012444752461657,0.012820893912789,0.008380999830732,pico-lm/pico-decoder-large,0.8473571253286221,0.8585290564097823,60,104,0.01468654961369526,0.0080555141424375,569808384
ds003604,pico-decoder-large,pico-lm/pico-decoder-large@46310457a1f616890732dc9d54ca3b6f35263f47,83000,,Gram,ses-7,60,0.0115704120060652,0.0104704970500151,0.0076030059435411,pico-lm/pico-decoder-large,0.8473571253286221,0.8585290564097823,60,104,0.013654705507524898,0.0080555141424375,569808384
ds003604,pico-decoder-large,pico-lm/pico-decoder-large@1ca25b1c86203affda1776487d77204c79b5c4f7,102000,,Gram,ses-7,60,0.0074511125481055,0.0069223719546096,0.0050403528438614,pico-lm/pico-decoder-large,0.8473571253286221,0.8585290564097823,60,104,0.008793355629382132,0.0080555141424375,569808384
ds003604,pico-decoder-large,pico-lm/pico-decoder-large@dc35be996509151e2b2a2066a545a54a6e4900cb,125000,,Gram,ses-7,60,0.0030732363166035,0.0066314825402697,0.0020522942196587,pico-lm/pico-decoder-large,0.8473571253286221,0.8585290564097823,60,104,0.0036268489692721207,0.0080555141424375,569808384
ds003604,pico-decoder-large,pico-lm/pico-decoder-large@daa12d1eb44fa1ea4cc31aa35a8cb029917302e9,0,,Gram,ses-9,60,-0.0050418142797626,0.0204249198582593,-0.0036747116855576,pico-lm/pico-decoder-large,0.8562953703310558,0.8666432094643701,60,96,-0.005887938268092426,0.0061329615387372,569808384
ds003604,pico-decoder-large,pico-lm/pico-decoder-large@70ace66cdec9f20ba70c65109b42b9c263e0139b,1000,,Gram,ses-9,60,0.0122489820861807,0.0379568131707183,0.0081778782739777,pico-lm/pico-decoder-large,0.8562953703310558,0.8666432094643701,60,96,0.014304622576021952,0.0061329615387372,569808384
ds003604,pico-decoder-large,pico-lm/pico-decoder-large@b7e416710019991ae8f34506fbea7a6ac31a8252,2000,,Gram,ses-9,60,-0.0178284897237729,-0.012483343567623,-0.0113090162337558,pico-lm/pico-decoder-large,0.8562953703310558,0.8666432094643701,60,96,-0.02082049061748419,0.0061329615387372,569808384
ds003604,pico-decoder-large,pico-lm/pico-decoder-large@d43df3f024539a5db7dfcab339e807d4842bcffd,3000,,Gram,ses-9,60,0.0139531274334253,0.0406362058816919,0.0097798558347944,pico-lm/pico-decoder-large,0.8562953703310558,0.8666432094643701,60,96,0.01629475986543151,0.0061329615387372,569808384
ds003604,pico-decoder-large,pico-lm/pico-decoder-large@23e4297bb64e81b073da327cba679d797ca4fe1d,4000,,Gram,ses-9,60,-0.0002575412892205,0.0312524911354319,-0.0001935403512469,pico-lm/pico-decoder-large,0.8562953703310558,0.8666432094643701,60,96,-0.0003007622114328738,0.0061329615387372,569808384
ds003604,pico-decoder-large,pico-lm/pico-decoder-large@cab5aa27e02bdec8e8bf68239ae1e6758956e134,5000,,Gram,ses-9,60,0.0066655900298678,0.0354023239277747,0.0044603705371543,pico-lm/pico-decoder-large,0.8562953703310558,0.8666432094643701,60,96,0.007784218227515103,0.0061329615387372,569808384
ds003604,pico-decoder-large,pico-lm/pico-decoder-large@e556a1a2b5a081ce269a811dfdfa329e230c674f,7000,,Gram,ses-9,60,0.0039611257112537,0.0367247371523972,0.0022860756340362,pico-lm/pico-decoder-large,0.8562953703310558,0.8666432094643701,60,96,0.004625887104495582,0.0061329615387372,569808384
ds003604,pico-decoder-large,pico-lm/pico-decoder-large@1eb202826693ab699be3043f3579cbde8211a5ef,8000,,Gram,ses-9,60,0.0040497986591624,0.0380811608175519,0.0026872087712742,pico-lm/pico-decoder-large,0.8562953703310558,0.8666432094643701,60,96,0.004729441264638265,0.0061329615387372,569808384
ds003604,pico-decoder-large,pico-lm/pico-decoder-large@94cc0caf8c3cb477f0dc32aa92a7b8e182f710bf,10000,,Gram,ses-9,60,0.0080486703166749,0.0415571929846462,0.0050263004091174,pico-lm/pico-decoder-large,0.8562953703310558,0.8666432094643701,60,96,0.009399408890372923,0.0061329615387372,569808384
ds003604,pico-decoder-large,pico-lm/pico-decoder-large@10d61c2f23ed2b432c011ff4735614817452abfc,13000,,Gram,ses-9,60,0.0021196710312835,0.0321181402911531,0.0007709676698188,pico-lm/pico-decoder-large,0.8562953703310558,0.8666432094643701,60,96,0.0024753970472408435,0.0061329615387372,569808384
ds003604,pico-decoder-large,pico-lm/pico-decoder-large@609cb555fe8ab89fe8deccc19ae52176c053de3c,16000,,Gram,ses-9,60,0.0049214167756174,0.0256846036016905,0.0031764889991792,pico-lm/pico-decoder-large,0.8562953703310558,0.8666432094643701,60,96,0.005747335494427245,0.0061329615387372,569808384
ds003604,pico-decoder-large,pico-lm/pico-decoder-large@2e9b09372c42b65faa9486c0d7b8191ff5b5c4de,20000,,Gram,ses-9,60,0.008547459976705,0.0330609981090383,0.0052958516573888,pico-lm/pico-decoder-large,0.8562953703310558,0.8666432094643701,60,96,0.009981906095557228,0.0061329615387372,569808384
ds003604,pico-decoder-large,pico-lm/pico-decoder-large@020ad4d5ea0fe4c387769324ee38ad1d15bb3f85,24000,,Gram,ses-9,60,-0.0048976666388716,0.0213222231095471,-0.0034319878127065,pico-lm/pico-decoder-large,0.8562953703310558,0.8666432094643701,60,96,-0.005719599578096625,0.0061329615387372,569808384
ds003604,pico-decoder-large,pico-lm/pico-decoder-large@dab022094801d1fd4c0c4deb04d7c0815ea0d9b4,30000,,Gram,ses-9,60,-0.0133072665393612,0.0135865971578486,-0.0091206688958938,pico-lm/pico-decoder-large,0.8562953703310558,0.8666432094643701,60,96,-0.015540509735812799,0.0061329615387372,569808384
ds003604,pico-decoder-large,pico-lm/pico-decoder-large@22fe7c47349efbd4d073c95fe64e3b50251cb0fb,37000,,Gram,ses-9,60,-0.0097402751589134,0.0193106699693025,-0.0064724236936824,pico-lm/pico-decoder-large,0.8562953703310558,0.8666432094643701,60,96,-0.011374901110521796,0.0061329615387372,569808384
ds003604,pico-decoder-large,pico-lm/pico-decoder-large@5a81c54569b9cadfac8813c3db918fae371226c7,45000,,Gram,ses-9,60,-0.0063004676542586,0.020681399980126,-0.0041716568778683,pico-lm/pico-decoder-large,0.8562953703310558,0.8666432094643701,60,96,-0.007357820528473429,0.0061329615387372,569808384
ds003604,pico-decoder-large,pico-lm/pico-decoder-large@ea63999d87b948bca4d4e9938706f51ccc88c365,55000,,Gram,ses-9,60,-0.0111377245489544,0.0152802056974659,-0.0073653920469606,pico-lm/pico-decoder-large,0.8562953703310558,0.8666432094643701,60,96,-0.013006872318658453,0.0061329615387372,569808384
ds003604,pico-decoder-large,pico-lm/pico-decoder-large@6dc96c3465c47b8b192056175e156d703a132e5e,68000,,Gram,ses-9,60,-0.0122304429133787,0.0122273510747774,-0.0080105265511173,pico-lm/pico-decoder-large,0.8562953703310558,0.8666432094643701,60,96,-0.014282972134545395,0.0061329615387372,569808384
ds003604,pico-decoder-large,pico-lm/pico-decoder-large@46310457a1f616890732dc9d54ca3b6f35263f47,83000,,Gram,ses-9,60,-0.0151495348914422,0.0099173812810956,-0.0100609045296745,pico-lm/pico-decoder-large,0.8562953703310558,0.8666432094643701,60,96,-0.017691950016715818,0.0061329615387372,569808384
ds003604,pico-decoder-large,pico-lm/pico-decoder-large@1ca25b1c86203affda1776487d77204c79b5c4f7,102000,,Gram,ses-9,60,-0.0155133047535693,0.0061942974687763,-0.010186098948303,pico-lm/pico-decoder-large,0.8562953703310558,0.8666432094643701,60,96,-0.018116768221661222,0.0061329615387372,569808384
ds003604,pico-decoder-large,pico-lm/pico-decoder-large@dc35be996509151e2b2a2066a545a54a6e4900cb,125000,,Gram,ses-9,60,-0.0185735277264533,0.0057459946375933,-0.0123872212268414,pico-lm/pico-decoder-large,0.8562953703310558,0.8666432094643701,60,96,-0.0216905618901951,0.0061329615387372,569808384
ds003604,pico-decoder-large,pico-lm/pico-decoder-large@daa12d1eb44fa1ea4cc31aa35a8cb029917302e9,0,,Phon,ses-5,72,-0.0054965278821646,-0.0255802783726066,-0.0038287564044847,pico-lm/pico-decoder-large,0.8557220149626009,0.8634857149064381,72,93,-0.006423263379994757,0.0089146943876321,569808384
ds003604,pico-decoder-large,pico-lm/pico-decoder-large@70ace66cdec9f20ba70c65109b42b9c263e0139b,1000,,Phon,ses-5,72,0.0047851948480571,-0.0048806354713381,0.0032432035133173,pico-lm/pico-decoder-large,0.8557220149626009,0.8634857149064381,72,93,0.005591996891965243,0.0089146943876321,569808384
ds003604,pico-decoder-large,pico-lm/pico-decoder-large@b7e416710019991ae8f34506fbea7a6ac31a8252,2000,,Phon,ses-5,72,0.0095868633206675,0.0070840292150178,0.0063369562887216,pico-lm/pico-decoder-large,0.8557220149626009,0.8634857149064381,72,93,0.011203244924213492,0.0089146943876321,569808384
ds003604,pico-decoder-large,pico-lm/pico-decoder-large@d43df3f024539a5db7dfcab339e807d4842bcffd,3000,,Phon,ses-5,72,-0.0060046023745525,-0.0082500369669155,-0.0039757571303008,pico-lm/pico-decoder-large,0.8557220149626009,0.8634857149064381,72,93,-0.007017001163415118,0.0089146943876321,569808384
ds003604,pico-decoder-large,pico-lm/pico-decoder-large@23e4297bb64e81b073da327cba679d797ca4fe1d,4000,,Phon,ses-5,72,-0.0032516623788999,-0.0078540881230973,-0.0020120724346076,pico-lm/pico-decoder-large,0.8557220149626009,0.8634857149064381,72,93,-0.003799905018269295,0.0089146943876321,569808384
ds003604,pico-decoder-large,pico-lm/pico-decoder-large@cab5aa27e02bdec8e8bf68239ae1e6758956e134,5000,,Phon,ses-5,72,-0.0087926727841777,-0.0009646541736022,-0.0061893430598813,pico-lm/pico-decoder-large,0.8557220149626009,0.8634857149064381,72,93,-0.010275150843889393,0.0089146943876321,569808384
ds003604,pico-decoder-large,pico-lm/pico-decoder-large@e556a1a2b5a081ce269a811dfdfa329e230c674f,7000,,Phon,ses-5,72,-0.002757211467662,-0.0037504197293354,-0.0020181974648499,pico-lm/pico-decoder-large,0.8557220149626009,0.8634857149064381,72,93,-0.0032220878035754442,0.0089146943876321,569808384
ds003604,pico-decoder-large,pico-lm/pico-decoder-large@1eb202826693ab699be3043f3579cbde8211a5ef,8000,,Phon,ses-5,72,0.0062389591584001,0.0001351734160956,0.0042911961877811,pico-lm/pico-decoder-large,0.8557220149626009,0.8634857149064381,72,93,0.007290871392005465,0.0089146943876321,569808384
ds003604,pico-decoder-large,pico-lm/pico-decoder-large@94cc0caf8c3cb477f0dc32aa92a7b8e182f710bf,10000,,Phon,ses-5,72,-0.0212518028042608,-0.0204714609527456,-0.0141414698235072,pico-lm/pico-decoder-large,0.8557220149626009,0.8634857149064381,72,93,-0.0248349375529267,0.0089146943876321,569808384
ds003604,pico-decoder-large,pico-lm/pico-decoder-large@10d61c2f23ed2b432c011ff4735614817452abfc,13000,,Phon,ses-5,72,-0.0046790389954026,-0.0116206524029923,-0.0029712521705575,pico-lm/pico-decoder-large,0.8557220149626009,0.8634857149064381,72,93,-0.005467942758966059,0.0089146943876321,569808384
ds003604,pico-decoder-large,pico-lm/pico-decoder-large@609cb555fe8ab89fe8deccc19ae52176c053de3c,16000,,Phon,ses-5,72,-0.0255794241181171,-0.0242733216803781,-0.0166882573982709,pico-lm/pico-decoder-large,0.8557220149626009,0.8634857149064381,72,93,-0.029892212273205383,0.0089146943876321,569808384
ds003604,pico-decoder-large,pico-lm/pico-decoder-large@2e9b09372c42b65faa9486c0d7b8191ff5b5c4de,20000,,Phon,ses-5,72,-0.0006222386364409,0.0004374993235036,-0.0001935509556578,pico-lm/pico-decoder-large,0.8557220149626009,0.8634857149064381,72,93,-0.0007271504361940422,0.0089146943876321,569808384
ds003604,pico-decoder-large,pico-lm/pico-decoder-large@020ad4d5ea0fe4c387769324ee38ad1d15bb3f85,24000,,Phon,ses-5,72,0.0047052592509895,-0.0020685861544366,0.003349779039534,pico-lm/pico-decoder-large,0.8557220149626009,0.8634857149064381,72,93,0.005498583849330021,0.0089146943876321,569808384
ds003604,pico-decoder-large,pico-lm/pico-decoder-large@dab022094801d1fd4c0c4deb04d7c0815ea0d9b4,30000,,Phon,ses-5,72,-0.0073725427228135,-0.0024140420623349,-0.004594997687801,pico-lm/pico-decoder-large,0.8557220149626009,0.8634857149064381,72,93,-0.008615581455077693,0.0089146943876321,569808384
ds003604,pico-decoder-large,pico-lm/pico-decoder-large@22fe7c47349efbd4d073c95fe64e3b50251cb0fb,37000,,Phon,ses-5,72,-0.0119293388580914,-0.0083281267010071,-0.0080795273926665,pico-lm/pico-decoder-large,0.8557220149626009,0.8634857149064381,72,93,-0.01394067074295473,0.0089146943876321,569808384
ds003604,pico-decoder-large,pico-lm/pico-decoder-large@5a81c54569b9cadfac8813c3db918fae371226c7,45000,,Phon,ses-5,72,-0.0171781601691408,-0.011674890938257,-0.0112571930823908,pico-lm/pico-decoder-large,0.8557220149626009,0.8634857149064381,72,93,-0.02007446328220452,0.0089146943876321,569808384
ds003604,pico-decoder-large,pico-lm/pico-decoder-large@ea63999d87b948bca4d4e9938706f51ccc88c365,55000,,Phon,ses-5,72,-0.0151920816250993,-0.0192686449707051,-0.010329863503701,pico-lm/pico-decoder-large,0.8557220149626009,0.8634857149064381,72,93,-0.01775352434489285,0.0089146943876321,569808384
ds003604,pico-decoder-large,pico-lm/pico-decoder-large@6dc96c3465c47b8b192056175e156d703a132e5e,68000,,Phon,ses-5,72,-0.0051180211345234,-0.0102355961594437,-0.0038109938167819,pico-lm/pico-decoder-large,0.8557220149626009,0.8634857149064381,72,93,-0.005980938955680697,0.0089146943876321,569808384
ds003604,pico-decoder-large,pico-lm/pico-decoder-large@46310457a1f616890732dc9d54ca3b6f35263f47,83000,,Phon,ses-5,72,-0.0100351522959246,-0.0090454532463667,-0.0068226711869389,pico-lm/pico-decoder-large,0.8557220149626009,0.8634857149064381,72,93,-0.011727117125020071,0.0089146943876321,569808384
ds003604,pico-decoder-large,pico-lm/pico-decoder-large@1ca25b1c86203affda1776487d77204c79b5c4f7,102000,,Phon,ses-5,72,-0.0107845196838416,-0.009757783027327,-0.0073573863270949,pico-lm/pico-decoder-large,0.8557220149626009,0.8634857149064381,72,93,-0.01260283070351174,0.0089146943876321,569808384
ds003604,pico-decoder-large,pico-lm/pico-decoder-large@dc35be996509151e2b2a2066a545a54a6e4900cb,125000,,Phon,ses-5,72,-0.0074947661802222,-0.0065956439443989,-0.0051499254277567,pico-lm/pico-decoder-large,0.8557220149626009,0.8634857149064381,72,93,-0.008758412252079031,0.0089146943876321,569808384
ds003604,pico-decoder-large,pico-lm/pico-decoder-large@daa12d1eb44fa1ea4cc31aa35a8cb029917302e9,0,,Phon,ses-7,72,-0.0073377788045886,-0.0265213780196193,-0.0050941876525515,pico-lm/pico-decoder-large,0.8460260208123772,0.8625655350367195,72,104,-0.008673230638394154,0.0081448036195669,569808384
ds003604,pico-decoder-large,pico-lm/pico-decoder-large@70ace66cdec9f20ba70c65109b42b9c263e0139b,1000,,Phon,ses-7,72,0.0057027651001089,-0.005642145291584,0.0040272073843364,pico-lm/pico-decoder-large,0.8460260208123772,0.8625655350367195,72,104,0.006740649767052022,0.0081448036195669,569808384
ds003604,pico-decoder-large,pico-lm/pico-decoder-large@b7e416710019991ae8f34506fbea7a6ac31a8252,2000,,Phon,ses-7,72,-0.0018539963510174,0.0060837309960803,-0.0013364815988778,pico-lm/pico-decoder-large,0.8460260208123772,0.8625655350367195,72,104,-0.00219141764604018,0.0081448036195669,569808384
ds003604,pico-decoder-large,pico-lm/pico-decoder-large@d43df3f024539a5db7dfcab339e807d4842bcffd,3000,,Phon,ses-7,72,-0.0079634042929105,-0.0083034405298485,-0.0055719400114538,pico-lm/pico-decoder-large,0.8460260208123772,0.8625655350367195,72,104,-0.009412717927119809,0.0081448036195669,569808384
ds003604,pico-decoder-large,pico-lm/pico-decoder-large@23e4297bb64e81b073da327cba679d797ca4fe1d,4000,,Phon,ses-7,72,0.0014462446799414,-0.0083374393132572,0.000946317172441,pico-lm/pico-decoder-large,0.8460260208123772,0.8625655350367195,72,104,0.0017094564994025556,0.0081448036195669,569808384
ds003604,pico-decoder-large,pico-lm/pico-decoder-large@cab5aa27e02bdec8e8bf68239ae1e6758956e134,5000,,Phon,ses-7,72,-0.0050246250828446,0.0004792162650096,-0.0036462305032631,pico-lm/pico-decoder-large,0.8460260208123772,0.8625655350367195,72,104,-0.0059390904762241445,0.0081448036195669,569808384
ds003604,pico-decoder-large,pico-lm/pico-decoder-large@e556a1a2b5a081ce269a811dfdfa329e230c674f,7000,,Phon,ses-7,72,-0.004112244698029,-0.0032327329639083,-0.002747076063688,pico-lm/pico-decoder-large,0.8460260208123772,0.8625655350367195,72,104,-0.0048606598341742625,0.0081448036195669,569808384
ds003604,pico-decoder-large,pico-lm/pico-decoder-large@1eb202826693ab699be3043f3579cbde8211a5ef,8000,,Phon,ses-7,72,0.0051108967446342,0.0002414056482157,0.0033883667300607,pico-lm/pico-decoder-large,0.8460260208123772,0.8625655350367195,72,104,0.0060410632993611445,0.0081448036195669,569808384
ds003604,pico-decoder-large,pico-lm/pico-decoder-large@94cc0caf8c3cb477f0dc32aa92a7b8e182f710bf,10000,,Phon,ses-7,72,-0.0176857460005316,-0.0206339105067979,-0.0119107338092481,pico-lm/pico-decoder-large,0.8460260208123772,0.8625655350367195,72,104,-0.02090449414729498,0.0081448036195669,569808384
ds003604,pico-decoder-large,pico-lm/pico-decoder-large@10d61c2f23ed2b432c011ff4735614817452abfc,13000,,Phon,ses-7,72,-0.0049895176646836,-0.0102696978482272,-0.0034318544447813,pico-lm/pico-decoder-large,0.8460260208123772,0.8625655350367195,72,104,-0.005897593622348081,0.0081448036195669,569808384
ds003604,pico-decoder-large,pico-lm/pico-decoder-large@609cb555fe8ab89fe8deccc19ae52176c053de3c,16000,,Phon,ses-7,72,-0.0225603579062372,-0.0235215797257912,-0.0148948485433146,pico-lm/pico-decoder-large,0.8460260208123772,0.8625655350367195,72,104,-0.026666269536927634,0.0081448036195669,569808384
ds003604,pico-decoder-large,pico-lm/pico-decoder-large@2e9b09372c42b65faa9486c0d7b8191ff5b5c4de,20000,,Phon,ses-7,72,0.0003378947070723,0.0011001927367205,0.0002499012338873,pico-lm/pico-decoder-large,0.8460260208123772,0.8625655350367195,72,104,0.00039939044279967216,0.0081448036195669,569808384
ds003604,pico-decoder-large,pico-lm/pico-decoder-large@020ad4d5ea0fe4c387769324ee38ad1d15bb3f85,24000,,Phon,ses-7,72,0.0023838083529634,-0.0018971082764117,0.0014693947551366,pico-lm/pico-decoder-large,0.8460260208123772,0.8625655350367195,72,104,0.002817653706057885,0.0081448036195669,569808384
ds003604,pico-decoder-large,pico-lm/pico-decoder-large@dab022094801d1fd4c0c4deb04d7c0815ea0d9b4,30000,,Phon,ses-7,72,-0.0069163834310276,-0.0014769926957498,-0.0045557974942501,pico-lm/pico-decoder-large,0.8460260208123772,0.8625655350367195,72,104,-0.008175142679874433,0.0081448036195669,569808384
ds003604,pico-decoder-large,pico-lm/pico-decoder-large@22fe7c47349efbd4d073c95fe64e3b50251cb0fb,37000,,Phon,ses-7,72,-0.0075120690912322,-0.0070809239147672,-0.0050990876767454,pico-lm/pico-decoder-large,0.8460260208123772,0.8625655350367195,72,104,-0.008879241189318158,0.0081448036195669,569808384
ds003604,pico-decoder-large,pico-lm/pico-decoder-large@5a81c54569b9cadfac8813c3db918fae371226c7,45000,,Phon,ses-7,72,-0.0140058383706826,-0.0110543547659985,-0.0092922833806491,pico-lm/pico-decoder-large,0.8460260208123772,0.8625655350367195,72,104,-0.016554855319028856,0.0081448036195669,569808384
ds003604,pico-decoder-large,pico-lm/pico-decoder-large@ea63999d87b948bca4d4e9938706f51ccc88c365,55000,,Phon,ses-7,72,-0.018135597253741,-0.019021435653196,-0.012261698042134,pico-lm/pico-decoder-large,0.8460260208123772,0.8625655350367195,72,104,-0.021436216862841532,0.0081448036195669,569808384
ds003604,pico-decoder-large,pico-lm/pico-decoder-large@6dc96c3465c47b8b192056175e156d703a132e5e,68000,,Phon,ses-7,72,-0.0046385627738462,-0.0090972670883778,-0.0033638666090913,pico-lm/pico-decoder-large,0.8460260208123772,0.8625655350367195,72,104,-0.005482766084891959,0.0081448036195669,569808384
ds003604,pico-decoder-large,pico-lm/pico-decoder-large@46310457a1f616890732dc9d54ca3b6f35263f47,83000,,Phon,ses-7,72,-0.0075726156260039,-0.0079228441966482,-0.0051309378340055,pico-lm/pico-decoder-large,0.8460260208123772,0.8625655350367195,72,104,-0.008950806996139987,0.0081448036195669,569808384
ds003604,pico-decoder-large,pico-lm/pico-decoder-large@1ca25b1c86203affda1776487d77204c79b5c4f7,102000,,Phon,ses-7,72,-0.0102815495430155,-0.0091872007428228,-0.0068624838835141,pico-lm/pico-decoder-large,0.8460260208123772,0.8625655350367195,72,104,-0.01215275805954866,0.0081448036195669,569808384
ds003604,pico-decoder-large,pico-lm/pico-decoder-large@dc35be996509151e2b2a2066a545a54a6e4900cb,125000,,Phon,ses-7,72,-0.0050573452483113,-0.0052402575749932,-0.0033993917844969,pico-lm/pico-decoder-large,0.8460260208123772,0.8625655350367195,72,104,-0.005977765605193915,0.0081448036195669,569808384
ds003604,pico-decoder-large,pico-lm/pico-decoder-large@daa12d1eb44fa1ea4cc31aa35a8cb029917302e9,0,,Phon,ses-9,72,-0.0123917113307309,-0.0257565701104635,-0.0084133415408738,pico-lm/pico-decoder-large,0.8734471064940128,0.8799092800838068,72,96,-0.014187134216370367,0.008728626502912,569808384
ds003604,pico-decoder-large,pico-lm/pico-decoder-large@70ace66cdec9f20ba70c65109b42b9c263e0139b,1000,,Phon,ses-9,72,0.001530645776179,-0.0052415911408986,0.0012850313448422,pico-lm/pico-decoder-large,0.8734471064940128,0.8799092800838068,72,96,0.0017524195395448277,0.008728626502912,569808384
ds003604,pico-decoder-large,pico-lm/pico-decoder-large@b7e416710019991ae8f34506fbea7a6ac31a8252,2000,,Phon,ses-9,72,0.0159171410028899,0.0063330744083013,0.0108308909775242,pico-lm/pico-decoder-large,0.8734471064940128,0.8799092800838068,72,96,0.018223359931640013,0.008728626502912,569808384
ds003604,pico-decoder-large,pico-lm/pico-decoder-large@d43df3f024539a5db7dfcab339e807d4842bcffd,3000,,Phon,ses-9,72,-0.0105133063629112,-0.0079902707753066,-0.00744926178073,pico-lm/pico-decoder-large,0.8734471064940128,0.8799092800838068,72,96,-0.012036568997419037,0.008728626502912,569808384
ds003604,pico-decoder-large,pico-lm/pico-decoder-large@23e4297bb64e81b073da327cba679d797ca4fe1d,4000,,Phon,ses-9,72,-0.005264130772639,-0.0079935627818869,-0.0032046158227906,pico-lm/pico-decoder-large,0.8734471064940128,0.8799092800838068,72,96,-0.006026845510736241,0.008728626502912,569808384
ds003604,pico-decoder-large,pico-lm/pico-decoder-large@cab5aa27e02bdec8e8bf68239ae1e6758956e134,5000,,Phon,ses-9,72,-0.0163629952965911,0.0006752151004442,-0.0110471045450786,pico-lm/pico-decoder-large,0.8734471064940128,0.8799092800838068,72,96,-0.018733813616111927,0.008728626502912,569808384
ds003604,pico-decoder-large,pico-lm/pico-decoder-large@e556a1a2b5a081ce269a811dfdfa329e230c674f,7000,,Phon,ses-9,72,0.0024690667618032,-0.0029831404865415,0.0014969573912271,pico-lm/pico-decoder-large,0.8734471064940128,0.8799092800838068,72,96,0.002826807420215691,0.008728626502912,569808384
ds003604,pico-decoder-large,pico-lm/pico-decoder-large@1eb202826693ab699be3043f3579cbde8211a5ef,8000,,Phon,ses-9,72,0.0048135752726986,0.0004562782620881,0.003216253380251,pico-lm/pico-decoder-large,0.8734471064940128,0.8799092800838068,72,96,0.00551100946686987,0.008728626502912,569808384
ds003604,pico-decoder-large,pico-lm/pico-decoder-large@94cc0caf8c3cb477f0dc32aa92a7b8e182f710bf,10000,,Phon,ses-9,72,-0.0175491350698555,-0.0201591535788876,-0.0116259199029795,pico-lm/pico-decoder-large,0.8734471064940128,0.8799092800838068,72,96,-0.02009181201629614,0.008728626502912,569808384
ds003604,pico-decoder-large,pico-lm/pico-decoder-large@10d61c2f23ed2b432c011ff4735614817452abfc,13000,,Phon,ses-9,72,-0.0062668056490404,-0.0101526452067624,-0.004240970939794,pico-lm/pico-decoder-large,0.8734471064940128,0.8799092800838068,72,96,-0.007174796965319567,0.008728626502912,569808384
ds003604,pico-decoder-large,pico-lm/pico-decoder-large@609cb555fe8ab89fe8deccc19ae52176c053de3c,16000,,Phon,ses-9,72,-0.0277986428238474,-0.023671097024295,-0.0185300539921415,pico-lm/pico-decoder-large,0.8734471064940128,0.8799092800838068,72,96,-0.03182636088340851,0.008728626502912,569808384
ds003604,pico-decoder-large,pico-lm/pico-decoder-large@2e9b09372c42b65faa9486c0d7b8191ff5b5c4de,20000,,Phon,ses-9,72,0.0007031299969292,0.0014195052362012,0.0005175650554774,pico-lm/pico-decoder-large,0.8734471064940128,0.8799092800838068,72,96,0.0008050058116873729,0.008728626502912,569808384
ds003604,pico-decoder-large,pico-lm/pico-decoder-large@020ad4d5ea0fe4c387769324ee38ad1d15bb3f85,24000,,Phon,ses-9,72,0.0032886777308067,-0.0016928209771144,0.0021106854215092,pico-lm/pico-decoder-large,0.8734471064940128,0.8799092800838068,72,96,0.003765171017633044,0.008728626502912,569808384
ds003604,pico-decoder-large,pico-lm/pico-decoder-large@dab022094801d1fd4c0c4deb04d7c0815ea0d9b4,30000,,Phon,ses-9,72,-0.0085335243595405,-0.0012780892131951,-0.0055486648965329,pico-lm/pico-decoder-large,0.8734471064940128,0.8799092800838068,72,96,-0.009769938323791328,0.008728626502912,569808384
ds003604,pico-decoder-large,pico-lm/pico-decoder-large@22fe7c47349efbd4d073c95fe64e3b50251cb0fb,37000,,Phon,ses-9,72,-0.0130511773117171,-0.0070979663919162,-0.0088616937546129,pico-lm/pico-decoder-large,0.8734471064940128,0.8799092800838068,72,96,-0.014942149575724265,0.008728626502912,569808384
ds003604,pico-decoder-large,pico-lm/pico-decoder-large@5a81c54569b9cadfac8813c3db918fae371226c7,45000,,Phon,ses-9,72,-0.0201891720979989,-0.0110079453213241,-0.0133207157710341,pico-lm/pico-decoder-large,0.8734471064940128,0.8799092800838068,72,96,-0.023114361416843608,0.008728626502912,569808384
ds003604,pico-decoder-large,pico-lm/pico-decoder-large@ea63999d87b948bca4d4e9938706f51ccc88c365,55000,,Phon,ses-9,72,-0.0183951639147021,-0.0191450925393186,-0.0121165348253906,pico-lm/pico-decoder-large,0.8734471064940128,0.8799092800838068,72,96,-0.021060421149644272,0.008728626502912,569808384
ds003604,pico-decoder-large,pico-lm/pico-decoder-large@6dc96c3465c47b8b192056175e156d703a132e5e,68000,,Phon,ses-9,72,-0.0074811670321222,-0.0090266008381979,-0.0049520869509293,pico-lm/pico-decoder-large,0.8734471064940128,0.8799092800838068,72,96,-0.00856510597665307,0.008728626502912,569808384
ds003604,pico-decoder-large,pico-lm/pico-decoder-large@46310457a1f616890732dc9d54ca3b6f35263f47,83000,,Phon,ses-9,72,-0.00894967740667,-0.0083470349123043,-0.006133605284676,pico-lm/pico-decoder-large,0.8734471064940128,0.8799092800838068,72,96,-0.010246387377243371,0.008728626502912,569808384
ds003604,pico-decoder-large,pico-lm/pico-decoder-large@1ca25b1c86203affda1776487d77204c79b5c4f7,102000,,Phon,ses-9,72,-0.0109648111587003,-0.0092376137672103,-0.0072587733401933,pico-lm/pico-decoder-large,0.8734471064940128,0.8799092800838068,72,96,-0.012553491879677388,0.008728626502912,569808384
ds003604,pico-decoder-large,pico-lm/pico-decoder-large@dc35be996509151e2b2a2066a545a54a6e4900cb,125000,,Phon,ses-9,72,-0.0057178417291059,-0.0051101586921347,-0.0037577060536736,pico-lm/pico-decoder-large,0.8734471064940128,0.8799092800838068,72,96,-0.006546294202126473,0.008728626502912,569808384
ds003604,pico-decoder-large,pico-lm/pico-decoder-large@daa12d1eb44fa1ea4cc31aa35a8cb029917302e9,0,,Plaus,ses-5,60,0.0116298252183074,0.0167977401959122,0.0074688690664392,pico-lm/pico-decoder-large,0.8377735419584034,0.851372700209319,60,82,0.013881824426110651,0.0058908227201663,569808384
ds003604,pico-decoder-large,pico-lm/pico-decoder-large@70ace66cdec9f20ba70c65109b42b9c263e0139b,1000,,Plaus,ses-5,60,-0.0058525389932206,0.0020058367930571,-0.004169101889733,pico-lm/pico-decoder-large,0.8377735419584034,0.851372700209319,60,82,-0.006985824569655826,0.0058908227201663,569808384
ds003604,pico-decoder-large,pico-lm/pico-decoder-large@b7e416710019991ae8f34506fbea7a6ac31a8252,2000,,Plaus,ses-5,60,0.0038300639088047,-0.0072240324072883,0.0025364644712931,pico-lm/pico-decoder-large,0.8377735419584034,0.851372700209319,60,82,0.004571717435539243,0.0058908227201663,569808384
ds003604,pico-decoder-large,pico-lm/pico-decoder-large@d43df3f024539a5db7dfcab339e807d4842bcffd,3000,,Plaus,ses-5,60,-0.0033731199339003,0.0048332063696821,-0.0021148914289729,pico-lm/pico-decoder-large,0.8377735419584034,0.851372700209319,60,82,-0.004026290835128546,0.0058908227201663,569808384
ds003604,pico-decoder-large,pico-lm/pico-decoder-large@23e4297bb64e81b073da327cba679d797ca4fe1d,4000,,Plaus,ses-5,60,-0.0176730761865813,-0.009833805604106,-0.0118021289438637,pico-lm/pico-decoder-large,0.8377735419584034,0.851372700209319,60,82,-0.021095290435250807,0.0058908227201663,569808384
ds003604,pico-decoder-large,pico-lm/pico-decoder-large@cab5aa27e02bdec8e8bf68239ae1e6758956e134,5000,,Plaus,ses-5,60,-0.0121156935055348,-0.0120281227576047,-0.0077844101011455,pico-lm/pico-decoder-large,0.8377735419584034,0.851372700209319,60,82,-0.014461776242315804,0.0058908227201663,569808384
ds003604,pico-decoder-large,pico-lm/pico-decoder-large@e556a1a2b5a081ce269a811dfdfa329e230c674f,7000,,Plaus,ses-5,60,-0.0100952114849861,-0.011437717518022,-0.0067253675190745,pico-lm/pico-decoder-large,0.8377735419584034,0.851372700209319,60,82,-0.012050048108928393,0.0058908227201663,569808384
ds003604,pico-decoder-large,pico-lm/pico-decoder-large@1eb202826693ab699be3043f3579cbde8211a5ef,8000,,Plaus,ses-5,60,-0.0058441036371354,-0.0131583849146963,-0.0040030276609402,pico-lm/pico-decoder-large,0.8377735419584034,0.851372700209319,60,82,-0.00697575579132525,0.0058908227201663,569808384
ds003604,pico-decoder-large,pico-lm/pico-decoder-large@94cc0caf8c3cb477f0dc32aa92a7b8e182f710bf,10000,,Plaus,ses-5,60,0.0006267038931034,-0.0031977975344013,0.0001845978927735,pico-lm/pico-decoder-large,0.8377735419584034,0.851372700209319,60,82,0.0007480588270171424,0.0058908227201663,569808384
ds003604,pico-decoder-large,pico-lm/pico-decoder-large@10d61c2f23ed2b432c011ff4735614817452abfc,13000,,Plaus,ses-5,60,-0.0095698498040811,-0.0093331133551441,-0.0063523392513246,pico-lm/pico-decoder-large,0.8377735419584034,0.851372700209319,60,82,-0.011422955398794699,0.0058908227201663,569808384
ds003604,pico-decoder-large,pico-lm/pico-decoder-large@609cb555fe8ab89fe8deccc19ae52176c053de3c,16000,,Plaus,ses-5,60,-0.0014078940401552,-0.0035044954138803,-0.0010354089418197,pico-lm/pico-decoder-large,0.8377735419584034,0.851372700209319,60,82,-0.0016805186242383194,0.0058908227201663,569808384
ds003604,pico-decoder-large,pico-lm/pico-decoder-large@2e9b09372c42b65faa9486c0d7b8191ff5b5c4de,20000,,Plaus,ses-5,60,-0.0093028831189064,-0.0110032885631054,-0.0061083378844059,pico-lm/pico-decoder-large,0.8377735419584034,0.851372700209319,60,82,-0.011104293288087989,0.0058908227201663,569808384
ds003604,pico-decoder-large,pico-lm/pico-decoder-large@020ad4d5ea0fe4c387769324ee38ad1d15bb3f85,24000,,Plaus,ses-5,60,-0.0115111827356566,-0.0108468384100138,-0.0076336658011644,pico-lm/pico-decoder-large,0.8377735419584034,0.851372700209319,60,82,-0.013740208014623773,0.0058908227201663,569808384
ds003604,pico-decoder-large,pico-lm/pico-decoder-large@dab022094801d1fd4c0c4deb04d7c0815ea0d9b4,30000,,Plaus,ses-5,60,-0.010143140234749,-0.0089866803435798,-0.0065235234563879,pico-lm/pico-decoder-large,0.8377735419584034,0.851372700209319,60,82,-0.01210725778118763,0.0058908227201663,569808384
ds003604,pico-decoder-large,pico-lm/pico-decoder-large@22fe7c47349efbd4d073c95fe64e3b50251cb0fb,37000,,Plaus,ses-5,60,-0.0032495066937001,-0.0024408347472695,-0.0021838761086253,pico-lm/pico-decoder-large,0.8377735419584034,0.851372700209319,60,82,-0.003878741128663434,0.0058908227201663,569808384
ds003604,pico-decoder-large,pico-lm/pico-decoder-large@5a81c54569b9cadfac8813c3db918fae371226c7,45000,,Plaus,ses-5,60,-0.006364191597471,-0.0075044391253753,-0.0039851427439933,pico-lm/pico-decoder-large,0.8377735419584034,0.851372700209319,60,82,-0.007596553577705359,0.0058908227201663,569808384
ds003604,pico-decoder-large,pico-lm/pico-decoder-large@ea63999d87b948bca4d4e9938706f51ccc88c365,55000,,Plaus,ses-5,60,-0.0052976319258015,-0.0102796180928793,-0.0034166578838949,pico-lm/pico-decoder-large,0.8377735419584034,0.851372700209319,60,82,-0.006323465304738085,0.0058908227201663,569808384
ds003604,pico-decoder-large,pico-lm/pico-decoder-large@6dc96c3465c47b8b192056175e156d703a132e5e,68000,,Plaus,ses-5,60,-0.0132611512396751,-0.0116397491492242,-0.0086007288103655,pico-lm/pico-decoder-large,0.8377735419584034,0.851372700209319,60,82,-0.01582904039757027,0.0058908227201663,569808384
ds003604,pico-decoder-large,pico-lm/pico-decoder-large@46310457a1f616890732dc9d54ca3b6f35263f47,83000,,Plaus,ses-5,60,-0.0134407455539054,-0.0119626721961068,-0.0087616930628878,pico-lm/pico-decoder-large,0.8377735419584034,0.851372700209319,60,82,-0.016043411352530814,0.0058908227201663,569808384
ds003604,pico-decoder-large,pico-lm/pico-decoder-large@1ca25b1c86203affda1776487d77204c79b5c4f7,102000,,Plaus,ses-5,60,-0.0181480204929164,-0.0153453160860165,-0.0119337108328303,pico-lm/pico-decoder-large,0.8377735419584034,0.851372700209319,60,82,-0.0216622029510422,0.0058908227201663,569808384
ds003604,pico-decoder-large,pico-lm/pico-decoder-large@dc35be996509151e2b2a2066a545a54a6e4900cb,125000,,Plaus,ses-5,60,-0.0150848219903717,-0.0101868773738745,-0.0100468520949305,pico-lm/pico-decoder-large,0.8377735419584034,0.851372700209319,60,82,-0.01800584672930705,0.0058908227201663,569808384
ds003604,pico-decoder-large,pico-lm/pico-decoder-large@daa12d1eb44fa1ea4cc31aa35a8cb029917302e9,0,,Plaus,ses-7,60,0.0038098735875437,0.0167207451923368,0.0024623698153701,pico-lm/pico-decoder-large,0.8460574663445363,0.8583435840524389,60,103,0.004503090793589453,0.0063089941228393,569808384
ds003604,pico-decoder-large,pico-lm/pico-decoder-large@70ace66cdec9f20ba70c65109b42b9c263e0139b,1000,,Plaus,ses-7,60,-0.0094432545421554,0.0021450381604605,-0.0066206130055283,pico-lm/pico-decoder-large,0.8460574663445363,0.8583435840524389,60,103,-0.011161481244241944,0.0063089941228393,569808384
ds003604,pico-decoder-large,pico-lm/pico-decoder-large@b7e416710019991ae8f34506fbea7a6ac31a8252,2000,,Plaus,ses-7,60,-0.0032492859634998,-0.0085029108220025,-0.0022222009306544,pico-lm/pico-decoder-large,0.8460574663445363,0.8583435840524389,60,103,-0.0038405026759454276,0.0063089941228393,569808384
ds003604,pico-decoder-large,pico-lm/pico-decoder-large@d43df3f024539a5db7dfcab339e807d4842bcffd,3000,,Plaus,ses-7,60,-0.0070491844936103,0.0051358755198294,-0.0047018169159376,pico-lm/pico-decoder-large,0.8460574663445363,0.8583435840524389,60,103,-0.008331803422369057,0.0063089941228393,569808384
ds003604,pico-decoder-large,pico-lm/pico-decoder-large@23e4297bb64e81b073da327cba679d797ca4fe1d,4000,,Plaus,ses-7,60,-0.0195684323158513,-0.0094865567927455,-0.0129889209326984,pico-lm/pico-decoder-large,0.8460574663445363,0.8583435840524389,60,103,-0.02312896356839493,0.0063089941228393,569808384
ds003604,pico-decoder-large,pico-lm/pico-decoder-large@cab5aa27e02bdec8e8bf68239ae1e6758956e134,5000,,Plaus,ses-7,60,-0.0116966999769277,-0.0112772884825207,-0.0078904421087594,pico-lm/pico-decoder-large,0.8460574663445363,0.8583435840524389,60,103,-0.013824947408672243,0.0063089941228393,569808384
ds003604,pico-decoder-large,pico-lm/pico-decoder-large@e556a1a2b5a081ce269a811dfdfa329e230c674f,7000,,Plaus,ses-7,60,-0.0105393054997996,-0.0107965268628624,-0.007191652853762,pico-lm/pico-decoder-large,0.8460574663445363,0.8583435840524389,60,103,-0.012456961753834017,0.0063089941228393,569808384
ds003604,pico-decoder-large,pico-lm/pico-decoder-large@1eb202826693ab699be3043f3579cbde8211a5ef,8000,,Plaus,ses-7,60,-0.0050880399445488,-0.0126374498173507,-0.0035214123974411,pico-lm/pico-decoder-large,0.8460574663445363,0.8583435840524389,60,103,-0.006013823111250483,0.0063089941228393,569808384
ds003604,pico-decoder-large,pico-lm/pico-decoder-large@94cc0caf8c3cb477f0dc32aa92a7b8e182f710bf,10000,,Plaus,ses-7,60,-0.0010463942366565,-0.0028440766386882,-0.0005704011011998,pico-lm/pico-decoder-large,0.8460574663445363,0.8583435840524389,60,103,-0.0012367886086716259,0.0063089941228393,569808384
ds003604,pico-decoder-large,pico-lm/pico-decoder-large@10d61c2f23ed2b432c011ff4735614817452abfc,13000,,Plaus,ses-7,60,-0.0081477543723636,-0.0087972514386884,-0.0050710127014847,pico-lm/pico-decoder-large,0.8460574663445363,0.8583435840524389,60,103,-0.009630261177844893,0.0063089941228393,569808384
ds003604,pico-decoder-large,pico-lm/pico-decoder-large@609cb555fe8ab89fe8deccc19ae52176c053de3c,16000,,Plaus,ses-7,60,-0.000137877388388,-0.0030203517354878,0.0001028382724447,pico-lm/pico-decoder-large,0.8460574663445363,0.8583435840524389,60,103,-0.0001629645666785627,0.0063089941228393,569808384
ds003604,pico-decoder-large,pico-lm/pico-decoder-large@2e9b09372c42b65faa9486c0d7b8191ff5b5c4de,20000,,Plaus,ses-7,60,-0.0085673451709244,-0.010860573744178,-0.0057365871107236,pico-lm/pico-decoder-large,0.8460574663445363,0.8583435840524389,60,103,-0.010126197701369327,0.0063089941228393,569808384
ds003604,pico-decoder-large,pico-lm/pico-decoder-large@020ad4d5ea0fe4c387769324ee38ad1d15bb3f85,24000,,Plaus,ses-7,60,-0.0173689424309182,-0.0104776517101668,-0.0115466301303363,pico-lm/pico-decoder-large,0.8460574663445363,0.8583435840524389,60,103,-0.020529270317727,0.0063089941228393,569808384
ds003604,pico-decoder-large,pico-lm/pico-decoder-large@dab022094801d1fd4c0c4deb04d7c0815ea0d9b4,30000,,Plaus,ses-7,60,-0.0103290361797951,-0.0086865331080206,-0.0069029391944761,pico-lm/pico-decoder-large,0.8460574663445363,0.8583435840524389,60,103,-0.012208433340140105,0.0063089941228393,569808384
ds003604,pico-decoder-large,pico-lm/pico-decoder-large@22fe7c47349efbd4d073c95fe64e3b50251cb0fb,37000,,Plaus,ses-7,60,-0.0055809932384009,-0.0022116139784566,-0.0033885530144069,pico-lm/pico-decoder-large,0.8460574663445363,0.8583435840524389,60,103,-0.006596470642253249,0.0063089941228393,569808384
ds003604,pico-decoder-large,pico-lm/pico-decoder-large@5a81c54569b9cadfac8813c3db918fae371226c7,45000,,Plaus,ses-7,60,-0.0072834506488199,-0.0072975957308923,-0.0049905305752236,pico-lm/pico-decoder-large,0.8460574663445363,0.8583435840524389,60,103,-0.008608694962871343,0.0063089941228393,569808384
ds003604,pico-decoder-large,pico-lm/pico-decoder-large@ea63999d87b948bca4d4e9938706f51ccc88c365,55000,,Plaus,ses-7,60,-0.0067078576992,-0.0095299573705037,-0.0043172912015789,pico-lm/pico-decoder-large,0.8460574663445363,0.8583435840524389,60,103,-0.007928371258493674,0.0063089941228393,569808384
ds003604,pico-decoder-large,pico-lm/pico-decoder-large@6dc96c3465c47b8b192056175e156d703a132e5e,68000,,Plaus,ses-7,60,-0.0096109294255705,-0.0108924552125448,-0.0062284223267638,pico-lm/pico-decoder-large,0.8460574663445363,0.8583435840524389,60,103,-0.011359665043906939,0.0063089941228393,569808384
ds003604,pico-decoder-large,pico-lm/pico-decoder-large@46310457a1f616890732dc9d54ca3b6f35263f47,83000,,Plaus,ses-7,60,-0.0114607696891298,-0.0113341521980116,-0.0076643256587877,pico-lm/pico-decoder-large,0.8460574663445363,0.8583435840524389,60,103,-0.013546088941980543,0.0063089941228393,569808384
ds003604,pico-decoder-large,pico-lm/pico-decoder-large@1ca25b1c86203affda1776487d77204c79b5c4f7,102000,,Plaus,ses-7,60,-0.0156866775057818,-0.0143746398965514,-0.0102793560152405,pico-lm/pico-decoder-large,0.8460574663445363,0.8583435840524389,60,103,-0.018540912561835113,0.0063089941228393,569808384
ds003604,pico-decoder-large,pico-lm/pico-decoder-large@dc35be996509151e2b2a2066a545a54a6e4900cb,125000,,Plaus,ses-7,60,-0.0129886121989542,-0.0093494374043555,-0.0085176916959691,pico-lm/pico-decoder-large,0.8460574663445363,0.8583435840524389,60,103,-0.015351926690124976,0.0063089941228393,569808384
ds003604,pico-decoder-large,pico-lm/pico-decoder-large@daa12d1eb44fa1ea4cc31aa35a8cb029917302e9,0,,Plaus,ses-9,60,0.0112637268689695,0.0165895115095806,0.0070817883639452,pico-lm/pico-decoder-large,0.8571028945001105,0.8668304036711462,60,89,0.013141627383651367,0.0059238995685712,569808384
ds003604,pico-decoder-large,pico-lm/pico-decoder-large@70ace66cdec9f20ba70c65109b42b9c263e0139b,1000,,Plaus,ses-9,60,-0.0033391880756611,0.0022626030244772,-0.0028264556246466,pico-lm/pico-decoder-large,0.8571028945001105,0.8668304036711462,60,89,-0.003895901060523918,0.0059238995685712,569808384
ds003604,pico-decoder-large,pico-lm/pico-decoder-large@b7e416710019991ae8f34506fbea7a6ac31a8252,2000,,Plaus,ses-9,60,-0.0007964475811408,-0.0087722596201491,-0.0006687681444079,pico-lm/pico-decoder-large,0.8571028945001105,0.8668304036711462,60,89,-0.0009292321683329671,0.0059238995685712,569808384
ds003604,pico-decoder-large,pico-lm/pico-decoder-large@d43df3f024539a5db7dfcab339e807d4842bcffd,3000,,Plaus,ses-9,60,7.763968392712094e-05,0.0047500138479411,0.0002012053156528,pico-lm/pico-decoder-large,0.8571028945001105,0.8668304036711462,60,89,9.058385454689529e-05,0.0059238995685712,569808384
ds003604,pico-decoder-large,pico-lm/pico-decoder-large@23e4297bb64e81b073da327cba679d797ca4fe1d,4000,,Plaus,ses-9,60,-0.0132722418502284,-0.0096335324001479,-0.0090772340975941,pico-lm/pico-decoder-large,0.8571028945001105,0.8668304036711462,60,89,-0.01548500411723518,0.0059238995685712,569808384
ds003604,pico-decoder-large,pico-lm/pico-decoder-large@cab5aa27e02bdec8e8bf68239ae1e6758956e134,5000,,Plaus,ses-9,60,-0.0017235815069879,-0.0108876260091869,-0.0011171685621484,pico-lm/pico-decoder-large,0.8571028945001105,0.8668304036711462,60,89,-0.0020109388476550966,0.0059238995685712,569808384
ds003604,pico-decoder-large,pico-lm/pico-decoder-large@e556a1a2b5a081ce269a811dfdfa329e230c674f,7000,,Plaus,ses-9,60,0.0003627040815031,-0.0104093132334467,0.0002689125012375,pico-lm/pico-decoder-large,0.8571028945001105,0.8668304036711462,60,89,0.0004231744914531417,0.0059238995685712,569808384
ds003604,pico-decoder-large,pico-lm/pico-decoder-large@1eb202826693ab699be3043f3579cbde8211a5ef,8000,,Plaus,ses-9,60,0.0068756970482545,-0.012133504769408,0.0045906749320532,pico-lm/pico-decoder-large,0.8571028945001105,0.8668304036711462,60,89,0.00802202056762931,0.0059238995685712,569808384
ds003604,pico-decoder-large,pico-lm/pico-decoder-large@94cc0caf8c3cb477f0dc32aa92a7b8e182f710bf,10000,,Plaus,ses-9,60,0.0113324756702706,-0.00217570698406,0.0074905864655891,pico-lm/pico-decoder-large,0.8571028945001105,0.8668304036711462,60,89,0.0132218380581716,0.0059238995685712,569808384
ds003604,pico-decoder-large,pico-lm/pico-decoder-large@10d61c2f23ed2b432c011ff4735614817452abfc,13000,,Plaus,ses-9,60,0.003048559978625,-0.0084491430564669,0.0022209234365867,pico-lm/pico-decoder-large,0.8571028945001105,0.8668304036711462,60,89,0.0035568191382704603,0.0059238995685712,569808384
ds003604,pico-decoder-large,pico-lm/pico-decoder-large@609cb555fe8ab89fe8deccc19ae52176c053de3c,16000,,Plaus,ses-9,60,0.0104299748019705,-0.0025846836431079,0.0069169916292201,pico-lm/pico-decoder-large,0.8571028945001105,0.8668304036711462,60,89,0.012168871285930718,0.0059238995685712,569808384
ds003604,pico-decoder-large,pico-lm/pico-decoder-large@2e9b09372c42b65faa9486c0d7b8191ff5b5c4de,20000,,Plaus,ses-9,60,0.0026743378923082,-0.0105264742495794,0.0016038938019181,pico-lm/pico-decoder-large,0.8571028945001105,0.8668304036711462,60,89,0.003120206347999745,0.0059238995685712,569808384
ds003604,pico-decoder-large,pico-lm/pico-decoder-large@020ad4d5ea0fe4c387769324ee38ad1d15bb3f85,24000,,Plaus,ses-9,60,-0.0058309766822834,-0.0101127819141135,-0.0038203460092682,pico-lm/pico-decoder-large,0.8571028945001105,0.8668304036711462,60,89,-0.0068031233119148545,0.0059238995685712,569808384
ds003604,pico-decoder-large,pico-lm/pico-decoder-large@dab022094801d1fd4c0c4deb04d7c0815ea0d9b4,30000,,Plaus,ses-9,60,1.199192553779223e-05,-0.0086406480062939,-7.856588515967078e-05,pico-lm/pico-decoder-large,0.8571028945001105,0.8668304036711462,60,89,1.399123210846966e-05,0.0059238995685712,569808384
ds003604,pico-decoder-large,pico-lm/pico-decoder-large@22fe7c47349efbd4d073c95fe64e3b50251cb0fb,37000,,Plaus,ses-9,60,0.0060095257740947,-0.0019349011934318,0.0040771223168632,pico-lm/pico-decoder-large,0.8571028945001105,0.8668304036711462,60,89,0.007011440298074883,0.0059238995685712,569808384
ds003604,pico-decoder-large,pico-lm/pico-decoder-large@5a81c54569b9cadfac8813c3db918fae371226c7,45000,,Plaus,ses-9,60,0.0031096329954125,-0.0070908663972202,0.0021225563933787,pico-lm/pico-decoder-large,0.8571028945001105,0.8668304036711462,60,89,0.0036280743133251655,0.0059238995685712,569808384
ds003604,pico-decoder-large,pico-lm/pico-decoder-large@ea63999d87b948bca4d4e9938706f51ccc88c365,55000,,Plaus,ses-9,60,0.0055883249434848,-0.0091935576584405,0.0039429854397613,pico-lm/pico-decoder-large,0.8571028945001105,0.8668304036711462,60,89,0.00652001641733352,0.0059238995685712,569808384
ds003604,pico-decoder-large,pico-lm/pico-decoder-large@6dc96c3465c47b8b192056175e156d703a132e5e,68000,,Plaus,ses-9,60,0.0008454345374521,-0.0106753782765437,0.0006828205791519,pico-lm/pico-decoder-large,0.8571028945001105,0.8668304036711462,60,89,0.000986386282063817,0.0059238995685712,569808384
ds003604,pico-decoder-large,pico-lm/pico-decoder-large@46310457a1f616890732dc9d54ca3b6f35263f47,83000,,Plaus,ses-9,60,-0.0005350164631457,-0.0111209481365938,-8.112087329494463e-05,pico-lm/pico-decoder-large,0.8571028945001105,0.8668304036711462,60,89,-0.00062421497649677,0.0059238995685712,569808384
ds003604,pico-decoder-large,pico-lm/pico-decoder-large@1ca25b1c86203affda1776487d77204c79b5c4f7,102000,,Plaus,ses-9,60,-0.0063999953343694,-0.0141700842586961,-0.0044948628769805,pico-lm/pico-decoder-large,0.8571028945001105,0.8668304036711462,60,89,-0.007467009358429573,0.0059238995685712,569808384
ds003604,pico-decoder-large,pico-lm/pico-decoder-large@dc35be996509151e2b2a2066a545a54a6e4900cb,125000,,Plaus,ses-9,60,-0.0017746199557488,-0.009186935719123,-0.0012436404748445,pico-lm/pico-decoder-large,0.8571028945001105,0.8668304036711462,60,89,-0.0020704864808370697,0.0059238995685712,569808384
ds003604,pico-decoder-large,pico-lm/pico-decoder-large@daa12d1eb44fa1ea4cc31aa35a8cb029917302e9,0,,Sem,ses-5,72,0.0077212174352044,0.0170444768719894,0.0050954126586,pico-lm/pico-decoder-large,0.8591956418414916,0.8653112906283371,72,89,0.008986564944225877,0.0077235660279985,569808384
ds003604,pico-decoder-large,pico-lm/pico-decoder-large@70ace66cdec9f20ba70c65109b42b9c263e0139b,1000,,Sem,ses-5,72,0.0096123146538032,0.0132531506757217,0.0063289937494066,pico-lm/pico-decoder-large,0.8591956418414916,0.8653112906283371,72,89,0.01118757380240125,0.0077235660279985,569808384
ds003604,pico-decoder-large,pico-lm/pico-decoder-large@b7e416710019991ae8f34506fbea7a6ac31a8252,2000,,Sem,ses-5,72,-0.0206069441939907,-0.0065760916969662,-0.0134248412851538,pico-lm/pico-decoder-large,0.8591956418414916,0.8653112906283371,72,89,-0.02398399525144748,0.0077235660279985,569808384
ds003604,pico-decoder-large,pico-lm/pico-decoder-large@d43df3f024539a5db7dfcab339e807d4842bcffd,3000,,Sem,ses-5,72,-0.0095974521733019,-0.009676643993191,-0.0064606818996168,pico-lm/pico-decoder-large,0.8591956418414916,0.8653112906283371,72,89,-0.011170275669382973,0.0077235660279985,569808384
ds003604,pico-decoder-large,pico-lm/pico-decoder-large@23e4297bb64e81b073da327cba679d797ca4fe1d,4000,,Sem,ses-5,72,-0.0101962544846009,-0.0025034220029984,-0.0069568093492461,pico-lm/pico-decoder-large,0.8591956418414916,0.8653112906283371,72,89,-0.011867209268831409,0.0077235660279985,569808384
ds003604,pico-decoder-large,pico-lm/pico-decoder-large@cab5aa27e02bdec8e8bf68239ae1e6758956e134,5000,,Sem,ses-5,72,0.0087844611235701,0.0071844781389355,0.0059057541596611,pico-lm/pico-decoder-large,0.8591956418414916,0.8653112906283371,72,89,0.01022405223651111,0.0077235660279985,569808384
ds003604,pico-decoder-large,pico-lm/pico-decoder-large@e556a1a2b5a081ce269a811dfdfa329e230c674f,7000,,Sem,ses-5,72,0.0028348446090906,-0.0026911574712651,0.0019079469204879,pico-lm/pico-decoder-large,0.8591956418414916,0.8653112906283371,72,89,0.0032994168860246446,0.0077235660279985,569808384
ds003604,pico-decoder-large,pico-lm/pico-decoder-large@1eb202826693ab699be3043f3579cbde8211a5ef,8000,,Sem,ses-5,72,-0.0136083155240653,-0.0081960472501788,-0.0088329061124739,pico-lm/pico-decoder-large,0.8591956418414916,0.8653112906283371,72,89,-0.015838436394880858,0.0077235660279985,569808384
ds003604,pico-decoder-large,pico-lm/pico-decoder-large@94cc0caf8c3cb477f0dc32aa92a7b8e182f710bf,10000,,Sem,ses-5,72,-0.0187530448565535,-0.0086981982685078,-0.0124368739070649,pico-lm/pico-decoder-large,0.8591956418414916,0.8653112906283371,72,89,-0.02182628023619928,0.0077235660279985,569808384
ds003604,pico-decoder-large,pico-lm/pico-decoder-large@10d61c2f23ed2b432c011ff4735614817452abfc,13000,,Sem,ses-5,72,-0.0133614188366906,-0.013317862474984,-0.0088690437909037,pico-lm/pico-decoder-large,0.8591956418414916,0.8653112906283371,72,89,-0.015551078457583212,0.0077235660279985,569808384
ds003604,pico-decoder-large,pico-lm/pico-decoder-large@609cb555fe8ab89fe8deccc19ae52176c053de3c,16000,,Sem,ses-5,72,-0.0107312441372582,-0.0130174405271115,-0.0069886595065063,pico-lm/pico-decoder-large,0.8591956418414916,0.8653112906283371,72,89,-0.012489872637456826,0.0077235660279985,569808384
ds003604,pico-decoder-large,pico-lm/pico-decoder-large@2e9b09372c42b65faa9486c0d7b8191ff5b5c4de,20000,,Sem,ses-5,72,0.0028606610007358,-0.0012819731979968,0.001845471612016,pico-lm/pico-decoder-large,0.8591956418414916,0.8653112906283371,72,89,0.0033294640491944535,0.0077235660279985,569808384
ds003604,pico-decoder-large,pico-lm/pico-decoder-large@020ad4d5ea0fe4c387769324ee38ad1d15bb3f85,24000,,Sem,ses-5,72,-0.0049913831999017,-0.0034495940478669,-0.0033111913490072,pico-lm/pico-decoder-large,0.8591956418414916,0.8653112906283371,72,89,-0.005809367455826241,0.0077235660279985,569808384
ds003604,pico-decoder-large,pico-lm/pico-decoder-large@dab022094801d1fd4c0c4deb04d7c0815ea0d9b4,30000,,Sem,ses-5,72,-0.0048734693013154,-0.0025800497960942,-0.0031819532108939,pico-lm/pico-decoder-large,0.8591956418414916,0.8653112906283371,72,89,-0.005672129913124583,0.0077235660279985,569808384
ds003604,pico-decoder-large,pico-lm/pico-decoder-large@22fe7c47349efbd4d073c95fe64e3b50251cb0fb,37000,,Sem,ses-5,72,-0.0040404136873212,0.0016322512936897,-0.0028873392562375,pico-lm/pico-decoder-large,0.8591956418414916,0.8653112906283371,72,89,-0.004702553749762379,0.0077235660279985,569808384
ds003604,pico-decoder-large,pico-lm/pico-decoder-large@5a81c54569b9cadfac8813c3db918fae371226c7,45000,,Sem,ses-5,72,-0.0084946219138421,-0.0041872167866574,-0.006172805478227,pico-lm/pico-decoder-large,0.8591956418414916,0.8653112906283371,72,89,-0.009886714387465698,0.0077235660279985,569808384
ds003604,pico-decoder-large,pico-lm/pico-decoder-large@ea63999d87b948bca4d4e9938706f51ccc88c365,55000,,Sem,ses-5,72,-0.0084324714212095,-0.013290723518689,-0.0058285787786077,pico-lm/pico-decoder-large,0.8591956418414916,0.8653112906283371,72,89,-0.009814378717210907,0.0077235660279985,569808384
ds003604,pico-decoder-large,pico-lm/pico-decoder-large@6dc96c3465c47b8b192056175e156d703a132e5e,68000,,Sem,ses-5,72,0.0006995872047006,-0.0011887858637083,5.941279335066716e-05,pico-lm/pico-decoder-large,0.8591956418414916,0.8653112906283371,72,89,0.0008142350480284013,0.0077235660279985,569808384
ds003604,pico-decoder-large,pico-lm/pico-decoder-large@46310457a1f616890732dc9d54ca3b6f35263f47,83000,,Sem,ses-5,72,-0.0041175991290422,-0.0013180218830342,-0.0028708016745832,pico-lm/pico-decoder-large,0.8591956418414916,0.8653112906283371,72,89,-0.0047923882856494215,0.0077235660279985,569808384
ds003604,pico-decoder-large,pico-lm/pico-decoder-large@1ca25b1c86203affda1776487d77204c79b5c4f7,102000,,Sem,ses-5,72,0.0069179708606488,0.0009968727494446,0.004576622597074,pico-lm/pico-decoder-large,0.8591956418414916,0.8653112906283371,72,89,0.008051682904049296,0.0077235660279985,569808384
ds003604,pico-decoder-large,pico-lm/pico-decoder-large@dc35be996509151e2b2a2066a545a54a6e4900cb,125000,,Sem,ses-5,72,0.0111192689950551,0.0056572874840859,0.0072140606194243,pico-lm/pico-decoder-large,0.8591956418414916,0.8653112906283371,72,89,0.012941486727310979,0.0077235660279985,569808384
ds003604,pico-decoder-large,pico-lm/pico-decoder-large@daa12d1eb44fa1ea4cc31aa35a8cb029917302e9,0,,Sem,ses-7,72,0.011166040320044,0.0176985354816573,0.0075521622888013,pico-lm/pico-decoder-large,0.8546161144168992,0.8628169351539338,72,117,0.013065562574446118,0.0074296612798053,569808384
ds003604,pico-decoder-large,pico-lm/pico-decoder-large@70ace66cdec9f20ba70c65109b42b9c263e0139b,1000,,Sem,ses-7,72,0.0050721753909524,0.0126791908658113,0.0033993917844969,pico-lm/pico-decoder-large,0.8546161144168992,0.8628169351539338,72,117,0.0059350336430446585,0.0074296612798053,569808384
ds003604,pico-decoder-large,pico-lm/pico-decoder-large@b7e416710019991ae8f34506fbea7a6ac31a8252,2000,,Sem,ses-7,72,-0.009985084665063,-0.0055268404089226,-0.0065739949591001,pico-lm/pico-decoder-large,0.8546161144168992,0.8628169351539338,72,117,-0.01168370745252771,0.0074296612798053,569808384
ds003604,pico-decoder-large,pico-lm/pico-decoder-large@d43df3f024539a5db7dfcab339e807d4842bcffd,3000,,Sem,ses-7,72,-0.0142021622379589,-0.008924079386141,-0.0097492106367275,pico-lm/pico-decoder-large,0.8546161144168992,0.8628169351539338,72,117,-0.016618177446430404,0.0074296612798053,569808384
ds003604,pico-decoder-large,pico-lm/pico-decoder-large@23e4297bb64e81b073da327cba679d797ca4fe1d,4000,,Sem,ses-7,72,-0.0077284158428623,-0.0014813963284123,-0.0050709125376306,pico-lm/pico-decoder-large,0.8546161144168992,0.8628169351539338,72,117,-0.009043143128813295,0.0074296612798053,569808384
ds003604,pico-decoder-large,pico-lm/pico-decoder-large@cab5aa27e02bdec8e8bf68239ae1e6758956e134,5000,,Sem,ses-7,72,0.0072699145713862,0.0077506084634846,0.0050905126344061,pico-lm/pico-decoder-large,0.8546161144168992,0.8628169351539338,72,117,0.008506643449318096,0.0074296612798053,569808384
ds003604,pico-decoder-large,pico-lm/pico-decoder-large@e556a1a2b5a081ce269a811dfdfa329e230c674f,7000,,Sem,ses-7,72,-0.0027662732546806,-0.0022507017267358,-0.0018987593751244,pico-lm/pico-decoder-large,0.8546161144168992,0.8628169351539338,72,117,-0.003236860630188346,0.0074296612798053,569808384
ds003604,pico-decoder-large,pico-lm/pico-decoder-large@1eb202826693ab699be3043f3579cbde8211a5ef,8000,,Sem,ses-7,72,-0.0138737432425145,-0.0076804004004074,-0.0092598207203648,pico-lm/pico-decoder-large,0.8546161144168992,0.8628169351539338,72,117,-0.016233889121059334,0.0074296612798053,569808384
ds003604,pico-decoder-large,pico-lm/pico-decoder-large@94cc0caf8c3cb477f0dc32aa92a7b8e182f710bf,10000,,Sem,ses-7,72,-0.0214460218361544,-0.0080525536884999,-0.0143987210936854,pico-lm/pico-decoder-large,0.8546161144168992,0.8628169351539338,72,117,-0.025094333554413404,0.0074296612798053,569808384
ds003604,pico-decoder-large,pico-lm/pico-decoder-large@10d61c2f23ed2b432c011ff4735614817452abfc,13000,,Sem,ses-7,72,-0.0268900107563268,-0.0133953508742211,-0.0180596516695301,pico-lm/pico-decoder-large,0.8546161144168992,0.8628169351539338,72,117,-0.03146443216165393,0.0074296612798053,569808384
ds003604,pico-decoder-large,pico-lm/pico-decoder-large@609cb555fe8ab89fe8deccc19ae52176c053de3c,16000,,Sem,ses-7,72,-0.0115589855629096,-0.0130797215877715,-0.0075343997010985,pico-lm/pico-decoder-large,0.8546161144168992,0.8628169351539338,72,117,-0.013525354095149779,0.0074296612798053,569808384
ds003604,pico-decoder-large,pico-lm/pico-decoder-large@2e9b09372c42b65faa9486c0d7b8191ff5b5c4de,20000,,Sem,ses-7,72,-0.0066858633546259,-0.0008688959703313,-0.0041931957039037,pico-lm/pico-decoder-large,0.8546161144168992,0.8628169351539338,72,117,-0.007823235768480255,0.0074296612798053,569808384
ds003604,pico-decoder-large,pico-lm/pico-decoder-large@020ad4d5ea0fe4c387769324ee38ad1d15bb3f85,24000,,Sem,ses-7,72,-0.0153446969220476,-0.0043908442537097,-0.0102147129351451,pico-lm/pico-decoder-large,0.8546161144168992,0.8628169351539338,72,117,-0.01795507557509282,0.0074296612798053,569808384
ds003604,pico-decoder-large,pico-lm/pico-decoder-large@dab022094801d1fd4c0c4deb04d7c0815ea0d9b4,30000,,Sem,ses-7,72,-0.0129464378573349,-0.0023391150591727,-0.0087796183493656,pico-lm/pico-decoder-large,0.8546161144168992,0.8628169351539338,72,117,-0.01514883424140463,0.0074296612798053,569808384
ds003604,pico-decoder-large,pico-lm/pico-decoder-large@22fe7c47349efbd4d073c95fe64e3b50251cb0fb,37000,,Sem,ses-7,72,-0.0025512164243589,0.0024369110933697,-0.0018332215515314,pico-lm/pico-decoder-large,0.8546161144168992,0.8628169351539338,72,117,-0.002985219189436398,0.0074296612798053,569808384
ds003604,pico-decoder-large,pico-lm/pico-decoder-large@5a81c54569b9cadfac8813c3db918fae371226c7,45000,,Sem,ses-7,72,-0.0108359641889243,-0.0042641306168908,-0.0070615473663901,pico-lm/pico-decoder-large,0.8546161144168992,0.8628169351539338,72,117,-0.012679335208086534,0.0074296612798053,569808384
ds003604,pico-decoder-large,pico-lm/pico-decoder-large@ea63999d87b948bca4d4e9938706f51ccc88c365,55000,,Sem,ses-7,72,-0.0136186471110572,-0.0133901051438728,-0.0090803573342643,pico-lm/pico-decoder-large,0.8546161144168992,0.8628169351539338,72,117,-0.015935397052920235,0.0074296612798053,569808384
ds003604,pico-decoder-large,pico-lm/pico-decoder-large@6dc96c3465c47b8b192056175e156d703a132e5e,68000,,Sem,ses-7,72,-0.0032788958874365,-0.0006970548136765,-0.002120485469897,pico-lm/pico-decoder-large,0.8546161144168992,0.8628169351539338,72,117,-0.0038366885811340875,0.0074296612798053,569808384
ds003604,pico-decoder-large,pico-lm/pico-decoder-large@46310457a1f616890732dc9d54ca3b6f35263f47,83000,,Sem,ses-7,72,-0.0116098767312751,-0.001238728828865,-0.0076183126154185,pico-lm/pico-decoder-large,0.8546161144168992,0.8628169351539338,72,117,-0.013584902666147907,0.0074296612798053,569808384
ds003604,pico-decoder-large,pico-lm/pico-decoder-large@1ca25b1c86203affda1776487d77204c79b5c4f7,102000,,Sem,ses-7,72,-0.0001378016825467,0.001414232684028,-0.0003534142449828,pico-lm/pico-decoder-large,0.8546161144168992,0.8628169351539338,72,117,-0.00016124395529415152,0.0074296612798053,569808384
ds003604,pico-decoder-large,pico-lm/pico-decoder-large@dc35be996509151e2b2a2066a545a54a6e4900cb,125000,,Sem,ses-7,72,0.0019471085481464,0.0066296550661066,0.0011055679587417,pico-lm/pico-decoder-large,0.8546161144168992,0.8628169351539338,72,117,0.002278342890216742,0.0074296612798053,569808384
ds003604,pico-decoder-large,pico-lm/pico-decoder-large@daa12d1eb44fa1ea4cc31aa35a8cb029917302e9,0,,Sem,ses-9,72,0.0052798721243158,0.0180850069470339,0.0035953927522517,pico-lm/pico-decoder-large,0.8812943730411821,0.886007959425842,72,83,0.005991042591246724,0.0084082983710845,569808384
ds003604,pico-decoder-large,pico-lm/pico-decoder-large@70ace66cdec9f20ba70c65109b42b9c263e0139b,1000,,Sem,ses-9,72,0.0033411398005539,0.012309794876744,0.0023017863650701,pico-lm/pico-decoder-large,0.8812943730411821,0.886007959425842,72,83,0.0037911734180535515,0.0084082983710845,569808384
ds003604,pico-decoder-large,pico-lm/pico-decoder-large@b7e416710019991ae8f34506fbea7a6ac31a8252,2000,,Sem,ses-9,72,-0.0094883018348023,-0.0052210783723329,-0.0059933420921265,pico-lm/pico-decoder-large,0.8812943730411821,0.886007959425842,72,83,-0.010766325220096374,0.0084082983710845,569808384
ds003604,pico-decoder-large,pico-lm/pico-decoder-large@d43df3f024539a5db7dfcab339e807d4842bcffd,3000,,Sem,ses-9,72,-0.0094225812424149,-0.008509968388945,-0.0066768954671713,pico-lm/pico-decoder-large,0.8812943730411821,0.886007959425842,72,83,-0.010691752416277588,0.0084082983710845,569808384
ds003604,pico-decoder-large,pico-lm/pico-decoder-large@23e4297bb64e81b073da327cba679d797ca4fe1d,4000,,Sem,ses-9,72,-0.0072139312679839,-0.0009087753365472,-0.0047695610497076,pico-lm/pico-decoder-large,0.8812943730411821,0.886007959425842,72,83,-0.008185609132042875,0.0084082983710845,569808384
ds003604,pico-decoder-large,pico-lm/pico-decoder-large@cab5aa27e02bdec8e8bf68239ae1e6758956e134,5000,,Sem,ses-9,72,0.0113454478933934,0.0076087862431168,0.0079141515761234,pico-lm/pico-decoder-large,0.8812943730411821,0.886007959425842,72,83,0.012873618895627782,0.0084082983710845,569808384
ds003604,pico-decoder-large,pico-lm/pico-decoder-large@e556a1a2b5a081ce269a811dfdfa329e230c674f,7000,,Sem,ses-9,72,-0.0057282387104371,-0.002135884733664,-0.0035721176373308,pico-lm/pico-decoder-large,0.8812943730411821,0.886007959425842,72,83,-0.006499801752585824,0.0084082983710845,569808384
ds003604,pico-decoder-large,pico-lm/pico-decoder-large@1eb202826693ab699be3043f3579cbde8211a5ef,8000,,Sem,ses-9,72,-0.0097349211351993,-0.0076784063332833,-0.0065403072927672,pico-lm/pico-decoder-large,0.8812943730411821,0.886007959425842,72,83,-0.011046162817999063,0.0084082983710845,569808384
ds003604,pico-decoder-large,pico-lm/pico-decoder-large@94cc0caf8c3cb477f0dc32aa92a7b8e182f710bf,10000,,Sem,ses-9,72,-0.0175405526017854,-0.0079003459507943,-0.0119180838455389,pico-lm/pico-decoder-large,0.8812943730411821,0.886007959425842,72,83,-0.019903170992975065,0.0084082983710845,569808384
ds003604,pico-decoder-large,pico-lm/pico-decoder-large@10d61c2f23ed2b432c011ff4735614817452abfc,13000,,Sem,ses-9,72,-0.0188178118413777,-0.0133191447157523,-0.0123180483203635,pico-lm/pico-decoder-large,0.8812943730411821,0.886007959425842,72,83,-0.021352470204071484,0.0084082983710845,569808384
ds003604,pico-decoder-large,pico-lm/pico-decoder-large@609cb555fe8ab89fe8deccc19ae52176c053de3c,16000,,Sem,ses-9,72,-0.0102663960217734,-0.0127833333114971,-0.0067160956607223,pico-lm/pico-decoder-large,0.8812943730411821,0.886007959425842,72,83,-0.011649224522273967,0.0084082983710845,569808384
ds003604,pico-decoder-large,pico-lm/pico-decoder-large@2e9b09372c42b65faa9486c0d7b8191ff5b5c4de,20000,,Sem,ses-9,72,-0.0025105037771141,-0.0007540469436773,-0.0015802578025229,pico-lm/pico-decoder-large,0.8812943730411821,0.886007959425842,72,83,-0.002848655175739771,0.0084082983710845,569808384
ds003604,pico-decoder-large,pico-lm/pico-decoder-large@020ad4d5ea0fe4c387769324ee38ad1d15bb3f85,24000,,Sem,ses-9,72,-0.0054614190267654,-0.0041682890531448,-0.0036205053762452,pico-lm/pico-decoder-large,0.8812943730411821,0.886007959425842,72,83,-0.006197042888086378,0.0084082983710845,569808384
ds003604,pico-decoder-large,pico-lm/pico-decoder-large@dab022094801d1fd4c0c4deb04d7c0815ea0d9b4,30000,,Sem,ses-9,72,-0.0067847532494258,-0.0019531583057585,-0.0044014467321432,pico-lm/pico-decoder-large,0.8812943730411821,0.886007959425842,72,83,-0.007698623135437578,0.0084082983710845,569808384
ds003604,pico-decoder-large,pico-lm/pico-decoder-large@22fe7c47349efbd4d073c95fe64e3b50251cb0fb,37000,,Sem,ses-9,72,-0.0011213246409596,0.002954111218481,-0.0007380661442015,pico-lm/pico-decoder-large,0.8812943730411821,0.886007959425842,72,83,-0.0012723610580765634,0.0084082983710845,569808384
ds003604,pico-decoder-large,pico-lm/pico-decoder-large@5a81c54569b9cadfac8813c3db918fae371226c7,45000,,Sem,ses-9,72,-0.010695755132348,-0.0039654093111869,-0.0072538733159994,pico-lm/pico-decoder-large,0.8812943730411821,0.886007959425842,72,83,-0.012136416003019455,0.0084082983710845,569808384
ds003604,pico-decoder-large,pico-lm/pico-decoder-large@ea63999d87b948bca4d4e9938706f51ccc88c365,55000,,Sem,ses-9,72,-0.0059690321656825,-0.0131153138491013,-0.0038361064407755,pico-lm/pico-decoder-large,0.8812943730411821,0.886007959425842,72,83,-0.006773028795230458,0.0084082983710845,569808384
ds003604,pico-decoder-large,pico-lm/pico-decoder-large@6dc96c3465c47b8b192056175e156d703a132e5e,68000,,Sem,ses-9,72,0.0022470457936544,-0.0007215144869753,0.0012152060000796,pico-lm/pico-decoder-large,0.8812943730411821,0.886007959425842,72,83,0.002549710814447011,0.0084082983710845,569808384
ds003604,pico-decoder-large,pico-lm/pico-decoder-large@46310457a1f616890732dc9d54ca3b6f35263f47,83000,,Sem,ses-9,72,-0.005128598489252,-0.0012599064928274,-0.0035451675042645,pico-lm/pico-decoder-large,0.8812943730411821,0.886007959425842,72,83,-0.005819393208598582,0.0084082983710845,569808384
ds003604,pico-decoder-large,pico-lm/pico-decoder-large@1ca25b1c86203affda1776487d77204c79b5c4f7,102000,,Sem,ses-9,72,0.0051505990134056,0.0015659013111324,0.0033571290758248,pico-lm/pico-decoder-large,0.8812943730411821,0.886007959425842,72,83,0.005844357085399111,0.0084082983710845,569808384
ds003604,pico-decoder-large,pico-lm/pico-decoder-large@dc35be996509151e2b2a2066a545a54a6e4900cb,125000,,Sem,ses-9,72,0.0089225509723813,0.0067548886001708,0.005824291257438,pico-lm/pico-decoder-large,0.8812943730411821,0.886007959425842,72,83,0.010124370749799803,0.0084082983710845,569808384
ds003604,pico-decoder-medium,pico-lm/pico-decoder-medium@a6f849d1da39698d655fd3552435d28fba898dc9,0,,Gram,ses-5,60,0.0171664570965059,0.011928613130902,0.011473812968481,pico-lm/pico-decoder-medium,0.8398150343230842,0.8472510876978319,60,97,0.020440759446921038,0.0081285104156867,181095168
ds003604,pico-decoder-medium,pico-lm/pico-decoder-medium@b09eab97230964af5bf3964d902db96684add7f0,1000,,Gram,ses-5,60,0.0290635292407815,0.022361042879473,0.0195271355708641,pico-lm/pico-decoder-medium,0.8398150343230842,0.8472510876978319,60,97,0.034607059951251726,0.0081285104156867,181095168
ds003604,pico-decoder-medium,pico-lm/pico-decoder-medium@e8ea2825c02325ec936fec3fbf2cebf7dcd7e5fd,2000,,Gram,ses-5,60,0.0349697954795656,0.0259820353084961,0.0234094400424128,pico-lm/pico-decoder-medium,0.8398150343230842,0.8472510876978319,60,97,0.041639877890197914,0.0081285104156867,181095168
ds003604,pico-decoder-medium,pico-lm/pico-decoder-medium@7d53111bd8fb071fbb1f180e4435cfea1b3e3149,3000,,Gram,ses-5,60,0.0479844873844873,0.0303881828528492,0.0317323138930673,pico-lm/pico-decoder-medium,0.8398150343230842,0.8472510876978319,60,97,0.057136971146467055,0.0081285104156867,181095168
ds003604,pico-decoder-medium,pico-lm/pico-decoder-medium@94db452b6d8323e895d44d7e57364a44ce9d64b9,4000,,Gram,ses-5,60,0.0326525417047397,0.0216935869221063,0.0211316681198161,pico-lm/pico-decoder-medium,0.8398150343230842,0.8472510876978319,60,97,0.03888063486629364,0.0081285104156867,181095168
ds003604,pico-decoder-medium,pico-lm/pico-decoder-medium@2c8ff3af5ea6a6720939283915670af5878a5fad,5000,,Gram,ses-5,60,0.0257450692457418,0.0123840060278776,0.0169248801550877,pico-lm/pico-decoder-medium,0.8398150343230842,0.8472510876978319,60,97,0.030655642246858666,0.0081285104156867,181095168
ds003604,pico-decoder-medium,pico-lm/pico-decoder-medium@a5e9eebb23febee9e0645d0ffebf5e1df3628c98,7000,,Gram,ses-5,60,0.0323098299365236,0.0234786921771888,0.021438266696049,pico-lm/pico-decoder-medium,0.8398150343230842,0.8472510876978319,60,97,0.038472554807936106,0.0081285104156867,181095168
ds003604,pico-decoder-medium,pico-lm/pico-decoder-medium@5fab2f64dc273534e825a1815e1163dfc3f7fbe0,8000,,Gram,ses-5,60,0.0353028795158105,0.0243937447651806,0.0235959541762877,pico-lm/pico-decoder-medium,0.8398150343230842,0.8472510876978319,60,97,0.042036493838510124,0.0081285104156867,181095168
ds003604,pico-decoder-medium,pico-lm/pico-decoder-medium@63c66cd3b6df6ff5e2886a68acdafad325f8831a,10000,,Gram,ses-5,60,0.0436803480240083,0.0303814098577732,0.0287225378697147,pico-lm/pico-decoder-medium,0.8398150343230842,0.8472510876978319,60,97,0.05201186718360663,0.0081285104156867,181095168
ds003604,pico-decoder-medium,pico-lm/pico-decoder-medium@cd8069f46d2fe40350c306d28a0c0d88cd5c1012,13000,,Gram,ses-5,60,0.0375643253383322,0.0345353670298301,0.0250804022828819,pico-lm/pico-decoder-medium,0.8398150343230842,0.8472510876978319,60,97,0.04472928419126261,0.0081285104156867,181095168
ds003604,pico-decoder-medium,pico-lm/pico-decoder-medium@3b58b6ffc7765d89d6b7a1916f16f92afefad334,16000,,Gram,ses-5,60,0.0448298416583793,0.0402760603883157,0.0290802362086531,pico-lm/pico-decoder-medium,0.8398150343230842,0.8472510876978319,60,97,0.05338061338055644,0.0081285104156867,181095168
ds003604,pico-decoder-medium,pico-lm/pico-decoder-medium@c60aa3fc6d8f92347eb5568ad75796fe2d48278c,20000,,Gram,ses-5,60,0.0331509504969732,0.0286980070315199,0.0215481311858658,pico-lm/pico-decoder-medium,0.8398150343230842,0.8472510876978319,60,97,0.03947410934801119,0.0081285104156867,181095168
ds003604,pico-decoder-medium,pico-lm/pico-decoder-medium@c3958dd8dab803279fc41b6b59648a5f570ab75e,24000,,Gram,ses-5,60,0.0252748554905617,0.0221648421924733,0.0171765464864122,pico-lm/pico-decoder-medium,0.8398150343230842,0.8472510876978319,60,97,0.030095740678105366,0.0081285104156867,181095168
ds003604,pico-decoder-medium,pico-lm/pico-decoder-medium@a7fda793c744670e4cf5da9c1d72830ad630fd7e,30000,,Gram,ses-5,60,0.0249377268979998,0.0210195971479338,0.0163295679195689,pico-lm/pico-decoder-medium,0.8398150343230842,0.8472510876978319,60,97,0.02969430872132498,0.0081285104156867,181095168
ds003604,pico-decoder-medium,pico-lm/pico-decoder-medium@61e1f3d4e3510de47689cd42fb60857460ac5abe,37000,,Gram,ses-5,60,0.0230704857369852,0.0211284477260585,0.0154889768230638,pico-lm/pico-decoder-medium,0.8398150343230842,0.8472510876978319,60,97,0.027470912991669285,0.0081285104156867,181095168
ds003604,pico-decoder-medium,pico-lm/pico-decoder-medium@150ab61d99f66be09f5eb2bf847ee0665582b9a7,45000,,Gram,ses-5,60,0.0118377097865403,0.0104909961215894,0.0076732681172611,pico-lm/pico-decoder-medium,0.8398150343230842,0.8472510876978319,60,97,0.014095615466186366,0.0081285104156867,181095168
ds003604,pico-decoder-medium,pico-lm/pico-decoder-medium@82ba8a99abaa71414eba85a5d52d4e1391036516,55000,,Gram,ses-5,60,0.0182432958706394,0.0111067215548786,0.0120857326268791,pico-lm/pico-decoder-medium,0.8398150343230842,0.8472510876978319,60,97,0.021722992712727554,0.0081285104156867,181095168
ds003604,pico-decoder-medium,pico-lm/pico-decoder-medium@2c63090738dceda752da9ab9addfb006b940ab33,68000,,Gram,ses-5,60,0.0099698713555719,0.0083399907265393,0.0066525503572192,pico-lm/pico-decoder-medium,0.8398150343230842,0.8472510876978319,60,97,0.011871508544268812,0.0081285104156867,181095168
ds003604,pico-decoder-medium,pico-lm/pico-decoder-medium@4f83bfb44212f15f6b9bce8eac266f625ddcaa16,83000,,Gram,ses-5,60,0.007554903350712,0.0049494925911078,0.0048768336032039,pico-lm/pico-decoder-medium,0.8398150343230842,0.8472510876978319,60,97,0.008995913435631069,0.0081285104156867,181095168
ds003604,pico-decoder-medium,pico-lm/pico-decoder-medium@44b1c3539608b56da6f5355f1863e011aece543c,102000,,Gram,ses-5,60,0.0019029096465649,0.0037886541040722,0.0010430739062255,pico-lm/pico-decoder-medium,0.8398150343230842,0.8472510876978319,60,97,0.0022658675646342785,0.0081285104156867,181095168
ds003604,pico-decoder-medium,pico-lm/pico-decoder-medium@beb2346dad2ddcdb97d3ba99ba24d14448c1cfc6,125000,,Gram,ses-5,60,-0.0019665665051085,0.0050921524293437,-0.0010443514002931,pico-lm/pico-decoder-medium,0.8398150343230842,0.8472510876978319,60,97,-0.002341666229747376,0.0081285104156867,181095168
ds003604,pico-decoder-medium,pico-lm/pico-decoder-medium@a6f849d1da39698d655fd3552435d28fba898dc9,0,,Gram,ses-7,60,0.01940191951202,0.0148767462770118,0.0131396652326795,pico-lm/pico-decoder-medium,0.8473571253286221,0.8585290564097823,60,104,0.022896980425455852,0.0080555141424375,181095168
ds003604,pico-decoder-medium,pico-lm/pico-decoder-medium@b09eab97230964af5bf3964d902db96684add7f0,1000,,Gram,ses-7,60,0.0268337343977628,0.0248132709473809,0.0178204034965012,pico-lm/pico-decoder-medium,0.8473571253286221,0.8585290564097823,60,104,0.03166756211244007,0.0080555141424375,181095168
ds003604,pico-decoder-medium,pico-lm/pico-decoder-medium@e8ea2825c02325ec936fec3fbf2cebf7dcd7e5fd,2000,,Gram,ses-7,60,0.031583443635767,0.0284420183256022,0.0206934876546167,pico-lm/pico-decoder-medium,0.8473571253286221,0.8585290564097823,60,104,0.037272883760218936,0.0080555141424375,181095168
ds003604,pico-decoder-medium,pico-lm/pico-decoder-medium@7d53111bd8fb071fbb1f180e4435cfea1b3e3149,3000,,Gram,ses-7,60,0.0396834412980827,0.0335839394556078,0.0263847237259391,pico-lm/pico-decoder-medium,0.8473571253286221,0.8585290564097823,60,104,0.04683201463927345,0.0080555141424375,181095168
ds003604,pico-decoder-medium,pico-lm/pico-decoder-medium@94db452b6d8323e895d44d7e57364a44ce9d64b9,4000,,Gram,ses-7,60,0.0228056159887132,0.0246455382576832,0.0150099165477,pico-lm/pico-decoder-medium,0.8473571253286221,0.8585290564097823,60,104,0.026913818633281364,0.0080555141424375,181095168
ds003604,pico-decoder-medium,pico-lm/pico-decoder-medium@2c8ff3af5ea6a6720939283915670af5878a5fad,5000,,Gram,ses-7,60,0.007904451263072,0.0133005029820555,0.0050722901955524,pico-lm/pico-decoder-medium,0.8473571253286221,0.8585290564097823,60,104,0.009328358760193932,0.0080555141424375,181095168
ds003604,pico-decoder-medium,pico-lm/pico-decoder-medium@a5e9eebb23febee9e0645d0ffebf5e1df3628c98,7000,,Gram,ses-7,60,0.0248647431064835,0.0263622975937867,0.0164713697610766,pico-lm/pico-decoder-medium,0.8473571253286221,0.8585290564097823,60,104,0.029343876817983273,0.0080555141424375,181095168
ds003604,pico-decoder-medium,pico-lm/pico-decoder-medium@5fab2f64dc273534e825a1815e1163dfc3f7fbe0,8000,,Gram,ses-7,60,0.0344902006908736,0.0276157306283732,0.0229955319644984,pico-lm/pico-decoder-medium,0.8473571253286221,0.8585290564097823,60,104,0.04070326390127139,0.0080555141424375,181095168
ds003604,pico-decoder-medium,pico-lm/pico-decoder-medium@63c66cd3b6df6ff5e2886a68acdafad325f8831a,10000,,Gram,ses-7,60,0.043940357379831,0.0342076272821947,0.0288298473713962,pico-lm/pico-decoder-medium,0.8473571253286221,0.8585290564097823,60,104,0.05185577139366126,0.0080555141424375,181095168
ds003604,pico-decoder-medium,pico-lm/pico-decoder-medium@cd8069f46d2fe40350c306d28a0c0d88cd5c1012,13000,,Gram,ses-7,60,0.0352626243865397,0.0366315214149277,0.0230313017983922,pico-lm/pico-decoder-medium,0.8473571253286221,0.8585290564097823,60,104,0.041614831966939735,0.0080555141424375,181095168
ds003604,pico-decoder-medium,pico-lm/pico-decoder-medium@3b58b6ffc7765d89d6b7a1916f16f92afefad334,16000,,Gram,ses-7,60,0.0438903360212086,0.0429729172057562,0.0288247373951257,pico-lm/pico-decoder-medium,0.8473571253286221,0.8585290564097823,60,104,0.05179673918973308,0.0080555141424375,181095168
ds003604,pico-decoder-medium,pico-lm/pico-decoder-medium@c60aa3fc6d8f92347eb5568ad75796fe2d48278c,20000,,Gram,ses-7,60,0.0287698520373513,0.0304707484099302,0.0187120943557118,pico-lm/pico-decoder-medium,0.8473571253286221,0.8585290564097823,60,104,0.03395245189706026,0.0080555141424375,181095168
ds003604,pico-decoder-medium,pico-lm/pico-decoder-medium@c3958dd8dab803279fc41b6b59648a5f570ab75e,24000,,Gram,ses-7,60,0.0251770676837943,0.0232906014133597,0.0167600834203626,pico-lm/pico-decoder-medium,0.8473571253286221,0.8585290564097823,60,104,0.029712463530686815,0.0080555141424375,181095168
ds003604,pico-decoder-medium,pico-lm/pico-decoder-medium@a7fda793c744670e4cf5da9c1d72830ad630fd7e,30000,,Gram,ses-7,60,0.022832017051884,0.0229410492592897,0.0151414984366666,pico-lm/pico-decoder-medium,0.8473571253286221,0.8585290564097823,60,104,0.02694497558279136,0.0080555141424375,181095168
ds003604,pico-decoder-medium,pico-lm/pico-decoder-medium@61e1f3d4e3510de47689cd42fb60857460ac5abe,37000,,Gram,ses-7,60,0.026469776265759,0.0226961230429135,0.0176223919160175,pico-lm/pico-decoder-medium,0.8473571253286221,0.8585290564097823,60,104,0.031238040578809658,0.0080555141424375,181095168
ds003604,pico-decoder-medium,pico-lm/pico-decoder-medium@150ab61d99f66be09f5eb2bf847ee0665582b9a7,45000,,Gram,ses-7,60,0.0149765971075655,0.0126692369293814,0.0097198136136155,pico-lm/pico-decoder-medium,0.8473571253286221,0.8585290564097823,60,104,0.017674480640918994,0.0080555141424375,181095168
ds003604,pico-decoder-medium,pico-lm/pico-decoder-medium@82ba8a99abaa71414eba85a5d52d4e1391036516,55000,,Gram,ses-7,60,0.0192637878510974,0.0123432012015039,0.0125839553132575,pico-lm/pico-decoder-medium,0.8473571253286221,0.8585290564097823,60,104,0.022733965733310515,0.0080555141424375,181095168
ds003604,pico-decoder-medium,pico-lm/pico-decoder-medium@2c63090738dceda752da9ab9addfb006b940ab33,68000,,Gram,ses-7,60,0.0161094991885487,0.009136404200855,0.0107226464567105,pico-lm/pico-decoder-medium,0.8473571253286221,0.8585290564097823,60,104,0.019011463652118477,0.0080555141424375,181095168
ds003604,pico-decoder-medium,pico-lm/pico-decoder-medium@4f83bfb44212f15f6b9bce8eac266f625ddcaa16,83000,,Gram,ses-7,60,0.012049699503694,0.0055763244908039,0.0080475738790787,pico-lm/pico-decoder-medium,0.8473571253286221,0.8585290564097823,60,104,0.014220331833547616,0.0080555141424375,181095168
ds003604,pico-decoder-medium,pico-lm/pico-decoder-medium@44b1c3539608b56da6f5355f1863e011aece543c,102000,,Gram,ses-7,60,0.0054966916140663,0.0043313047725666,0.003669601709287,pico-lm/pico-decoder-medium,0.8473571253286221,0.8585290564097823,60,104,0.006486865395667232,0.0080555141424375,181095168
ds003604,pico-decoder-medium,pico-lm/pico-decoder-medium@beb2346dad2ddcdb97d3ba99ba24d14448c1cfc6,125000,,Gram,ses-7,60,0.0085997232616754,0.0060586747240835,0.0059767559954393,pico-lm/pico-decoder-medium,0.8473571253286221,0.8585290564097823,60,104,0.010148877025540152,0.0080555141424375,181095168
ds003604,pico-decoder-medium,pico-lm/pico-decoder-medium@a6f849d1da39698d655fd3552435d28fba898dc9,0,,Gram,ses-9,60,-0.0039835449747331,0.0141977878744333,-0.0023652802662297,pico-lm/pico-decoder-medium,0.8562953703310558,0.8666432094643701,60,96,-0.004652068798635459,0.0061329615387372,181095168
ds003604,pico-decoder-medium,pico-lm/pico-decoder-medium@b09eab97230964af5bf3964d902db96684add7f0,1000,,Gram,ses-9,60,-0.0108930992224827,0.0237651086648066,-0.0068671693605822,pico-lm/pico-decoder-medium,0.8562953703310558,0.8666432094643701,60,96,-0.012721193644047469,0.0061329615387372,181095168
ds003604,pico-decoder-medium,pico-lm/pico-decoder-medium@e8ea2825c02325ec936fec3fbf2cebf7dcd7e5fd,2000,,Gram,ses-9,60,-0.000142289828372,0.0276749407288214,-4.4073545333473856e-05,pico-lm/pico-decoder-medium,0.8562953703310558,0.8666432094643701,60,96,-0.00016616909690518207,0.0061329615387372,181095168
ds003604,pico-decoder-medium,pico-lm/pico-decoder-medium@7d53111bd8fb071fbb1f180e4435cfea1b3e3149,3000,,Gram,ses-9,60,0.0040074249527733,0.0329009770759203,0.0029490950551398,pico-lm/pico-decoder-medium,0.8562953703310558,0.8666432094643701,60,96,0.004679956346399459,0.0061329615387372,181095168
ds003604,pico-decoder-medium,pico-lm/pico-decoder-medium@94db452b6d8323e895d44d7e57364a44ce9d64b9,4000,,Gram,ses-9,60,-0.0038844544269797,0.0242376468641247,-0.0027434185102502,pico-lm/pico-decoder-medium,0.8562953703310558,0.8666432094643701,60,96,-0.004536348743165475,0.0061329615387372,181095168
ds003604,pico-decoder-medium,pico-lm/pico-decoder-medium@2c8ff3af5ea6a6720939283915670af5878a5fad,5000,,Gram,ses-9,60,0.0048655871830975,0.0140364613530692,0.0030091372763187,pico-lm/pico-decoder-medium,0.8562953703310558,0.8666432094643701,60,96,0.0056821365053233855,0.0061329615387372,181095168
ds003604,pico-decoder-medium,pico-lm/pico-decoder-medium@a5e9eebb23febee9e0645d0ffebf5e1df3628c98,7000,,Gram,ses-9,60,0.001172136874083,0.0260418981640208,0.0004426516944361,pico-lm/pico-decoder-medium,0.8562953703310558,0.8666432094643701,60,96,0.0013688464456252233,0.0061329615387372,181095168
ds003604,pico-decoder-medium,pico-lm/pico-decoder-medium@5fab2f64dc273534e825a1815e1163dfc3f7fbe0,8000,,Gram,ses-9,60,0.0013613524282196,0.0271011513717378,0.0008425073376065,pico-lm/pico-decoder-medium,0.8562953703310558,0.8666432094643701,60,96,0.0015898164060997807,0.0061329615387372,181095168
ds003604,pico-decoder-medium,pico-lm/pico-decoder-medium@63c66cd3b6df6ff5e2886a68acdafad325f8831a,10000,,Gram,ses-9,60,0.0126807217018432,0.0337424660773304,0.0085751789290128,pico-lm/pico-decoder-medium,0.8562953703310558,0.8666432094643701,60,96,0.014808817309079524,0.0061329615387372,181095168
ds003604,pico-decoder-medium,pico-lm/pico-decoder-medium@cd8069f46d2fe40350c306d28a0c0d88cd5c1012,13000,,Gram,ses-9,60,-8.197421913459144e-05,0.0361464011231199,-0.0001002832843094,pico-lm/pico-decoder-medium,0.8562953703310558,0.8666432094643701,60,96,-9.573124178272627e-05,0.0061329615387372,181095168
ds003604,pico-decoder-medium,pico-lm/pico-decoder-medium@3b58b6ffc7765d89d6b7a1916f16f92afefad334,16000,,Gram,ses-9,60,0.0076626954292039,0.0426217154203321,0.0047835765362664,pico-lm/pico-decoder-medium,0.8562953703310558,0.8666432094643701,60,96,0.008948659183152413,0.0061329615387372,181095168
ds003604,pico-decoder-medium,pico-lm/pico-decoder-medium@c60aa3fc6d8f92347eb5568ad75796fe2d48278c,20000,,Gram,ses-9,60,-4.456910627331947e-05,0.0303573803894389,-0.0003110698054695,pico-lm/pico-decoder-medium,0.8562953703310558,0.8666432094643701,60,96,-5.2048753055955945e-05,0.0061329615387372,181095168
ds003604,pico-decoder-medium,pico-lm/pico-decoder-medium@c3958dd8dab803279fc41b6b59648a5f570ab75e,24000,,Gram,ses-9,60,-0.0054137360111491,0.0229165134606028,-0.0037040940491132,pico-lm/pico-decoder-medium,0.8562953703310558,0.8666432094643701,60,96,-0.0063222763998549624,0.0061329615387372,181095168
ds003604,pico-decoder-medium,pico-lm/pico-decoder-medium@a7fda793c744670e4cf5da9c1d72830ad630fd7e,30000,,Gram,ses-9,60,-0.0032988463855275,0.0224828819781719,-0.0021596037213402,pico-lm/pico-decoder-medium,0.8562953703310558,0.8666432094643701,60,96,-0.003852463180143225,0.0061329615387372,181095168
ds003604,pico-decoder-medium,pico-lm/pico-decoder-medium@61e1f3d4e3510de47689cd42fb60857460ac5abe,37000,,Gram,ses-9,60,0.001130479458834,0.0223045022376835,0.0008041825155774,pico-lm/pico-decoder-medium,0.8562953703310558,0.8666432094643701,60,96,0.001320198027459778,0.0061329615387372,181095168
ds003604,pico-decoder-medium,pico-lm/pico-decoder-medium@150ab61d99f66be09f5eb2bf847ee0665582b9a7,45000,,Gram,ses-9,60,-0.0124578231519481,0.0125367268005169,-0.0082353655070214,pico-lm/pico-decoder-medium,0.8562953703310558,0.8666432094643701,60,96,-0.014548511627631164,0.0061329615387372,181095168
ds003604,pico-decoder-medium,pico-lm/pico-decoder-medium@82ba8a99abaa71414eba85a5d52d4e1391036516,55000,,Gram,ses-9,60,0.0002472145782818,0.0124084492757381,0.0001909853631117,pico-lm/pico-decoder-medium,0.8562953703310558,0.8666432094643701,60,96,0.0002887024581088455,0.0061329615387372,181095168
ds003604,pico-decoder-medium,pico-lm/pico-decoder-medium@2c63090738dceda752da9ab9addfb006b940ab33,68000,,Gram,ses-9,60,-0.0036671325606741,0.0092951986982181,-0.0024649248035054,pico-lm/pico-decoder-medium,0.8562953703310558,0.8666432094643701,60,96,-0.004282555631774974,0.0061329615387372,181095168
ds003604,pico-decoder-medium,pico-lm/pico-decoder-medium@4f83bfb44212f15f6b9bce8eac266f625ddcaa16,83000,,Gram,ses-9,60,-0.0055412769505014,0.0055813555136981,-0.0039468179219642,pico-lm/pico-decoder-medium,0.8562953703310558,0.8666432094643701,60,96,-0.006471221429539044,0.0061329615387372,181095168
ds003604,pico-decoder-medium,pico-lm/pico-decoder-medium@44b1c3539608b56da6f5355f1863e011aece543c,102000,,Gram,ses-9,60,-0.0084180017142405,0.0043062989159364,-0.0058413416242698,pico-lm/pico-decoder-medium,0.8562953703310558,0.8666432094643701,60,96,-0.009830721975042306,0.0061329615387372,181095168
ds003604,pico-decoder-medium,pico-lm/pico-decoder-medium@beb2346dad2ddcdb97d3ba99ba24d14448c1cfc6,125000,,Gram,ses-9,60,-0.0104909223055068,0.0056608556605878,-0.0069118816529495,pico-lm/pico-decoder-medium,0.8562953703310558,0.8666432094643701,60,96,-0.01225152286114879,0.0061329615387372,181095168
ds003604,pico-decoder-medium,pico-lm/pico-decoder-medium@a6f849d1da39698d655fd3552435d28fba898dc9,0,,Phon,ses-5,72,0.0376717601634867,0.0263241167712299,0.0250084984794612,pico-lm/pico-decoder-medium,0.8557220149626009,0.8634857149064381,72,93,0.044023362148901984,0.0089146943876321,181095168
ds003604,pico-decoder-medium,pico-lm/pico-decoder-medium@b09eab97230964af5bf3964d902db96684add7f0,1000,,Phon,ses-5,72,-0.0182262409942158,-0.0127345840748892,-0.0118801086580364,pico-lm/pico-decoder-medium,0.8557220149626009,0.8634857149064381,72,93,-0.02129925451901851,0.0089146943876321,181095168
ds003604,pico-decoder-medium,pico-lm/pico-decoder-medium@e8ea2825c02325ec936fec3fbf2cebf7dcd7e5fd,2000,,Phon,ses-5,72,0.0092620625724585,0.0140860994340582,0.006361456409691,pico-lm/pico-decoder-medium,0.8557220149626009,0.8634857149064381,72,93,0.0108236815350173,0.0089146943876321,181095168
ds003604,pico-decoder-medium,pico-lm/pico-decoder-medium@7d53111bd8fb071fbb1f180e4435cfea1b3e3149,3000,,Phon,ses-5,72,-0.0135593387570176,-0.0094296172571385,-0.0094337715792471,pico-lm/pico-decoder-medium,0.8557220149626009,0.8634857149064381,72,93,-0.015845494821832073,0.0089146943876321,181095168
ds003604,pico-decoder-medium,pico-lm/pico-decoder-medium@94db452b6d8323e895d44d7e57364a44ce9d64b9,4000,,Phon,ses-5,72,-0.0024873132197089,-0.0077975171952384,-0.0015079824456633,pico-lm/pico-decoder-medium,0.8557220149626009,0.8634857149064381,72,93,-0.0029066836849085944,0.0089146943876321,181095168
ds003604,pico-decoder-medium,pico-lm/pico-decoder-medium@2c8ff3af5ea6a6720939283915670af5878a5fad,5000,,Phon,ses-5,72,0.0295353526307645,0.0417211483361228,0.0202230123511234,pico-lm/pico-decoder-medium,0.8557220149626009,0.8634857149064381,72,93,0.0345151253728763,0.0089146943876321,181095168
ds003604,pico-decoder-medium,pico-lm/pico-decoder-medium@a5e9eebb23febee9e0645d0ffebf5e1df3628c98,7000,,Phon,ses-5,72,-0.0236956445979491,-0.0241667455307795,-0.0159171160907606,pico-lm/pico-decoder-medium,0.8557220149626009,0.8634857149064381,72,93,-0.027690820364116388,0.0089146943876321,181095168
ds003604,pico-decoder-medium,pico-lm/pico-decoder-medium@5fab2f64dc273534e825a1815e1163dfc3f7fbe0,8000,,Phon,ses-5,72,-0.0206222658721053,-0.0207950652786532,-0.0137023051551317,pico-lm/pico-decoder-medium,0.8557220149626009,0.8634857149064381,72,93,-0.02409925830061365,0.0089146943876321,181095168
ds003604,pico-decoder-medium,pico-lm/pico-decoder-medium@63c66cd3b6df6ff5e2886a68acdafad325f8831a,10000,,Phon,ses-5,72,-0.0120614131463052,-0.0112884673739437,-0.0079509017575774,pico-lm/pico-decoder-medium,0.8557220149626009,0.8634857149064381,72,93,-0.014095013258286151,0.0089146943876321,181095168
ds003604,pico-decoder-medium,pico-lm/pico-decoder-medium@cd8069f46d2fe40350c306d28a0c0d88cd5c1012,13000,,Phon,ses-5,72,-0.0195752644129384,-0.0121401795706082,-0.0132686530139742,pico-lm/pico-decoder-medium,0.8557220149626009,0.8634857149064381,72,93,-0.022875728414903446,0.0089146943876321,181095168
ds003604,pico-decoder-medium,pico-lm/pico-decoder-medium@3b58b6ffc7765d89d6b7a1916f16f92afefad334,16000,,Phon,ses-5,72,0.0017703598655163,-0.0077447236545706,0.0012495061694367,pico-lm/pico-decoder-medium,0.8557220149626009,0.8634857149064381,72,93,0.002068849269460098,0.0089146943876321,181095168
ds003604,pico-decoder-medium,pico-lm/pico-decoder-medium@c60aa3fc6d8f92347eb5568ad75796fe2d48278c,20000,,Phon,ses-5,72,-0.0091889179260116,-0.0054411641259105,-0.0057605909429177,pico-lm/pico-decoder-medium,0.8557220149626009,0.8634857149064381,72,93,-0.010738204423095506,0.0089146943876321,181095168
ds003604,pico-decoder-medium,pico-lm/pico-decoder-medium@c3958dd8dab803279fc41b6b59648a5f570ab75e,24000,,Phon,ses-5,72,-0.0016354197242787,-0.0076303472961297,-0.0009885798811131,pico-lm/pico-decoder-medium,0.8557220149626009,0.8634857149064381,72,93,-0.0019111577073895611,0.0089146943876321,181095168
ds003604,pico-decoder-medium,pico-lm/pico-decoder-medium@a7fda793c744670e4cf5da9c1d72830ad630fd7e,30000,,Phon,ses-5,72,-0.0043985303362417,-0.003472680350106,-0.0025002373449218,pico-lm/pico-decoder-medium,0.8557220149626009,0.8634857149064381,72,93,-0.005140139273422732,0.0089146943876321,181095168
ds003604,pico-decoder-medium,pico-lm/pico-decoder-medium@61e1f3d4e3510de47689cd42fb60857460ac5abe,37000,,Phon,ses-5,72,-0.0101067217292752,-0.0148779187216808,-0.0066934330488256,pico-lm/pico-decoder-medium,0.8557220149626009,0.8634857149064381,72,93,-0.011810753436928827,0.0089146943876321,181095168
ds003604,pico-decoder-medium,pico-lm/pico-decoder-medium@150ab61d99f66be09f5eb2bf847ee0665582b9a7,45000,,Phon,ses-5,72,-0.0110028512614627,-0.0070472865069846,-0.0070401097605419,pico-lm/pico-decoder-medium,0.8557220149626009,0.8634857149064381,72,93,-0.012857973815180595,0.0089146943876321,181095168
ds003604,pico-decoder-medium,pico-lm/pico-decoder-medium@82ba8a99abaa71414eba85a5d52d4e1391036516,55000,,Phon,ses-5,72,-0.0056798878606371,-0.0080699890579412,-0.0037730186292794,pico-lm/pico-decoder-medium,0.8557220149626009,0.8634857149064381,72,93,-0.006637538547942276,0.0089146943876321,181095168
ds003604,pico-decoder-medium,pico-lm/pico-decoder-medium@2c63090738dceda752da9ab9addfb006b940ab33,68000,,Phon,ses-5,72,-0.0094668151233148,-0.0065442771299368,-0.00623834330182,pico-lm/pico-decoder-medium,0.8557220149626009,0.8634857149064381,72,93,-0.011062956144383575,0.0089146943876321,181095168
ds003604,pico-decoder-medium,pico-lm/pico-decoder-medium@4f83bfb44212f15f6b9bce8eac266f625ddcaa16,83000,,Phon,ses-5,72,-0.0119465893099061,-0.0139908653390911,-0.0075778874158191,pico-lm/pico-decoder-medium,0.8557220149626009,0.8634857149064381,72,93,-0.013960829686528776,0.0089146943876321,181095168
ds003604,pico-decoder-medium,pico-lm/pico-decoder-medium@44b1c3539608b56da6f5355f1863e011aece543c,102000,,Phon,ses-5,72,-0.0159325201705336,-0.0116737981128094,-0.0102416630682113,pico-lm/pico-decoder-medium,0.8557220149626009,0.8634857149064381,72,93,-0.01861880364411324,0.0089146943876321,181095168
ds003604,pico-decoder-medium,pico-lm/pico-decoder-medium@beb2346dad2ddcdb97d3ba99ba24d14448c1cfc6,125000,,Phon,ses-5,72,-0.011916257834372,-0.0109771809611553,-0.0078902639581782,pico-lm/pico-decoder-medium,0.8557220149626009,0.8634857149064381,72,93,-0.013925384208904332,0.0089146943876321,181095168
ds003604,pico-decoder-medium,pico-lm/pico-decoder-medium@a6f849d1da39698d655fd3552435d28fba898dc9,0,,Phon,ses-7,72,0.0563117827617582,0.0264288118577695,0.0374631349742289,pico-lm/pico-decoder-medium,0.8460260208123772,0.8625655350367195,72,104,0.06656034374413933,0.0081448036195669,181095168
ds003604,pico-decoder-medium,pico-lm/pico-decoder-medium@b09eab97230964af5bf3964d902db96684add7f0,1000,,Phon,ses-7,72,-0.015518180918046,-0.0129835247470388,-0.0102839257768835,pico-lm/pico-decoder-medium,0.8460260208123772,0.8625655350367195,72,104,-0.01834243928235803,0.0081448036195669,181095168
ds003604,pico-decoder-medium,pico-lm/pico-decoder-medium@e8ea2825c02325ec936fec3fbf2cebf7dcd7e5fd,2000,,Phon,ses-7,72,0.0075602021994408,0.0143224810819704,0.0049098242422571,pico-lm/pico-decoder-medium,0.8460260208123772,0.8625655350367195,72,104,0.008936134366388977,0.0081448036195669,181095168
ds003604,pico-decoder-medium,pico-lm/pico-decoder-medium@7d53111bd8fb071fbb1f180e4435cfea1b3e3149,3000,,Phon,ses-7,72,-0.0117376824219559,-0.0091598150358798,-0.0079613143089893,pico-lm/pico-decoder-medium,0.8460260208123772,0.8625655350367195,72,104,-0.01387390237794939,0.0081448036195669,181095168
ds003604,pico-decoder-medium,pico-lm/pico-decoder-medium@94db452b6d8323e895d44d7e57364a44ce9d64b9,4000,,Phon,ses-7,72,-0.0046707648149321,-0.0076629060149843,-0.0030073898489873,pico-lm/pico-decoder-medium,0.8460260208123772,0.8625655350367195,72,104,-0.005520828792531823,0.0081448036195669,181095168
ds003604,pico-decoder-medium,pico-lm/pico-decoder-medium@2c8ff3af5ea6a6720939283915670af5878a5fad,5000,,Phon,ses-7,72,0.0325607793404162,0.0407630854906401,0.0220139711939827,pico-lm/pico-decoder-medium,0.8460260208123772,0.8625655350367195,72,104,0.03848673508782916,0.0081448036195669,181095168
ds003604,pico-decoder-medium,pico-lm/pico-decoder-medium@a5e9eebb23febee9e0645d0ffebf5e1df3628c98,7000,,Phon,ses-7,72,-0.0222501702776971,-0.024492312747555,-0.0148685109132726,pico-lm/pico-decoder-medium,0.8460260208123772,0.8625655350367195,72,104,-0.026299628770675258,0.0081448036195669,181095168
ds003604,pico-decoder-medium,pico-lm/pico-decoder-medium@5fab2f64dc273534e825a1815e1163dfc3f7fbe0,8000,,Phon,ses-7,72,-0.0189100667259045,-0.0200637184144618,-0.0125961246933656,pico-lm/pico-decoder-medium,0.8460260208123772,0.8625655350367195,72,104,-0.022351637255490723,0.0081448036195669,181095168
ds003604,pico-decoder-medium,pico-lm/pico-decoder-medium@63c66cd3b6df6ff5e2886a68acdafad325f8831a,10000,,Phon,ses-7,72,-0.0143426335905116,-0.0097477841612394,-0.0096916353524495,pico-lm/pico-decoder-medium,0.8460260208123772,0.8625655350367195,72,104,-0.0169529461714894,0.0081448036195669,181095168
ds003604,pico-decoder-medium,pico-lm/pico-decoder-medium@cd8069f46d2fe40350c306d28a0c0d88cd5c1012,13000,,Phon,ses-7,72,-0.0195991800570289,-0.0107799530024331,-0.013239252868811,pico-lm/pico-decoder-medium,0.8460260208123772,0.8625655350367195,72,104,-0.02316616696754697,0.0081448036195669,181095168
ds003604,pico-decoder-medium,pico-lm/pico-decoder-medium@3b58b6ffc7765d89d6b7a1916f16f92afefad334,16000,,Phon,ses-7,72,-0.0030966540803044,-0.0063493680674884,-0.0021241604880424,pico-lm/pico-decoder-medium,0.8460260208123772,0.8625655350367195,72,104,-0.0036602350331150675,0.0081448036195669,181095168
ds003604,pico-decoder-medium,pico-lm/pico-decoder-medium@c60aa3fc6d8f92347eb5568ad75796fe2d48278c,20000,,Phon,ses-7,72,-0.0085237841960788,-0.0047053772206456,-0.0054384143521708,pico-lm/pico-decoder-medium,0.8460260208123772,0.8625655350367195,72,104,-0.010075085146783111,0.0081448036195669,181095168
ds003604,pico-decoder-medium,pico-lm/pico-decoder-medium@c3958dd8dab803279fc41b6b59648a5f570ab75e,24000,,Phon,ses-7,72,-0.0003388964621162,-0.0063132594711299,-0.0002401011854996,pico-lm/pico-decoder-medium,0.8460260208123772,0.8625655350367195,72,104,-0.00040057451399755107,0.0081448036195669,181095168
ds003604,pico-decoder-medium,pico-lm/pico-decoder-medium@a7fda793c744670e4cf5da9c1d72830ad630fd7e,30000,,Phon,ses-7,72,-0.0027557850087221,-0.001914052333625,-0.0017897338368108,pico-lm/pico-decoder-medium,0.8460260208123772,0.8625655350367195,72,104,-0.0032573289011559245,0.0081448036195669,181095168
ds003604,pico-decoder-medium,pico-lm/pico-decoder-medium@61e1f3d4e3510de47689cd42fb60857460ac5abe,37000,,Phon,ses-7,72,-0.0104519247927298,-0.0142303725813558,-0.0069286342101314,pico-lm/pico-decoder-medium,0.8460260208123772,0.8625655350367195,72,104,-0.012354141049578566,0.0081448036195669,181095168
ds003604,pico-decoder-medium,pico-lm/pico-decoder-medium@150ab61d99f66be09f5eb2bf847ee0665582b9a7,45000,,Phon,ses-7,72,-0.0100777865306783,-0.006590394902643,-0.0071062600871591,pico-lm/pico-decoder-medium,0.8460260208123772,0.8625655350367195,72,104,-0.011911910842885584,0.0081448036195669,181095168
ds003604,pico-decoder-medium,pico-lm/pico-decoder-medium@82ba8a99abaa71414eba85a5d52d4e1391036516,55000,,Phon,ses-7,72,-0.0063250367930291,-0.0067705779552365,-0.004503122234166,pico-lm/pico-decoder-medium,0.8460260208123772,0.8625655350367195,72,104,-0.007476172880540515,0.0081448036195669,181095168
ds003604,pico-decoder-medium,pico-lm/pico-decoder-medium@2c63090738dceda752da9ab9addfb006b940ab33,68000,,Phon,ses-7,72,-0.0111453038469107,-0.0047905417786701,-0.0075123495922261,pico-lm/pico-decoder-medium,0.8460260208123772,0.8625655350367195,72,104,-0.013173712832388626,0.0081448036195669,181095168
ds003604,pico-decoder-medium,pico-lm/pico-decoder-medium@4f83bfb44212f15f6b9bce8eac266f625ddcaa16,83000,,Phon,ses-7,72,-0.0122652853887476,-0.0136560393320699,-0.0081524152525503,pico-lm/pico-decoder-medium,0.8460260208123772,0.8625655350367195,72,104,-0.014497527365612396,0.0081448036195669,181095168
ds003604,pico-decoder-medium,pico-lm/pico-decoder-medium@44b1c3539608b56da6f5355f1863e011aece543c,102000,,Phon,ses-7,72,-0.0119850950778539,-0.0105821746538208,-0.0080501272475032,pico-lm/pico-decoder-medium,0.8460260208123772,0.8625655350367195,72,104,-0.014166343331078027,0.0081448036195669,181095168
ds003604,pico-decoder-medium,pico-lm/pico-decoder-medium@beb2346dad2ddcdb97d3ba99ba24d14448c1cfc6,125000,,Phon,ses-7,72,-0.0120416511206895,-0.0105465523565104,-0.0079845894239102,pico-lm/pico-decoder-medium,0.8460260208123772,0.8625655350367195,72,104,-0.014233192389433578,0.0081448036195669,181095168
ds003604,pico-decoder-medium,pico-lm/pico-decoder-medium@a6f849d1da39698d655fd3552435d28fba898dc9,0,,Phon,ses-9,72,0.0321717383551931,0.0269871156134675,0.021516618738305,pico-lm/pico-decoder-medium,0.8734471064940128,0.8799092800838068,72,96,0.03683306993176653,0.008728626502912,181095168
ds003604,pico-decoder-medium,pico-lm/pico-decoder-medium@b09eab97230964af5bf3964d902db96684add7f0,1000,,Phon,ses-9,72,-0.0160223928326999,-0.0125922380995016,-0.0105136144109711,pico-lm/pico-decoder-medium,0.8734471064940128,0.8799092800838068,72,96,-0.018343861595710404,0.008728626502912,181095168
ds003604,pico-decoder-medium,pico-lm/pico-decoder-medium@e8ea2825c02325ec936fec3fbf2cebf7dcd7e5fd,2000,,Phon,ses-9,72,0.0110851137472192,0.0150512927964235,0.0071926230135761,pico-lm/pico-decoder-medium,0.8734471064940128,0.8799092800838068,72,96,0.012691224992105673,0.008728626502912,181095168
ds003604,pico-decoder-medium,pico-lm/pico-decoder-medium@7d53111bd8fb071fbb1f180e4435cfea1b3e3149,3000,,Phon,ses-9,72,-0.01314073665595,-0.0084575606713616,-0.0088255560761831,pico-lm/pico-decoder-medium,0.8734471064940128,0.8799092800838068,72,96,-0.015044685085392832,0.008728626502912,181095168
ds003604,pico-decoder-medium,pico-lm/pico-decoder-medium@94db452b6d8323e895d44d7e57364a44ce9d64b9,4000,,Phon,ses-9,72,0.0026097659166147,-0.0069222558692144,0.0020488226160616,pico-lm/pico-decoder-medium,0.8734471064940128,0.8799092800838068,72,96,0.002987892337396608,0.008728626502912,181095168
ds003604,pico-decoder-medium,pico-lm/pico-decoder-medium@2c8ff3af5ea6a6720939283915670af5878a5fad,5000,,Phon,ses-9,72,0.0377443794993618,0.0438468784909365,0.0254972758927997,pico-lm/pico-decoder-medium,0.8734471064940128,0.8799092800838068,72,96,0.04321312557879603,0.008728626502912,181095168
ds003604,pico-decoder-medium,pico-lm/pico-decoder-medium@a5e9eebb23febee9e0645d0ffebf5e1df3628c98,7000,,Phon,ses-9,72,-0.0213070523975485,-0.0240652468863068,-0.0140704194726961,pico-lm/pico-decoder-medium,0.8734471064940128,0.8799092800838068,72,96,-0.024394210295199545,0.008728626502912,181095168
ds003604,pico-decoder-medium,pico-lm/pico-decoder-medium@5fab2f64dc273534e825a1815e1163dfc3f7fbe0,8000,,Phon,ses-9,72,-0.0224740970237343,-0.019840396801658,-0.014806648107825,pico-lm/pico-decoder-medium,0.8734471064940128,0.8799092800838068,72,96,-0.025730346871197008,0.008728626502912,181095168
ds003604,pico-decoder-medium,pico-lm/pico-decoder-medium@63c66cd3b6df6ff5e2886a68acdafad325f8831a,10000,,Phon,ses-9,72,-0.0127890911721447,-0.009847738978899,-0.008387616413856,pico-lm/pico-decoder-medium,0.8734471064940128,0.8799092800838068,72,96,-0.014642090032766472,0.008728626502912,181095168
ds003604,pico-decoder-medium,pico-lm/pico-decoder-medium@cd8069f46d2fe40350c306d28a0c0d88cd5c1012,13000,,Phon,ses-9,72,-0.0177168571778035,-0.0111661473001386,-0.0119229838697328,pico-lm/pico-decoder-medium,0.8734471064940128,0.8799092800838068,72,96,-0.02028383521575607,0.008728626502912,181095168
ds003604,pico-decoder-medium,pico-lm/pico-decoder-medium@3b58b6ffc7765d89d6b7a1916f16f92afefad334,16000,,Phon,ses-9,72,0.005291645979868,-0.0061277728582388,0.0036535805395539,pico-lm/pico-decoder-medium,0.8734471064940128,0.8799092800838068,72,96,0.006058347369319808,0.008728626502912,181095168
ds003604,pico-decoder-medium,pico-lm/pico-decoder-medium@c60aa3fc6d8f92347eb5568ad75796fe2d48278c,20000,,Phon,ses-9,72,-0.0087875490298999,-0.0045015603898834,-0.0056007276535927,pico-lm/pico-decoder-medium,0.8734471064940128,0.8799092800838068,72,96,-0.010060768379178478,0.008728626502912,181095168
ds003604,pico-decoder-medium,pico-lm/pico-decoder-medium@c3958dd8dab803279fc41b6b59648a5f570ab75e,24000,,Phon,ses-9,72,0.0007004107422045,-0.0064243397417535,0.000440389674424,pico-lm/pico-decoder-medium,0.8734471064940128,0.8799092800838068,72,96,0.0008018925668160091,0.008728626502912,181095168
ds003604,pico-decoder-medium,pico-lm/pico-decoder-medium@a7fda793c744670e4cf5da9c1d72830ad630fd7e,30000,,Phon,ses-9,72,-0.0032856228809561,-0.0018925269643741,-0.002204398384217,pico-lm/pico-decoder-medium,0.8734471064940128,0.8799092800838068,72,96,-0.003761673553587554,0.008728626502912,181095168
ds003604,pico-decoder-medium,pico-lm/pico-decoder-medium@61e1f3d4e3510de47689cd42fb60857460ac5abe,37000,,Phon,ses-9,72,-0.0055137941435998,-0.0141701277665392,-0.0036143803460029,pico-lm/pico-decoder-medium,0.8734471064940128,0.8799092800838068,72,96,-0.006312682362337868,0.008728626502912,181095168
ds003604,pico-decoder-medium,pico-lm/pico-decoder-medium@150ab61d99f66be09f5eb2bf847ee0665582b9a7,45000,,Phon,ses-9,72,-0.0123911479333461,-0.0067034541011016,-0.0081175025801689,pico-lm/pico-decoder-medium,0.8734471064940128,0.8799092800838068,72,96,-0.014186489188891756,0.008728626502912,181095168
ds003604,pico-decoder-medium,pico-lm/pico-decoder-medium@82ba8a99abaa71414eba85a5d52d4e1391036516,55000,,Phon,ses-9,72,-0.0023962002209531,-0.0070338347266593,-0.0018038214063681,pico-lm/pico-decoder-medium,0.8734471064940128,0.8799092800838068,72,96,-0.002743383317819171,0.008728626502912,181095168
ds003604,pico-decoder-medium,pico-lm/pico-decoder-medium@2c63090738dceda752da9ab9addfb006b940ab33,68000,,Phon,ses-9,72,-0.0077165931212104,-0.0047032556469994,-0.005252825935828,pico-lm/pico-decoder-medium,0.8734471064940128,0.8799092800838068,72,96,-0.008834642720593058,0.008728626502912,181095168
ds003604,pico-decoder-medium,pico-lm/pico-decoder-medium@4f83bfb44212f15f6b9bce8eac266f625ddcaa16,83000,,Phon,ses-9,72,-0.0084901477912427,-0.0135168160208335,-0.0054788395517702,pico-lm/pico-decoder-medium,0.8734471064940128,0.8799092800838068,72,96,-0.009720276967110083,0.008728626502912,181095168
ds003604,pico-decoder-medium,pico-lm/pico-decoder-medium@44b1c3539608b56da6f5355f1863e011aece543c,102000,,Phon,ses-9,72,-0.012740996150749,-0.0107008730434761,-0.0085860673937077,pico-lm/pico-decoder-medium,0.8734471064940128,0.8799092800838068,72,96,-0.014587026570951648,0.008728626502912,181095168
ds003604,pico-decoder-medium,pico-lm/pico-decoder-medium@beb2346dad2ddcdb97d3ba99ba24d14448c1cfc6,125000,,Phon,ses-9,72,-0.0102116314963872,-0.0104062237609071,-0.006932921731301,pico-lm/pico-decoder-medium,0.8734471064940128,0.8799092800838068,72,96,-0.011691184755739065,0.008728626502912,181095168
ds003604,pico-decoder-medium,pico-lm/pico-decoder-medium@a6f849d1da39698d655fd3552435d28fba898dc9,0,,Plaus,ses-5,60,0.0147136511744705,0.0179684477776594,0.0098360655737704,pico-lm/pico-decoder-medium,0.8377735419584034,0.851372700209319,60,82,0.0175628024013213,0.0058908227201663,181095168
ds003604,pico-decoder-medium,pico-lm/pico-decoder-medium@b09eab97230964af5bf3964d902db96684add7f0,1000,,Plaus,ses-5,60,-0.0064569350699555,-0.0041294645103447,-0.0043607259998786,pico-lm/pico-decoder-medium,0.8377735419584034,0.851372700209319,60,82,-0.007707255895025742,0.0058908227201663,181095168
ds003604,pico-decoder-medium,pico-lm/pico-decoder-medium@e8ea2825c02325ec936fec3fbf2cebf7dcd7e5fd,2000,,Plaus,ses-5,60,0.0029593698295607,0.0121803377104472,0.0017163132798702,pico-lm/pico-decoder-medium,0.8377735419584034,0.851372700209319,60,82,0.0035324221658311057,0.0058908227201663,181095168
ds003604,pico-decoder-medium,pico-lm/pico-decoder-medium@7d53111bd8fb071fbb1f180e4435cfea1b3e3149,3000,,Plaus,ses-5,60,-0.0050685615863849,0.0014096905884657,-0.0035239673855764,pico-lm/pico-decoder-medium,0.8377735419584034,0.851372700209319,60,82,-0.006050037787701537,0.0058908227201663,181095168
ds003604,pico-decoder-medium,pico-lm/pico-decoder-medium@94db452b6d8323e895d44d7e57364a44ce9d64b9,4000,,Plaus,ses-5,60,0.0011736538532046,0.0055811059850258,0.0004758665401947,pico-lm/pico-decoder-medium,0.8377735419584034,0.851372700209319,60,82,0.0014009201704568437,0.0058908227201663,181095168
ds003604,pico-decoder-medium,pico-lm/pico-decoder-medium@2c8ff3af5ea6a6720939283915670af5878a5fad,5000,,Plaus,ses-5,60,0.0035117428277197,0.0147772076330274,0.0024048825823265,pico-lm/pico-decoder-medium,0.8377735419584034,0.851372700209319,60,82,0.004191756664349354,0.0058908227201663,181095168
ds003604,pico-decoder-medium,pico-lm/pico-decoder-medium@a5e9eebb23febee9e0645d0ffebf5e1df3628c98,7000,,Plaus,ses-5,60,-0.0013999152926216,0.000575516253767,-0.0009038270528531,pico-lm/pico-decoder-medium,0.8377735419584034,0.851372700209319,60,82,-0.0016709948721334862,0.0058908227201663,181095168
ds003604,pico-decoder-medium,pico-lm/pico-decoder-medium@5fab2f64dc273534e825a1815e1163dfc3f7fbe0,8000,,Plaus,ses-5,60,-0.0022410033927476,0.0018918027622166,-0.001864502591716,pico-lm/pico-decoder-medium,0.8377735419584034,0.851372700209319,60,82,-0.0026749512613026267,0.0058908227201663,181095168
ds003604,pico-decoder-medium,pico-lm/pico-decoder-medium@63c66cd3b6df6ff5e2886a68acdafad325f8831a,10000,,Plaus,ses-5,60,-0.0064222912486194,-0.00294994082262,-0.0041116146566894,pico-lm/pico-decoder-medium,0.8377735419584034,0.851372700209319,60,82,-0.007665903644565414,0.0058908227201663,181095168
ds003604,pico-decoder-medium,pico-lm/pico-decoder-medium@cd8069f46d2fe40350c306d28a0c0d88cd5c1012,13000,,Plaus,ses-5,60,-0.0114043493187208,-0.0080371567819478,-0.0075966184732029,pico-lm/pico-decoder-medium,0.8377735419584034,0.851372700209319,60,82,-0.013612687376187205,0.0058908227201663,181095168
ds003604,pico-decoder-medium,pico-lm/pico-decoder-medium@3b58b6ffc7765d89d6b7a1916f16f92afefad334,16000,,Plaus,ses-5,60,-0.0074213572514991,-0.0050067990441834,-0.004901105990489,pico-lm/pico-decoder-medium,0.8377735419584034,0.851372700209319,60,82,-0.008858428775574271,0.0058908227201663,181095168
ds003604,pico-decoder-medium,pico-lm/pico-decoder-medium@c60aa3fc6d8f92347eb5568ad75796fe2d48278c,20000,,Plaus,ses-5,60,-0.0168668548020133,-0.0092556447560415,-0.0109193805431266,pico-lm/pico-decoder-medium,0.8377735419584034,0.851372700209319,60,82,-0.0201329523519982,0.0058908227201663,181095168
ds003604,pico-decoder-medium,pico-lm/pico-decoder-medium@c3958dd8dab803279fc41b6b59648a5f570ab75e,24000,,Plaus,ses-5,60,-0.0215238616839428,-0.00879280696497,-0.0144031068655724,pico-lm/pico-decoder-medium,0.8377735419584034,0.851372700209319,60,82,-0.025691741987492234,0.0058908227201663,181095168
ds003604,pico-decoder-medium,pico-lm/pico-decoder-medium@a7fda793c744670e4cf5da9c1d72830ad630fd7e,30000,,Plaus,ses-5,60,-0.0168044530759811,-0.0158963149625929,-0.0114814779328868,pico-lm/pico-decoder-medium,0.8377735419584034,0.851372700209319,60,82,-0.020058467156528398,0.0058908227201663,181095168
ds003604,pico-decoder-medium,pico-lm/pico-decoder-medium@61e1f3d4e3510de47689cd42fb60857460ac5abe,37000,,Plaus,ses-5,60,-0.014857236169753,-0.0122970855724605,-0.0099318776288432,pico-lm/pico-decoder-medium,0.8377735419584034,0.851372700209319,60,82,-0.0177341911932696,0.0058908227201663,181095168
ds003604,pico-decoder-medium,pico-lm/pico-decoder-medium@150ab61d99f66be09f5eb2bf847ee0665582b9a7,45000,,Plaus,ses-5,60,-0.0162990155416837,-0.0082792398158969,-0.0105680696745264,pico-lm/pico-decoder-medium,0.8377735419584034,0.851372700209319,60,82,-0.019455156704498756,0.0058908227201663,181095168
ds003604,pico-decoder-medium,pico-lm/pico-decoder-medium@82ba8a99abaa71414eba85a5d52d4e1391036516,55000,,Plaus,ses-5,60,-0.0129699085605128,-0.0092092053302855,-0.0083222351036207,pico-lm/pico-decoder-medium,0.8377735419584034,0.851372700209319,60,82,-0.015481401489708032,0.0058908227201663,181095168
ds003604,pico-decoder-medium,pico-lm/pico-decoder-medium@2c63090738dceda752da9ab9addfb006b940ab33,68000,,Plaus,ses-5,60,-0.0088965296402977,-0.0093253158032843,-0.0055998952454864,pico-lm/pico-decoder-medium,0.8377735419584034,0.851372700209319,60,82,-0.01061925352703419,0.0058908227201663,181095168
ds003604,pico-decoder-medium,pico-lm/pico-decoder-medium@4f83bfb44212f15f6b9bce8eac266f625ddcaa16,83000,,Plaus,ses-5,60,-0.0168801462225047,-0.0138797905157638,-0.011086732265987,pico-lm/pico-decoder-medium,0.8377735419584034,0.851372700209319,60,82,-0.020148817522985016,0.0058908227201663,181095168
ds003604,pico-decoder-medium,pico-lm/pico-decoder-medium@44b1c3539608b56da6f5355f1863e011aece543c,102000,,Plaus,ses-5,60,-0.0192199772343848,-0.0136711522638374,-0.0125916202776633,pico-lm/pico-decoder-medium,0.8377735419584034,0.851372700209319,60,82,-0.022941733382335794,0.0058908227201663,181095168
ds003604,pico-decoder-medium,pico-lm/pico-decoder-medium@beb2346dad2ddcdb97d3ba99ba24d14448c1cfc6,125000,,Plaus,ses-5,60,-0.0108771612036095,-0.0099889260525104,-0.0073232347427286,pico-lm/pico-decoder-medium,0.8377735419584034,0.851372700209319,60,82,-0.012983414561150663,0.0058908227201663,181095168
ds003604,pico-decoder-medium,pico-lm/pico-decoder-medium@a6f849d1da39698d655fd3552435d28fba898dc9,0,,Plaus,ses-7,60,0.004260310349583,0.0178891241354053,0.0028852203517579,pico-lm/pico-decoder-medium,0.8460574663445363,0.8583435840524389,60,103,0.005035485790332938,0.0063089941228393,181095168
ds003604,pico-decoder-medium,pico-lm/pico-decoder-medium@b09eab97230964af5bf3964d902db96684add7f0,1000,,Plaus,ses-7,60,-0.0124844254691251,-0.0037735734170643,-0.0084218796408964,pico-lm/pico-decoder-medium,0.8460574663445363,0.8583435840524389,60,103,-0.014756001767900151,0.0063089941228393,181095168
ds003604,pico-decoder-medium,pico-lm/pico-decoder-medium@e8ea2825c02325ec936fec3fbf2cebf7dcd7e5fd,2000,,Plaus,ses-7,60,0.0084916325482066,0.0118442914422824,0.0056497175141242,pico-lm/pico-decoder-medium,0.8460574663445363,0.8583435840524389,60,103,0.01003670895417474,0.0063089941228393,181095168
ds003604,pico-decoder-medium,pico-lm/pico-decoder-medium@7d53111bd8fb071fbb1f180e4435cfea1b3e3149,3000,,Plaus,ses-7,60,-0.0005428394011262,0.0013736247979051,-0.0003928294257983,pico-lm/pico-decoder-medium,0.8460574663445363,0.8583435840524389,60,103,-0.0006416105556890647,0.0063089941228393,181095168
ds003604,pico-decoder-medium,pico-lm/pico-decoder-medium@94db452b6d8323e895d44d7e57364a44ce9d64b9,4000,,Plaus,ses-7,60,0.0030998927343197,0.0057667775364226,0.0020484617374558,pico-lm/pico-decoder-medium,0.8460574663445363,0.8583435840524389,60,103,0.003663926928879964,0.0063089941228393,181095168
ds003604,pico-decoder-medium,pico-lm/pico-decoder-medium@2c8ff3af5ea6a6720939283915670af5878a5fad,5000,,Plaus,ses-7,60,0.0050299900658966,0.0148236588603441,0.003141996659353,pico-lm/pico-decoder-medium,0.8460574663445363,0.8583435840524389,60,103,0.005945210894041397,0.0063089941228393,181095168
ds003604,pico-decoder-medium,pico-lm/pico-decoder-medium@a5e9eebb23febee9e0645d0ffebf5e1df3628c98,7000,,Plaus,ses-7,60,-0.0008073088054075,0.0005211514163849,-0.0004400967063009,pico-lm/pico-decoder-medium,0.8460574663445363,0.8583435840524389,60,103,-0.0009542009113110801,0.0063089941228393,181095168
ds003604,pico-decoder-medium,pico-lm/pico-decoder-medium@5fab2f64dc273534e825a1815e1163dfc3f7fbe0,8000,,Plaus,ses-7,60,-0.0012263347943382,0.0019520968339971,-0.0013011277078882,pico-lm/pico-decoder-medium,0.8460574663445363,0.8583435840524389,60,103,-0.0014494698565059468,0.0063089941228393,181095168
ds003604,pico-decoder-medium,pico-lm/pico-decoder-medium@63c66cd3b6df6ff5e2886a68acdafad325f8831a,10000,,Plaus,ses-7,60,-0.0039827464507733,-0.0027587112067943,-0.0026795438068684,pico-lm/pico-decoder-medium,0.8460574663445363,0.8583435840524389,60,103,-0.004707418360103951,0.0063089941228393,181095168
ds003604,pico-decoder-medium,pico-lm/pico-decoder-medium@cd8069f46d2fe40350c306d28a0c0d88cd5c1012,13000,,Plaus,ses-7,60,-0.0064703108872882,-0.0078067746691636,-0.0042278666168443,pico-lm/pico-decoder-medium,0.8460574663445363,0.8583435840524389,60,103,-0.007647602136582675,0.0063089941228393,181095168
ds003604,pico-decoder-medium,pico-lm/pico-decoder-medium@3b58b6ffc7765d89d6b7a1916f16f92afefad334,16000,,Plaus,ses-7,60,-0.0004557180566841,-0.0043856357118985,-0.0003366196868223,pico-lm/pico-decoder-medium,0.8460574663445363,0.8583435840524389,60,103,-0.0005386372377907955,0.0063089941228393,181095168
ds003604,pico-decoder-medium,pico-lm/pico-decoder-medium@c60aa3fc6d8f92347eb5568ad75796fe2d48278c,20000,,Plaus,ses-7,60,-0.0064634920553168,-0.0087711243822673,-0.0044846429244394,pico-lm/pico-decoder-medium,0.8460574663445363,0.8583435840524389,60,103,-0.007639542598971286,0.0063089941228393,181095168
ds003604,pico-decoder-medium,pico-lm/pico-decoder-medium@c3958dd8dab803279fc41b6b59648a5f570ab75e,24000,,Plaus,ses-7,60,-0.0126328946610942,-0.0084545792214903,-0.0084640369451284,pico-lm/pico-decoder-medium,0.8460574663445363,0.8583435840524389,60,103,-0.014931485346587276,0.0063089941228393,181095168
ds003604,pico-decoder-medium,pico-lm/pico-decoder-medium@a7fda793c744670e4cf5da9c1d72830ad630fd7e,30000,,Plaus,ses-7,60,-0.0109386085961288,-0.0146020288231881,-0.0072746899681584,pico-lm/pico-decoder-medium,0.8460574663445363,0.8583435840524389,60,103,-0.012928919170691791,0.0063089941228393,181095168
ds003604,pico-decoder-medium,pico-lm/pico-decoder-medium@61e1f3d4e3510de47689cd42fb60857460ac5abe,37000,,Plaus,ses-7,60,-0.0101522139771978,-0.0114601653149674,-0.0066423304046781,pico-lm/pico-decoder-medium,0.8460574663445363,0.8583435840524389,60,103,-0.011999437840861224,0.0063089941228393,181095168
ds003604,pico-decoder-medium,pico-lm/pico-decoder-medium@150ab61d99f66be09f5eb2bf847ee0665582b9a7,45000,,Plaus,ses-7,60,-0.0097322639510561,-0.0072423525135441,-0.0065018060572381,pico-lm/pico-decoder-medium,0.8460574663445363,0.8583435840524389,60,103,-0.011503076727288017,0.0063089941228393,181095168
ds003604,pico-decoder-medium,pico-lm/pico-decoder-medium@82ba8a99abaa71414eba85a5d52d4e1391036516,55000,,Plaus,ses-7,60,-0.0077846358807295,-0.0087431455884693,-0.0050505727964025,pico-lm/pico-decoder-medium,0.8460574663445363,0.8583435840524389,60,103,-0.00920107225619518,0.0063089941228393,181095168
ds003604,pico-decoder-medium,pico-lm/pico-decoder-medium@2c63090738dceda752da9ab9addfb006b940ab33,68000,,Plaus,ses-7,60,-0.0026308951592628,-0.0082406267034318,-0.0015336316281981,pico-lm/pico-decoder-medium,0.8460574663445363,0.8583435840524389,60,103,-0.0031095939270293395,0.0063089941228393,181095168
ds003604,pico-decoder-medium,pico-lm/pico-decoder-medium@4f83bfb44212f15f6b9bce8eac266f625ddcaa16,83000,,Plaus,ses-7,60,-0.0149081296290686,-0.012767024987155,-0.0099024952652876,pico-lm/pico-decoder-medium,0.8460574663445363,0.8583435840524389,60,103,-0.017620705711020375,0.0063089941228393,181095168
ds003604,pico-decoder-medium,pico-lm/pico-decoder-medium@44b1c3539608b56da6f5355f1863e011aece543c,102000,,Plaus,ses-7,60,-0.0153378718528208,-0.0131239094140174,-0.0100072497788338,pico-lm/pico-decoder-medium,0.8460574663445363,0.8583435840524389,60,103,-0.01812864074007808,0.0063089941228393,181095168
ds003604,pico-decoder-medium,pico-lm/pico-decoder-medium@beb2346dad2ddcdb97d3ba99ba24d14448c1cfc6,125000,,Plaus,ses-7,60,-0.003339729081054,-0.0090774764545001,-0.0021889860848958,pico-lm/pico-decoder-medium,0.8460574663445363,0.8583435840524389,60,103,-0.003947402172908639,0.0063089941228393,181095168
ds003604,pico-decoder-medium,pico-lm/pico-decoder-medium@a6f849d1da39698d655fd3552435d28fba898dc9,0,,Plaus,ses-9,60,0.0142454023508772,0.0178864938043172,0.0095537393848227,pico-lm/pico-decoder-medium,0.8571028945001105,0.8668304036711462,60,89,0.016620410970826983,0.0059238995685712,181095168
ds003604,pico-decoder-medium,pico-lm/pico-decoder-medium@b09eab97230964af5bf3964d902db96684add7f0,1000,,Plaus,ses-9,60,-0.0033105018057109,-0.0035775234326822,-0.0026092816331484,pico-lm/pico-decoder-medium,0.8571028945001105,0.8668304036711462,60,89,-0.003862432185159857,0.0059238995685712,181095168
ds003604,pico-decoder-medium,pico-lm/pico-decoder-medium@e8ea2825c02325ec936fec3fbf2cebf7dcd7e5fd,2000,,Plaus,ses-9,60,0.017155909655367,0.0114844891282203,0.0115542950947421,pico-lm/pico-decoder-medium,0.8571028945001105,0.8668304036711462,60,89,0.020016161146408064,0.0059238995685712,181095168
ds003604,pico-decoder-medium,pico-lm/pico-decoder-medium@7d53111bd8fb071fbb1f180e4435cfea1b3e3149,3000,,Plaus,ses-9,60,0.0095504039062407,0.0012765743866596,0.0062578046903194,pico-lm/pico-decoder-medium,0.8571028945001105,0.8668304036711462,60,89,0.011142657395657026,0.0059238995685712,181095168
ds003604,pico-decoder-medium,pico-lm/pico-decoder-medium@94db452b6d8323e895d44d7e57364a44ce9d64b9,4000,,Plaus,ses-9,60,0.0105931052400857,0.0056544906044065,0.0067956296927946,pico-lm/pico-decoder-medium,0.8571028945001105,0.8668304036711462,60,89,0.01235919900406349,0.0059238995685712,181095168
ds003604,pico-decoder-medium,pico-lm/pico-decoder-medium@2c8ff3af5ea6a6720939283915670af5878a5fad,5000,,Plaus,ses-9,60,0.0088673737776666,0.0149825222091193,0.0056637699488683,pico-lm/pico-decoder-medium,0.8571028945001105,0.8668304036711462,60,89,0.010345751758122733,0.0059238995685712,181095168
ds003604,pico-decoder-medium,pico-lm/pico-decoder-medium@a5e9eebb23febee9e0645d0ffebf5e1df3628c98,7000,,Plaus,ses-9,60,0.0096042793872817,0.0009298422064593,0.0066270004758665,pico-lm/pico-decoder-medium,0.8571028945001105,0.8668304036711462,60,89,0.011205515054156035,0.0059238995685712,181095168
ds003604,pico-decoder-medium,pico-lm/pico-decoder-medium@5fab2f64dc273534e825a1815e1163dfc3f7fbe0,8000,,Plaus,ses-9,60,0.0088164218897685,0.0021520375242471,0.0052473068828186,pico-lm/pico-decoder-medium,0.8571028945001105,0.8668304036711462,60,89,0.010286305117322602,0.0059238995685712,181095168
ds003604,pico-decoder-medium,pico-lm/pico-decoder-medium@63c66cd3b6df6ff5e2886a68acdafad325f8831a,10000,,Plaus,ses-9,60,0.0037949829551111,-0.0026043532145764,0.0024406524162203,pico-lm/pico-decoder-medium,0.8571028945001105,0.8668304036711462,60,89,0.0044276865466945535,0.0059238995685712,181095168
ds003604,pico-decoder-medium,pico-lm/pico-decoder-medium@cd8069f46d2fe40350c306d28a0c0d88cd5c1012,13000,,Plaus,ses-9,60,0.0031207560662894,-0.0075911181853939,0.0023742227247032,pico-lm/pico-decoder-medium,0.8571028945001105,0.8668304036711462,60,89,0.00364105183440026,0.0059238995685712,181095168
ds003604,pico-decoder-medium,pico-lm/pico-decoder-medium@3b58b6ffc7765d89d6b7a1916f16f92afefad334,16000,,Plaus,ses-9,60,0.008010228637481,-0.0041205032662353,0.0053482289141619,pico-lm/pico-decoder-medium,0.8571028945001105,0.8668304036711462,60,89,0.009345702469191659,0.0059238995685712,181095168
ds003604,pico-decoder-medium,pico-lm/pico-decoder-medium@c60aa3fc6d8f92347eb5568ad75796fe2d48278c,20000,,Plaus,ses-9,60,0.001841838793799,-0.0084910944842572,0.0014199346561784,pico-lm/pico-decoder-medium,0.8571028945001105,0.8668304036711462,60,89,0.0021489121150071702,0.0059238995685712,181095168
ds003604,pico-decoder-medium,pico-lm/pico-decoder-medium@c3958dd8dab803279fc41b6b59648a5f570ab75e,24000,,Plaus,ses-9,60,-0.0054040130622289,-0.0083419025714652,-0.0037449738592776,pico-lm/pico-decoder-medium,0.8571028945001105,0.8668304036711462,60,89,-0.0063049758633479955,0.0059238995685712,181095168
ds003604,pico-decoder-medium,pico-lm/pico-decoder-medium@a7fda793c744670e4cf5da9c1d72830ad630fd7e,30000,,Plaus,ses-9,60,-0.0012785071904025,-0.014226288313146,-0.0011120585858779,pico-lm/pico-decoder-medium,0.8571028945001105,0.8668304036711462,60,89,-0.0014916612679836602,0.0059238995685712,181095168
ds003604,pico-decoder-medium,pico-lm/pico-decoder-medium@61e1f3d4e3510de47689cd42fb60857460ac5abe,37000,,Plaus,ses-9,60,-0.000373160633736,-0.0111132938491985,-0.0001705454580295,pico-lm/pico-decoder-medium,0.8571028945001105,0.8668304036711462,60,89,-0.000435374371187533,0.0059238995685712,181095168
ds003604,pico-decoder-medium,pico-lm/pico-decoder-medium@150ab61d99f66be09f5eb2bf847ee0665582b9a7,45000,,Plaus,ses-9,60,-0.0010815963755581,-0.0071018043382935,-0.0005691236071322,pico-lm/pico-decoder-medium,0.8571028945001105,0.8668304036711462,60,89,-0.0012619212728116164,0.0059238995685712,181095168
ds003604,pico-decoder-medium,pico-lm/pico-decoder-medium@82ba8a99abaa71414eba85a5d52d4e1391036516,55000,,Plaus,ses-9,60,-0.0010393416903554,-0.0085319048437427,-0.0003800544851219,pico-lm/pico-decoder-medium,0.8571028945001105,0.8668304036711462,60,89,-0.0012126218415836492,0.0059238995685712,181095168
ds003604,pico-decoder-medium,pico-lm/pico-decoder-medium@2c63090738dceda752da9ab9addfb006b940ab33,68000,,Plaus,ses-9,60,0.0047739776579163,-0.0079523069556892,0.0037168689897896,pico-lm/pico-decoder-medium,0.8571028945001105,0.8668304036711462,60,89,0.0055699002868268635,0.0059238995685712,181095168
ds003604,pico-decoder-medium,pico-lm/pico-decoder-medium@4f83bfb44212f15f6b9bce8eac266f625ddcaa16,83000,,Plaus,ses-9,60,-0.0062315846836201,-0.0124290923460486,-0.0041231121032981,pico-lm/pico-decoder-medium,0.8571028945001105,0.8668304036711462,60,89,-0.007270521105000535,0.0059238995685712,181095168
ds003604,pico-decoder-medium,pico-lm/pico-decoder-medium@44b1c3539608b56da6f5355f1863e011aece543c,102000,,Plaus,ses-9,60,-0.0066791043445811,-0.012815086616787,-0.0042202016524385,pico-lm/pico-decoder-medium,0.8571028945001105,0.8668304036711462,60,89,-0.007792651719460783,0.0059238995685712,181095168
ds003604,pico-decoder-medium,pico-lm/pico-decoder-medium@beb2346dad2ddcdb97d3ba99ba24d14448c1cfc6,125000,,Plaus,ses-9,60,0.0029476711289458,-0.0087195027474391,0.0019730895874652,pico-lm/pico-decoder-medium,0.8571028945001105,0.8668304036711462,60,89,0.003439109992348089,0.0059238995685712,181095168
ds003604,pico-decoder-medium,pico-lm/pico-decoder-medium@a6f849d1da39698d655fd3552435d28fba898dc9,0,,Sem,ses-5,72,0.00380620565763,0.0033776429486679,0.0026166129195262,pico-lm/pico-decoder-medium,0.8591956418414916,0.8653112906283371,72,89,0.004429963878159646,0.0077235660279985,181095168
ds003604,pico-decoder-medium,pico-lm/pico-decoder-medium@b09eab97230964af5bf3964d902db96684add7f0,1000,,Sem,ses-5,72,-0.0118320248950069,-0.0098742338631229,-0.0078375886980941,pico-lm/pico-decoder-medium,0.8591956418414916,0.8653112906283371,72,89,-0.013771048546810166,0.0077235660279985,181095168
ds003604,pico-decoder-medium,pico-lm/pico-decoder-medium@e8ea2825c02325ec936fec3fbf2cebf7dcd7e5fd,2000,,Sem,ses-5,72,-0.0108346541462808,-0.0049718962171203,-0.0073059360730593,pico-lm/pico-decoder-medium,0.8591956418414916,0.8653112906283371,72,89,-0.012610229403700384,0.0077235660279985,181095168
ds003604,pico-decoder-medium,pico-lm/pico-decoder-medium@7d53111bd8fb071fbb1f180e4435cfea1b3e3149,3000,,Sem,ses-5,72,0.0056281853712927,0.0022620217502811,0.0036995182663714,pico-lm/pico-decoder-medium,0.8591956418414916,0.8653112906283371,72,89,0.0065505283048572695,0.0077235660279985,181095168
ds003604,pico-decoder-medium,pico-lm/pico-decoder-medium@94db452b6d8323e895d44d7e57364a44ce9d64b9,4000,,Sem,ses-5,72,0.0050758173526186,0.0032880005074016,0.0031390779991976,pico-lm/pico-decoder-medium,0.8591956418414916,0.8653112906283371,72,89,0.005907638616205889,0.0077235660279985,181095168
ds003604,pico-decoder-medium,pico-lm/pico-decoder-medium@2c8ff3af5ea6a6720939283915670af5878a5fad,5000,,Sem,ses-5,72,-0.0022421347506341,-0.0057453727975963,-0.0017419586009205,pico-lm/pico-decoder-medium,0.8591956418414916,0.8653112906283371,72,89,-0.002609574166168477,0.0077235660279985,181095168
ds003604,pico-decoder-medium,pico-lm/pico-decoder-medium@a5e9eebb23febee9e0645d0ffebf5e1df3628c98,7000,,Sem,ses-5,72,-0.0060942946633213,0.0033868367598433,-0.0039665695849373,pico-lm/pico-decoder-medium,0.8591956418414916,0.8653112906283371,72,89,-0.007093023249349307,0.0077235660279985,181095168
ds003604,pico-decoder-medium,pico-lm/pico-decoder-medium@5fab2f64dc273534e825a1815e1163dfc3f7fbe0,8000,,Sem,ses-5,72,-0.0023136129193574,-0.0076258528688269,-0.0015435076210688,pico-lm/pico-decoder-medium,0.8591956418414916,0.8653112906283371,72,89,-0.0026927661253014438,0.0077235660279985,181095168
ds003604,pico-decoder-medium,pico-lm/pico-decoder-medium@63c66cd3b6df6ff5e2886a68acdafad325f8831a,10000,,Sem,ses-5,72,0.003776001377679,0.00570540339929,0.0025247374658912,pico-lm/pico-decoder-medium,0.8591956418414916,0.8653112906283371,72,89,0.004394809742733325,0.0077235660279985,181095168
ds003604,pico-decoder-medium,pico-lm/pico-decoder-medium@cd8069f46d2fe40350c306d28a0c0d88cd5c1012,13000,,Sem,ses-5,72,-0.00601298434789,-0.0002673216517792,-0.0041772706252737,pico-lm/pico-decoder-medium,0.8591956418414916,0.8653112906283371,72,89,-0.006998387858442261,0.0077235660279985,181095168
ds003604,pico-decoder-medium,pico-lm/pico-decoder-medium@3b58b6ffc7765d89d6b7a1916f16f92afefad334,16000,,Sem,ses-5,72,-0.0016757766550623,-0.0049784944724471,-0.0013775193015015,pico-lm/pico-decoder-medium,0.8591956418414916,0.8653112906283371,72,89,-0.001950401716971762,0.0077235660279985,181095168
ds003604,pico-decoder-medium,pico-lm/pico-decoder-medium@c60aa3fc6d8f92347eb5568ad75796fe2d48278c,20000,,Sem,ses-5,72,-0.0028279832337968,-0.0067513131575778,-0.0018313840424587,pico-lm/pico-decoder-medium,0.8591956418414916,0.8653112906283371,72,89,-0.003291431073527861,0.0077235660279985,181095168
ds003604,pico-decoder-medium,pico-lm/pico-decoder-medium@c3958dd8dab803279fc41b6b59648a5f570ab75e,24000,,Sem,ses-5,72,-0.0113130611671953,-0.0043408152100195,-0.0076679253603814,pico-lm/pico-decoder-medium,0.8591956418414916,0.8653112906283371,72,89,-0.01316703741996213,0.0077235660279985,181095168
ds003604,pico-decoder-medium,pico-lm/pico-decoder-medium@a7fda793c744670e4cf5da9c1d72830ad630fd7e,30000,,Sem,ses-5,72,-0.0214399437556941,-0.0080985649462058,-0.0144734464626419,pico-lm/pico-decoder-medium,0.8591956418414916,0.8653112906283371,72,89,-0.02495350617671015,0.0077235660279985,181095168
ds003604,pico-decoder-medium,pico-lm/pico-decoder-medium@61e1f3d4e3510de47689cd42fb60857460ac5abe,37000,,Sem,ses-5,72,-0.012618022454986,-0.0085376422798617,-0.0084703043221275,pico-lm/pico-decoder-medium,0.8591956418414916,0.8653112906283371,72,89,-0.014685854816421231,0.0077235660279985,181095168
ds003604,pico-decoder-medium,pico-lm/pico-decoder-medium@150ab61d99f66be09f5eb2bf847ee0665582b9a7,45000,,Sem,ses-5,72,0.0033049544537229,-6.56907914032296e-05,0.0019894098227109,pico-lm/pico-decoder-medium,0.8591956418414916,0.8653112906283371,72,89,0.003846567990777371,0.0077235660279985,181095168
ds003604,pico-decoder-medium,pico-lm/pico-decoder-medium@82ba8a99abaa71414eba85a5d52d4e1391036516,55000,,Sem,ses-5,72,0.0001948837545733,0.0043903406135708,3.675018145402093e-06,pico-lm/pico-decoder-medium,0.8591956418414916,0.8653112906283371,72,89,0.00022682116282109012,0.0077235660279985,181095168
ds003604,pico-decoder-medium,pico-lm/pico-decoder-medium@2c63090738dceda752da9ab9addfb006b940ab33,68000,,Sem,ses-5,72,0.0025797254818216,0.0032141231275074,0.0015557576815535,pico-lm/pico-decoder-medium,0.8591956418414916,0.8653112906283371,72,89,0.0030024890213508786,0.0077235660279985,181095168
ds003604,pico-decoder-medium,pico-lm/pico-decoder-medium@4f83bfb44212f15f6b9bce8eac266f625ddcaa16,83000,,Sem,ses-5,72,0.0024193476612115,0.0017017326144866,0.0013811943196469,pico-lm/pico-decoder-medium,0.8591956418414916,0.8653112906283371,72,89,0.0028158285999055764,0.0077235660279985,181095168
ds003604,pico-decoder-medium,pico-lm/pico-decoder-medium@44b1c3539608b56da6f5355f1863e011aece543c,102000,,Sem,ses-5,72,0.00224165183859,0.003864041989676,0.0014663322400154,pico-lm/pico-decoder-medium,0.8591956418414916,0.8653112906283371,72,89,0.0026090121148491002,0.0077235660279985,181095168
ds003604,pico-decoder-medium,pico-lm/pico-decoder-medium@beb2346dad2ddcdb97d3ba99ba24d14448c1cfc6,125000,,Sem,ses-5,72,-0.0126256455665399,-0.003095203284385,-0.0085983174541924,pico-lm/pico-decoder-medium,0.8591956418414916,0.8653112906283371,72,89,-0.014694727197963532,0.0077235660279985,181095168
ds003604,pico-decoder-medium,pico-lm/pico-decoder-medium@a6f849d1da39698d655fd3552435d28fba898dc9,0,,Sem,ses-7,72,0.0003553621818592,0.0023503722269267,0.0001672133256157,pico-lm/pico-decoder-medium,0.8546161144168992,0.8628169351539338,72,117,0.00041581497922217635,0.0074296612798053,181095168
ds003604,pico-decoder-medium,pico-lm/pico-decoder-medium@b09eab97230964af5bf3964d902db96684add7f0,1000,,Sem,ses-7,72,-0.0125266212899657,-0.0099072049649247,-0.0082069280217071,pico-lm/pico-decoder-medium,0.8546161144168992,0.8628169351539338,72,117,-0.014657600153622845,0.0074296612798053,181095168
ds003604,pico-decoder-medium,pico-lm/pico-decoder-medium@e8ea2825c02325ec936fec3fbf2cebf7dcd7e5fd,2000,,Sem,ses-7,72,-0.0026949618055917,-0.0052639701844537,-0.0015220700152207,pico-lm/pico-decoder-medium,0.8546161144168992,0.8628169351539338,72,117,-0.0031534179617364933,0.0074296612798053,181095168
ds003604,pico-decoder-medium,pico-lm/pico-decoder-medium@7d53111bd8fb071fbb1f180e4435cfea1b3e3149,3000,,Sem,ses-7,72,0.0016985805953846,0.0022119800337504,0.000964692263168,pico-lm/pico-decoder-medium,0.8546161144168992,0.8628169351539338,72,117,0.0019875363531420584,0.0074296612798053,181095168
ds003604,pico-decoder-medium,pico-lm/pico-decoder-medium@94db452b6d8323e895d44d7e57364a44ce9d64b9,4000,,Sem,ses-7,72,-0.0036903304814682,0.0033565917556184,-0.002681538240095,pico-lm/pico-decoder-medium,0.8546161144168992,0.8628169351539338,72,117,-0.00431811478769751,0.0074296612798053,181095168
ds003604,pico-decoder-medium,pico-lm/pico-decoder-medium@2c8ff3af5ea6a6720939283915670af5878a5fad,5000,,Sem,ses-7,72,-0.0059927430033257,-0.0054605767882261,-0.0038250813863393,pico-lm/pico-decoder-medium,0.8546161144168992,0.8628169351539338,72,117,-0.0070122045468502805,0.0074296612798053,181095168
ds003604,pico-decoder-medium,pico-lm/pico-decoder-medium@a5e9eebb23febee9e0645d0ffebf5e1df3628c98,7000,,Sem,ses-7,72,-0.010796021901369,0.0037511839420675,-0.0073175736305198,pico-lm/pico-decoder-medium,0.8546161144168992,0.8628169351539338,72,117,-0.01263259809784312,0.0074296612798053,181095168
ds003604,pico-decoder-medium,pico-lm/pico-decoder-medium@5fab2f64dc273534e825a1815e1163dfc3f7fbe0,8000,,Sem,ses-7,72,-0.0079288157177493,-0.0073896089594849,-0.0051860631061865,pico-lm/pico-decoder-medium,0.8546161144168992,0.8628169351539338,72,117,-0.009277634231316941,0.0074296612798053,181095168
ds003604,pico-decoder-medium,pico-lm/pico-decoder-medium@63c66cd3b6df6ff5e2886a68acdafad325f8831a,10000,,Sem,ses-7,72,-0.0030010784568549,0.0052506614858473,-0.0019201969809725,pico-lm/pico-decoder-medium,0.8546161144168992,0.8628169351539338,72,117,-0.0035116099570653694,0.0074296612798053,181095168
ds003604,pico-decoder-medium,pico-lm/pico-decoder-medium@cd8069f46d2fe40350c306d28a0c0d88cd5c1012,13000,,Sem,ses-7,72,-0.0155806591009943,0.0004260411704512,-0.0103531386186219,pico-lm/pico-decoder-medium,0.8546161144168992,0.8628169351539338,72,117,-0.018231178699017296,0.0074296612798053,181095168
ds003604,pico-decoder-medium,pico-lm/pico-decoder-medium@3b58b6ffc7765d89d6b7a1916f16f92afefad334,16000,,Sem,ses-7,72,-0.0076664090740524,-0.0042834285729565,-0.0048865491273363,pico-lm/pico-decoder-medium,0.8546161144168992,0.8628169351539338,72,117,-0.00897058801574688,0.0074296612798053,181095168
ds003604,pico-decoder-medium,pico-lm/pico-decoder-medium@c60aa3fc6d8f92347eb5568ad75796fe2d48278c,20000,,Sem,ses-7,72,-0.0080065394051862,-0.0068114666343177,-0.0054249392856377,pico-lm/pico-decoder-medium,0.8546161144168992,0.8628169351539338,72,117,-0.009368579962535609,0.0074296612798053,181095168
ds003604,pico-decoder-medium,pico-lm/pico-decoder-medium@c3958dd8dab803279fc41b6b59648a5f570ab75e,24000,,Sem,ses-7,72,-0.0142809566678747,-0.0035825379419808,-0.0095966973836933,pico-lm/pico-decoder-medium,0.8546161144168992,0.8628169351539338,72,117,-0.01671037607056887,0.0074296612798053,181095168
ds003604,pico-decoder-medium,pico-lm/pico-decoder-medium@a7fda793c744670e4cf5da9c1d72830ad630fd7e,30000,,Sem,ses-7,72,-0.0266763006182233,-0.0079083366774951,-0.0177570751755586,pico-lm/pico-decoder-medium,0.8546161144168992,0.8628169351539338,72,117,-0.031214366507030376,0.0074296612798053,181095168
ds003604,pico-decoder-medium,pico-lm/pico-decoder-medium@61e1f3d4e3510de47689cd42fb60857460ac5abe,37000,,Sem,ses-7,72,-0.0158180441457853,-0.0085857066562842,-0.0104750267204444,pico-lm/pico-decoder-medium,0.8546161144168992,0.8628169351539338,72,117,-0.01850894674104979,0.0074296612798053,181095168
ds003604,pico-decoder-medium,pico-lm/pico-decoder-medium@150ab61d99f66be09f5eb2bf847ee0665582b9a7,45000,,Sem,ses-7,72,-0.0019028121473837,0.0010420737676147,-0.0013089189627873,pico-lm/pico-decoder-medium,0.8546161144168992,0.8628169351539338,72,117,-0.0022265109623892127,0.0074296612798053,181095168
ds003604,pico-decoder-medium,pico-lm/pico-decoder-medium@82ba8a99abaa71414eba85a5d52d4e1391036516,55000,,Sem,ses-7,72,-0.0049779989189165,0.0053156090087052,-0.0033742791605033,pico-lm/pico-decoder-medium,0.8546161144168992,0.8628169351539338,72,117,-0.005824836245116869,0.0074296612798053,181095168
ds003604,pico-decoder-medium,pico-lm/pico-decoder-medium@2c63090738dceda752da9ab9addfb006b940ab33,68000,,Sem,ses-7,72,-0.0006122397700985,0.0044700004122376,-0.0006216905695971,pico-lm/pico-decoder-medium,0.8546161144168992,0.8628169351539338,72,117,-0.0007163915584674278,0.0074296612798053,181095168
ds003604,pico-decoder-medium,pico-lm/pico-decoder-medium@4f83bfb44212f15f6b9bce8eac266f625ddcaa16,83000,,Sem,ses-7,72,-0.0039329556968334,0.0016561848127073,-0.0029632896312425,pico-lm/pico-decoder-medium,0.8546161144168992,0.8628169351539338,72,117,-0.004602014437226986,0.0074296612798053,181095168
ds003604,pico-decoder-medium,pico-lm/pico-decoder-medium@44b1c3539608b56da6f5355f1863e011aece543c,102000,,Sem,ses-7,72,-0.0032025986589395,0.0042415393301067,-0.0019483721200873,pico-lm/pico-decoder-medium,0.8546161144168992,0.8628169351539338,72,117,-0.003747411972362139,0.0074296612798053,181095168
ds003604,pico-decoder-medium,pico-lm/pico-decoder-medium@beb2346dad2ddcdb97d3ba99ba24d14448c1cfc6,125000,,Sem,ses-7,72,-0.0150261891214137,-0.0024752469913037,-0.0097124604552734,pico-lm/pico-decoder-medium,0.8546161144168992,0.8628169351539338,72,117,-0.0175823844974723,0.0074296612798053,181095168
ds003604,pico-decoder-medium,pico-lm/pico-decoder-medium@a6f849d1da39698d655fd3552435d28fba898dc9,0,,Sem,ses-9,72,0.0052139661281971,0.0024110162346841,0.0031697031504093,pico-lm/pico-decoder-medium,0.8812943730411821,0.886007959425842,72,83,0.0059162594108080795,0.0084082983710845,181095168
ds003604,pico-decoder-medium,pico-lm/pico-decoder-medium@b09eab97230964af5bf3964d902db96684add7f0,1000,,Sem,ses-9,72,-0.0080086737039527,-0.0093562747720929,-0.005394314134426,pico-lm/pico-decoder-medium,0.8812943730411821,0.886007959425842,72,83,-0.009087399113098006,0.0084082983710845,181095168
ds003604,pico-decoder-medium,pico-lm/pico-decoder-medium@e8ea2825c02325ec936fec3fbf2cebf7dcd7e5fd,2000,,Sem,ses-9,72,-0.0085756713705353,-0.0050593244687089,-0.0055768400356476,pico-lm/pico-decoder-medium,0.8812943730411821,0.886007959425842,72,83,-0.009730768325391959,0.0084082983710845,181095168
ds003604,pico-decoder-medium,pico-lm/pico-decoder-medium@7d53111bd8fb071fbb1f180e4435cfea1b3e3149,3000,,Sem,ses-9,72,0.0026398200051711,0.0026825392580808,0.0018797717813731,pico-lm/pico-decoder-medium,0.8812943730411821,0.886007959425842,72,83,0.002995389606382683,0.0084082983710845,181095168
ds003604,pico-decoder-medium,pico-lm/pico-decoder-medium@94db452b6d8323e895d44d7e57364a44ce9d64b9,4000,,Sem,ses-9,72,-0.0050064749199001,0.003482892897366,-0.0034741171534534,pico-lm/pico-decoder-medium,0.8812943730411821,0.886007959425842,72,83,-0.005680820249224661,0.0084082983710845,181095168
ds003604,pico-decoder-medium,pico-lm/pico-decoder-medium@2c8ff3af5ea6a6720939283915670af5878a5fad,5000,,Sem,ses-9,72,-0.0080513898612853,-0.0052395743275284,-0.0051211377856178,pico-lm/pico-decoder-medium,0.8812943730411821,0.886007959425842,72,83,-0.009135868907799173,0.0084082983710845,181095168
ds003604,pico-decoder-medium,pico-lm/pico-decoder-medium@a5e9eebb23febee9e0645d0ffebf5e1df3628c98,7000,,Sem,ses-9,72,-0.0099832852428033,0.0039364604576091,-0.0066989455760437,pico-lm/pico-decoder-medium,0.8812943730411821,0.886007959425842,72,83,-0.011327980239284689,0.0084082983710845,181095168
ds003604,pico-decoder-medium,pico-lm/pico-decoder-medium@5fab2f64dc273534e825a1815e1163dfc3f7fbe0,8000,,Sem,ses-9,72,-0.0020109729473643,-0.0072490250451294,-0.0014130444769071,pico-lm/pico-decoder-medium,0.8812943730411821,0.886007959425842,72,83,-0.0022818402214742485,0.0084082983710845,181095168
ds003604,pico-decoder-medium,pico-lm/pico-decoder-medium@63c66cd3b6df6ff5e2886a68acdafad325f8831a,10000,,Sem,ses-9,72,-0.0027645076075193,0.00519697756235,-0.0018601716845976,pico-lm/pico-decoder-medium,0.8812943730411821,0.886007959425842,72,83,-0.0031368719602503543,0.0084082983710845,181095168
ds003604,pico-decoder-medium,pico-lm/pico-decoder-medium@cd8069f46d2fe40350c306d28a0c0d88cd5c1012,13000,,Sem,ses-9,72,-0.011292274390724,0.0008066209110633,-0.0075098995801291,pico-lm/pico-decoder-medium,0.8812943730411821,0.886007959425842,72,83,-0.01281328320724036,0.0084082983710845,181095168
ds003604,pico-decoder-medium,pico-lm/pico-decoder-medium@3b58b6ffc7765d89d6b7a1916f16f92afefad334,16000,,Sem,ses-9,72,-0.0067838161701021,-0.0038838170225716,-0.0046305228632066,pico-lm/pico-decoder-medium,0.8812943730411821,0.886007959425842,72,83,-0.007697559836553159,0.0084082983710845,181095168
ds003604,pico-decoder-medium,pico-lm/pico-decoder-medium@c60aa3fc6d8f92347eb5568ad75796fe2d48278c,20000,,Sem,ses-9,72,-0.004774392565546,-0.006806509982458,-0.0032015533076694,pico-lm/pico-decoder-medium,0.8812943730411821,0.886007959425842,72,83,-0.00541747764605652,0.0084082983710845,181095168
ds003604,pico-decoder-medium,pico-lm/pico-decoder-medium@c3958dd8dab803279fc41b6b59648a5f570ab75e,24000,,Sem,ses-9,72,-0.0080597028471879,-0.0031594060318246,-0.0055995026475443,pico-lm/pico-decoder-medium,0.8812943730411821,0.886007959425842,72,83,-0.009145301608332495,0.0084082983710845,181095168
ds003604,pico-decoder-medium,pico-lm/pico-decoder-medium@a7fda793c744670e4cf5da9c1d72830ad630fd7e,30000,,Sem,ses-9,72,-0.0215388566463057,-0.0079357342365577,-0.0143184831975107,pico-lm/pico-decoder-medium,0.8812943730411821,0.886007959425842,72,83,-0.024440025155248787,0.0084082983710845,181095168
ds003604,pico-decoder-medium,pico-lm/pico-decoder-medium@61e1f3d4e3510de47689cd42fb60857460ac5abe,37000,,Sem,ses-9,72,-0.0125278623451744,-0.0086719154783632,-0.0083226910932872,pico-lm/pico-decoder-medium,0.8812943730411821,0.886007959425842,72,83,-0.014215298234508284,0.0084082983710845,181095168
ds003604,pico-decoder-medium,pico-lm/pico-decoder-medium@150ab61d99f66be09f5eb2bf847ee0665582b9a7,45000,,Sem,ses-9,72,0.0103392683115764,0.001489398422971,0.0069365967494464,pico-lm/pico-decoder-medium,0.8812943730411821,0.886007959425842,72,83,0.011731912318806166,0.0084082983710845,181095168
ds003604,pico-decoder-medium,pico-lm/pico-decoder-medium@82ba8a99abaa71414eba85a5d52d4e1391036516,55000,,Sem,ses-9,72,0.0060681951357455,0.0058196214758015,0.0041141828137776,pico-lm/pico-decoder-medium,0.8812943730411821,0.886007959425842,72,83,0.0068855484856953,0.0084082983710845,181095168
ds003604,pico-decoder-medium,pico-lm/pico-decoder-medium@2c63090738dceda752da9ab9addfb006b940ab33,68000,,Sem,ses-9,72,0.0067985277405895,0.004895319436595,0.0043653090537134,pico-lm/pico-decoder-medium,0.8812943730411821,0.886007959425842,72,83,0.007714252976708624,0.0084082983710845,181095168
ds003604,pico-decoder-medium,pico-lm/pico-decoder-medium@4f83bfb44212f15f6b9bce8eac266f625ddcaa16,83000,,Sem,ses-9,72,0.0044046853089471,0.001692943726358,0.0026006878408962,pico-lm/pico-decoder-medium,0.8812943730411821,0.886007959425842,72,83,0.00499797280419181,0.0084082983710845,181095168
ds003604,pico-decoder-medium,pico-lm/pico-decoder-medium@44b1c3539608b56da6f5355f1863e011aece543c,102000,,Sem,ses-9,72,0.0092013536297672,0.0043548444888746,0.0060349922977744,pico-lm/pico-decoder-medium,0.8812943730411821,0.886007959425842,72,83,0.010440726630325631,0.0084082983710845,181095168
ds003604,pico-decoder-medium,pico-lm/pico-decoder-medium@beb2346dad2ddcdb97d3ba99ba24d14448c1cfc6,125000,,Sem,ses-9,72,-0.0084869564037606,-0.0021750204300033,-0.0055425398662905,pico-lm/pico-decoder-medium,0.8812943730411821,0.886007959425842,72,83,-0.009630103928241027,0.0084082983710845,181095168
ds003604,pico-decoder-small,pico-lm/pico-decoder-small@a8294defc7001e32644ce53dbcb87ef35587ff22,0,,Gram,ses-5,60,0.025532852306323,0.0169131577003591,0.0166208365669901,pico-lm/pico-decoder-small,0.8398150343230842,0.8472510876978319,60,97,0.030402947390556344,0.0081285104156867,64595328
ds003604,pico-decoder-small,pico-lm/pico-decoder-small@5e3d06988f3cc3adbf36b55cd8b1ddb3ae9f9bde,1000,,Gram,ses-5,60,0.019283908923668,0.0058449291753837,0.0127078722378182,pico-lm/pico-decoder-small,0.8398150343230842,0.8472510876978319,60,97,0.022962090621789593,0.0081285104156867,64595328
ds003604,pico-decoder-small,pico-lm/pico-decoder-small@9f1ca389bbb1cc08b42a32bfe58fb818b24b3490,2000,,Gram,ses-5,60,0.0490557343268803,0.0356081344568058,0.0328373462615732,pico-lm/pico-decoder-small,0.8398150343230842,0.8472510876978319,60,97,0.05841254600356217,0.0081285104156867,64595328
ds003604,pico-decoder-small,pico-lm/pico-decoder-small@f2269f20ce160cf71bea0a02ccf685e126dd2dc1,3000,,Gram,ses-5,60,0.0464596809969275,0.0364993215232218,0.0306093966076145,pico-lm/pico-decoder-small,0.8398150343230842,0.8472510876978319,60,97,0.0553213256468734,0.0081285104156867,64595328
ds003604,pico-decoder-small,pico-lm/pico-decoder-small@10da1c98e1cd32fc61ab4ced31075c08cf699861,4000,,Gram,ses-5,60,0.0295172358394151,0.0193754508802812,0.0194402659742648,pico-lm/pico-decoder-small,0.8398150343230842,0.8472510876978319,60,97,0.03514730581503207,0.0081285104156867,64595328
ds003604,pico-decoder-small,pico-lm/pico-decoder-small@be2865b50166a683e659f4a1f99e058c77288911,5000,,Gram,ses-5,60,0.0369184233278582,0.0208115603957954,0.0240456320880959,pico-lm/pico-decoder-small,0.8398150343230842,0.8472510876978319,60,97,0.04396018387264946,0.0081285104156867,64595328
ds003604,pico-decoder-small,pico-lm/pico-decoder-small@c5bddf28e9cfbede4fe480513c4a3487279f7d47,7000,,Gram,ses-5,60,0.0345557489042706,0.0182391458735583,0.0229597621306046,pico-lm/pico-decoder-small,0.8398150343230842,0.8472510876978319,60,97,0.041146856738666936,0.0081285104156867,64595328
ds003604,pico-decoder-small,pico-lm/pico-decoder-small@9fe9969ca88ccf3b71599f85000ce082bf854421,8000,,Gram,ses-5,60,0.0392889596418146,0.0197124042317839,0.0265175831089734,pico-lm/pico-decoder-small,0.8398150343230842,0.8472510876978319,60,97,0.0467828724612946,0.0081285104156867,64595328
ds003604,pico-decoder-small,pico-lm/pico-decoder-small@8ce4e4fa15c0cec038fcb9f29d30cc50bac60a3d,10000,,Gram,ses-5,60,0.0410641087008377,0.017823454757795,0.0270196382775547,pico-lm/pico-decoder-small,0.8398150343230842,0.8472510876978319,60,97,0.04889661058989803,0.0081285104156867,64595328
ds003604,pico-decoder-small,pico-lm/pico-decoder-small@c2395fd6ba7da947893c62b8169b47a83345153b,13000,,Gram,ses-5,60,0.0290623801453271,0.0201523500011129,0.0190978975641381,pico-lm/pico-decoder-small,0.8398150343230842,0.8472510876978319,60,97,0.03460569167918295,0.0081285104156867,64595328
ds003604,pico-decoder-small,pico-lm/pico-decoder-small@cbb63c23390c0d43e0d6dfaa0c69aed19778fa74,16000,,Gram,ses-5,60,0.0404587712747192,0.0277189152560416,0.0268177942148681,pico-lm/pico-decoder-small,0.8398150343230842,0.8472510876978319,60,97,0.04817581207906116,0.0081285104156867,64595328
ds003604,pico-decoder-small,pico-lm/pico-decoder-small@082423f29dc36ca1b544cb85c655531783bb8985,20000,,Gram,ses-5,60,0.033851481067995,0.0208522977520283,0.0223465649781388,pico-lm/pico-decoder-small,0.8398150343230842,0.8472510876978319,60,97,0.04030825799073756,0.0081285104156867,64595328
ds003604,pico-decoder-small,pico-lm/pico-decoder-small@bbc3997ae0773f6e0f145401283a22dced84175c,24000,,Gram,ses-5,60,0.0309799023475527,0.0242461527921999,0.0205682932359882,pico-lm/pico-decoder-small,0.8398150343230842,0.8472510876978319,60,97,0.03688895897478594,0.0081285104156867,64595328
ds003604,pico-decoder-small,pico-lm/pico-decoder-small@4e76d0f5009af59c7519cc564d83ccb252becc09,30000,,Gram,ses-5,60,0.0183266864418925,0.0084232020095577,0.0119745906429947,pico-lm/pico-decoder-small,0.8398150343230842,0.8472510876978319,60,97,0.021822289067097198,0.0081285104156867,64595328
ds003604,pico-decoder-small,pico-lm/pico-decoder-small@ad19a8ed94822569698ab34f7cbdb71a73e75edb,37000,,Gram,ses-5,60,0.0214783696224692,0.02148142428573,0.0142715249766058,pico-lm/pico-decoder-small,0.8398150343230842,0.8472510876978319,60,97,0.02557511921631815,0.0081285104156867,64595328
ds003604,pico-decoder-small,pico-lm/pico-decoder-small@9b211dca4e657296153efe83773900826fe138d5,45000,,Gram,ses-5,60,0.0244159098844287,0.0212485750313355,0.0160753466001092,pico-lm/pico-decoder-small,0.8398150343230842,0.8472510876978319,60,97,0.029072961171871192,0.0081285104156867,64595328
ds003604,pico-decoder-small,pico-lm/pico-decoder-small@497f4bdf16cbdcb120415cd944d84b34d1fef37a,55000,,Gram,ses-5,60,0.0290315298538055,0.0194911321022811,0.019306129097163,pico-lm/pico-decoder-small,0.8398150343230842,0.8472510876978319,60,97,0.03456895705279409,0.0081285104156867,64595328
ds003604,pico-decoder-small,pico-lm/pico-decoder-small@e7396619711d862dc1bed1a5f5797fb2b5cc9768,68000,,Gram,ses-5,60,0.0174712487147267,0.0139488991025329,0.0120320778760383,pico-lm/pico-decoder-small,0.8398150343230842,0.8472510876978319,60,97,0.020803686527008942,0.0081285104156867,64595328
ds003604,pico-decoder-small,pico-lm/pico-decoder-small@d63e823855aefabdb4d0fb89c6cb30f1917edff8,83000,,Gram,ses-5,60,0.0124113118363145,0.0083526899557269,0.0084384870637756,pico-lm/pico-decoder-small,0.8398150343230842,0.8472510876978319,60,97,0.014778625446159563,0.0081285104156867,64595328
ds003604,pico-decoder-small,pico-lm/pico-decoder-small@a29b66f6847b3a1ec6358c6bdf5686f8db25e228,102000,,Gram,ses-5,60,0.0201432894981369,0.0162707960282614,0.0133747241411247,pico-lm/pico-decoder-small,0.8398150343230842,0.8472510876978319,60,97,0.023985388061518793,0.0081285104156867,64595328
ds003604,pico-decoder-small,pico-lm/pico-decoder-small@ef21ca419b33425716396ead8c1e60e01f301271,125000,,Gram,ses-5,60,0.0173604291700564,0.0132613864572162,0.0116028398693123,pico-lm/pico-decoder-small,0.8398150343230842,0.8472510876978319,60,97,0.020671729441054148,0.0081285104156867,64595328
ds003604,pico-decoder-small,pico-lm/pico-decoder-small@a8294defc7001e32644ce53dbcb87ef35587ff22,0,,Gram,ses-7,60,0.0199525504728141,0.019998371319973,0.0135676257453379,pico-lm/pico-decoder-small,0.8473571253286221,0.8585290564097823,60,104,0.0235468020229087,0.0080555141424375,64595328
ds003604,pico-decoder-small,pico-lm/pico-decoder-small@5e3d06988f3cc3adbf36b55cd8b1ddb3ae9f9bde,1000,,Gram,ses-7,60,0.0165545648490477,0.0083798395328723,0.0113179586922293,pico-lm/pico-decoder-small,0.8473571253286221,0.8585290564097823,60,104,0.019536703420800893,0.0080555141424375,64595328
ds003604,pico-decoder-small,pico-lm/pico-decoder-small@9f1ca389bbb1cc08b42a32bfe58fb818b24b3490,2000,,Gram,ses-7,60,0.0421926567704193,0.0383895261389673,0.0275945106079913,pico-lm/pico-decoder-small,0.8473571253286221,0.8585290564097823,60,104,0.04979324007460979,0.0080555141424375,64595328
ds003604,pico-decoder-small,pico-lm/pico-decoder-small@f2269f20ce160cf71bea0a02ccf685e126dd2dc1,3000,,Gram,ses-7,60,0.045478329674631,0.0401800978995224,0.0300907340161539,pico-lm/pico-decoder-small,0.8473571253286221,0.8585290564097823,60,104,0.05367079394888383,0.0080555141424375,64595328
ds003604,pico-decoder-small,pico-lm/pico-decoder-small@10da1c98e1cd32fc61ab4ced31075c08cf699861,4000,,Gram,ses-7,60,0.0237865648029974,0.0214209367791822,0.0159603721340219,pico-lm/pico-decoder-small,0.8473571253286221,0.8585290564097823,60,104,0.028071475523112517,0.0080555141424375,64595328
ds003604,pico-decoder-small,pico-lm/pico-decoder-small@be2865b50166a683e659f4a1f99e058c77288911,5000,,Gram,ses-7,60,0.0254649041930033,0.0231379679356319,0.0168967752855997,pico-lm/pico-decoder-small,0.8473571253286221,0.8585290564097823,60,104,0.030052150895795562,0.0080555141424375,64595328
ds003604,pico-decoder-small,pico-lm/pico-decoder-small@c5bddf28e9cfbede4fe480513c4a3487279f7d47,7000,,Gram,ses-7,60,0.0284409423987176,0.020493086407069,0.0188104613989198,pico-lm/pico-decoder-small,0.8473571253286221,0.8585290564097823,60,104,0.03356429249082862,0.0080555141424375,64595328
ds003604,pico-decoder-small,pico-lm/pico-decoder-small@9fe9969ca88ccf3b71599f85000ce082bf854421,8000,,Gram,ses-7,60,0.0334705764830658,0.0221664757395392,0.0224296020925352,pico-lm/pico-decoder-small,0.8473571253286221,0.8585290564097823,60,104,0.039499964634256465,0.0080555141424375,64595328
ds003604,pico-decoder-small,pico-lm/pico-decoder-small@8ce4e4fa15c0cec038fcb9f29d30cc50bac60a3d,10000,,Gram,ses-7,60,0.0294387316288702,0.0191780069125107,0.019576957839502,pico-lm/pico-decoder-small,0.8473571253286221,0.8585290564097823,60,104,0.034741823428289784,0.0080555141424375,64595328
ds003604,pico-decoder-small,pico-lm/pico-decoder-small@c2395fd6ba7da947893c62b8169b47a83345153b,13000,,Gram,ses-7,60,0.0198083508954053,0.0217555333817485,0.013032355730998,pico-lm/pico-decoder-small,0.8473571253286221,0.8585290564097823,60,104,0.02337662634007264,0.0080555141424375,64595328
ds003604,pico-decoder-small,pico-lm/pico-decoder-small@cbb63c23390c0d43e0d6dfaa0c69aed19778fa74,16000,,Gram,ses-7,60,0.0279520076929235,0.0300329350100801,0.0189126609243308,pico-lm/pico-decoder-small,0.8473571253286221,0.8585290564097823,60,104,0.03298728110899304,0.0080555141424375,64595328
ds003604,pico-decoder-small,pico-lm/pico-decoder-small@082423f29dc36ca1b544cb85c655531783bb8985,20000,,Gram,ses-7,60,0.0237615746818911,0.0228306442247752,0.0154659819298464,pico-lm/pico-decoder-small,0.8473571253286221,0.8585290564097823,60,104,0.028041983682707435,0.0080555141424375,64595328
ds003604,pico-decoder-small,pico-lm/pico-decoder-small@bbc3997ae0773f6e0f145401283a22dced84175c,24000,,Gram,ses-7,60,0.0196157118591428,0.0259761490113472,0.0131077278809886,pico-lm/pico-decoder-small,0.8473571253286221,0.8585290564097823,60,104,0.0231492853164307,0.0080555141424375,64595328
ds003604,pico-decoder-small,pico-lm/pico-decoder-small@4e76d0f5009af59c7519cc564d83ccb252becc09,30000,,Gram,ses-7,60,0.00510080767182,0.0094895409150535,0.003254416137305,pico-lm/pico-decoder-small,0.8473571253286221,0.8585290564097823,60,104,0.006019666937764647,0.0080555141424375,64595328
ds003604,pico-decoder-small,pico-lm/pico-decoder-small@ad19a8ed94822569698ab34f7cbdb71a73e75edb,37000,,Gram,ses-7,60,0.0206657622102442,0.0231247984547683,0.0137400874444689,pico-lm/pico-decoder-small,0.8473571253286221,0.8585290564097823,60,104,0.02438849169083178,0.0080555141424375,64595328
ds003604,pico-decoder-small,pico-lm/pico-decoder-small@9b211dca4e657296153efe83773900826fe138d5,45000,,Gram,ses-7,60,0.0161779039104199,0.0221885932038559,0.010569347168594,pico-lm/pico-decoder-small,0.8473571253286221,0.8585290564097823,60,104,0.01909219079752918,0.0080555141424375,64595328
ds003604,pico-decoder-small,pico-lm/pico-decoder-small@497f4bdf16cbdcb120415cd944d84b34d1fef37a,55000,,Gram,ses-7,60,0.0326383695274687,0.0220762228038663,0.0218841121256543,pico-lm/pico-decoder-small,0.8473571253286221,0.8585290564097823,60,104,0.03851784395488607,0.0080555141424375,64595328
ds003604,pico-decoder-small,pico-lm/pico-decoder-small@e7396619711d862dc1bed1a5f5797fb2b5cc9768,68000,,Gram,ses-7,60,0.0137759979397649,0.0155318202892822,0.0092573607611309,pico-lm/pico-decoder-small,0.8473571253286221,0.8585290564097823,60,104,0.016257605592709556,0.0080555141424375,64595328
ds003604,pico-decoder-small,pico-lm/pico-decoder-small@d63e823855aefabdb4d0fb89c6cb30f1917edff8,83000,,Gram,ses-7,60,0.0077027211721881,0.0092975031571286,0.0051502173336782,pico-lm/pico-decoder-small,0.8473571253286221,0.8585290564097823,60,104,0.009090289019757555,0.0080555141424375,64595328
ds003604,pico-decoder-small,pico-lm/pico-decoder-small@a29b66f6847b3a1ec6358c6bdf5686f8db25e228,102000,,Gram,ses-7,60,0.0138300876589415,0.0174028630133531,0.0093046280416335,pico-lm/pico-decoder-small,0.8473571253286221,0.8585290564097823,60,104,0.01632143903148028,0.0080555141424375,64595328
ds003604,pico-decoder-small,pico-lm/pico-decoder-small@ef21ca419b33425716396ead8c1e60e01f301271,125000,,Gram,ses-7,60,0.0167547584846159,0.014300818768096,0.0110432974676873,pico-lm/pico-decoder-small,0.8473571253286221,0.8585290564097823,60,104,0.019772959928929693,0.0080555141424375,64595328
ds003604,pico-decoder-small,pico-lm/pico-decoder-small@a8294defc7001e32644ce53dbcb87ef35587ff22,0,,Gram,ses-9,60,0.0093849081925479,0.0196697698570561,0.0061492176945703,pico-lm/pico-decoder-small,0.8562953703310558,0.8666432094643701,60,96,0.0109598959864977,0.0061329615387372,64595328
ds003604,pico-decoder-small,pico-lm/pico-decoder-small@5e3d06988f3cc3adbf36b55cd8b1ddb3ae9f9bde,1000,,Gram,ses-9,60,-0.0010277208945171,0.0076672205438651,-0.0004618141054507,pico-lm/pico-decoder-small,0.8562953703310558,0.8666432094643701,60,96,-0.0012001943840006615,0.0061329615387372,64595328
ds003604,pico-decoder-small,pico-lm/pico-decoder-small@9f1ca389bbb1cc08b42a32bfe58fb818b24b3490,2000,,Gram,ses-9,60,0.0025109910520358,0.036967926928515,0.001966702117127,pico-lm/pico-decoder-small,0.8562953703310558,0.8666432094643701,60,96,0.0029323889151298523,0.0061329615387372,64595328
ds003604,pico-decoder-small,pico-lm/pico-decoder-small@f2269f20ce160cf71bea0a02ccf685e126dd2dc1,3000,,Gram,ses-9,60,0.0045685449261238,0.0385456296589403,0.0028481730237965,pico-lm/pico-decoder-small,0.8562953703310558,0.8666432094643701,60,96,0.005335244221112086,0.0061329615387372,64595328
ds003604,pico-decoder-small,pico-lm/pico-decoder-small@10da1c98e1cd32fc61ab4ced31075c08cf699861,4000,,Gram,ses-9,60,-0.0029656000476647,0.0206328890105463,-0.0020842315713496,pico-lm/pico-decoder-small,0.8562953703310558,0.8666432094643701,60,96,-0.0034632909979627207,0.0061329615387372,64595328
ds003604,pico-decoder-small,pico-lm/pico-decoder-small@be2865b50166a683e659f4a1f99e058c77288911,5000,,Gram,ses-9,60,0.0014178809997072,0.022447002529201,0.0007019829901664,pico-lm/pico-decoder-small,0.8562953703310558,0.8666432094643701,60,96,0.0016558316777527682,0.0061329615387372,64595328
ds003604,pico-decoder-small,pico-lm/pico-decoder-small@c5bddf28e9cfbede4fe480513c4a3487279f7d47,7000,,Gram,ses-9,60,0.004327782378157,0.0201443792428031,0.002768968391603,pico-lm/pico-decoder-small,0.8562953703310558,0.8666432094643701,60,96,0.00505407658164007,0.0061329615387372,64595328
ds003604,pico-decoder-small,pico-lm/pico-decoder-small@9fe9969ca88ccf3b71599f85000ce082bf854421,8000,,Gram,ses-9,60,0.0068424879732201,0.0215377969010261,0.0043671134702168,pico-lm/pico-decoder-small,0.8562953703310558,0.8666432094643701,60,96,0.007990803419355985,0.0061329615387372,64595328
ds003604,pico-decoder-small,pico-lm/pico-decoder-small@8ce4e4fa15c0cec038fcb9f29d30cc50bac60a3d,10000,,Gram,ses-9,60,0.0065644739579236,0.0188252175377273,0.0041716568778683,pico-lm/pico-decoder-small,0.8562953703310558,0.8666432094643701,60,96,0.0076661327216865395,0.0061329615387372,64595328
ds003604,pico-decoder-small,pico-lm/pico-decoder-small@c2395fd6ba7da947893c62b8169b47a83345153b,13000,,Gram,ses-9,60,-0.0027625304274281,0.0211463470550139,-0.0021072264645671,pico-lm/pico-decoder-small,0.8562953703310558,0.8666432094643701,60,96,-0.003226141963561086,0.0061329615387372,64595328
ds003604,pico-decoder-small,pico-lm/pico-decoder-small@cbb63c23390c0d43e0d6dfaa0c69aed19778fa74,16000,,Gram,ses-9,60,0.0046312734194133,0.0291802059969443,0.0034460402474506,pico-lm/pico-decoder-small,0.8562953703310558,0.8666432094643701,60,96,0.005408499893702315,0.0061329615387372,64595328
ds003604,pico-decoder-small,pico-lm/pico-decoder-small@082423f29dc36ca1b544cb85c655531783bb8985,20000,,Gram,ses-9,60,-0.0023329721455096,0.0225722773422223,-0.0018325652400251,pico-lm/pico-decoder-small,0.8562953703310558,0.8666432094643701,60,96,-0.002724494638582059,0.0061329615387372,64595328
ds003604,pico-decoder-small,pico-lm/pico-decoder-small@bbc3997ae0773f6e0f145401283a22dced84175c,24000,,Gram,ses-9,60,-0.0017720144737769,0.0256795647119186,-0.0016230562129327,pico-lm/pico-decoder-small,0.8562953703310558,0.8666432094643701,60,96,-0.0020693963031609224,0.0061329615387372,64595328
ds003604,pico-decoder-small,pico-lm/pico-decoder-small@4e76d0f5009af59c7519cc564d83ccb252becc09,30000,,Gram,ses-9,60,-0.0125265784453139,0.0092844783080576,-0.0085125817196986,pico-lm/pico-decoder-small,0.8562953703310558,0.8666432094643701,60,96,-0.014628805525914439,0.0061329615387372,64595328
ds003604,pico-decoder-small,pico-lm/pico-decoder-small@ad19a8ed94822569698ab34f7cbdb71a73e75edb,37000,,Gram,ses-9,60,-0.0008323638471609,0.0225979777949792,-0.0007454177884661,pico-lm/pico-decoder-small,0.8562953703310558,0.8666432094643701,60,96,-0.0009720522567336741,0.0061329615387372,64595328
ds003604,pico-decoder-small,pico-lm/pico-decoder-small@9b211dca4e657296153efe83773900826fe138d5,45000,,Gram,ses-9,60,-0.0055819367518061,0.0216755097395903,-0.003757748799954,pico-lm/pico-decoder-small,0.8562953703310558,0.8666432094643701,60,96,-0.006518704812859194,0.0061329615387372,64595328
ds003604,pico-decoder-small,pico-lm/pico-decoder-small@497f4bdf16cbdcb120415cd944d84b34d1fef37a,55000,,Gram,ses-9,60,0.0019517970578839,0.0210873859566719,0.0018031828764695,pico-lm/pico-decoder-small,0.8562953703310558,0.8666432094643701,60,96,0.002279350240010416,0.0061329615387372,64595328
ds003604,pico-decoder-small,pico-lm/pico-decoder-small@e7396619711d862dc1bed1a5f5797fb2b5cc9768,68000,,Gram,ses-9,60,-0.0114729336543825,0.0149080129225837,-0.0071060607512303,pico-lm/pico-decoder-small,0.8562953703310558,0.8666432094643701,60,96,-0.013398336662671553,0.0061329615387372,64595328
ds003604,pico-decoder-small,pico-lm/pico-decoder-small@d63e823855aefabdb4d0fb89c6cb30f1917edff8,83000,,Gram,ses-9,60,-0.0141902327849365,0.008702387833143,-0.0091743236467345,pico-lm/pico-decoder-small,0.8562953703310558,0.8666432094643701,60,96,-0.016571656552867214,0.0061329615387372,64595328
ds003604,pico-decoder-small,pico-lm/pico-decoder-small@a29b66f6847b3a1ec6358c6bdf5686f8db25e228,102000,,Gram,ses-9,60,-0.0114277986564682,0.0168506888528872,-0.0075033614062654,pico-lm/pico-decoder-small,0.8562953703310558,0.8666432094643701,60,96,-0.013345627049285637,0.0061329615387372,64595328
ds003604,pico-decoder-small,pico-lm/pico-decoder-small@ef21ca419b33425716396ead8c1e60e01f301271,125000,,Gram,ses-9,60,-0.0066121451891195,0.0139643929387388,-0.0043364536125935,pico-lm/pico-decoder-small,0.8562953703310558,0.8666432094643701,60,96,-0.007721804202401739,0.0061329615387372,64595328
ds003604,pico-decoder-small,pico-lm/pico-decoder-small@a8294defc7001e32644ce53dbcb87ef35587ff22,0,,Phon,ses-5,72,-0.007366672323277,-0.0123065351030418,-0.0051419628884417,pico-lm/pico-decoder-small,0.8557220149626009,0.8634857149064381,72,93,-0.008608721283861042,0.0089146943876321,64595328
ds003604,pico-decoder-small,pico-lm/pico-decoder-small@5e3d06988f3cc3adbf36b55cd8b1ddb3ae9f9bde,1000,,Phon,ses-5,72,-0.0168406793866777,-0.0091102360855711,-0.0111138673747201,pico-lm/pico-decoder-small,0.8557220149626009,0.8634857149064381,72,93,-0.019680081956771577,0.0089146943876321,64595328
ds003604,pico-decoder-small,pico-lm/pico-decoder-small@9f1ca389bbb1cc08b42a32bfe58fb818b24b3490,2000,,Phon,ses-5,72,-0.0244809795911057,-0.0296891489931399,-0.0164346811462381,pico-lm/pico-decoder-small,0.8557220149626009,0.8634857149064381,72,93,-0.028608565822833987,0.0089146943876321,64595328
ds003604,pico-decoder-small,pico-lm/pico-decoder-small@f2269f20ce160cf71bea0a02ccf685e126dd2dc1,3000,,Phon,ses-5,72,0.0066305339946167,0.0017326022609699,0.004314471302702,pico-lm/pico-decoder-small,0.8557220149626009,0.8634857149064381,72,93,0.007748467234311466,0.0089146943876321,64595328
ds003604,pico-decoder-small,pico-lm/pico-decoder-small@10da1c98e1cd32fc61ab4ced31075c08cf699861,4000,,Phon,ses-5,72,-0.0083651253123877,-0.0150916902776761,-0.0058579789237709,pico-lm/pico-decoder-small,0.8557220149626009,0.8634857149064381,72,93,-0.009775517242890257,0.0089146943876321,64595328
ds003604,pico-decoder-small,pico-lm/pico-decoder-small@be2865b50166a683e659f4a1f99e058c77288911,5000,,Phon,ses-5,72,-0.0021499129225865,0.0019432820968113,-0.001329131562587,pico-lm/pico-decoder-small,0.8557220149626009,0.8634857149064381,72,93,-0.0025123964149507847,0.0089146943876321,64595328
ds003604,pico-decoder-small,pico-lm/pico-decoder-small@c5bddf28e9cfbede4fe480513c4a3487279f7d47,7000,,Phon,ses-5,72,-0.0205352087596249,-0.0093424874659746,-0.0135363168355643,pico-lm/pico-decoder-small,0.8557220149626009,0.8634857149064381,72,93,-0.0239975230279922,0.0089146943876321,64595328
ds003604,pico-decoder-small,pico-lm/pico-decoder-small@9fe9969ca88ccf3b71599f85000ce082bf854421,8000,,Phon,ses-5,72,-0.0222947311302936,-0.0107715366397262,-0.0148495233195213,pico-lm/pico-decoder-small,0.8557220149626009,0.8634857149064381,72,93,-0.026053707559771013,0.0089146943876321,64595328
ds003604,pico-decoder-small,pico-lm/pico-decoder-small@8ce4e4fa15c0cec038fcb9f29d30cc50bac60a3d,10000,,Phon,ses-5,72,-0.0230024883156933,-0.0091639209825333,-0.0150810494626817,pico-lm/pico-decoder-small,0.8557220149626009,0.8634857149064381,72,93,-0.0268807952974058,0.0089146943876321,64595328
ds003604,pico-decoder-small,pico-lm/pico-decoder-small@c2395fd6ba7da947893c62b8169b47a83345153b,13000,,Phon,ses-5,72,-0.0068479996362062,-0.005235181517386,-0.0047517984620049,pico-lm/pico-decoder-small,0.8557220149626009,0.8634857149064381,72,93,-0.008002598409841646,0.0089146943876321,64595328
ds003604,pico-decoder-small,pico-lm/pico-decoder-small@cbb63c23390c0d43e0d6dfaa0c69aed19778fa74,16000,,Phon,ses-5,72,-0.013049553232521,-0.0068039093749471,-0.008686517889682,pico-lm/pico-decoder-small,0.8557220149626009,0.8634857149064381,72,93,-0.01524975751978442,0.0089146943876321,64595328
ds003604,pico-decoder-small,pico-lm/pico-decoder-small@082423f29dc36ca1b544cb85c655531783bb8985,20000,,Phon,ses-5,72,-0.015610887095376,-0.0182839441437791,-0.0102043003837331,pico-lm/pico-decoder-small,0.8557220149626009,0.8634857149064381,72,93,-0.018242942009687887,0.0089146943876321,64595328
ds003604,pico-decoder-small,pico-lm/pico-decoder-small@bbc3997ae0773f6e0f145401283a22dced84175c,24000,,Phon,ses-5,72,-0.0135808017540745,-0.0220375160896402,-0.0089094689905031,pico-lm/pico-decoder-small,0.8557220149626009,0.8634857149064381,72,93,-0.01587057656179156,0.0089146943876321,64595328
ds003604,pico-decoder-small,pico-lm/pico-decoder-small@4e76d0f5009af59c7519cc564d83ccb252becc09,30000,,Phon,ses-5,72,-0.016919021086552,-0.0180984474411984,-0.0113386559846139,pico-lm/pico-decoder-small,0.8557220149626009,0.8634857149064381,72,93,-0.019771632365086975,0.0089146943876321,64595328
ds003604,pico-decoder-small,pico-lm/pico-decoder-small@ad19a8ed94822569698ab34f7cbdb71a73e75edb,37000,,Phon,ses-5,72,-0.023500596998218,-0.0262685418639566,-0.0156892649657457,pico-lm/pico-decoder-small,0.8557220149626009,0.8634857149064381,72,93,-0.027462886997531653,0.0089146943876321,64595328
ds003604,pico-decoder-small,pico-lm/pico-decoder-small@9b211dca4e657296153efe83773900826fe138d5,45000,,Phon,ses-5,72,-0.0166081392719485,-0.0158922847479778,-0.0111941052708947,pico-lm/pico-decoder-small,0.8557220149626009,0.8634857149064381,72,93,-0.01940833469461967,0.0089146943876321,64595328
ds003604,pico-decoder-small,pico-lm/pico-decoder-small@497f4bdf16cbdcb120415cd944d84b34d1fef37a,55000,,Phon,ses-5,72,-0.0071430890771759,0.0056607302949514,-0.0045564099972743,pico-lm/pico-decoder-small,0.8557220149626009,0.8634857149064381,72,93,-0.008347441052440478,0.0089146943876321,64595328
ds003604,pico-decoder-small,pico-lm/pico-decoder-small@e7396619711d862dc1bed1a5f5797fb2b5cc9768,68000,,Phon,ses-5,72,-0.0342549411468732,-0.0196617783296716,-0.022546848825066,pico-lm/pico-decoder-small,0.8557220149626009,0.8634857149064381,72,93,-0.04003045445590213,0.0089146943876321,64595328
ds003604,pico-decoder-small,pico-lm/pico-decoder-small@d63e823855aefabdb4d0fb89c6cb30f1917edff8,83000,,Phon,ses-5,72,-0.0145753921654513,-0.007681067035939,-0.0090595322314403,pico-lm/pico-decoder-small,0.8557220149626009,0.8634857149064381,72,93,-0.01703285869779605,0.0089146943876321,64595328
ds003604,pico-decoder-small,pico-lm/pico-decoder-small@a29b66f6847b3a1ec6358c6bdf5686f8db25e228,102000,,Phon,ses-5,72,-0.0293923546134094,-0.0164878914133153,-0.0194628960980494,pico-lm/pico-decoder-small,0.8557220149626009,0.8634857149064381,72,93,-0.034348017346140125,0.0089146943876321,64595328
ds003604,pico-decoder-small,pico-lm/pico-decoder-small@ef21ca419b33425716396ead8c1e60e01f301271,125000,,Phon,ses-5,72,-0.0254577820235711,-0.0162124044729419,-0.0171096594789436,pico-lm/pico-decoder-small,0.8557220149626009,0.8634857149064381,72,93,-0.029750060859055644,0.0089146943876321,64595328
ds003604,pico-decoder-small,pico-lm/pico-decoder-small@a8294defc7001e32644ce53dbcb87ef35587ff22,0,,Phon,ses-7,72,-0.0016314572584879,-0.0128817558469941,-0.0010945429043055,pico-lm/pico-decoder-small,0.8460260208123772,0.8625655350367195,72,104,-0.0019283771637677648,0.0081448036195669,64595328
ds003604,pico-decoder-small,pico-lm/pico-decoder-small@5e3d06988f3cc3adbf36b55cd8b1ddb3ae9f9bde,1000,,Phon,ses-7,72,-0.0128407857566788,-0.0101638692953532,-0.0085413546729386,pico-lm/pico-decoder-small,0.8460260208123772,0.8625655350367195,72,104,-0.015177766925358546,0.0081448036195669,64595328
ds003604,pico-decoder-small,pico-lm/pico-decoder-small@9f1ca389bbb1cc08b42a32bfe58fb818b24b3490,2000,,Phon,ses-7,72,-0.0280163405794105,-0.030049675605798,-0.019047619047619,pico-lm/pico-decoder-small,0.8460260208123772,0.8625655350367195,72,104,-0.03311522327943111,0.0081448036195669,64595328
ds003604,pico-decoder-small,pico-lm/pico-decoder-small@f2269f20ce160cf71bea0a02ccf685e126dd2dc1,3000,,Phon,ses-7,72,0.0101988185175972,0.0003993609282857,0.0067951085508484,pico-lm/pico-decoder-small,0.8460260208123772,0.8625655350367195,72,104,0.012054970257066108,0.0081448036195669,64595328
ds003604,pico-decoder-small,pico-lm/pico-decoder-small@10da1c98e1cd32fc61ab4ced31075c08cf699861,4000,,Phon,ses-7,72,-0.001893864620804,-0.0149256433936052,-0.0013732317803319,pico-lm/pico-decoder-small,0.8460260208123772,0.8625655350367195,72,104,-0.0022385418110254574,0.0081448036195669,64595328
ds003604,pico-decoder-small,pico-lm/pico-decoder-small@be2865b50166a683e659f4a1f99e058c77288911,5000,,Phon,ses-7,72,0.0013557425074318,0.0028245123360324,0.0009028294577204,pico-lm/pico-decoder-small,0.8460260208123772,0.8625655350367195,72,104,0.0016024832263787574,0.0081448036195669,64595328
ds003604,pico-decoder-small,pico-lm/pico-decoder-small@c5bddf28e9cfbede4fe480513c4a3487279f7d47,7000,,Phon,ses-7,72,-0.0164412313594558,-0.0088188182407821,-0.0108596786196631,pico-lm/pico-decoder-small,0.8460260208123772,0.8625655350367195,72,104,-0.01943348189653609,0.0081448036195669,64595328
ds003604,pico-decoder-small,pico-lm/pico-decoder-small@9fe9969ca88ccf3b71599f85000ce082bf854421,8000,,Phon,ses-7,72,-0.0162216716617701,-0.0104398900185523,-0.0109601291156375,pico-lm/pico-decoder-small,0.8460260208123772,0.8625655350367195,72,104,-0.01917396304926131,0.0081448036195669,64595328
ds003604,pico-decoder-small,pico-lm/pico-decoder-small@8ce4e4fa15c0cec038fcb9f29d30cc50bac60a3d,10000,,Phon,ses-7,72,-0.0178490521940284,-0.008722117996975,-0.011726982901978,pico-lm/pico-decoder-small,0.8460260208123772,0.8625655350367195,72,104,-0.021097521535908857,0.0081448036195669,64595328
ds003604,pico-decoder-small,pico-lm/pico-decoder-small@c2395fd6ba7da947893c62b8169b47a83345153b,13000,,Phon,ses-7,72,0.0079828702474515,-0.0043791926512736,0.0050078247261345,pico-lm/pico-decoder-small,0.8460260208123772,0.8625655350367195,72,104,0.009435726621961498,0.0081448036195669,64595328
ds003604,pico-decoder-small,pico-lm/pico-decoder-small@cbb63c23390c0d43e0d6dfaa0c69aed19778fa74,16000,,Phon,ses-7,72,-0.0083603910496693,-0.0074401757398528,-0.0054329018249527,pico-lm/pico-decoder-small,0.8460260208123772,0.8625655350367195,72,104,-0.009881954980109743,0.0081448036195669,64595328
ds003604,pico-decoder-small,pico-lm/pico-decoder-small@082423f29dc36ca1b544cb85c655531783bb8985,20000,,Phon,ses-7,72,-0.0150307947513109,-0.0180227174782779,-0.0099347990530703,pico-lm/pico-decoder-small,0.8460260208123772,0.8625655350367195,72,104,-0.01776635042132383,0.0081448036195669,64595328
ds003604,pico-decoder-small,pico-lm/pico-decoder-small@bbc3997ae0773f6e0f145401283a22dced84175c,24000,,Phon,ses-7,72,-0.0079238170031972,-0.0204660916207582,-0.0052908011233305,pico-lm/pico-decoder-small,0.8460260208123772,0.8625655350367195,72,104,-0.009365925879665659,0.0081448036195669,64595328
ds003604,pico-decoder-small,pico-lm/pico-decoder-small@4e76d0f5009af59c7519cc564d83ccb252becc09,30000,,Phon,ses-7,72,-0.0120737654902437,-0.0173777243292582,-0.0082344906577976,pico-lm/pico-decoder-small,0.8460260208123772,0.8625655350367195,72,104,-0.014271151469608633,0.0081448036195669,64595328
ds003604,pico-decoder-small,pico-lm/pico-decoder-small@ad19a8ed94822569698ab34f7cbdb71a73e75edb,37000,,Phon,ses-7,72,-0.0157716989619306,-0.0265201499026372,-0.0104572641327416,pico-lm/pico-decoder-small,0.8460260208123772,0.8625655350367195,72,104,-0.018642096784193686,0.0081448036195669,64595328
ds003604,pico-decoder-small,pico-lm/pico-decoder-small@9b211dca4e657296153efe83773900826fe138d5,45000,,Phon,ses-7,72,-0.0169289365930773,-0.0163513349895473,-0.0112271804342033,pico-lm/pico-decoder-small,0.8460260208123772,0.8625655350367195,72,104,-0.020009947893590407,0.0081448036195669,64595328
ds003604,pico-decoder-small,pico-lm/pico-decoder-small@497f4bdf16cbdcb120415cd944d84b34d1fef37a,55000,,Phon,ses-7,72,-0.0069380246456245,0.0062911194258415,-0.0043481589690349,pico-lm/pico-decoder-small,0.8460260208123772,0.8625655350367195,72,104,-0.008200722525014562,0.0081448036195669,64595328
ds003604,pico-decoder-small,pico-lm/pico-decoder-small@e7396619711d862dc1bed1a5f5797fb2b5cc9768,68000,,Phon,ses-7,72,-0.0287111920841546,-0.0195181041621213,-0.0188485555647431,pico-lm/pico-decoder-small,0.8460260208123772,0.8625655350367195,72,104,-0.03393653549400919,0.0081448036195669,64595328
ds003604,pico-decoder-small,pico-lm/pico-decoder-small@d63e823855aefabdb4d0fb89c6cb30f1917edff8,83000,,Phon,ses-7,72,-0.0130835166090537,-0.0068146361517371,-0.0086001549632651,pico-lm/pico-decoder-small,0.8460260208123772,0.8625655350367195,72,104,-0.015464674001977565,0.0081448036195669,64595328
ds003604,pico-decoder-small,pico-lm/pico-decoder-small@a29b66f6847b3a1ec6358c6bdf5686f8db25e228,102000,,Phon,ses-7,72,-0.0282123741245651,-0.0158863369926028,-0.0188307929770403,pico-lm/pico-decoder-small,0.8460260208123772,0.8625655350367195,72,104,-0.03334693429106922,0.0081448036195669,64595328
ds003604,pico-decoder-small,pico-lm/pico-decoder-small@ef21ca419b33425716396ead8c1e60e01f301271,125000,,Phon,ses-7,72,-0.0263625206127359,-0.0156086381076358,-0.0174869613418716,pico-lm/pico-decoder-small,0.8460260208123772,0.8625655350367195,72,104,-0.03116041346745091,0.0081448036195669,64595328
ds003604,pico-decoder-small,pico-lm/pico-decoder-small@a8294defc7001e32644ce53dbcb87ef35587ff22,0,,Phon,ses-9,72,-0.0125040983297168,-0.0128251291250361,-0.0081879404279558,pico-lm/pico-decoder-small,0.8734471064940128,0.8799092800838068,72,96,-0.014315804857271587,0.008728626502912,64595328
ds003604,pico-decoder-small,pico-lm/pico-decoder-small@5e3d06988f3cc3adbf36b55cd8b1ddb3ae9f9bde,1000,,Phon,ses-9,72,-0.0169675048808879,-0.0099318111981204,-0.0111193799019382,pico-lm/pico-decoder-small,0.8734471064940128,0.8799092800838068,72,96,-0.019425910000429092,0.008728626502912,64595328
ds003604,pico-decoder-small,pico-lm/pico-decoder-small@9f1ca389bbb1cc08b42a32bfe58fb818b24b3490,2000,,Phon,ses-9,72,-0.0246975016857995,-0.02979444479134,-0.0166496697077441,pico-lm/pico-decoder-small,0.8734471064940128,0.8799092800838068,72,96,-0.02827589845129196,0.008728626502912,64595328
ds003604,pico-decoder-small,pico-lm/pico-decoder-small@f2269f20ce160cf71bea0a02ccf685e126dd2dc1,3000,,Phon,ses-9,72,0.00450328919334,0.0010561561663176,0.002917351904425,pico-lm/pico-decoder-small,0.8734471064940128,0.8799092800838068,72,96,0.005155766342184189,0.008728626502912,64595328
ds003604,pico-decoder-small,pico-lm/pico-decoder-small@10da1c98e1cd32fc61ab4ced31075c08cf699861,4000,,Phon,ses-9,72,-0.0080846921082337,-0.0145853346793171,-0.0055388648481451,pico-lm/pico-decoder-small,0.8734471064940128,0.8799092800838068,72,96,-0.009256075208360793,0.008728626502912,64595328
ds003604,pico-decoder-small,pico-lm/pico-decoder-small@be2865b50166a683e659f4a1f99e058c77288911,5000,,Phon,ses-9,72,-0.0012337073282308,0.0026463485201036,-0.0005984154546763,pico-lm/pico-decoder-small,0.8734471064940128,0.8799092800838068,72,96,-0.0014124579714767842,0.008728626502912,64595328
ds003604,pico-decoder-small,pico-lm/pico-decoder-small@c5bddf28e9cfbede4fe480513c4a3487279f7d47,7000,,Phon,ses-9,72,-0.0162622247755717,-0.008719157661567,-0.0109203164190623,pico-lm/pico-decoder-small,0.8734471064940128,0.8799092800838068,72,96,-0.018618442553262008,0.008728626502912,64595328
ds003604,pico-decoder-small,pico-lm/pico-decoder-small@9fe9969ca88ccf3b71599f85000ce082bf854421,8000,,Phon,ses-9,72,-0.0220956995061983,-0.0105397214323372,-0.0148574858588364,pico-lm/pico-decoder-small,0.8734471064940128,0.8799092800838068,72,96,-0.025297123708944082,0.008728626502912,64595328
ds003604,pico-decoder-small,pico-lm/pico-decoder-small@8ce4e4fa15c0cec038fcb9f29d30cc50bac60a3d,10000,,Phon,ses-9,72,-0.0219202745199749,-0.0090173998857027,-0.0142057826410517,pico-lm/pico-decoder-small,0.8734471064940128,0.8799092800838068,72,96,-0.02509628156873991,0.008728626502912,64595328
ds003604,pico-decoder-small,pico-lm/pico-decoder-small@c2395fd6ba7da947893c62b8169b47a83345153b,13000,,Phon,ses-9,72,-0.0068284036116057,-0.0045230037519153,-0.004324883854114,pico-lm/pico-decoder-small,0.8734471064940128,0.8799092800838068,72,96,-0.007817764305173192,0.008728626502912,64595328
ds003604,pico-decoder-small,pico-lm/pico-decoder-small@cbb63c23390c0d43e0d6dfaa0c69aed19778fa74,16000,,Phon,ses-9,72,-0.0131478481106951,-0.0073313401397308,-0.0087826808644867,pico-lm/pico-decoder-small,0.8734471064940128,0.8799092800838068,72,96,-0.015052826911832268,0.008728626502912,64595328
ds003604,pico-decoder-small,pico-lm/pico-decoder-small@082423f29dc36ca1b544cb85c655531783bb8985,20000,,Phon,ses-9,72,-0.0148617848779118,-0.017768672633258,-0.0097124604552734,pico-lm/pico-decoder-small,0.8734471064940128,0.8799092800838068,72,96,-0.017015094294108433,0.008728626502912,64595328
ds003604,pico-decoder-small,pico-lm/pico-decoder-small@bbc3997ae0773f6e0f145401283a22dced84175c,24000,,Phon,ses-9,72,-0.0114889439137939,-0.0203810471173666,-0.0077120255781262,pico-lm/pico-decoder-small,0.8734471064940128,0.8799092800838068,72,96,-0.013153565714940809,0.008728626502912,64595328
ds003604,pico-decoder-small,pico-lm/pico-decoder-small@4e76d0f5009af59c7519cc564d83ccb252becc09,30000,,Phon,ses-9,72,-0.012447724816136,-0.0177310842345809,-0.008301253487439,pico-lm/pico-decoder-small,0.8734471064940128,0.8799092800838068,72,96,-0.014251263440668715,0.008728626502912,64595328
ds003604,pico-decoder-small,pico-lm/pico-decoder-small@ad19a8ed94822569698ab34f7cbdb71a73e75edb,37000,,Phon,ses-9,72,-0.0210085078358821,-0.0268817766110475,-0.0139393438255101,pico-lm/pico-decoder-small,0.8734471064940128,0.8799092800838068,72,96,-0.024052409905173926,0.008728626502912,64595328
ds003604,pico-decoder-small,pico-lm/pico-decoder-small@9b211dca4e657296153efe83773900826fe138d5,45000,,Phon,ses-9,72,-0.012291172923685,-0.0165013183631196,-0.0083698538261532,pico-lm/pico-decoder-small,0.8734471064940128,0.8799092800838068,72,96,-0.014072028898259623,0.008728626502912,64595328
ds003604,pico-decoder-small,pico-lm/pico-decoder-small@497f4bdf16cbdcb120415cd944d84b34d1fef37a,55000,,Phon,ses-9,72,-0.0005420752371143,0.0055398293602672,-0.0002682763246143,pico-lm/pico-decoder-small,0.8734471064940128,0.8799092800838068,72,96,-0.0006206159858839898,0.008728626502912,64595328
ds003604,pico-decoder-small,pico-lm/pico-decoder-small@e7396619711d862dc1bed1a5f5797fb2b5cc9768,68000,,Phon,ses-9,72,-0.025829246303902,-0.0199406288330409,-0.0168536332148139,pico-lm/pico-decoder-small,0.8734471064940128,0.8799092800838068,72,96,-0.029571620435700708,0.008728626502912,64595328
ds003604,pico-decoder-small,pico-lm/pico-decoder-small@d63e823855aefabdb4d0fb89c6cb30f1917edff8,83000,,Phon,ses-9,72,-0.0124114834170141,-0.0070389168832774,-0.0081524152525503,pico-lm/pico-decoder-small,0.8734471064940128,0.8799092800838068,72,96,-0.014209771060818296,0.008728626502912,64595328
ds003604,pico-decoder-small,pico-lm/pico-decoder-small@a29b66f6847b3a1ec6358c6bdf5686f8db25e228,102000,,Phon,ses-9,72,-0.0246287672048509,-0.0160123788320842,-0.0163385181714334,pico-lm/pico-decoder-small,0.8734471064940128,0.8799092800838068,72,96,-0.02819720509889825,0.008728626502912,64595328
ds003604,pico-decoder-small,pico-lm/pico-decoder-small@ef21ca419b33425716396ead8c1e60e01f301271,125000,,Phon,ses-9,72,-0.023493296546646,-0.0154925710924892,-0.0157811404193808,pico-lm/pico-decoder-small,0.8734471064940128,0.8799092800838068,72,96,-0.02689721721209576,0.008728626502912,64595328
ds003604,pico-decoder-small,pico-lm/pico-decoder-small@a8294defc7001e32644ce53dbcb87ef35587ff22,0,,Plaus,ses-5,60,0.0218749070992302,0.0216792486385218,0.0143647820435433,pico-lm/pico-decoder-small,0.8377735419584034,0.851372700209319,60,82,0.02611076383254452,0.0058908227201663,64595328
ds003604,pico-decoder-small,pico-lm/pico-decoder-small@5e3d06988f3cc3adbf36b55cd8b1ddb3ae9f9bde,1000,,Plaus,ses-5,60,-0.0074883510313058,-0.0101627736236499,-0.0051233899582578,pico-lm/pico-decoder-small,0.8377735419584034,0.851372700209319,60,82,-0.008938395230053239,0.0058908227201663,64595328
ds003604,pico-decoder-small,pico-lm/pico-decoder-small@9f1ca389bbb1cc08b42a32bfe58fb818b24b3490,2000,,Plaus,ses-5,60,0.0061642706286208,0.010053234379349,0.0040055826490755,pico-lm/pico-decoder-small,0.8377735419584034,0.851372700209319,60,82,0.007357919914982066,0.0058908227201663,64595328
ds003604,pico-decoder-small,pico-lm/pico-decoder-small@f2269f20ce160cf71bea0a02ccf685e126dd2dc1,3000,,Plaus,ses-5,60,0.0134806652598326,0.0151167457647635,0.0086020063044332,pico-lm/pico-decoder-small,0.8377735419584034,0.851372700209319,60,82,0.016091061109807563,0.0058908227201663,64595328
ds003604,pico-decoder-small,pico-lm/pico-decoder-small@10da1c98e1cd32fc61ab4ced31075c08cf699861,4000,,Plaus,ses-5,60,0.0046120395956869,0.0130927287189071,0.003268468572049,pico-lm/pico-decoder-small,0.8377735419584034,0.851372700209319,60,82,0.005505114884513618,0.0058908227201663,64595328
ds003604,pico-decoder-small,pico-lm/pico-decoder-small@be2865b50166a683e659f4a1f99e058c77288911,5000,,Plaus,ses-5,60,0.0007990855234363,0.0066672479764248,0.0005422962317118,pico-lm/pico-decoder-small,0.8377735419584034,0.851372700209319,60,82,0.0009538204340618526,0.0058908227201663,64595328
ds003604,pico-decoder-small,pico-lm/pico-decoder-small@c5bddf28e9cfbede4fe480513c4a3487279f7d47,7000,,Plaus,ses-5,60,-0.0123477328825474,-0.0081376354541869,-0.0081842657443159,pico-lm/pico-decoder-small,0.8377735419584034,0.851372700209319,60,82,-0.014738747721350792,0.0058908227201663,64595328
ds003604,pico-decoder-small,pico-lm/pico-decoder-small@9fe9969ca88ccf3b71599f85000ce082bf854421,8000,,Plaus,ses-5,60,-0.0070157373762031,-0.0026326726351697,-0.0045919524261209,pico-lm/pico-decoder-small,0.8377735419584034,0.851372700209319,60,82,-0.008374264672769341,0.0058908227201663,64595328
ds003604,pico-decoder-small,pico-lm/pico-decoder-small@8ce4e4fa15c0cec038fcb9f29d30cc50bac60a3d,10000,,Plaus,ses-5,60,-0.0146349911543724,-0.0113017216411976,-0.0096073941356634,pico-lm/pico-decoder-small,0.8377735419584034,0.851372700209319,60,82,-0.01746891065592884,0.0058908227201663,64595328
ds003604,pico-decoder-small,pico-lm/pico-decoder-small@c2395fd6ba7da947893c62b8169b47a83345153b,13000,,Plaus,ses-5,60,-0.0101901687515382,-0.0097353072414429,-0.0070076937080223,pico-lm/pico-decoder-small,0.8377735419584034,0.851372700209319,60,82,-0.012163392899371553,0.0058908227201663,64595328
ds003604,pico-decoder-small,pico-lm/pico-decoder-small@cbb63c23390c0d43e0d6dfaa0c69aed19778fa74,16000,,Plaus,ses-5,60,-0.0137098113400043,-0.0114722825369569,-0.0089047723984631,pico-lm/pico-decoder-small,0.8377735419584034,0.851372700209319,60,82,-0.016364579034038068,0.0058908227201663,64595328
ds003604,pico-decoder-small,pico-lm/pico-decoder-small@082423f29dc36ca1b544cb85c655531783bb8985,20000,,Plaus,ses-5,60,-0.0157317281068548,-0.0109616245395665,-0.0104198803626805,pico-lm/pico-decoder-small,0.8377735419584034,0.851372700209319,60,82,-0.018778019737982966,0.0058908227201663,64595328
ds003604,pico-decoder-small,pico-lm/pico-decoder-small@bbc3997ae0773f6e0f145401283a22dced84175c,24000,,Plaus,ses-5,60,-0.0136862126847684,-0.0006878260651854,-0.0092420308323193,pico-lm/pico-decoder-small,0.8377735419584034,0.851372700209319,60,82,-0.016336410735501527,0.0058908227201663,64595328
ds003604,pico-decoder-small,pico-lm/pico-decoder-small@4e76d0f5009af59c7519cc564d83ccb252becc09,30000,,Plaus,ses-5,60,-0.007769279983659,-0.006694544912409,-0.0049649806938709,pico-lm/pico-decoder-small,0.8377735419584034,0.851372700209319,60,82,-0.009273723261177846,0.0058908227201663,64595328
ds003604,pico-decoder-small,pico-lm/pico-decoder-small@ad19a8ed94822569698ab34f7cbdb71a73e75edb,37000,,Plaus,ses-5,60,-0.0187781705903723,-0.0095484115970835,-0.0120550727692558,pico-lm/pico-decoder-small,0.8377735419584034,0.851372700209319,60,82,-0.02241437530537896,0.0058908227201663,64595328
ds003604,pico-decoder-small,pico-lm/pico-decoder-small@9b211dca4e657296153efe83773900826fe138d5,45000,,Plaus,ses-5,60,-0.0106211228273703,-0.0124996317520427,-0.006850561937703,pico-lm/pico-decoder-small,0.8377735419584034,0.851372700209319,60,82,-0.012677796916983149,0.0058908227201663,64595328
ds003604,pico-decoder-small,pico-lm/pico-decoder-small@497f4bdf16cbdcb120415cd944d84b34d1fef37a,55000,,Plaus,ses-5,60,-0.0144009240891474,-0.0147753750968619,-0.0092215909272371,pico-lm/pico-decoder-small,0.8377735419584034,0.851372700209319,60,82,-0.017189518847161713,0.0058908227201663,64595328
ds003604,pico-decoder-small,pico-lm/pico-decoder-small@e7396619711d862dc1bed1a5f5797fb2b5cc9768,68000,,Plaus,ses-5,60,-0.0202826914397219,-0.024440095793419,-0.0134603162436564,pico-lm/pico-decoder-small,0.8377735419584034,0.851372700209319,60,82,-0.024210231552918824,0.0058908227201663,64595328
ds003604,pico-decoder-small,pico-lm/pico-decoder-small@d63e823855aefabdb4d0fb89c6cb30f1917edff8,83000,,Plaus,ses-5,60,-0.021233272539295,-0.0256106315949587,-0.0143686145257462,pico-lm/pico-decoder-small,0.8377735419584034,0.851372700209319,60,82,-0.025344883164559594,0.0058908227201663,64595328
ds003604,pico-decoder-small,pico-lm/pico-decoder-small@a29b66f6847b3a1ec6358c6bdf5686f8db25e228,102000,,Plaus,ses-5,60,-0.0087539076346145,-0.0152321355677339,-0.0059001063513811,pico-lm/pico-decoder-small,0.8377735419584034,0.851372700209319,60,82,-0.010449014197978985,0.0058908227201663,64595328
ds003604,pico-decoder-small,pico-lm/pico-decoder-small@ef21ca419b33425716396ead8c1e60e01f301271,125000,,Plaus,ses-5,60,-0.0233936044538939,-0.0228111937323974,-0.0155490190442428,pico-lm/pico-decoder-small,0.8377735419584034,0.851372700209319,60,82,-0.02792354172370775,0.0058908227201663,64595328
ds003604,pico-decoder-small,pico-lm/pico-decoder-small@a8294defc7001e32644ce53dbcb87ef35587ff22,0,,Plaus,ses-7,60,0.0145844958750259,0.0216252730488888,0.0093659477568801,pico-lm/pico-decoder-small,0.8460574663445363,0.8583435840524389,60,103,0.017238185885929787,0.0063089941228393,64595328
ds003604,pico-decoder-small,pico-lm/pico-decoder-small@5e3d06988f3cc3adbf36b55cd8b1ddb3ae9f9bde,1000,,Plaus,ses-7,60,-0.0082802422650281,-0.0092833862222112,-0.0057480845573323,pico-lm/pico-decoder-small,0.8460574663445363,0.8583435840524389,60,103,-0.009786855614907101,0.0063089941228393,64595328
ds003604,pico-decoder-small,pico-lm/pico-decoder-small@9f1ca389bbb1cc08b42a32bfe58fb818b24b3490,2000,,Plaus,ses-7,60,0.0097302362628438,0.010564843278586,0.0065388533851995,pico-lm/pico-decoder-small,0.8460574663445363,0.8583435840524389,60,103,0.011500680095507127,0.0063089941228393,64595328
ds003604,pico-decoder-small,pico-lm/pico-decoder-small@f2269f20ce160cf71bea0a02ccf685e126dd2dc1,3000,,Plaus,ses-7,60,0.0123551251802352,0.0149715988834027,0.0077703576664015,pico-lm/pico-decoder-small,0.8460574663445363,0.8583435840524389,60,103,0.014603174928077375,0.0063089941228393,64595328
ds003604,pico-decoder-small,pico-lm/pico-decoder-small@10da1c98e1cd32fc61ab4ced31075c08cf699861,4000,,Plaus,ses-7,60,0.0076619856301285,0.0131490197664201,0.0050582377608083,pico-lm/pico-decoder-small,0.8460574663445363,0.8583435840524389,60,103,0.009056105447816406,0.0063089941228393,64595328
ds003604,pico-decoder-small,pico-lm/pico-decoder-small@be2865b50166a683e659f4a1f99e058c77288911,5000,,Plaus,ses-7,60,0.003412583031276,0.0071520277193048,0.0022758556814951,pico-lm/pico-decoder-small,0.8460574663445363,0.8583435840524389,60,103,0.00403351210411316,0.0063089941228393,64595328
ds003604,pico-decoder-small,pico-lm/pico-decoder-small@c5bddf28e9cfbede4fe480513c4a3487279f7d47,7000,,Plaus,ses-7,60,-0.0085312882435021,-0.0079745345530684,-0.0058681689996902,pico-lm/pico-decoder-small,0.8460574663445363,0.8583435840524389,60,103,-0.010083580114672662,0.0063089941228393,64595328
ds003604,pico-decoder-small,pico-lm/pico-decoder-small@9fe9969ca88ccf3b71599f85000ce082bf854421,8000,,Plaus,ses-7,60,-0.0002455872340602,-0.0024478464284403,-0.0001807654105706,pico-lm/pico-decoder-small,0.8460574663445363,0.8583435840524389,60,103,-0.000290272521465097,0.0063089941228393,64595328
ds003604,pico-decoder-small,pico-lm/pico-decoder-small@8ce4e4fa15c0cec038fcb9f29d30cc50bac60a3d,10000,,Plaus,ses-7,60,-0.0133040832636297,-0.010882275354719,-0.0092305333857105,pico-lm/pico-decoder-small,0.8460574663445363,0.8583435840524389,60,103,-0.0157247986015786,0.0063089941228393,64595328
ds003604,pico-decoder-small,pico-lm/pico-decoder-small@c2395fd6ba7da947893c62b8169b47a83345153b,13000,,Plaus,ses-7,60,-0.0056337499202896,-0.0087904625463998,-0.0041090596685541,pico-lm/pico-decoder-small,0.8460574663445363,0.8583435840524389,60,103,-0.006658826550672378,0.0063089941228393,64595328
ds003604,pico-decoder-small,pico-lm/pico-decoder-small@cbb63c23390c0d43e0d6dfaa0c69aed19778fa74,16000,,Plaus,ses-7,60,-0.0083706853825823,-0.0107646980079447,-0.0054389309929642,pico-lm/pico-decoder-small,0.8460574663445363,0.8583435840524389,60,103,-0.009893755111870312,0.0063089941228393,64595328
ds003604,pico-decoder-small,pico-lm/pico-decoder-small@082423f29dc36ca1b544cb85c655531783bb8985,20000,,Plaus,ses-7,60,-0.0105687318651272,-0.0105328370905655,-0.0070690134232689,pico-lm/pico-decoder-small,0.8460574663445363,0.8583435840524389,60,103,-0.012491742329029151,0.0063089941228393,64595328
ds003604,pico-decoder-small,pico-lm/pico-decoder-small@bbc3997ae0773f6e0f145401283a22dced84175c,24000,,Plaus,ses-7,60,-0.0054211153247075,-0.0004221785231989,-0.0037040940491132,pico-lm/pico-decoder-small,0.8460574663445363,0.8583435840524389,60,103,-0.006407502492862445,0.0063089941228393,64595328
ds003604,pico-decoder-small,pico-lm/pico-decoder-small@4e76d0f5009af59c7519cc564d83ccb252becc09,30000,,Plaus,ses-7,60,-0.0017971582404148,-0.0060658936691656,-0.0012768553206031,pico-lm/pico-decoder-small,0.8460574663445363,0.8583435840524389,60,103,-0.002124156232766996,0.0063089941228393,64595328
ds003604,pico-decoder-small,pico-lm/pico-decoder-small@ad19a8ed94822569698ab34f7cbdb71a73e75edb,37000,,Plaus,ses-7,60,-0.0111735520900902,-0.0086438604354675,-0.0072146477469795,pico-lm/pico-decoder-small,0.8460574663445363,0.8583435840524389,60,103,-0.013206611293635276,0.0063089941228393,64595328
ds003604,pico-decoder-small,pico-lm/pico-decoder-small@9b211dca4e657296153efe83773900826fe138d5,45000,,Plaus,ses-7,60,-0.0122398326029769,-0.0115940163725661,-0.0082570829061712,pico-lm/pico-decoder-small,0.8460574663445363,0.8583435840524389,60,103,-0.01446690454238309,0.0063089941228393,64595328
ds003604,pico-decoder-small,pico-lm/pico-decoder-small@497f4bdf16cbdcb120415cd944d84b34d1fef37a,55000,,Plaus,ses-7,60,-0.0144293225442286,-0.0141210626039582,-0.0093455078517979,pico-lm/pico-decoder-small,0.8460574663445363,0.8583435840524389,60,103,-0.017054778331514198,0.0063089941228393,64595328
ds003604,pico-decoder-small,pico-lm/pico-decoder-small@e7396619711d862dc1bed1a5f5797fb2b5cc9768,68000,,Plaus,ses-7,60,-0.0164954178114588,-0.0234503804348894,-0.0108682807804211,pico-lm/pico-decoder-small,0.8460574663445363,0.8583435840524389,60,103,-0.019496805438912638,0.0063089941228393,64595328
ds003604,pico-decoder-small,pico-lm/pico-decoder-small@d63e823855aefabdb4d0fb89c6cb30f1917edff8,83000,,Plaus,ses-7,60,-0.0192089623645865,-0.0246668938777618,-0.0131102828691239,pico-lm/pico-decoder-small,0.8460574663445363,0.8583435840524389,60,103,-0.022704087049288113,0.0063089941228393,64595328
ds003604,pico-decoder-small,pico-lm/pico-decoder-small@a29b66f6847b3a1ec6358c6bdf5686f8db25e228,102000,,Plaus,ses-7,60,-0.0140259229550649,-0.0146603799812786,-0.0095269120094023,pico-lm/pico-decoder-small,0.8460574663445363,0.8583435840524389,60,103,-0.016577979053438417,0.0063089941228393,64595328
ds003604,pico-decoder-small,pico-lm/pico-decoder-small@ef21ca419b33425716396ead8c1e60e01f301271,125000,,Plaus,ses-7,60,-0.0260763658001688,-0.0219740397792348,-0.0175942870465295,pico-lm/pico-decoder-small,0.8460574663445363,0.8583435840524389,60,103,-0.030821033839266227,0.0063089941228393,64595328
ds003604,pico-decoder-small,pico-lm/pico-decoder-small@a8294defc7001e32644ce53dbcb87ef35587ff22,0,,Plaus,ses-9,60,0.0174203033188933,0.0217886344332283,0.011343508573582,pico-lm/pico-decoder-small,0.8571028945001105,0.8668304036711462,60,89,0.020324634802515014,0.0059238995685712,64595328
ds003604,pico-decoder-small,pico-lm/pico-decoder-small@5e3d06988f3cc3adbf36b55cd8b1ddb3ae9f9bde,1000,,Plaus,ses-9,60,-0.0048470004018209,-0.0091028096134959,-0.0032135363271406,pico-lm/pico-decoder-small,0.8571028945001105,0.8668304036711462,60,89,-0.0056550974602038,0.0059238995685712,64595328
ds003604,pico-decoder-small,pico-lm/pico-decoder-small@9f1ca389bbb1cc08b42a32bfe58fb818b24b3490,2000,,Plaus,ses-9,60,0.0189833025231663,0.0109993688846778,0.0126222801352866,pico-lm/pico-decoder-small,0.8571028945001105,0.8668304036711462,60,89,0.022148218895279733,0.0059238995685712,64595328
ds003604,pico-decoder-small,pico-lm/pico-decoder-small@f2269f20ce160cf71bea0a02ccf685e126dd2dc1,3000,,Plaus,ses-9,60,0.0198287100103488,0.0148255425867963,0.0128420091149201,pico-lm/pico-decoder-small,0.8571028945001105,0.8668304036711462,60,89,0.023134573617224256,0.0059238995685712,64595328
ds003604,pico-decoder-small,pico-lm/pico-decoder-small@10da1c98e1cd32fc61ab4ced31075c08cf699861,4000,,Plaus,ses-9,60,0.014598960195209,0.0128634619348464,0.0097875207992002,pico-lm/pico-decoder-small,0.8571028945001105,0.8668304036711462,60,89,0.017032914354727008,0.0059238995685712,64595328
ds003604,pico-decoder-small,pico-lm/pico-decoder-small@be2865b50166a683e659f4a1f99e058c77288911,5000,,Plaus,ses-9,60,0.0117147219485741,0.0069027235470278,0.0076796555875993,pico-lm/pico-decoder-small,0.8571028945001105,0.8668304036711462,60,89,0.01366781284224515,0.0059238995685712,64595328
ds003604,pico-decoder-small,pico-lm/pico-decoder-small@c5bddf28e9cfbede4fe480513c4a3487279f7d47,7000,,Plaus,ses-9,60,-0.0031559214168243,-0.0080719185240018,-0.0020101369154266,pico-lm/pico-decoder-small,0.8571028945001105,0.8668304036711462,60,89,-0.003682079989550068,0.0059238995685712,64595328
ds003604,pico-decoder-small,pico-lm/pico-decoder-small@9fe9969ca88ccf3b71599f85000ce082bf854421,8000,,Plaus,ses-9,60,0.0055632439334725,-0.0027770740803,0.0038458958906209,pico-lm/pico-decoder-small,0.8571028945001105,0.8668304036711462,60,89,0.006490753874675875,0.0059238995685712,64595328
ds003604,pico-decoder-small,pico-lm/pico-decoder-small@8ce4e4fa15c0cec038fcb9f29d30cc50bac60a3d,10000,,Plaus,ses-9,60,-0.0047382864501396,-0.0107703617637197,-0.0035201349033735,pico-lm/pico-decoder-small,0.8571028945001105,0.8668304036711462,60,89,-0.005528258602957021,0.0059238995685712,64595328
ds003604,pico-decoder-small,pico-lm/pico-decoder-small@c2395fd6ba7da947893c62b8169b47a83345153b,13000,,Plaus,ses-9,60,0.0035062462129284,-0.0086841495058441,0.0021200014052434,pico-lm/pico-decoder-small,0.8571028945001105,0.8668304036711462,60,89,0.004090811307985786,0.0059238995685712,64595328
ds003604,pico-decoder-small,pico-lm/pico-decoder-small@cbb63c23390c0d43e0d6dfaa0c69aed19778fa74,16000,,Plaus,ses-9,60,0.0024875157460295,-0.0104082431047405,0.0018708900620542,pico-lm/pico-decoder-small,0.8571028945001105,0.8668304036711462,60,89,0.0029022370149389097,0.0059238995685712,64595328
ds003604,pico-decoder-small,pico-lm/pico-decoder-small@082423f29dc36ca1b544cb85c655531783bb8985,20000,,Plaus,ses-9,60,-0.000465629275481,-0.0103930719333212,-0.0002982948647932,pico-lm/pico-decoder-small,0.8571028945001105,0.8668304036711462,60,89,-0.0005432594831599184,0.0059238995685712,64595328
ds003604,pico-decoder-small,pico-lm/pico-decoder-small@bbc3997ae0773f6e0f145401283a22dced84175c,24000,,Plaus,ses-9,60,0.0017829968832517,-0.0003047610467374,0.001020079013008,pico-lm/pico-decoder-small,0.8571028945001105,0.8668304036711462,60,89,0.002080260018596251,0.0059238995685712,64595328
ds003604,pico-decoder-small,pico-lm/pico-decoder-small@4e76d0f5009af59c7519cc564d83ccb252becc09,30000,,Plaus,ses-9,60,0.0060426504522878,-0.0058773219943941,0.0039506504041671,pico-lm/pico-decoder-small,0.8571028945001105,0.8668304036711462,60,89,0.007050087557821241,0.0059238995685712,64595328
ds003604,pico-decoder-small,pico-lm/pico-decoder-small@ad19a8ed94822569698ab34f7cbdb71a73e75edb,37000,,Plaus,ses-9,60,-0.0004802169448937,-0.0085258809994924,6.387470338184617e-07,pico-lm/pico-decoder-small,0.8571028945001105,0.8668304036711462,60,89,-0.0005602792243208766,0.0059238995685712,64595328
ds003604,pico-decoder-small,pico-lm/pico-decoder-small@9b211dca4e657296153efe83773900826fe138d5,45000,,Plaus,ses-9,60,-0.0018517997850921,-0.0112419618866045,-0.0010443514002931,pico-lm/pico-decoder-small,0.8571028945001105,0.8668304036711462,60,89,-0.002160533813355196,0.0059238995685712,64595328
ds003604,pico-decoder-small,pico-lm/pico-decoder-small@497f4bdf16cbdcb120415cd944d84b34d1fef37a,55000,,Plaus,ses-9,60,-0.0077992754866599,-0.0141073403923463,-0.0046903194693289,pico-lm/pico-decoder-small,0.8571028945001105,0.8668304036711462,60,89,-0.009099578984864687,0.0059238995685712,64595328
ds003604,pico-decoder-small,pico-lm/pico-decoder-small@e7396619711d862dc1bed1a5f5797fb2b5cc9768,68000,,Plaus,ses-9,60,-0.0076790511042404,-0.0230398718017891,-0.0051093375235138,pico-lm/pico-decoder-small,0.8571028945001105,0.8668304036711462,60,89,-0.008959310665633753,0.0059238995685712,64595328
ds003604,pico-decoder-small,pico-lm/pico-decoder-small@d63e823855aefabdb4d0fb89c6cb30f1917edff8,83000,,Plaus,ses-9,60,-0.0116532074713861,-0.024426085704927,-0.0082583604002388,pico-lm/pico-decoder-small,0.8571028945001105,0.8668304036711462,60,89,-0.01359604260604279,0.0059238995685712,64595328
ds003604,pico-decoder-small,pico-lm/pico-decoder-small@a29b66f6847b3a1ec6358c6bdf5686f8db25e228,102000,,Plaus,ses-9,60,-0.0048700104431893,-0.0141891067875021,-0.0035559047372673,pico-lm/pico-decoder-small,0.8571028945001105,0.8668304036711462,60,89,-0.0056819437601242076,0.0059238995685712,64595328
ds003604,pico-decoder-small,pico-lm/pico-decoder-small@ef21ca419b33425716396ead8c1e60e01f301271,125000,,Plaus,ses-9,60,-0.0182723110718685,-0.0215615330993509,-0.012374446286165,pico-lm/pico-decoder-small,0.8571028945001105,0.8668304036711462,60,89,-0.021318690193579955,0.0059238995685712,64595328
ds003604,pico-decoder-small,pico-lm/pico-decoder-small@a8294defc7001e32644ce53dbcb87ef35587ff22,0,,Sem,ses-5,72,0.0139655504273338,0.0169889196531624,0.0095201345056641,pico-lm/pico-decoder-small,0.8591956418414916,0.8653112906283371,72,89,0.016254214694806646,0.0077235660279985,64595328
ds003604,pico-decoder-small,pico-lm/pico-decoder-small@5e3d06988f3cc3adbf36b55cd8b1ddb3ae9f9bde,1000,,Sem,ses-5,72,-0.0094758201394235,-0.0083325129346261,-0.0065011070992163,pico-lm/pico-decoder-small,0.8591956418414916,0.8653112906283371,72,89,-0.011028710666076264,0.0077235660279985,64595328
ds003604,pico-decoder-small,pico-lm/pico-decoder-small@9f1ca389bbb1cc08b42a32bfe58fb818b24b3490,2000,,Sem,ses-5,72,-0.0353644028235105,-0.0287116987095544,-0.0234080280771386,pico-lm/pico-decoder-small,0.8591956418414916,0.8653112906283371,72,89,-0.041159895489826855,0.0077235660279985,64595328
ds003604,pico-decoder-small,pico-lm/pico-decoder-small@f2269f20ce160cf71bea0a02ccf685e126dd2dc1,3000,,Sem,ses-5,72,-0.0210180870286623,-0.0178922917783995,-0.0139344438013162,pico-lm/pico-decoder-small,0.8591956418414916,0.8653112906283371,72,89,-0.024462515875446927,0.0077235660279985,64595328
ds003604,pico-decoder-small,pico-lm/pico-decoder-small@10da1c98e1cd32fc61ab4ced31075c08cf699861,4000,,Sem,ses-5,72,-0.0019841842640588,-0.0008789191248903,-0.0012341935938308,pico-lm/pico-decoder-small,0.8591956418414916,0.8653112906283371,72,89,-0.0023093509410803685,0.0077235660279985,64595328
ds003604,pico-decoder-small,pico-lm/pico-decoder-small@be2865b50166a683e659f4a1f99e058c77288911,5000,,Sem,ses-5,72,-0.0188793105464745,-0.0192598883141402,-0.0124282988647256,pico-lm/pico-decoder-small,0.8591956418414916,0.8653112906283371,72,89,-0.02197323825573762,0.0077235660279985,64595328
ds003604,pico-decoder-small,pico-lm/pico-decoder-small@c5bddf28e9cfbede4fe480513c4a3487279f7d47,7000,,Sem,ses-5,72,-0.0162185571665331,-0.0173661023922251,-0.0110783421993146,pico-lm/pico-decoder-small,0.8591956418414916,0.8653112906283371,72,89,-0.018876442543135218,0.0077235660279985,64595328
ds003604,pico-decoder-small,pico-lm/pico-decoder-small@9fe9969ca88ccf3b71599f85000ce082bf854421,8000,,Sem,ses-5,72,-0.0117241062696675,-0.0106597195077037,-0.0081095400408539,pico-lm/pico-decoder-small,0.8591956418414916,0.8653112906283371,72,89,-0.013645444295480282,0.0077235660279985,64595328
ds003604,pico-decoder-small,pico-lm/pico-decoder-small@8ce4e4fa15c0cec038fcb9f29d30cc50bac60a3d,10000,,Sem,ses-5,72,-0.0064146816529364,-0.0084321578838889,-0.0041968707220491,pico-lm/pico-decoder-small,0.8591956418414916,0.8653112906283371,72,89,-0.007465915026277345,0.0077235660279985,64595328
ds003604,pico-decoder-small,pico-lm/pico-decoder-small@c2395fd6ba7da947893c62b8169b47a83345153b,13000,,Sem,ses-5,72,0.0095614651653462,0.0043690024591079,0.0063712564580787,pico-lm/pico-decoder-small,0.8591956418414916,0.8653112906283371,72,89,0.011128391136683796,0.0077235660279985,64595328
ds003604,pico-decoder-small,pico-lm/pico-decoder-small@cbb63c23390c0d43e0d6dfaa0c69aed19778fa74,16000,,Sem,ses-5,72,0.0006150524453079,-0.0011113291566403,0.0003001264818745,pico-lm/pico-decoder-small,0.8591956418414916,0.8653112906283371,72,89,0.000715846793623946,0.0077235660279985,64595328
ds003604,pico-decoder-small,pico-lm/pico-decoder-small@082423f29dc36ca1b544cb85c655531783bb8985,20000,,Sem,ses-5,72,0.026516232522451,0.0127720456515945,0.0178122004477397,pico-lm/pico-decoder-small,0.8591956418414916,0.8653112906283371,72,89,0.03086169346206116,0.0077235660279985,64595328
ds003604,pico-decoder-small,pico-lm/pico-decoder-small@bbc3997ae0773f6e0f145401283a22dced84175c,24000,,Sem,ses-5,72,0.008015836899274,0.0034655681235907,0.0053961516434987,pico-lm/pico-decoder-small,0.8591956418414916,0.8653112906283371,72,89,0.009329466432224756,0.0077235660279985,64595328
ds003604,pico-decoder-small,pico-lm/pico-decoder-small@4e76d0f5009af59c7519cc564d83ccb252becc09,30000,,Sem,ses-5,72,-0.0096238355554275,-0.0026342153501869,-0.0062058806415356,pico-lm/pico-decoder-small,0.8591956418414916,0.8653112906283371,72,89,-0.011200982741021574,0.0077235660279985,64595328
ds003604,pico-decoder-small,pico-lm/pico-decoder-small@ad19a8ed94822569698ab34f7cbdb71a73e75edb,37000,,Sem,ses-5,72,-0.0130239179328924,-0.0071068832249368,-0.0086779428473428,pico-lm/pico-decoder-small,0.8591956418414916,0.8653112906283371,72,89,-0.01515826815063747,0.0077235660279985,64595328
ds003604,pico-decoder-small,pico-lm/pico-decoder-small@9b211dca4e657296153efe83773900826fe138d5,45000,,Sem,ses-5,72,-0.0246030600433109,-0.0107658498312424,-0.0166067944960478,pico-lm/pico-decoder-small,0.8591956418414916,0.8653112906283371,72,89,-0.02863499166566977,0.0077235660279985,64595328
ds003604,pico-decoder-small,pico-lm/pico-decoder-small@497f4bdf16cbdcb120415cd944d84b34d1fef37a,55000,,Sem,ses-5,72,0.0013780987480465,-0.000464629637673,0.0007974789375522,pico-lm/pico-decoder-small,0.8591956418414916,0.8653112906283371,72,89,0.001603940570616556,0.0077235660279985,64595328
ds003604,pico-decoder-small,pico-lm/pico-decoder-small@e7396619711d862dc1bed1a5f5797fb2b5cc9768,68000,,Sem,ses-5,72,-0.0016765082093197,0.0008946180364452,-0.0014565321916276,pico-lm/pico-decoder-small,0.8591956418414916,0.8653112906283371,72,89,-0.0019512531578098834,0.0077235660279985,64595328
ds003604,pico-decoder-small,pico-lm/pico-decoder-small@d63e823855aefabdb4d0fb89c6cb30f1917edff8,83000,,Sem,ses-5,72,7.874628243511173e-06,0.0042099379901877,0.0001292381381133,pico-lm/pico-decoder-small,0.8591956418414916,0.8653112906283371,72,89,9.165116604448422e-06,0.0077235660279985,64595328
ds003604,pico-decoder-small,pico-lm/pico-decoder-small@a29b66f6847b3a1ec6358c6bdf5686f8db25e228,102000,,Sem,ses-5,72,0.0028395048540403,0.0093392000921977,0.0018785467753247,pico-lm/pico-decoder-small,0.8591956418414916,0.8653112906283371,72,89,0.0033048408485341746,0.0077235660279985,64595328
ds003604,pico-decoder-small,pico-lm/pico-decoder-small@ef21ca419b33425716396ead8c1e60e01f301271,125000,,Sem,ses-5,72,-0.0020747309909533,7.635752058281729e-05,-0.0011196555282991,pico-lm/pico-decoder-small,0.8591956418414916,0.8653112906283371,72,89,-0.0024147363998571775,0.0077235660279985,64595328
ds003604,pico-decoder-small,pico-lm/pico-decoder-small@a8294defc7001e32644ce53dbcb87ef35587ff22,0,,Sem,ses-7,72,0.0180500262455869,0.0176738590180915,0.0120393594443372,pico-lm/pico-decoder-small,0.8546161144168992,0.8628169351539338,72,117,0.02112062473558944,0.0074296612798053,64595328
ds003604,pico-decoder-small,pico-lm/pico-decoder-small@5e3d06988f3cc3adbf36b55cd8b1ddb3ae9f9bde,1000,,Sem,ses-7,72,-0.0062997363699072,-0.0092887078794911,-0.0041742081101525,pico-lm/pico-decoder-small,0.8546161144168992,0.8628169351539338,72,117,-0.007371422400811482,0.0074296612798053,64595328
ds003604,pico-decoder-small,pico-lm/pico-decoder-small@9f1ca389bbb1cc08b42a32bfe58fb818b24b3490,2000,,Sem,ses-7,72,-0.0316979527737963,-0.029512219216992,-0.0210198787856515,pico-lm/pico-decoder-small,0.8546161144168992,0.8628169351539338,72,117,-0.03709028210335546,0.0074296612798053,64595328
ds003604,pico-decoder-small,pico-lm/pico-decoder-small@f2269f20ce160cf71bea0a02ccf685e126dd2dc1,3000,,Sem,ses-7,72,-0.0245791408061248,-0.0178699969856747,-0.0160922919556915,pico-lm/pico-decoder-small,0.8546161144168992,0.8628169351539338,72,117,-0.028760446230170888,0.0074296612798053,64595328
ds003604,pico-decoder-small,pico-lm/pico-decoder-small@10da1c98e1cd32fc61ab4ced31075c08cf699861,4000,,Sem,ses-7,72,-0.0033426366841669,-0.000414108663051,-0.0022540111291799,pico-lm/pico-decoder-small,0.8546161144168992,0.8628169351539338,72,117,-0.003911272708036363,0.0074296612798053,64595328
ds003604,pico-decoder-small,pico-lm/pico-decoder-small@be2865b50166a683e659f4a1f99e058c77288911,5000,,Sem,ses-7,72,-0.0195049920870873,-0.0189495187927794,-0.013021814295208,pico-lm/pico-decoder-small,0.8546161144168992,0.8628169351539338,72,117,-0.022823103564335985,0.0074296612798053,64595328
ds003604,pico-decoder-small,pico-lm/pico-decoder-small@c5bddf28e9cfbede4fe480513c4a3487279f7d47,7000,,Sem,ses-7,72,-0.0215366411435794,-0.016622587801226,-0.014523671710629,pico-lm/pico-decoder-small,0.8546161144168992,0.8628169351539338,72,117,-0.025200368657070964,0.0074296612798053,64595328
ds003604,pico-decoder-small,pico-lm/pico-decoder-small@9fe9969ca88ccf3b71599f85000ce082bf854421,8000,,Sem,ses-7,72,-0.0141270794757634,-0.0099261698224802,-0.009653660164947,pico-lm/pico-decoder-small,0.8546161144168992,0.8628169351539338,72,117,-0.016530321904124453,0.0074296612798053,64595328
ds003604,pico-decoder-small,pico-lm/pico-decoder-small@8ce4e4fa15c0cec038fcb9f29d30cc50bac60a3d,10000,,Sem,ses-7,72,-0.0085288389629218,-0.0079716987273132,-0.0059835420437388,pico-lm/pico-decoder-small,0.8546161144168992,0.8628169351539338,72,117,-0.009979731038351633,0.0074296612798053,64595328
ds003604,pico-decoder-small,pico-lm/pico-decoder-small@c2395fd6ba7da947893c62b8169b47a83345153b,13000,,Sem,ses-7,72,-0.0027863852478045,0.0050443300732148,-0.0018773217692762,pico-lm/pico-decoder-small,0.8546161144168992,0.8628169351539338,72,117,-0.0032603939953854467,0.0074296612798053,64595328
ds003604,pico-decoder-small,pico-lm/pico-decoder-small@cbb63c23390c0d43e0d6dfaa0c69aed19778fa74,16000,,Sem,ses-7,72,-0.0080434757089906,-0.0001856669832138,-0.0057030156586398,pico-lm/pico-decoder-small,0.8546161144168992,0.8628169351539338,72,117,-0.009411799723058847,0.0074296612798053,64595328
ds003604,pico-decoder-small,pico-lm/pico-decoder-small@082423f29dc36ca1b544cb85c655531783bb8985,20000,,Sem,ses-7,72,0.0173167782030002,0.0142073244210233,0.0116449074967307,pico-lm/pico-decoder-small,0.8546161144168992,0.8628169351539338,72,117,0.020262639459841407,0.0074296612798053,64595328
ds003604,pico-decoder-small,pico-lm/pico-decoder-small@bbc3997ae0773f6e0f145401283a22dced84175c,24000,,Sem,ses-7,72,0.0008315881937649,0.0043549644961516,0.0003656643054675,pico-lm/pico-decoder-small,0.8546161144168992,0.8628169351539338,72,117,0.0009730546613110483,0.0074296612798053,64595328
ds003604,pico-decoder-small,pico-lm/pico-decoder-small@4e76d0f5009af59c7519cc564d83ccb252becc09,30000,,Sem,ses-7,72,-0.0096742021318403,-0.0017592054314514,-0.0063804440034422,pico-lm/pico-decoder-small,0.8546161144168992,0.8628169351539338,72,117,-0.01131993882240445,0.0074296612798053,64595328
ds003604,pico-decoder-small,pico-lm/pico-decoder-small@ad19a8ed94822569698ab34f7cbdb71a73e75edb,37000,,Sem,ses-7,72,-0.0126773566793136,-0.006073753973077,-0.008623430078186,pico-lm/pico-decoder-small,0.8546161144168992,0.8628169351539338,72,117,-0.01483397804634576,0.0074296612798053,64595328
ds003604,pico-decoder-small,pico-lm/pico-decoder-small@9b211dca4e657296153efe83773900826fe138d5,45000,,Sem,ses-7,72,-0.0206122705988584,-0.0100214982374227,-0.0136147172226662,pico-lm/pico-decoder-small,0.8546161144168992,0.8628169351539338,72,117,-0.02411874788123093,0.0074296612798053,64595328
ds003604,pico-decoder-small,pico-lm/pico-decoder-small@497f4bdf16cbdcb120415cd944d84b34d1fef37a,55000,,Sem,ses-7,72,0.0001609828979035,0.0006675361527489,1.0412551411972596e-05,pico-lm/pico-decoder-small,0.8546161144168992,0.8628169351539338,72,117,0.00018836866657181853,0.0074296612798053,64595328
ds003604,pico-decoder-small,pico-lm/pico-decoder-small@e7396619711d862dc1bed1a5f5797fb2b5cc9768,68000,,Sem,ses-7,72,-0.0019309956703881,0.0016010403416913,-0.0011092429768871,pico-lm/pico-decoder-small,0.8546161144168992,0.8628169351539338,72,117,-0.0022594889539446724,0.0074296612798053,64595328
ds003604,pico-decoder-small,pico-lm/pico-decoder-small@d63e823855aefabdb4d0fb89c6cb30f1917edff8,83000,,Sem,ses-7,72,0.0022302725049309,0.0047164286143282,0.0013181065081508,pico-lm/pico-decoder-small,0.8546161144168992,0.8628169351539338,72,117,0.002609677570206601,0.0074296612798053,64595328
ds003604,pico-decoder-small,pico-lm/pico-decoder-small@a29b66f6847b3a1ec6358c6bdf5686f8db25e228,102000,,Sem,ses-7,72,-0.0004386106130391,0.0101781755894507,-0.0001849759133185,pico-lm/pico-decoder-small,0.8546161144168992,0.8628169351539338,72,117,-0.0005132253015593581,0.0074296612798053,64595328
ds003604,pico-decoder-small,pico-lm/pico-decoder-small@ef21ca419b33425716396ead8c1e60e01f301271,125000,,Sem,ses-7,72,-0.0094666634946819,0.0004288932051367,-0.0061562678965727,pico-lm/pico-decoder-small,0.8546161144168992,0.8628169351539338,72,117,-0.011077094539857772,0.0074296612798053,64595328
ds003604,pico-decoder-small,pico-lm/pico-decoder-small@a8294defc7001e32644ce53dbcb87ef35587ff22,0,,Sem,ses-9,72,0.0101331144534493,0.0179991717538575,0.0069666093976339,pico-lm/pico-decoder-small,0.8812943730411821,0.886007959425842,72,83,0.011497990641290283,0.0084082983710845,64595328
ds003604,pico-decoder-small,pico-lm/pico-decoder-small@5e3d06988f3cc3adbf36b55cd8b1ddb3ae9f9bde,1000,,Sem,ses-9,72,-0.0097719731366809,-0.0095284489295117,-0.006649945334105,pico-lm/pico-decoder-small,0.8812943730411821,0.886007959425842,72,83,-0.011088205525424664,0.0084082983710845,64595328
ds003604,pico-decoder-small,pico-lm/pico-decoder-small@9f1ca389bbb1cc08b42a32bfe58fb818b24b3490,2000,,Sem,ses-9,72,-0.0332030868528342,-0.0297263067229059,-0.0222632599248458,pico-lm/pico-decoder-small,0.8812943730411821,0.886007959425842,72,83,-0.03767536463242872,0.0084082983710845,64595328
ds003604,pico-decoder-small,pico-lm/pico-decoder-small@f2269f20ce160cf71bea0a02ccf685e126dd2dc1,3000,,Sem,ses-9,72,-0.0186425557306459,-0.0175430343302383,-0.0122910981872972,pico-lm/pico-decoder-small,0.8812943730411821,0.886007959425842,72,83,-0.021153608034865722,0.0084082983710845,64595328
ds003604,pico-decoder-small,pico-lm/pico-decoder-small@10da1c98e1cd32fc61ab4ced31075c08cf699861,4000,,Sem,ses-9,72,0.003149119024528,0.0005295820722587,0.0019881848166625,pico-lm/pico-decoder-small,0.8812943730411821,0.886007959425842,72,83,0.0035732884730229003,0.0084082983710845,64595328
ds003604,pico-decoder-small,pico-lm/pico-decoder-small@be2865b50166a683e659f4a1f99e058c77288911,5000,,Sem,ses-9,72,-0.0193331530102392,-0.0188382859165021,-0.0126910626621218,pico-lm/pico-decoder-small,0.8812943730411821,0.886007959425842,72,83,-0.021937225065359382,0.0084082983710845,64595328
ds003604,pico-decoder-small,pico-lm/pico-decoder-small@c5bddf28e9cfbede4fe480513c4a3487279f7d47,7000,,Sem,ses-9,72,-0.0167528727544621,-0.0165115400545643,-0.0112663806277543,pico-lm/pico-decoder-small,0.8812943730411821,0.886007959425842,72,83,-0.01900939489338967,0.0084082983710845,64595328
ds003604,pico-decoder-small,pico-lm/pico-decoder-small@9fe9969ca88ccf3b71599f85000ce082bf854421,8000,,Sem,ses-9,72,-0.0107745294409285,-0.0098603174048245,-0.007231823207127,pico-lm/pico-decoder-small,0.8812943730411821,0.886007959425842,72,83,-0.012225800788614608,0.0084082983710845,64595328
ds003604,pico-decoder-small,pico-lm/pico-decoder-small@8ce4e4fa15c0cec038fcb9f29d30cc50bac60a3d,10000,,Sem,ses-9,72,-0.0019826665404915,-0.0078090737699969,-0.0013125939809327,pico-lm/pico-decoder-small,0.8812943730411821,0.886007959425842,72,83,-0.0022497210933614484,0.0084082983710845,64595328
ds003604,pico-decoder-small,pico-lm/pico-decoder-small@c2395fd6ba7da947893c62b8169b47a83345153b,13000,,Sem,ses-9,72,0.0035653331542821,0.0052014574823985,0.0022925988197066,pico-lm/pico-decoder-small,0.8812943730411821,0.886007959425842,72,83,0.00404556441450863,0.0084082983710845,64595328
ds003604,pico-decoder-small,pico-lm/pico-decoder-small@cbb63c23390c0d43e0d6dfaa0c69aed19778fa74,16000,,Sem,ses-9,72,-0.0006856143746617,-0.0002121516329755,-0.0007980914405764,pico-lm/pico-decoder-small,0.8812943730411821,0.886007959425842,72,83,-0.0007779629549837847,0.0084082983710845,64595328
ds003604,pico-decoder-small,pico-lm/pico-decoder-small@082423f29dc36ca1b544cb85c655531783bb8985,20000,,Sem,ses-9,72,0.0239559600600263,0.013995438039388,0.016159054785333,pico-lm/pico-decoder-small,0.8812943730411821,0.886007959425842,72,83,0.027182699439415186,0.0084082983710845,64595328
ds003604,pico-decoder-small,pico-lm/pico-decoder-small@bbc3997ae0773f6e0f145401283a22dced84175c,24000,,Sem,ses-9,72,0.0033699082795165,0.0042839580925634,0.0022215484688955,pico-lm/pico-decoder-small,0.8812943730411821,0.886007959425842,72,83,0.0038238168568892326,0.0084082983710845,64595328
ds003604,pico-decoder-small,pico-lm/pico-decoder-small@4e76d0f5009af59c7519cc564d83ccb252becc09,30000,,Sem,ses-9,72,-0.0064159845093889,-0.0016529291308086,-0.0045600850154197,pico-lm/pico-decoder-small,0.8812943730411821,0.886007959425842,72,83,-0.007280183223283882,0.0084082983710845,64595328
ds003604,pico-decoder-small,pico-lm/pico-decoder-small@ad19a8ed94822569698ab34f7cbdb71a73e75edb,37000,,Sem,ses-9,72,-0.0160551834228396,-0.0056481380234224,-0.0109472665521286,pico-lm/pico-decoder-small,0.8812943730411821,0.886007959425842,72,83,-0.018217730549482763,0.0084082983710845,64595328
ds003604,pico-decoder-small,pico-lm/pico-decoder-small@9b211dca4e657296153efe83773900826fe138d5,45000,,Sem,ses-9,72,-0.0206496287320823,-0.0095150496216581,-0.0138964686138137,pico-lm/pico-decoder-small,0.8812943730411821,0.886007959425842,72,83,-0.02343102300860528,0.0084082983710845,64595328
ds003604,pico-decoder-small,pico-lm/pico-decoder-small@497f4bdf16cbdcb120415cd944d84b34d1fef37a,55000,,Sem,ses-9,72,-0.000977434817285,0.0012683594482107,-0.0008397416462243,pico-lm/pico-decoder-small,0.8812943730411821,0.886007959425842,72,83,-0.0011090900466231904,0.0084082983710845,64595328
ds003604,pico-decoder-small,pico-lm/pico-decoder-small@e7396619711d862dc1bed1a5f5797fb2b5cc9768,68000,,Sem,ses-9,72,-0.0030228418367012,0.0018828876840139,-0.0020034973922683,pico-lm/pico-decoder-small,0.8812943730411821,0.886007959425842,72,83,-0.003430002425035279,0.0084082983710845,64595328
ds003604,pico-decoder-small,pico-lm/pico-decoder-small@d63e823855aefabdb4d0fb89c6cb30f1917edff8,83000,,Sem,ses-9,72,-0.003039452717505,0.0051285127684311,-0.0019808347803717,pico-lm/pico-decoder-small,0.8812943730411821,0.886007959425842,72,83,-0.0034488507024235467,0.0084082983710845,64595328
ds003604,pico-decoder-small,pico-lm/pico-decoder-small@a29b66f6847b3a1ec6358c6bdf5686f8db25e228,102000,,Sem,ses-9,72,-0.0021153437501413,0.0108547680165903,-0.0013916068710589,pico-lm/pico-decoder-small,0.8812943730411821,0.886007959425842,72,83,-0.002400269211797693,0.0084082983710845,64595328
ds003604,pico-decoder-small,pico-lm/pico-decoder-small@ef21ca419b33425716396ead8c1e60e01f301271,125000,,Sem,ses-9,72,-0.0035188729913693,0.00120794539718,-0.002390599303584,pico-lm/pico-decoder-small,0.8812943730411821,0.886007959425842,72,83,-0.003992846316749224,0.0084082983710845,64595328
ds003604,pico-decoder-tiny,pico-lm/pico-decoder-tiny@103adb71c10fcc35cebf2b93843f0dd76be7f44e,0,,Gram,ses-5,60,0.0291425809487839,0.0254014956073727,0.0192856891920808,pico-lm/pico-decoder-tiny,0.8398150343230842,0.8472510876978319,60,97,0.03470118985458945,0.0081285104156867,11282784
ds003604,pico-decoder-tiny,pico-lm/pico-decoder-tiny@fa2c5d27a1fbae4ac24e49c80d0ff1a9cecfabd0,1000,,Gram,ses-5,60,0.0242992085291274,0.0240611308629476,0.0159731470746982,pico-lm/pico-decoder-tiny,0.8398150343230842,0.8472510876978319,60,97,0.028934000388208436,0.0081285104156867,11282784
ds003604,pico-decoder-tiny,pico-lm/pico-decoder-tiny@c0dda9ee77ced01962ae332bbf283bcf238765a8,2000,,Gram,ses-5,60,0.0024221017019699,-0.0034894454036737,0.001723978244276,pico-lm/pico-decoder-tiny,0.8398150343230842,0.8472510876978319,60,97,0.0028840894756333884,0.0081285104156867,11282784
ds003604,pico-decoder-tiny,pico-lm/pico-decoder-tiny@88ef3234093953618e0d8f3c898c9811ec24ed35,3000,,Gram,ses-5,60,0.0330222280018429,0.0294327065744098,0.0221856007256166,pico-lm/pico-decoder-tiny,0.8398150343230842,0.8472510876978319,60,97,0.039320834531689226,0.0081285104156867,11282784
ds003604,pico-decoder-tiny,pico-lm/pico-decoder-tiny@84bc530a1fc367c8efc0b3957b86d1c509296091,4000,,Gram,ses-5,60,0.0372510420994653,0.0288672156586253,0.024918160536292,pico-lm/pico-decoder-tiny,0.8398150343230842,0.8472510876978319,60,97,0.04435624581249697,0.0081285104156867,11282784
ds003604,pico-decoder-tiny,pico-lm/pico-decoder-tiny@d31ea8a1afbffb6e7b934a4645ce44652a0d146f,5000,,Gram,ses-5,60,0.0464870753459996,0.0428262910491223,0.0312673060524475,pico-lm/pico-decoder-tiny,0.8398150343230842,0.8472510876978319,60,97,0.05535394514992168,0.0081285104156867,11282784
ds003604,pico-decoder-tiny,pico-lm/pico-decoder-tiny@61eace927bb768764dca51562258d78a2fe54f76,7000,,Gram,ses-5,60,0.0513703847837559,0.046739196522033,0.0344584862334045,pico-lm/pico-decoder-tiny,0.8398150343230842,0.8472510876978319,60,97,0.061168689156847436,0.0081285104156867,11282784
ds003604,pico-decoder-tiny,pico-lm/pico-decoder-tiny@5db2932311894754cd4e80f811378100794ae014,8000,,Gram,ses-5,60,0.0421640397491593,0.0382913238082258,0.0280492984960701,pico-lm/pico-decoder-tiny,0.8398150343230842,0.8472510876978319,60,97,0.050206340713041364,0.0081285104156867,11282784
ds003604,pico-decoder-tiny,pico-lm/pico-decoder-tiny@a5175df52f960d869efda7045c5982e933d3b705,10000,,Gram,ses-5,60,0.04487221752879,0.0431793642329864,0.0299131623407523,pico-lm/pico-decoder-tiny,0.8398150343230842,0.8472510876978319,60,97,0.05343107195616988,0.0081285104156867,11282784
ds003604,pico-decoder-tiny,pico-lm/pico-decoder-tiny@46c9adae32a035be4680d5185fd1e87408bbc608,13000,,Gram,ses-5,60,0.0336511186387443,0.0302692681397445,0.0227183157518212,pico-lm/pico-decoder-tiny,0.8398150343230842,0.8472510876978319,60,97,0.04006967875476068,0.0081285104156867,11282784
ds003604,pico-decoder-tiny,pico-lm/pico-decoder-tiny@50fc297ab0c87309ed3b0c670e2d57d37acab44a,16000,,Gram,ses-5,60,0.0326190859312461,0.0246326633516756,0.0218266248926106,pico-lm/pico-decoder-tiny,0.8398150343230842,0.8472510876978319,60,97,0.03884079779250207,0.0081285104156867,11282784
ds003604,pico-decoder-tiny,pico-lm/pico-decoder-tiny@fd11f6e99d18679b34412651c839856af185d241,20000,,Gram,ses-5,60,0.0275635052282571,0.0135279128162271,0.0186035073599626,pico-lm/pico-decoder-tiny,0.8398150343230842,0.8472510876978319,60,97,0.03282092377695298,0.0081285104156867,11282784
ds003604,pico-decoder-tiny,pico-lm/pico-decoder-tiny@e1dc0e8bf248742bffbb7184e2971541821cff1b,24000,,Gram,ses-5,60,0.0266727203727444,0.0101438432940657,0.0176849891253317,pico-lm/pico-decoder-tiny,0.8398150343230842,0.8472510876978319,60,97,0.03176023205424442,0.0081285104156867,11282784
ds003604,pico-decoder-tiny,pico-lm/pico-decoder-tiny@4e773530a79a36816566462c2b3d9ff7172b65f8,30000,,Gram,ses-5,60,0.0346390940310707,0.0140670299279437,0.0229354897433195,pico-lm/pico-decoder-tiny,0.8398150343230842,0.8472510876978319,60,97,0.041246098980581875,0.0081285104156867,11282784
ds003604,pico-decoder-tiny,pico-lm/pico-decoder-tiny@de9cd9bd9035dd4f914f6f69c10b9352e8b5c974,37000,,Gram,ses-5,60,0.0183644269780973,0.0093713598596824,0.0121828221760195,pico-lm/pico-decoder-tiny,0.8398150343230842,0.8472510876978319,60,97,0.02186722817233151,0.0081285104156867,11282784
ds003604,pico-decoder-tiny,pico-lm/pico-decoder-tiny@5373188422135e88150055fef33a4e3aac2bd5a8,45000,,Gram,ses-5,60,0.010093147008407,0.0018049478303958,0.0067713573055095,pico-lm/pico-decoder-tiny,0.8398150343230842,0.8472510876978319,60,97,0.012018297596377724,0.0081285104156867,11282784
ds003604,pico-decoder-tiny,pico-lm/pico-decoder-tiny@6a777ce3230ad361b38533d232052d21852db2f0,56000,,Gram,ses-5,60,0.0380397046130031,0.018467257051864,0.0254151057286027,pico-lm/pico-decoder-tiny,0.8398150343230842,0.8472510876978319,60,97,0.045295336542366414,0.0081285104156867,11282784
ds003604,pico-decoder-tiny,pico-lm/pico-decoder-tiny@807a5f576926680d3e81601211eeb7f086c9bbd6,68000,,Gram,ses-5,60,0.0389803896419302,0.0220885525824446,0.0261151724776678,pico-lm/pico-decoder-tiny,0.8398150343230842,0.8472510876978319,60,97,0.04641544631711618,0.0081285104156867,11282784
ds003604,pico-decoder-tiny,pico-lm/pico-decoder-tiny@fcd2b3ed5faa6b2389382af2bc876f1835ecff6a,84000,,Gram,ses-5,60,0.0370274207663654,0.0212842755248413,0.0249654278167945,pico-lm/pico-decoder-tiny,0.8398150343230842,0.8472510876978319,60,97,0.044089971306849246,0.0081285104156867,11282784
ds003604,pico-decoder-tiny,pico-lm/pico-decoder-tiny@3d9aaed7161ee69ed04d611c1ee9c81176178c6a,103000,,Gram,ses-5,60,0.0239344778414226,0.0149241944693807,0.0162478082992402,pico-lm/pico-decoder-tiny,0.8398150343230842,0.8472510876978319,60,97,0.028499701557158353,0.0081285104156867,11282784
ds003604,pico-decoder-tiny,pico-lm/pico-decoder-tiny@6ce1a7d66569cb86b4589f3fc6298e885b8ab8e5,126000,,Gram,ses-5,60,0.0190329278658412,0.0123126609998363,0.0125021956929287,pico-lm/pico-decoder-tiny,0.8398150343230842,0.8472510876978319,60,97,0.02266323784163057,0.0081285104156867,11282784
ds003604,pico-decoder-tiny,pico-lm/pico-decoder-tiny@103adb71c10fcc35cebf2b93843f0dd76be7f44e,0,,Gram,ses-7,60,0.0338039981066758,0.0294148112344159,0.0225432990645549,pico-lm/pico-decoder-tiny,0.8473571253286221,0.8585290564097823,60,104,0.03989344881423631,0.0080555141424375,11282784
ds003604,pico-decoder-tiny,pico-lm/pico-decoder-tiny@fa2c5d27a1fbae4ac24e49c80d0ff1a9cecfabd0,1000,,Gram,ses-7,60,0.0259261524068131,0.0262494323921096,0.0172353112135235,pico-lm/pico-decoder-tiny,0.8473571253286221,0.8585290564097823,60,104,0.03059648834221866,0.0080555141424375,11282784
ds003604,pico-decoder-tiny,pico-lm/pico-decoder-tiny@c0dda9ee77ced01962ae332bbf283bcf238765a8,2000,,Gram,ses-7,60,0.0002900535493088,-0.0014443623306788,0.0001884303749764,pico-lm/pico-decoder-tiny,0.8473571253286221,0.8585290564097823,60,104,0.00034230378271299887,0.0080555141424375,11282784
ds003604,pico-decoder-tiny,pico-lm/pico-decoder-tiny@88ef3234093953618e0d8f3c898c9811ec24ed35,3000,,Gram,ses-7,60,0.0277751681781536,0.0316821519021796,0.0186035073599626,pico-lm/pico-decoder-tiny,0.8473571253286221,0.8585290564097823,60,104,0.03277858573193898,0.0080555141424375,11282784
ds003604,pico-decoder-tiny,pico-lm/pico-decoder-tiny@84bc530a1fc367c8efc0b3957b86d1c509296091,4000,,Gram,ses-7,60,0.0292054565955403,0.0313075299537749,0.0195245805827289,pico-lm/pico-decoder-tiny,0.8473571253286221,0.8585290564097823,60,104,0.03446652624088555,0.0080555141424375,11282784
ds003604,pico-decoder-tiny,pico-lm/pico-decoder-tiny@d31ea8a1afbffb6e7b934a4645ce44652a0d146f,5000,,Gram,ses-7,60,0.0421953899296639,0.0458200027878479,0.0280633509308141,pico-lm/pico-decoder-tiny,0.8473571253286221,0.8585290564097823,60,104,0.04979646558503852,0.0080555141424375,11282784
ds003604,pico-decoder-tiny,pico-lm/pico-decoder-tiny@61eace927bb768764dca51562258d78a2fe54f76,7000,,Gram,ses-7,60,0.0400664947564323,0.0503316220771837,0.0265712378598141,pico-lm/pico-decoder-tiny,0.8473571253286221,0.8585290564097823,60,104,0.04728407133048384,0.0080555141424375,11282784
ds003604,pico-decoder-tiny,pico-lm/pico-decoder-tiny@5db2932311894754cd4e80f811378100794ae014,8000,,Gram,ses-7,60,0.0367938730663175,0.0422084003235544,0.0244161053677107,pico-lm/pico-decoder-tiny,0.8473571253286221,0.8585290564097823,60,104,0.04342191971543061,0.0080555141424375,11282784
ds003604,pico-decoder-tiny,pico-lm/pico-decoder-tiny@a5175df52f960d869efda7045c5982e933d3b705,10000,,Gram,ses-7,60,0.0377211346694374,0.0471362743615987,0.0250714598244084,pico-lm/pico-decoder-tiny,0.8473571253286221,0.8585290564097823,60,104,0.044516218182278675,0.0080555141424375,11282784
ds003604,pico-decoder-tiny,pico-lm/pico-decoder-tiny@46c9adae32a035be4680d5185fd1e87408bbc608,13000,,Gram,ses-7,60,0.0340971537809073,0.0337812293242594,0.0228486201467201,pico-lm/pico-decoder-tiny,0.8473571253286221,0.8585290564097823,60,104,0.040239413538516886,0.0080555141424375,11282784
ds003604,pico-decoder-tiny,pico-lm/pico-decoder-tiny@50fc297ab0c87309ed3b0c670e2d57d37acab44a,16000,,Gram,ses-7,60,0.0383182444855415,0.0280130134512502,0.0256207822734923,pico-lm/pico-decoder-tiny,0.8473571253286221,0.8585290564097823,60,104,0.045220891333959,0.0080555141424375,11282784
ds003604,pico-decoder-tiny,pico-lm/pico-decoder-tiny@fd11f6e99d18679b34412651c839856af185d241,20000,,Gram,ses-7,60,0.029931449044371,0.0158443283568359,0.0199755359886047,pico-lm/pico-decoder-tiny,0.8473571253286221,0.8585290564097823,60,104,0.0353232989369895,0.0080555141424375,11282784
ds003604,pico-decoder-tiny,pico-lm/pico-decoder-tiny@e1dc0e8bf248742bffbb7184e2971541821cff1b,24000,,Gram,ses-7,60,0.0235153046990251,0.0118065625965738,0.0153727248629089,pico-lm/pico-decoder-tiny,0.8473571253286221,0.8585290564097823,60,104,0.02775135063613868,0.0080555141424375,11282784
ds003604,pico-decoder-tiny,pico-lm/pico-decoder-tiny@4e773530a79a36816566462c2b3d9ff7172b65f8,30000,,Gram,ses-7,60,0.0340703826700478,0.0163067671095582,0.0226851009060626,pico-lm/pico-decoder-tiny,0.8473571253286221,0.8585290564097823,60,104,0.04020781988094409,0.0080555141424375,11282784
ds003604,pico-decoder-tiny,pico-lm/pico-decoder-tiny@de9cd9bd9035dd4f914f6f69c10b9352e8b5c974,37000,,Gram,ses-7,60,0.0159257348047504,0.0123209241845098,0.0106447193185846,pico-lm/pico-decoder-tiny,0.8473571253286221,0.8585290564097823,60,104,0.018794595960438854,0.0080555141424375,11282784
ds003604,pico-decoder-tiny,pico-lm/pico-decoder-tiny@5373188422135e88150055fef33a4e3aac2bd5a8,45000,,Gram,ses-7,60,0.0064101813839059,0.0038399456706807,0.0041576044431243,pico-lm/pico-decoder-tiny,0.8473571253286221,0.8585290564097823,60,104,0.007564911171803628,0.0080555141424375,11282784
ds003604,pico-decoder-tiny,pico-lm/pico-decoder-tiny@6a777ce3230ad361b38533d232052d21852db2f0,56000,,Gram,ses-7,60,0.0305258062250363,0.0217748469474409,0.0202080399089146,pico-lm/pico-decoder-tiny,0.8473571253286221,0.8585290564097823,60,104,0.03602472359360616,0.0080555141424375,11282784
ds003604,pico-decoder-tiny,pico-lm/pico-decoder-tiny@807a5f576926680d3e81601211eeb7f086c9bbd6,68000,,Gram,ses-7,60,0.0296973257145852,0.0249222460272775,0.0196561624716955,pico-lm/pico-decoder-tiny,0.8473571253286221,0.8585290564097823,60,104,0.03504700064104374,0.0080555141424375,11282784
ds003604,pico-decoder-tiny,pico-lm/pico-decoder-tiny@fcd2b3ed5faa6b2389382af2bc876f1835ecff6a,84000,,Gram,ses-7,60,0.0254699225590273,0.0241824458659466,0.0172391436957264,pico-lm/pico-decoder-tiny,0.8473571253286221,0.8585290564097823,60,104,0.03005807327005075,0.0080555141424375,11282784
ds003604,pico-decoder-tiny,pico-lm/pico-decoder-tiny@3d9aaed7161ee69ed04d611c1ee9c81176178c6a,103000,,Gram,ses-7,60,0.0178947412441807,0.0175320164231228,0.0120704026980674,pico-lm/pico-decoder-tiny,0.8473571253286221,0.8585290564097823,60,104,0.021118299131833888,0.0080555141424375,11282784
ds003604,pico-decoder-tiny,pico-lm/pico-decoder-tiny@6ce1a7d66569cb86b4589f3fc6298e885b8ab8e5,126000,,Gram,ses-7,60,0.0149437689003277,0.0153988685199262,0.0099446525695196,pico-lm/pico-decoder-tiny,0.8473571253286221,0.8585290564097823,60,104,0.017635738761897123,0.0080555141424375,11282784
ds003604,pico-decoder-tiny,pico-lm/pico-decoder-tiny@103adb71c10fcc35cebf2b93843f0dd76be7f44e,0,,Gram,ses-9,60,0.0016392777186317,0.0286575678572197,0.0012972952256852,pico-lm/pico-decoder-tiny,0.8562953703310558,0.8666432094643701,60,96,0.0019143834889565408,0.0061329615387372,11282784
ds003604,pico-decoder-tiny,pico-lm/pico-decoder-tiny@fa2c5d27a1fbae4ac24e49c80d0ff1a9cecfabd0,1000,,Gram,ses-9,60,0.0035668171767113,0.0267641408643589,0.0022388083535337,pico-lm/pico-decoder-tiny,0.8562953703310558,0.8666432094643701,60,96,0.004165405186451397,0.0061329615387372,11282784
ds003604,pico-decoder-tiny,pico-lm/pico-decoder-tiny@c0dda9ee77ced01962ae332bbf283bcf238765a8,2000,,Gram,ses-9,60,-0.0204793815243661,-0.0021321528905413,-0.0138397319817446,pico-lm/pico-decoder-tiny,0.8562953703310558,0.8666432094643701,60,96,-0.02391625861114779,0.0061329615387372,11282784
ds003604,pico-decoder-tiny,pico-lm/pico-decoder-tiny@88ef3234093953618e0d8f3c898c9811ec24ed35,3000,,Gram,ses-9,60,0.0008878168999275,0.0305177822296641,0.0005870085240791,pico-lm/pico-decoder-tiny,0.8562953703310558,0.8666432094643701,60,96,0.0010368115146812686,0.0061329615387372,11282784
ds003604,pico-decoder-tiny,pico-lm/pico-decoder-tiny@84bc530a1fc367c8efc0b3957b86d1c509296091,4000,,Gram,ses-9,60,-0.0035156683628502,0.0299698535654884,-0.002339730384877,pico-lm/pico-decoder-tiny,0.8562953703310558,0.8666432094643701,60,96,-0.0041056725105158435,0.0061329615387372,11282784
ds003604,pico-decoder-tiny,pico-lm/pico-decoder-tiny@d31ea8a1afbffb6e7b934a4645ce44652a0d146f,5000,,Gram,ses-9,60,0.0062062937635154,0.0445573677769054,0.0044131032566517,pico-lm/pico-decoder-tiny,0.8562953703310558,0.8666432094643701,60,96,0.007247842249942283,0.0061329615387372,11282784
ds003604,pico-decoder-tiny,pico-lm/pico-decoder-tiny@61eace927bb768764dca51562258d78a2fe54f76,7000,,Gram,ses-9,60,0.0060256455707799,0.0488561636316822,0.0040630698821192,pico-lm/pico-decoder-tiny,0.8562953703310558,0.8666432094643701,60,96,0.00703687743687123,0.0061329615387372,11282784
ds003604,pico-decoder-tiny,pico-lm/pico-decoder-tiny@5db2932311894754cd4e80f811378100794ae014,8000,,Gram,ses-9,60,0.0026541172747452,0.040744657387247,0.0016805434459763,pico-lm/pico-decoder-tiny,0.8562953703310558,0.8666432094643701,60,96,0.0030995347711842477,0.0061329615387372,11282784
ds003604,pico-decoder-tiny,pico-lm/pico-decoder-tiny@a5175df52f960d869efda7045c5982e933d3b705,10000,,Gram,ses-9,60,0.0036216902716967,0.0459728830800497,0.0023946626297854,pico-lm/pico-decoder-tiny,0.8562953703310558,0.8666432094643701,60,96,0.004229487157330424,0.0061329615387372,11282784
ds003604,pico-decoder-tiny,pico-lm/pico-decoder-tiny@46c9adae32a035be4680d5185fd1e87408bbc608,13000,,Gram,ses-9,60,0.0047438544776427,0.0326210114899694,0.0032914634652665,pico-lm/pico-decoder-tiny,0.8562953703310558,0.8666432094643701,60,96,0.005539974455086285,0.0061329615387372,11282784
ds003604,pico-decoder-tiny,pico-lm/pico-decoder-tiny@50fc297ab0c87309ed3b0c670e2d57d37acab44a,16000,,Gram,ses-9,60,0.0006755739922499,0.0267031588321728,0.0007466952825337,pico-lm/pico-decoder-tiny,0.8562953703310558,0.8666432094643701,60,96,0.0007889497195210966,0.0061329615387372,11282784
ds003604,pico-decoder-tiny,pico-lm/pico-decoder-tiny@fd11f6e99d18679b34412651c839856af185d241,20000,,Gram,ses-9,60,-0.0040954378741028,0.0148168234985076,-0.0019092148840833,pico-lm/pico-decoder-tiny,0.8562953703310558,0.8666432094643701,60,96,-0.004782739713423238,0.0061329615387372,11282784
ds003604,pico-decoder-tiny,pico-lm/pico-decoder-tiny@e1dc0e8bf248742bffbb7184e2971541821cff1b,24000,,Gram,ses-9,60,0.0032463688624216,0.0113739270509672,0.0026476064551775,pico-lm/pico-decoder-tiny,0.8562953703310558,0.8666432094643701,60,96,0.003791178809207515,0.0061329615387372,11282784
ds003604,pico-decoder-tiny,pico-lm/pico-decoder-tiny@4e773530a79a36816566462c2b3d9ff7172b65f8,30000,,Gram,ses-9,60,0.0103056539267164,0.0155530875875607,0.0071035057630951,pico-lm/pico-decoder-tiny,0.8562953703310558,0.8666432094643701,60,96,0.012035162496244829,0.0061329615387372,11282784
ds003604,pico-decoder-tiny,pico-lm/pico-decoder-tiny@de9cd9bd9035dd4f914f6f69c10b9352e8b5c974,37000,,Gram,ses-9,60,0.0014234490272103,0.012106990862211,0.0012564154155209,pico-lm/pico-decoder-tiny,0.8562953703310558,0.8666432094643701,60,96,0.0016623341390482756,0.0061329615387372,11282784
ds003604,pico-decoder-tiny,pico-lm/pico-decoder-tiny@5373188422135e88150055fef33a4e3aac2bd5a8,45000,,Gram,ses-9,60,-0.0016210177046124,0.0037720685880669,-0.0008718897011622,pico-lm/pico-decoder-tiny,0.8562953703310558,0.8666432094643701,60,96,-0.0018930590550614466,0.0061329615387372,11282784
ds003604,pico-decoder-tiny,pico-lm/pico-decoder-tiny@6a777ce3230ad361b38533d232052d21852db2f0,56000,,Gram,ses-9,60,0.0108888252798792,0.021226580581056,0.0070306886012398,pico-lm/pico-decoder-tiny,0.8562953703310558,0.8666432094643701,60,96,0.012716202442703183,0.0061329615387372,11282784
ds003604,pico-decoder-tiny,pico-lm/pico-decoder-tiny@807a5f576926680d3e81601211eeb7f086c9bbd6,68000,,Gram,ses-9,60,0.003990891827968,0.0244896648405383,0.0029759224305602,pico-lm/pico-decoder-tiny,0.8562953703310558,0.8666432094643701,60,96,0.004660648610566544,0.0061329615387372,11282784
ds003604,pico-decoder-tiny,pico-lm/pico-decoder-tiny@fcd2b3ed5faa6b2389382af2bc876f1835ecff6a,84000,,Gram,ses-9,60,0.0023695527661521,0.0238168428939449,0.0021940960611664,pico-lm/pico-decoder-tiny,0.8562953703310558,0.8666432094643701,60,96,0.002767214267707646,0.0061329615387372,11282784
ds003604,pico-decoder-tiny,pico-lm/pico-decoder-tiny@3d9aaed7161ee69ed04d611c1ee9c81176178c6a,103000,,Gram,ses-9,60,-0.0031388321384751,0.0172329214536189,-0.0020139693976296,pico-lm/pico-decoder-tiny,0.8562953703310558,0.8666432094643701,60,96,-0.0036655951290050573,0.0061329615387372,11282784
ds003604,pico-decoder-tiny,pico-lm/pico-decoder-tiny@6ce1a7d66569cb86b4589f3fc6298e885b8ab8e5,126000,,Gram,ses-9,60,-0.0050343159450178,0.0150940787156277,-0.0036440518279343,pico-lm/pico-decoder-tiny,0.8562953703310558,0.8666432094643701,60,96,-0.00587918155282267,0.0061329615387372,11282784
ds003604,pico-decoder-tiny,pico-lm/pico-decoder-tiny@103adb71c10fcc35cebf2b93843f0dd76be7f44e,0,,Phon,ses-5,72,0.0081937547752015,0.0037868930312275,0.0055878650900838,pico-lm/pico-decoder-tiny,0.8557220149626009,0.8634857149064381,72,93,0.009575252981611798,0.0089146943876321,11282784
ds003604,pico-decoder-tiny,pico-lm/pico-decoder-tiny@fa2c5d27a1fbae4ac24e49c80d0ff1a9cecfabd0,1000,,Phon,ses-5,72,-0.0015396443247157,0.0024176493312427,-0.0012176560121765,pico-lm/pico-decoder-tiny,0.8557220149626009,0.8634857149064381,72,93,-0.0017992342113378839,0.0089146943876321,11282784
ds003604,pico-decoder-tiny,pico-lm/pico-decoder-tiny@c0dda9ee77ced01962ae332bbf283bcf238765a8,2000,,Phon,ses-5,72,-0.0149272280833216,-0.02044359762321,-0.0100566871548928,pico-lm/pico-decoder-tiny,0.8557220149626009,0.8634857149064381,72,93,-0.01744401548904172,0.0089146943876321,11282784
ds003604,pico-decoder-tiny,pico-lm/pico-decoder-tiny@88ef3234093953618e0d8f3c898c9811ec24ed35,3000,,Phon,ses-5,72,-0.0220494772062119,-0.0260036713330901,-0.0144758964747388,pico-lm/pico-decoder-tiny,0.8557220149626009,0.8634857149064381,72,93,-0.025767102891673957,0.0089146943876321,11282784
ds003604,pico-decoder-tiny,pico-lm/pico-decoder-tiny@84bc530a1fc367c8efc0b3957b86d1c509296091,4000,,Phon,ses-5,72,-0.0158951519766421,-0.0129859539608149,-0.0105313769986739,pico-lm/pico-decoder-tiny,0.8557220149626009,0.8634857149064381,72,93,-0.018575135030663895,0.0089146943876321,11282784
ds003604,pico-decoder-tiny,pico-lm/pico-decoder-tiny@d31ea8a1afbffb6e7b934a4645ce44652a0d146f,5000,,Phon,ses-5,72,0.0043640488353284,0.0033139135594015,0.0028015888328448,pico-lm/pico-decoder-tiny,0.8557220149626009,0.8634857149064381,72,93,0.005099844060362441,0.0089146943876321,11282784
ds003604,pico-decoder-tiny,pico-lm/pico-decoder-tiny@61eace927bb768764dca51562258d78a2fe54f76,7000,,Phon,ses-5,72,0.0070137009872076,0.0133837808122527,0.0049716870477047,pico-lm/pico-decoder-tiny,0.8557220149626009,0.8634857149064381,72,93,0.008196237638591232,0.0089146943876321,11282784
ds003604,pico-decoder-tiny,pico-lm/pico-decoder-tiny@5db2932311894754cd4e80f811378100794ae014,8000,,Phon,ses-5,72,-0.0038220353994577,0.0036951947892719,-0.002296273837852,pico-lm/pico-decoder-tiny,0.8557220149626009,0.8634857149064381,72,93,-0.004466445098557785,0.0089146943876321,11282784
ds003604,pico-decoder-tiny,pico-lm/pico-decoder-tiny@a5175df52f960d869efda7045c5982e933d3b705,10000,,Phon,ses-5,72,-0.0060684753971997,0.0018158069555761,-0.0039537070214284,pico-lm/pico-decoder-tiny,0.8557220149626009,0.8634857149064381,72,93,-0.007091643420515388,0.0089146943876321,11282784
ds003604,pico-decoder-tiny,pico-lm/pico-decoder-tiny@46c9adae32a035be4680d5185fd1e87408bbc608,13000,,Phon,ses-5,72,-0.0214132441811586,-0.0166788034587659,-0.0143619709122313,pico-lm/pico-decoder-tiny,0.8557220149626009,0.8634857149064381,72,93,-0.025023598559743097,0.0089146943876321,11282784
ds003604,pico-decoder-tiny,pico-lm/pico-decoder-tiny@50fc297ab0c87309ed3b0c670e2d57d37acab44a,16000,,Phon,ses-5,72,-0.0143866173919601,-0.0077140105390155,-0.009823936005684,pico-lm/pico-decoder-tiny,0.8557220149626009,0.8634857149064381,72,93,-0.01681225577980352,0.0089146943876321,11282784
ds003604,pico-decoder-tiny,pico-lm/pico-decoder-tiny@fd11f6e99d18679b34412651c839856af185d241,20000,,Phon,ses-5,72,-0.0050081349300518,0.0014544856600961,-0.0035329174437798,pico-lm/pico-decoder-tiny,0.8557220149626009,0.8634857149064381,72,93,-0.0058525255193658645,0.0089146943876321,11282784
ds003604,pico-decoder-tiny,pico-lm/pico-decoder-tiny@e1dc0e8bf248742bffbb7184e2971541821cff1b,24000,,Phon,ses-5,72,-0.005277120531731,0.0073957829187778,-0.0034551295597022,pico-lm/pico-decoder-tiny,0.8557220149626009,0.8634857149064381,72,93,-0.006166863116127304,0.0089146943876321,11282784
ds003604,pico-decoder-tiny,pico-lm/pico-decoder-tiny@4e773530a79a36816566462c2b3d9ff7172b65f8,30000,,Phon,ses-5,72,-0.0167675009651324,0.0049704804513609,-0.0112118678585975,pico-lm/pico-decoder-tiny,0.8557220149626009,0.8634857149064381,72,93,-0.019594565375141385,0.0089146943876321,11282784
ds003604,pico-decoder-tiny,pico-lm/pico-decoder-tiny@de9cd9bd9035dd4f914f6f69c10b9352e8b5c974,37000,,Phon,ses-5,72,-0.0133814266300431,-0.0026232743098496,-0.0092328705872985,pico-lm/pico-decoder-tiny,0.8557220149626009,0.8634857149064381,72,93,-0.015637586033856954,0.0089146943876321,11282784
ds003604,pico-decoder-tiny,pico-lm/pico-decoder-tiny@5373188422135e88150055fef33a4e3aac2bd5a8,45000,,Phon,ses-5,72,-0.0126729853192474,0.0025694477051787,-0.0087508307072266,pico-lm/pico-decoder-tiny,0.8557220149626009,0.8634857149064381,72,93,-0.014809698824683469,0.0089146943876321,11282784
ds003604,pico-decoder-tiny,pico-lm/pico-decoder-tiny@6a777ce3230ad361b38533d232052d21852db2f0,56000,,Phon,ses-5,72,-0.0109282003893543,0.0002432913912546,-0.0074223116476637,pico-lm/pico-decoder-tiny,0.8557220149626009,0.8634857149064381,72,93,-0.01277073652222435,0.0089146943876321,11282784
ds003604,pico-decoder-tiny,pico-lm/pico-decoder-tiny@807a5f576926680d3e81601211eeb7f086c9bbd6,68000,,Phon,ses-5,72,-0.0139207359021904,-0.0061090723160701,-0.0093222960288366,pico-lm/pico-decoder-tiny,0.8557220149626009,0.8634857149064381,72,93,-0.01626782489965366,0.0089146943876321,11282784
ds003604,pico-decoder-tiny,pico-lm/pico-decoder-tiny@fcd2b3ed5faa6b2389382af2bc876f1835ecff6a,84000,,Phon,ses-5,72,-0.016353537550441,-0.007102088653594,-0.0110771171932661,pico-lm/pico-decoder-tiny,0.8557220149626009,0.8634857149064381,72,93,-0.019110806154912032,0.0089146943876321,11282784
ds003604,pico-decoder-tiny,pico-lm/pico-decoder-tiny@3d9aaed7161ee69ed04d611c1ee9c81176178c6a,103000,,Phon,ses-5,72,-0.0161304343419077,-0.0127163795660618,-0.0106753152093688,pico-lm/pico-decoder-tiny,0.8557220149626009,0.8634857149064381,72,93,-0.018850086897218222,0.0089146943876321,11282784
ds003604,pico-decoder-tiny,pico-lm/pico-decoder-tiny@6ce1a7d66569cb86b4589f3fc6298e885b8ab8e5,126000,,Phon,ses-5,72,-0.0122102815631967,-0.0091406272806953,-0.0078578012978939,pico-lm/pico-decoder-tiny,0.8557220149626009,0.8634857149064381,72,93,-0.014268981456238854,0.0089146943876321,11282784
ds003604,pico-decoder-tiny,pico-lm/pico-decoder-tiny@103adb71c10fcc35cebf2b93843f0dd76be7f44e,0,,Phon,ses-7,72,0.0081351679147517,0.0034284750082602,0.0054298393098315,pico-lm/pico-decoder-tiny,0.8460260208123772,0.8625655350367195,72,104,0.00961574196847999,0.0081448036195669,11282784
ds003604,pico-decoder-tiny,pico-lm/pico-decoder-tiny@fa2c5d27a1fbae4ac24e49c80d0ff1a9cecfabd0,1000,,Phon,ses-7,72,-0.0044714213101417,0.0026934073429911,-0.003113965375204,pico-lm/pico-decoder-tiny,0.8460260208123772,0.8625655350367195,72,104,-0.005285205419389016,0.0081448036195669,11282784
ds003604,pico-decoder-tiny,pico-lm/pico-decoder-tiny@c0dda9ee77ced01962ae332bbf283bcf238765a8,2000,,Phon,ses-7,72,-0.010711700571853,-0.0195803142894356,-0.0071240226748619,pico-lm/pico-decoder-tiny,0.8460260208123772,0.8625655350367195,72,104,-0.012661195174076718,0.0081448036195669,11282784
ds003604,pico-decoder-tiny,pico-lm/pico-decoder-tiny@88ef3234093953618e0d8f3c898c9811ec24ed35,3000,,Phon,ses-7,72,-0.0239852912177547,-0.0263967332964975,-0.0161235296099274,pico-lm/pico-decoder-tiny,0.8460260208123772,0.8625655350367195,72,104,-0.028350536068291812,0.0081448036195669,11282784
ds003604,pico-decoder-tiny,pico-lm/pico-decoder-tiny@84bc530a1fc367c8efc0b3957b86d1c509296091,4000,,Phon,ses-7,72,-0.0157528531756843,-0.0126287420701956,-0.0106257024644059,pico-lm/pico-decoder-tiny,0.8460260208123772,0.8625655350367195,72,104,-0.018619821126255647,0.0081448036195669,11282784
ds003604,pico-decoder-tiny,pico-lm/pico-decoder-tiny@d31ea8a1afbffb6e7b934a4645ce44652a0d146f,5000,,Phon,ses-7,72,0.0052365825089307,0.004294749923103,0.0033148663671526,pico-lm/pico-decoder-tiny,0.8460260208123772,0.8625655350367195,72,104,0.006189623463238625,0.0081448036195669,11282784
ds003604,pico-decoder-tiny,pico-lm/pico-decoder-tiny@61eace927bb768764dca51562258d78a2fe54f76,7000,,Phon,ses-7,72,0.01619861476752,0.014933270590714,0.0108210909291364,pico-lm/pico-decoder-tiny,0.8460260208123772,0.8625655350367195,72,104,0.019146709875383795,0.0081448036195669,11282784
ds003604,pico-decoder-tiny,pico-lm/pico-decoder-tiny@5db2932311894754cd4e80f811378100794ae014,8000,,Phon,ses-7,72,0.0082991215840696,0.0057623308058245,0.0059345418018001,pico-lm/pico-decoder-tiny,0.8460260208123772,0.8625655350367195,72,104,0.009809534671404737,0.0081448036195669,11282784
ds003604,pico-decoder-tiny,pico-lm/pico-decoder-tiny@a5175df52f960d869efda7045c5982e933d3b705,10000,,Phon,ses-7,72,0.0044705747768262,0.0033767490065856,0.0030337274790294,pico-lm/pico-decoder-tiny,0.8460260208123772,0.8625655350367195,72,104,0.005284204819768348,0.0081448036195669,11282784
ds003604,pico-decoder-tiny,pico-lm/pico-decoder-tiny@46c9adae32a035be4680d5185fd1e87408bbc608,13000,,Phon,ses-7,72,-0.0151798435415998,-0.0157391733541973,-0.0101258999966312,pico-lm/pico-decoder-tiny,0.8460260208123772,0.8625655350367195,72,104,-0.017942525605800754,0.0081448036195669,11282784
ds003604,pico-decoder-tiny,pico-lm/pico-decoder-tiny@50fc297ab0c87309ed3b0c670e2d57d37acab44a,16000,,Phon,ses-7,72,-0.008606133634748,-0.0069939754596118,-0.0057189407372698,pico-lm/pico-decoder-tiny,0.8460260208123772,0.8625655350367195,72,104,-0.010172421914971546,0.0081448036195669,11282784
ds003604,pico-decoder-tiny,pico-lm/pico-decoder-tiny@fd11f6e99d18679b34412651c839856af185d241,20000,,Phon,ses-7,72,-0.0010221077744631,0.0016963653116289,-0.0008538292157817,pico-lm/pico-decoder-tiny,0.8460260208123772,0.8625655350367195,72,104,-0.0012081280590892987,0.0081448036195669,11282784
ds003604,pico-decoder-tiny,pico-lm/pico-decoder-tiny@e1dc0e8bf248742bffbb7184e2971541821cff1b,24000,,Phon,ses-7,72,-0.003369365722086,0.0081756037344734,-0.0024150994245534,pico-lm/pico-decoder-tiny,0.8460260208123772,0.8625655350367195,72,104,-0.003982579305126624,0.0081448036195669,11282784
ds003604,pico-decoder-tiny,pico-lm/pico-decoder-tiny@4e773530a79a36816566462c2b3d9ff7172b65f8,30000,,Phon,ses-7,72,-0.014634257850117,0.0060823788275825,-0.0099035613988344,pico-lm/pico-decoder-tiny,0.8460260208123772,0.8625655350367195,72,104,-0.017297645096145845,0.0081448036195669,11282784
ds003604,pico-decoder-tiny,pico-lm/pico-decoder-tiny@de9cd9bd9035dd4f914f6f69c10b9352e8b5c974,37000,,Phon,ses-7,72,-0.0153118100369466,-0.0016251778937978,-0.0105497520894009,pico-lm/pico-decoder-tiny,0.8460260208123772,0.8625655350367195,72,104,-0.01809850957331523,0.0081448036195669,11282784
ds003604,pico-decoder-tiny,pico-lm/pico-decoder-tiny@5373188422135e88150055fef33a4e3aac2bd5a8,45000,,Phon,ses-7,72,-0.0125549269782194,0.0043396667698155,-0.0085156295459208,pico-lm/pico-decoder-tiny,0.8460260208123772,0.8625655350367195,72,104,-0.014839882780631048,0.0081448036195669,11282784
ds003604,pico-decoder-tiny,pico-lm/pico-decoder-tiny@6a777ce3230ad361b38533d232052d21852db2f0,56000,,Phon,ses-7,72,-0.0148814268941356,0.0012737084766749,-0.0099935993433967,pico-lm/pico-decoder-tiny,0.8460260208123772,0.8625655350367195,72,104,-0.01758979810082679,0.0081448036195669,11282784
ds003604,pico-decoder-tiny,pico-lm/pico-decoder-tiny@807a5f576926680d3e81601211eeb7f086c9bbd6,68000,,Phon,ses-7,72,-0.015004390529231,-0.0050512833348051,-0.0102116504200239,pico-lm/pico-decoder-tiny,0.8460260208123772,0.8625655350367195,72,104,-0.017735140716858066,0.0081448036195669,11282784
ds003604,pico-decoder-tiny,pico-lm/pico-decoder-tiny@fcd2b3ed5faa6b2389382af2bc876f1835ecff6a,84000,,Phon,ses-7,72,-0.0163887132374178,-0.0060040939476684,-0.011210642852549,pico-lm/pico-decoder-tiny,0.8460260208123772,0.8625655350367195,72,104,-0.019371405647406578,0.0081448036195669,11282784
ds003604,pico-decoder-tiny,pico-lm/pico-decoder-tiny@3d9aaed7161ee69ed04d611c1ee9c81176178c6a,103000,,Phon,ses-7,72,-0.0181050616903787,-0.0123414881282719,-0.0121710475945474,pico-lm/pico-decoder-tiny,0.8460260208123772,0.8625655350367195,72,104,-0.02140012392644109,0.0081448036195669,11282784
ds003604,pico-decoder-tiny,pico-lm/pico-decoder-tiny@6ce1a7d66569cb86b4589f3fc6298e885b8ab8e5,126000,,Phon,ses-7,72,-0.0155817830212875,-0.0082580819517529,-0.0103727387153974,pico-lm/pico-decoder-tiny,0.8460260208123772,0.8625655350367195,72,104,-0.018417616761155227,0.0081448036195669,11282784
ds003604,pico-decoder-tiny,pico-lm/pico-decoder-tiny@103adb71c10fcc35cebf2b93843f0dd76be7f44e,0,,Phon,ses-9,72,0.0130194531523414,0.0050990829239794,0.0086387426537918,pico-lm/pico-decoder-tiny,0.8734471064940128,0.8799092800838068,72,96,0.014905828934050793,0.008728626502912,11282784
ds003604,pico-decoder-tiny,pico-lm/pico-decoder-tiny@fa2c5d27a1fbae4ac24e49c80d0ff1a9cecfabd0,1000,,Phon,ses-9,72,-0.0026491131875442,0.0031513540884995,-0.0019116219386333,pico-lm/pico-decoder-tiny,0.8734471064940128,0.8799092800838068,72,96,-0.0030329405957707626,0.008728626502912,11282784
ds003604,pico-decoder-tiny,pico-lm/pico-decoder-tiny@c0dda9ee77ced01962ae332bbf283bcf238765a8,2000,,Phon,ses-9,72,-0.0187454353987628,-0.0194428069442469,-0.0123603110290357,pico-lm/pico-decoder-tiny,0.8734471064940128,0.8799092800838068,72,96,-0.02146144312505235,0.008728626502912,11282784
ds003604,pico-decoder-tiny,pico-lm/pico-decoder-tiny@88ef3234093953618e0d8f3c898c9811ec24ed35,3000,,Phon,ses-9,72,-0.0240529384279849,-0.0261183093467866,-0.0162111175423928,pico-lm/pico-decoder-tiny,0.8734471064940128,0.8799092800838068,72,96,-0.02753794505603503,0.008728626502912,11282784
ds003604,pico-decoder-tiny,pico-lm/pico-decoder-tiny@84bc530a1fc367c8efc0b3957b86d1c509296091,4000,,Phon,ses-9,72,-0.0161273169721942,-0.0122584138021719,-0.0107671906630039,pico-lm/pico-decoder-tiny,0.8734471064940128,0.8799092800838068,72,96,-0.018463988090737064,0.008728626502912,11282784
ds003604,pico-decoder-tiny,pico-lm/pico-decoder-tiny@d31ea8a1afbffb6e7b934a4645ce44652a0d146f,5000,,Phon,ses-9,72,-0.0004067103919808,0.0049346888592641,1.0412551411972596e-05,pico-lm/pico-decoder-tiny,0.8734471064940128,0.8799092800838068,72,96,-0.0004656382612718494,0.008728626502912,11282784
ds003604,pico-decoder-tiny,pico-lm/pico-decoder-tiny@61eace927bb768764dca51562258d78a2fe54f76,7000,,Phon,ses-9,72,-0.0001719598048591,0.0149080716804257,-0.0001200505927498,pico-lm/pico-decoder-tiny,0.8734471064940128,0.8799092800838068,72,96,-0.0001968748921149225,0.008728626502912,11282784
ds003604,pico-decoder-tiny,pico-lm/pico-decoder-tiny@5db2932311894754cd4e80f811378100794ae014,8000,,Phon,ses-9,72,-0.0101165969931301,0.0057577083379801,-0.0068159336536724,pico-lm/pico-decoder-tiny,0.8734471064940128,0.8799092800838068,72,96,-0.011582380796632069,0.008728626502912,11282784
ds003604,pico-decoder-tiny,pico-lm/pico-decoder-tiny@a5175df52f960d869efda7045c5982e933d3b705,10000,,Phon,ses-9,72,-0.0070935704713168,0.0029348295668337,-0.0044859721494874,pico-lm/pico-decoder-tiny,0.8734471064940128,0.8799092800838068,72,96,-0.00812135093078521,0.008728626502912,11282784
ds003604,pico-decoder-tiny,pico-lm/pico-decoder-tiny@46c9adae32a035be4680d5185fd1e87408bbc608,13000,,Phon,ses-9,72,-0.0218501832861403,-0.0157482848201267,-0.0145426593043803,pico-lm/pico-decoder-tiny,0.8734471064940128,0.8799092800838068,72,96,-0.025016034884866926,0.008728626502912,11282784
ds003604,pico-decoder-tiny,pico-lm/pico-decoder-tiny@50fc297ab0c87309ed3b0c670e2d57d37acab44a,16000,,Phon,ses-9,72,-0.0109025665269638,-0.0073159958523849,-0.0072593858432176,pico-lm/pico-decoder-tiny,0.8734471064940128,0.8799092800838068,72,96,-0.01248222868437487,0.008728626502912,11282784
ds003604,pico-decoder-tiny,pico-lm/pico-decoder-tiny@fd11f6e99d18679b34412651c839856af185d241,20000,,Phon,ses-9,72,-0.0066718258488667,0.0017755399284944,-0.0048075362372101,pico-lm/pico-decoder-tiny,0.8734471064940128,0.8799092800838068,72,96,-0.007638500144155476,0.008728626502912,11282784
ds003604,pico-decoder-tiny,pico-lm/pico-decoder-tiny@e1dc0e8bf248742bffbb7184e2971541821cff1b,24000,,Phon,ses-9,72,-0.007956519203186,0.0081016439655108,-0.0055394773511694,pico-lm/pico-decoder-tiny,0.8734471064940128,0.8799092800838068,72,96,-0.00910933145697076,0.008728626502912,11282784
ds003604,pico-decoder-tiny,pico-lm/pico-decoder-tiny@4e773530a79a36816566462c2b3d9ff7172b65f8,30000,,Phon,ses-9,72,-0.0175485882007103,0.0059404005935513,-0.01197320911772,pico-lm/pico-decoder-tiny,0.8734471064940128,0.8799092800838068,72,96,-0.020091185911817536,0.008728626502912,11282784
ds003604,pico-decoder-tiny,pico-lm/pico-decoder-tiny@de9cd9bd9035dd4f914f6f69c10b9352e8b5c974,37000,,Phon,ses-9,72,-0.0148390175871643,-0.0017307075246936,-0.0101118124270738,pico-lm/pico-decoder-tiny,0.8734471064940128,0.8799092800838068,72,96,-0.01698902827296276,0.008728626502912,11282784
ds003604,pico-decoder-tiny,pico-lm/pico-decoder-tiny@5373188422135e88150055fef33a4e3aac2bd5a8,45000,,Phon,ses-9,72,-0.0109560763433782,0.0043631513387454,-0.0077432632323622,pico-lm/pico-decoder-tiny,0.8734471064940128,0.8799092800838068,72,96,-0.012543491485541146,0.008728626502912,11282784
ds003604,pico-decoder-tiny,pico-lm/pico-decoder-tiny@6a777ce3230ad361b38533d232052d21852db2f0,56000,,Phon,ses-9,72,-0.0104041085955501,0.0012013861808388,-0.0069794719611428,pico-lm/pico-decoder-tiny,0.8734471064940128,0.8799092800838068,72,96,-0.011911549672780805,0.008728626502912,11282784
ds003604,pico-decoder-tiny,pico-lm/pico-decoder-tiny@807a5f576926680d3e81601211eeb7f086c9bbd6,68000,,Phon,ses-9,72,-0.0171695748265942,-0.0054968267083125,-0.0117778206529894,pico-lm/pico-decoder-tiny,0.8734471064940128,0.8799092800838068,72,96,-0.019657257662129415,0.008728626502912,11282784
ds003604,pico-decoder-tiny,pico-lm/pico-decoder-tiny@fcd2b3ed5faa6b2389382af2bc876f1835ecff6a,84000,,Phon,ses-9,72,-0.0186322227064158,-0.0064358469914325,-0.0128123382609201,pico-lm/pico-decoder-tiny,0.8734471064940128,0.8799092800838068,72,96,-0.0213318271568898,0.008728626502912,11282784
ds003604,pico-decoder-tiny,pico-lm/pico-decoder-tiny@3d9aaed7161ee69ed04d611c1ee9c81176178c6a,103000,,Phon,ses-9,72,-0.0211365413288218,-0.0128793221571462,-0.0142492703557723,pico-lm/pico-decoder-tiny,0.8734471064940128,0.8799092800838068,72,96,-0.02419899404517254,0.008728626502912,11282784
ds003604,pico-decoder-tiny,pico-lm/pico-decoder-tiny@6ce1a7d66569cb86b4589f3fc6298e885b8ab8e5,126000,,Phon,ses-9,72,-0.0160848918556025,-0.0086895683116104,-0.0110226044241093,pico-lm/pico-decoder-tiny,0.8734471064940128,0.8799092800838068,72,96,-0.018415416040665256,0.008728626502912,11282784
ds003604,pico-decoder-tiny,pico-lm/pico-decoder-tiny@103adb71c10fcc35cebf2b93843f0dd76be7f44e,0,,Plaus,ses-5,60,0.0061421586562044,0.0094911834324667,0.0041984842532887,pico-lm/pico-decoder-tiny,0.8377735419584034,0.851372700209319,60,82,0.007331526180507341,0.0058908227201663,11282784
ds003604,pico-decoder-tiny,pico-lm/pico-decoder-tiny@fa2c5d27a1fbae4ac24e49c80d0ff1a9cecfabd0,1000,,Plaus,ses-5,60,-0.0097312035804862,-0.020980101978487,-0.0070140811783605,pico-lm/pico-decoder-tiny,0.8377735419584034,0.851372700209319,60,82,-0.011615553718416865,0.0058908227201663,11282784
ds003604,pico-decoder-tiny,pico-lm/pico-decoder-tiny@c0dda9ee77ced01962ae332bbf283bcf238765a8,2000,,Plaus,ses-5,60,-0.0023590594255525,-0.0051710086396993,-0.0017329207027494,pico-lm/pico-decoder-tiny,0.8377735419584034,0.851372700209319,60,82,-0.0028158676628028804,0.0058908227201663,11282784
ds003604,pico-decoder-tiny,pico-lm/pico-decoder-tiny@88ef3234093953618e0d8f3c898c9811ec24ed35,3000,,Plaus,ses-5,60,-0.0089001846727318,-0.0034321634630027,-0.0057327546285206,pico-lm/pico-decoder-tiny,0.8377735419584034,0.851372700209319,60,82,-0.01062361631990248,0.0058908227201663,11282784
ds003604,pico-decoder-tiny,pico-lm/pico-decoder-tiny@84bc530a1fc367c8efc0b3957b86d1c509296091,4000,,Plaus,ses-5,60,-0.0062117514259184,-0.0004115082844405,-0.0048423412633777,pico-lm/pico-decoder-tiny,0.8377735419584034,0.851372700209319,60,82,-0.007414594893266303,0.0058908227201663,11282784
ds003604,pico-decoder-tiny,pico-lm/pico-decoder-tiny@d31ea8a1afbffb6e7b934a4645ce44652a0d146f,5000,,Plaus,ses-5,60,0.0019828399473253,0.0010579306447812,0.0014007722451638,pico-lm/pico-decoder-tiny,0.8377735419584034,0.851372700209319,60,82,0.002366797049582345,0.0058908227201663,11282784
ds003604,pico-decoder-tiny,pico-lm/pico-decoder-tiny@61eace927bb768764dca51562258d78a2fe54f76,7000,,Plaus,ses-5,60,0.0064829011647905,0.0086411545556273,0.0042955738024291,pico-lm/pico-decoder-tiny,0.8377735419584034,0.851372700209319,60,82,0.007738250064135333,0.0058908227201663,11282784
ds003604,pico-decoder-tiny,pico-lm/pico-decoder-tiny@5db2932311894754cd4e80f811378100794ae014,8000,,Plaus,ses-5,60,0.0042653503558227,0.0096561469619356,0.0032314212440875,pico-lm/pico-decoder-tiny,0.8377735419584034,0.851372700209319,60,82,0.005091292744638241,0.0058908227201663,11282784
ds003604,pico-decoder-tiny,pico-lm/pico-decoder-tiny@a5175df52f960d869efda7045c5982e933d3b705,10000,,Plaus,ses-5,60,0.0024877364762298,0.0055716926874659,0.0016026163078505,pico-lm/pico-decoder-tiny,0.8377735419584034,0.851372700209319,60,82,0.0029694617359416675,0.0058908227201663,11282784
ds003604,pico-decoder-tiny,pico-lm/pico-decoder-tiny@46c9adae32a035be4680d5185fd1e87408bbc608,13000,,Plaus,ses-5,60,-0.0003734246443678,0.0038228944360164,-0.0006087259232289,pico-lm/pico-decoder-tiny,0.8377735419584034,0.851372700209319,60,82,-0.0004457345877680404,0.0058908227201663,11282784
ds003604,pico-decoder-tiny,pico-lm/pico-decoder-tiny@50fc297ab0c87309ed3b0c670e2d57d37acab44a,16000,,Plaus,ses-5,60,-0.0027574255005413,-0.0014367010412142,-0.0019552046705183,pico-lm/pico-decoder-tiny,0.8377735419584034,0.851372700209319,60,82,-0.003291373339501106,0.0058908227201663,11282784
ds003604,pico-decoder-tiny,pico-lm/pico-decoder-tiny@fd11f6e99d18679b34412651c839856af185d241,20000,,Plaus,ses-5,60,0.0030744113803167,-0.0003624556066977,0.0021059489704994,pico-lm/pico-decoder-tiny,0.8377735419584034,0.851372700209319,60,82,0.003669740361016735,0.0058908227201663,11282784
ds003604,pico-decoder-tiny,pico-lm/pico-decoder-tiny@e1dc0e8bf248742bffbb7184e2971541821cff1b,24000,,Plaus,ses-5,60,0.0012360361030427,-0.0027116205096942,0.0005371862554413,pico-lm/pico-decoder-tiny,0.8377735419584034,0.851372700209319,60,82,0.001475382118362567,0.0058908227201663,11282784
ds003604,pico-decoder-tiny,pico-lm/pico-decoder-tiny@4e773530a79a36816566462c2b3d9ff7172b65f8,30000,,Plaus,ses-5,60,0.0054312602578341,-0.0047959243171444,0.0034051604372862,pico-lm/pico-decoder-tiny,0.8377735419584034,0.851372700209319,60,82,0.006482969425291029,0.0058908227201663,11282784
ds003604,pico-decoder-tiny,pico-lm/pico-decoder-tiny@de9cd9bd9035dd4f914f6f69c10b9352e8b5c974,37000,,Plaus,ses-5,60,-0.0102401295175566,-0.004201017639047,-0.0072287001817235,pico-lm/pico-decoder-tiny,0.8377735419584034,0.851372700209319,60,82,-0.01222302806748824,0.0058908227201663,11282784
ds003604,pico-decoder-tiny,pico-lm/pico-decoder-tiny@5373188422135e88150055fef33a4e3aac2bd5a8,45000,,Plaus,ses-5,60,-0.0017261285603774,0.0035600722014337,-0.0011823207595979,pico-lm/pico-decoder-tiny,0.8377735419584034,0.851372700209319,60,82,-0.002060376072921034,0.0058908227201663,11282784
ds003604,pico-decoder-tiny,pico-lm/pico-decoder-tiny@6a777ce3230ad361b38533d232052d21852db2f0,56000,,Plaus,ses-5,60,-0.0035464623898109,-0.0044587258638438,-0.0024432074043556,pico-lm/pico-decoder-tiny,0.8377735419584034,0.851372700209319,60,82,-0.004233199322003638,0.0058908227201663,11282784
ds003604,pico-decoder-tiny,pico-lm/pico-decoder-tiny@807a5f576926680d3e81601211eeb7f086c9bbd6,68000,,Plaus,ses-5,60,0.0006485799871685,-0.0064626508683138,0.0004809765164653,pico-lm/pico-decoder-tiny,0.8377735419584034,0.851372700209319,60,82,0.0007741710076596127,0.0058908227201663,11282784
ds003604,pico-decoder-tiny,pico-lm/pico-decoder-tiny@fcd2b3ed5faa6b2389382af2bc876f1835ecff6a,84000,,Plaus,ses-5,60,-0.0097579746913457,-0.0194884291682145,-0.0062092599157492,pico-lm/pico-decoder-tiny,0.8377735419584034,0.851372700209319,60,82,-0.011647508786843733,0.0058908227201663,11282784
ds003604,pico-decoder-tiny,pico-lm/pico-decoder-tiny@3d9aaed7161ee69ed04d611c1ee9c81176178c6a,103000,,Plaus,ses-5,60,-0.0044706034738248,-0.010088971538402,-0.0028507280119317,pico-lm/pico-decoder-tiny,0.8377735419584034,0.851372700209319,60,82,-0.005336291073807594,0.0058908227201663,11282784
ds003604,pico-decoder-tiny,pico-lm/pico-decoder-tiny@6ce1a7d66569cb86b4589f3fc6298e885b8ab8e5,126000,,Plaus,ses-5,60,-0.0053422562146249,-0.0129294585105816,-0.0035840096067553,pico-lm/pico-decoder-tiny,0.8377735419584034,0.851372700209319,60,82,-0.006376730640283399,0.0058908227201663,11282784
ds003604,pico-decoder-tiny,pico-lm/pico-decoder-tiny@103adb71c10fcc35cebf2b93843f0dd76be7f44e,0,,Plaus,ses-7,60,0.0057420094274409,0.0095174016044991,0.0039851427439933,pico-lm/pico-decoder-tiny,0.8460574663445363,0.8583435840524389,60,103,0.006786784179388834,0.0063089941228393,11282784
ds003604,pico-decoder-tiny,pico-lm/pico-decoder-tiny@fa2c5d27a1fbae4ac24e49c80d0ff1a9cecfabd0,1000,,Plaus,ses-7,60,-0.0122460584930378,-0.0212217889079093,-0.0085228016722397,pico-lm/pico-decoder-tiny,0.8460574663445363,0.8583435840524389,60,103,-0.014474263250637033,0.0063089941228393,11282784
ds003604,pico-decoder-tiny,pico-lm/pico-decoder-tiny@c0dda9ee77ced01962ae332bbf283bcf238765a8,2000,,Plaus,ses-7,60,-0.013040646097638,-0.0054754033067278,-0.008824290272202,pico-lm/pico-decoder-tiny,0.8460574663445363,0.8583435840524389,60,103,-0.015413428302903853,0.0063089941228393,11282784
ds003604,pico-decoder-tiny,pico-lm/pico-decoder-tiny@88ef3234093953618e0d8f3c898c9811ec24ed35,3000,,Plaus,ses-7,60,-0.0103685057692355,-0.0035533394681354,-0.0068454519614324,pico-lm/pico-decoder-tiny,0.8460574663445363,0.8583435840524389,60,103,-0.01225508453229958,0.0063089941228393,11282784
ds003604,pico-decoder-tiny,pico-lm/pico-decoder-tiny@84bc530a1fc367c8efc0b3957b86d1c509296091,4000,,Plaus,ses-7,60,-0.0013827870618841,-0.0002130167912812,-0.0013713898816082,pico-lm/pico-decoder-tiny,0.8460574663445363,0.8583435840524389,60,103,-0.0016343890538057064,0.0063089941228393,11282784
ds003604,pico-decoder-tiny,pico-lm/pico-decoder-tiny@d31ea8a1afbffb6e7b934a4645ce44652a0d146f,5000,,Plaus,ses-7,60,0.0038646146772133,0.0009946977744624,0.0026820987950037,pico-lm/pico-decoder-tiny,0.8460574663445363,0.8583435840524389,60,103,0.004567792178361948,0.0063089941228393,11282784
ds003604,pico-decoder-tiny,pico-lm/pico-decoder-tiny@61eace927bb768764dca51562258d78a2fe54f76,7000,,Plaus,ses-7,60,0.0135898120158282,0.0089574178640945,0.0090516842162414,pico-lm/pico-decoder-tiny,0.8460574663445363,0.8583435840524389,60,103,0.016062516503215964,0.0063089941228393,11282784
ds003604,pico-decoder-tiny,pico-lm/pico-decoder-tiny@5db2932311894754cd4e80f811378100794ae014,8000,,Plaus,ses-7,60,0.0084837187213201,0.0099096267529475,0.0056394975615831,pico-lm/pico-decoder-tiny,0.8460574663445363,0.8583435840524389,60,103,0.010027355184246212,0.0063089941228393,11282784
ds003604,pico-decoder-tiny,pico-lm/pico-decoder-tiny@a5175df52f960d869efda7045c5982e933d3b705,10000,,Plaus,ses-7,60,0.0072160348848067,0.0060705609801641,0.0042585264744676,pico-lm/pico-decoder-tiny,0.8460574663445363,0.8583435840524389,60,103,0.00852901271113911,0.0063089941228393,11282784
ds003604,pico-decoder-tiny,pico-lm/pico-decoder-tiny@46c9adae32a035be4680d5185fd1e87408bbc608,13000,,Plaus,ses-7,60,0.0019419053152811,0.0042764970657695,0.0007032604842341,pico-lm/pico-decoder-tiny,0.8460574663445363,0.8583435840524389,60,103,0.0022952404446842933,0.0063089941228393,11282784
ds003604,pico-decoder-tiny,pico-lm/pico-decoder-tiny@50fc297ab0c87309ed3b0c670e2d57d37acab44a,16000,,Plaus,ses-7,60,-0.0049090602124449,-0.001223843503669,-0.0036402193457314,pico-lm/pico-decoder-tiny,0.8460574663445363,0.8583435840524389,60,103,-0.005802277513908027,0.0063089941228393,11282784
ds003604,pico-decoder-tiny,pico-lm/pico-decoder-tiny@fd11f6e99d18679b34412651c839856af185d241,20000,,Plaus,ses-7,60,-0.0009427008150208,-0.0004032277427497,-0.000693040531693,pico-lm/pico-decoder-tiny,0.8460574663445363,0.8583435840524389,60,103,-0.0011142278775622884,0.0063089941228393,11282784
ds003604,pico-decoder-tiny,pico-lm/pico-decoder-tiny@e1dc0e8bf248742bffbb7184e2971541821cff1b,24000,,Plaus,ses-7,60,-0.0008530389092539,-0.0029055824615638,-0.0011529383960423,pico-lm/pico-decoder-tiny,0.8460574663445363,0.8583435840524389,60,103,-0.0010082517360664963,0.0063089941228393,11282784
ds003604,pico-decoder-tiny,pico-lm/pico-decoder-tiny@4e773530a79a36816566462c2b3d9ff7172b65f8,30000,,Plaus,ses-7,60,0.0035456119293333,-0.0047244241429744,0.0018172353112135,pico-lm/pico-decoder-tiny,0.8460574663445363,0.8583435840524389,60,103,0.004190745984019762,0.0063089941228393,11282784
ds003604,pico-decoder-tiny,pico-lm/pico-decoder-tiny@de9cd9bd9035dd4f914f6f69c10b9352e8b5c974,37000,,Plaus,ses-7,60,-0.0033485712731946,-0.0040893282245156,-0.0026514389373804,pico-lm/pico-decoder-tiny,0.8460574663445363,0.8583435840524389,60,103,-0.003957853226758212,0.0063089941228393,11282784
ds003604,pico-decoder-tiny,pico-lm/pico-decoder-tiny@5373188422135e88150055fef33a4e3aac2bd5a8,45000,,Plaus,ses-7,60,0.0058056273335963,0.0038441979795237,0.0036197794406492,pico-lm/pico-decoder-tiny,0.8460574663445363,0.8583435840524389,60,103,0.006861977542353015,0.0063089941228393,11282784
ds003604,pico-decoder-tiny,pico-lm/pico-decoder-tiny@6a777ce3230ad361b38533d232052d21852db2f0,56000,,Plaus,ses-7,60,0.0005448497771661,-0.0040913832150149,0.0001948178453146,pico-lm/pico-decoder-tiny,0.8460574663445363,0.8583435840524389,60,103,0.0006439867252991337,0.0063089941228393,11282784
ds003604,pico-decoder-tiny,pico-lm/pico-decoder-tiny@807a5f576926680d3e81601211eeb7f086c9bbd6,68000,,Plaus,ses-7,60,0.002541616285314,-0.0063417383454731,0.0017648580544404,pico-lm/pico-decoder-tiny,0.8460574663445363,0.8583435840524389,60,103,0.0030040705110673757,0.0063089941228393,11282784
ds003604,pico-decoder-tiny,pico-lm/pico-decoder-tiny@fcd2b3ed5faa6b2389382af2bc876f1835ecff6a,84000,,Plaus,ses-7,60,-0.0133194478167865,-0.0193199785214606,-0.0089571496552362,pico-lm/pico-decoder-tiny,0.8460574663445363,0.8583435840524389,60,103,-0.0157429587783609,0.0063089941228393,11282784
ds003604,pico-decoder-tiny,pico-lm/pico-decoder-tiny@3d9aaed7161ee69ed04d611c1ee9c81176178c6a,103000,,Plaus,ses-7,60,-0.0035443200084552,-0.010210135307367,-0.0022081484959104,pico-lm/pico-decoder-tiny,0.8460574663445363,0.8583435840524389,60,103,-0.0041892189945072385,0.0063089941228393,11282784
ds003604,pico-decoder-tiny,pico-lm/pico-decoder-tiny@6ce1a7d66569cb86b4589f3fc6298e885b8ab8e5,126000,,Plaus,ses-7,60,-0.0045293068869916,-0.012902117251408,-0.0029848648890336,pico-lm/pico-decoder-tiny,0.8460574663445363,0.8583435840524389,60,103,-0.005353427003677255,0.0063089941228393,11282784
ds003604,pico-decoder-tiny,pico-lm/pico-decoder-tiny@103adb71c10fcc35cebf2b93843f0dd76be7f44e,0,,Plaus,ses-9,60,0.0180074261754455,0.0096766378293247,0.0124728133293731,pico-lm/pico-decoder-tiny,0.8571028945001105,0.8668304036711462,60,89,0.021009643405705682,0.0059238995685712,11282784
ds003604,pico-decoder-tiny,pico-lm/pico-decoder-tiny@fa2c5d27a1fbae4ac24e49c80d0ff1a9cecfabd0,1000,,Plaus,ses-9,60,-0.0034886981620061,-0.0208716973209428,-0.0027485284865208,pico-lm/pico-decoder-tiny,0.8571028945001105,0.8668304036711462,60,89,-0.004070337627363654,0.0059238995685712,11282784
ds003604,pico-decoder-tiny,pico-lm/pico-decoder-tiny@c0dda9ee77ced01962ae332bbf283bcf238765a8,2000,,Plaus,ses-9,60,-0.0073911107219959,-0.0047656941742445,-0.0047593041489813,pico-lm/pico-decoder-tiny,0.8571028945001105,0.8668304036711462,60,89,-0.008623364556838452,0.0059238995685712,11282784
ds003604,pico-decoder-tiny,pico-lm/pico-decoder-tiny@88ef3234093953618e0d8f3c898c9811ec24ed35,3000,,Plaus,ses-9,60,-0.0056231570346977,-0.0035188800540468,-0.0035137474330353,pico-lm/pico-decoder-tiny,0.8571028945001105,0.8668304036711462,60,89,-0.006560655751812976,0.0059238995685712,11282784
ds003604,pico-decoder-tiny,pico-lm/pico-decoder-tiny@84bc530a1fc367c8efc0b3957b86d1c509296091,4000,,Plaus,ses-9,60,0.0039936011829753,-0.0003903657864602,0.0021263888755816,pico-lm/pico-decoder-tiny,0.8571028945001105,0.8668304036711462,60,89,0.004659418616599696,0.0059238995685712,11282784
ds003604,pico-decoder-tiny,pico-lm/pico-decoder-tiny@d31ea8a1afbffb6e7b934a4645ce44652a0d146f,5000,,Plaus,ses-9,60,0.0103202524162369,0.0010080274036796,0.0068799443012586,pico-lm/pico-decoder-tiny,0.8571028945001105,0.8668304036711462,60,89,0.012040855867434676,0.0059238995685712,11282784
ds003604,pico-decoder-tiny,pico-lm/pico-decoder-tiny@61eace927bb768764dca51562258d78a2fe54f76,7000,,Plaus,ses-9,60,0.0200113231346711,0.0089828808938513,0.0132776345919843,pico-lm/pico-decoder-tiny,0.8571028945001105,0.8668304036711462,60,89,0.023347632195714774,0.0059238995685712,11282784
ds003604,pico-decoder-tiny,pico-lm/pico-decoder-tiny@5db2932311894754cd4e80f811378100794ae014,8000,,Plaus,ses-9,60,0.0136027485367819,0.0097676339330019,0.0091015064848792,pico-lm/pico-decoder-tiny,0.8571028945001105,0.8668304036711462,60,89,0.015870613229833335,0.0059238995685712,11282784
ds003604,pico-decoder-tiny,pico-lm/pico-decoder-tiny@a5175df52f960d869efda7045c5982e933d3b705,10000,,Plaus,ses-9,60,0.013213592537601,0.0059916309536743,0.0085713464468099,pico-lm/pico-decoder-tiny,0.8571028945001105,0.8668304036711462,60,89,0.015416576728874058,0.0059238995685712,11282784
ds003604,pico-decoder-tiny,pico-lm/pico-decoder-tiny@46c9adae32a035be4680d5185fd1e87408bbc608,13000,,Plaus,ses-9,60,0.0092760189551193,0.0044826420544899,0.0055040831904136,pico-lm/pico-decoder-tiny,0.8571028945001105,0.8668304036711462,60,89,0.01082252669386838,0.0059238995685712,11282784
ds003604,pico-decoder-tiny,pico-lm/pico-decoder-tiny@50fc297ab0c87309ed3b0c670e2d57d37acab44a,16000,,Plaus,ses-9,60,0.005343245172483,-0.0009481926459557,0.0031662690466381,pico-lm/pico-decoder-tiny,0.8571028945001105,0.8668304036711462,60,89,0.006234076686439555,0.0059238995685712,11282784
ds003604,pico-decoder-tiny,pico-lm/pico-decoder-tiny@fd11f6e99d18679b34412651c839856af185d241,20000,,Plaus,ses-9,60,0.0079952319679913,-0.000293805010714,0.0050250229150498,pico-lm/pico-decoder-tiny,0.8571028945001105,0.8668304036711462,60,89,0.009328205539026179,0.0059238995685712,11282784
ds003604,pico-decoder-tiny,pico-lm/pico-decoder-tiny@e1dc0e8bf248742bffbb7184e2971541821cff1b,24000,,Plaus,ses-9,60,0.0054393428784032,-0.0030918775861196,0.0031624365644352,pico-lm/pico-decoder-tiny,0.8571028945001105,0.8668304036711462,60,89,0.0063461959040233985,0.0059238995685712,11282784
ds003604,pico-decoder-tiny,pico-lm/pico-decoder-tiny@4e773530a79a36816566462c2b3d9ff7172b65f8,30000,,Plaus,ses-9,60,0.0094188616910029,-0.0049169799531363,0.005703372264965,pico-lm/pico-decoder-tiny,0.8571028945001105,0.8668304036711462,60,89,0.010989184322491734,0.0059238995685712,11282784
ds003604,pico-decoder-tiny,pico-lm/pico-decoder-tiny@de9cd9bd9035dd4f914f6f69c10b9352e8b5c974,37000,,Plaus,ses-9,60,-0.0010041655197126,-0.0044817765780976,-0.0010443514002931,pico-lm/pico-decoder-tiny,0.8571028945001105,0.8668304036711462,60,89,-0.0011715810623860524,0.0059238995685712,11282784
ds003604,pico-decoder-tiny,pico-lm/pico-decoder-tiny@5373188422135e88150055fef33a4e3aac2bd5a8,45000,,Plaus,ses-9,60,0.0067282146501219,0.0032833650830044,0.0042099816998974,pico-lm/pico-decoder-tiny,0.8571028945001105,0.8668304036711462,60,89,0.00784994974733577,0.0059238995685712,11282784
ds003604,pico-decoder-tiny,pico-lm/pico-decoder-tiny@6a777ce3230ad361b38533d232052d21852db2f0,56000,,Plaus,ses-9,60,0.0080093630288524,-0.004454644223294,0.0054095486294085,pico-lm/pico-decoder-tiny,0.8571028945001105,0.8668304036711462,60,89,0.00934469254537253,0.0059238995685712,11282784
ds003604,pico-decoder-tiny,pico-lm/pico-decoder-tiny@807a5f576926680d3e81601211eeb7f086c9bbd6,68000,,Plaus,ses-9,60,0.0105785154066514,-0.0065956004168834,0.0073015173435788,pico-lm/pico-decoder-tiny,0.8571028945001105,0.8668304036711462,60,89,0.012342176738092951,0.0059238995685712,11282784
ds003604,pico-decoder-tiny,pico-lm/pico-decoder-tiny@fcd2b3ed5faa6b2389382af2bc876f1835ecff6a,84000,,Plaus,ses-9,60,-0.0037310815621299,-0.0192964131767042,-0.0023448403611475,pico-lm/pico-decoder-tiny,0.8571028945001105,0.8668304036711462,60,89,-0.004353131445561136,0.0059238995685712,11282784
ds003604,pico-decoder-tiny,pico-lm/pico-decoder-tiny@3d9aaed7161ee69ed04d611c1ee9c81176178c6a,103000,,Plaus,ses-9,60,0.0040013570362871,-0.0101066316701053,0.0029043827627725,pico-lm/pico-decoder-tiny,0.8571028945001105,0.8668304036711462,60,89,0.004668467534018559,0.0059238995685712,11282784
ds003604,pico-decoder-tiny,pico-lm/pico-decoder-tiny@6ce1a7d66569cb86b4589f3fc6298e885b8ab8e5,126000,,Plaus,ses-9,60,0.0026052363554909,-0.0126052070194516,0.001882387508663,pico-lm/pico-decoder-tiny,0.8571028945001105,0.8668304036711462,60,89,0.003039584129523161,0.0059238995685712,11282784
ds003604,pico-decoder-tiny,pico-lm/pico-decoder-tiny@103adb71c10fcc35cebf2b93843f0dd76be7f44e,0,,Sem,ses-5,72,-0.0271363282366961,-0.0300236755021151,-0.018305877885272,pico-lm/pico-decoder-tiny,0.8591956418414916,0.8653112906283371,72,89,-0.0315834100118752,0.0077235660279985,11282784
ds003604,pico-decoder-tiny,pico-lm/pico-decoder-tiny@fa2c5d27a1fbae4ac24e49c80d0ff1a9cecfabd0,1000,,Sem,ses-5,72,-0.0117404764130684,-0.0116765161681438,-0.0076869129541327,pico-lm/pico-decoder-tiny,0.8591956418414916,0.8653112906283371,72,89,-0.013664497166099847,0.0077235660279985,11282784
ds003604,pico-decoder-tiny,pico-lm/pico-decoder-tiny@c0dda9ee77ced01962ae332bbf283bcf238765a8,2000,,Sem,ses-5,72,0.0002336467881636,-0.0088711059551669,0.0002100885373121,pico-lm/pico-decoder-tiny,0.8591956418414916,0.8653112906283371,72,89,0.00027193665422095364,0.0077235660279985,11282784
ds003604,pico-decoder-tiny,pico-lm/pico-decoder-tiny@88ef3234093953618e0d8f3c898c9811ec24ed35,3000,,Sem,ses-5,72,-0.0169337973327596,-0.0231759252699292,-0.0111230549200836,pico-lm/pico-decoder-tiny,0.8591956418414916,0.8653112906283371,72,89,-0.01970889574866306,0.0077235660279985,11282784
ds003604,pico-decoder-tiny,pico-lm/pico-decoder-tiny@84bc530a1fc367c8efc0b3957b86d1c509296091,4000,,Sem,ses-5,72,-0.0224480815745947,-0.0228001860488527,-0.0150700244082455,pico-lm/pico-decoder-tiny,0.8591956418414916,0.8653112906283371,72,89,-0.02612685688963961,0.0077235660279985,11282784
ds003604,pico-decoder-tiny,pico-lm/pico-decoder-tiny@d31ea8a1afbffb6e7b934a4645ce44652a0d146f,5000,,Sem,ses-5,72,-0.0102361471874374,-0.0111982340124258,-0.0068581963623445,pico-lm/pico-decoder-tiny,0.8591956418414916,0.8653112906283371,72,89,-0.011913639558853596,0.0077235660279985,11282784
ds003604,pico-decoder-tiny,pico-lm/pico-decoder-tiny@61eace927bb768764dca51562258d78a2fe54f76,7000,,Sem,ses-5,72,-0.0067987871620894,-0.0072053777797053,-0.0048265238309614,pico-lm/pico-decoder-tiny,0.8591956418414916,0.8653112906283371,72,89,-0.0079129674674766,0.0077235660279985,11282784
ds003604,pico-decoder-tiny,pico-lm/pico-decoder-tiny@5db2932311894754cd4e80f811378100794ae014,8000,,Sem,ses-5,72,-0.0023039273709483,-0.0041192286942019,-0.0017860588186654,pico-lm/pico-decoder-tiny,0.8591956418414916,0.8653112906283371,72,89,-0.0026814933162490825,0.0077235660279985,11282784
ds003604,pico-decoder-tiny,pico-lm/pico-decoder-tiny@a5175df52f960d869efda7045c5982e933d3b705,10000,,Sem,ses-5,72,-0.0057190978753159,-0.0080451899678664,-0.0036192803701968,pico-lm/pico-decoder-tiny,0.8591956418414916,0.8653112906283371,72,89,-0.006656339484053139,0.0077235660279985,11282784
ds003604,pico-decoder-tiny,pico-lm/pico-decoder-tiny@46c9adae32a035be4680d5185fd1e87408bbc608,13000,,Sem,ses-5,72,-0.0058221169555409,-0.0038741824946425,-0.0037503560173828,pico-lm/pico-decoder-tiny,0.8591956418414916,0.8653112906283371,72,89,-0.006776241256371493,0.0077235660279985,11282784
ds003604,pico-decoder-tiny,pico-lm/pico-decoder-tiny@50fc297ab0c87309ed3b0c670e2d57d37acab44a,16000,,Sem,ses-5,72,-0.0044413025458652,0.0002054868455666,-0.0028683516624863,pico-lm/pico-decoder-tiny,0.8591956418414916,0.8653112906283371,72,89,-0.005169139983469041,0.0077235660279985,11282784
ds003604,pico-decoder-tiny,pico-lm/pico-decoder-tiny@fd11f6e99d18679b34412651c839856af185d241,20000,,Sem,ses-5,72,-0.0163416903957392,-0.0084414364677408,-0.010788628268852,pico-lm/pico-decoder-tiny,0.8591956418414916,0.8653112906283371,72,89,-0.019019754756570324,0.0077235660279985,11282784
ds003604,pico-decoder-tiny,pico-lm/pico-decoder-tiny@e1dc0e8bf248742bffbb7184e2971541821cff1b,24000,,Sem,ses-5,72,-0.0072803582629597,-0.0025646125878673,-0.0047113732624054,pico-lm/pico-decoder-tiny,0.8591956418414916,0.8653112906283371,72,89,-0.008473458090820734,0.0077235660279985,11282784
ds003604,pico-decoder-tiny,pico-lm/pico-decoder-tiny@4e773530a79a36816566462c2b3d9ff7172b65f8,30000,,Sem,ses-5,72,-0.0050736751490418,-0.0047589139128721,-0.0031256029326644,pico-lm/pico-decoder-tiny,0.8591956418414916,0.8653112906283371,72,89,-0.00590514534986179,0.0077235660279985,11282784
ds003604,pico-decoder-tiny,pico-lm/pico-decoder-tiny@de9cd9bd9035dd4f914f6f69c10b9352e8b5c974,37000,,Sem,ses-5,72,-0.0051624914411116,-0.0037090616411199,-0.0029926897764057,pico-lm/pico-decoder-tiny,0.8591956418414916,0.8653112906283371,72,89,-0.006008516791410822,0.0077235660279985,11282784
ds003604,pico-decoder-tiny,pico-lm/pico-decoder-tiny@5373188422135e88150055fef33a4e3aac2bd5a8,45000,,Sem,ses-5,72,-0.0015496949316343,-0.0087623987609803,-0.0007172410413776,pico-lm/pico-decoder-tiny,0.8591956418414916,0.8653112906283371,72,89,-0.0018036578122217653,0.0077235660279985,11282784
ds003604,pico-decoder-tiny,pico-lm/pico-decoder-tiny@6a777ce3230ad361b38533d232052d21852db2f0,56000,,Sem,ses-5,72,-0.0032031570259906,-0.0091019841324858,-0.0022141984326047,pico-lm/pico-decoder-tiny,0.8591956418414916,0.8653112906283371,72,89,-0.003728088074475515,0.0077235660279985,11282784
ds003604,pico-decoder-tiny,pico-lm/pico-decoder-tiny@807a5f576926680d3e81601211eeb7f086c9bbd6,68000,,Sem,ses-5,72,-0.0055796929535274,-0.0116531661874919,-0.0032052283258148,pico-lm/pico-decoder-tiny,0.8591956418414916,0.8653112906283371,72,89,-0.006494088984865647,0.0077235660279985,11282784
ds003604,pico-decoder-tiny,pico-lm/pico-decoder-tiny@fcd2b3ed5faa6b2389382af2bc876f1835ecff6a,84000,,Sem,ses-5,72,0.004366145765901,2.496123970921471e-07,0.0032285034407357,pico-lm/pico-decoder-tiny,0.8591956418414916,0.8653112906283371,72,89,0.0050816665649550475,0.0077235660279985,11282784
ds003604,pico-decoder-tiny,pico-lm/pico-decoder-tiny@3d9aaed7161ee69ed04d611c1ee9c81176178c6a,103000,,Sem,ses-5,72,0.006345840816359,0.0052639659708885,0.0045864226454618,pico-lm/pico-decoder-tiny,0.8591956418414916,0.8653112906283371,72,89,0.007385792603368105,0.0077235660279985,11282784
ds003604,pico-decoder-tiny,pico-lm/pico-decoder-tiny@6ce1a7d66569cb86b4589f3fc6298e885b8ab8e5,126000,,Sem,ses-5,72,0.0064740395916948,0.0075381633026905,0.0044345218954518,pico-lm/pico-decoder-tiny,0.8591956418414916,0.8653112906283371,72,89,0.007535000500955941,0.0077235660279985,11282784
ds003604,pico-decoder-tiny,pico-lm/pico-decoder-tiny@103adb71c10fcc35cebf2b93843f0dd76be7f44e,0,,Sem,ses-7,72,-0.0312849099101891,-0.0290675406478297,-0.0210505039368631,pico-lm/pico-decoder-tiny,0.8546161144168992,0.8628169351539338,72,117,-0.036606974034809364,0.0074296612798053,11282784
ds003604,pico-decoder-tiny,pico-lm/pico-decoder-tiny@fa2c5d27a1fbae4ac24e49c80d0ff1a9cecfabd0,1000,,Sem,ses-7,72,-0.0131178069572829,-0.0128568188193118,-0.0086148550358467,pico-lm/pico-decoder-tiny,0.8546161144168992,0.8628169351539338,72,117,-0.015349355969297538,0.0074296612798053,11282784
ds003604,pico-decoder-tiny,pico-lm/pico-decoder-tiny@c0dda9ee77ced01962ae332bbf283bcf238765a8,2000,,Sem,ses-7,72,-0.0011013096614161,-0.008997392308204,-0.0008195290464246,pico-lm/pico-decoder-tiny,0.8546161144168992,0.8628169351539338,72,117,-0.0012886600695184863,0.0074296612798053,11282784
ds003604,pico-decoder-tiny,pico-lm/pico-decoder-tiny@88ef3234093953618e0d8f3c898c9811ec24ed35,3000,,Sem,ses-7,72,-0.0171848641668487,-0.0233348369340595,-0.0114850442074057,pico-lm/pico-decoder-tiny,0.8546161144168992,0.8628169351539338,72,117,-0.02010828473387008,0.0074296612798053,11282784
ds003604,pico-decoder-tiny,pico-lm/pico-decoder-tiny@84bc530a1fc367c8efc0b3957b86d1c509296091,4000,,Sem,ses-7,72,-0.0246121189558531,-0.0231847956052964,-0.0164328436371654,pico-lm/pico-decoder-tiny,0.8546161144168992,0.8628169351539338,72,117,-0.028799034491229832,0.0074296612798053,11282784
ds003604,pico-decoder-tiny,pico-lm/pico-decoder-tiny@d31ea8a1afbffb6e7b934a4645ce44652a0d146f,5000,,Sem,ses-7,72,-0.0139926660823359,-0.012610365200138,-0.0093357710953697,pico-lm/pico-decoder-tiny,0.8546161144168992,0.8628169351539338,72,117,-0.01637304264018358,0.0074296612798053,11282784
ds003604,pico-decoder-tiny,pico-lm/pico-decoder-tiny@61eace927bb768764dca51562258d78a2fe54f76,7000,,Sem,ses-7,72,-0.0057334041446235,-0.0078889624590996,-0.0039377819427983,pico-lm/pico-decoder-tiny,0.8546161144168992,0.8628169351539338,72,117,-0.006708747995625353,0.0074296612798053,11282784
ds003604,pico-decoder-tiny,pico-lm/pico-decoder-tiny@5db2932311894754cd4e80f811378100794ae014,8000,,Sem,ses-7,72,-0.0014396326654799,-0.0046064642145287,-0.0013174940051266,pico-lm/pico-decoder-tiny,0.8546161144168992,0.8628169351539338,72,117,-0.0016845372339628244,0.0074296612798053,11282784
ds003604,pico-decoder-tiny,pico-lm/pico-decoder-tiny@a5175df52f960d869efda7045c5982e933d3b705,10000,,Sem,ses-7,72,-0.0102593535544631,-0.0081351447627463,-0.0068110336294785,pico-lm/pico-decoder-tiny,0.8546161144168992,0.8628169351539338,72,117,-0.012004633871739022,0.0074296612798053,11282784
ds003604,pico-decoder-tiny,pico-lm/pico-decoder-tiny@46c9adae32a035be4680d5185fd1e87408bbc608,13000,,Sem,ses-7,72,-0.0043047153296199,-0.0031003296094662,-0.0027636136453423,pico-lm/pico-decoder-tiny,0.8546161144168992,0.8628169351539338,72,117,-0.0050370163363429995,0.0074296612798053,11282784
ds003604,pico-decoder-tiny,pico-lm/pico-decoder-tiny@50fc297ab0c87309ed3b0c670e2d57d37acab44a,16000,,Sem,ses-7,72,-0.0070394246769872,0.0009993363157996,-0.0046219478208673,pico-lm/pico-decoder-tiny,0.8546161144168992,0.8628169351539338,72,117,-0.008236943533167717,0.0074296612798053,11282784
ds003604,pico-decoder-tiny,pico-lm/pico-decoder-tiny@fd11f6e99d18679b34412651c839856af185d241,20000,,Sem,ses-7,72,-0.0198948501422422,-0.0079349808812887,-0.013446278891002,pico-lm/pico-decoder-tiny,0.8546161144168992,0.8628169351539338,72,117,-0.023279282717265832,0.0074296612798053,11282784
ds003604,pico-decoder-tiny,pico-lm/pico-decoder-tiny@e1dc0e8bf248742bffbb7184e2971541821cff1b,24000,,Sem,ses-7,72,-0.0107851039211807,-0.0016593952506692,-0.0072073230861577,pico-lm/pico-decoder-tiny,0.8546161144168992,0.8628169351539338,72,117,-0.012619822794400886,0.0074296612798053,11282784
ds003604,pico-decoder-tiny,pico-lm/pico-decoder-tiny@4e773530a79a36816566462c2b3d9ff7172b65f8,30000,,Sem,ses-7,72,-0.0063160511796364,-0.0042341636413198,-0.0045337473853777,pico-lm/pico-decoder-tiny,0.8546161144168992,0.8628169351539338,72,117,-0.007390512620916134,0.0074296612798053,11282784
ds003604,pico-decoder-tiny,pico-lm/pico-decoder-tiny@de9cd9bd9035dd4f914f6f69c10b9352e8b5c974,37000,,Sem,ses-7,72,-0.0055230959494024,-0.0027884259982085,-0.0035053548076893,pico-lm/pico-decoder-tiny,0.8546161144168992,0.8628169351539338,72,117,-0.006462663008842027,0.0074296612798053,11282784
ds003604,pico-decoder-tiny,pico-lm/pico-decoder-tiny@5373188422135e88150055fef33a4e3aac2bd5a8,45000,,Sem,ses-7,72,-0.0051883430450933,-0.0084523966905076,-0.0034826921957927,pico-lm/pico-decoder-tiny,0.8546161144168992,0.8628169351539338,72,117,-0.006070963275286804,0.0074296612798053,11282784
ds003604,pico-decoder-tiny,pico-lm/pico-decoder-tiny@6a777ce3230ad361b38533d232052d21852db2f0,56000,,Sem,ses-7,72,-0.0064046626652589,-0.0088344432289094,-0.0042703710849572,pico-lm/pico-decoder-tiny,0.8546161144168992,0.8628169351539338,72,117,-0.007494198339132387,0.0074296612798053,11282784
ds003604,pico-decoder-tiny,pico-lm/pico-decoder-tiny@807a5f576926680d3e81601211eeb7f086c9bbd6,68000,,Sem,ses-7,72,-0.0145648960146824,-0.0111657810746021,-0.0094484716518287,pico-lm/pico-decoder-tiny,0.8546161144168992,0.8628169351539338,72,117,-0.01704261804684079,0.0074296612798053,11282784
ds003604,pico-decoder-tiny,pico-lm/pico-decoder-tiny@fcd2b3ed5faa6b2389382af2bc876f1835ecff6a,84000,,Sem,ses-7,72,-0.0035528679871429,6.477314144768057e-05,-0.0022086859053866,pico-lm/pico-decoder-tiny,0.8546161144168992,0.8628169351539338,72,117,-0.004157267721972463,0.0074296612798053,11282784
ds003604,pico-decoder-tiny,pico-lm/pico-decoder-tiny@3d9aaed7161ee69ed04d611c1ee9c81176178c6a,103000,,Sem,ses-7,72,0.004631064702018,0.0052240365584913,0.0032395284951719,pico-lm/pico-decoder-tiny,0.8546161144168992,0.8628169351539338,72,117,0.0054188829626478025,0.0074296612798053,11282784
ds003604,pico-decoder-tiny,pico-lm/pico-decoder-tiny@6ce1a7d66569cb86b4589f3fc6298e885b8ab8e5,126000,,Sem,ses-7,72,0.0073861943301088,0.0077348903778962,0.0048271363339856,pico-lm/pico-decoder-tiny,0.8546161144168992,0.8628169351539338,72,117,0.00864270425692636,0.0074296612798053,11282784
ds003604,pico-decoder-tiny,pico-lm/pico-decoder-tiny@103adb71c10fcc35cebf2b93843f0dd76be7f44e,0,,Sem,ses-9,72,-0.0285351720813053,-0.0282611274871186,-0.0186997173298543,pico-lm/pico-decoder-tiny,0.8812943730411821,0.886007959425842,72,83,-0.032378706768359085,0.0084082983710845,11282784
ds003604,pico-decoder-tiny,pico-lm/pico-decoder-tiny@fa2c5d27a1fbae4ac24e49c80d0ff1a9cecfabd0,1000,,Sem,ses-9,72,-0.0164447152249171,-0.012683848049885,-0.0108651911468812,pico-lm/pico-decoder-tiny,0.8812943730411821,0.886007959425842,72,83,-0.018659730196812063,0.0084082983710845,11282784
ds003604,pico-decoder-tiny,pico-lm/pico-decoder-tiny@c0dda9ee77ced01962ae332bbf283bcf238765a8,2000,,Sem,ses-9,72,-0.0093079614938439,-0.0093205969096489,-0.0061225802302398,pico-lm/pico-decoder-tiny,0.8812943730411821,0.886007959425842,72,83,-0.010561694002111764,0.0084082983710845,11282784
ds003604,pico-decoder-tiny,pico-lm/pico-decoder-tiny@88ef3234093953618e0d8f3c898c9811ec24ed35,3000,,Sem,ses-9,72,-0.014758791667975,-0.0230636646845635,-0.0096512101528501,pico-lm/pico-decoder-tiny,0.8812943730411821,0.886007959425842,72,83,-0.016746721775886497,0.0084082983710845,11282784
ds003604,pico-decoder-tiny,pico-lm/pico-decoder-tiny@84bc530a1fc367c8efc0b3957b86d1c509296091,4000,,Sem,ses-9,72,-0.0238090419754083,-0.0227447100724635,-0.0160224666109288,pico-lm/pico-decoder-tiny,0.8812943730411821,0.886007959425842,72,83,-0.027015992276505463,0.0084082983710845,11282784
ds003604,pico-decoder-tiny,pico-lm/pico-decoder-tiny@d31ea8a1afbffb6e7b934a4645ce44652a0d146f,5000,,Sem,ses-9,72,-0.0066070523964706,-0.0120461954063634,-0.0045276223551353,pico-lm/pico-decoder-tiny,0.8812943730411821,0.886007959425842,72,83,-0.007496986930338494,0.0084082983710845,11282784
ds003604,pico-decoder-tiny,pico-lm/pico-decoder-tiny@61eace927bb768764dca51562258d78a2fe54f76,7000,,Sem,ses-9,72,-0.0018876729985238,-0.0076432253194308,-0.0014865448398151,pico-lm/pico-decoder-tiny,0.8812943730411821,0.886007959425842,72,83,-0.002141932430601813,0.0084082983710845,11282784
ds003604,pico-decoder-tiny,pico-lm/pico-decoder-tiny@5db2932311894754cd4e80f811378100794ae014,8000,,Sem,ses-9,72,0.0017268762229707,-0.0044773585965373,0.0011092429768871,pico-lm/pico-decoder-tiny,0.8812943730411821,0.886007959425842,72,83,0.001959477191499105,0.0084082983710845,11282784
ds003604,pico-decoder-tiny,pico-lm/pico-decoder-tiny@a5175df52f960d869efda7045c5982e933d3b705,10000,,Sem,ses-9,72,-0.0032869077719307,-0.0077908148105291,-0.0021560106453025,pico-lm/pico-decoder-tiny,0.8812943730411821,0.886007959425842,72,83,-0.0037296366259416767,0.0084082983710845,11282784
ds003604,pico-decoder-tiny,pico-lm/pico-decoder-tiny@46c9adae32a035be4680d5185fd1e87408bbc608,13000,,Sem,ses-9,72,-0.0019623461478248,-0.0027154219735668,-0.0011159805101537,pico-lm/pico-decoder-tiny,0.8812943730411821,0.886007959425842,72,83,-0.0022266636527510215,0.0084082983710845,11282784
ds003604,pico-decoder-tiny,pico-lm/pico-decoder-tiny@50fc297ab0c87309ed3b0c670e2d57d37acab44a,16000,,Sem,ses-9,72,-0.0034395798397889,0.001237174784614,-0.0019061094114152,pico-lm/pico-decoder-tiny,0.8812943730411821,0.886007959425842,72,83,-0.0039028728027838797,0.0084082983710845,11282784
ds003604,pico-decoder-tiny,pico-lm/pico-decoder-tiny@fd11f6e99d18679b34412651c839856af185d241,20000,,Sem,ses-9,72,-0.0161772186020407,-0.0078790657240626,-0.0106618401428357,pico-lm/pico-decoder-tiny,0.8812943730411821,0.886007959425842,72,83,-0.018356203213026473,0.0084082983710845,11282784
ds003604,pico-decoder-tiny,pico-lm/pico-decoder-tiny@e1dc0e8bf248742bffbb7184e2971541821cff1b,24000,,Sem,ses-9,72,-0.00612080524103,-0.0012799156334766,-0.0040247573722395,pico-lm/pico-decoder-tiny,0.8812943730411821,0.886007959425842,72,83,-0.006945244890090748,0.0084082983710845,11282784
ds003604,pico-decoder-tiny,pico-lm/pico-decoder-tiny@4e773530a79a36816566462c2b3d9ff7172b65f8,30000,,Sem,ses-9,72,-0.0019278294345749,-0.0036454701172932,-0.0010228800504702,pico-lm/pico-decoder-tiny,0.8812943730411821,0.886007959425842,72,83,-0.002187497723288895,0.0084082983710845,11282784
ds003604,pico-decoder-tiny,pico-lm/pico-decoder-tiny@de9cd9bd9035dd4f914f6f69c10b9352e8b5c974,37000,,Sem,ses-9,72,-0.0024545736515262,-0.0020081623373796,-0.0015588201966747,pico-lm/pico-decoder-tiny,0.8812943730411821,0.886007959425842,72,83,-0.0027851915621064562,0.0084082983710845,11282784
ds003604,pico-decoder-tiny,pico-lm/pico-decoder-tiny@5373188422135e88150055fef33a4e3aac2bd5a8,45000,,Sem,ses-9,72,-0.0022472441325297,-0.008093032470336,-0.0015104324577602,pico-lm/pico-decoder-tiny,0.8812943730411821,0.886007959425842,72,83,-0.002549935868505413,0.0084082983710845,11282784
ds003604,pico-decoder-tiny,pico-lm/pico-decoder-tiny@6a777ce3230ad361b38533d232052d21852db2f0,56000,,Sem,ses-9,72,-0.0044591990362627,-0.0087613583502038,-0.0031151903812525,pico-lm/pico-decoder-tiny,0.8812943730411821,0.886007959425842,72,83,-0.005059829238299614,0.0084082983710845,11282784
ds003604,pico-decoder-tiny,pico-lm/pico-decoder-tiny@807a5f576926680d3e81601211eeb7f086c9bbd6,68000,,Sem,ses-9,72,-0.0073775177229348,-0.010835244698841,-0.0048853241212878,pico-lm/pico-decoder-tiny,0.8812943730411821,0.886007959425842,72,83,-0.008371229805401306,0.0084082983710845,11282784
ds003604,pico-decoder-tiny,pico-lm/pico-decoder-tiny@fcd2b3ed5faa6b2389382af2bc876f1835ecff6a,84000,,Sem,ses-9,72,0.0061100439198084,0.0002856255550995,0.0039371694397741,pico-lm/pico-decoder-tiny,0.8812943730411821,0.886007959425842,72,83,0.00693303407659779,0.0084082983710845,11282784
ds003604,pico-decoder-tiny,pico-lm/pico-decoder-tiny@3d9aaed7161ee69ed04d611c1ee9c81176178c6a,103000,,Sem,ses-9,72,0.0099088240861407,0.0052746188299076,0.0068153211506481,pico-lm/pico-decoder-tiny,0.8812943730411821,0.886007959425842,72,83,0.011243489564045668,0.0084082983710845,11282784
ds003604,pico-decoder-tiny,pico-lm/pico-decoder-tiny@6ce1a7d66569cb86b4589f3fc6298e885b8ab8e5,126000,,Sem,ses-9,72,0.0100916587540414,0.0079960084762269,0.0066744454550744,pico-lm/pico-decoder-tiny,0.8812943730411821,0.886007959425842,72,83,0.011450951081438286,0.0084082983710845,11282784
ds003604,pythia-1.4b-full,EleutherAI/pythia-1.4b@step0,0,0.0,Gram,ses-5,60,0.0217065310728259,0.016182271417608,0.0141412205817069,EleutherAI/pythia-1.4b,0.8398150343230842,0.8472510876978319,60,97,0.025846799813868546,0.0081285104156867,1515311488
ds003604,pythia-1.4b-full,EleutherAI/pythia-1.4b@step1,1,2097152.0,Gram,ses-5,60,0.0217065310728259,0.016182271417608,0.0141412205817069,EleutherAI/pythia-1.4b,0.8398150343230842,0.8472510876978319,60,97,0.025846799813868546,0.0081285104156867,1515311488
ds003604,pythia-1.4b-full,EleutherAI/pythia-1.4b@step2,2,4194304.0,Gram,ses-5,60,0.0216590784078087,0.0161787789897761,0.0141143932062865,EleutherAI/pythia-1.4b,0.8398150343230842,0.8472510876978319,60,97,0.025790296104030285,0.0081285104156867,1515311488
ds003604,pythia-1.4b-full,EleutherAI/pythia-1.4b@step4,4,8388608.0,Gram,ses-5,60,0.0206258230281228,0.0160009540278189,0.0136442753893961,EleutherAI/pythia-1.4b,0.8398150343230842,0.8472510876978319,60,97,0.024559959259062115,0.0081285104156867,1515311488
ds003604,pythia-1.4b-full,EleutherAI/pythia-1.4b@step8,8,16777216.0,Gram,ses-5,60,0.0190447390955778,0.0152565818933625,0.0127947418344176,EleutherAI/pythia-1.4b,0.8398150343230842,0.8472510876978319,60,97,0.022677301926284785,0.0081285104156867,1515311488
ds003604,pythia-1.4b-full,EleutherAI/pythia-1.4b@step16,16,33554432.0,Gram,ses-5,60,0.0227772759622144,0.0160451514818176,0.0148770571646657,EleutherAI/pythia-1.4b,0.8398150343230842,0.8472510876978319,60,97,0.02712177685717851,0.0081285104156867,1515311488
ds003604,pythia-1.4b-full,EleutherAI/pythia-1.4b@step64,64,134217728.0,Gram,ses-5,60,0.0148164465271541,0.0069570065573328,0.0099408200873167,EleutherAI/pythia-1.4b,0.8398150343230842,0.8472510876978319,60,97,0.01764251165031428,0.0081285104156867,1515311488
ds003604,pythia-1.4b-full,EleutherAI/pythia-1.4b@step512,512,1073741824.0,Gram,ses-5,60,0.042646185919284,0.0346089872084639,0.0281476655392781,EleutherAI/pythia-1.4b,0.8398150343230842,0.8472510876978319,60,97,0.050780450666328074,0.0081285104156867,1515311488
ds003604,pythia-1.4b-full,EleutherAI/pythia-1.4b@step3000,3000,6291456000.0,Gram,ses-5,60,0.0216189574478754,0.0170687048725601,0.0142332001545767,EleutherAI/pythia-1.4b,0.8398150343230842,0.8472510876978319,60,97,0.02574252253688328,0.0081285104156867,1515311488
ds003604,pythia-1.4b-full,EleutherAI/pythia-1.4b@step7000,7000,14680064000.0,Gram,ses-5,60,0.0294204218423548,0.01941729284723,0.0192486418641193,EleutherAI/pythia-1.4b,0.8398150343230842,0.8472510876978319,60,97,0.035032025672258334,0.0081285104156867,1515311488
ds003604,pythia-1.4b-full,EleutherAI/pythia-1.4b@step13000,13000,27262976000.0,Gram,ses-5,60,0.025426378116968,0.0141692237397574,0.0170922318779482,EleutherAI/pythia-1.4b,0.8398150343230842,0.8472510876978319,60,97,0.030276164485984004,0.0081285104156867,1515311488
ds003604,pythia-1.4b-full,EleutherAI/pythia-1.4b@step20000,20000,41943040000.0,Gram,ses-5,60,0.0209025559426491,0.0130738716147402,0.0135829556741495,EleutherAI/pythia-1.4b,0.8398150343230842,0.8472510876978319,60,97,0.024889475763549742,0.0081285104156867,1515311488
ds003604,pythia-1.4b-full,EleutherAI/pythia-1.4b@step30000,30000,62914560000.0,Gram,ses-5,60,0.0239141014143065,0.0174102701006823,0.0156882658976152,EleutherAI/pythia-1.4b,0.8398150343230842,0.8472510876978319,60,97,0.02847543856318549,0.0081285104156867,1515311488
ds003604,pythia-1.4b-full,EleutherAI/pythia-1.4b@step42000,42000,88080384000.0,Gram,ses-5,60,0.0275036895080027,0.0177388968690232,0.0179852002312264,EleutherAI/pythia-1.4b,0.8398150343230842,0.8472510876978319,60,97,0.03274969890265359,0.0081285104156867,1515311488
ds003604,pythia-1.4b-full,EleutherAI/pythia-1.4b@step59000,59000,123731968000.0,Gram,ses-5,60,0.0220469273379606,0.0102960464385304,0.0147991300265399,EleutherAI/pythia-1.4b,0.8398150343230842,0.8472510876978319,60,97,0.026252122713820047,0.0081285104156867,1515311488
ds003604,pythia-1.4b-full,EleutherAI/pythia-1.4b@step80000,80000,167772160000.0,Gram,ses-5,60,0.0268155890768868,0.0168052747537142,0.0175802346117855,EleutherAI/pythia-1.4b,0.8398150343230842,0.8472510876978319,60,97,0.031930351304678604,0.0081285104156867,1515311488
ds003604,pythia-1.4b-full,EleutherAI/pythia-1.4b@step107000,107000,224395264000.0,Gram,ses-5,60,0.0257755689657688,0.0162686864580785,0.0168954977915321,EleutherAI/pythia-1.4b,0.8398150343230842,0.8472510876978319,60,97,0.030691959434311238,0.0081285104156867,1515311488
ds003604,pythia-1.4b-full,EleutherAI/pythia-1.4b@step143000,143000,299892736000.0,Gram,ses-5,60,0.0254297388424684,0.0152353945529531,0.0166361664958018,EleutherAI/pythia-1.4b,0.8398150343230842,0.8472510876978319,60,97,0.03028016623084811,0.0081285104156867,1515311488
ds003604,pythia-1.4b-full,EleutherAI/pythia-1.4b@step0,0,0.0,Gram,ses-7,60,0.0185706062973319,0.0192928313973544,0.0121534398124638,EleutherAI/pythia-1.4b,0.8473571253286221,0.8585290564097823,60,104,0.021915914485441834,0.0080555141424375,1515311488
ds003604,pythia-1.4b-full,EleutherAI/pythia-1.4b@step1,1,2097152.0,Gram,ses-7,60,0.0185706062973319,0.0192928313973544,0.0121534398124638,EleutherAI/pythia-1.4b,0.8473571253286221,0.8585290564097823,60,104,0.021915914485441834,0.0080555141424375,1515311488
ds003604,pythia-1.4b-full,EleutherAI/pythia-1.4b@step2,2,4194304.0,Gram,ses-7,60,0.0185149173662141,0.0192891579572285,0.0121087275200965,EleutherAI/pythia-1.4b,0.8473571253286221,0.8585290564097823,60,104,0.021850193752762325,0.0080555141424375,1515311488
ds003604,pythia-1.4b-full,EleutherAI/pythia-1.4b@step4,4,8388608.0,Gram,ses-7,60,0.0164573872963634,0.0190994387469409,0.0108797782270298,EleutherAI/pythia-1.4b,0.8473571253286221,0.8585290564097823,60,104,0.019422020308120846,0.0080555141424375,1515311488
ds003604,pythia-1.4b-full,EleutherAI/pythia-1.4b@step8,8,16777216.0,Gram,ses-7,60,0.0115315137183197,0.0182933062828528,0.0077384203147106,EleutherAI/pythia-1.4b,0.8473571253286221,0.8585290564097823,60,104,0.013608800083964066,0.0080555141424375,1515311488
ds003604,pythia-1.4b-full,EleutherAI/pythia-1.4b@step16,16,33554432.0,Gram,ses-7,60,0.0152636870293324,0.0190910836600556,0.0102755235330375,EleutherAI/pythia-1.4b,0.8473571253286221,0.8585290564097823,60,104,0.0180132869283572,0.0080555141424375,1515311488
ds003604,pythia-1.4b-full,EleutherAI/pythia-1.4b@step64,64,134217728.0,Gram,ses-7,60,0.0064088418545532,0.0097134612740912,0.0046341097303529,EleutherAI/pythia-1.4b,0.8473571253286221,0.8585290564097823,60,104,0.007563330339693223,0.0080555141424375,1515311488
ds003604,pythia-1.4b-full,EleutherAI/pythia-1.4b@step512,512,1073741824.0,Gram,ses-7,60,0.0381099747214689,0.037747489676867,0.0249897002040796,EleutherAI/pythia-1.4b,0.8473571253286221,0.8585290564097823,60,104,0.04497510386389811,0.0080555141424375,1515311488
ds003604,pythia-1.4b-full,EleutherAI/pythia-1.4b@step3000,3000,6291456000.0,Gram,ses-7,60,0.0176577051413598,0.0206512607061689,0.0113256236566351,EleutherAI/pythia-1.4b,0.8473571253286221,0.8585290564097823,60,104,0.020838563356048716,0.0080555141424375,1515311488
ds003604,pythia-1.4b-full,EleutherAI/pythia-1.4b@step7000,7000,14680064000.0,Gram,ses-7,60,0.0253765839806106,0.0212871666629617,0.0166732138237633,EleutherAI/pythia-1.4b,0.8473571253286221,0.8585290564097823,60,104,0.029947920684291234,0.0080555141424375,1515311488
ds003604,pythia-1.4b-full,EleutherAI/pythia-1.4b@step13000,13000,27262976000.0,Gram,ses-7,60,0.018359066696665,0.0156778566966693,0.0120026955124827,EleutherAI/pythia-1.4b,0.8473571253286221,0.8585290564097823,60,104,0.02166626815056873,0.0080555141424375,1515311488
ds003604,pythia-1.4b-full,EleutherAI/pythia-1.4b@step20000,20000,41943040000.0,Gram,ses-7,60,0.012823921501286,0.0143306341126716,0.0087949079086463,EleutherAI/pythia-1.4b,0.8473571253286221,0.8585290564097823,60,104,0.01513402214717039,0.0080555141424375,1515311488
ds003604,pythia-1.4b-full,EleutherAI/pythia-1.4b@step30000,30000,62914560000.0,Gram,ses-7,60,0.0200566161061601,0.0194592919031842,0.013148607691153,EleutherAI/pythia-1.4b,0.8473571253286221,0.8585290564097823,60,104,0.02366961403479288,0.0080555141424375,1515311488
ds003604,pythia-1.4b-full,EleutherAI/pythia-1.4b@step42000,42000,88080384000.0,Gram,ses-7,60,0.0237228754841301,0.0191273605725048,0.0156167262298275,EleutherAI/pythia-1.4b,0.8473571253286221,0.8585290564097823,60,104,0.02799631321319201,0.0080555141424375,1515311488
ds003604,pythia-1.4b-full,EleutherAI/pythia-1.4b@step59000,59000,123731968000.0,Gram,ses-7,60,0.0179957274748306,0.0117462364954274,0.0117714690862404,EleutherAI/pythia-1.4b,0.8473571253286221,0.8585290564097823,60,104,0.021237477017557974,0.0080555141424375,1515311488
ds003604,pythia-1.4b-full,EleutherAI/pythia-1.4b@step80000,80000,167772160000.0,Gram,ses-7,60,0.0191461364903263,0.0180906237977434,0.0122249794802515,EleutherAI/pythia-1.4b,0.8473571253286221,0.8585290564097823,60,104,0.022595120661670305,0.0080555141424375,1515311488
ds003604,pythia-1.4b-full,EleutherAI/pythia-1.4b@step107000,107000,224395264000.0,Gram,ses-7,60,0.0190992118465725,0.0174583395743223,0.0126491075107069,EleutherAI/pythia-1.4b,0.8473571253286221,0.8585290564097823,60,104,0.022539743014688692,0.0080555141424375,1515311488
ds003604,pythia-1.4b-full,EleutherAI/pythia-1.4b@step143000,143000,299892736000.0,Gram,ses-7,60,0.0187043514865294,0.0165340192422624,0.0124434309658174,EleutherAI/pythia-1.4b,0.8473571253286221,0.8585290564097823,60,104,0.022073752527041628,0.0080555141424375,1515311488
ds003604,pythia-1.4b-full,EleutherAI/pythia-1.4b@step0,0,0.0,Gram,ses-9,60,-0.0079783785679934,0.0187249222478181,-0.005157882298084,EleutherAI/pythia-1.4b,0.8562953703310558,0.8666432094643701,60,96,-0.009317320686796247,0.0061329615387372,1515311488
ds003604,pythia-1.4b-full,EleutherAI/pythia-1.4b@step1,1,2097152.0,Gram,ses-9,60,-0.0079783785679934,0.0187249222478181,-0.005157882298084,EleutherAI/pythia-1.4b,0.8562953703310558,0.8666432094643701,60,96,-0.009317320686796247,0.0061329615387372,1515311488
ds003604,pythia-1.4b-full,EleutherAI/pythia-1.4b@step2,2,4194304.0,Gram,ses-9,60,-0.0079875886438012,0.0187218472059739,-0.0051821546853691,EleutherAI/pythia-1.4b,0.8562953703310558,0.8666432094643701,60,96,-0.009328076409794306,0.0061329615387372,1515311488
ds003604,pythia-1.4b-full,EleutherAI/pythia-1.4b@step4,4,8388608.0,Gram,ses-9,60,-0.0091312004675411,0.0185624286395785,-0.0058413416242698,EleutherAI/pythia-1.4b,0.8562953703310558,0.8666432094643701,60,96,-0.01066361069313133,0.0061329615387372,1515311488
ds003604,pythia-1.4b-full,EleutherAI/pythia-1.4b@step8,8,16777216.0,Gram,ses-9,60,-0.0039457222057086,0.0178670196191084,-0.0025287995068872,EleutherAI/pythia-1.4b,0.8562953703310558,0.8666432094643701,60,96,-0.0046078985621318125,0.0061329615387372,1515311488
ds003604,pythia-1.4b-full,EleutherAI/pythia-1.4b@step16,16,33554432.0,Gram,ses-9,60,0.0037194672583563,0.0186156797359263,0.0024815322263847,EleutherAI/pythia-1.4b,0.8562953703310558,0.8666432094643701,60,96,0.00434367320813413,0.0061329615387372,1515311488
ds003604,pythia-1.4b-full,EleutherAI/pythia-1.4b@step64,64,134217728.0,Gram,ses-9,60,-0.0085907858525856,0.0093706250386069,-0.0053214015387416,EleutherAI/pythia-1.4b,0.8562953703310558,0.8666432094643701,60,96,-0.010032502977639924,0.0061329615387372,1515311488
ds003604,pythia-1.4b-full,EleutherAI/pythia-1.4b@step512,512,1073741824.0,Gram,ses-9,60,0.0020188600863809,0.036643700905518,0.0011427184435012,EleutherAI/pythia-1.4b,0.8562953703310558,0.8666432094643701,60,96,0.0023576678752804427,0.0061329615387372,1515311488
ds003604,pythia-1.4b-full,EleutherAI/pythia-1.4b@step3000,3000,6291456000.0,Gram,ses-9,60,-0.0079777466736946,0.0202658045563781,-0.006202872445411,EleutherAI/pythia-1.4b,0.8562953703310558,0.8666432094643701,60,96,-0.009316582747154512,0.0061329615387372,1515311488
ds003604,pythia-1.4b-full,EleutherAI/pythia-1.4b@step7000,7000,14680064000.0,Gram,ses-9,60,-0.0032574270126513,0.0203659696946314,-0.0023576153018239,EleutherAI/pythia-1.4b,0.8562953703310558,0.8666432094643701,60,96,-0.003804092752938665,0.0061329615387372,1515311488
ds003604,pythia-1.4b-full,EleutherAI/pythia-1.4b@step13000,13000,27262976000.0,Gram,ses-9,60,-0.0028624216631629,0.0151105934303801,-0.0019437072239095,EleutherAI/pythia-1.4b,0.8562953703310558,0.8666432094643701,60,96,-0.003342797079536057,0.0061329615387372,1515311488
ds003604,pythia-1.4b-full,EleutherAI/pythia-1.4b@step20000,20000,41943040000.0,Gram,ses-9,60,-0.0054382089310998,0.0136530241489055,-0.0040911747516072,EleutherAI/pythia-1.4b,0.8562953703310558,0.8666432094643701,60,96,-0.006350856397830706,0.0061329615387372,1515311488
ds003604,pythia-1.4b-full,EleutherAI/pythia-1.4b@step30000,30000,62914560000.0,Gram,ses-9,60,-0.0009098011950711,0.0188105204504552,-0.0009178794875971,EleutherAI/pythia-1.4b,0.8562953703310558,0.8666432094643701,60,96,-0.001062485243519836,0.0061329615387372,1515311488
ds003604,pythia-1.4b-full,EleutherAI/pythia-1.4b@step42000,42000,88080384000.0,Gram,ses-9,60,0.0001081220917815,0.018242212345683,-0.0006163908876348,EleutherAI/pythia-1.4b,0.8562953703310558,0.8666432094643701,60,96,0.0001262672852472605,0.0061329615387372,1515311488
ds003604,pythia-1.4b-full,EleutherAI/pythia-1.4b@step59000,59000,123731968000.0,Gram,ses-9,60,-0.0018316916966508,0.0109384883031942,-0.0014339870909224,EleutherAI/pythia-1.4b,0.8562953703310558,0.8666432094643701,60,96,-0.0021390886370699896,0.0061329615387372,1515311488
ds003604,pythia-1.4b-full,EleutherAI/pythia-1.4b@step80000,80000,167772160000.0,Gram,ses-9,60,-0.0002264118389162,0.017430108016947,-0.0007990725393068,EleutherAI/pythia-1.4b,0.8562953703310558,0.8666432094643701,60,96,-0.0002644085753128223,0.0061329615387372,1515311488
ds003604,pythia-1.4b-full,EleutherAI/pythia-1.4b@step107000,107000,224395264000.0,Gram,ses-9,60,-0.0015553006975328,0.0168136844959232,-0.0010980061511339,EleutherAI/pythia-1.4b,0.8562953703310558,0.8666432094643701,60,96,-0.001816313332316043,0.0061329615387372,1515311488
ds003604,pythia-1.4b-full,EleutherAI/pythia-1.4b@step143000,143000,299892736000.0,Gram,ses-9,60,-0.0024993702561975,0.0158826335774487,-0.0015745114383625,EleutherAI/pythia-1.4b,0.8562953703310558,0.8666432094643701,60,96,-0.0029188179018546,0.0061329615387372,1515311488
ds003604,pythia-1.4b-full,EleutherAI/pythia-1.4b@step0,0,0.0,Phon,ses-5,72,-0.0478492313817043,-0.0393669376407405,-0.0319579577924166,EleutherAI/pythia-1.4b,0.8557220149626009,0.8634857149064381,72,93,-0.05591679370758684,0.0089146943876321,1515311488
ds003604,pythia-1.4b-full,EleutherAI/pythia-1.4b@step1,1,2097152.0,Phon,ses-5,72,-0.0478492313817043,-0.0393669376407405,-0.0319579577924166,EleutherAI/pythia-1.4b,0.8557220149626009,0.8634857149064381,72,93,-0.05591679370758684,0.0089146943876321,1515311488
ds003604,pythia-1.4b-full,EleutherAI/pythia-1.4b@step2,2,4194304.0,Phon,ses-5,72,-0.0478546519256759,-0.0393515289160538,-0.0319463202349561,EleutherAI/pythia-1.4b,0.8557220149626009,0.8634857149064381,72,93,-0.05592312817588008,0.0089146943876321,1515311488
ds003604,pythia-1.4b-full,EleutherAI/pythia-1.4b@step4,4,8388608.0,Phon,ses-5,72,-0.0481423704904005,-0.0383795898692672,-0.0321937714567465,EleutherAI/pythia-1.4b,0.8557220149626009,0.8634857149064381,72,93,-0.05625935718447602,0.0089146943876321,1515311488
ds003604,pythia-1.4b-full,EleutherAI/pythia-1.4b@step8,8,16777216.0,Phon,ses-5,72,-0.0401626945049075,-0.0311454197525444,-0.0268288574674837,EleutherAI/pythia-1.4b,0.8557220149626009,0.8634857149064381,72,93,-0.04693427749041001,0.0089146943876321,1515311488
ds003604,pythia-1.4b-full,EleutherAI/pythia-1.4b@step16,16,33554432.0,Phon,ses-5,72,-0.0336504818659143,-0.026819316194136,-0.0225872740246654,EleutherAI/pythia-1.4b,0.8557220149626009,0.8634857149064381,72,93,-0.03932408104211855,0.0089146943876321,1515311488
ds003604,pythia-1.4b-full,EleutherAI/pythia-1.4b@step64,64,134217728.0,Phon,ses-5,72,-0.0332448652122239,-0.0272720783310546,-0.0221768969984289,EleutherAI/pythia-1.4b,0.8557220149626009,0.8634857149064381,72,93,-0.03885007587852798,0.0089146943876321,1515311488
ds003604,pythia-1.4b-full,EleutherAI/pythia-1.4b@step512,512,1073741824.0,Phon,ses-5,72,-0.0295211218164638,-0.0139622570285641,-0.019535171454909,EleutherAI/pythia-1.4b,0.8557220149626009,0.8634857149064381,72,93,-0.03449849518918128,0.0089146943876321,1515311488
ds003604,pythia-1.4b-full,EleutherAI/pythia-1.4b@step3000,3000,6291456000.0,Phon,ses-5,72,-0.0058365173639523,-0.0109436854233583,-0.0036823681816928,EleutherAI/pythia-1.4b,0.8557220149626009,0.8634857149064381,72,93,-0.0068205763809960915,0.0089146943876321,1515311488
ds003604,pythia-1.4b-full,EleutherAI/pythia-1.4b@step7000,7000,14680064000.0,Phon,ses-5,72,-0.0111667840908263,-0.0069971264574947,-0.0074063865690336,EleutherAI/pythia-1.4b,0.8557220149626009,0.8634857149064381,72,93,-0.01304954634282062,0.0089146943876321,1515311488
ds003604,pythia-1.4b-full,EleutherAI/pythia-1.4b@step13000,13000,27262976000.0,Phon,ses-5,72,-0.0063122331562875,-0.0126467286445212,-0.0041588955345467,EleutherAI/pythia-1.4b,0.8557220149626009,0.8634857149064381,72,93,-0.007376499664512399,0.0089146943876321,1515311488
ds003604,pythia-1.4b-full,EleutherAI/pythia-1.4b@step20000,20000,41943040000.0,Phon,ses-5,72,-0.0047774589133025,-0.005284953652992,-0.0032199283983964,EleutherAI/pythia-1.4b,0.8557220149626009,0.8634857149064381,72,93,-0.005582956649200263,0.0089146943876321,1515311488
ds003604,pythia-1.4b-full,EleutherAI/pythia-1.4b@step30000,30000,62914560000.0,Phon,ses-5,72,-0.0247239015961647,-0.0262982804842318,-0.016599444459757,EleutherAI/pythia-1.4b,0.8557220149626009,0.8634857149064381,72,93,-0.028892445401495544,0.0089146943876321,1515311488
ds003604,pythia-1.4b-full,EleutherAI/pythia-1.4b@step42000,42000,88080384000.0,Phon,ses-5,72,-0.0052148126615125,-0.0131466210635067,-0.0036174428611241,EleutherAI/pythia-1.4b,0.8557220149626009,0.8634857149064381,72,93,-0.006094049902105664,0.0089146943876321,1515311488
ds003604,pythia-1.4b-full,EleutherAI/pythia-1.4b@step59000,59000,123731968000.0,Phon,ses-5,72,0.0007045255552472,-0.009232649089603,0.0003136015484076,EleutherAI/pythia-1.4b,0.8557220149626009,0.8634857149064381,72,93,0.0008233112423524491,0.0089146943876321,1515311488
ds003604,pythia-1.4b-full,EleutherAI/pythia-1.4b@step80000,80000,167772160000.0,Phon,ses-5,72,-0.0071812125397554,-0.0152974058840925,-0.0049876121263348,EleutherAI/pythia-1.4b,0.8557220149626009,0.8634857149064381,72,93,-0.008391992275750031,0.0089146943876321,1515311488
ds003604,pythia-1.4b-full,EleutherAI/pythia-1.4b@step107000,107000,224395264000.0,Phon,ses-5,72,-0.0051202186717719,-0.0122870922306963,-0.0034269544205874,EleutherAI/pythia-1.4b,0.8557220149626009,0.8634857149064381,72,93,-0.00598350700606397,0.0089146943876321,1515311488
ds003604,pythia-1.4b-full,EleutherAI/pythia-1.4b@step143000,143000,299892736000.0,Phon,ses-5,72,-0.0056691969640886,-0.010920202176675,-0.0038599940587206,EleutherAI/pythia-1.4b,0.8557220149626009,0.8634857149064381,72,93,-0.006625045125590664,0.0089146943876321,1515311488
ds003604,pythia-1.4b-full,EleutherAI/pythia-1.4b@step0,0,0.0,Phon,ses-7,72,-0.0462133977328163,-0.0392348673482329,-0.0307354017560461,EleutherAI/pythia-1.4b,0.8460260208123772,0.8625655350367195,72,104,-0.054624085543422095,0.0081448036195669,1515311488
ds003604,pythia-1.4b-full,EleutherAI/pythia-1.4b@step1,1,2097152.0,Phon,ses-7,72,-0.0462133977328163,-0.0392348673482329,-0.0307354017560461,EleutherAI/pythia-1.4b,0.8460260208123772,0.8625655350367195,72,104,-0.054624085543422095,0.0081448036195669,1515311488
ds003604,pythia-1.4b-full,EleutherAI/pythia-1.4b@step2,2,4194304.0,Phon,ses-7,72,-0.0461898320562339,-0.0392176456776791,-0.0307029390957617,EleutherAI/pythia-1.4b,0.8460260208123772,0.8625655350367195,72,104,-0.05459623099048557,0.0081448036195669,1515311488
ds003604,pythia-1.4b-full,EleutherAI/pythia-1.4b@step4,4,8388608.0,Phon,ses-7,72,-0.0456235882211011,-0.0381713538688477,-0.0304248627227596,EleutherAI/pythia-1.4b,0.8460260208123772,0.8625655350367195,72,104,-0.05392693262234664,0.0081448036195669,1515311488
ds003604,pythia-1.4b-full,EleutherAI/pythia-1.4b@step8,8,16777216.0,Phon,ses-7,72,-0.0359192299567903,-0.031064119099479,-0.0239770433866517,EleutherAI/pythia-1.4b,0.8460260208123772,0.8625655350367195,72,104,-0.04245641277356892,0.0081448036195669,1515311488
ds003604,pythia-1.4b-full,EleutherAI/pythia-1.4b@step16,16,33554432.0,Phon,ses-7,72,-0.0299486398248702,-0.0270311335761921,-0.0201078617825675,EleutherAI/pythia-1.4b,0.8460260208123772,0.8625655350367195,72,104,-0.03539919469156835,0.0081448036195669,1515311488
ds003604,pythia-1.4b-full,EleutherAI/pythia-1.4b@step64,64,134217728.0,Phon,ses-7,72,-0.0321765983762563,-0.0271932005544072,-0.0216513694036364,EleutherAI/pythia-1.4b,0.8460260208123772,0.8625655350367195,72,104,-0.0380326344399661,0.0081448036195669,1515311488
ds003604,pythia-1.4b-full,EleutherAI/pythia-1.4b@step512,512,1073741824.0,Phon,ses-7,72,-0.0218903540945736,-0.0135663201859205,-0.0146449473094273,EleutherAI/pythia-1.4b,0.8460260208123772,0.8625655350367195,72,104,-0.02587432721460965,0.0081448036195669,1515311488
ds003604,pythia-1.4b-full,EleutherAI/pythia-1.4b@step3000,3000,6291456000.0,Phon,ses-7,72,-0.004762290301059,-0.0099291803422438,-0.0030392400062475,EleutherAI/pythia-1.4b,0.8460260208123772,0.8625655350367195,72,104,-0.0056290116189170155,0.0081448036195669,1515311488
ds003604,pythia-1.4b-full,EleutherAI/pythia-1.4b@step7000,7000,14680064000.0,Phon,ses-7,72,-0.0061583401545557,-0.0062648853001823,-0.0044577970103727,EleutherAI/pythia-1.4b,0.8460260208123772,0.8625655350367195,72,104,-0.007279137997011361,0.0081448036195669,1515311488
ds003604,pythia-1.4b-full,EleutherAI/pythia-1.4b@step13000,13000,27262976000.0,Phon,ses-7,72,-0.0025325172364117,-0.0117181302348002,-0.0018301590364102,EleutherAI/pythia-1.4b,0.8460260208123772,0.8625655350367195,72,104,-0.0029934271217567374,0.0081448036195669,1515311488
ds003604,pythia-1.4b-full,EleutherAI/pythia-1.4b@step20000,20000,41943040000.0,Phon,ses-7,72,-0.0006953811270305,-0.0043254128966769,-0.0005261400978167,EleutherAI/pythia-1.4b,0.8460260208123772,0.8625655350367195,72,104,-0.0008219382263949471,0.0081448036195669,1515311488
ds003604,pythia-1.4b-full,EleutherAI/pythia-1.4b@step30000,30000,62914560000.0,Phon,ses-7,72,-0.020755995140137,-0.0263723977489448,-0.0136202297498843,EleutherAI/pythia-1.4b,0.8460260208123772,0.8625655350367195,72,104,-0.024533518626538846,0.0081448036195669,1515311488
ds003604,pythia-1.4b-full,EleutherAI/pythia-1.4b@step42000,42000,88080384000.0,Phon,ses-7,72,-0.0051716495230914,-0.0130256150203663,-0.0036713431272566,EleutherAI/pythia-1.4b,0.8460260208123772,0.8625655350367195,72,104,-0.006112872885547233,0.0081448036195669,1515311488
ds003604,pythia-1.4b-full,EleutherAI/pythia-1.4b@step59000,59000,123731968000.0,Phon,ses-7,72,1.924318261587353e-05,-0.0086975409438008,-0.0001788508830762,EleutherAI/pythia-1.4b,0.8460260208123772,0.8625655350367195,72,104,2.274537915204511e-05,0.0081448036195669,1515311488
ds003604,pythia-1.4b-full,EleutherAI/pythia-1.4b@step80000,80000,167772160000.0,Phon,ses-7,72,-0.0043049869676447,-0.014909569543562,-0.0030374024971748,EleutherAI/pythia-1.4b,0.8460260208123772,0.8625655350367195,72,104,-0.00508848056884933,0.0081448036195669,1515311488
ds003604,pythia-1.4b-full,EleutherAI/pythia-1.4b@step107000,107000,224395264000.0,Phon,ses-7,72,-0.0033215509621445,-0.0120012246504865,-0.0023832492672932,EleutherAI/pythia-1.4b,0.8460260208123772,0.8625655350367195,72,104,-0.0039260624146702445,0.0081448036195669,1515311488
ds003604,pythia-1.4b-full,EleutherAI/pythia-1.4b@step143000,143000,299892736000.0,Phon,ses-7,72,-0.0046586524897775,-0.010930153466614,-0.003284241215941,EleutherAI/pythia-1.4b,0.8460260208123772,0.8625655350367195,72,104,-0.005506512063664585,0.0081448036195669,1515311488
ds003604,pythia-1.4b-full,EleutherAI/pythia-1.4b@step0,0,0.0,Phon,ses-9,72,-0.0437577217195703,-0.0390866889869774,-0.0292966321521212,EleutherAI/pythia-1.4b,0.8734471064940128,0.8799092800838068,72,96,-0.0500977350479897,0.008728626502912,1515311488
ds003604,pythia-1.4b-full,EleutherAI/pythia-1.4b@step1,1,2097152.0,Phon,ses-9,72,-0.0437577217195703,-0.0390866889869774,-0.0292966321521212,EleutherAI/pythia-1.4b,0.8734471064940128,0.8799092800838068,72,96,-0.0500977350479897,0.008728626502912,1515311488
ds003604,pythia-1.4b-full,EleutherAI/pythia-1.4b@step2,2,4194304.0,Phon,ses-9,72,-0.0437695250385062,-0.0390697977102327,-0.0293033696853878,EleutherAI/pythia-1.4b,0.8734471064940128,0.8799092800838068,72,96,-0.05011124853821498,0.008728626502912,1515311488
ds003604,pythia-1.4b-full,EleutherAI/pythia-1.4b@step4,4,8388608.0,Phon,ses-9,72,-0.0436729325690114,-0.0380400406324575,-0.0291600439777171,EleutherAI/pythia-1.4b,0.8734471064940128,0.8799092800838068,72,96,-0.05000066088067207,0.008728626502912,1515311488
ds003604,pythia-1.4b-full,EleutherAI/pythia-1.4b@step8,8,16777216.0,Phon,ses-9,72,-0.0341487838569804,-0.0309537506457162,-0.022659549381525,EleutherAI/pythia-1.4b,0.8734471064940128,0.8799092800838068,72,96,-0.03909656761478376,0.008728626502912,1515311488
ds003604,pythia-1.4b-full,EleutherAI/pythia-1.4b@step16,16,33554432.0,Phon,ses-9,72,-0.0267271443577273,-0.0269066188493921,-0.0178140379568124,EleutherAI/pythia-1.4b,0.8734471064940128,0.8799092800838068,72,96,-0.030599614056779186,0.008728626502912,1515311488
ds003604,pythia-1.4b-full,EleutherAI/pythia-1.4b@step64,64,134217728.0,Phon,ses-9,72,-0.0331063628760417,-0.0271809339898262,-0.0219986586183769,EleutherAI/pythia-1.4b,0.8734471064940128,0.8799092800838068,72,96,-0.037903111281608705,0.008728626502912,1515311488
ds003604,pythia-1.4b-full,EleutherAI/pythia-1.4b@step512,512,1073741824.0,Phon,ses-9,72,-0.0203293948083383,-0.0132712448867974,-0.0133629784797062,EleutherAI/pythia-1.4b,0.8734471064940128,0.8799092800838068,72,96,-0.023274900857980747,0.008728626502912,1515311488
ds003604,pythia-1.4b-full,EleutherAI/pythia-1.4b@step3000,3000,6291456000.0,Phon,ses-9,72,-0.0029269047478377,-0.0098166771806173,-0.0017070459285392,EleutherAI/pythia-1.4b,0.8734471064940128,0.8799092800838068,72,96,-0.0033509811024346934,0.008728626502912,1515311488
ds003604,pythia-1.4b-full,EleutherAI/pythia-1.4b@step7000,7000,14680064000.0,Phon,ses-9,72,-0.0093273749891897,-0.0065881628519698,-0.0064220942090901,EleutherAI/pythia-1.4b,0.8734471064940128,0.8799092800838068,72,96,-0.01067880919158284,0.008728626502912,1515311488
ds003604,pythia-1.4b-full,EleutherAI/pythia-1.4b@step13000,13000,27262976000.0,Phon,ses-9,72,-0.006864920960467,-0.0119674021547544,-0.0045845851363891,EleutherAI/pythia-1.4b,0.8734471064940128,0.8799092800838068,72,96,-0.007859572616849761,0.008728626502912,1515311488
ds003604,pythia-1.4b-full,EleutherAI/pythia-1.4b@step20000,20000,41943040000.0,Phon,ses-9,72,-0.0027450064406417,-0.0045931353334333,-0.0018509841392341,EleutherAI/pythia-1.4b,0.8734471064940128,0.8799092800838068,72,96,-0.0031427277281392153,0.008728626502912,1515311488
ds003604,pythia-1.4b-full,EleutherAI/pythia-1.4b@step30000,30000,62914560000.0,Phon,ses-9,72,-0.0183121935891191,-0.0261943557003417,-0.0122084102790257,EleutherAI/pythia-1.4b,0.8734471064940128,0.8799092800838068,72,96,-0.020965429335067155,0.008728626502912,1515311488
ds003604,pythia-1.4b-full,EleutherAI/pythia-1.4b@step42000,42000,88080384000.0,Phon,ses-9,72,-0.0028903981782631,-0.0130984292618686,-0.0017817712974957,EleutherAI/pythia-1.4b,0.8734471064940128,0.8799092800838068,72,96,-0.003309185131845088,0.008728626502912,1515311488
ds003604,pythia-1.4b-full,EleutherAI/pythia-1.4b@step59000,59000,123731968000.0,Phon,ses-9,72,0.002089057381596,-0.0089889114752942,0.0011080179708387,EleutherAI/pythia-1.4b,0.8734471064940128,0.8799092800838068,72,96,0.0023917388540920423,0.008728626502912,1515311488
ds003604,pythia-1.4b-full,EleutherAI/pythia-1.4b@step80000,80000,167772160000.0,Phon,ses-9,72,-0.0043340026515823,-0.0155011601547867,-0.0031752156776274,EleutherAI/pythia-1.4b,0.8734471064940128,0.8799092800838068,72,96,-0.004961952039636196,0.008728626502912,1515311488
ds003604,pythia-1.4b-full,EleutherAI/pythia-1.4b@step107000,107000,224395264000.0,Phon,ses-9,72,-0.0047297117035577,-0.0123058855962691,-0.0032462660284385,EleutherAI/pythia-1.4b,0.8734471064940128,0.8799092800838068,72,96,-0.005414994987552942,0.008728626502912,1515311488
ds003604,pythia-1.4b-full,EleutherAI/pythia-1.4b@step143000,143000,299892736000.0,Phon,ses-9,72,-0.0047128708646375,-0.0112681027399453,-0.0033608040939702,EleutherAI/pythia-1.4b,0.8734471064940128,0.8799092800838068,72,96,-0.005395714096019855,0.008728626502912,1515311488
ds003604,pythia-1.4b-full,EleutherAI/pythia-1.4b@step0,0,0.0,Plaus,ses-5,60,0.0123505482746118,0.0194240185098296,0.0082149256019392,EleutherAI/pythia-1.4b,0.8377735419584034,0.851372700209319,60,82,0.014742108285898843,0.0058908227201663,1515311488
ds003604,pythia-1.4b-full,EleutherAI/pythia-1.4b@step1,1,2097152.0,Plaus,ses-5,60,0.0123505482746118,0.0194240185098296,0.0082149256019392,EleutherAI/pythia-1.4b,0.8377735419584034,0.851372700209319,60,82,0.014742108285898843,0.0058908227201663,1515311488
ds003604,pythia-1.4b-full,EleutherAI/pythia-1.4b@step2,2,4194304.0,Plaus,ses-5,60,0.0123358783723794,0.0194211373645864,0.0082136481078716,EleutherAI/pythia-1.4b,0.8377735419584034,0.851372700209319,60,82,0.014724597703984179,0.0058908227201663,1515311488
ds003604,pythia-1.4b-full,EleutherAI/pythia-1.4b@step4,4,8388608.0,Plaus,ses-5,60,0.01205762631471,0.0193045299574506,0.0081817107561806,EleutherAI/pythia-1.4b,0.8377735419584034,0.851372700209319,60,82,0.014392464921395998,0.0058908227201663,1515311488
ds003604,pythia-1.4b-full,EleutherAI/pythia-1.4b@step8,8,16777216.0,Plaus,ses-5,60,0.0125387835269765,0.019268931131377,0.0081983181790599,EleutherAI/pythia-1.4b,0.8377735419584034,0.851372700209319,60,82,0.014966793410144561,0.0058908227201663,1515311488
ds003604,pythia-1.4b-full,EleutherAI/pythia-1.4b@step16,16,33554432.0,Plaus,ses-5,60,0.0201121016192502,0.0205579902317159,0.0129327111937223,EleutherAI/pythia-1.4b,0.8377735419584034,0.851372700209319,60,82,0.024006608721774115,0.0058908227201663,1515311488
ds003604,pythia-1.4b-full,EleutherAI/pythia-1.4b@step64,64,134217728.0,Plaus,ses-5,60,0.0259927523346939,0.0197827832755781,0.0170500745737161,EleutherAI/pythia-1.4b,0.8377735419584034,0.851372700209319,60,82,0.031025988567187857,0.0058908227201663,1515311488
ds003604,pythia-1.4b-full,EleutherAI/pythia-1.4b@step512,512,1073741824.0,Plaus,ses-5,60,-0.0073974924216099,-0.003106955416148,-0.0048104039116868,EleutherAI/pythia-1.4b,0.8377735419584034,0.851372700209319,60,82,-0.00882994276032794,0.0058908227201663,1515311488
ds003604,pythia-1.4b-full,EleutherAI/pythia-1.4b@step3000,3000,6291456000.0,Plaus,ses-5,60,-0.0035935709753982,-0.007521402250066,-0.0022579707645482,EleutherAI/pythia-1.4b,0.8377735419584034,0.851372700209319,60,82,-0.004289430013506712,0.0058908227201663,1515311488
ds003604,pythia-1.4b-full,EleutherAI/pythia-1.4b@step7000,7000,14680064000.0,Plaus,ses-5,60,-0.0111807539538797,-0.0145780316417209,-0.0070204686486987,EleutherAI/pythia-1.4b,0.8377735419584034,0.851372700209319,60,82,-0.013345795007733535,0.0058908227201663,1515311488
ds003604,pythia-1.4b-full,EleutherAI/pythia-1.4b@step13000,13000,27262976000.0,Plaus,ses-5,60,-0.0143440730784458,-0.0105507099274408,-0.0094081050611121,EleutherAI/pythia-1.4b,0.8377735419584034,0.851372700209319,60,82,-0.017121659207468744,0.0058908227201663,1515311488
ds003604,pythia-1.4b-full,EleutherAI/pythia-1.4b@step20000,20000,41943040000.0,Plaus,ses-5,60,-0.0102652213476767,-0.0073173864655768,-0.0066755452504367,EleutherAI/pythia-1.4b,0.8377735419584034,0.851372700209319,60,82,-0.012252978679274622,0.0058908227201663,1515311488
ds003604,pythia-1.4b-full,EleutherAI/pythia-1.4b@step30000,30000,62914560000.0,Plaus,ses-5,60,-0.011622657978863,-0.0074189284566248,-0.0074816440071156,EleutherAI/pythia-1.4b,0.8377735419584034,0.851372700209319,60,82,-0.01387326932251112,0.0058908227201663,1515311488
ds003604,pythia-1.4b-full,EleutherAI/pythia-1.4b@step42000,42000,88080384000.0,Plaus,ses-5,60,-0.0124772474095728,-0.0060442702282218,-0.0081599933570308,EleutherAI/pythia-1.4b,0.8377735419584034,0.851372700209319,60,82,-0.014893341439747106,0.0058908227201663,1515311488
ds003604,pythia-1.4b-full,EleutherAI/pythia-1.4b@step59000,59000,123731968000.0,Plaus,ses-5,60,-0.0076391660226583,-0.0055247794572332,-0.005087620124364,EleutherAI/pythia-1.4b,0.8377735419584034,0.851372700209319,60,82,-0.009118414034418857,0.0058908227201663,1515311488
ds003604,pythia-1.4b-full,EleutherAI/pythia-1.4b@step80000,80000,167772160000.0,Plaus,ses-5,60,-0.0111979579253722,-0.0059007596182526,-0.0077844101011455,EleutherAI/pythia-1.4b,0.8377735419584034,0.851372700209319,60,82,-0.01336633035604769,0.0058908227201663,1515311488
ds003604,pythia-1.4b-full,EleutherAI/pythia-1.4b@step107000,107000,224395264000.0,Plaus,ses-5,60,-0.0097597145646891,-0.0069467963882122,-0.0063983290377595,EleutherAI/pythia-1.4b,0.8377735419584034,0.851372700209319,60,82,-0.011649585569239286,0.0058908227201663,1515311488
ds003604,pythia-1.4b-full,EleutherAI/pythia-1.4b@step143000,143000,299892736000.0,Plaus,ses-5,60,-0.0065452055098521,-0.0075499926679263,-0.0043492285532699,EleutherAI/pythia-1.4b,0.8377735419584034,0.851372700209319,60,82,-0.007812619021784623,0.0058908227201663,1515311488
ds003604,pythia-1.4b-full,EleutherAI/pythia-1.4b@step0,0,0.0,Plaus,ses-7,60,-1.1829623919938864e-05,0.0191297479480767,-0.0001488280588797,EleutherAI/pythia-1.4b,0.8460574663445363,0.8583435840524389,60,103,-1.3982057236667111e-05,0.0063089941228393,1515311488
ds003604,pythia-1.4b-full,EleutherAI/pythia-1.4b@step1,1,2097152.0,Plaus,ses-7,60,-1.1829623919938864e-05,0.0191297479480767,-0.0001488280588797,EleutherAI/pythia-1.4b,0.8460574663445363,0.8583435840524389,60,103,-1.3982057236667111e-05,0.0063089941228393,1515311488
ds003604,pythia-1.4b-full,EleutherAI/pythia-1.4b@step2,2,4194304.0,Plaus,ses-7,60,2.188907819449037e-06,0.019126466141857,-0.0001143357190535,EleutherAI/pythia-1.4b,0.8460574663445363,0.8583435840524389,60,103,2.5871857486305283e-06,0.0063089941228393,1515311488
ds003604,pythia-1.4b-full,EleutherAI/pythia-1.4b@step4,4,8388608.0,Plaus,ses-7,60,0.0005141141787878,0.0189869977250071,0.0002752999715757,EleutherAI/pythia-1.4b,0.8460574663445363,0.8583435840524389,60,103,0.0006076586984204209,0.0063089941228393,1515311488
ds003604,pythia-1.4b-full,EleutherAI/pythia-1.4b@step8,8,16777216.0,Plaus,ses-7,60,0.0033866126083979,0.0188290078368326,0.0021570487332049,EleutherAI/pythia-1.4b,0.8460574663445363,0.8583435840524389,60,103,0.004002816289808362,0.0063089941228393,1515311488
ds003604,pythia-1.4b-full,EleutherAI/pythia-1.4b@step16,16,33554432.0,Plaus,ses-7,60,0.0078863492226274,0.0201424422667458,0.0049726456582767,EleutherAI/pythia-1.4b,0.8460574663445363,0.8583435840524389,60,103,0.009321292626493857,0.0063089941228393,1515311488
ds003604,pythia-1.4b-full,EleutherAI/pythia-1.4b@step64,64,134217728.0,Plaus,ses-7,60,0.0176331434965246,0.0193088255516235,0.0116092273396505,EleutherAI/pythia-1.4b,0.8460574663445363,0.8583435840524389,60,103,0.020841543509698114,0.0063089941228393,1515311488
ds003604,pythia-1.4b-full,EleutherAI/pythia-1.4b@step512,512,1073741824.0,Plaus,ses-7,60,-0.0111156666770774,-0.0030796057343235,-0.007877667168083,EleutherAI/pythia-1.4b,0.8460574663445363,0.8583435840524389,60,103,-0.013138193467050873,0.0063089941228393,1515311488
ds003604,pythia-1.4b-full,EleutherAI/pythia-1.4b@step3000,3000,6291456000.0,Plaus,ses-7,60,-0.008359776549841,-0.0077529414690493,-0.0055424080124427,EleutherAI/pythia-1.4b,0.8460574663445363,0.8583435840524389,60,103,-0.009880861386354913,0.0063089941228393,1515311488
ds003604,pythia-1.4b-full,EleutherAI/pythia-1.4b@step7000,7000,14680064000.0,Plaus,ses-7,60,-0.0175857038156369,-0.0146552020298774,-0.011413770747302,EleutherAI/pythia-1.4b,0.8460574663445363,0.8583435840524389,60,103,-0.02078547204555435,0.0063089941228393,1515311488
ds003604,pythia-1.4b-full,EleutherAI/pythia-1.4b@step13000,13000,27262976000.0,Plaus,ses-7,60,-0.0175067927690366,-0.0107890625544609,-0.0115785674820272,EleutherAI/pythia-1.4b,0.8460574663445363,0.8583435840524389,60,103,-0.02069220291226339,0.0063089941228393,1515311488
ds003604,pythia-1.4b-full,EleutherAI/pythia-1.4b@step20000,20000,41943040000.0,Plaus,ses-7,60,-0.0157894187579261,-0.0074106275554517,-0.0106472743067199,EleutherAI/pythia-1.4b,0.8460574663445363,0.8583435840524389,60,103,-0.01866234787353823,0.0063089941228393,1515311488
ds003604,pythia-1.4b-full,EleutherAI/pythia-1.4b@step30000,30000,62914560000.0,Plaus,ses-7,60,-0.0147946115494989,-0.0075720136624704,-0.0096955412263304,EleutherAI/pythia-1.4b,0.8460574663445363,0.8583435840524389,60,103,-0.01748653269785596,0.0063089941228393,1515311488
ds003604,pythia-1.4b-full,EleutherAI/pythia-1.4b@step42000,42000,88080384000.0,Plaus,ses-7,60,-0.0145253445093938,-0.006290429167635,-0.0095026396221172,EleutherAI/pythia-1.4b,0.8460574663445363,0.8583435840524389,60,103,-0.017168271763089327,0.0063089941228393,1515311488
ds003604,pythia-1.4b-full,EleutherAI/pythia-1.4b@step59000,59000,123731968000.0,Plaus,ses-7,60,-0.0089380550502309,-0.0058523605400011,-0.0057787444149556,EleutherAI/pythia-1.4b,0.8460574663445363,0.8583435840524389,60,103,-0.01056435928501232,0.0063089941228393,1515311488
ds003604,pythia-1.4b-full,EleutherAI/pythia-1.4b@step80000,80000,167772160000.0,Plaus,ses-7,60,-0.0104498708162977,-0.0064313751429603,-0.0071137257156362,EleutherAI/pythia-1.4b,0.8460574663445363,0.8583435840524389,60,103,-0.0123512541783329,0.0063089941228393,1515311488
ds003604,pythia-1.4b-full,EleutherAI/pythia-1.4b@step107000,107000,224395264000.0,Plaus,ses-7,60,-0.0086658254645947,-0.0073138122086362,-0.0056995397827621,EleutherAI/pythia-1.4b,0.8460574663445363,0.8583435840524389,60,103,-0.010242596761229636,0.0063089941228393,1515311488
ds003604,pythia-1.4b-full,EleutherAI/pythia-1.4b@step143000,143000,299892736000.0,Plaus,ses-7,60,-0.0081365425766023,-0.0079423007654754,-0.0053622813489059,EleutherAI/pythia-1.4b,0.8460574663445363,0.8583435840524389,60,103,-0.009617009364336597,0.0063089941228393,1515311488
ds003604,pythia-1.4b-full,EleutherAI/pythia-1.4b@step0,0,0.0,Plaus,ses-9,60,0.0050916819928535,0.0190853467280765,0.0032339762322228,EleutherAI/pythia-1.4b,0.8571028945001105,0.8668304036711462,60,89,0.005940572626140914,0.0059238995685712,1515311488
ds003604,pythia-1.4b-full,EleutherAI/pythia-1.4b@step1,1,2097152.0,Plaus,ses-9,60,0.0050916819928535,0.0190853467280765,0.0032339762322228,EleutherAI/pythia-1.4b,0.8571028945001105,0.8668304036711462,60,89,0.005940572626140914,0.0059238995685712,1515311488
ds003604,pythia-1.4b-full,EleutherAI/pythia-1.4b@step2,2,4194304.0,Plaus,ses-9,60,0.0051186868180427,0.0190820403926907,0.0032914634652665,EleutherAI/pythia-1.4b,0.8571028945001105,0.8668304036711462,60,89,0.005972079724486382,0.0059238995685712,1515311488
ds003604,pythia-1.4b-full,EleutherAI/pythia-1.4b@step4,4,8388608.0,Plaus,ses-9,60,0.0057464326875328,0.0189401499293893,0.0039238230287468,EleutherAI/pythia-1.4b,0.8571028945001105,0.8668304036711462,60,89,0.00670448405250609,0.0059238995685712,1515311488
ds003604,pythia-1.4b-full,EleutherAI/pythia-1.4b@step8,8,16777216.0,Plaus,ses-9,60,0.0077128011846676,0.0187661286997481,0.0050109704803058,EleutherAI/pythia-1.4b,0.8571028945001105,0.8668304036711462,60,89,0.008998687595339354,0.0059238995685712,1515311488
ds003604,pythia-1.4b-full,EleutherAI/pythia-1.4b@step16,16,33554432.0,Plaus,ses-9,60,0.0108515608284201,0.0200490472480761,0.007065180941066,EleutherAI/pythia-1.4b,0.8571028945001105,0.8668304036711462,60,89,0.012660744582771562,0.0059238995685712,1515311488
ds003604,pythia-1.4b-full,EleutherAI/pythia-1.4b@step64,64,134217728.0,Plaus,ses-9,60,0.0194526809660198,0.0192911105764733,0.0124191585785323,EleutherAI/pythia-1.4b,0.8571028945001105,0.8668304036711462,60,89,0.02269585261098111,0.0059238995685712,1515311488
ds003604,pythia-1.4b-full,EleutherAI/pythia-1.4b@step512,512,1073741824.0,Plaus,ses-9,60,-0.0012354821135204,-0.0027535191351461,-0.0010430739062255,EleutherAI/pythia-1.4b,0.8571028945001105,0.8668304036711462,60,89,-0.0014414630045567311,0.0059238995685712,1515311488
ds003604,pythia-1.4b-full,EleutherAI/pythia-1.4b@step3000,3000,6291456000.0,Plaus,ses-9,60,0.0014248664613396,-0.0074807170376197,0.0012078706409507,EleutherAI/pythia-1.4b,0.8571028945001105,0.8668304036711462,60,89,0.0016624217121220053,0.0059238995685712,1515311488
ds003604,pythia-1.4b-full,EleutherAI/pythia-1.4b@step7000,7000,14680064000.0,Plaus,ses-9,60,-0.0082174878034797,-0.0142389342525991,-0.005115724993852,EleutherAI/pythia-1.4b,0.8571028945001105,0.8668304036711462,60,89,-0.009587516103620674,0.0059238995685712,1515311488
ds003604,pythia-1.4b-full,EleutherAI/pythia-1.4b@step13000,13000,27262976000.0,Plaus,ses-9,60,-0.0074323569731464,-0.01058829145124,-0.0049177134133683,EleutherAI/pythia-1.4b,0.8571028945001105,0.8668304036711462,60,89,-0.008671487426817273,0.0059238995685712,1515311488
ds003604,pythia-1.4b-full,EleutherAI/pythia-1.4b@step20000,20000,41943040000.0,Plaus,ses-9,60,-0.0057335156427732,-0.0073065611753995,-0.0036287218991226,EleutherAI/pythia-1.4b,0.8571028945001105,0.8668304036711462,60,89,-0.0066894134643159355,0.0059238995685712,1515311488
ds003604,pythia-1.4b-full,EleutherAI/pythia-1.4b@step30000,30000,62914560000.0,Plaus,ses-9,60,-0.0062859990060324,-0.0074701442962966,-0.0038676132897707,EleutherAI/pythia-1.4b,0.8571028945001105,0.8668304036711462,60,89,-0.0073340074410769476,0.0059238995685712,1515311488
ds003604,pythia-1.4b-full,EleutherAI/pythia-1.4b@step42000,42000,88080384000.0,Plaus,ses-9,60,-0.0051460184104892,-0.0061015121957456,-0.0032148138212083,EleutherAI/pythia-1.4b,0.8571028945001105,0.8668304036711462,60,89,-0.006003968069073575,0.0059238995685712,1515311488
ds003604,pythia-1.4b-full,EleutherAI/pythia-1.4b@step59000,59000,123731968000.0,Plaus,ses-9,60,-0.0038611500786776,-0.0058569356927054,-0.0022068710018427,EleutherAI/pythia-1.4b,0.8571028945001105,0.8668304036711462,60,89,-0.00450488512342447,0.0059238995685712,1515311488
ds003604,pythia-1.4b-full,EleutherAI/pythia-1.4b@step80000,80000,167772160000.0,Plaus,ses-9,60,-0.0042030654869553,-0.0062511442032584,-0.0024738672619789,EleutherAI/pythia-1.4b,0.8571028945001105,0.8668304036711462,60,89,-0.004903805031957873,0.0059238995685712,1515311488
ds003604,pythia-1.4b-full,EleutherAI/pythia-1.4b@step107000,107000,224395264000.0,Plaus,ses-9,60,-0.0032482364130377,-0.0071492310974424,-0.0016166687425945,EleutherAI/pythia-1.4b,0.8571028945001105,0.8668304036711462,60,89,-0.0037897858400445304,0.0059238995685712,1515311488
ds003604,pythia-1.4b-full,EleutherAI/pythia-1.4b@step143000,143000,299892736000.0,Plaus,ses-9,60,-0.0009641246285774,-0.0076880273965562,-0.000390274437663,EleutherAI/pythia-1.4b,0.8571028945001105,0.8668304036711462,60,89,-0.0011248645113253386,0.0059238995685712,1515311488
ds003604,pythia-1.4b-full,EleutherAI/pythia-1.4b@step0,0,0.0,Sem,ses-5,72,-0.0103723168859779,-0.005390118600774,-0.0066946580548741,EleutherAI/pythia-1.4b,0.8591956418414916,0.8653112906283371,72,89,-0.012072124648755416,0.0077235660279985,1515311488
ds003604,pythia-1.4b-full,EleutherAI/pythia-1.4b@step1,1,2097152.0,Sem,ses-5,72,-0.0103723168859779,-0.005390118600774,-0.0066946580548741,EleutherAI/pythia-1.4b,0.8591956418414916,0.8653112906283371,72,89,-0.012072124648755416,0.0077235660279985,1515311488
ds003604,pythia-1.4b-full,EleutherAI/pythia-1.4b@step2,2,4194304.0,Sem,ses-5,72,-0.0103567357863633,-0.0054056176243241,-0.0066977205699953,EleutherAI/pythia-1.4b,0.8591956418414916,0.8653112906283371,72,89,-0.01205399012984514,0.0077235660279985,1515311488
ds003604,pythia-1.4b-full,EleutherAI/pythia-1.4b@step4,4,8388608.0,Sem,ses-5,72,-0.0105647400887072,-0.0060048429072264,-0.00712953520208,EleutherAI/pythia-1.4b,0.8591956418414916,0.8653112906283371,72,89,-0.012296082026282244,0.0077235660279985,1515311488
ds003604,pythia-1.4b-full,EleutherAI/pythia-1.4b@step8,8,16777216.0,Sem,ses-5,72,-0.0118417219413217,-0.006743506844111,-0.0080182770902431,EleutherAI/pythia-1.4b,0.8591956418414916,0.8653112906283371,72,89,-0.013782334738036668,0.0077235660279985,1515311488
ds003604,pythia-1.4b-full,EleutherAI/pythia-1.4b@step16,16,33554432.0,Sem,ses-5,72,-0.0109185493346627,-0.0053545823912113,-0.0073751489147977,EleutherAI/pythia-1.4b,0.8591956418414916,0.8653112906283371,72,89,-0.012707873274661005,0.0077235660279985,1515311488
ds003604,pythia-1.4b-full,EleutherAI/pythia-1.4b@step64,64,134217728.0,Sem,ses-5,72,0.001309580571451,0.0074419492133706,0.0009640797601438,EleutherAI/pythia-1.4b,0.8591956418414916,0.8653112906283371,72,89,0.0015241936849728548,0.0077235660279985,1515311488
ds003604,pythia-1.4b-full,EleutherAI/pythia-1.4b@step512,512,1073741824.0,Sem,ses-5,72,0.0012196712597099,-0.0090021436535508,0.0010424801472457,EleutherAI/pythia-1.4b,0.8591956418414916,0.8653112906283371,72,89,0.001419550100482133,0.0077235660279985,1515311488
ds003604,pythia-1.4b-full,EleutherAI/pythia-1.4b@step3000,3000,6291456000.0,Sem,ses-5,72,-0.0072491134225327,-0.0058502819743579,-0.0048210113037433,EleutherAI/pythia-1.4b,0.8591956418414916,0.8653112906283371,72,89,-0.008437092868622873,0.0077235660279985,1515311488
ds003604,pythia-1.4b-full,EleutherAI/pythia-1.4b@step7000,7000,14680064000.0,Sem,ses-5,72,-0.0026414735477508,0.0013940353262308,-0.0018179089759255,EleutherAI/pythia-1.4b,0.8591956418414916,0.8653112906283371,72,89,-0.0030743563155062087,0.0077235660279985,1515311488
ds003604,pythia-1.4b-full,EleutherAI/pythia-1.4b@step13000,13000,27262976000.0,Sem,ses-5,72,-0.0072847353719788,0.0025577445479323,-0.0049165617755237,EleutherAI/pythia-1.4b,0.8591956418414916,0.8653112906283371,72,89,-0.008478552517288865,0.0077235660279985,1515311488
ds003604,pythia-1.4b-full,EleutherAI/pythia-1.4b@step20000,20000,41943040000.0,Sem,ses-5,72,0.0013654647054156,0.0045358552824043,0.0008954794214296,EleutherAI/pythia-1.4b,0.8591956418414916,0.8653112906283371,72,89,0.0015892360702494197,0.0077235660279985,1515311488
ds003604,pythia-1.4b-full,EleutherAI/pythia-1.4b@step30000,30000,62914560000.0,Sem,ses-5,72,0.0183969698045339,0.0123456962447514,0.0122163728183407,EleutherAI/pythia-1.4b,0.8591956418414916,0.8653112906283371,72,89,0.021411851863103213,0.0077235660279985,1515311488
ds003604,pythia-1.4b-full,EleutherAI/pythia-1.4b@step42000,42000,88080384000.0,Sem,ses-5,72,-0.0069950844404585,-0.0072444573259781,-0.0047046357291389,EleutherAI/pythia-1.4b,0.8591956418414916,0.8653112906283371,72,89,-0.008141433801347174,0.0077235660279985,1515311488
ds003604,pythia-1.4b-full,EleutherAI/pythia-1.4b@step59000,59000,123731968000.0,Sem,ses-5,72,0.0100754826378011,0.0154800983713242,0.0071552603290978,EleutherAI/pythia-1.4b,0.8591956418414916,0.8653112906283371,72,89,0.011726645419437395,0.0077235660279985,1515311488
ds003604,pythia-1.4b-full,EleutherAI/pythia-1.4b@step80000,80000,167772160000.0,Sem,ses-5,72,0.0074400957939399,0.0073579364573788,0.0053226512805906,EleutherAI/pythia-1.4b,0.8591956418414916,0.8653112906283371,72,89,0.008659373292436327,0.0077235660279985,1515311488
ds003604,pythia-1.4b-full,EleutherAI/pythia-1.4b@step107000,107000,224395264000.0,Sem,ses-5,72,0.0023750950962146,0.0011897393471308,0.0015943453720802,EleutherAI/pythia-1.4b,0.8591956418414916,0.8653112906283371,72,89,0.0027643239566766432,0.0077235660279985,1515311488
ds003604,pythia-1.4b-full,EleutherAI/pythia-1.4b@step143000,143000,299892736000.0,Sem,ses-5,72,0.0056421179586613,0.004997005576055,0.0037687311081098,EleutherAI/pythia-1.4b,0.8591956418414916,0.8653112906283371,72,89,0.006566744154531203,0.0077235660279985,1515311488
ds003604,pythia-1.4b-full,EleutherAI/pythia-1.4b@step0,0,0.0,Sem,ses-7,72,-0.0013555693202255,-0.0039588682090647,-0.0007625662651709,EleutherAI/pythia-1.4b,0.8546161144168992,0.8628169351539338,72,117,-0.0015861733676182774,0.0074296612798053,1515311488
ds003604,pythia-1.4b-full,EleutherAI/pythia-1.4b@step1,1,2097152.0,Sem,ses-7,72,-0.0013555693202255,-0.0039588682090647,-0.0007625662651709,EleutherAI/pythia-1.4b,0.8546161144168992,0.8628169351539338,72,117,-0.0015861733676182774,0.0074296612798053,1515311488
ds003604,pythia-1.4b-full,EleutherAI/pythia-1.4b@step2,2,4194304.0,Sem,ses-7,72,-0.0013618672981345,-0.0039755334679376,-0.0007521537137589,EleutherAI/pythia-1.4b,0.8546161144168992,0.8628169351539338,72,117,-0.001593542732415824,0.0074296612798053,1515311488
ds003604,pythia-1.4b-full,EleutherAI/pythia-1.4b@step4,4,8388608.0,Sem,ses-7,72,-0.0027128137416042,-0.00464733678374,-0.0016286455414373,EleutherAI/pythia-1.4b,0.8546161144168992,0.8628169351539338,72,117,-0.0031743067979184323,0.0074296612798053,1515311488
ds003604,pythia-1.4b-full,EleutherAI/pythia-1.4b@step8,8,16777216.0,Sem,ses-7,72,-0.0068502683167469,-0.0058610015370031,-0.0046501229599821,EleutherAI/pythia-1.4b,0.8546161144168992,0.8628169351539338,72,117,-0.008015608647188694,0.0074296612798053,1515311488
ds003604,pythia-1.4b-full,EleutherAI/pythia-1.4b@step16,16,33554432.0,Sem,ses-7,72,-0.0091818143760766,-0.0048387007443962,-0.0059572044136967,EleutherAI/pythia-1.4b,0.8546161144168992,0.8628169351539338,72,117,-0.010743788025037782,0.0074296612798053,1515311488
ds003604,pythia-1.4b-full,EleutherAI/pythia-1.4b@step64,64,134217728.0,Sem,ses-7,72,0.00713434923152,0.0075323424687916,0.0048234613158402,EleutherAI/pythia-1.4b,0.8546161144168992,0.8628169351539338,72,117,0.008348016274403782,0.0074296612798053,1515311488
ds003604,pythia-1.4b-full,EleutherAI/pythia-1.4b@step512,512,1073741824.0,Sem,ses-7,72,-0.0069391104791047,-0.0083044695651374,-0.0046005102150191,EleutherAI/pythia-1.4b,0.8546161144168992,0.8628169351539338,72,117,-0.00811956428394663,0.0074296612798053,1515311488
ds003604,pythia-1.4b-full,EleutherAI/pythia-1.4b@step3000,3000,6291456000.0,Sem,ses-7,72,-0.0085828669037168,-0.004550764807256,-0.0059706794802299,EleutherAI/pythia-1.4b,0.8546161144168992,0.8628169351539338,72,117,-0.010042949996997017,0.0074296612798053,1515311488
ds003604,pythia-1.4b-full,EleutherAI/pythia-1.4b@step7000,7000,14680064000.0,Sem,ses-7,72,-0.0046418986037701,0.0024263140930591,-0.0031439780233914,EleutherAI/pythia-1.4b,0.8546161144168992,0.8628169351539338,72,117,-0.005431559884565536,0.0074296612798053,1515311488
ds003604,pythia-1.4b-full,EleutherAI/pythia-1.4b@step13000,13000,27262976000.0,Sem,ses-7,72,-0.0045023851704954,0.0032653298477655,-0.0030490400546352,EleutherAI/pythia-1.4b,0.8546161144168992,0.8628169351539338,72,117,-0.005268312982335183,0.0074296612798053,1515311488
ds003604,pythia-1.4b-full,EleutherAI/pythia-1.4b@step20000,20000,41943040000.0,Sem,ses-7,72,-0.0075424903941554,0.0051294429067387,-0.0049729120537532,EleutherAI/pythia-1.4b,0.8546161144168992,0.8628169351539338,72,117,-0.008825588784154402,0.0074296612798053,1515311488
ds003604,pythia-1.4b-full,EleutherAI/pythia-1.4b@step30000,30000,62914560000.0,Sem,ses-7,72,0.0027097531428007,0.0128073315031356,0.0018215839940709,EleutherAI/pythia-1.4b,0.8546161144168992,0.8628169351539338,72,117,0.0031707255422506898,0.0074296612798053,1515311488
ds003604,pythia-1.4b-full,EleutherAI/pythia-1.4b@step42000,42000,88080384000.0,Sem,ses-7,72,-0.0111341020121726,-0.0064457681700727,-0.007506837065008,EleutherAI/pythia-1.4b,0.8546161144168992,0.8628169351539338,72,117,-0.013028191048994376,0.0074296612798053,1515311488
ds003604,pythia-1.4b-full,EleutherAI/pythia-1.4b@step59000,59000,123731968000.0,Sem,ses-7,72,0.001186949657005,0.0161468646738697,0.0009499921905864,EleutherAI/pythia-1.4b,0.8546161144168992,0.8628169351539338,72,117,0.0013888687996655089,0.0074296612798053,1515311488
ds003604,pythia-1.4b-full,EleutherAI/pythia-1.4b@step80000,80000,167772160000.0,Sem,ses-7,72,-0.0059174331574904,0.008025868400502,-0.0036731806363293,EleutherAI/pythia-1.4b,0.8546161144168992,0.8628169351539338,72,117,-0.006924083290341229,0.0074296612798053,1515311488
ds003604,pythia-1.4b-full,EleutherAI/pythia-1.4b@step107000,107000,224395264000.0,Sem,ses-7,72,-0.009665884834223,0.0017168165426749,-0.0063688064459818,EleutherAI/pythia-1.4b,0.8546161144168992,0.8628169351539338,72,117,-0.01131020661928191,0.0074296612798053,1515311488
ds003604,pythia-1.4b-full,EleutherAI/pythia-1.4b@step143000,143000,299892736000.0,Sem,ses-7,72,-0.0074296937822749,0.0053448274804697,-0.0049000241938694,EleutherAI/pythia-1.4b,0.8546161144168992,0.8628169351539338,72,117,-0.008693603662439885,0.0074296612798053,1515311488
ds003604,pythia-1.4b-full,EleutherAI/pythia-1.4b@step0,0,0.0,Sem,ses-9,72,0.0041673096062045,-0.0025197552543355,0.0026760257128769,EleutherAI/pythia-1.4b,0.8812943730411821,0.886007959425842,72,83,0.004728623866987706,0.0084082983710845,1515311488
ds003604,pythia-1.4b-full,EleutherAI/pythia-1.4b@step1,1,2097152.0,Sem,ses-9,72,0.0041673096062045,-0.0025197552543355,0.0026760257128769,EleutherAI/pythia-1.4b,0.8812943730411821,0.886007959425842,72,83,0.004728623866987706,0.0084082983710845,1515311488
ds003604,pythia-1.4b-full,EleutherAI/pythia-1.4b@step2,2,4194304.0,Sem,ses-9,72,0.0041653377153577,-0.0025367790708678,0.0026790882279981,EleutherAI/pythia-1.4b,0.8812943730411821,0.886007959425842,72,83,0.004726386373016202,0.0084082983710845,1515311488
ds003604,pythia-1.4b-full,EleutherAI/pythia-1.4b@step4,4,8388608.0,Sem,ses-9,72,0.0032777892140021,-0.0032407761574184,0.0021517231241329,EleutherAI/pythia-1.4b,0.8812943730411821,0.886007959425842,72,83,0.003719289847149554,0.0084082983710845,1515311488
ds003604,pythia-1.4b-full,EleutherAI/pythia-1.4b@step8,8,16777216.0,Sem,ses-9,72,-0.0006634226978239,-0.0047037210608527,-0.0004348771472059,EleutherAI/pythia-1.4b,0.8812943730411821,0.886007959425842,72,83,-0.0007527821782573652,0.0084082983710845,1515311488
ds003604,pythia-1.4b-full,EleutherAI/pythia-1.4b@step16,16,33554432.0,Sem,ses-9,72,-0.0044285571172717,-0.0038941262830575,-0.0028775392078498,EleutherAI/pythia-1.4b,0.8812943730411821,0.886007959425842,72,83,-0.005025060017108219,0.0084082983710845,1515311488
ds003604,pythia-1.4b-full,EleutherAI/pythia-1.4b@step64,64,134217728.0,Sem,ses-9,72,0.0123401554396856,0.0085566341767918,0.0082620532938881,EleutherAI/pythia-1.4b,0.8812943730411821,0.886007959425842,72,83,0.014002308215247117,0.0084082983710845,1515311488
ds003604,pythia-1.4b-full,EleutherAI/pythia-1.4b@step512,512,1073741824.0,Sem,ses-9,72,-0.0004310464282526,-0.0071689505888396,-0.0001831384042458,EleutherAI/pythia-1.4b,0.8812943730411821,0.886007959425842,72,83,-0.0004891060710681033,0.0084082983710845,1515311488
ds003604,pythia-1.4b-full,EleutherAI/pythia-1.4b@step3000,3000,6291456000.0,Sem,ses-9,72,-0.0025803966720734,-0.0035703763500236,-0.0017946338610046,EleutherAI/pythia-1.4b,0.8812943730411821,0.886007959425842,72,83,-0.0029279622689169496,0.0084082983710845,1515311488
ds003604,pythia-1.4b-full,EleutherAI/pythia-1.4b@step7000,7000,14680064000.0,Sem,ses-9,72,0.0039029655653782,0.0030810307539462,0.0025817002471449,EleutherAI/pythia-1.4b,0.8812943730411821,0.886007959425842,72,83,0.004428674101151691,0.0084082983710845,1515311488
ds003604,pythia-1.4b-full,EleutherAI/pythia-1.4b@step13000,13000,27262976000.0,Sem,ses-9,72,0.0045425710699301,0.0039274048081763,0.0030429150243929,EleutherAI/pythia-1.4b,0.8812943730411821,0.886007959425842,72,83,0.005154431037900012,0.0084082983710845,1515311488
ds003604,pythia-1.4b-full,EleutherAI/pythia-1.4b@step20000,20000,41943040000.0,Sem,ses-9,72,0.0071279628634601,0.0057624646396611,0.004754860977126,EleutherAI/pythia-1.4b,0.8812943730411821,0.886007959425842,72,83,0.00808806124435225,0.0084082983710845,1515311488
ds003604,pythia-1.4b-full,EleutherAI/pythia-1.4b@step30000,30000,62914560000.0,Sem,ses-9,72,0.0137070976259982,0.0133052713325843,0.0090956699098701,EleutherAI/pythia-1.4b,0.8812943730411821,0.886007959425842,72,83,0.015553370185148883,0.0084082983710845,1515311488
ds003604,pythia-1.4b-full,EleutherAI/pythia-1.4b@step42000,42000,88080384000.0,Sem,ses-9,72,-0.0007024049102439,-0.0060606846761999,-0.0004226270867212,EleutherAI/pythia-1.4b,0.8812943730411821,0.886007959425842,72,83,-0.0007970150856858782,0.0084082983710845,1515311488
ds003604,pythia-1.4b-full,EleutherAI/pythia-1.4b@step59000,59000,123731968000.0,Sem,ses-9,72,0.0129372517492096,0.016655372449788,0.0087422556648873,EleutherAI/pythia-1.4b,0.8812943730411821,0.886007959425842,72,83,0.014679830196311775,0.0084082983710845,1515311488
ds003604,pythia-1.4b-full,EleutherAI/pythia-1.4b@step80000,80000,167772160000.0,Sem,ses-9,72,0.004550447854031,0.0087310771179522,0.0031378529931491,EleutherAI/pythia-1.4b,0.8812943730411821,0.886007959425842,72,83,0.005163368782587657,0.0084082983710845,1515311488
ds003604,pythia-1.4b-full,EleutherAI/pythia-1.4b@step107000,107000,224395264000.0,Sem,ses-9,72,0.0013219393829615,0.0022619522704192,0.0008587292399756,EleutherAI/pythia-1.4b,0.8812943730411821,0.886007959425842,72,83,0.00149999753022334,0.0084082983710845,1515311488
ds003604,pythia-1.4b-full,EleutherAI/pythia-1.4b@step143000,143000,299892736000.0,Sem,ses-9,72,0.0015344185265238,0.0058384043992203,0.0007484786956135,EleutherAI/pythia-1.4b,0.8812943730411821,0.886007959425842,72,83,0.001741096475209309,0.0084082983710845,1515311488
ds003604,pythia-160m-full,EleutherAI/pythia-160m@step0,0,0.0,Gram,ses-5,60,0.0325605404916541,0.0207363997472964,0.0219454318409008,EleutherAI/pythia-160m,0.8398150343230842,0.8472510876978319,60,97,0.038771085490150646,0.0081285104156867,212654688
ds003604,pythia-160m-full,EleutherAI/pythia-160m@step1,1,2097152.0,Gram,ses-5,60,0.0325605404916541,0.0207363997472964,0.0219454318409008,EleutherAI/pythia-160m,0.8398150343230842,0.8472510876978319,60,97,0.038771085490150646,0.0081285104156867,212654688
ds003604,pythia-160m-full,EleutherAI/pythia-160m@step2,2,4194304.0,Gram,ses-5,60,0.0324732611736373,0.0207359539945947,0.021895609572263,EleutherAI/pythia-160m,0.8398150343230842,0.8472510876978319,60,97,0.03866715865572913,0.0081285104156867,212654688
ds003604,pythia-160m-full,EleutherAI/pythia-160m@step4,4,8388608.0,Gram,ses-5,60,0.0321578853259109,0.0207305747096274,0.0217448652722818,EleutherAI/pythia-160m,0.8398150343230842,0.8472510876978319,60,97,0.03829162852726387,0.0081285104156867,212654688
ds003604,pythia-160m-full,EleutherAI/pythia-160m@step8,8,16777216.0,Gram,ses-5,60,0.0315579601177424,0.0210513552507068,0.0209553739384822,EleutherAI/pythia-160m,0.8398150343230842,0.8472510876978319,60,97,0.03757727455210307,0.0081285104156867,212654688
ds003604,pythia-160m-full,EleutherAI/pythia-160m@step16,16,33554432.0,Gram,ses-5,60,0.0328203334453196,0.0225156610054945,0.0219083845129394,EleutherAI/pythia-160m,0.8398150343230842,0.8472510876978319,60,97,0.0390804309329539,0.0081285104156867,212654688
ds003604,pythia-160m-full,EleutherAI/pythia-160m@step64,64,134217728.0,Gram,ses-5,60,0.0283541023770797,0.0253096806698387,0.0188845560548428,EleutherAI/pythia-160m,0.8398150343230842,0.8472510876978319,60,97,0.033762318151322385,0.0081285104156867,212654688
ds003604,pythia-160m-full,EleutherAI/pythia-160m@step512,512,1073741824.0,Gram,ses-5,60,0.0422797478185594,0.0388398663515665,0.028482368984999,EleutherAI/pythia-160m,0.8398150343230842,0.8472510876978319,60,97,0.05034411875305153,0.0081285104156867,212654688
ds003604,pythia-160m-full,EleutherAI/pythia-160m@step3000,3000,6291456000.0,Gram,ses-5,60,0.0224725471006192,0.0175377587960105,0.0149767017019414,EleutherAI/pythia-160m,0.8398150343230842,0.8472510876978319,60,97,0.026758924503813793,0.0081285104156867,212654688
ds003604,pythia-160m-full,EleutherAI/pythia-160m@step7000,7000,14680064000.0,Gram,ses-5,60,0.0198818259198183,0.0139059434521233,0.0133415092953662,EleutherAI/pythia-160m,0.8398150343230842,0.8472510876978319,60,97,0.023674053341809533,0.0081285104156867,212654688
ds003604,pythia-160m-full,EleutherAI/pythia-160m@step13000,13000,27262976000.0,Gram,ses-5,60,0.0241323559739095,0.0146346735731958,0.0155822338900013,EleutherAI/pythia-160m,0.8398150343230842,0.8472510876978319,60,97,0.02873532264561195,0.0081285104156867,212654688
ds003604,pythia-160m-full,EleutherAI/pythia-160m@step20000,20000,41943040000.0,Gram,ses-5,60,0.025132584056373,0.0178636744410918,0.0165582393576759,EleutherAI/pythia-160m,0.8398150343230842,0.8472510876978319,60,97,0.029926332619932917,0.0081285104156867,212654688
ds003604,pythia-160m-full,EleutherAI/pythia-160m@step30000,30000,62914560000.0,Gram,ses-5,60,0.0081638525288331,0.0059184899525642,0.0055385755302398,EleutherAI/pythia-160m,0.8398150343230842,0.8472510876978319,60,97,0.009721012598224568,0.0081285104156867,212654688
ds003604,pythia-160m-full,EleutherAI/pythia-160m@step42000,42000,88080384000.0,Gram,ses-5,60,0.0116604158272404,0.0117772430028408,0.0078125149706336,EleutherAI/pythia-160m,0.8398150343230842,0.8472510876978319,60,97,0.013884504742927161,0.0081285104156867,212654688
ds003604,pythia-160m-full,EleutherAI/pythia-160m@step59000,59000,123731968000.0,Gram,ses-5,60,0.0219136906938324,0.0171602509465952,0.0144261017587899,EleutherAI/pythia-160m,0.8398150343230842,0.8472510876978319,60,97,0.026093472726998135,0.0081285104156867,212654688
ds003604,pythia-160m-full,EleutherAI/pythia-160m@step80000,80000,167772160000.0,Gram,ses-5,60,0.0282009718826459,0.0231410683076489,0.0188526187031519,EleutherAI/pythia-160m,0.8398150343230842,0.8472510876978319,60,97,0.033579979793260925,0.0081285104156867,212654688
ds003604,pythia-160m-full,EleutherAI/pythia-160m@step107000,107000,224395264000.0,Gram,ses-5,60,0.0219821841405881,0.0159067927604282,0.0145359662486067,EleutherAI/pythia-160m,0.8398150343230842,0.8472510876978319,60,97,0.026175030503361243,0.0081285104156867,212654688
ds003604,pythia-160m-full,EleutherAI/pythia-160m@step143000,143000,299892736000.0,Gram,ses-5,60,0.0256715639250268,0.0213841316514509,0.0172595836008086,EleutherAI/pythia-160m,0.8398150343230842,0.8472510876978319,60,97,0.03056811663977752,0.0081285104156867,212654688
ds003604,pythia-160m-full,EleutherAI/pythia-160m@step0,0,0.0,Gram,ses-7,60,0.0355466695299557,0.0241998515313444,0.0235295244847706,EleutherAI/pythia-160m,0.8473571253286221,0.8585290564097823,60,104,0.04195004498979104,0.0080555141424375,212654688
ds003604,pythia-160m-full,EleutherAI/pythia-160m@step1,1,2097152.0,Gram,ses-7,60,0.0355466695299557,0.0241998515313444,0.0235295244847706,EleutherAI/pythia-160m,0.8473571253286221,0.8585290564097823,60,104,0.04195004498979104,0.0080555141424375,212654688
ds003604,pythia-160m-full,EleutherAI/pythia-160m@step2,2,4194304.0,Gram,ses-7,60,0.0354660380862061,0.0241990969055311,0.023472037251727,EleutherAI/pythia-160m,0.8473571253286221,0.8585290564097823,60,104,0.04185488860136942,0.0080555141424375,212654688
ds003604,pythia-160m-full,EleutherAI/pythia-160m@step4,4,8388608.0,Gram,ses-7,60,0.034740350764417,0.0241816258364042,0.0230223593399188,EleutherAI/pythia-160m,0.8473571253286221,0.8585290564097823,60,104,0.04099847599787869,0.0080555141424375,212654688
ds003604,pythia-160m-full,EleutherAI/pythia-160m@step8,8,16777216.0,Gram,ses-7,60,0.0320038545985033,0.0244499339534667,0.0210294685944052,EleutherAI/pythia-160m,0.8473571253286221,0.8585290564097823,60,104,0.03776902753498599,0.0080555141424375,212654688
ds003604,pythia-160m-full,EleutherAI/pythia-160m@step16,16,33554432.0,Gram,ses-7,60,0.0310976878776613,0.0258383592340299,0.0206206704927614,EleutherAI/pythia-160m,0.8473571253286221,0.8585290564097823,60,104,0.036699623981566204,0.0080555141424375,212654688
ds003604,pythia-160m-full,EleutherAI/pythia-160m@step64,64,134217728.0,Gram,ses-7,60,0.0139313681965251,0.0279059908184278,0.0090044169357388,EleutherAI/pythia-160m,0.8473571253286221,0.8585290564097823,60,104,0.01644096424057594,0.0080555141424375,212654688
ds003604,pythia-160m-full,EleutherAI/pythia-160m@step512,512,1073741824.0,Gram,ses-7,60,0.0406853270210699,0.0428756993515624,0.0272048749173621,EleutherAI/pythia-160m,0.8473571253286221,0.8585290564097823,60,104,0.04801438001160528,0.0080555141424375,212654688
ds003604,pythia-160m-full,EleutherAI/pythia-160m@step3000,3000,6291456000.0,Gram,ses-7,60,0.0107413818341349,0.0199333970343123,0.0068313995266884,EleutherAI/pythia-160m,0.8473571253286221,0.8585290564097823,60,104,0.012676333877488994,0.0080555141424375,212654688
ds003604,pythia-160m-full,EleutherAI/pythia-160m@step7000,7000,14680064000.0,Gram,ses-7,60,0.0113961801372888,0.016139038874494,0.0077205353977637,EleutherAI/pythia-160m,0.8473571253286221,0.8585290564097823,60,104,0.01344908751769702,0.0080555141424375,212654688
ds003604,pythia-160m-full,EleutherAI/pythia-160m@step13000,13000,27262976000.0,Gram,ses-7,60,0.0163279398540067,0.015780217270905,0.010298518426255,EleutherAI/pythia-160m,0.8473571253286221,0.8585290564097823,60,104,0.019269254209285602,0.0080555141424375,212654688
ds003604,pythia-160m-full,EleutherAI/pythia-160m@step20000,20000,41943040000.0,Gram,ses-7,60,0.0173072981124359,0.0193208521101245,0.0111595494278423,EleutherAI/pythia-160m,0.8473571253286221,0.8585290564097823,60,104,0.02042503402060115,0.0080555141424375,212654688
ds003604,pythia-160m-full,EleutherAI/pythia-160m@step30000,30000,62914560000.0,Gram,ses-7,60,0.0009042677919131,0.0076069785182641,0.0005078038918856,EleutherAI/pythia-160m,0.8473571253286221,0.8585290564097823,60,104,0.0010671625515185311,0.0080555141424375,212654688
ds003604,pythia-160m-full,EleutherAI/pythia-160m@step42000,42000,88080384000.0,Gram,ses-7,60,0.0023523487946597,0.0137920723358875,0.0015604590036185,EleutherAI/pythia-160m,0.8473571253286221,0.8585290564097823,60,104,0.0027761008013562306,0.0080555141424375,212654688
ds003604,pythia-160m-full,EleutherAI/pythia-160m@step59000,59000,123731968000.0,Gram,ses-7,60,0.0120368668557758,0.0182353192983659,0.0076681581409906,EleutherAI/pythia-160m,0.8473571253286221,0.8585290564097823,60,104,0.014205187513007176,0.0080555141424375,212654688
ds003604,pythia-160m-full,EleutherAI/pythia-160m@step80000,80000,167772160000.0,Gram,ses-7,60,0.0191349117104355,0.0245774048725075,0.0129097163005049,EleutherAI/pythia-160m,0.8473571253286221,0.8585290564097823,60,104,0.02258187385043183,0.0080555141424375,212654688
ds003604,pythia-160m-full,EleutherAI/pythia-160m@step107000,107000,224395264000.0,Gram,ses-7,60,0.0178123050064406,0.0172520604635463,0.0115951749049065,EleutherAI/pythia-160m,0.8473571253286221,0.8585290564097823,60,104,0.02102101283391301,0.0080555141424375,212654688
ds003604,pythia-160m-full,EleutherAI/pythia-160m@step143000,143000,299892736000.0,Gram,ses-7,60,0.0232582578887337,0.0234208708278826,0.0153816673213823,EleutherAI/pythia-160m,0.8473571253286221,0.8585290564097823,60,104,0.027447999424933943,0.0080555141424375,212654688
ds003604,pythia-160m-full,EleutherAI/pythia-160m@step0,0,0.0,Gram,ses-9,60,0.004731023993746,0.023533468153722,0.0038803882304471,EleutherAI/pythia-160m,0.8562953703310558,0.8666432094643701,60,96,0.005524990742291319,0.0061329615387372,212654688
ds003604,pythia-160m-full,EleutherAI/pythia-160m@step1,1,2097152.0,Gram,ses-9,60,0.004731023993746,0.023533468153722,0.0038803882304471,EleutherAI/pythia-160m,0.8562953703310558,0.8666432094643701,60,96,0.005524990742291319,0.0061329615387372,212654688
ds003604,pythia-160m-full,EleutherAI/pythia-160m@step2,2,4194304.0,Gram,ses-9,60,0.0046700808182529,0.0235328340071493,0.0038356759380798,EleutherAI/pythia-160m,0.8562953703310558,0.8666432094643701,60,96,0.005453820001908198,0.0061329615387372,212654688
ds003604,pythia-160m-full,EleutherAI/pythia-160m@step4,4,8388608.0,Gram,ses-9,60,0.004383975526301,0.0235197111287761,0.003483087575412,EleutherAI/pythia-160m,0.8562953703310558,0.8666432094643701,60,96,0.0051197001387571365,0.0061329615387372,212654688
ds003604,pythia-160m-full,EleutherAI/pythia-160m@step8,8,16777216.0,Gram,ses-9,60,0.0038457985096502,0.0237963097949451,0.0028852203517579,EleutherAI/pythia-160m,0.8562953703310558,0.8666432094643701,60,96,0.004491205538298497,0.0061329615387372,212654688
ds003604,pythia-160m-full,EleutherAI/pythia-160m@step16,16,33554432.0,Gram,ses-9,60,0.0057077464739013,0.0251700647163846,0.0043824433990284,EleutherAI/pythia-160m,0.8562953703310558,0.8666432094643701,60,96,0.0066656280901000375,0.0061329615387372,212654688
ds003604,pythia-160m-full,EleutherAI/pythia-160m@step64,64,134217728.0,Gram,ses-9,60,-0.0008485377443854,0.0276456778667232,-0.0006726006266108,EleutherAI/pythia-160m,0.8562953703310558,0.8666432094643701,60,96,-0.0009909404789346734,0.0061329615387372,212654688
ds003604,pythia-160m-full,EleutherAI/pythia-160m@step512,512,1073741824.0,Gram,ses-9,60,0.005957405314548,0.041592847935999,0.004014525107549,EleutherAI/pythia-160m,0.8562953703310558,0.8666432094643701,60,96,0.006957185009939717,0.0061329615387372,212654688
ds003604,pythia-160m-full,EleutherAI/pythia-160m@step3000,3000,6291456000.0,Gram,ses-9,60,-0.0052448254714168,0.019796970534559,-0.0037909636457125,EleutherAI/pythia-160m,0.8562953703310558,0.8666432094643701,60,96,-0.006125019068349134,0.0061329615387372,212654688
ds003604,pythia-160m-full,EleutherAI/pythia-160m@step7000,7000,14680064000.0,Gram,ses-9,60,-0.0145573157640894,0.0156893342263108,-0.0095218020331318,EleutherAI/pythia-160m,0.8562953703310558,0.8666432094643701,60,96,-0.017000343886550896,0.0061329615387372,212654688
ds003604,pythia-160m-full,EleutherAI/pythia-160m@step13000,13000,27262976000.0,Gram,ses-9,60,-0.0066851398007437,0.0152471083975223,-0.0045778999913769,EleutherAI/pythia-160m,0.8562953703310558,0.8666432094643701,60,96,-0.00780704886698048,0.0061329615387372,212654688
ds003604,pythia-160m-full,EleutherAI/pythia-160m@step20000,20000,41943040000.0,Gram,ses-9,60,-0.0116473148406473,0.018720457939301,-0.0081625483451661,EleutherAI/pythia-160m,0.8562953703310558,0.8666432094643701,60,96,-0.01360198273189809,0.0061329615387372,212654688
ds003604,pythia-160m-full,EleutherAI/pythia-160m@step30000,30000,62914560000.0,Gram,ses-9,60,-0.0201904413641557,0.0069753715534245,-0.0139342665427497,EleutherAI/pythia-160m,0.8562953703310558,0.8666432094643701,60,96,-0.023578828128370925,0.0061329615387372,212654688
ds003604,pythia-160m-full,EleutherAI/pythia-160m@step42000,42000,88080384000.0,Gram,ses-9,60,-0.0139805044703248,0.0131916853898669,-0.0094604823178852,EleutherAI/pythia-160m,0.8562953703310558,0.8666432094643701,60,96,-0.0163267313531308,0.0061329615387372,212654688
ds003604,pythia-160m-full,EleutherAI/pythia-160m@step59000,59000,123731968000.0,Gram,ses-9,60,-0.005954128985889,0.0177155386810519,-0.0042700239210764,EleutherAI/pythia-160m,0.8562953703310558,0.8666432094643701,60,96,-0.006953358843440961,0.0061329615387372,212654688
ds003604,pythia-160m-full,EleutherAI/pythia-160m@step80000,80000,167772160000.0,Gram,ses-9,60,-0.0050431516450937,0.0238615216606841,-0.0034588151881269,EleutherAI/pythia-160m,0.8562953703310558,0.8666432094643701,60,96,-0.005889500071854816,0.0061329615387372,212654688
ds003604,pythia-160m-full,EleutherAI/pythia-160m@step107000,107000,224395264000.0,Gram,ses-9,60,-0.0090157564087728,0.0164669248482366,-0.0063242343818365,EleutherAI/pythia-160m,0.8562953703310558,0.8666432094643701,60,96,-0.01052879265864439,0.0061329615387372,212654688
ds003604,pythia-160m-full,EleutherAI/pythia-160m@step143000,143000,299892736000.0,Gram,ses-9,60,-0.0069708079603382,0.0226000889632656,-0.0048397862752424,EleutherAI/pythia-160m,0.8562953703310558,0.8666432094643701,60,96,-0.008140658237639644,0.0061329615387372,212654688
ds003604,pythia-160m-full,EleutherAI/pythia-160m@step0,0,0.0,Phon,ses-5,72,-0.0060967099421611,-0.0120319571842151,-0.004165020564789,EleutherAI/pythia-160m,0.8557220149626009,0.8634857149064381,72,93,-0.007124638417100388,0.0089146943876321,212654688
ds003604,pythia-160m-full,EleutherAI/pythia-160m@step1,1,2097152.0,Phon,ses-5,72,-0.0060967099421611,-0.0120319571842151,-0.004165020564789,EleutherAI/pythia-160m,0.8557220149626009,0.8634857149064381,72,93,-0.007124638417100388,0.0089146943876321,212654688
ds003604,pythia-160m-full,EleutherAI/pythia-160m@step2,2,4194304.0,Phon,ses-5,72,-0.0060993853611199,-0.0120305239347018,-0.0041705330920071,EleutherAI/pythia-160m,0.8557220149626009,0.8634857149064381,72,93,-0.007127764921867146,0.0089146943876321,212654688
ds003604,pythia-160m-full,EleutherAI/pythia-160m@step4,4,8388608.0,Phon,ses-5,72,-0.0053704202884486,-0.0119613029847484,-0.0036039677945909,EleutherAI/pythia-160m,0.8557220149626009,0.8634857149064381,72,93,-0.0062758935665378586,0.0089146943876321,212654688
ds003604,pythia-160m-full,EleutherAI/pythia-160m@step8,8,16777216.0,Phon,ses-5,72,-0.003566416831905,-0.0117311485671125,-0.0022919863166824,EleutherAI/pythia-160m,0.8557220149626009,0.8634857149064381,72,93,-0.004167728268695844,0.0089146943876321,212654688
ds003604,pythia-160m-full,EleutherAI/pythia-160m@step16,16,33554432.0,Phon,ses-5,72,-0.0051293458531298,-0.0126082634655355,-0.0031654156292396,EleutherAI/pythia-160m,0.8557220149626009,0.8634857149064381,72,93,-0.005994173064898858,0.0089146943876321,212654688
ds003604,pythia-160m-full,EleutherAI/pythia-160m@step64,64,134217728.0,Phon,ses-5,72,-0.0089103639108388,-0.0105601690459433,-0.0061115551758036,EleutherAI/pythia-160m,0.8557220149626009,0.8634857149064381,72,93,-0.010412685141947908,0.0089146943876321,212654688
ds003604,pythia-160m-full,EleutherAI/pythia-160m@step512,512,1073741824.0,Phon,ses-5,72,-0.0139794355858409,-0.0244231598808707,-0.0092965709018188,EleutherAI/pythia-160m,0.8557220149626009,0.8634857149064381,72,93,-0.0163364215731342,0.0089146943876321,212654688
ds003604,pythia-160m-full,EleutherAI/pythia-160m@step3000,3000,6291456000.0,Phon,ses-5,72,0.000240594397751,-0.010458470286157,1.4087569557374688e-05,EleutherAI/pythia-160m,0.8557220149626009,0.8634857149064381,72,93,0.00028115952791224507,0.0089146943876321,212654688
ds003604,pythia-160m-full,EleutherAI/pythia-160m@step7000,7000,14680064000.0,Phon,ses-5,72,0.0015932022886107,-0.005129258852522,0.0007889038952129,EleutherAI/pythia-160m,0.8557220149626009,0.8634857149064381,72,93,0.0018618222515641722,0.0089146943876321,212654688
ds003604,pythia-160m-full,EleutherAI/pythia-160m@step13000,13000,27262976000.0,Phon,ses-5,72,-0.0013530800236171,-0.0127997482308397,-0.000909566990987,EleutherAI/pythia-160m,0.8557220149626009,0.8634857149064381,72,93,-0.0015812144597871962,0.0089146943876321,212654688
ds003604,pythia-160m-full,EleutherAI/pythia-160m@step20000,20000,41943040000.0,Phon,ses-5,72,-0.0117525851451275,-0.0169153327947606,-0.0077720508745011,EleutherAI/pythia-160m,0.8557220149626009,0.8634857149064381,72,93,-0.013734115681996499,0.0089146943876321,212654688
ds003604,pythia-160m-full,EleutherAI/pythia-160m@step30000,30000,62914560000.0,Phon,ses-5,72,-0.0235656004087304,-0.0210323696066757,-0.0154081260776225,EleutherAI/pythia-160m,0.8557220149626009,0.8634857149064381,72,93,-0.027538850230188747,0.0089146943876321,212654688
ds003604,pythia-160m-full,EleutherAI/pythia-160m@step42000,42000,88080384000.0,Phon,ses-5,72,-0.0029177243886654,0.0044004619444364,-0.0022582986503495,EleutherAI/pythia-160m,0.8557220149626009,0.8634857149064381,72,93,-0.003409663813303808,0.0089146943876321,212654688
ds003604,pythia-160m-full,EleutherAI/pythia-160m@step59000,59000,123731968000.0,Phon,ses-5,72,-0.0172885601862784,-0.0170251608310631,-0.0117692456106502,EleutherAI/pythia-160m,0.8557220149626009,0.8634857149064381,72,93,-0.020203477161954274,0.0089146943876321,212654688
ds003604,pythia-160m-full,EleutherAI/pythia-160m@step80000,80000,167772160000.0,Phon,ses-5,72,-0.0144294966758314,-0.0062335379497484,-0.0098141359572962,EleutherAI/pythia-160m,0.8557220149626009,0.8634857149064381,72,93,-0.01686236467395552,0.0089146943876321,212654688
ds003604,pythia-160m-full,EleutherAI/pythia-160m@step107000,107000,224395264000.0,Phon,ses-5,72,-0.012496970346732,-0.0096658100332037,-0.0084004789773649,EleutherAI/pythia-160m,0.8557220149626009,0.8634857149064381,72,93,-0.014604007058621925,0.0089146943876321,212654688
ds003604,pythia-160m-full,EleutherAI/pythia-160m@step143000,143000,299892736000.0,Phon,ses-5,72,-0.0157986249014867,-0.0083493092236488,-0.0108590661166389,EleutherAI/pythia-160m,0.8557220149626009,0.8634857149064381,72,93,-0.018462333123657186,0.0089146943876321,212654688
ds003604,pythia-160m-full,EleutherAI/pythia-160m@step0,0,0.0,Phon,ses-7,72,-0.0055789937371302,-0.0127732558222186,-0.0035966177583001,EleutherAI/pythia-160m,0.8460260208123772,0.8625655350367195,72,104,-0.006594352419294501,0.0081448036195669,212654688
ds003604,pythia-160m-full,EleutherAI/pythia-160m@step1,1,2097152.0,Phon,ses-7,72,-0.0055789937371302,-0.0127732558222186,-0.0035966177583001,EleutherAI/pythia-160m,0.8460260208123772,0.8625655350367195,72,104,-0.006594352419294501,0.0081448036195669,212654688
ds003604,pythia-160m-full,EleutherAI/pythia-160m@step2,2,4194304.0,Phon,ses-7,72,-0.0055953193261461,-0.012770026745408,-0.0036192803701968,EleutherAI/pythia-160m,0.8460260208123772,0.8625655350367195,72,104,-0.006613649212317751,0.0081448036195669,212654688
ds003604,pythia-160m-full,EleutherAI/pythia-160m@step4,4,8388608.0,Phon,ses-7,72,-0.0049621871425667,-0.0126247115128539,-0.0032560660768262,EleutherAI/pythia-160m,0.8460260208123772,0.8625655350367195,72,104,-0.005865289034256739,0.0081448036195669,212654688
ds003604,pythia-160m-full,EleutherAI/pythia-160m@step8,8,16777216.0,Phon,ses-7,72,-0.0033463950621294,-0.0121116977546989,-0.002042085082795,EleutherAI/pythia-160m,0.8460260208123772,0.8625655350367195,72,104,-0.003955428059903052,0.0081448036195669,212654688
ds003604,pythia-160m-full,EleutherAI/pythia-160m@step16,16,33554432.0,Phon,ses-7,72,-0.0041125091498627,-0.0125996241812733,-0.0025994628348477,EleutherAI/pythia-160m,0.8460260208123772,0.8625655350367195,72,104,-0.004860972415380033,0.0081448036195669,212654688
ds003604,pythia-160m-full,EleutherAI/pythia-160m@step64,64,134217728.0,Phon,ses-7,72,-0.0130991746009133,-0.0108699953375587,-0.008948669184054,EleutherAI/pythia-160m,0.8460260208123772,0.8625655350367195,72,104,-0.015483181697337294,0.0081448036195669,212654688
ds003604,pythia-160m-full,EleutherAI/pythia-160m@step512,512,1073741824.0,Phon,ses-7,72,-0.0162215753668089,-0.0243554044202677,-0.0105620021498856,EleutherAI/pythia-160m,0.8460260208123772,0.8625655350367195,72,104,-0.01917384922893093,0.0081448036195669,212654688
ds003604,pythia-160m-full,EleutherAI/pythia-160m@step3000,3000,6291456000.0,Phon,ses-7,72,0.004397155617878,-0.0096103397978571,0.0027140009003794,EleutherAI/pythia-160m,0.8460260208123772,0.8625655350367195,72,104,0.00519742361311267,0.0081448036195669,212654688
ds003604,pythia-160m-full,EleutherAI/pythia-160m@step7000,7000,14680064000.0,Phon,ses-7,72,0.0048230746987572,-0.0036815235797839,0.0030233149276174,EleutherAI/pythia-160m,0.8460260208123772,0.8625655350367195,72,104,0.005700858578942941,0.0081448036195669,212654688
ds003604,pythia-160m-full,EleutherAI/pythia-160m@step13000,13000,27262976000.0,Phon,ses-7,72,0.0019644085846799,-0.0117222852355242,0.0011263930615657,EleutherAI/pythia-160m,0.8460260208123772,0.8625655350367195,72,104,0.002321924546473903,0.0081448036195669,212654688
ds003604,pythia-160m-full,EleutherAI/pythia-160m@step20000,20000,41943040000.0,Phon,ses-7,72,-0.0112531922902474,-0.0164514790802262,-0.0076703753724784,EleutherAI/pythia-160m,0.8460260208123772,0.8625655350367195,72,104,-0.013301236620880499,0.0081448036195669,212654688
ds003604,pythia-160m-full,EleutherAI/pythia-160m@step30000,30000,62914560000.0,Phon,ses-7,72,-0.0219427780775078,-0.0208247090818904,-0.0142909205614202,EleutherAI/pythia-160m,0.8460260208123772,0.8625655350367195,72,104,-0.0259362921916252,0.0081448036195669,212654688
ds003604,pythia-160m-full,EleutherAI/pythia-160m@step42000,42000,88080384000.0,Phon,ses-7,72,-0.0013165145272752,0.0046390968589564,-0.001038192626076,EleutherAI/pythia-160m,0.8460260208123772,0.8625655350367195,72,104,-0.0015561158816498894,0.0081448036195669,212654688
ds003604,pythia-160m-full,EleutherAI/pythia-160m@step59000,59000,123731968000.0,Phon,ses-7,72,-0.0174235937480007,-0.0167205287250974,-0.0117680206046017,EleutherAI/pythia-160m,0.8460260208123772,0.8625655350367195,72,104,-0.02059463103897217,0.0081448036195669,212654688
ds003604,pythia-160m-full,EleutherAI/pythia-160m@step80000,80000,167772160000.0,Phon,ses-7,72,-0.0112239710812434,-0.0057791584888552,-0.0076324001849759,EleutherAI/pythia-160m,0.8460260208123772,0.8625655350367195,72,104,-0.013266697247049018,0.0081448036195669,212654688
ds003604,pythia-160m-full,EleutherAI/pythia-160m@step107000,107000,224395264000.0,Phon,ses-7,72,-0.0134570965040541,-0.0092674382686866,-0.009074232304022,EleutherAI/pythia-160m,0.8460260208123772,0.8625655350367195,72,104,-0.01590624422063547,0.0081448036195669,212654688
ds003604,pythia-160m-full,EleutherAI/pythia-160m@step143000,143000,299892736000.0,Phon,ses-7,72,-0.0157444726395851,-0.0076401976490048,-0.0104891142900018,EleutherAI/pythia-160m,0.8460260208123772,0.8625655350367195,72,104,-0.018609915359892627,0.0081448036195669,212654688
ds003604,pythia-160m-full,EleutherAI/pythia-160m@step0,0,0.0,Phon,ses-9,72,-0.0066972893985273,-0.0122575044639844,-0.0046274603480854,EleutherAI/pythia-160m,0.8734471064940128,0.8799092800838068,72,96,-0.0076676530825203525,0.008728626502912,212654688
ds003604,pythia-160m-full,EleutherAI/pythia-160m@step1,1,2097152.0,Phon,ses-9,72,-0.0066972893985273,-0.0122575044639844,-0.0046274603480854,EleutherAI/pythia-160m,0.8734471064940128,0.8799092800838068,72,96,-0.0076676530825203525,0.008728626502912,212654688
ds003604,pythia-160m-full,EleutherAI/pythia-160m@step2,2,4194304.0,Phon,ses-9,72,-0.0066972628096201,-0.0122541641343105,-0.0046243978329643,EleutherAI/pythia-160m,0.8734471064940128,0.8799092800838068,72,96,-0.0076676226411724994,0.008728626502912,212654688
ds003604,pythia-160m-full,EleutherAI/pythia-160m@step4,4,8388608.0,Phon,ses-9,72,-0.0059864701770858,-0.0121036431086456,-0.0040112823057063,EleutherAI/pythia-160m,0.8734471064940128,0.8799092800838068,72,96,-0.006853843962132165,0.008728626502912,212654688
ds003604,pythia-160m-full,EleutherAI/pythia-160m@step8,8,16777216.0,Phon,ses-9,72,-0.0033651855147039,-0.0115737229915686,-0.0024261244789896,EleutherAI/pythia-160m,0.8734471064940128,0.8799092800838068,72,96,-0.0038527639392059365,0.008728626502912,212654688
ds003604,pythia-160m-full,EleutherAI/pythia-160m@step16,16,33554432.0,Phon,ses-9,72,-0.0025263098045111,-0.0120598747014966,-0.0013346440898051,EleutherAI/pythia-160m,0.8734471064940128,0.8799092800838068,72,96,-0.0028923443511669786,0.008728626502912,212654688
ds003604,pythia-160m-full,EleutherAI/pythia-160m@step64,64,134217728.0,Phon,ses-9,72,-0.0059501942842465,-0.010675257038708,-0.0040247573722395,EleutherAI/pythia-160m,0.8734471064940128,0.8799092800838068,72,96,-0.006812312090803505,0.008728626502912,212654688
ds003604,pythia-160m-full,EleutherAI/pythia-160m@step512,512,1073741824.0,Phon,ses-9,72,-0.0133078134439342,-0.0241439082615068,-0.0085046044914846,EleutherAI/pythia-160m,0.8734471064940128,0.8799092800838068,72,96,-0.015235969465113136,0.008728626502912,212654688
ds003604,pythia-160m-full,EleutherAI/pythia-160m@step3000,3000,6291456000.0,Phon,ses-9,72,0.0016985813140037,-0.0096180073344517,0.0012678812601637,EleutherAI/pythia-160m,0.8734471064940128,0.8799092800838068,72,96,0.0019446870925266993,0.008728626502912,212654688
ds003604,pythia-160m-full,EleutherAI/pythia-160m@step7000,7000,14680064000.0,Phon,ses-9,72,0.0007011020537915,-0.0041061313377771,0.0003926144385337,EleutherAI/pythia-160m,0.8734471064940128,0.8799092800838068,72,96,0.0008026840418599588,0.008728626502912,212654688
ds003604,pythia-160m-full,EleutherAI/pythia-160m@step13000,13000,27262976000.0,Phon,ses-9,72,-0.0023971480795635,-0.0117856307514492,-0.0015876078388137,EleutherAI/pythia-160m,0.8734471064940128,0.8799092800838068,72,96,-0.0027444685107328036,0.008728626502912,212654688
ds003604,pythia-160m-full,EleutherAI/pythia-160m@step20000,20000,41943040000.0,Phon,ses-9,72,-0.0091695511409082,-0.0167144030623748,-0.0060809300245919,EleutherAI/pythia-160m,0.8734471064940128,0.8799092800838068,72,96,-0.01049811840091207,0.008728626502912,212654688
ds003604,pythia-160m-full,EleutherAI/pythia-160m@step30000,30000,62914560000.0,Phon,ses-9,72,-0.024705109706352,-0.0210852222514726,-0.0161694673367449,EleutherAI/pythia-160m,0.8734471064940128,0.8799092800838068,72,96,-0.028284608790470983,0.008728626502912,212654688
ds003604,pythia-160m-full,EleutherAI/pythia-160m@step42000,42000,88080384000.0,Phon,ses-9,72,0.0003438728994758,0.0043474310034621,0.0001261756229921,EleutherAI/pythia-160m,0.8734471064940128,0.8799092800838068,72,96,0.00039369630618629465,0.008728626502912,212654688
ds003604,pythia-160m-full,EleutherAI/pythia-160m@step59000,59000,123731968000.0,Phon,ses-9,72,-0.0147016952235661,-0.0168767628307662,-0.0098698737325015,EleutherAI/pythia-160m,0.8734471064940128,0.8799092800838068,72,96,-0.01683180940695792,0.008728626502912,212654688
ds003604,pythia-160m-full,EleutherAI/pythia-160m@step80000,80000,167772160000.0,Phon,ses-9,72,-0.0135695948890026,-0.0058963943623665,-0.0091042449522094,EleutherAI/pythia-160m,0.8734471064940128,0.8799092800838068,72,96,-0.015535680166679463,0.008728626502912,212654688
ds003604,pythia-160m-full,EleutherAI/pythia-160m@step107000,107000,224395264000.0,Phon,ses-9,72,-0.010674164221089,-0.0090539909080093,-0.0071638353714371,EleutherAI/pythia-160m,0.8734471064940128,0.8799092800838068,72,96,-0.012220733392700486,0.008728626502912,212654688
ds003604,pythia-160m-full,EleutherAI/pythia-160m@step143000,143000,299892736000.0,Phon,ses-9,72,-0.0140706721870843,-0.0075476569699156,-0.0095207470086883,EleutherAI/pythia-160m,0.8734471064940128,0.8799092800838068,72,96,-0.01610935806240575,0.008728626502912,212654688
ds003604,pythia-160m-full,EleutherAI/pythia-160m@step0,0,0.0,Plaus,ses-5,60,-0.0090510927170119,0.0108882213159129,-0.0059575935844247,EleutherAI/pythia-160m,0.8377735419584034,0.851372700209319,60,82,-0.010803746195963419,0.0058908227201663,212654688
ds003604,pythia-160m-full,EleutherAI/pythia-160m@step1,1,2097152.0,Plaus,ses-5,60,-0.0090510927170119,0.0108882213159129,-0.0059575935844247,EleutherAI/pythia-160m,0.8377735419584034,0.851372700209319,60,82,-0.010803746195963419,0.0058908227201663,212654688
ds003604,pythia-160m-full,EleutherAI/pythia-160m@step2,2,4194304.0,Plaus,ses-5,60,-0.0090516337224047,0.010892168994414,-0.00596014857256,EleutherAI/pythia-160m,0.8377735419584034,0.851372700209319,60,82,-0.01080439196163362,0.0058908227201663,212654688
ds003604,pythia-160m-full,EleutherAI/pythia-160m@step4,4,8388608.0,Plaus,ses-5,60,-0.0083370499952983,0.0110397809075754,-0.0055104706607518,EleutherAI/pythia-160m,0.8377735419584034,0.851372700209319,60,82,-0.00995143625067148,0.0058908227201663,212654688
ds003604,pythia-160m-full,EleutherAI/pythia-160m@step8,8,16777216.0,Plaus,ses-5,60,-0.0057563179380709,0.011505458395725,-0.0040490174473752,EleutherAI/pythia-160m,0.8377735419584034,0.851372700209319,60,82,-0.006870971270607051,0.0058908227201663,212654688
ds003604,pythia-160m-full,EleutherAI/pythia-160m@step16,16,33554432.0,Plaus,ses-5,60,-0.003244957920357,0.0105699617223592,-0.0020011944569532,EleutherAI/pythia-160m,0.8377735419584034,0.851372700209319,60,82,-0.003873311530907856,0.0058908227201663,212654688
ds003604,pythia-160m-full,EleutherAI/pythia-160m@step64,64,134217728.0,Plaus,ses-5,60,0.0073198711318662,0.0174795663066732,0.0048270113345661,EleutherAI/pythia-160m,0.8377735419584034,0.851372700209319,60,82,0.008737290885022533,0.0058908227201663,212654688
ds003604,pythia-160m-full,EleutherAI/pythia-160m@step512,512,1073741824.0,Plaus,ses-5,60,0.0012600459223771,0.0072694753770919,0.0008808321596356,EleutherAI/pythia-160m,0.8377735419584034,0.851372700209319,60,82,0.0015040411988084283,0.0058908227201663,212654688
ds003604,pythia-160m-full,EleutherAI/pythia-160m@step3000,3000,6291456000.0,Plaus,ses-5,60,0.0006270263323176,0.0020050734719844,0.0006240558520406,EleutherAI/pythia-160m,0.8377735419584034,0.851372700209319,60,82,0.0007484437033566916,0.0058908227201663,212654688
ds003604,pythia-160m-full,EleutherAI/pythia-160m@step7000,7000,14680064000.0,Plaus,ses-5,60,-0.0186629710660415,-0.0078377512635281,-0.011973313148927,EleutherAI/pythia-160m,0.8377735419584034,0.851372700209319,60,82,-0.022276868546617506,0.0058908227201663,212654688
ds003604,pythia-160m-full,EleutherAI/pythia-160m@step13000,13000,27262976000.0,Plaus,ses-5,60,-0.0092991696578899,-0.0078321473154922,-0.0058349541539316,EleutherAI/pythia-160m,0.8377735419584034,0.851372700209319,60,82,-0.011099860752527342,0.0058908227201663,212654688
ds003604,pythia-160m-full,EleutherAI/pythia-160m@step20000,20000,41943040000.0,Plaus,ses-5,60,-0.0160858940412481,-0.0127464903298525,-0.0106766566702755,EleutherAI/pythia-160m,0.8377735419584034,0.851372700209319,60,82,-0.01920076635942125,0.0058908227201663,212654688
ds003604,pythia-160m-full,EleutherAI/pythia-160m@step30000,30000,62914560000.0,Plaus,ses-5,60,-0.0169970942762651,-0.0136366040342908,-0.0109947526931171,EleutherAI/pythia-160m,0.8377735419584034,0.851372700209319,60,82,-0.02028841139639264,0.0058908227201663,212654688
ds003604,pythia-160m-full,EleutherAI/pythia-160m@step42000,42000,88080384000.0,Plaus,ses-5,60,-0.0144051634074058,-0.0118131433796317,-0.0095690693136343,EleutherAI/pythia-160m,0.8377735419584034,0.851372700209319,60,82,-0.017194579066953916,0.0058908227201663,212654688
ds003604,pythia-160m-full,EleutherAI/pythia-160m@step59000,59000,123731968000.0,Plaus,ses-5,60,-0.0145392050675585,-0.0104954181882745,-0.0098731129017319,EleutherAI/pythia-160m,0.8377735419584034,0.851372700209319,60,82,-0.017354576552478893,0.0058908227201663,212654688
ds003604,pythia-160m-full,EleutherAI/pythia-160m@step80000,80000,167772160000.0,Plaus,ses-5,60,-0.0191929161446347,-0.0135496029941283,-0.0124536509183585,EleutherAI/pythia-160m,0.8377735419584034,0.851372700209319,60,82,-0.022909432183509628,0.0058908227201663,212654688
ds003604,pythia-160m-full,EleutherAI/pythia-160m@step107000,107000,224395264000.0,Plaus,ses-5,60,-0.0204515154185914,-0.0109899743741238,-0.0131243353038679,EleutherAI/pythia-160m,0.8377735419584034,0.851372700209319,60,82,-0.024411746604915876,0.0058908227201663,212654688
ds003604,pythia-160m-full,EleutherAI/pythia-160m@step143000,143000,299892736000.0,Plaus,ses-5,60,-0.0166394096427968,-0.0107858575146043,-0.0110420199736197,EleutherAI/pythia-160m,0.8377735419584034,0.851372700209319,60,82,-0.019861464715035092,0.0058908227201663,212654688
ds003604,pythia-160m-full,EleutherAI/pythia-160m@step0,0,0.0,Plaus,ses-7,60,-0.0160600253273838,0.0107777299088375,-0.010798018606701,EleutherAI/pythia-160m,0.8460574663445363,0.8583435840524389,60,103,-0.018982192068787613,0.0063089941228393,212654688
ds003604,pythia-160m-full,EleutherAI/pythia-160m@step1,1,2097152.0,Plaus,ses-7,60,-0.0160600253273838,0.0107777299088375,-0.010798018606701,EleutherAI/pythia-160m,0.8460574663445363,0.8583435840524389,60,103,-0.018982192068787613,0.0063089941228393,212654688
ds003604,pythia-160m-full,EleutherAI/pythia-160m@step2,2,4194304.0,Plaus,ses-7,60,-0.0160512155955667,0.0107815688558309,-0.0107929086304305,EleutherAI/pythia-160m,0.8460574663445363,0.8583435840524389,60,103,-0.018971779381508624,0.0063089941228393,212654688
ds003604,pythia-160m-full,EleutherAI/pythia-160m@step4,4,8388608.0,Plaus,ses-7,60,-0.0157045631440692,0.0109246693830009,-0.0104735351135213,EleutherAI/pythia-160m,0.8460574663445363,0.8583435840524389,60,103,-0.018562052542272462,0.0063089941228393,212654688
ds003604,pythia-160m-full,EleutherAI/pythia-160m@step8,8,16777216.0,Plaus,ses-7,60,-0.0136453884178243,0.0113743260467841,-0.0093135705001069,EleutherAI/pythia-160m,0.8460574663445363,0.8583435840524389,60,103,-0.016128205187740226,0.0063089941228393,212654688
ds003604,pythia-160m-full,EleutherAI/pythia-160m@step16,16,33554432.0,Plaus,ses-7,60,-0.0113454381594832,0.0104337331421983,-0.0079607042824794,EleutherAI/pythia-160m,0.8460574663445363,0.8583435840524389,60,103,-0.013409772516401441,0.0063089941228393,212654688
ds003604,pythia-160m-full,EleutherAI/pythia-160m@step64,64,134217728.0,Plaus,ses-7,60,0.0038572873001726,0.0176565737634493,0.0024189350170705,EleutherAI/pythia-160m,0.8460574663445363,0.8583435840524389,60,103,0.0045591315644767485,0.0063089941228393,212654688
ds003604,pythia-160m-full,EleutherAI/pythia-160m@step512,512,1073741824.0,Plaus,ses-7,60,0.0018721350957983,0.0074678541299855,0.0009689792503026,EleutherAI/pythia-160m,0.8460574663445363,0.8583435840524389,60,103,0.0022127753376931,0.0063089941228393,212654688
ds003604,pythia-160m-full,EleutherAI/pythia-160m@step3000,3000,6291456000.0,Plaus,ses-7,60,0.0062471851151281,0.0017967952113119,0.0042866313439556,EleutherAI/pythia-160m,0.8460574663445363,0.8583435840524389,60,103,0.007383878003133284,0.0063089941228393,212654688
ds003604,pythia-160m-full,EleutherAI/pythia-160m@step7000,7000,14680064000.0,Plaus,ses-7,60,-0.015847914425022,-0.0077055976432879,-0.0103189583313372,EleutherAI/pythia-160m,0.8460574663445363,0.8583435840524389,60,103,-0.018731486991651138,0.0063089941228393,212654688
ds003604,pythia-160m-full,EleutherAI/pythia-160m@step13000,13000,27262976000.0,Plaus,ses-7,60,-0.0063380523809103,-0.0069449294392781,-0.0038433409024856,EleutherAI/pythia-160m,0.8460574663445363,0.8583435840524389,60,103,-0.007491278823286553,0.0063089941228393,212654688
ds003604,pythia-160m-full,EleutherAI/pythia-160m@step20000,20000,41943040000.0,Plaus,ses-7,60,-0.0121893697839539,-0.0119763281085408,-0.0081459409222868,EleutherAI/pythia-160m,0.8460574663445363,0.8583435840524389,60,103,-0.01440725987162446,0.0063089941228393,212654688
ds003604,pythia-160m-full,EleutherAI/pythia-160m@step30000,30000,62914560000.0,Plaus,ses-7,60,-0.0100172958883087,-0.0125994708681803,-0.0065605707843494,EleutherAI/pythia-160m,0.8460574663445363,0.8583435840524389,60,103,-0.01183997102654183,0.0063089941228393,212654688
ds003604,pythia-160m-full,EleutherAI/pythia-160m@step42000,42000,88080384000.0,Plaus,ses-7,60,-0.0084975641313337,-0.0109416440772207,-0.0054568159099111,EleutherAI/pythia-160m,0.8460574663445363,0.8583435840524389,60,103,-0.010043719805521194,0.0063089941228393,212654688
ds003604,pythia-160m-full,EleutherAI/pythia-160m@step59000,59000,123731968000.0,Plaus,ses-7,60,-0.0132983421144008,-0.0093354780121151,-0.0086684359959503,EleutherAI/pythia-160m,0.8460574663445363,0.8583435840524389,60,103,-0.0157180128341133,0.0063089941228393,212654688
ds003604,pythia-160m-full,EleutherAI/pythia-160m@step80000,80000,167772160000.0,Plaus,ses-7,60,-0.0177374666484376,-0.0126572453256854,-0.0116577721142207,EleutherAI/pythia-160m,0.8460574663445363,0.8583435840524389,60,103,-0.02096484855227842,0.0063089941228393,212654688
ds003604,pythia-160m-full,EleutherAI/pythia-160m@step107000,107000,224395264000.0,Plaus,ses-7,60,-0.0169777544154817,-0.0102894161550323,-0.010984532740576,EleutherAI/pythia-160m,0.8460574663445363,0.8583435840524389,60,103,-0.020066904543535963,0.0063089941228393,212654688
ds003604,pythia-160m-full,EleutherAI/pythia-160m@step143000,143000,299892736000.0,Plaus,ses-7,60,-0.0133002334692542,-0.010251918899593,-0.0088306777425402,EleutherAI/pythia-160m,0.8460574663445363,0.8583435840524389,60,103,-0.0157202483262975,0.0063089941228393,212654688
ds003604,pythia-160m-full,EleutherAI/pythia-160m@step0,0,0.0,Plaus,ses-9,60,-0.0030420657498893,0.0107697310771893,-0.0021059489704994,EleutherAI/pythia-160m,0.8571028945001105,0.8668304036711462,60,89,-0.003549242184817879,0.0059238995685712,212654688
ds003604,pythia-160m-full,EleutherAI/pythia-160m@step1,1,2097152.0,Plaus,ses-9,60,-0.0030420657498893,0.0107697310771893,-0.0021059489704994,EleutherAI/pythia-160m,0.8571028945001105,0.8668304036711462,60,89,-0.003549242184817879,0.0059238995685712,212654688
ds003604,pythia-160m-full,EleutherAI/pythia-160m@step2,2,4194304.0,Plaus,ses-9,60,-0.0030358701561305,0.0107736556136619,-0.0021033939823641,EleutherAI/pythia-160m,0.8571028945001105,0.8668304036711462,60,89,-0.0035420136550829355,0.0059238995685712,212654688
ds003604,pythia-160m-full,EleutherAI/pythia-160m@step4,4,8388608.0,Plaus,ses-9,60,-0.0029072169096905,0.0109200532984206,-0.0020625141721998,EleutherAI/pythia-160m,0.8571028945001105,0.8668304036711462,60,89,-0.0033919112026638072,0.0059238995685712,212654688
ds003604,pythia-160m-full,EleutherAI/pythia-160m@step8,8,16777216.0,Plaus,ses-9,60,-0.0018139467197655,0.0113772776541968,-0.0015106367349806,EleutherAI/pythia-160m,0.8571028945001105,0.8668304036711462,60,89,-0.002116369844747113,0.0059238995685712,212654688
ds003604,pythia-160m-full,EleutherAI/pythia-160m@step16,16,33554432.0,Plaus,ses-9,60,-0.0006612048890159,0.010367538533023,-0.0007198679071134,EleutherAI/pythia-160m,0.8571028945001105,0.8668304036711462,60,89,-0.0007714416708410905,0.0059238995685712,212654688
ds003604,pythia-160m-full,EleutherAI/pythia-160m@step64,64,134217728.0,Plaus,ses-9,60,0.0135294704383319,0.0177972433728167,0.0086709909840856,EleutherAI/pythia-160m,0.8571028945001105,0.8668304036711462,60,89,0.0157851181289298,0.0059238995685712,212654688
ds003604,pythia-160m-full,EleutherAI/pythia-160m@step512,512,1073741824.0,Plaus,ses-9,60,0.0107034184037082,0.0077731898642665,0.0070498510122543,EleutherAI/pythia-160m,0.8571028945001105,0.8668304036711462,60,89,0.012487903695565947,0.0059238995685712,212654688
ds003604,pythia-160m-full,EleutherAI/pythia-160m@step3000,3000,6291456000.0,Plaus,ses-9,60,0.0131134178150403,0.0018006126903739,0.0091206688958938,EleutherAI/pythia-160m,0.8571028945001105,0.8668304036711462,60,89,0.015299700770102358,0.0059238995685712,212654688
ds003604,pythia-160m-full,EleutherAI/pythia-160m@step7000,7000,14680064000.0,Plaus,ses-9,60,-0.0094543062003205,-0.0075858453044246,-0.0058451741064727,EleutherAI/pythia-160m,0.8571028945001105,0.8668304036711462,60,89,-0.011030538178073184,0.0059238995685712,212654688
ds003604,pythia-160m-full,EleutherAI/pythia-160m@step13000,13000,27262976000.0,Plaus,ses-9,60,0.0038270104743675,-0.0065317280781076,0.0028635029526081,EleutherAI/pythia-160m,0.8571028945001105,0.8668304036711462,60,89,0.0044650537280002235,0.0059238995685712,212654688
ds003604,pythia-160m-full,EleutherAI/pythia-160m@step20000,20000,41943040000.0,Plaus,ses-9,60,-0.0060621461226243,-0.0118802444401547,-0.0037207014719925,EleutherAI/pythia-160m,0.8571028945001105,0.8668304036711462,60,89,-0.007072833567036237,0.0059238995685712,212654688
ds003604,pythia-160m-full,EleutherAI/pythia-160m@step30000,30000,62914560000.0,Plaus,ses-9,60,-0.0045668028887588,-0.0124647927911661,-0.0028635029526081,EleutherAI/pythia-160m,0.8571028945001105,0.8668304036711462,60,89,-0.00532818511997011,0.0059238995685712,212654688
ds003604,pythia-160m-full,EleutherAI/pythia-160m@step42000,42000,88080384000.0,Plaus,ses-9,60,-0.0018578503894056,-0.0107593185169421,-0.0008757221833651,EleutherAI/pythia-160m,0.8571028945001105,0.8668304036711462,60,89,-0.0021675931808504243,0.0059238995685712,212654688
ds003604,pythia-160m-full,EleutherAI/pythia-160m@step59000,59000,123731968000.0,Plaus,ses-9,60,-0.0040844424804986,-0.0091933067559054,-0.0026054491509455,EleutherAI/pythia-160m,0.8571028945001105,0.8668304036711462,60,89,-0.004765405071792198,0.0059238995685712,212654688
ds003604,pythia-160m-full,EleutherAI/pythia-160m@step80000,80000,167772160000.0,Plaus,ses-9,60,-0.0079975885874825,-0.0124503983370152,-0.0047925189947399,EleutherAI/pythia-160m,0.8571028945001105,0.8668304036711462,60,89,-0.009330955056623565,0.0059238995685712,212654688
ds003604,pythia-160m-full,EleutherAI/pythia-160m@step107000,107000,224395264000.0,Plaus,ses-9,60,-0.0054059065811039,-0.0101152974123582,-0.0030078597822511,EleutherAI/pythia-160m,0.8571028945001105,0.8668304036711462,60,89,-0.006307185071702267,0.0059238995685712,212654688
ds003604,pythia-160m-full,EleutherAI/pythia-160m@step143000,143000,299892736000.0,Plaus,ses-9,60,-0.0025813260811488,-0.0101922839623975,-0.0014646469485457,EleutherAI/pythia-160m,0.8571028945001105,0.8668304036711462,60,89,-0.00301168750883091,0.0059238995685712,212654688
ds003604,pythia-160m-full,EleutherAI/pythia-160m@step0,0,0.0,Sem,ses-5,72,2.064592712502975e-06,0.0084920763753904,-0.0005261400978167,EleutherAI/pythia-160m,0.8591956418414916,0.8653112906283371,72,89,2.402936667693038e-06,0.0077235660279985,212654688
ds003604,pythia-160m-full,EleutherAI/pythia-160m@step1,1,2097152.0,Sem,ses-5,72,2.064592712502975e-06,0.0084920763753904,-0.0005261400978167,EleutherAI/pythia-160m,0.8591956418414916,0.8653112906283371,72,89,2.402936667693038e-06,0.0077235660279985,212654688
ds003604,pythia-160m-full,EleutherAI/pythia-160m@step2,2,4194304.0,Sem,ses-5,72,-3.1044345694440835e-06,0.0084838834771114,-0.0005334901341075,EleutherAI/pythia-160m,0.8591956418414916,0.8653112906283371,72,89,-3.6131870534054737e-06,0.0077235660279985,212654688
ds003604,pythia-160m-full,EleutherAI/pythia-160m@step4,4,8388608.0,Sem,ses-5,72,0.0001760300635168,0.0080988577673864,-0.0004618272802721,EleutherAI/pythia-160m,0.8591956418414916,0.8653112906283371,72,89,0.00020487774255874877,0.0077235660279985,212654688
ds003604,pythia-160m-full,EleutherAI/pythia-160m@step8,8,16777216.0,Sem,ses-5,72,-0.0013913888899278,0.0055071027735628,-0.0011386431220504,EleutherAI/pythia-160m,0.8591956418414916,0.8653112906283371,72,89,-0.0016194086913030338,0.0077235660279985,212654688
ds003604,pythia-160m-full,EleutherAI/pythia-160m@step16,16,33554432.0,Sem,ses-5,72,-0.0045581952866914,0.0019495119071135,-0.0031421405143187,EleutherAI/pythia-160m,0.8591956418414916,0.8653112906283371,72,89,-0.005305189021818057,0.0077235660279985,212654688
ds003604,pythia-160m-full,EleutherAI/pythia-160m@step64,64,134217728.0,Sem,ses-5,72,0.0006426078952073,0.0074469919889553,0.0002909389365109,EleutherAI/pythia-160m,0.8591956418414916,0.8653112906283371,72,89,0.0007479180106523996,0.0077235660279985,212654688
ds003604,pythia-160m-full,EleutherAI/pythia-160m@step512,512,1073741824.0,Sem,ses-5,72,-0.0109317338395343,0.0008038051049276,-0.0076667003543329,EleutherAI/pythia-160m,0.8591956418414916,0.8653112906283371,72,89,-0.012723218446621309,0.0077235660279985,212654688
ds003604,pythia-160m-full,EleutherAI/pythia-160m@step3000,3000,6291456000.0,Sem,ses-5,72,-0.0027756318313931,0.0024858394148336,-0.0022809612622462,EleutherAI/pythia-160m,0.8591956418414916,0.8653112906283371,72,89,-0.0032305003612962476,0.0077235660279985,212654688
ds003604,pythia-160m-full,EleutherAI/pythia-160m@step7000,7000,14680064000.0,Sem,ses-5,72,-0.0037114780047343,0.0008916276890216,-0.0023403740555968,EleutherAI/pythia-160m,0.8591956418414916,0.8653112906283371,72,89,-0.004319712326263186,0.0077235660279985,212654688
ds003604,pythia-160m-full,EleutherAI/pythia-160m@step13000,13000,27262976000.0,Sem,ses-5,72,-0.005955474697491,0.0014695449066305,-0.0039739196212281,EleutherAI/pythia-160m,0.8591956418414916,0.8653112906283371,72,89,-0.006931453568277869,0.0077235660279985,212654688
ds003604,pythia-160m-full,EleutherAI/pythia-160m@step20000,20000,41943040000.0,Sem,ses-5,72,0.0025984800034404,0.0033279423859153,0.0020010473801714,EleutherAI/pythia-160m,0.8591956418414916,0.8653112906283371,72,89,0.0030243170203600495,0.0077235660279985,212654688
ds003604,pythia-160m-full,EleutherAI/pythia-160m@step30000,30000,62914560000.0,Sem,ses-5,72,0.0108910025081926,0.0059192573485903,0.0076250501486851,EleutherAI/pythia-160m,0.8591956418414916,0.8653112906283371,72,89,0.012675812094263186,0.0077235660279985,212654688
ds003604,pythia-160m-full,EleutherAI/pythia-160m@step42000,42000,88080384000.0,Sem,ses-5,72,-0.007764073004645,0.0041960478591553,-0.0050948001555757,EleutherAI/pythia-160m,0.8591956418414916,0.8653112906283371,72,89,-0.00903644365328072,0.0077235660279985,212654688
ds003604,pythia-160m-full,EleutherAI/pythia-160m@step59000,59000,123731968000.0,Sem,ses-5,72,-0.0047851610729588,-0.0004358884578465,-0.0032352409740023,EleutherAI/pythia-160m,0.8591956418414916,0.8653112906283371,72,89,-0.0055693497964013055,0.0077235660279985,212654688
ds003604,pythia-160m-full,EleutherAI/pythia-160m@step80000,80000,167772160000.0,Sem,ses-5,72,-0.0008709153433592,0.0032530312211759,-0.0007196910534745,EleutherAI/pythia-160m,0.8591956418414916,0.8653112906283371,72,89,-0.0010136403176959673,0.0077235660279985,212654688
ds003604,pythia-160m-full,EleutherAI/pythia-160m@step107000,107000,224395264000.0,Sem,ses-5,72,-0.0085424093662573,-0.0044058738242456,-0.0054837395759641,EleutherAI/pythia-160m,0.8591956418414916,0.8653112906283371,72,89,-0.00994233321289733,0.0077235660279985,212654688
ds003604,pythia-160m-full,EleutherAI/pythia-160m@step143000,143000,299892736000.0,Sem,ses-5,72,0.0026318965108278,0.0012226919231209,0.0017217460011208,EleutherAI/pythia-160m,0.8591956418414916,0.8653112906283371,72,89,0.003063209800723529,0.0077235660279985,212654688
ds003604,pythia-160m-full,EleutherAI/pythia-160m@step0,0,0.0,Sem,ses-7,72,0.0053526502750149,0.0087590272588509,0.0033332414578796,EleutherAI/pythia-160m,0.8546161144168992,0.8628169351539338,72,117,0.00626322179598379,0.0074296612798053,212654688
ds003604,pythia-160m-full,EleutherAI/pythia-160m@step1,1,2097152.0,Sem,ses-7,72,0.0053526502750149,0.0087590272588509,0.0033332414578796,EleutherAI/pythia-160m,0.8546161144168992,0.8628169351539338,72,117,0.00626322179598379,0.0074296612798053,212654688
ds003604,pythia-160m-full,EleutherAI/pythia-160m@step2,2,4194304.0,Sem,ses-7,72,0.0053513136434642,0.0087501571470826,0.0033160913732011,EleutherAI/pythia-160m,0.8546161144168992,0.8628169351539338,72,117,0.006261657782003534,0.0074296612798053,212654688
ds003604,pythia-160m-full,EleutherAI/pythia-160m@step4,4,8388608.0,Sem,ses-7,72,0.0049196247697243,0.0083362122258384,0.003048427551611,EleutherAI/pythia-160m,0.8546161144168992,0.8628169351539338,72,117,0.005756531718432361,0.0074296612798053,212654688
ds003604,pythia-160m-full,EleutherAI/pythia-160m@step8,8,16777216.0,Sem,ses-7,72,0.0024723709724861,0.0055856837197044,0.0014798073065485,EleutherAI/pythia-160m,0.8546161144168992,0.8628169351539338,72,117,0.0028929608636890586,0.0074296612798053,212654688
ds003604,pythia-160m-full,EleutherAI/pythia-160m@step16,16,33554432.0,Sem,ses-7,72,-0.0010138953952363,0.0016682000010861,-0.0008103415010611,EleutherAI/pythia-160m,0.8546161144168992,0.8628169351539338,72,117,-0.0011863752369425848,0.0074296612798053,212654688
ds003604,pythia-160m-full,EleutherAI/pythia-160m@step64,64,134217728.0,Sem,ses-7,72,0.01258106315537,0.0078124099789952,0.0081462902223079,EleutherAI/pythia-160m,0.8546161144168992,0.8628169351539338,72,117,0.014721303452081527,0.0074296612798053,212654688
ds003604,pythia-160m-full,EleutherAI/pythia-160m@step512,512,1073741824.0,Sem,ses-7,72,-0.0163973603812081,0.0015008422699654,-0.0111671551378284,EleutherAI/pythia-160m,0.8546161144168992,0.8628169351539338,72,117,-0.019186813944405842,0.0074296612798053,212654688
ds003604,pythia-160m-full,EleutherAI/pythia-160m@step3000,3000,6291456000.0,Sem,ses-7,72,-0.0024525766090103,0.0025267638300432,-0.0018932468479063,EleutherAI/pythia-160m,0.8546161144168992,0.8628169351539338,72,117,-0.002869799162029237,0.0074296612798053,212654688
ds003604,pythia-160m-full,EleutherAI/pythia-160m@step7000,7000,14680064000.0,Sem,ses-7,72,-0.0029786884411419,0.0020893993843831,-0.0016794832924487,EleutherAI/pythia-160m,0.8546161144168992,0.8628169351539338,72,117,-0.0034854110411599785,0.0074296612798053,212654688
ds003604,pythia-160m-full,EleutherAI/pythia-160m@step13000,13000,27262976000.0,Sem,ses-7,72,-0.0132867852114409,0.0022472570038924,-0.0088794563423156,EleutherAI/pythia-160m,0.8546161144168992,0.8628169351539338,72,117,-0.015547080130248204,0.0074296612798053,212654688
ds003604,pythia-160m-full,EleutherAI/pythia-160m@step20000,20000,41943040000.0,Sem,ses-7,72,-0.0075288402240983,0.0041600937641173,-0.0051058252100119,EleutherAI/pythia-160m,0.8546161144168992,0.8628169351539338,72,117,-0.008809616501597556,0.0074296612798053,212654688
ds003604,pythia-160m-full,EleutherAI/pythia-160m@step30000,30000,62914560000.0,Sem,ses-7,72,0.0044607584397386,0.0066446092874566,0.0030661901393138,EleutherAI/pythia-160m,0.8546161144168992,0.8628169351539338,72,117,0.0052196048781295865,0.0074296612798053,212654688
ds003604,pythia-160m-full,EleutherAI/pythia-160m@step42000,42000,88080384000.0,Sem,ses-7,72,-0.0078871214367958,0.0051409158162172,-0.0051162377614239,EleutherAI/pythia-160m,0.8546161144168992,0.8628169351539338,72,117,-0.00922884708554454,0.0074296612798053,212654688
ds003604,pythia-160m-full,EleutherAI/pythia-160m@step59000,59000,123731968000.0,Sem,ses-7,72,-0.0101068438945245,0.0003566533132935,-0.0068349212474236,EleutherAI/pythia-160m,0.8546161144168992,0.8628169351539338,72,117,-0.011826179876587462,0.0074296612798053,212654688
ds003604,pythia-160m-full,EleutherAI/pythia-160m@step80000,80000,167772160000.0,Sem,ses-7,72,-0.0047812661573647,0.004561442948635,-0.0034643171050657,EleutherAI/pythia-160m,0.8546161144168992,0.8628169351539338,72,117,-0.00559463609064631,0.0074296612798053,212654688
ds003604,pythia-160m-full,EleutherAI/pythia-160m@step107000,107000,224395264000.0,Sem,ses-7,72,-0.0127420410229397,-0.0039769134400729,-0.0085689173090292,EleutherAI/pythia-160m,0.8546161144168992,0.8628169351539338,72,117,-0.014909666232579218,0.0074296612798053,212654688
ds003604,pythia-160m-full,EleutherAI/pythia-160m@step143000,143000,299892736000.0,Sem,ses-7,72,-0.0005723909030279,0.0018184980113045,-0.0001323006532344,EleutherAI/pythia-160m,0.8546161144168992,0.8628169351539338,72,117,-0.0006697637610290554,0.0074296612798053,212654688
ds003604,pythia-160m-full,EleutherAI/pythia-160m@step0,0,0.0,Sem,ses-9,72,0.0074962429425,0.0090966529644065,0.0047358733833748,EleutherAI/pythia-160m,0.8812943730411821,0.886007959425842,72,83,0.008505946675492626,0.0084082983710845,212654688
ds003604,pythia-160m-full,EleutherAI/pythia-160m@step1,1,2097152.0,Sem,ses-9,72,0.0074962429425,0.0090966529644065,0.0047358733833748,EleutherAI/pythia-160m,0.8812943730411821,0.886007959425842,72,83,0.008505946675492626,0.0084082983710845,212654688
ds003604,pythia-160m-full,EleutherAI/pythia-160m@step2,2,4194304.0,Sem,ses-9,72,0.0074934733844374,0.0090873906484656,0.0047383233954717,EleutherAI/pythia-160m,0.8812943730411821,0.886007959425842,72,83,0.008502804072808073,0.0084082983710845,212654688
ds003604,pythia-160m-full,EleutherAI/pythia-160m@step4,4,8388608.0,Sem,ses-9,72,0.0073191011752149,0.0086554246704979,0.004681360614218,EleutherAI/pythia-160m,0.8812943730411821,0.886007959425842,72,83,0.008304944861905847,0.0084082983710845,212654688
ds003604,pythia-160m-full,EleutherAI/pythia-160m@step8,8,16777216.0,Sem,ses-9,72,0.0051877171278456,0.0058015866102624,0.0033883667300607,EleutherAI/pythia-160m,0.8812943730411821,0.886007959425842,72,83,0.005886474810844144,0.0084082983710845,212654688
ds003604,pythia-160m-full,EleutherAI/pythia-160m@step16,16,33554432.0,Sem,ses-9,72,-0.0010999924325814,0.0016857235444656,-0.0003889394203883,EleutherAI/pythia-160m,0.8812943730411821,0.886007959425842,72,83,-0.0012481555156031823,0.0084082983710845,212654688
ds003604,pythia-160m-full,EleutherAI/pythia-160m@step64,64,134217728.0,Sem,ses-9,72,0.0138153008245065,0.0087692534717636,0.0092598207203648,EleutherAI/pythia-160m,0.8812943730411821,0.886007959425842,72,83,0.015676147774361115,0.0084082983710845,212654688
ds003604,pythia-160m-full,EleutherAI/pythia-160m@step512,512,1073741824.0,Sem,ses-9,72,0.0047095048527109,0.0027193495912444,0.0028897892683345,EleutherAI/pythia-160m,0.8812943730411821,0.886007959425842,72,83,0.005343849906200217,0.0084082983710845,212654688
ds003604,pythia-160m-full,EleutherAI/pythia-160m@step3000,3000,6291456000.0,Sem,ses-9,72,-0.0035379904156403,0.0030500234247793,-0.0021480481059875,EleutherAI/pythia-160m,0.8812943730411821,0.886007959425842,72,83,-0.004014538755570805,0.0084082983710845,212654688
ds003604,pythia-160m-full,EleutherAI/pythia-160m@step7000,7000,14680064000.0,Sem,ses-9,72,0.0018464300103735,0.0026778804971169,0.0014736822763062,EleutherAI/pythia-160m,0.8812943730411821,0.886007959425842,72,83,0.0020951342330733547,0.0084082983710845,212654688
ds003604,pythia-160m-full,EleutherAI/pythia-160m@step13000,13000,27262976000.0,Sem,ses-9,72,-0.0063469345546495,0.0026842548796055,-0.0044204343258944,EleutherAI/pythia-160m,0.8812943730411821,0.886007959425842,72,83,-0.007201832609854771,0.0084082983710845,212654688
ds003604,pythia-160m-full,EleutherAI/pythia-160m@step20000,20000,41943040000.0,Sem,ses-9,72,-0.0018527775730012,0.004845942047502,-0.0014479571492884,EleutherAI/pythia-160m,0.8812943730411821,0.886007959425842,72,83,-0.0021023367783543326,0.0084082983710845,212654688
ds003604,pythia-160m-full,EleutherAI/pythia-160m@step30000,30000,62914560000.0,Sem,ses-9,72,0.0094896643366412,0.0070601004297429,0.0062867310407345,EleutherAI/pythia-160m,0.8812943730411821,0.886007959425842,72,83,0.010767871243627873,0.0084082983710845,212654688
ds003604,pythia-160m-full,EleutherAI/pythia-160m@step42000,42000,88080384000.0,Sem,ses-9,72,-0.0086098230252757,0.0054395456516252,-0.0060215172312413,EleutherAI/pythia-160m,0.8812943730411821,0.886007959425842,72,83,-0.00976952002492063,0.0084082983710845,212654688
ds003604,pythia-160m-full,EleutherAI/pythia-160m@step59000,59000,123731968000.0,Sem,ses-9,72,-0.0091225088965136,0.0006726213594645,-0.0064710944510288,EleutherAI/pythia-160m,0.8812943730411821,0.886007959425842,72,83,-0.010351261934231496,0.0084082983710845,212654688
ds003604,pythia-160m-full,EleutherAI/pythia-160m@step80000,80000,167772160000.0,Sem,ses-9,72,-0.0051632071857484,0.0052109835054358,-0.0038918442159808,EleutherAI/pythia-160m,0.8812943730411821,0.886007959425842,72,83,-0.00585866351095734,0.0084082983710845,212654688
ds003604,pythia-160m-full,EleutherAI/pythia-160m@step107000,107000,224395264000.0,Sem,ses-9,72,-0.0103332850888391,-0.0037600231593353,-0.0066726079460017,EleutherAI/pythia-160m,0.8812943730411821,0.886007959425842,72,83,-0.011725123188045404,0.0084082983710845,212654688
ds003604,pythia-160m-full,EleutherAI/pythia-160m@step143000,143000,299892736000.0,Sem,ses-9,72,-0.0027200236471679,0.0020719443458284,-0.0015422826150204,EleutherAI/pythia-160m,0.8812943730411821,0.886007959425842,72,83,-0.003086396248941891,0.0084082983710845,212654688
ds003604,pythia-1b-full,EleutherAI/pythia-1b@step0,0,0.0,Gram,ses-5,60,0.0163706446556963,0.0157883676782636,0.0110266900448081,EleutherAI/pythia-1b,0.8398150343230842,0.8472510876978319,60,97,0.01949315502417925,0.0081285104156867,1078891008
ds003604,pythia-1b-full,EleutherAI/pythia-1b@step1,1,2097152.0,Gram,ses-5,60,0.0163706446556963,0.0157883676782636,0.0110266900448081,EleutherAI/pythia-1b,0.8398150343230842,0.8472510876978319,60,97,0.01949315502417925,0.0081285104156867,1078891008
ds003604,pythia-1b-full,EleutherAI/pythia-1b@step2,2,4194304.0,Gram,ses-5,60,0.0163464941749597,0.0157879095971465,0.011012637610064,EleutherAI/pythia-1b,0.8398150343230842,0.8472510876978319,60,97,0.019464398119682935,0.0081285104156867,1078891008
ds003604,pythia-1b-full,EleutherAI/pythia-1b@step4,4,8388608.0,Gram,ses-5,60,0.016341681390985,0.0157783319655973,0.0110407424795521,EleutherAI/pythia-1b,0.8398150343230842,0.8472510876978319,60,97,0.019458667353052187,0.0081285104156867,1078891008
ds003604,pythia-1b-full,EleutherAI/pythia-1b@step8,8,16777216.0,Gram,ses-5,60,0.0128382819484337,0.0152722320508675,0.0089315997738835,EleutherAI/pythia-1b,0.8398150343230842,0.8472510876978319,60,97,0.015287035149092961,0.0081285104156867,1078891008
ds003604,pythia-1b-full,EleutherAI/pythia-1b@step16,16,33554432.0,Gram,ses-5,60,0.0116055643724707,0.0128317306056551,0.0082238680604126,EleutherAI/pythia-1b,0.8398150343230842,0.8472510876978319,60,97,0.013819191010107515,0.0081285104156867,1078891008
ds003604,pythia-1b-full,EleutherAI/pythia-1b@step64,64,134217728.0,Gram,ses-5,60,0.0146817426764005,0.001159607974904,0.009999584814428,EleutherAI/pythia-1b,0.8398150343230842,0.8472510876978319,60,97,0.017482114604240703,0.0081285104156867,1078891008
ds003604,pythia-1b-full,EleutherAI/pythia-1b@step512,512,1073741824.0,Gram,ses-5,60,0.0465856292164033,0.0382097362298046,0.0310692944719637,EleutherAI/pythia-1b,0.8398150343230842,0.8472510876978319,60,97,0.05547129702667528,0.0081285104156867,1078891008
ds003604,pythia-1b-full,EleutherAI/pythia-1b@step3000,3000,6291456000.0,Gram,ses-5,60,0.0363193832045124,0.0282610116738435,0.0240060297719992,EleutherAI/pythia-1b,0.8398150343230842,0.8472510876978319,60,97,0.04324688380196348,0.0081285104156867,1078891008
ds003604,pythia-1b-full,EleutherAI/pythia-1b@step7000,7000,14680064000.0,Gram,ses-5,60,0.0211157748240554,0.0179149985924613,0.0135867881563525,EleutherAI/pythia-1b,0.8398150343230842,0.8472510876978319,60,97,0.025143363670638904,0.0081285104156867,1078891008
ds003604,pythia-1b-full,EleutherAI/pythia-1b@step13000,13000,27262976000.0,Gram,ses-5,60,0.0389288339920137,0.0281969216252259,0.0256450546607774,EleutherAI/pythia-1b,0.8398150343230842,0.8472510876978319,60,97,0.046354057025653865,0.0081285104156867,1078891008
ds003604,pythia-1b-full,EleutherAI/pythia-1b@step20000,20000,41943040000.0,Gram,ses-5,60,0.0252325229005824,0.0164905856412851,0.0167025961873189,EleutherAI/pythia-1b,0.8398150343230842,0.8472510876978319,60,97,0.030045333638163026,0.0081285104156867,1078891008
ds003604,pythia-1b-full,EleutherAI/pythia-1b@step30000,30000,62914560000.0,Gram,ses-5,60,0.0283744896243037,0.0184531737463793,0.0187516966718085,EleutherAI/pythia-1b,0.8398150343230842,0.8472510876978319,60,97,0.03378659402921308,0.0081285104156867,1078891008
ds003604,pythia-1b-full,EleutherAI/pythia-1b@step42000,42000,88080384000.0,Gram,ses-5,60,0.0401599220597334,0.0321842624999616,0.0267922443335153,EleutherAI/pythia-1b,0.8398150343230842,0.8472510876978319,60,97,0.04781996084662081,0.0081285104156867,1078891008
ds003604,pythia-1b-full,EleutherAI/pythia-1b@step59000,59000,123731968000.0,Gram,ses-5,60,0.0390547043067129,0.0284141475857726,0.025730646763309,EleutherAI/pythia-1b,0.8398150343230842,0.8472510876978319,60,97,0.046503935641247655,0.0081285104156867,1078891008
ds003604,pythia-1b-full,EleutherAI/pythia-1b@step80000,80000,167772160000.0,Gram,ses-5,60,0.0398987506243269,0.0316535896553825,0.0268407891080855,EleutherAI/pythia-1b,0.8398150343230842,0.8472510876978319,60,97,0.0475089739926917,0.0081285104156867,1078891008
ds003604,pythia-1b-full,EleutherAI/pythia-1b@step107000,107000,224395264000.0,Gram,ses-5,60,0.0341583155225792,0.0260872791748663,0.022409162187453,EleutherAI/pythia-1b,0.8398150343230842,0.8472510876978319,60,97,0.04067361755450331,0.0081285104156867,1078891008
ds003604,pythia-1b-full,EleutherAI/pythia-1b@step143000,143000,299892736000.0,Gram,ses-5,60,0.0332381454181487,0.0288929678289138,0.0222954652154334,EleutherAI/pythia-1b,0.8398150343230842,0.8472510876978319,60,97,0.039577935687873975,0.0081285104156867,1078891008
ds003604,pythia-1b-full,EleutherAI/pythia-1b@step0,0,0.0,Gram,ses-7,60,0.020071288172414,0.0191101229892793,0.0133261793665545,EleutherAI/pythia-1b,0.8473571253286221,0.8585290564097823,60,104,0.023686929126405767,0.0080555141424375,1078891008
ds003604,pythia-1b-full,EleutherAI/pythia-1b@step1,1,2097152.0,Gram,ses-7,60,0.020071288172414,0.0191101229892793,0.0133261793665545,EleutherAI/pythia-1b,0.8473571253286221,0.8585290564097823,60,104,0.023686929126405767,0.0080555141424375,1078891008
ds003604,pythia-1b-full,EleutherAI/pythia-1b@step2,2,4194304.0,Gram,ses-7,60,0.0200478886071627,0.0191096601511372,0.0133019069792694,EleutherAI/pythia-1b,0.8473571253286221,0.8585290564097823,60,104,0.02365931436451629,0.0080555141424375,1078891008
ds003604,pythia-1b-full,EleutherAI/pythia-1b@step4,4,8388608.0,Gram,ses-7,60,0.0200951811345836,0.0190999700016787,0.0134015515165451,EleutherAI/pythia-1b,0.8473571253286221,0.8585290564097823,60,104,0.023715126165712346,0.0080555141424375,1078891008
ds003604,pythia-1b-full,EleutherAI/pythia-1b@step8,8,16777216.0,Gram,ses-7,60,0.0175267169156442,0.0185802078359057,0.0118085164142019,EleutherAI/pythia-1b,0.8473571253286221,0.8585290564097823,60,104,0.020683978917209186,0.0080555141424375,1078891008
ds003604,pythia-1b-full,EleutherAI/pythia-1b@step16,16,33554432.0,Gram,ses-7,60,0.0100192370156582,0.0159325806677342,0.0068773893131233,EleutherAI/pythia-1b,0.8473571253286221,0.8585290564097823,60,104,0.011824101923698984,0.0080555141424375,1078891008
ds003604,pythia-1b-full,EleutherAI/pythia-1b@step64,64,134217728.0,Gram,ses-7,60,0.0073499553597515,0.0037936212214904,0.0049228233896388,EleutherAI/pythia-1b,0.8473571253286221,0.8585290564097823,60,104,0.00867397598964078,0.0080555141424375,1078891008
ds003604,pythia-1b-full,EleutherAI/pythia-1b@step512,512,1073741824.0,Gram,ses-7,60,0.0389816945469377,0.0417368112749826,0.0260104179641215,EleutherAI/pythia-1b,0.8473571253286221,0.8585290564097823,60,104,0.04600385525975228,0.0080555141424375,1078891008
ds003604,pythia-1b-full,EleutherAI/pythia-1b@step3000,3000,6291456000.0,Gram,ses-7,60,0.0335287605310554,0.0317467815122805,0.0218828346315866,EleutherAI/pythia-1b,0.8473571253286221,0.8585290564097823,60,104,0.03956862995404951,0.0080555141424375,1078891008
ds003604,pythia-1b-full,EleutherAI/pythia-1b@step7000,7000,14680064000.0,Gram,ses-7,60,0.0159674225163014,0.0199356524827885,0.010372613082178,EleutherAI/pythia-1b,0.8473571253286221,0.8585290564097823,60,104,0.018843793294484795,0.0080555141424375,1078891008
ds003604,pythia-1b-full,EleutherAI/pythia-1b@step13000,13000,27262976000.0,Gram,ses-7,60,0.0350437790490478,0.0306979828607707,0.0230313017983922,EleutherAI/pythia-1b,0.8473571253286221,0.8585290564097823,60,104,0.04135656384013661,0.0080555141424375,1078891008
ds003604,pythia-1b-full,EleutherAI/pythia-1b@step20000,20000,41943040000.0,Gram,ses-7,60,0.0203479388541206,0.018431847690358,0.0133989965284098,EleutherAI/pythia-1b,0.8473571253286221,0.8585290564097823,60,104,0.024013415649545948,0.0080555141424375,1078891008
ds003604,pythia-1b-full,EleutherAI/pythia-1b@step30000,30000,62914560000.0,Gram,ses-7,60,0.0229492031480173,0.0202518205782824,0.0151491634010724,EleutherAI/pythia-1b,0.8473571253286221,0.8585290564097823,60,104,0.027083271577042725,0.0080555141424375,1078891008
ds003604,pythia-1b-full,EleutherAI/pythia-1b@step42000,42000,88080384000.0,Gram,ses-7,60,0.0333543555405533,0.0343322987850777,0.022395109752709,EleutherAI/pythia-1b,0.8473571253286221,0.8585290564097823,60,104,0.039362807656356004,0.0080555141424375,1078891008
ds003604,pythia-1b-full,EleutherAI/pythia-1b@step59000,59000,123731968000.0,Gram,ses-7,60,0.0306792072221666,0.0299802589781822,0.0203115169283932,EleutherAI/pythia-1b,0.8473571253286221,0.8585290564097823,60,104,0.03620575823950095,0.0080555141424375,1078891008
ds003604,pythia-1b-full,EleutherAI/pythia-1b@step80000,80000,167772160000.0,Gram,ses-7,60,0.0311563804707202,0.0328339564778286,0.0209029966817091,EleutherAI/pythia-1b,0.8473571253286221,0.8585290564097823,60,104,0.03676888945571459,0.0080555141424375,1078891008
ds003604,pythia-1b-full,EleutherAI/pythia-1b@step107000,107000,224395264000.0,Gram,ses-7,60,0.0221236592148385,0.0273922777078688,0.014366059537611,EleutherAI/pythia-1b,0.8473571253286221,0.8585290564097823,60,104,0.02610901419665115,0.0080555141424375,1078891008
ds003604,pythia-1b-full,EleutherAI/pythia-1b@step143000,143000,299892736000.0,Gram,ses-7,60,0.0229107593048017,0.0304272555811097,0.0151517183892077,EleutherAI/pythia-1b,0.8473571253286221,0.8585290564097823,60,104,0.02703790246162909,0.0080555141424375,1078891008
ds003604,pythia-1b-full,EleutherAI/pythia-1b@step0,0,0.0,Gram,ses-9,60,-0.0029319798085318,0.0185360889842161,-0.0012257555578976,EleutherAI/pythia-1b,0.8562953703310558,0.8666432094643701,60,96,-0.0034240285655150224,0.0061329615387372,1078891008
ds003604,pythia-1b-full,EleutherAI/pythia-1b@step1,1,2097152.0,Gram,ses-9,60,-0.0029319798085318,0.0185360889842161,-0.0012257555578976,EleutherAI/pythia-1b,0.8562953703310558,0.8666432094643701,60,96,-0.0034240285655150224,0.0061329615387372,1078891008
ds003604,pythia-1b-full,EleutherAI/pythia-1b@step2,2,4194304.0,Gram,ses-9,60,-0.002969657588111,0.0185355900709813,-0.0012449179689121,EleutherAI/pythia-1b,0.8562953703310558,0.8666432094643701,60,96,-0.0034680294802515266,0.0061329615387372,1078891008
ds003604,pythia-1b-full,EleutherAI/pythia-1b@step4,4,8388608.0,Gram,ses-9,60,-0.0029566734586828,0.0185252258970462,-0.001206593146883,EleutherAI/pythia-1b,0.8562953703310558,0.8666432094643701,60,96,-0.0034528663369273018,0.0061329615387372,1078891008
ds003604,pythia-1b-full,EleutherAI/pythia-1b@step8,8,16777216.0,Gram,ses-9,60,-0.0055437677393301,0.0179924738594436,-0.0029452625729369,EleutherAI/pythia-1b,0.8562953703310558,0.8666432094643701,60,96,-0.006474130225866808,0.0061329615387372,1078891008
ds003604,pythia-1b-full,EleutherAI/pythia-1b@step16,16,33554432.0,Gram,ses-9,60,-0.0072912346344121,0.0155096904932864,-0.0040643473761868,EleutherAI/pythia-1b,0.8562953703310558,0.8666432094643701,60,96,-0.008514859342977885,0.0061329615387372,1078891008
ds003604,pythia-1b-full,EleutherAI/pythia-1b@step64,64,134217728.0,Gram,ses-9,60,-0.0075767296722809,0.0036485896935202,-0.0050148029625087,EleutherAI/pythia-1b,0.8562953703310558,0.8666432094643701,60,96,-0.008848266538392739,0.0061329615387372,1078891008
ds003604,pythia-1b-full,EleutherAI/pythia-1b@step512,512,1073741824.0,Gram,ses-9,60,0.0032473102118051,0.040691115695839,0.0020050269391561,EleutherAI/pythia-1b,0.8562953703310558,0.8666432094643701,60,96,0.003792278137098469,0.0061329615387372,1078891008
ds003604,pythia-1b-full,EleutherAI/pythia-1b@step3000,3000,6291456000.0,Gram,ses-9,60,0.0015018212324393,0.0311031226904426,0.0009715342384378,EleutherAI/pythia-1b,0.8562953703310558,0.8666432094643701,60,96,0.0017538588721537462,0.0061329615387372,1078891008
ds003604,pythia-1b-full,EleutherAI/pythia-1b@step7000,7000,14680064000.0,Gram,ses-9,60,-0.0120921229825793,0.0192847135233218,-0.0080194690095907,EleutherAI/pythia-1b,0.8562953703310558,0.8666432094643701,60,96,-0.01412143916871151,0.0061329615387372,1078891008
ds003604,pythia-1b-full,EleutherAI/pythia-1b@step13000,13000,27262976000.0,Gram,ses-9,60,-0.0019046798162102,0.0296839442797113,-0.0011095035977426,EleutherAI/pythia-1b,0.8562953703310558,0.8666432094643701,60,96,-0.002224325720076968,0.0061329615387372,1078891008
ds003604,pythia-1b-full,EleutherAI/pythia-1b@step20000,20000,41943040000.0,Gram,ses-9,60,-0.0101963015886715,0.0174492408451341,-0.0066844877089102,EleutherAI/pythia-1b,0.8562953703310558,0.8666432094643701,60,96,-0.011907458503167507,0.0061329615387372,1078891008
ds003604,pythia-1b-full,EleutherAI/pythia-1b@step30000,30000,62914560000.0,Gram,ses-9,60,-0.0058683471707995,0.0195604850692759,-0.0039480954160319,EleutherAI/pythia-1b,0.8562953703310558,0.8666432094643701,60,96,-0.006853181009878302,0.0061329615387372,1078891008
ds003604,pythia-1b-full,EleutherAI/pythia-1b@step42000,42000,88080384000.0,Gram,ses-9,60,0.0013826680406977,0.0330700378620789,0.0007684126816836,EleutherAI/pythia-1b,0.8562953703310558,0.8666432094643701,60,96,0.0016147092330572115,0.0061329615387372,1078891008
ds003604,pythia-1b-full,EleutherAI/pythia-1b@step59000,59000,123731968000.0,Gram,ses-9,60,0.0002301123158032,0.0288949391576529,9.51733080389508e-05,EleutherAI/pythia-1b,0.8562953703310558,0.8666432094643701,60,96,0.0002687300711601831,0.0061329615387372,1078891008
ds003604,pythia-1b-full,EleutherAI/pythia-1b@step80000,80000,167772160000.0,Gram,ses-9,60,0.0069633658901542,0.031725052751042,0.0042636364507382,EleutherAI/pythia-1b,0.8562953703310558,0.8666432094643701,60,96,0.008131967229324228,0.0061329615387372,1078891008
ds003604,pythia-1b-full,EleutherAI/pythia-1b@step107000,107000,224395264000.0,Gram,ses-9,60,-0.0026326848051023,0.0263315174840965,-0.0019207123306921,EleutherAI/pythia-1b,0.8562953703310558,0.8666432094643701,60,96,-0.003074505475936962,0.0061329615387372,1078891008
ds003604,pythia-1b-full,EleutherAI/pythia-1b@step143000,143000,299892736000.0,Gram,ses-9,60,-0.0039667348551667,0.0293100920261045,-0.0027523609687237,EleutherAI/pythia-1b,0.8562953703310558,0.8666432094643701,60,96,-0.004632437582411668,0.0061329615387372,1078891008
ds003604,pythia-1b-full,EleutherAI/pythia-1b@step0,0,0.0,Phon,ses-5,72,-0.0263037181665521,-0.0335698924436801,-0.0176021119104275,EleutherAI/pythia-1b,0.8557220149626009,0.8634857149064381,72,93,-0.030738625051853662,0.0089146943876321,1078891008
ds003604,pythia-1b-full,EleutherAI/pythia-1b@step1,1,2097152.0,Phon,ses-5,72,-0.0263037181665521,-0.0335698924436801,-0.0176021119104275,EleutherAI/pythia-1b,0.8557220149626009,0.8634857149064381,72,93,-0.030738625051853662,0.0089146943876321,1078891008
ds003604,pythia-1b-full,EleutherAI/pythia-1b@step2,2,4194304.0,Phon,ses-5,72,-0.0262964450225064,-0.0335660439799487,-0.0175984368922821,EleutherAI/pythia-1b,0.8557220149626009,0.8634857149064381,72,93,-0.030730125628070558,0.0089146943876321,1078891008
ds003604,pythia-1b-full,EleutherAI/pythia-1b@step4,4,8388608.0,Phon,ses-5,72,-0.0261671338247832,-0.0334953017709036,-0.0174642987299749,EleutherAI/pythia-1b,0.8557220149626009,0.8634857149064381,72,93,-0.030579012070791268,0.0089146943876321,1078891008
ds003604,pythia-1b-full,EleutherAI/pythia-1b@step8,8,16777216.0,Phon,ses-5,72,-0.0217492762274893,-0.0293497439301407,-0.0143582958940859,EleutherAI/pythia-1b,0.8557220149626009,0.8634857149064381,72,93,-0.02541628688662386,0.0089146943876321,1078891008
ds003604,pythia-1b-full,EleutherAI/pythia-1b@step16,16,33554432.0,Phon,ses-5,72,-0.0159467782923605,-0.0211493947990983,-0.0102667756922049,EleutherAI/pythia-1b,0.8557220149626009,0.8634857149064381,72,93,-0.018635465739487194,0.0089146943876321,1078891008
ds003604,pythia-1b-full,EleutherAI/pythia-1b@step64,64,134217728.0,Phon,ses-5,72,-0.02441977983156,-0.0279467292062603,-0.0161161795736366,EleutherAI/pythia-1b,0.8557220149626009,0.8634857149064381,72,93,-0.02853704755115744,0.0089146943876321,1078891008
ds003604,pythia-1b-full,EleutherAI/pythia-1b@step512,512,1073741824.0,Phon,ses-5,72,-0.0367408487475965,-0.0382051096430471,-0.0248253600752153,EleutherAI/pythia-1b,0.8557220149626009,0.8634857149064381,72,93,-0.042935495529120224,0.0089146943876321,1078891008
ds003604,pythia-1b-full,EleutherAI/pythia-1b@step3000,3000,6291456000.0,Phon,ses-5,72,-0.0029453869128126,-0.0106451978466033,-0.0018228090001194,EleutherAI/pythia-1b,0.8557220149626009,0.8634857149064381,72,93,-0.003441990344190604,0.0089146943876321,1078891008
ds003604,pythia-1b-full,EleutherAI/pythia-1b@step7000,7000,14680064000.0,Phon,ses-5,72,-0.0062080570992901,-0.0156685344126768,-0.0041343954135773,EleutherAI/pythia-1b,0.8557220149626009,0.8634857149064381,72,93,-0.007254759128244961,0.0089146943876321,1078891008
ds003604,pythia-1b-full,EleutherAI/pythia-1b@step13000,13000,27262976000.0,Phon,ses-5,72,-0.0150358258037231,-0.018627122098128,-0.0099139739502463,EleutherAI/pythia-1b,0.8557220149626009,0.8634857149064381,72,93,-0.017570923197973626,0.0089146943876321,1078891008
ds003604,pythia-1b-full,EleutherAI/pythia-1b@step20000,20000,41943040000.0,Phon,ses-5,72,-0.0001445372994957,-0.0035823396762711,0.0002891014274382,EleutherAI/pythia-1b,0.8557220149626009,0.8634857149064381,72,93,-0.0001689068376977738,0.0089146943876321,1078891008
ds003604,pythia-1b-full,EleutherAI/pythia-1b@step30000,30000,62914560000.0,Phon,ses-5,72,-0.0131487420728721,-0.0155375908372865,-0.008883131360461,EleutherAI/pythia-1b,0.8557220149626009,0.8634857149064381,72,93,-0.015365669975718414,0.0089146943876321,1078891008
ds003604,pythia-1b-full,EleutherAI/pythia-1b@step42000,42000,88080384000.0,Phon,ses-5,72,-0.0157906166100881,-0.0088200415221162,-0.0107843407476824,EleutherAI/pythia-1b,0.8557220149626009,0.8634857149064381,72,93,-0.018452974603882573,0.0089146943876321,1078891008
ds003604,pythia-1b-full,EleutherAI/pythia-1b@step59000,59000,123731968000.0,Phon,ses-5,72,-0.0062659684577734,-0.007941319727428,-0.0044712720769058,EleutherAI/pythia-1b,0.8557220149626009,0.8634857149064381,72,93,-0.007322434561938029,0.0089146943876321,1078891008
ds003604,pythia-1b-full,EleutherAI/pythia-1b@step80000,80000,167772160000.0,Phon,ses-5,72,-0.0119126956394274,-0.015994336855376,-0.0078847514309601,EleutherAI/pythia-1b,0.8557220149626009,0.8634857149064381,72,93,-0.013921221414349193,0.0089146943876321,1078891008
ds003604,pythia-1b-full,EleutherAI/pythia-1b@step107000,107000,224395264000.0,Phon,ses-5,72,-0.0051133472358105,-0.0156490713672886,-0.0034980047713985,EleutherAI/pythia-1b,0.8557220149626009,0.8634857149064381,72,93,-0.005975477019875406,0.0089146943876321,1078891008
ds003604,pythia-1b-full,EleutherAI/pythia-1b@step143000,143000,299892736000.0,Phon,ses-5,72,-0.0029908525068727,-0.0095049325794183,-0.0020365725555769,EleutherAI/pythia-1b,0.8557220149626009,0.8634857149064381,72,93,-0.0034951216102619663,0.0089146943876321,1078891008
ds003604,pythia-1b-full,EleutherAI/pythia-1b@step0,0,0.0,Phon,ses-7,72,-0.0194617484633255,-0.0340919702792668,-0.0129973141742387,EleutherAI/pythia-1b,0.8460260208123772,0.8625655350367195,72,104,-0.023003723271581882,0.0081448036195669,1078891008
ds003604,pythia-1b-full,EleutherAI/pythia-1b@step1,1,2097152.0,Phon,ses-7,72,-0.0194617484633255,-0.0340919702792668,-0.0129973141742387,EleutherAI/pythia-1b,0.8460260208123772,0.8625655350367195,72,104,-0.023003723271581882,0.0081448036195669,1078891008
ds003604,pythia-1b-full,EleutherAI/pythia-1b@step2,2,4194304.0,Phon,ses-7,72,-0.0194589056061133,-0.0340880014683663,-0.0129948641621418,EleutherAI/pythia-1b,0.8460260208123772,0.8625655350367195,72,104,-0.023000363023619925,0.0081448036195669,1078891008
ds003604,pythia-1b-full,EleutherAI/pythia-1b@step4,4,8388608.0,Phon,ses-7,72,-0.0193220625614637,-0.0340146719926919,-0.0128570509816892,EleutherAI/pythia-1b,0.8460260208123772,0.8625655350367195,72,104,-0.02283861499071876,0.0081448036195669,1078891008
ds003604,pythia-1b-full,EleutherAI/pythia-1b@step8,8,16777216.0,Phon,ses-7,72,-0.0160783782919595,-0.0296866501144039,-0.0106342775067451,EleutherAI/pythia-1b,0.8460260208123772,0.8625655350367195,72,104,-0.019004590753036888,0.0081448036195669,1078891008
ds003604,pythia-1b-full,EleutherAI/pythia-1b@step16,16,33554432.0,Phon,ses-7,72,-0.010235555045288,-0.0211020695754522,-0.006830633726254,EleutherAI/pythia-1b,0.8460260208123772,0.8625655350367195,72,104,-0.012098392713098281,0.0081448036195669,1078891008
ds003604,pythia-1b-full,EleutherAI/pythia-1b@step64,64,134217728.0,Phon,ses-7,72,-0.0303200559577205,-0.0287676394522563,-0.0202260748662446,EleutherAI/pythia-1b,0.8460260208123772,0.8625655350367195,72,104,-0.035838207350415006,0.0081448036195669,1078891008
ds003604,pythia-1b-full,EleutherAI/pythia-1b@step512,512,1073741824.0,Phon,ses-7,72,-0.0352605458333994,-0.0392287123449616,-0.0236579293110259,EleutherAI/pythia-1b,0.8460260208123772,0.8625655350367195,72,104,-0.04167785028590641,0.0081448036195669,1078891008
ds003604,pythia-1b-full,EleutherAI/pythia-1b@step3000,3000,6291456000.0,Phon,ses-7,72,-0.0033946603962549,-0.0100492025710062,-0.0022221609719197,EleutherAI/pythia-1b,0.8460260208123772,0.8625655350367195,72,104,-0.004012477527576817,0.0081448036195669,1078891008
ds003604,pythia-1b-full,EleutherAI/pythia-1b@step7000,7000,14680064000.0,Phon,ses-7,72,-0.0043978009378417,-0.015367967298698,-0.0028799892199467,EleutherAI/pythia-1b,0.8460260208123772,0.8625655350367195,72,104,-0.005198186379207121,0.0081448036195669,1078891008
ds003604,pythia-1b-full,EleutherAI/pythia-1b@step13000,13000,27262976000.0,Phon,ses-7,72,-0.013159277029073,-0.0182580135667045,-0.0089045689663092,EleutherAI/pythia-1b,0.8460260208123772,0.8625655350367195,72,104,-0.015554222571590769,0.0081448036195669,1078891008
ds003604,pythia-1b-full,EleutherAI/pythia-1b@step20000,20000,41943040000.0,Phon,ses-7,72,0.0026099168266285,-0.0026945265289265,0.0018803842843974,EleutherAI/pythia-1b,0.8460260208123772,0.8625655350367195,72,104,0.0030849131852024913,0.0081448036195669,1078891008
ds003604,pythia-1b-full,EleutherAI/pythia-1b@step30000,30000,62914560000.0,Phon,ses-7,72,-0.0107665980417751,-0.0160069789747324,-0.0074302741869787,EleutherAI/pythia-1b,0.8460260208123772,0.8625655350367195,72,104,-0.012726083804652627,0.0081448036195669,1078891008
ds003604,pythia-1b-full,EleutherAI/pythia-1b@step42000,42000,88080384000.0,Phon,ses-7,72,-0.0181946181601352,-0.0090055942080542,-0.012036296929216,EleutherAI/pythia-1b,0.8460260208123772,0.8625655350367195,72,104,-0.0215059793818921,0.0081448036195669,1078891008
ds003604,pythia-1b-full,EleutherAI/pythia-1b@step59000,59000,123731968000.0,Phon,ses-7,72,-0.0084811312772282,-0.0077363315558451,-0.005873904002401,EleutherAI/pythia-1b,0.8460260208123772,0.8625655350367195,72,104,-0.010024669535677386,0.0081448036195669,1078891008
ds003604,pythia-1b-full,EleutherAI/pythia-1b@step80000,80000,167772160000.0,Phon,ses-7,72,-0.0118934517381924,-0.0162374207301259,-0.0082473532213065,EleutherAI/pythia-1b,0.8460260208123772,0.8625655350367195,72,104,-0.01405802120219894,0.0081448036195669,1078891008
ds003604,pythia-1b-full,EleutherAI/pythia-1b@step107000,107000,224395264000.0,Phon,ses-7,72,-0.0071470400450608,-0.0160530499453255,-0.0050157872654496,EleutherAI/pythia-1b,0.8460260208123772,0.8625655350367195,72,104,-0.008447778046114962,0.0081448036195669,1078891008
ds003604,pythia-1b-full,EleutherAI/pythia-1b@step143000,143000,299892736000.0,Phon,ses-7,72,-0.002703514091659,-0.010053154712917,-0.0022619736684949,EleutherAI/pythia-1b,0.8460260208123772,0.8625655350367195,72,104,-0.003195544847501277,0.0081448036195669,1078891008
ds003604,pythia-1b-full,EleutherAI/pythia-1b@step0,0,0.0,Phon,ses-9,72,-0.0323719693545885,-0.0338812705036895,-0.021571744010486,EleutherAI/pythia-1b,0.8734471064940128,0.8799092800838068,72,96,-0.03706231220403087,0.008728626502912,1078891008
ds003604,pythia-1b-full,EleutherAI/pythia-1b@step1,1,2097152.0,Phon,ses-9,72,-0.0323719693545885,-0.0338812705036895,-0.021571744010486,EleutherAI/pythia-1b,0.8734471064940128,0.8799092800838068,72,96,-0.03706231220403087,0.008728626502912,1078891008
ds003604,pythia-1b-full,EleutherAI/pythia-1b@step2,2,4194304.0,Phon,ses-9,72,-0.0323644863737617,-0.0338773932068949,-0.021571744010486,EleutherAI/pythia-1b,0.8734471064940128,0.8799092800838068,72,96,-0.03705374502146061,0.008728626502912,1078891008
ds003604,pythia-1b-full,EleutherAI/pythia-1b@step4,4,8388608.0,Phon,ses-9,72,-0.0322240171770664,-0.0338059227579887,-0.021451080914712,EleutherAI/pythia-1b,0.8734471064940128,0.8799092800838068,72,96,-0.036892923380801516,0.008728626502912,1078891008
ds003604,pythia-1b-full,EleutherAI/pythia-1b@step8,8,16777216.0,Phon,ses-9,72,-0.0262097831505383,-0.0295793831038487,-0.0177387000848316,EleutherAI/pythia-1b,0.8734471064940128,0.8799092800838068,72,96,-0.03000729289234638,0.008728626502912,1078891008
ds003604,pythia-1b-full,EleutherAI/pythia-1b@step16,16,33554432.0,Phon,ses-9,72,-0.0168269983159987,-0.0212132754932803,-0.0112620931065847,EleutherAI/pythia-1b,0.8734471064940128,0.8799092800838068,72,96,-0.019265045577335188,0.008728626502912,1078891008
ds003604,pythia-1b-full,EleutherAI/pythia-1b@step64,64,134217728.0,Phon,ses-9,72,-0.0221677690984518,-0.0283552780702877,-0.0147852105019768,EleutherAI/pythia-1b,0.8734471064940128,0.8799092800838068,72,96,-0.025379635393644472,0.008728626502912,1078891008
ds003604,pythia-1b-full,EleutherAI/pythia-1b@step512,512,1073741824.0,Phon,ses-9,72,-0.033110075262381,-0.0392335671900041,-0.0223392102998508,EleutherAI/pythia-1b,0.8734471064940128,0.8799092800838068,72,96,-0.03790736155195903,0.008728626502912,1078891008
ds003604,pythia-1b-full,EleutherAI/pythia-1b@step3000,3000,6291456000.0,Phon,ses-9,72,-0.0053417552906382,-0.0099557132249512,-0.0036462305032631,EleutherAI/pythia-1b,0.8734471064940128,0.8799092800838068,72,96,-0.006115716968918502,0.008728626502912,1078891008
ds003604,pythia-1b-full,EleutherAI/pythia-1b@step7000,7000,14680064000.0,Phon,ses-9,72,-0.0014407989843008,-0.0155816496891611,-0.0008605667490483,EleutherAI/pythia-1b,0.8734471064940128,0.8799092800838068,72,96,-0.0016495549342239147,0.008728626502912,1078891008
ds003604,pythia-1b-full,EleutherAI/pythia-1b@step13000,13000,27262976000.0,Phon,ses-9,72,-0.0121817171720623,-0.0184599929123978,-0.0083882289168802,EleutherAI/pythia-1b,0.8734471064940128,0.8799092800838068,72,96,-0.013946714210273478,0.008728626502912,1078891008
ds003604,pythia-1b-full,EleutherAI/pythia-1b@step20000,20000,41943040000.0,Phon,ses-9,72,0.0041944238239684,-0.0023753439674901,0.0029430770314428,EleutherAI/pythia-1b,0.8734471064940128,0.8799092800838068,72,96,0.00480214977276034,0.008728626502912,1078891008
ds003604,pythia-1b-full,EleutherAI/pythia-1b@step30000,30000,62914560000.0,Phon,ses-9,72,-0.0113476432747845,-0.0159607775804366,-0.007711413075102,EleutherAI/pythia-1b,0.8734471064940128,0.8799092800838068,72,96,-0.012991792165107235,0.008728626502912,1078891008
ds003604,pythia-1b-full,EleutherAI/pythia-1b@step42000,42000,88080384000.0,Phon,ses-9,72,-0.0107774031987626,-0.0093597736349763,-0.0071356602323223,EleutherAI/pythia-1b,0.8734471064940128,0.8799092800838068,72,96,-0.012338930564465125,0.008728626502912,1078891008
ds003604,pythia-1b-full,EleutherAI/pythia-1b@step59000,59000,123731968000.0,Phon,ses-9,72,-0.0045624452001275,-0.0077333188662949,-0.003197878289524,EleutherAI/pythia-1b,0.8734471064940128,0.8799092800838068,72,96,-0.005223493404701975,0.008728626502912,1078891008
ds003604,pythia-1b-full,EleutherAI/pythia-1b@step80000,80000,167772160000.0,Phon,ses-9,72,-0.0090161503932691,-0.0162490470151443,-0.0060160047040232,EleutherAI/pythia-1b,0.8734471064940128,0.8799092800838068,72,96,-0.010322491569592146,0.008728626502912,1078891008
ds003604,pythia-1b-full,EleutherAI/pythia-1b@step107000,107000,224395264000.0,Phon,ses-9,72,-0.0049473735281652,-0.0160948254631975,-0.0033601915909459,EleutherAI/pythia-1b,0.8734471064940128,0.8799092800838068,72,96,-0.005664193620176715,0.008728626502912,1078891008
ds003604,pythia-1b-full,EleutherAI/pythia-1b@step143000,143000,299892736000.0,Phon,ses-9,72,-0.0045249074121253,-0.0102884621088358,-0.0030343399820536,EleutherAI/pythia-1b,0.8734471064940128,0.8799092800838068,72,96,-0.005180516803459485,0.008728626502912,1078891008
ds003604,pythia-1b-full,EleutherAI/pythia-1b@step0,0,0.0,Plaus,ses-5,60,0.0116795977144491,0.0163397896914514,0.007765247690131,EleutherAI/pythia-1b,0.8377735419584034,0.851372700209319,60,82,0.0139412348677741,0.0058908227201663,1078891008
ds003604,pythia-1b-full,EleutherAI/pythia-1b@step1,1,2097152.0,Plaus,ses-5,60,0.0116795977144491,0.0163397896914514,0.007765247690131,EleutherAI/pythia-1b,0.8377735419584034,0.851372700209319,60,82,0.0139412348677741,0.0058908227201663,1078891008
ds003604,pythia-1b-full,EleutherAI/pythia-1b@step2,2,4194304.0,Plaus,ses-5,60,0.0116769186557437,0.0163406037072061,0.0077678026782663,EleutherAI/pythia-1b,0.8377735419584034,0.851372700209319,60,82,0.013938037036174957,0.0058908227201663,1078891008
ds003604,pythia-1b-full,EleutherAI/pythia-1b@step4,4,8388608.0,Plaus,ses-5,60,0.0116983770936455,0.0163543368287581,0.0077959075477543,EleutherAI/pythia-1b,0.8377735419584034,0.851372700209319,60,82,0.013963650685719963,0.0058908227201663,1078891008
ds003604,pythia-1b-full,EleutherAI/pythia-1b@step8,8,16777216.0,Plaus,ses-5,60,0.0118490016510997,0.0166154829242742,0.0076579381884495,EleutherAI/pythia-1b,0.8377735419584034,0.851372700209319,60,82,0.014143442180569626,0.0058908227201663,1078891008
ds003604,pythia-1b-full,EleutherAI/pythia-1b@step16,16,33554432.0,Plaus,ses-5,60,0.0124853278661203,0.0159520457109755,0.0084154921705582,EleutherAI/pythia-1b,0.8377735419584034,0.851372700209319,60,82,0.014902986595798001,0.0058908227201663,1078891008
ds003604,pythia-1b-full,EleutherAI/pythia-1b@step64,64,134217728.0,Plaus,ses-5,60,0.036405926755195,0.0357435750043739,0.0241043968152072,EleutherAI/pythia-1b,0.8377735419584034,0.851372700209319,60,82,0.04345556995043251,0.0058908227201663,1078891008
ds003604,pythia-1b-full,EleutherAI/pythia-1b@step512,512,1073741824.0,Plaus,ses-5,60,-0.0105697641034168,-4.0011656857453365e-05,-0.0068071271394033,EleutherAI/pythia-1b,0.8377735419584034,0.851372700209319,60,82,-0.012616493090374539,0.0058908227201663,1078891008
ds003604,pythia-1b-full,EleutherAI/pythia-1b@step3000,3000,6291456000.0,Plaus,ses-5,60,-0.0081302257976354,-0.0043512694087528,-0.0054951407319402,EleutherAI/pythia-1b,0.8377735419584034,0.851372700209319,60,82,-0.009704562617995733,0.0058908227201663,1078891008
ds003604,pythia-1b-full,EleutherAI/pythia-1b@step7000,7000,14680064000.0,Plaus,ses-5,60,-0.01575730900585,-0.0138488252332098,-0.0104722576194536,EleutherAI/pythia-1b,0.8377735419584034,0.851372700209319,60,82,-0.018808554121935227,0.0058908227201663,1078891008
ds003604,pythia-1b-full,EleutherAI/pythia-1b@step13000,13000,27262976000.0,Plaus,ses-5,60,-0.0112961027956989,-0.0137675953870105,-0.0074509841494923,EleutherAI/pythia-1b,0.8377735419584034,0.851372700209319,60,82,-0.013483479997819944,0.0058908227201663,1078891008
ds003604,pythia-1b-full,EleutherAI/pythia-1b@step20000,20000,41943040000.0,Plaus,ses-5,60,-0.0092098366834019,-0.0082255670916142,-0.0058822214344342,EleutherAI/pythia-1b,0.8377735419584034,0.851372700209319,60,82,-0.010993229341992256,0.0058908227201663,1078891008
ds003604,pythia-1b-full,EleutherAI/pythia-1b@step30000,30000,62914560000.0,Plaus,ses-5,60,-0.0063595887235887,-0.0108370486570143,-0.0040043051550079,EleutherAI/pythia-1b,0.8377735419584034,0.851372700209319,60,82,-0.0075910594033828565,0.0058908227201663,1078891008
ds003604,pythia-1b-full,EleutherAI/pythia-1b@step42000,42000,88080384000.0,Plaus,ses-5,60,-0.0141317089855601,-0.01112944866541,-0.009397885108571,EleutherAI/pythia-1b,0.8377735419584034,0.851372700209319,60,82,-0.0168681729343295,0.0058908227201663,1078891008
ds003604,pythia-1b-full,EleutherAI/pythia-1b@step59000,59000,123731968000.0,Plaus,ses-5,60,-0.0120323743469936,-0.0138548512125124,-0.0079223794604503,EleutherAI/pythia-1b,0.8377735419584034,0.851372700209319,60,82,-0.014362323162971199,0.0058908227201663,1078891008
ds003604,pythia-1b-full,EleutherAI/pythia-1b@step80000,80000,167772160000.0,Plaus,ses-5,60,-0.0096990072675472,-0.0089460027006722,-0.0063037944767543,EleutherAI/pythia-1b,0.8377735419584034,0.851372700209319,60,82,-0.011577122911848618,0.0058908227201663,1078891008
ds003604,pythia-1b-full,EleutherAI/pythia-1b@step107000,107000,224395264000.0,Plaus,ses-5,60,-0.0068530245942512,-0.0083915709126286,-0.0047759115718606,EleutherAI/pythia-1b,0.8377735419584034,0.851372700209319,60,82,-0.008180044189783523,0.0058908227201663,1078891008
ds003604,pythia-1b-full,EleutherAI/pythia-1b@step143000,143000,299892736000.0,Plaus,ses-5,60,-0.0067312204760846,-0.0094226353333075,-0.0044871979125746,EleutherAI/pythia-1b,0.8377735419584034,0.851372700209319,60,82,-0.008034653923719657,0.0058908227201663,1078891008
ds003604,pythia-1b-full,EleutherAI/pythia-1b@step0,0,0.0,Plaus,ses-7,60,0.0002136765719686,0.0159236285865549,-0.0001028382724447,EleutherAI/pythia-1b,0.8460574663445363,0.8583435840524389,60,103,0.00025255562472819714,0.0063089941228393,1078891008
ds003604,pythia-1b-full,EleutherAI/pythia-1b@step1,1,2097152.0,Plaus,ses-7,60,0.0002136765719686,0.0159236285865549,-0.0001028382724447,EleutherAI/pythia-1b,0.8460574663445363,0.8583435840524389,60,103,0.00025255562472819714,0.0063089941228393,1078891008
ds003604,pythia-1b-full,EleutherAI/pythia-1b@step2,2,4194304.0,Plaus,ses-7,60,0.0002024604481642,0.0159245162944532,-0.0001002832843094,EleutherAI/pythia-1b,0.8460574663445363,0.8583435840524389,60,103,0.00023929869567719517,0.0063089941228393,1078891008
ds003604,pythia-1b-full,EleutherAI/pythia-1b@step4,4,8388608.0,Plaus,ses-7,60,0.0002218241131849,0.0159396140535873,-7.984337922730772e-05,EleutherAI/pythia-1b,0.8460574663445363,0.8583435840524389,60,103,0.00026218563396563364,0.0063089941228393,1078891008
ds003604,pythia-1b-full,EleutherAI/pythia-1b@step8,8,16777216.0,Plaus,ses-7,60,0.0001878597946221,0.0162463268186176,4.790602753638463e-05,EleutherAI/pythia-1b,0.8460574663445363,0.8583435840524389,60,103,0.0002220414121912597,0.0063089941228393,1078891008
ds003604,pythia-1b-full,EleutherAI/pythia-1b@step16,16,33554432.0,Plaus,ses-7,60,0.0031456120180582,0.0155389896303348,0.0019577596586535,EleutherAI/pythia-1b,0.8460574663445363,0.8583435840524389,60,103,0.0037179649647784397,0.0063089941228393,1078891008
ds003604,pythia-1b-full,EleutherAI/pythia-1b@step64,64,134217728.0,Plaus,ses-7,60,0.0245749070413426,0.034478880042149,0.016399830093289,EleutherAI/pythia-1b,0.8460574663445363,0.8583435840524389,60,103,0.02904638043975971,0.0063089941228393,1078891008
ds003604,pythia-1b-full,EleutherAI/pythia-1b@step512,512,1073741824.0,Plaus,ses-7,60,-0.0105057956257669,1.8640312754794608e-06,-0.0068109596216062,EleutherAI/pythia-1b,0.8460574663445363,0.8583435840524389,60,103,-0.01241735466404911,0.0063089941228393,1078891008
ds003604,pythia-1b-full,EleutherAI/pythia-1b@step3000,3000,6291456000.0,Plaus,ses-7,60,-0.0047648476509067,-0.003699072267457,-0.0033681131093247,EleutherAI/pythia-1b,0.8460574663445363,0.8583435840524389,60,103,-0.005631825071521007,0.0063089941228393,1078891008
ds003604,pythia-1b-full,EleutherAI/pythia-1b@step7000,7000,14680064000.0,Plaus,ses-7,60,-0.0135109680538966,-0.0137909904788744,-0.0090350767933621,EleutherAI/pythia-1b,0.8460574663445363,0.8583435840524389,60,103,-0.015969326660837703,0.0063089941228393,1078891008
ds003604,pythia-1b-full,EleutherAI/pythia-1b@step13000,13000,27262976000.0,Plaus,ses-7,60,-0.0112657307529446,-0.0135630054546752,-0.0074267117622072,EleutherAI/pythia-1b,0.8460574663445363,0.8583435840524389,60,103,-0.013315562123243418,0.0063089941228393,1078891008
ds003604,pythia-1b-full,EleutherAI/pythia-1b@step20000,20000,41943040000.0,Plaus,ses-7,60,-0.0084097394798809,-0.0083858480372792,-0.0055564604471867,EleutherAI/pythia-1b,0.8460574663445363,0.8583435840524389,60,103,-0.009939915211925143,0.0063089941228393,1078891008
ds003604,pythia-1b-full,EleutherAI/pythia-1b@step30000,30000,62914560000.0,Plaus,ses-7,60,-0.0061536734149857,-0.0111130324488784,-0.0039953626965344,EleutherAI/pythia-1b,0.8460574663445363,0.8583435840524389,60,103,-0.007273351586356389,0.0063089941228393,1078891008
ds003604,pythia-1b-full,EleutherAI/pythia-1b@step42000,42000,88080384000.0,Plaus,ses-7,60,-0.0158111455345028,-0.0112790174759733,-0.01048503256013,EleutherAI/pythia-1b,0.8460574663445363,0.8583435840524389,60,103,-0.018688027898171276,0.0063089941228393,1078891008
ds003604,pythia-1b-full,EleutherAI/pythia-1b@step59000,59000,123731968000.0,Plaus,ses-7,60,-0.0149144810323806,-0.0140036905052315,-0.0099063277474905,EleutherAI/pythia-1b,0.8460574663445363,0.8583435840524389,60,103,-0.017628212770014185,0.0063089941228393,1078891008
ds003604,pythia-1b-full,EleutherAI/pythia-1b@step80000,80000,167772160000.0,Plaus,ses-7,60,-0.0106018738554929,-0.0091564087311852,-0.0066525503572192,EleutherAI/pythia-1b,0.8460574663445363,0.8583435840524389,60,103,-0.012530914597679995,0.0063089941228393,1078891008
ds003604,pythia-1b-full,EleutherAI/pythia-1b@step107000,107000,224395264000.0,Plaus,ses-7,60,-0.0060360610066029,-0.0087049300788572,-0.0041461069965156,EleutherAI/pythia-1b,0.8460574663445363,0.8583435840524389,60,103,-0.007134339269745138,0.0063089941228393,1078891008
ds003604,pythia-1b-full,EleutherAI/pythia-1b@step143000,143000,299892736000.0,Plaus,ses-7,60,-0.0067162930552852,-0.0096379216414235,-0.0042942963083615,EleutherAI/pythia-1b,0.8460574663445363,0.8583435840524389,60,103,-0.007938341451324245,0.0063089941228393,1078891008
ds003604,pythia-1b-full,EleutherAI/pythia-1b@step0,0,0.0,Plaus,ses-9,60,0.0070969054973024,0.0157869443614799,0.0046877644811936,EleutherAI/pythia-1b,0.8571028945001105,0.8668304036711462,60,89,0.008280109124402782,0.0059238995685712,1078891008
ds003604,pythia-1b-full,EleutherAI/pythia-1b@step1,1,2097152.0,Plaus,ses-9,60,0.0070969054973024,0.0157869443614799,0.0046877644811936,EleutherAI/pythia-1b,0.8571028945001105,0.8668304036711462,60,89,0.008280109124402782,0.0059238995685712,1078891008
ds003604,pythia-1b-full,EleutherAI/pythia-1b@step2,2,4194304.0,Plaus,ses-9,60,0.0070798508432983,0.0157878318673444,0.0046800995167878,EleutherAI/pythia-1b,0.8571028945001105,0.8668304036711462,60,89,0.008260211100357434,0.0059238995685712,1078891008
ds003604,pythia-1b-full,EleutherAI/pythia-1b@step4,4,8388608.0,Plaus,ses-9,60,0.0070537960235789,0.0158029177907718,0.0046749895405173,EleutherAI/pythia-1b,0.8571028945001105,0.8668304036711462,60,89,0.008229812393403358,0.0059238995685712,1078891008
ds003604,pythia-1b-full,EleutherAI/pythia-1b@step8,8,16777216.0,Plaus,ses-9,60,0.005891811656698,0.0161073990043092,0.004028577542293,EleutherAI/pythia-1b,0.8571028945001105,0.8668304036711462,60,89,0.006874100757919259,0.0059238995685712,1078891008
ds003604,pythia-1b-full,EleutherAI/pythia-1b@step16,16,33554432.0,Plaus,ses-9,60,0.0100682650883793,0.015356262224109,0.0066282779699341,EleutherAI/pythia-1b,0.8571028945001105,0.8668304036711462,60,89,0.011746856944464564,0.0059238995685712,1078891008
ds003604,pythia-1b-full,EleutherAI/pythia-1b@step64,64,134217728.0,Plaus,ses-9,60,0.0279621591181149,0.0343769305022186,0.0183722809337204,EleutherAI/pythia-1b,0.8571028945001105,0.8668304036711462,60,89,0.03262404000446564,0.0059238995685712,1078891008
ds003604,pythia-1b-full,EleutherAI/pythia-1b@step512,512,1073741824.0,Plaus,ses-9,60,-0.0011109794604543,0.0002614773607606,-0.0007147579308428,EleutherAI/pythia-1b,0.8571028945001105,0.8668304036711462,60,89,-0.0012962031368500492,0.0059238995685712,1078891008
ds003604,pythia-1b-full,EleutherAI/pythia-1b@step3000,3000,6291456000.0,Plaus,ses-9,60,0.0036890108187607,-0.0033742499081503,0.0027025387000859,EleutherAI/pythia-1b,0.8571028945001105,0.8668304036711462,60,89,0.004304046623144643,0.0059238995685712,1078891008
ds003604,pythia-1b-full,EleutherAI/pythia-1b@step7000,7000,14680064000.0,Plaus,ses-9,60,-0.006700082369694,-0.0136216525598277,-0.0042316990990473,EleutherAI/pythia-1b,0.8571028945001105,0.8668304036711462,60,89,-0.007817127223215948,0.0059238995685712,1078891008
ds003604,pythia-1b-full,EleutherAI/pythia-1b@step13000,13000,27262976000.0,Plaus,ses-9,60,-0.0037663442936355,-0.0133549533642747,-0.0021940960611664,EleutherAI/pythia-1b,0.8571028945001105,0.8668304036711462,60,89,-0.004394273217140576,0.0059238995685712,1078891008
ds003604,pythia-1b-full,EleutherAI/pythia-1b@step20000,20000,41943040000.0,Plaus,ses-9,60,-0.0036125862329459,-0.0086365371617289,-0.0023422853730122,EleutherAI/pythia-1b,0.8571028945001105,0.8668304036711462,60,89,-0.004214880449158761,0.0059238995685712,1078891008
ds003604,pythia-1b-full,EleutherAI/pythia-1b@step30000,30000,62914560000.0,Plaus,ses-9,60,0.0018235506474993,-0.0109043295156068,0.0014186571621108,EleutherAI/pythia-1b,0.8571028945001105,0.8668304036711462,60,89,0.002127574949519745,0.0059238995685712,1078891008
ds003604,pythia-1b-full,EleutherAI/pythia-1b@step42000,42000,88080384000.0,Plaus,ses-9,60,-0.0080910743193661,-0.0112397532704096,-0.0051221124641902,EleutherAI/pythia-1b,0.8571028945001105,0.8668304036711462,60,89,-0.00944002682908342,0.0059238995685712,1078891008
ds003604,pythia-1b-full,EleutherAI/pythia-1b@step59000,59000,123731968000.0,Plaus,ses-9,60,-0.0066120997446665,-0.0139056094952779,-0.0041192796210952,EleutherAI/pythia-1b,0.8571028945001105,0.8668304036711462,60,89,-0.007714476041435942,0.0059238995685712,1078891008
ds003604,pythia-1b-full,EleutherAI/pythia-1b@step80000,80000,167772160000.0,Plaus,ses-9,60,-0.0020938434338291,-0.0090079180102282,-0.0010928961748633,EleutherAI/pythia-1b,0.8571028945001105,0.8668304036711462,60,89,-0.0024429312364535835,0.0059238995685712,1078891008
ds003604,pythia-1b-full,EleutherAI/pythia-1b@step107000,107000,224395264000.0,Plaus,ses-9,60,0.0005818588740798,-0.0086411183488533,0.000562736136794,EleutherAI/pythia-1b,0.8571028945001105,0.8668304036711462,60,89,0.0006788670039659106,0.0059238995685712,1078891008
ds003604,pythia-1b-full,EleutherAI/pythia-1b@step143000,143000,299892736000.0,Plaus,ses-9,60,-4.860284248236841e-05,-0.0094677412854628,0.0002433626198848,EleutherAI/pythia-1b,0.8571028945001105,0.8668304036711462,60,89,-5.670596003612276e-05,0.0059238995685712,1078891008
ds003604,pythia-1b-full,EleutherAI/pythia-1b@step0,0,0.0,Sem,ses-5,72,0.014797051668186,0.0222809209582438,0.0099096864290767,EleutherAI/pythia-1b,0.8591956418414916,0.8653112906283371,72,89,0.017221981755484544,0.0077235660279985,1078891008
ds003604,pythia-1b-full,EleutherAI/pythia-1b@step1,1,2097152.0,Sem,ses-5,72,0.014797051668186,0.0222809209582438,0.0099096864290767,EleutherAI/pythia-1b,0.8591956418414916,0.8653112906283371,72,89,0.017221981755484544,0.0077235660279985,1078891008
ds003604,pythia-1b-full,EleutherAI/pythia-1b@step2,2,4194304.0,Sem,ses-5,72,0.0148056621624015,0.0222842299824718,0.0099109114351252,EleutherAI/pythia-1b,0.8591956418414916,0.8653112906283371,72,89,0.01723200333124236,0.0077235660279985,1078891008
ds003604,pythia-1b-full,EleutherAI/pythia-1b@step4,4,8388608.0,Sem,ses-5,72,0.0148899130672445,0.0223473690237689,0.0099568491619427,EleutherAI/pythia-1b,0.8591956418414916,0.8653112906283371,72,89,0.01733006121321954,0.0077235660279985,1078891008
ds003604,pythia-1b-full,EleutherAI/pythia-1b@step8,8,16777216.0,Sem,ses-5,72,0.016666838955599,0.0233531340717103,0.0110275044483032,EleutherAI/pythia-1b,0.8591956418414916,0.8653112906283371,72,89,0.01939818842641869,0.0077235660279985,1078891008
ds003604,pythia-1b-full,EleutherAI/pythia-1b@step16,16,33554432.0,Sem,ses-5,72,0.0076096669088664,0.0139943408629093,0.0052479259116341,EleutherAI/pythia-1b,0.8591956418414916,0.8653112906283371,72,89,0.00885673359859787,0.0077235660279985,1078891008
ds003604,pythia-1b-full,EleutherAI/pythia-1b@step64,64,134217728.0,Sem,ses-5,72,-0.0038921359753408,0.0026510413920025,-0.0026282504769867,EleutherAI/pythia-1b,0.8591956418414916,0.8653112906283371,72,89,-0.004529976393966439,0.0077235660279985,1078891008
ds003604,pythia-1b-full,EleutherAI/pythia-1b@step512,512,1073741824.0,Sem,ses-5,72,0.0037671566136326,0.0047976833938958,0.0024628746604436,EleutherAI/pythia-1b,0.8591956418414916,0.8653112906283371,72,89,0.004384515505174761,0.0077235660279985,1078891008
ds003604,pythia-1b-full,EleutherAI/pythia-1b@step3000,3000,6291456000.0,Sem,ses-5,72,-0.0104252791146279,-0.0011076270478664,-0.0070205096637664,EleutherAI/pythia-1b,0.8591956418414916,0.8653112906283371,72,89,-0.012133766288995219,0.0077235660279985,1078891008
ds003604,pythia-1b-full,EleutherAI/pythia-1b@step7000,7000,14680064000.0,Sem,ses-5,72,0.0100839896508643,0.0108639222707678,0.0068649338956111,EleutherAI/pythia-1b,0.8591956418414916,0.8653112906283371,72,89,0.011736546555626781,0.0077235660279985,1078891008
ds003604,pythia-1b-full,EleutherAI/pythia-1b@step13000,13000,27262976000.0,Sem,ses-5,72,0.0027813534767732,0.0017497262481698,0.0018993718781486,EleutherAI/pythia-1b,0.8591956418414916,0.8653112906283371,72,89,0.00323715966576832,0.0077235660279985,1078891008
ds003604,pythia-1b-full,EleutherAI/pythia-1b@step20000,20000,41943040000.0,Sem,ses-5,72,0.0216326831508333,0.0219576822794775,0.0146994600785841,EleutherAI/pythia-1b,0.8591956418414916,0.8653112906283371,72,89,0.025177831564029512,0.0077235660279985,1078891008
ds003604,pythia-1b-full,EleutherAI/pythia-1b@step30000,30000,62914560000.0,Sem,ses-5,72,-0.005946353265086,-0.0026879219383969,-0.0040351699236514,EleutherAI/pythia-1b,0.8591956418414916,0.8653112906283371,72,89,-0.006920837322150908,0.0077235660279985,1078891008
ds003604,pythia-1b-full,EleutherAI/pythia-1b@step42000,42000,88080384000.0,Sem,ses-5,72,-0.0039270824228204,0.0071026472677236,-0.0028934642864799,EleutherAI/pythia-1b,0.8591956418414916,0.8653112906283371,72,89,-0.004570649839893959,0.0077235660279985,1078891008
ds003604,pythia-1b-full,EleutherAI/pythia-1b@step59000,59000,123731968000.0,Sem,ses-5,72,0.0056421014304217,0.0188897305570038,0.0037227933812923,EleutherAI/pythia-1b,0.8591956418414916,0.8653112906283371,72,89,0.006566724917655694,0.0077235660279985,1078891008
ds003604,pythia-1b-full,EleutherAI/pythia-1b@step80000,80000,167772160000.0,Sem,ses-5,72,-0.0015294650849759,0.0117037657320293,-0.0009977674264766,EleutherAI/pythia-1b,0.8591956418414916,0.8653112906283371,72,89,-0.001780112712976334,0.0077235660279985,1078891008
ds003604,pythia-1b-full,EleutherAI/pythia-1b@step107000,107000,224395264000.0,Sem,ses-5,72,-0.0023521330596874,0.0029862651448051,-0.0015251325303418,EleutherAI/pythia-1b,0.8591956418414916,0.8653112906283371,72,89,-0.0027375989182698074,0.0077235660279985,1078891008
ds003604,pythia-1b-full,EleutherAI/pythia-1b@step143000,143000,299892736000.0,Sem,ses-5,72,-0.0027887459115917,0.005601784350489,-0.0016108829537345,EleutherAI/pythia-1b,0.8591956418414916,0.8653112906283371,72,89,-0.003245763567439255,0.0077235660279985,1078891008
ds003604,pythia-1b-full,EleutherAI/pythia-1b@step0,0,0.0,Sem,ses-7,72,0.0067423324445488,0.0226274605065488,0.0045116972765053,EleutherAI/pythia-1b,0.8546161144168992,0.8628169351539338,72,117,0.007889311154809038,0.0074296612798053,1078891008
ds003604,pythia-1b-full,EleutherAI/pythia-1b@step1,1,2097152.0,Sem,ses-7,72,0.0067423324445488,0.0226274605065488,0.0045116972765053,EleutherAI/pythia-1b,0.8546161144168992,0.8628169351539338,72,117,0.007889311154809038,0.0074296612798053,1078891008
ds003604,pythia-1b-full,EleutherAI/pythia-1b@step2,2,4194304.0,Sem,ses-7,72,0.0067568521437329,0.0226309937083476,0.0045190473127961,EleutherAI/pythia-1b,0.8546161144168992,0.8628169351539338,72,117,0.007906300887320701,0.0074296612798053,1078891008
ds003604,pythia-1b-full,EleutherAI/pythia-1b@step4,4,8388608.0,Sem,ses-7,72,0.0068933380346832,0.0226979241688731,0.0046029602271161,EleutherAI/pythia-1b,0.8546161144168992,0.8628169351539338,72,117,0.008066005213798822,0.0074296612798053,1078891008
ds003604,pythia-1b-full,EleutherAI/pythia-1b@step8,8,16777216.0,Sem,ses-7,72,0.0095865981502147,0.023799990841392,0.006424544221187,EleutherAI/pythia-1b,0.8546161144168992,0.8628169351539338,72,117,0.011217432000747603,0.0074296612798053,1078891008
ds003604,pythia-1b-full,EleutherAI/pythia-1b@step16,16,33554432.0,Sem,ses-7,72,0.0037644984415325,0.0140402751800142,0.0024640996664921,EleutherAI/pythia-1b,0.8546161144168992,0.8628169351539338,72,117,0.004404899905381495,0.0074296612798053,1078891008
ds003604,pythia-1b-full,EleutherAI/pythia-1b@step64,64,134217728.0,Sem,ses-7,72,-0.0015843798017567,0.0013394317378326,-0.0011760058065286,EleutherAI/pythia-1b,0.8546161144168992,0.8628169351539338,72,117,-0.0018539081758804832,0.0074296612798053,1078891008
ds003604,pythia-1b-full,EleutherAI/pythia-1b@step512,512,1073741824.0,Sem,ses-7,72,-0.0068074580203104,0.0042776410011699,-0.0046991232019208,EleutherAI/pythia-1b,0.8546161144168992,0.8628169351539338,72,117,-0.007965515633829462,0.0074296612798053,1078891008
ds003604,pythia-1b-full,EleutherAI/pythia-1b@step3000,3000,6291456000.0,Sem,ses-7,72,-0.0083402036015386,-0.0004101128384248,-0.0055351898299997,EleutherAI/pythia-1b,0.8546161144168992,0.8628169351539338,72,117,-0.009759005781477785,0.0074296612798053,1078891008
ds003604,pythia-1b-full,EleutherAI/pythia-1b@step7000,7000,14680064000.0,Sem,ses-7,72,-0.0013590064754444,0.0115060053521487,-0.0006731408236328,EleutherAI/pythia-1b,0.8546161144168992,0.8628169351539338,72,117,-0.0015901952379772807,0.0074296612798053,1078891008
ds003604,pythia-1b-full,EleutherAI/pythia-1b@step13000,13000,27262976000.0,Sem,ses-7,72,0.0024897744901719,0.0020406680607186,0.0014295820585614,EleutherAI/pythia-1b,0.8546161144168992,0.8628169351539338,72,117,0.0029133249984066383,0.0074296612798053,1078891008
ds003604,pythia-1b-full,EleutherAI/pythia-1b@step20000,20000,41943040000.0,Sem,ses-7,72,0.0117942090014079,0.0223617169656247,0.0078228886255125,EleutherAI/pythia-1b,0.8546161144168992,0.8628169351539338,72,117,0.013800592807046513,0.0074296612798053,1078891008
ds003604,pythia-1b-full,EleutherAI/pythia-1b@step30000,30000,62914560000.0,Sem,ses-7,72,-0.0077413869178573,-0.0013397981934771,-0.0051039877009392,EleutherAI/pythia-1b,0.8546161144168992,0.8628169351539338,72,117,-0.009058320791363985,0.0074296612798053,1078891008
ds003604,pythia-1b-full,EleutherAI/pythia-1b@step42000,42000,88080384000.0,Sem,ses-7,72,-0.0080575577691347,0.0081630572615649,-0.00558296506589,EleutherAI/pythia-1b,0.8546161144168992,0.8628169351539338,72,117,-0.009428277367122121,0.0074296612798053,1078891008
ds003604,pythia-1b-full,EleutherAI/pythia-1b@step59000,59000,123731968000.0,Sem,ses-7,72,0.0005727200305818,0.0200953993133236,0.0004244645957939,EleutherAI/pythia-1b,0.8546161144168992,0.8628169351539338,72,117,0.0006701488784500211,0.0074296612798053,1078891008
ds003604,pythia-1b-full,EleutherAI/pythia-1b@step80000,80000,167772160000.0,Sem,ses-7,72,-0.0039150987304871,0.0127376411472715,-0.0025737377078299,EleutherAI/pythia-1b,0.8546161144168992,0.8628169351539338,72,117,-0.00458111971497092,0.0074296612798053,1078891008
ds003604,pythia-1b-full,EleutherAI/pythia-1b@step107000,107000,224395264000.0,Sem,ses-7,72,-0.0084003915453728,0.0042100666912201,-0.0055535649207267,EleutherAI/pythia-1b,0.8546161144168992,0.8628169351539338,72,117,-0.009829432658316244,0.0074296612798053,1078891008
ds003604,pythia-1b-full,EleutherAI/pythia-1b@step143000,143000,299892736000.0,Sem,ses-7,72,-0.0105025816912644,0.0065687749977253,-0.006859421368393,EleutherAI/pythia-1b,0.8546161144168992,0.8628169351539338,72,117,-0.012289239009295145,0.0074296612798053,1078891008
ds003604,pythia-1b-full,EleutherAI/pythia-1b@step0,0,0.0,Sem,ses-9,72,0.0201854963612343,0.0236996061699201,0.0133611409706335,EleutherAI/pythia-1b,0.8812943730411821,0.886007959425842,72,83,0.022904374495865583,0.0084082983710845,1078891008
ds003604,pythia-1b-full,EleutherAI/pythia-1b@step1,1,2097152.0,Sem,ses-9,72,0.0201854963612343,0.0236996061699201,0.0133611409706335,EleutherAI/pythia-1b,0.8812943730411821,0.886007959425842,72,83,0.022904374495865583,0.0084082983710845,1078891008
ds003604,pythia-1b-full,EleutherAI/pythia-1b@step2,2,4194304.0,Sem,ses-9,72,0.0202017773958652,0.0237031071341911,0.0133635909827304,EleutherAI/pythia-1b,0.8812943730411821,0.886007959425842,72,83,0.02292284849856994,0.0084082983710845,1078891008
ds003604,pythia-1b-full,EleutherAI/pythia-1b@step4,4,8388608.0,Sem,ses-9,72,0.0202900288533119,0.0237693911990069,0.0134132037276934,EleutherAI/pythia-1b,0.8812943730411821,0.886007959425842,72,83,0.023022986954171515,0.0084082983710845,1078891008
ds003604,pythia-1b-full,EleutherAI/pythia-1b@step8,8,16777216.0,Sem,ses-9,72,0.0200285988129899,0.0247541352816591,0.0130849021067041,EleutherAI/pythia-1b,0.8812943730411821,0.886007959425842,72,83,0.022726343689084216,0.0084082983710845,1078891008
ds003604,pythia-1b-full,EleutherAI/pythia-1b@step16,16,33554432.0,Sem,ses-9,72,0.0079130686171196,0.0144296499177918,0.005355113940875,EleutherAI/pythia-1b,0.8812943730411821,0.886007959425842,72,83,0.00897891653365842,0.0084082983710845,1078891008
ds003604,pythia-1b-full,EleutherAI/pythia-1b@step64,64,134217728.0,Sem,ses-9,72,0.0023304523210393,0.0012834223970677,0.0013732317803319,EleutherAI/pythia-1b,0.8812943730411821,0.886007959425842,72,83,0.0026443517538837164,0.0084082983710845,1078891008
ds003604,pythia-1b-full,EleutherAI/pythia-1b@step512,512,1073741824.0,Sem,ses-9,72,0.0104504559352622,0.0050016028457264,0.0070058095911848,EleutherAI/pythia-1b,0.8812943730411821,0.886007959425842,72,83,0.011858076319266208,0.0084082983710845,1078891008
ds003604,pythia-1b-full,EleutherAI/pythia-1b@step3000,3000,6291456000.0,Sem,ses-9,72,-0.0055288995173613,0.0001582797213864,-0.0037099308177834,EleutherAI/pythia-1b,0.8812943730411821,0.886007959425842,72,83,-0.006273612638966594,0.0084082983710845,1078891008
ds003604,pythia-1b-full,EleutherAI/pythia-1b@step7000,7000,14680064000.0,Sem,ses-9,72,0.0076444523856647,0.0118211612313807,0.0050696875315821,EleutherAI/pythia-1b,0.8812943730411821,0.886007959425842,72,83,0.008674119136021627,0.0084082983710845,1078891008
ds003604,pythia-1b-full,EleutherAI/pythia-1b@step13000,13000,27262976000.0,Sem,ses-9,72,0.0063313175240793,0.0022405538133337,0.0042372959216486,EleutherAI/pythia-1b,0.8812943730411821,0.886007959425842,72,83,0.0071841120489980065,0.0084082983710845,1078891008
ds003604,pythia-1b-full,EleutherAI/pythia-1b@step20000,20000,41943040000.0,Sem,ses-9,72,0.0254204885660674,0.0224369844930924,0.0166858073861739,EleutherAI/pythia-1b,0.8812943730411821,0.886007959425842,72,83,0.028844492083100505,0.0084082983710845,1078891008
ds003604,pythia-1b-full,EleutherAI/pythia-1b@step30000,30000,62914560000.0,Sem,ses-9,72,-0.0031118945544592,-0.0010351229052517,-0.0021639731846175,EleutherAI/pythia-1b,0.8812943730411821,0.886007959425842,72,83,-0.0035310500664160987,0.0084082983710845,1078891008
ds003604,pythia-1b-full,EleutherAI/pythia-1b@step42000,42000,88080384000.0,Sem,ses-9,72,0.0073767710776761,0.0093600937731486,0.004662985523491,EleutherAI/pythia-1b,0.8812943730411821,0.886007959425842,72,83,0.008370382591029422,0.0084082983710845,1078891008
ds003604,pythia-1b-full,EleutherAI/pythia-1b@step59000,59000,123731968000.0,Sem,ses-9,72,0.010461040476182,0.0208784970676255,0.0069610968704157,EleutherAI/pythia-1b,0.8812943730411821,0.886007959425842,72,83,0.011870086541098527,0.0084082983710845,1078891008
ds003604,pythia-1b-full,EleutherAI/pythia-1b@step80000,80000,167772160000.0,Sem,ses-9,72,0.0067788447630763,0.0135646287225244,0.0043156963087505,EleutherAI/pythia-1b,0.8812943730411821,0.886007959425842,72,83,0.007691918807655352,0.0084082983710845,1078891008
ds003604,pythia-1b-full,EleutherAI/pythia-1b@step107000,107000,224395264000.0,Sem,ses-9,72,8.629681345852583e-05,0.005059504018877,3.1237654235917787e-05,EleutherAI/pythia-1b,0.8812943730411821,0.886007959425842,72,83,9.792053154808156e-05,0.0084082983710845,1078891008
ds003604,pythia-1b-full,EleutherAI/pythia-1b@step143000,143000,299892736000.0,Sem,ses-9,72,-0.0019764404244939,0.0075380425262489,-0.0012427686361701,EleutherAI/pythia-1b,0.8812943730411821,0.886007959425842,72,83,-0.0022426563529205044,0.0084082983710845,1078891008
ds003604,pythia-410m-full,EleutherAI/pythia-410m@step0,0,0.0,Gram,ses-5,60,0.0429416268002948,0.0246562707131542,0.0286241708265067,EleutherAI/pythia-410m,0.8398150343230842,0.8472510876978319,60,97,0.05113224346466603,0.0081285104156867,505997504
ds003604,pythia-410m-full,EleutherAI/pythia-410m@step1,1,2097152.0,Gram,ses-5,60,0.0429416268002948,0.0246562707131542,0.0286241708265067,EleutherAI/pythia-410m,0.8398150343230842,0.8472510876978319,60,97,0.05113224346466603,0.0081285104156867,505997504
ds003604,pythia-410m-full,EleutherAI/pythia-410m@step2,2,4194304.0,Gram,ses-5,60,0.0429704905200139,0.0246487415926903,0.0286471657197241,EleutherAI/pythia-410m,0.8398150343230842,0.8472510876978319,60,97,0.05116661260374957,0.0081285104156867,505997504
ds003604,pythia-410m-full,EleutherAI/pythia-410m@step4,4,8388608.0,Gram,ses-5,60,0.0431863278675215,0.0243275039079857,0.028781302596826,EleutherAI/pythia-410m,0.8398150343230842,0.8472510876978319,60,97,0.05142361841894264,0.0081285104156867,505997504
ds003604,pythia-410m-full,EleutherAI/pythia-410m@step8,8,16777216.0,Gram,ses-5,60,0.0409414584502367,0.0230964499456129,0.0271563301427919,EleutherAI/pythia-410m,0.8398150343230842,0.8472510876978319,60,97,0.04875056622823706,0.0081285104156867,505997504
ds003604,pythia-410m-full,EleutherAI/pythia-410m@step16,16,33554432.0,Gram,ses-5,60,0.0317067041404511,0.0214456062637538,0.0211878778587921,EleutherAI/pythia-410m,0.8398150343230842,0.8472510876978319,60,97,0.03775438976989456,0.0081285104156867,505997504
ds003604,pythia-410m-full,EleutherAI/pythia-410m@step64,64,134217728.0,Gram,ses-5,60,0.0056202745579646,0.0027768219882431,0.0042176466643033,EleutherAI/pythia-410m,0.8398150343230842,0.8472510876978319,60,97,0.006692276666009804,0.0081285104156867,505997504
ds003604,pythia-410m-full,EleutherAI/pythia-410m@step512,512,1073741824.0,Gram,ses-5,60,0.0434761401284252,0.0298568213130158,0.0288336798535991,EleutherAI/pythia-410m,0.8398150343230842,0.8472510876978319,60,97,0.051768709003248856,0.0081285104156867,505997504
ds003604,pythia-410m-full,EleutherAI/pythia-410m@step3000,3000,6291456000.0,Gram,ses-5,60,0.0227473107555156,0.013424157056587,0.0151785457646281,EleutherAI/pythia-410m,0.8398150343230842,0.8472510876978319,60,97,0.027086096135264602,0.0081285104156867,505997504
ds003604,pythia-410m-full,EleutherAI/pythia-410m@step7000,7000,14680064000.0,Gram,ses-5,60,0.0220691972839516,0.0135220766820995,0.0142050952850887,EleutherAI/pythia-410m,0.8398150343230842,0.8472510876978319,60,97,0.026278640393405227,0.0081285104156867,505997504
ds003604,pythia-410m-full,EleutherAI/pythia-410m@step13000,13000,27262976000.0,Gram,ses-5,60,0.011757798961974,0.0067204270724418,0.0075812885443913,EleutherAI/pythia-410m,0.8398150343230842,0.8472510876978319,60,97,0.014000462579776432,0.0081285104156867,505997504
ds003604,pythia-410m-full,EleutherAI/pythia-410m@step20000,20000,41943040000.0,Gram,ses-5,60,0.0141328732291655,0.0054363625757427,0.0093748902153535,EleutherAI/pythia-410m,0.8398150343230842,0.8472510876978319,60,97,0.016828554683540543,0.0081285104156867,505997504
ds003604,pythia-410m-full,EleutherAI/pythia-410m@step30000,30000,62914560000.0,Gram,ses-5,60,0.0246093301324785,0.0123457863253199,0.0165199145356468,EleutherAI/pythia-410m,0.8398150343230842,0.8472510876978319,60,97,0.029303274086197262,0.0081285104156867,505997504
ds003604,pythia-410m-full,EleutherAI/pythia-410m@step42000,42000,88080384000.0,Gram,ses-5,60,0.0259113180389413,0.0155056966630224,0.0171727140042093,EleutherAI/pythia-410m,0.8398150343230842,0.8472510876978319,60,97,0.03085360106684276,0.0081285104156867,505997504
ds003604,pythia-410m-full,EleutherAI/pythia-410m@step59000,59000,123731968000.0,Gram,ses-5,60,0.019058601817764,0.0160872103572524,0.0122952416539715,EleutherAI/pythia-410m,0.8398150343230842,0.8472510876978319,60,97,0.022693808801750967,0.0081285104156867,505997504
ds003604,pythia-410m-full,EleutherAI/pythia-410m@step80000,80000,167772160000.0,Gram,ses-5,60,0.0275662124192429,0.0222709484804626,0.0180056401363086,EleutherAI/pythia-410m,0.8398150343230842,0.8472510876978319,60,97,0.03282414733318281,0.0081285104156867,505997504
ds003604,pythia-410m-full,EleutherAI/pythia-410m@step107000,107000,224395264000.0,Gram,ses-5,60,0.0199976443543184,0.0199932961390721,0.0130272457547275,EleutherAI/pythia-410m,0.8398150343230842,0.8472510876978319,60,97,0.023811962797780934,0.0081285104156867,505997504
ds003604,pythia-410m-full,EleutherAI/pythia-410m@step143000,143000,299892736000.0,Gram,ses-5,60,0.0211146993053344,0.0192205276193908,0.0138499519342857,EleutherAI/pythia-410m,0.8398150343230842,0.8472510876978319,60,97,0.025142083009211037,0.0081285104156867,505997504
ds003604,pythia-410m-full,EleutherAI/pythia-410m@step0,0,0.0,Gram,ses-7,60,0.0287194130225657,0.0274355138561031,0.018989310568389,EleutherAI/pythia-410m,0.8473571253286221,0.8585290564097823,60,104,0.03389292680040631,0.0080555141424375,505997504
ds003604,pythia-410m-full,EleutherAI/pythia-410m@step1,1,2097152.0,Gram,ses-7,60,0.0287194130225657,0.0274355138561031,0.018989310568389,EleutherAI/pythia-410m,0.8473571253286221,0.8585290564097823,60,104,0.03389292680040631,0.0080555141424375,505997504
ds003604,pythia-410m-full,EleutherAI/pythia-410m@step2,2,4194304.0,Gram,ses-7,60,0.0287822518809553,0.0274284820030385,0.0190634052243119,EleutherAI/pythia-410m,0.8473571253286221,0.8585290564097823,60,104,0.03396708544793668,0.0080555141424375,505997504
ds003604,pythia-410m-full,EleutherAI/pythia-410m@step4,4,8388608.0,Gram,ses-7,60,0.0298645548095566,0.0271236992635177,0.0197008747640628,EleutherAI/pythia-410m,0.8473571253286221,0.8585290564097823,60,104,0.03524435437770648,0.0080555141424375,505997504
ds003604,pythia-410m-full,EleutherAI/pythia-410m@step8,8,16777216.0,Gram,ses-7,60,0.0286434753416044,0.0259160547065781,0.0185894549252186,EleutherAI/pythia-410m,0.8473571253286221,0.8585290564097823,60,104,0.033803309708991806,0.0080555141424375,505997504
ds003604,pythia-410m-full,EleutherAI/pythia-410m@step16,16,33554432.0,Gram,ses-7,60,0.0175005106144149,0.02406567712374,0.0112847438464707,EleutherAI/pythia-410m,0.8473571253286221,0.8585290564097823,60,104,0.020653051814048123,0.0080555141424375,505997504
ds003604,pythia-410m-full,EleutherAI/pythia-410m@step64,64,134217728.0,Gram,ses-7,60,0.0021103397702677,0.0041555208695656,0.0014480395256664,EleutherAI/pythia-410m,0.8473571253286221,0.8585290564097823,60,104,0.002490496282130475,0.0080555141424375,505997504
ds003604,pythia-410m-full,EleutherAI/pythia-410m@step512,512,1073741824.0,Gram,ses-7,60,0.0371564959970118,0.0334269377249214,0.0247073740151319,EleutherAI/pythia-410m,0.8473571253286221,0.8585290564097823,60,104,0.04384986552464731,0.0080555141424375,505997504
ds003604,pythia-410m-full,EleutherAI/pythia-410m@step3000,3000,6291456000.0,Gram,ses-7,60,0.0127607039391214,0.014935288344764,0.0083030726926061,EleutherAI/pythia-410m,0.8473571253286221,0.8585290564097823,60,104,0.015059416576183912,0.0080555141424375,505997504
ds003604,pythia-410m-full,EleutherAI/pythia-410m@step7000,7000,14680064000.0,Gram,ses-7,60,0.0142274972363956,0.015417356895257,0.0094323774483972,EleutherAI/pythia-410m,0.8473571253286221,0.8585290564097823,60,104,0.01679043795244879,0.0080555141424375,505997504
ds003604,pythia-410m-full,EleutherAI/pythia-410m@step13000,13000,27262976000.0,Gram,ses-7,60,0.0086166632225361,0.0078073471808043,0.0055909527870129,EleutherAI/pythia-410m,0.8473571253286221,0.8585290564097823,60,104,0.010168868550192915,0.0080555141424375,505997504
ds003604,pythia-410m-full,EleutherAI/pythia-410m@step20000,20000,41943040000.0,Gram,ses-7,60,0.009964948206497,0.0059766732023294,0.0066155030292578,EleutherAI/pythia-410m,0.8473571253286221,0.8585290564097823,60,104,0.011760033530882735,0.0080555141424375,505997504
ds003604,pythia-410m-full,EleutherAI/pythia-410m@step30000,30000,62914560000.0,Gram,ses-7,60,0.0184998298078184,0.0137637475314602,0.0125162481276727,EleutherAI/pythia-410m,0.8473571253286221,0.8585290564097823,60,104,0.02183238832227179,0.0080555141424375,505997504
ds003604,pythia-410m-full,EleutherAI/pythia-410m@step42000,42000,88080384000.0,Gram,ses-7,60,0.0191958440658208,0.0168302858248722,0.0130489631538773,EleutherAI/pythia-410m,0.8473571253286221,0.8585290564097823,60,104,0.022653782557591956,0.0080555141424375,505997504
ds003604,pythia-410m-full,EleutherAI/pythia-410m@step59000,59000,123731968000.0,Gram,ses-7,60,0.0151041099146374,0.0180204636357414,0.0095179695509288,EleutherAI/pythia-410m,0.8473571253286221,0.8585290564097823,60,104,0.01782496359935573,0.0080555141424375,505997504
ds003604,pythia-410m-full,EleutherAI/pythia-410m@step80000,80000,167772160000.0,Gram,ses-7,60,0.0219847376860423,0.0243202009985103,0.0143750019960844,EleutherAI/pythia-410m,0.8473571253286221,0.8585290564097823,60,104,0.02594506734986878,0.0080555141424375,505997504
ds003604,pythia-410m-full,EleutherAI/pythia-410m@step107000,107000,224395264000.0,Gram,ses-7,60,0.0155307943759091,0.0221062465396238,0.0100098047669691,EleutherAI/pythia-410m,0.8473571253286221,0.8585290564097823,60,104,0.01832851098040386,0.0080555141424375,505997504
ds003604,pythia-410m-full,EleutherAI/pythia-410m@step143000,143000,299892736000.0,Gram,ses-7,60,0.0183641261790989,0.0211681368722824,0.012276079242957,EleutherAI/pythia-410m,0.8473571253286221,0.8585290564097823,60,104,0.021672239047942063,0.0080555141424375,505997504
ds003604,pythia-410m-full,EleutherAI/pythia-410m@step0,0,0.0,Gram,ses-9,60,0.0090976386569906,0.0267647953710979,0.0059856984539128,EleutherAI/pythia-410m,0.8562953703310558,0.8666432094643701,60,96,0.010624416494828561,0.0061329615387372,505997504
ds003604,pythia-410m-full,EleutherAI/pythia-410m@step1,1,2097152.0,Gram,ses-9,60,0.0090976386569906,0.0267647953710979,0.0059856984539128,EleutherAI/pythia-410m,0.8562953703310558,0.8666432094643701,60,96,0.010624416494828561,0.0061329615387372,505997504
ds003604,pythia-410m-full,EleutherAI/pythia-410m@step2,2,4194304.0,Gram,ses-9,60,0.0091637733202335,0.026757751764753,0.0060444631810241,EleutherAI/pythia-410m,0.8562953703310558,0.8666432094643701,60,96,0.010701649965350923,0.0061329615387372,505997504
ds003604,pythia-410m-full,EleutherAI/pythia-410m@step4,4,8388608.0,Gram,ses-9,60,0.0102597485371227,0.0264554197652425,0.0068633368783793,EleutherAI/pythia-410m,0.8562953703310558,0.8666432094643701,60,96,0.011981553203021682,0.0061329615387372,505997504
ds003604,pythia-410m-full,EleutherAI/pythia-410m@step8,8,16777216.0,Gram,ses-9,60,0.011051351955976,0.025290700506882,0.0070140811783605,EleutherAI/pythia-410m,0.8562953703310558,0.8666432094643701,60,96,0.01290600456207464,0.0061329615387372,505997504
ds003604,pythia-410m-full,EleutherAI/pythia-410m@step16,16,33554432.0,Gram,ses-9,60,0.0036625102105976,0.0235646452637316,0.0022873531281039,EleutherAI/pythia-410m,0.8562953703310558,0.8666432094643701,60,96,0.0042771575527514785,0.0061329615387372,505997504
ds003604,pythia-410m-full,EleutherAI/pythia-410m@step64,64,134217728.0,Gram,ses-9,60,-0.01728718353193,0.0036717555165122,-0.0109014956261796,EleutherAI/pythia-410m,0.8562953703310558,0.8666432094643701,60,96,-0.020188341699484528,0.0061329615387372,505997504
ds003604,pythia-410m-full,EleutherAI/pythia-410m@step512,512,1073741824.0,Gram,ses-9,60,0.0007101896813056,0.0322649019676026,0.0007735226579541,EleutherAI/pythia-410m,0.8562953703310558,0.8666432094643701,60,96,0.0008293746596236188,0.0061329615387372,505997504
ds003604,pythia-410m-full,EleutherAI/pythia-410m@step3000,3000,6291456000.0,Gram,ses-9,60,-0.007162955763704,0.01467912570975,-0.0049611482116679,EleutherAI/pythia-410m,0.8562953703310558,0.8666432094643701,60,96,-0.008365052541314921,0.0061329615387372,505997504
ds003604,pythia-410m-full,EleutherAI/pythia-410m@step7000,7000,14680064000.0,Gram,ses-9,60,-0.0100900740977757,0.0148089254500429,-0.0067292000012774,EleutherAI/pythia-410m,0.8562953703310558,0.8666432094643701,60,96,-0.011783403773250269,0.0061329615387372,505997504
ds003604,pythia-410m-full,EleutherAI/pythia-410m@step13000,13000,27262976000.0,Gram,ses-9,60,-0.0119648352337509,0.0070220883594788,-0.0085164142019015,EleutherAI/pythia-410m,0.8562953703310558,0.8666432094643701,60,96,-0.013972789820322311,0.0061329615387372,505997504
ds003604,pythia-410m-full,EleutherAI/pythia-410m@step20000,20000,41943040000.0,Gram,ses-9,60,-0.0126830285488383,0.0053068986382304,-0.0092752456780778,EleutherAI/pythia-410m,0.8562953703310558,0.8666432094643701,60,96,-0.014811511294210154,0.0061329615387372,505997504
ds003604,pythia-410m-full,EleutherAI/pythia-410m@step30000,30000,62914560000.0,Gram,ses-9,60,-0.0065565341627782,0.0133011127873525,-0.0042917413202262,EleutherAI/pythia-410m,0.8562953703310558,0.8666432094643701,60,96,-0.00765686045954371,0.0061329615387372,505997504
ds003604,pythia-410m-full,EleutherAI/pythia-410m@step42000,42000,88080384000.0,Gram,ses-9,60,-0.0071909170864277,0.0159771442088533,-0.00463027724815,EleutherAI/pythia-410m,0.8562953703310558,0.8666432094643701,60,96,-0.008397706370463722,0.0061329615387372,505997504
ds003604,pythia-410m-full,EleutherAI/pythia-410m@step59000,59000,123731968000.0,Gram,ses-9,60,-0.0107189907029359,0.0173567082149923,-0.0073053498257817,EleutherAI/pythia-410m,0.8562953703310558,0.8666432094643701,60,96,-0.01251786600083075,0.0061329615387372,505997504
ds003604,pythia-410m-full,EleutherAI/pythia-410m@step80000,80000,167772160000.0,Gram,ses-9,60,-0.0062397257327716,0.0234659340774432,-0.0045382976752801,EleutherAI/pythia-410m,0.8562953703310558,0.8666432094643701,60,96,-0.0072868848168117905,0.0061329615387372,505997504
ds003604,pythia-410m-full,EleutherAI/pythia-410m@step107000,107000,224395264000.0,Gram,ses-9,60,-0.0088787608591752,0.0213682159330107,-0.0060981179318648,EleutherAI/pythia-410m,0.8562953703310558,0.8666432094643701,60,96,-0.010368806333429719,0.0061329615387372,505997504
ds003604,pythia-410m-full,EleutherAI/pythia-410m@step143000,143000,299892736000.0,Gram,ses-9,60,-0.005523194386251,0.0203506836921676,-0.004028577542293,EleutherAI/pythia-410m,0.8562953703310558,0.8666432094643701,60,96,-0.006450104225269437,0.0061329615387372,505997504
ds003604,pythia-410m-full,EleutherAI/pythia-410m@step0,0,0.0,Phon,ses-5,72,0.0036239818159757,-0.0004306813293901,0.0022680986987373,EleutherAI/pythia-410m,0.8557220149626009,0.8634857149064381,72,93,0.004234998927933489,0.0089146943876321,505997504
ds003604,pythia-410m-full,EleutherAI/pythia-410m@step1,1,2097152.0,Phon,ses-5,72,0.0036239818159757,-0.0004306813293901,0.0022680986987373,EleutherAI/pythia-410m,0.8557220149626009,0.8634857149064381,72,93,0.004234998927933489,0.0089146943876321,505997504
ds003604,pythia-410m-full,EleutherAI/pythia-410m@step2,2,4194304.0,Phon,ses-5,72,0.0036178778652273,-0.0004442163904828,0.0022687112017615,EleutherAI/pythia-410m,0.8557220149626009,0.8634857149064381,72,93,0.004227865827882689,0.0089146943876321,505997504
ds003604,pythia-410m-full,EleutherAI/pythia-410m@step4,4,8388608.0,Phon,ses-5,72,0.0038568359672574,-0.0009267772222401,0.0024549121211285,EleutherAI/pythia-410m,0.8557220149626009,0.8634857149064381,72,93,0.004507113174394563,0.0089146943876321,505997504
ds003604,pythia-410m-full,EleutherAI/pythia-410m@step8,8,16777216.0,Phon,ses-5,72,0.0029606410407306,-0.0015517398639077,0.0019796097743232,EleutherAI/pythia-410m,0.8557220149626009,0.8634857149064381,72,93,0.0034598163760692704,0.0089146943876321,505997504
ds003604,pythia-410m-full,EleutherAI/pythia-410m@step16,16,33554432.0,Phon,ses-5,72,0.0031084983605297,0.0053834317491231,0.002644788058641,EleutherAI/pythia-410m,0.8557220149626009,0.8634857149064381,72,93,0.00363260300211577,0.0089146943876321,505997504
ds003604,pythia-410m-full,EleutherAI/pythia-410m@step64,64,134217728.0,Phon,ses-5,72,0.0271309659008727,0.0150323276759523,0.0184988163379056,EleutherAI/pythia-410m,0.8557220149626009,0.8634857149064381,72,93,0.03170534989924088,0.0089146943876321,505997504
ds003604,pythia-410m-full,EleutherAI/pythia-410m@step512,512,1073741824.0,Phon,ses-5,72,-0.0005258157610569,-0.0020404909885985,-0.0005371651522529,EleutherAI/pythia-410m,0.8557220149626009,0.8634857149064381,72,93,-0.0006144702974363476,0.0089146943876321,505997504
ds003604,pythia-410m-full,EleutherAI/pythia-410m@step3000,3000,6291456000.0,Phon,ses-5,72,-0.0179741831843695,-0.0172957587434766,-0.0121808476429352,EleutherAI/pythia-410m,0.8557220149626009,0.8634857149064381,72,93,-0.021004698804149683,0.0089146943876321,505997504
ds003604,pythia-410m-full,EleutherAI/pythia-410m@step7000,7000,14680064000.0,Phon,ses-5,72,-0.0061755108396489,-0.0028741739068201,-0.0041319454014804,EleutherAI/pythia-410m,0.8557220149626009,0.8634857149064381,72,93,-0.007216725445492716,0.0089146943876321,505997504
ds003604,pythia-410m-full,EleutherAI/pythia-410m@step13000,13000,27262976000.0,Phon,ses-5,72,-0.0042498724747504,-0.002596768860071,-0.0029528770798305,EleutherAI/pythia-410m,0.8557220149626009,0.8634857149064381,72,93,-0.0049664171313112,0.0089146943876321,505997504
ds003604,pythia-410m-full,EleutherAI/pythia-410m@step20000,20000,41943040000.0,Phon,ses-5,72,0.0022502299949454,-0.0065445513203713,0.0012782938115756,EleutherAI/pythia-410m,0.8557220149626009,0.8634857149064381,72,93,0.002629627327098445,0.0089146943876321,505997504
ds003604,pythia-410m-full,EleutherAI/pythia-410m@step30000,30000,62914560000.0,Phon,ses-5,72,-0.0141063142578656,-0.0004197540585489,-0.009260433223389,EleutherAI/pythia-410m,0.8557220149626009,0.8634857149064381,72,93,-0.016484692471634158,0.0089146943876321,505997504
ds003604,pythia-410m-full,EleutherAI/pythia-410m@step42000,42000,88080384000.0,Phon,ses-5,72,-0.0096358853607193,-0.0125693652038198,-0.0068551338472233,EleutherAI/pythia-410m,0.8557220149626009,0.8634857149064381,72,93,-0.011260532266591778,0.0089146943876321,505997504
ds003604,pythia-410m-full,EleutherAI/pythia-410m@step59000,59000,123731968000.0,Phon,ses-5,72,-0.008614468179224,-0.0075517248918268,-0.0055743900235507,EleutherAI/pythia-410m,0.8557220149626009,0.8634857149064381,72,93,-0.010066900265035829,0.0089146943876321,505997504
ds003604,pythia-410m-full,EleutherAI/pythia-410m@step80000,80000,167772160000.0,Phon,ses-5,72,-0.0079622236017074,0.000551922651573,-0.0054800645578187,EleutherAI/pythia-410m,0.8557220149626009,0.8634857149064381,72,93,-0.009304684772023057,0.0089146943876321,505997504
ds003604,pythia-410m-full,EleutherAI/pythia-410m@step107000,107000,224395264000.0,Phon,ses-5,72,-0.0115419693809259,-0.0080445306313489,-0.0073543238119738,EleutherAI/pythia-410m,0.8557220149626009,0.8634857149064381,72,93,-0.013487989299223927,0.0089146943876321,505997504
ds003604,pythia-410m-full,EleutherAI/pythia-410m@step143000,143000,299892736000.0,Phon,ses-5,72,-0.0179267780373226,-0.0098452375325522,-0.0118017082709345,EleutherAI/pythia-410m,0.8557220149626009,0.8634857149064381,72,93,-0.020949300969084084,0.0089146943876321,505997504
ds003604,pythia-410m-full,EleutherAI/pythia-410m@step0,0,0.0,Phon,ses-7,72,-0.0008128746334355,0.0002156477014668,-0.0006351656361303,EleutherAI/pythia-410m,0.8460260208123772,0.8625655350367195,72,104,-0.0009608151681374477,0.0081448036195669,505997504
ds003604,pythia-410m-full,EleutherAI/pythia-410m@step1,1,2097152.0,Phon,ses-7,72,-0.0008128746334355,0.0002156477014668,-0.0006351656361303,EleutherAI/pythia-410m,0.8460260208123772,0.8625655350367195,72,104,-0.0009608151681374477,0.0081448036195669,505997504
ds003604,pythia-410m-full,EleutherAI/pythia-410m@step2,2,4194304.0,Phon,ses-7,72,-0.0008218559351135,0.0002035187164802,-0.0006088280060882,EleutherAI/pythia-410m,0.8460260208123772,0.8625655350367195,72,104,-0.0009714310374571358,0.0081448036195669,505997504
ds003604,pythia-410m-full,EleutherAI/pythia-410m@step4,4,8388608.0,Phon,ses-7,72,-0.0008000954297437,-0.0002213174572827,-0.0005549277399557,EleutherAI/pythia-410m,0.8460260208123772,0.8625655350367195,72,104,-0.0009457101910121234,0.0081448036195669,505997504
ds003604,pythia-410m-full,EleutherAI/pythia-410m@step8,8,16777216.0,Phon,ses-7,72,-0.0010864723325838,-0.0006707961422546,-0.0006259780907668,EleutherAI/pythia-410m,0.8460260208123772,0.8625655350367195,72,104,-0.0012842067570694097,0.0081448036195669,505997504
ds003604,pythia-410m-full,EleutherAI/pythia-410m@step16,16,33554432.0,Phon,ses-7,72,-0.0016506134881911,0.0058787918838976,-0.0009138545121566,EleutherAI/pythia-410m,0.8460260208123772,0.8625655350367195,72,104,-0.0019510197648603478,0.0081448036195669,505997504
ds003604,pythia-410m-full,EleutherAI/pythia-410m@step64,64,134217728.0,Phon,ses-7,72,0.0135910032710068,0.0156501710777472,0.0090086944804289,EleutherAI/pythia-410m,0.8460260208123772,0.8625655350367195,72,104,0.01606452158286615,0.0081448036195669,505997504
ds003604,pythia-410m-full,EleutherAI/pythia-410m@step512,512,1073741824.0,Phon,ses-7,72,0.0051770176078678,-0.0022010072468762,0.0033951042633273,EleutherAI/pythia-410m,0.8460260208123772,0.8625655350367195,72,104,0.006119217944262148,0.0081448036195669,505997504
ds003604,pythia-410m-full,EleutherAI/pythia-410m@step3000,3000,6291456000.0,Phon,ses-7,72,-0.0186953763913305,-0.0163276015211802,-0.012507924257876,EleutherAI/pythia-410m,0.8460260208123772,0.8625655350367195,72,104,-0.02209787397954816,0.0081448036195669,505997504
ds003604,pythia-410m-full,EleutherAI/pythia-410m@step7000,7000,14680064000.0,Phon,ses-7,72,-0.0046394294284968,-0.0019768181703172,-0.003058840103023,EleutherAI/pythia-410m,0.8460260208123772,0.8625655350367195,72,104,-0.005483790467865153,0.0081448036195669,505997504
ds003604,pythia-410m-full,EleutherAI/pythia-410m@step13000,13000,27262976000.0,Phon,ses-7,72,-0.0045944575257675,-0.0030883635113468,-0.0032603535979958,EleutherAI/pythia-410m,0.8460260208123772,0.8625655350367195,72,104,-0.005430633825370734,0.0081448036195669,505997504
ds003604,pythia-410m-full,EleutherAI/pythia-410m@step20000,20000,41943040000.0,Phon,ses-7,72,0.0038139897398653,-0.0066809782640936,0.0022288985051863,EleutherAI/pythia-410m,0.8460260208123772,0.8625655350367195,72,104,0.004508123445426658,0.0081448036195669,505997504
ds003604,pythia-410m-full,EleutherAI/pythia-410m@step30000,30000,62914560000.0,Phon,ses-7,72,-0.0081187345328688,-0.0003652616315254,-0.0056135902171016,EleutherAI/pythia-410m,0.8460260208123772,0.8625655350367195,72,104,-0.009596317764639166,0.0081448036195669,505997504
ds003604,pythia-410m-full,EleutherAI/pythia-410m@step42000,42000,88080384000.0,Phon,ses-7,72,-0.0172269644676012,-0.0111725878997793,-0.0115064818132539,EleutherAI/pythia-410m,0.8460260208123772,0.8625655350367195,72,104,-0.020362215870215673,0.0081448036195669,505997504
ds003604,pythia-410m-full,EleutherAI/pythia-410m@step59000,59000,123731968000.0,Phon,ses-7,72,-0.0105779217191024,-0.0075282069639541,-0.007158322844219,EleutherAI/pythia-410m,0.8460260208123772,0.8625655350367195,72,104,-0.012503069006016141,0.0081448036195669,505997504
ds003604,pythia-410m-full,EleutherAI/pythia-410m@step80000,80000,167772160000.0,Phon,ses-7,72,-0.0064635096658277,0.0006629056013968,-0.0044755595980755,EleutherAI/pythia-410m,0.8460260208123772,0.8625655350367195,72,104,-0.007639847365003339,0.0081448036195669,505997504
ds003604,pythia-410m-full,EleutherAI/pythia-410m@step107000,107000,224395264000.0,Phon,ses-7,72,-0.0109506622669786,-0.0075870163259845,-0.0072869484793081,EleutherAI/pythia-410m,0.8460260208123772,0.8625655350367195,72,104,-0.012943647119108082,0.0081448036195669,505997504
ds003604,pythia-410m-full,EleutherAI/pythia-410m@step143000,143000,299892736000.0,Phon,ses-7,72,-0.0166300657783334,-0.0093331008418329,-0.0112296304463003,EleutherAI/pythia-410m,0.8460260208123772,0.8625655350367195,72,104,-0.019656683564371648,0.0081448036195669,505997504
ds003604,pythia-410m-full,EleutherAI/pythia-410m@step0,0,0.0,Phon,ses-9,72,0.0119390610560752,0.0014218125537695,0.0078547387827727,EleutherAI/pythia-410m,0.8734471064940128,0.8799092800838068,72,96,0.013668899887937335,0.008728626502912,505997504
ds003604,pythia-410m-full,EleutherAI/pythia-410m@step1,1,2097152.0,Phon,ses-9,72,0.0119390610560752,0.0014218125537695,0.0078547387827727,EleutherAI/pythia-410m,0.8734471064940128,0.8799092800838068,72,96,0.013668899887937335,0.008728626502912,505997504
ds003604,pythia-410m-full,EleutherAI/pythia-410m@step2,2,4194304.0,Phon,ses-9,72,0.0119316312530628,0.0014093202200521,0.0078798514067663,EleutherAI/pythia-410m,0.8734471064940128,0.8799092800838068,72,96,0.013660393588062779,0.008728626502912,505997504
ds003604,pythia-410m-full,EleutherAI/pythia-410m@step4,4,8388608.0,Phon,ses-9,72,0.0121102979301063,0.0009598017139127,0.0081077025317812,EleutherAI/pythia-410m,0.8734471064940128,0.8799092800838068,72,96,0.01386494710448653,0.008728626502912,505997504
ds003604,pythia-410m-full,EleutherAI/pythia-410m@step8,8,16777216.0,Phon,ses-9,72,0.0102203440345169,0.0002970459365472,0.0068667714046838,EleutherAI/pythia-410m,0.8734471064940128,0.8799092800838068,72,96,0.01170115964496238,0.008728626502912,505997504
ds003604,pythia-410m-full,EleutherAI/pythia-410m@step16,16,33554432.0,Phon,ses-9,72,0.0107651169677826,0.0065531795583487,0.0075772749127948,EleutherAI/pythia-410m,0.8734471064940128,0.8799092800838068,72,96,0.012324864193543918,0.008728626502912,505997504
ds003604,pythia-410m-full,EleutherAI/pythia-410m@step64,64,134217728.0,Phon,ses-9,72,0.0223297480024463,0.0156048855746603,0.0148035855927038,EleutherAI/pythia-410m,0.8734471064940128,0.8799092800838068,72,96,0.025565083261970097,0.008728626502912,505997504
ds003604,pythia-410m-full,EleutherAI/pythia-410m@step512,512,1073741824.0,Phon,ses-9,72,-0.0033620013134129,-0.0018447085616161,-0.0021327355303816,EleutherAI/pythia-410m,0.8734471064940128,0.8799092800838068,72,96,-0.0038491183821168745,0.008728626502912,505997504
ds003604,pythia-410m-full,EleutherAI/pythia-410m@step3000,3000,6291456000.0,Phon,ses-9,72,-0.0186546098476523,-0.0159807447247895,-0.0124901616701732,EleutherAI/pythia-410m,0.8734471064940128,0.8799092800838068,72,96,-0.021357457949035145,0.008728626502912,505997504
ds003604,pythia-410m-full,EleutherAI/pythia-410m@step7000,7000,14680064000.0,Phon,ses-9,72,-0.0028076966162284,-0.0018264020376162,-0.0019667472108143,EleutherAI/pythia-410m,0.8734471064940128,0.8799092800838068,72,96,-0.0032145010217028477,0.008728626502912,505997504
ds003604,pythia-410m-full,EleutherAI/pythia-410m@step13000,13000,27262976000.0,Phon,ses-9,72,-0.0053385682148708,-0.0031101814479086,-0.0036076428127363,EleutherAI/pythia-410m,0.8734471064940128,0.8799092800838068,72,96,-0.0061120681208729774,0.008728626502912,505997504
ds003604,pythia-410m-full,EleutherAI/pythia-410m@step20000,20000,41943040000.0,Phon,ses-9,72,0.0010619667022013,-0.0067538986274165,0.0006063779939913,EleutherAI/pythia-410m,0.8734471064940128,0.8799092800838068,72,96,0.0012158340147968415,0.008728626502912,505997504
ds003604,pythia-410m-full,EleutherAI/pythia-410m@step30000,30000,62914560000.0,Phon,ses-9,72,-0.0122509475001991,-0.0005311983611304,-0.0081524152525503,EleutherAI/pythia-410m,0.8734471064940128,0.8799092800838068,72,96,-0.01402597525266755,0.008728626502912,505997504
ds003604,pythia-410m-full,EleutherAI/pythia-410m@step42000,42000,88080384000.0,Phon,ses-9,72,-0.0082873714429481,-0.0111246820644279,-0.00558296506589,EleutherAI/pythia-410m,0.8734471064940128,0.8799092800838068,72,96,-0.009488120552844155,0.008728626502912,505997504
ds003604,pythia-410m-full,EleutherAI/pythia-410m@step59000,59000,123731968000.0,Phon,ses-9,72,-0.0060308111322336,-0.006884144780189,-0.0041184703349472,EleutherAI/pythia-410m,0.8734471064940128,0.8799092800838068,72,96,-0.006904609434727046,0.008728626502912,505997504
ds003604,pythia-410m-full,EleutherAI/pythia-410m@step80000,80000,167772160000.0,Phon,ses-9,72,-0.0036211756083382,0.0012747048983856,-0.0023556866312027,EleutherAI/pythia-410m,0.8734471064940128,0.8799092800838068,72,96,-0.004145844186116176,0.008728626502912,505997504
ds003604,pythia-410m-full,EleutherAI/pythia-410m@step107000,107000,224395264000.0,Phon,ses-9,72,-0.0091242271148134,-0.0076108832976316,-0.0058016286455414,EleutherAI/pythia-410m,0.8734471064940128,0.8799092800838068,72,96,-0.010446227421186087,0.008728626502912,505997504
ds003604,pythia-410m-full,EleutherAI/pythia-410m@step143000,143000,299892736000.0,Phon,ses-9,72,-0.0181388238535597,-0.0093252776945946,-0.0121526725038204,EleutherAI/pythia-410m,0.8734471064940128,0.8799092800838068,72,96,-0.020766940228777363,0.008728626502912,505997504
ds003604,pythia-410m-full,EleutherAI/pythia-410m@step0,0,0.0,Plaus,ses-5,60,0.0162125542238208,0.0195313167945703,0.0106587717533286,EleutherAI/pythia-410m,0.8377735419584034,0.851372700209319,60,82,0.019351953018141237,0.0058908227201663,505997504
ds003604,pythia-410m-full,EleutherAI/pythia-410m@step1,1,2097152.0,Plaus,ses-5,60,0.0162125542238208,0.0195313167945703,0.0106587717533286,EleutherAI/pythia-410m,0.8377735419584034,0.851372700209319,60,82,0.019351953018141237,0.0058908227201663,505997504
ds003604,pythia-410m-full,EleutherAI/pythia-410m@step2,2,4194304.0,Plaus,ses-5,60,0.016188788938924,0.0195364479779719,0.0106677142118021,EleutherAI/pythia-410m,0.8377735419584034,0.851372700209319,60,82,0.019323585823778373,0.0058908227201663,505997504
ds003604,pythia-410m-full,EleutherAI/pythia-410m@step4,4,8388608.0,Plaus,ses-5,60,0.0167706726992519,0.0196970818805693,0.0111774343447892,EleutherAI/pythia-410m,0.8377735419584034,0.851372700209319,60,82,0.020018145548077702,0.0058908227201663,505997504
ds003604,pythia-410m-full,EleutherAI/pythia-410m@step8,8,16777216.0,Plaus,ses-5,60,0.0162104269906162,0.0196802359681634,0.0107533063143338,EleutherAI/pythia-410m,0.8377735419584034,0.851372700209319,60,82,0.019349413867525873,0.0058908227201663,505997504
ds003604,pythia-410m-full,EleutherAI/pythia-410m@step16,16,33554432.0,Plaus,ses-5,60,0.0161841146523298,0.0174853759167389,0.0108274009702567,EleutherAI/pythia-410m,0.8377735419584034,0.851372700209319,60,82,0.019318006408387347,0.0058908227201663,505997504
ds003604,pythia-410m-full,EleutherAI/pythia-410m@step64,64,134217728.0,Plaus,ses-5,60,0.0012235280583601,0.0055410801358293,0.0008271774087949,EleutherAI/pythia-410m,0.8377735419584034,0.851372700209319,60,82,0.0014604520160662342,0.0058908227201663,505997504
ds003604,pythia-410m-full,EleutherAI/pythia-410m@step512,512,1073741824.0,Plaus,ses-5,60,-0.0172000448753153,-0.0139348652642023,-0.0114674254981428,EleutherAI/pythia-410m,0.8377735419584034,0.851372700209319,60,82,-0.020530661346869445,0.0058908227201663,505997504
ds003604,pythia-410m-full,EleutherAI/pythia-410m@step3000,3000,6291456000.0,Plaus,ses-5,60,-0.0004738633775601,-0.0042467987846956,-0.0004375417181656,EleutherAI/pythia-410m,0.8377735419584034,0.851372700209319,60,82,-0.0005656222759821031,0.0058908227201663,505997504
ds003604,pythia-410m-full,EleutherAI/pythia-410m@step7000,7000,14680064000.0,Plaus,ses-5,60,-0.0203060585446497,-0.0163722306257537,-0.0136672702826136,EleutherAI/pythia-410m,0.8377735419584034,0.851372700209319,60,82,-0.02423812346374854,0.0058908227201663,505997504
ds003604,pythia-410m-full,EleutherAI/pythia-410m@step13000,13000,27262976000.0,Plaus,ses-5,60,-0.0260819662879955,-0.0221794074463578,-0.0171203367474362,EleutherAI/pythia-410m,0.8377735419584034,0.851372700209319,60,82,-0.031132477909275518,0.0058908227201663,505997504
ds003604,pythia-410m-full,EleutherAI/pythia-410m@step20000,20000,41943040000.0,Plaus,ses-5,60,-0.0248489089606458,-0.0231650757456438,-0.0167013186932513,EleutherAI/pythia-410m,0.8377735419584034,0.851372700209319,60,82,-0.02966065137669337,0.0058908227201663,505997504
ds003604,pythia-410m-full,EleutherAI/pythia-410m@step30000,30000,62914560000.0,Plaus,ses-5,60,-0.0124741377105747,-0.015580976454933,-0.0081293334994075,EleutherAI/pythia-410m,0.8377735419584034,0.851372700209319,60,82,-0.014889629578674445,0.0058908227201663,505997504
ds003604,pythia-410m-full,EleutherAI/pythia-410m@step42000,42000,88080384000.0,Plaus,ses-5,60,-0.0237619317454504,-0.0248762731796472,-0.0154698144120493,EleutherAI/pythia-410m,0.8377735419584034,0.851372700209319,60,82,-0.028363191907330745,0.0058908227201663,505997504
ds003604,pythia-410m-full,EleutherAI/pythia-410m@step59000,59000,123731968000.0,Plaus,ses-5,60,-0.0176226674680976,-0.0167286151727612,-0.0115938974108389,EleutherAI/pythia-410m,0.8377735419584034,0.851372700209319,60,82,-0.021035120573159125,0.0058908227201663,505997504
ds003604,pythia-410m-full,EleutherAI/pythia-410m@step80000,80000,167772160000.0,Plaus,ses-5,60,-0.0183677033067564,-0.0163908469684517,-0.0120652927217969,EleutherAI/pythia-410m,0.8377735419584034,0.851372700209319,60,82,-0.02192442514216853,0.0058908227201663,505997504
ds003604,pythia-410m-full,EleutherAI/pythia-410m@step107000,107000,224395264000.0,Plaus,ses-5,60,-0.017635489295908,-0.0148389052321526,-0.0117791340506462,EleutherAI/pythia-410m,0.8377735419584034,0.851372700209319,60,82,-0.021050425219544148,0.0058908227201663,505997504
ds003604,pythia-410m-full,EleutherAI/pythia-410m@step143000,143000,299892736000.0,Plaus,ses-5,60,-0.0151350705712591,-0.0171458892361872,-0.0099957523322251,EleutherAI/pythia-410m,0.8377735419584034,0.851372700209319,60,82,-0.01806582544476032,0.0058908227201663,505997504
ds003604,pythia-410m-full,EleutherAI/pythia-410m@step0,0,0.0,Plaus,ses-7,60,0.0065820631252558,0.0190780642269637,0.0038050160804565,EleutherAI/pythia-410m,0.8460574663445363,0.8583435840524389,60,103,0.00777968800830299,0.0063089941228393,505997504
ds003604,pythia-410m-full,EleutherAI/pythia-410m@step1,1,2097152.0,Plaus,ses-7,60,0.0065820631252558,0.0190780642269637,0.0038050160804565,EleutherAI/pythia-410m,0.8460574663445363,0.8583435840524389,60,103,0.00777968800830299,0.0063089941228393,505997504
ds003604,pythia-410m-full,EleutherAI/pythia-410m@step2,2,4194304.0,Plaus,ses-7,60,0.0065446861446749,0.0190829498982626,0.0037986286101183,EleutherAI/pythia-410m,0.8460574663445363,0.8583435840524389,60,103,0.007735510181065805,0.0063089941228393,505997504
ds003604,pythia-410m-full,EleutherAI/pythia-410m@step4,4,8388608.0,Plaus,ses-7,60,0.0074765874100438,0.0192283833925207,0.004556182592227,EleutherAI/pythia-410m,0.8460574663445363,0.8583435840524389,60,103,0.008836973500567327,0.0063089941228393,505997504
ds003604,pythia-410m-full,EleutherAI/pythia-410m@step8,8,16777216.0,Plaus,ses-7,60,0.0107591397951497,0.0190975643154537,0.0070498510122543,EleutherAI/pythia-410m,0.8460574663445363,0.8583435840524389,60,103,0.012716795517017874,0.0063089941228393,505997504
ds003604,pythia-410m-full,EleutherAI/pythia-410m@step16,16,33554432.0,Plaus,ses-7,60,0.0136227700643603,0.0166989686853353,0.0090606266747148,EleutherAI/pythia-410m,0.8460574663445363,0.8583435840524389,60,103,0.016101471361299656,0.0063089941228393,505997504
ds003604,pythia-410m-full,EleutherAI/pythia-410m@step64,64,134217728.0,Plaus,ses-7,60,0.0005685955858688,0.0052488165514752,0.000348117133431,EleutherAI/pythia-410m,0.8460574663445363,0.8583435840524389,60,103,0.0006720531506275405,0.0063089941228393,505997504
ds003604,pythia-410m-full,EleutherAI/pythia-410m@step512,512,1073741824.0,Plaus,ses-7,60,-0.0172933942738398,-0.0137099995067095,-0.0115121377905101,EleutherAI/pythia-410m,0.8460574663445363,0.8583435840524389,60,103,-0.020439975961157097,0.0063089941228393,505997504
ds003604,pythia-410m-full,EleutherAI/pythia-410m@step3000,3000,6291456000.0,Plaus,ses-7,60,-0.0019678432778356,-0.004326699524979,-0.0013483949883907,EleutherAI/pythia-410m,0.8460574663445363,0.8583435840524389,60,103,-0.00232589789241839,0.0063089941228393,505997504
ds003604,pythia-410m-full,EleutherAI/pythia-410m@step7000,7000,14680064000.0,Plaus,ses-7,60,-0.0177908379124525,-0.0162378037201635,-0.0117216468176025,EleutherAI/pythia-410m,0.8460574663445363,0.8583435840524389,60,103,-0.021027930867768756,0.0063089941228393,505997504
ds003604,pythia-410m-full,EleutherAI/pythia-410m@step13000,13000,27262976000.0,Plaus,ses-7,60,-0.0284699294676662,-0.0215983274964051,-0.0189688706633068,EleutherAI/pythia-410m,0.8460574663445363,0.8583435840524389,60,103,-0.03365011314263671,0.0063089941228393,505997504
ds003604,pythia-410m-full,EleutherAI/pythia-410m@step20000,20000,41943040000.0,Plaus,ses-7,60,-0.0241379954141245,-0.0226439718076589,-0.016227368394158,EleutherAI/pythia-410m,0.8460574663445363,0.8583435840524389,60,103,-0.028529971514127495,0.0063089941228393,505997504
ds003604,pythia-410m-full,EleutherAI/pythia-410m@step30000,30000,62914560000.0,Plaus,ses-7,60,-0.0164635071493673,-0.0156548238075321,-0.0107648037609425,EleutherAI/pythia-410m,0.8460574663445363,0.8583435840524389,60,103,-0.019459088542175852,0.0063089941228393,505997504
ds003604,pythia-410m-full,EleutherAI/pythia-410m@step42000,42000,88080384000.0,Plaus,ses-7,60,-0.0261826776879059,-0.0244865009863913,-0.0170398546211751,EleutherAI/pythia-410m,0.8460574663445363,0.8583435840524389,60,103,-0.030946689473742725,0.0063089941228393,505997504
ds003604,pythia-410m-full,EleutherAI/pythia-410m@step59000,59000,123731968000.0,Plaus,ses-7,60,-0.0226474714562984,-0.0164164581386442,-0.0151491634010724,EleutherAI/pythia-410m,0.8460574663445363,0.8583435840524389,60,103,-0.026768242533392845,0.0063089941228393,505997504
ds003604,pythia-410m-full,EleutherAI/pythia-410m@step80000,80000,167772160000.0,Plaus,ses-7,60,-0.021536785220767,-0.0164127871402412,-0.014077345878325,EleutherAI/pythia-410m,0.8460574663445363,0.8583435840524389,60,103,-0.02545546381597284,0.0063089941228393,505997504
ds003604,pythia-410m-full,EleutherAI/pythia-410m@step107000,107000,224395264000.0,Plaus,ses-7,60,-0.0184122864791699,-0.0147927126584845,-0.0122837442073628,EleutherAI/pythia-410m,0.8460574663445363,0.8583435840524389,60,103,-0.021762453747641707,0.0063089941228393,505997504
ds003604,pythia-410m-full,EleutherAI/pythia-410m@step143000,143000,299892736000.0,Plaus,ses-7,60,-0.0184452488557451,-0.0170381983555466,-0.0121432198599227,EleutherAI/pythia-410m,0.8460574663445363,0.8583435840524389,60,103,-0.021801413721268106,0.0063089941228393,505997504
ds003604,pythia-410m-full,EleutherAI/pythia-410m@step0,0,0.0,Plaus,ses-9,60,0.016524906933412,0.0190024951406372,0.0106779341643432,EleutherAI/pythia-410m,0.8571028945001105,0.8668304036711462,60,89,0.019279956980019122,0.0059238995685712,505997504
ds003604,pythia-410m-full,EleutherAI/pythia-410m@step1,1,2097152.0,Plaus,ses-9,60,0.016524906933412,0.0190024951406372,0.0106779341643432,EleutherAI/pythia-410m,0.8571028945001105,0.8668304036711462,60,89,0.019279956980019122,0.0059238995685712,505997504
ds003604,pythia-410m-full,EleutherAI/pythia-410m@step2,2,4194304.0,Plaus,ses-9,60,0.0164703670977486,0.0190066190087256,0.0106536617770581,EleutherAI/pythia-410m,0.8571028945001105,0.8668304036711462,60,89,0.019216324204988994,0.0059238995685712,505997504
ds003604,pythia-410m-full,EleutherAI/pythia-410m@step4,4,8388608.0,Plaus,ses-9,60,0.0168249377041757,0.019121724961247,0.0109487629066822,EleutherAI/pythia-410m,0.8571028945001105,0.8668304036711462,60,89,0.019630009199757208,0.0059238995685712,505997504
ds003604,pythia-410m-full,EleutherAI/pythia-410m@step8,8,16777216.0,Plaus,ses-9,60,0.0175984001301961,0.0188956013775758,0.0119400983031685,EleutherAI/pythia-410m,0.8571028945001105,0.8668304036711462,60,89,0.020532424103479482,0.0059238995685712,505997504
ds003604,pythia-410m-full,EleutherAI/pythia-410m@step16,16,33554432.0,Plaus,ses-9,60,0.020107109221485,0.0164846251934412,0.0136417204012608,EleutherAI/pythia-410m,0.8571028945001105,0.8668304036711462,60,89,0.02345938784072372,0.0059238995685712,505997504
ds003604,pythia-410m-full,EleutherAI/pythia-410m@step64,64,134217728.0,Plaus,ses-9,60,0.0082438953587152,0.0052678417567193,0.0056267226209068,EleutherAI/pythia-410m,0.8571028945001105,0.8668304036711462,60,89,0.009618326354530981,0.0059238995685712,505997504
ds003604,pythia-410m-full,EleutherAI/pythia-410m@step512,512,1073741824.0,Plaus,ses-9,60,-0.0106864113581788,-0.01348996253646,-0.0071584380080035,EleutherAI/pythia-410m,0.8571028945001105,0.8668304036711462,60,89,-0.012468061217330802,0.0059238995685712,505997504
ds003604,pythia-410m-full,EleutherAI/pythia-410m@step3000,3000,6291456000.0,Plaus,ses-9,60,0.0095844028491486,-0.0038012684081895,0.0066538278512869,EleutherAI/pythia-410m,0.8571028945001105,0.8668304036711462,60,89,0.011182324678460602,0.0059238995685712,505997504
ds003604,pythia-410m-full,EleutherAI/pythia-410m@step7000,7000,14680064000.0,Plaus,ses-9,60,-0.0113106688248958,-0.0159138937837699,-0.0071942078418973,EleutherAI/pythia-410m,0.8571028945001105,0.8668304036711462,60,89,-0.013196395552359604,0.0059238995685712,505997504
ds003604,pythia-410m-full,EleutherAI/pythia-410m@step13000,13000,27262976000.0,Plaus,ses-9,60,-0.0207073352286519,-0.0213883960296379,-0.0136391654131256,EleutherAI/pythia-410m,0.8571028945001105,0.8668304036711462,60,89,-0.0241596841657256,0.0059238995685712,505997504
ds003604,pythia-410m-full,EleutherAI/pythia-410m@step20000,20000,41943040000.0,Plaus,ses-9,60,-0.0163222679534681,-0.0224167231867419,-0.0107545838084014,EleutherAI/pythia-410m,0.8571028945001105,0.8668304036711462,60,89,-0.0190435338139743,0.0059238995685712,505997504
ds003604,pythia-410m-full,EleutherAI/pythia-410m@step30000,30000,62914560000.0,Plaus,ses-9,60,-0.0067920619425639,-0.0153701788603227,-0.0040247450600901,EleutherAI/pythia-410m,0.8571028945001105,0.8668304036711462,60,89,-0.007924441728230593,0.0059238995685712,505997504
ds003604,pythia-410m-full,EleutherAI/pythia-410m@step42000,42000,88080384000.0,Plaus,ses-9,60,-0.0172707326399443,-0.0240688557327975,-0.0109487629066822,EleutherAI/pythia-410m,0.8571028945001105,0.8668304036711462,60,89,-0.02015012754100794,0.0059238995685712,505997504
ds003604,pythia-410m-full,EleutherAI/pythia-410m@step59000,59000,123731968000.0,Plaus,ses-9,60,-0.0156963982906804,-0.0161722942666367,-0.0100672920000127,EleutherAI/pythia-410m,0.8571028945001105,0.8668304036711462,60,89,-0.018313318495832447,0.0059238995685712,505997504
ds003604,pythia-410m-full,EleutherAI/pythia-410m@step80000,80000,167772160000.0,Plaus,ses-9,60,-0.0156834509496189,-0.0160992218571742,-0.0101145592805153,EleutherAI/pythia-410m,0.8571028945001105,0.8668304036711462,60,89,-0.01829821256030874,0.0059238995685712,505997504
ds003604,pythia-410m-full,EleutherAI/pythia-410m@step107000,107000,224395264000.0,Plaus,ses-9,60,-0.0157765017131666,-0.0146552232442184,-0.0103445082126899,EleutherAI/pythia-410m,0.8571028945001105,0.8668304036711462,60,89,-0.018406776846049452,0.0059238995685712,505997504
ds003604,pythia-410m-full,EleutherAI/pythia-410m@step143000,143000,299892736000.0,Plaus,ses-9,60,-0.0141031395727748,-0.0168200590781585,-0.0090312443111592,EleutherAI/pythia-410m,0.8571028945001105,0.8668304036711462,60,89,-0.016454429991162495,0.0059238995685712,505997504
ds003604,pythia-410m-full,EleutherAI/pythia-410m@step0,0,0.0,Sem,ses-5,72,-0.0053371683448381,0.0034981763376788,-0.0035108673349074,EleutherAI/pythia-410m,0.8591956418414916,0.8653112906283371,72,89,-0.006211819619334993,0.0077235660279985,505997504
ds003604,pythia-410m-full,EleutherAI/pythia-410m@step1,1,2097152.0,Sem,ses-5,72,-0.0053371683448381,0.0034981763376788,-0.0035108673349074,EleutherAI/pythia-410m,0.8591956418414916,0.8653112906283371,72,89,-0.006211819619334993,0.0077235660279985,505997504
ds003604,pythia-410m-full,EleutherAI/pythia-410m@step2,2,4194304.0,Sem,ses-5,72,-0.0053344627438765,0.0034922333688952,-0.0034851422078896,EleutherAI/pythia-410m,0.8591956418414916,0.8653112906283371,72,89,-0.006208670626451603,0.0077235660279985,505997504
ds003604,pythia-410m-full,EleutherAI/pythia-410m@step4,4,8388608.0,Sem,ses-5,72,-0.0047167197886084,0.0031988005563565,-0.0032285034407357,EleutherAI/pythia-410m,0.8591956418414916,0.8653112906283371,72,89,-0.005489692404048021,0.0077235660279985,505997504
ds003604,pythia-410m-full,EleutherAI/pythia-410m@step8,8,16777216.0,Sem,ses-5,72,-0.0013748692737514,0.0026659335845116,-0.0012158185031038,EleutherAI/pythia-410m,0.8591956418414916,0.8653112906283371,72,89,-0.0016001818524180112,0.0077235660279985,505997504
ds003604,pythia-410m-full,EleutherAI/pythia-410m@step16,16,33554432.0,Sem,ses-5,72,0.0045789856562582,0.0048128480897188,0.0030159648913266,EleutherAI/pythia-410m,0.8591956418414916,0.8653112906283371,72,89,0.005329386502059275,0.0077235660279985,505997504
ds003604,pythia-410m-full,EleutherAI/pythia-410m@step64,64,134217728.0,Sem,ses-5,72,-0.0099053955543512,-0.0101800631287501,-0.0069298592161798,EleutherAI/pythia-410m,0.8591956418414916,0.8653112906283371,72,89,-0.011528684588205341,0.0077235660279985,505997504
ds003604,pythia-410m-full,EleutherAI/pythia-410m@step512,512,1073741824.0,Sem,ses-5,72,-0.006805989881462,-0.0009745577000681,-0.0045557974942501,EleutherAI/pythia-410m,0.8591956418414916,0.8653112906283371,72,89,-0.007921350563272062,0.0077235660279985,505997504
ds003604,pythia-410m-full,EleutherAI/pythia-410m@step3000,3000,6291456000.0,Sem,ses-5,72,-0.0141490613158201,-0.0140182310032104,-0.009438671603441,EleutherAI/pythia-410m,0.8591956418414916,0.8653112906283371,72,89,-0.01646779921450112,0.0077235660279985,505997504
ds003604,pythia-410m-full,EleutherAI/pythia-410m@step7000,7000,14680064000.0,Sem,ses-5,72,-0.0031973556138889,0.0027547914903734,-0.0022907613106339,EleutherAI/pythia-410m,0.8591956418414916,0.8653112906283371,72,89,-0.0037213359311694034,0.0077235660279985,505997504
ds003604,pythia-410m-full,EleutherAI/pythia-410m@step13000,13000,27262976000.0,Sem,ses-5,72,0.0053186013828078,0.0054628297773076,0.0034863672139381,EleutherAI/pythia-410m,0.8591956418414916,0.8653112906283371,72,89,0.006190209917043552,0.0077235660279985,505997504
ds003604,pythia-410m-full,EleutherAI/pythia-410m@step20000,20000,41943040000.0,Sem,ses-5,72,-0.0065376747514155,0.000237131445961,-0.0044724970829543,EleutherAI/pythia-410m,0.8591956418414916,0.8653112906283371,72,89,-0.00760906414446362,0.0077235660279985,505997504
ds003604,pythia-410m-full,EleutherAI/pythia-410m@step30000,30000,62914560000.0,Sem,ses-5,72,-0.0008132166961334,0.0013383121150906,-0.0003681143175644,EleutherAI/pythia-410m,0.8591956418414916,0.8653112906283371,72,89,-0.0009464860580419774,0.0077235660279985,505997504
ds003604,pythia-410m-full,EleutherAI/pythia-410m@step42000,42000,88080384000.0,Sem,ses-5,72,-0.0089363779227402,-0.0127148291563017,-0.0059284167715578,EleutherAI/pythia-410m,0.8591956418414916,0.8653112906283371,72,89,-0.010400865050464055,0.0077235660279985,505997504
ds003604,pythia-410m-full,EleutherAI/pythia-410m@step59000,59000,123731968000.0,Sem,ses-5,72,-0.0036334395621258,0.0058367121033374,-0.0022950488318036,EleutherAI/pythia-410m,0.8591956418414916,0.8653112906283371,72,89,-0.004228885000322329,0.0077235660279985,505997504
ds003604,pythia-410m-full,EleutherAI/pythia-410m@step80000,80000,167772160000.0,Sem,ses-5,72,-0.000448561331901,0.0033927486367163,-0.0002572512701781,EleutherAI/pythia-410m,0.8591956418414916,0.8653112906283371,72,89,-0.0005220712373954903,0.0077235660279985,505997504
ds003604,pythia-410m-full,EleutherAI/pythia-410m@step107000,107000,224395264000.0,Sem,ses-5,72,0.0094975942985564,0.0116200510515898,0.006162392926815,EleutherAI/pythia-410m,0.8591956418414916,0.8653112906283371,72,89,0.011054053158603614,0.0077235660279985,505997504
ds003604,pythia-410m-full,EleutherAI/pythia-410m@step143000,143000,299892736000.0,Sem,ses-5,72,0.0014819004044859,0.0047945977052359,0.00089119190026,EleutherAI/pythia-410m,0.8591956418414916,0.8653112906283371,72,89,0.0017247531671713112,0.0077235660279985,505997504
ds003604,pythia-410m-full,EleutherAI/pythia-410m@step0,0,0.0,Sem,ses-7,72,0.0008653747899956,0.0035277587791219,0.0007245910776684,EleutherAI/pythia-410m,0.8546161144168992,0.8628169351539338,72,117,0.0010125888985676819,0.0074296612798053,505997504
ds003604,pythia-410m-full,EleutherAI/pythia-410m@step1,1,2097152.0,Sem,ses-7,72,0.0008653747899956,0.0035277587791219,0.0007245910776684,EleutherAI/pythia-410m,0.8546161144168992,0.8628169351539338,72,117,0.0010125888985676819,0.0074296612798053,505997504
ds003604,pythia-410m-full,EleutherAI/pythia-410m@step2,2,4194304.0,Sem,ses-7,72,0.0008516879703638,0.0035207301371104,0.0007417411623469,EleutherAI/pythia-410m,0.8546161144168992,0.8628169351539338,72,117,0.0009965737317566296,0.0074296612798053,505997504
ds003604,pythia-410m-full,EleutherAI/pythia-410m@step4,4,8388608.0,Sem,ses-7,72,0.0014806873754226,0.003183312293537,0.0012323560847581,EleutherAI/pythia-410m,0.8546161144168992,0.8628169351539338,72,117,0.001732576007454372,0.0074296612798053,505997504
ds003604,pythia-410m-full,EleutherAI/pythia-410m@step8,8,16777216.0,Sem,ses-7,72,0.002792211092956,0.002530495296611,0.0017517586493083,EleutherAI/pythia-410m,0.8546161144168992,0.8628169351539338,72,117,0.0032672109100834274,0.0074296612798053,505997504
ds003604,pythia-410m-full,EleutherAI/pythia-410m@step16,16,33554432.0,Sem,ses-7,72,0.0044212983456083,0.0047003884566597,0.0030582275999987,EleutherAI/pythia-410m,0.8546161144168992,0.8628169351539338,72,117,0.005173431990133878,0.0074296612798053,505997504
ds003604,pythia-410m-full,EleutherAI/pythia-410m@step64,64,134217728.0,Sem,ses-7,72,-0.0005398518295778,-0.0091057455911819,-0.0002382636764269,EleutherAI/pythia-410m,0.8546161144168992,0.8628169351539338,72,117,-0.0006316892701539316,0.0074296612798053,505997504
ds003604,pythia-410m-full,EleutherAI/pythia-410m@step512,512,1073741824.0,Sem,ses-7,72,-0.008082397557405,-0.0011448739287838,-0.0052375133602222,EleutherAI/pythia-410m,0.8546161144168992,0.8628169351539338,72,117,-0.009457342801123736,0.0074296612798053,505997504
ds003604,pythia-410m-full,EleutherAI/pythia-410m@step3000,3000,6291456000.0,Sem,ses-7,72,-0.0127768078156411,-0.0137971749786794,-0.0084752043463214,EleutherAI/pythia-410m,0.8546161144168992,0.8628169351539338,72,117,-0.01495034741342159,0.0074296612798053,505997504
ds003604,pythia-410m-full,EleutherAI/pythia-410m@step7000,7000,14680064000.0,Sem,ses-7,72,-0.008735215592974,0.0026987602751186,-0.0059271917655093,EleutherAI/pythia-410m,0.8546161144168992,0.8628169351539338,72,117,-0.010221215637776735,0.0074296612798053,505997504
ds003604,pythia-410m-full,EleutherAI/pythia-410m@step13000,13000,27262976000.0,Sem,ses-7,72,-0.0006224032002178,0.0064212612732444,-0.000665790787342,EleutherAI/pythia-410m,0.8546161144168992,0.8628169351539338,72,117,-0.0007282839507917107,0.0074296612798053,505997504
ds003604,pythia-410m-full,EleutherAI/pythia-410m@step20000,20000,41943040000.0,Sem,ses-7,72,-0.0085016219826247,0.0012194884170641,-0.0058414413421166,EleutherAI/pythia-410m,0.8546161144168992,0.8628169351539338,72,117,-0.009947884013894728,0.0074296612798053,505997504
ds003604,pythia-410m-full,EleutherAI/pythia-410m@step30000,30000,62914560000.0,Sem,ses-7,72,0.0014741651883503,0.0027308114068014,0.0008795543427995,EleutherAI/pythia-410m,0.8546161144168992,0.8628169351539338,72,117,0.0017249442919247038,0.0074296612798053,505997504
ds003604,pythia-410m-full,EleutherAI/pythia-410m@step42000,42000,88080384000.0,Sem,ses-7,72,-0.0134002688231937,-0.0116574931752933,-0.0089241690630847,EleutherAI/pythia-410m,0.8546161144168992,0.8628169351539338,72,117,-0.015679869121513867,0.0074296612798053,505997504
ds003604,pythia-410m-full,EleutherAI/pythia-410m@step59000,59000,123731968000.0,Sem,ses-7,72,-0.0027705001723051,0.0072717346714997,-0.001911009435609,EleutherAI/pythia-410m,0.8546161144168992,0.8628169351539338,72,117,-0.0032418066141841942,0.0074296612798053,505997504
ds003604,pythia-410m-full,EleutherAI/pythia-410m@step80000,80000,167772160000.0,Sem,ses-7,72,-0.0057929870111643,0.0046315173001418,-0.0042023832492672,EleutherAI/pythia-410m,0.8546161144168992,0.8628169351539338,72,117,-0.006778466861834017,0.0074296612798053,505997504
ds003604,pythia-410m-full,EleutherAI/pythia-410m@step107000,107000,224395264000.0,Sem,ses-7,72,0.0011798281415922,0.0129324355975602,0.0006174030484275,EleutherAI/pythia-410m,0.8546161144168992,0.8628169351539338,72,117,0.0013805358004478905,0.0074296612798053,505997504
ds003604,pythia-410m-full,EleutherAI/pythia-410m@step143000,143000,299892736000.0,Sem,ses-7,72,-0.0065128220280012,0.0060506145831507,-0.0044810721252936,EleutherAI/pythia-410m,0.8546161144168992,0.8628169351539338,72,117,-0.007620757341376449,0.0074296612798053,505997504
ds003604,pythia-410m-full,EleutherAI/pythia-410m@step0,0,0.0,Sem,ses-9,72,0.0044376763938195,0.0038997272094638,0.0030766026907257,EleutherAI/pythia-410m,0.8812943730411821,0.886007959425842,72,83,0.005035407611313696,0.0084082983710845,505997504
ds003604,pythia-410m-full,EleutherAI/pythia-410m@step1,1,2097152.0,Sem,ses-9,72,0.0044376763938195,0.0038997272094638,0.0030766026907257,EleutherAI/pythia-410m,0.8812943730411821,0.886007959425842,72,83,0.005035407611313696,0.0084082983710845,505997504
ds003604,pythia-410m-full,EleutherAI/pythia-410m@step2,2,4194304.0,Sem,ses-9,72,0.0044145842872328,0.0038922857854009,0.003066802642338,EleutherAI/pythia-410m,0.8812943730411821,0.886007959425842,72,83,0.005009205121778885,0.0084082983710845,505997504
ds003604,pythia-410m-full,EleutherAI/pythia-410m@step4,4,8388608.0,Sem,ses-9,72,0.0044338842407586,0.0035312004898737,0.0030061648429389,EleutherAI/pythia-410m,0.8812943730411821,0.886007959425842,72,83,0.00503110467556725,0.0084082983710845,505997504
ds003604,pythia-410m-full,EleutherAI/pythia-410m@step8,8,16777216.0,Sem,ses-9,72,0.0048941540338726,0.0027516646633619,0.0029669646493879,EleutherAI/pythia-410m,0.8812943730411821,0.886007959425842,72,83,0.005553370342061518,0.0084082983710845,505997504
ds003604,pythia-410m-full,EleutherAI/pythia-410m@step16,16,33554432.0,Sem,ses-9,72,0.0066896835338321,0.0046722507707196,0.0045527349791289,EleutherAI/pythia-410m,0.8812943730411821,0.886007959425842,72,83,0.007590748038872929,0.0084082983710845,505997504
ds003604,pythia-410m-full,EleutherAI/pythia-410m@step64,64,134217728.0,Sem,ses-9,72,-0.0136150705437303,-0.0087216636636823,-0.009184482848384,EleutherAI/pythia-410m,0.8812943730411821,0.886007959425842,72,83,-0.015448947548305838,0.0084082983710845,505997504
ds003604,pythia-410m-full,EleutherAI/pythia-410m@step512,512,1073741824.0,Sem,ses-9,72,-0.0075928023555156,-0.0011909112280969,-0.0052313883299798,EleutherAI/pythia-410m,0.8812943730411821,0.886007959425842,72,83,-0.00861551212373484,0.0084082983710845,505997504
ds003604,pythia-410m-full,EleutherAI/pythia-410m@step3000,3000,6291456000.0,Sem,ses-9,72,-0.0138259744741963,-0.0132494786420534,-0.0095446346266334,EleutherAI/pythia-410m,0.8812943730411821,0.886007959425842,72,83,-0.015688259107436993,0.0084082983710845,505997504
ds003604,pythia-410m-full,EleutherAI/pythia-410m@step7000,7000,14680064000.0,Sem,ses-9,72,0.0003640330400803,0.003173375135376,0.0001157630715801,EleutherAI/pythia-410m,0.8812943730411821,0.886007959425842,72,83,0.0004130663388035601,0.0084082983710845,505997504
ds003604,pythia-410m-full,EleutherAI/pythia-410m@step13000,13000,27262976000.0,Sem,ses-9,72,0.0052618965858158,0.0072656002181459,0.0035139298500286,EleutherAI/pythia-410m,0.8812943730411821,0.886007959425842,72,83,0.005970645844087236,0.0084082983710845,505997504
ds003604,pythia-410m-full,EleutherAI/pythia-410m@step20000,20000,41943040000.0,Sem,ses-9,72,-0.0009462230333371,0.0021997121564993,-0.0005481902066891,EleutherAI/pythia-410m,0.8812943730411821,0.886007959425842,72,83,-0.001073674202720552,0.0084082983710845,505997504
ds003604,pythia-410m-full,EleutherAI/pythia-410m@step30000,30000,62914560000.0,Sem,ses-9,72,0.0057366336189186,0.0031620078126626,0.003866119088963,EleutherAI/pythia-410m,0.8812943730411821,0.886007959425842,72,83,0.006509327410230194,0.0084082983710845,505997504
ds003604,pythia-410m-full,EleutherAI/pythia-410m@step42000,42000,88080384000.0,Sem,ses-9,72,-0.0133028988078184,-0.0111551015871358,-0.0087208180590391,EleutherAI/pythia-410m,0.8812943730411821,0.886007959425842,72,83,-0.01509472795328601,0.0084082983710845,505997504
ds003604,pythia-410m-full,EleutherAI/pythia-410m@step59000,59000,123731968000.0,Sem,ses-9,72,0.0020667902497514,0.0076686539932131,0.0015827078146198,EleutherAI/pythia-410m,0.8812943730411821,0.886007959425842,72,83,0.002345175815226521,0.0084082983710845,505997504
ds003604,pythia-410m-full,EleutherAI/pythia-410m@step80000,80000,167772160000.0,Sem,ses-9,72,0.0040481819599359,0.00498786157421,0.0025057498721399,EleutherAI/pythia-410m,0.8812943730411821,0.886007959425842,72,83,0.004593450365473663,0.0084082983710845,505997504
ds003604,pythia-410m-full,EleutherAI/pythia-410m@step107000,107000,224395264000.0,Sem,ses-9,72,0.0118122463411516,0.0132700967715044,0.0078853639339844,EleutherAI/pythia-410m,0.8812943730411821,0.886007959425842,72,83,0.013403292591543218,0.0084082983710845,505997504
ds003604,pythia-410m-full,EleutherAI/pythia-410m@step143000,143000,299892736000.0,Sem,ses-9,72,0.003348054353662,0.0066062375552731,0.002136410548527,EleutherAI/pythia-410m,0.8812943730411821,0.886007959425842,72,83,0.0037990193243927005,0.0084082983710845,505997504
ds003604,pythia-70m-full,EleutherAI/pythia-70m@step0,0,0.0,Gram,ses-5,60,0.0249028861507007,0.0159385636407661,0.0166732138237633,EleutherAI/pythia-70m,0.8398150343230842,0.8472510876978319,60,97,0.02965282250605714,0.0081285104156867,95592496
ds003604,pythia-70m-full,EleutherAI/pythia-70m@step1,1,2097152.0,Gram,ses-5,60,0.0249028861507007,0.0159385636407661,0.0166732138237633,EleutherAI/pythia-70m,0.8398150343230842,0.8472510876978319,60,97,0.02965282250605714,0.0081285104156867,95592496
ds003604,pythia-70m-full,EleutherAI/pythia-70m@step2,2,4194304.0,Gram,ses-5,60,0.0248947083131824,0.0159376186048555,0.0166591613890193,EleutherAI/pythia-70m,0.8398150343230842,0.8472510876978319,60,97,0.029643084840995104,0.0081285104156867,95592496
ds003604,pythia-70m-full,EleutherAI/pythia-70m@step4,4,8388608.0,Gram,ses-5,60,0.0249331564844411,0.01592347310988,0.0166617163771545,EleutherAI/pythia-70m,0.8398150343230842,0.8472510876978319,60,97,0.029688866554452627,0.0081285104156867,95592496
ds003604,pythia-70m-full,EleutherAI/pythia-70m@step8,8,16777216.0,Gram,ses-5,60,0.0237869802951391,0.0157153952288626,0.0158466751620022,EleutherAI/pythia-70m,0.8398150343230842,0.8472510876978319,60,97,0.028324070566695808,0.0081285104156867,95592496
ds003604,pythia-70m-full,EleutherAI/pythia-70m@step16,16,33554432.0,Gram,ses-5,60,0.0216665334621221,0.0149913653418867,0.0142370326367796,EleutherAI/pythia-70m,0.8398150343230842,0.8472510876978319,60,97,0.025799173123384207,0.0081285104156867,95592496
ds003604,pythia-70m-full,EleutherAI/pythia-70m@step64,64,134217728.0,Gram,ses-5,60,0.0202382965371851,0.0144398137936397,0.0136774902351547,EleutherAI/pythia-70m,0.8398150343230842,0.8472510876978319,60,97,0.02409851659002243,0.0081285104156867,95592496
ds003604,pythia-70m-full,EleutherAI/pythia-70m@step512,512,1073741824.0,Gram,ses-5,60,0.0384404208154183,0.0291158562480948,0.0254994203370668,EleutherAI/pythia-70m,0.8398150343230842,0.8472510876978319,60,97,0.04577248470718605,0.0081285104156867,95592496
ds003604,pythia-70m-full,EleutherAI/pythia-70m@step3000,3000,6291456000.0,Gram,ses-5,60,0.0319138291371124,0.0290602991925934,0.0216005084426389,EleutherAI/pythia-70m,0.8398150343230842,0.8472510876978319,60,97,0.038001021454487166,0.0081285104156867,95592496
ds003604,pythia-70m-full,EleutherAI/pythia-70m@step7000,7000,14680064000.0,Gram,ses-5,60,0.0555070937952573,0.0366659686446165,0.0369994219339343,EleutherAI/pythia-70m,0.8398150343230842,0.8472510876978319,60,97,0.06609442737590147,0.0081285104156867,95592496
ds003604,pythia-70m-full,EleutherAI/pythia-70m@step13000,13000,27262976000.0,Gram,ses-5,60,0.025447765142158,0.0190493943761573,0.0171331116881125,EleutherAI/pythia-70m,0.8398150343230842,0.8472510876978319,60,97,0.030301630837878072,0.0081285104156867,95592496
ds003604,pythia-70m-full,EleutherAI/pythia-70m@step20000,20000,41943040000.0,Gram,ses-5,60,0.0253011353685245,0.0198125923841353,0.0170411321152427,EleutherAI/pythia-70m,0.8398150343230842,0.8472510876978319,60,97,0.030127033137621745,0.0081285104156867,95592496
ds003604,pythia-70m-full,EleutherAI/pythia-70m@step30000,30000,62914560000.0,Gram,ses-5,60,0.024194175578139,0.024946030511409,0.0161417762916263,EleutherAI/pythia-70m,0.8398150343230842,0.8472510876978319,60,97,0.028808933621485143,0.0081285104156867,95592496
ds003604,pythia-70m-full,EleutherAI/pythia-70m@step42000,42000,88080384000.0,Gram,ses-5,60,0.0271153039005011,0.0260906880610315,0.0180081951244438,EleutherAI/pythia-70m,0.8398150343230842,0.8472510876978319,60,97,0.0322872332505417,0.0081285104156867,95592496
ds003604,pythia-70m-full,EleutherAI/pythia-70m@step59000,59000,123731968000.0,Gram,ses-5,60,0.0172066083527413,0.0130572039903075,0.0112758013879973,EleutherAI/pythia-70m,0.8398150343230842,0.8472510876978319,60,97,0.020488569089037963,0.0081285104156867,95592496
ds003604,pythia-70m-full,EleutherAI/pythia-70m@step80000,80000,167772160000.0,Gram,ses-5,60,0.0226527451768679,0.0256239506554492,0.0150201365002411,EleutherAI/pythia-70m,0.8398150343230842,0.8472510876978319,60,97,0.026973493270606524,0.0081285104156867,95592496
ds003604,pythia-70m-full,EleutherAI/pythia-70m@step107000,107000,224395264000.0,Gram,ses-5,60,0.0277209659298553,0.0166527734893048,0.0177552512990517,EleutherAI/pythia-70m,0.8398150343230842,0.8472510876978319,60,97,0.03300841827891211,0.0081285104156867,95592496
ds003604,pythia-70m-full,EleutherAI/pythia-70m@step143000,143000,299892736000.0,Gram,ses-5,60,0.0186373944950894,0.0191372879418258,0.0126542174869775,EleutherAI/pythia-70m,0.8398150343230842,0.8472510876978319,60,97,0.022192261073429927,0.0081285104156867,95592496
ds003604,pythia-70m-full,EleutherAI/pythia-70m@step0,0,0.0,Gram,ses-7,60,0.0187852555969969,0.0191090946845848,0.0126005627361367,EleutherAI/pythia-70m,0.8473571253286221,0.8585290564097823,60,104,0.02216923070035152,0.0080555141424375,95592496
ds003604,pythia-70m-full,EleutherAI/pythia-70m@step1,1,2097152.0,Gram,ses-7,60,0.0187852555969969,0.0191090946845848,0.0126005627361367,EleutherAI/pythia-70m,0.8473571253286221,0.8585290564097823,60,104,0.02216923070035152,0.0080555141424375,95592496
ds003604,pythia-70m-full,EleutherAI/pythia-70m@step2,2,4194304.0,Gram,ses-7,60,0.0187531285327483,0.0191079910365257,0.0125762903488516,EleutherAI/pythia-70m,0.8473571253286221,0.8585290564097823,60,104,0.02213131626818558,0.0080555141424375,95592496
ds003604,pythia-70m-full,EleutherAI/pythia-70m@step4,4,8388608.0,Gram,ses-7,60,0.0187236956753559,0.0190909914132539,0.0125098606573345,EleutherAI/pythia-70m,0.8473571253286221,0.8585290564097823,60,104,0.022096581377178456,0.0080555141424375,95592496
ds003604,pythia-70m-full,EleutherAI/pythia-70m@step8,8,16777216.0,Gram,ses-7,60,0.0171659593715445,0.0188502517266059,0.0114061057828962,EleutherAI/pythia-70m,0.8473571253286221,0.8585290564097823,60,104,0.02025823452524483,0.0080555141424375,95592496
ds003604,pythia-70m-full,EleutherAI/pythia-70m@step16,16,33554432.0,Gram,ses-7,60,0.0142080318623611,0.0180456679879327,0.0092548057729956,EleutherAI/pythia-70m,0.8473571253286221,0.8585290564097823,60,104,0.01676746608680601,0.0080555141424375,95592496
ds003604,pythia-70m-full,EleutherAI/pythia-70m@step64,64,134217728.0,Gram,ses-7,60,0.0195180106132382,0.0178180415552182,0.0127270346488328,EleutherAI/pythia-70m,0.8473571253286221,0.8585290564097823,60,104,0.023033984172457066,0.0080555141424375,95592496
ds003604,pythia-70m-full,EleutherAI/pythia-70m@step512,512,1073741824.0,Gram,ses-7,60,0.0352871946874612,0.0323172615824402,0.0234171050068186,EleutherAI/pythia-70m,0.8473571253286221,0.8585290564097823,60,104,0.04164382836077069,0.0080555141424375,95592496
ds003604,pythia-70m-full,EleutherAI/pythia-70m@step3000,3000,6291456000.0,Gram,ses-7,60,0.0271203677109782,0.0325154515403896,0.0178446758837863,EleutherAI/pythia-70m,0.8473571253286221,0.8585290564097823,60,104,0.03200582953788272,0.0080555141424375,95592496
ds003604,pythia-70m-full,EleutherAI/pythia-70m@step7000,7000,14680064000.0,Gram,ses-7,60,0.0426927881238236,0.0397307870212512,0.0277708047893252,EleutherAI/pythia-70m,0.8473571253286221,0.8585290564097823,60,104,0.05038346506765548,0.0080555141424375,95592496
ds003604,pythia-70m-full,EleutherAI/pythia-70m@step13000,13000,27262976000.0,Gram,ses-7,60,0.018861325283274,0.0218876075296829,0.0123706138039621,EleutherAI/pythia-70m,0.8473571253286221,0.8585290564097823,60,104,0.022259003576513503,0.0080555141424375,95592496
ds003604,pythia-70m-full,EleutherAI/pythia-70m@step20000,20000,41943040000.0,Gram,ses-7,60,0.0201418396036841,0.0222507698005882,0.0131652151140323,EleutherAI/pythia-70m,0.8473571253286221,0.8585290564097823,60,104,0.02377018968935051,0.0080555141424375,95592496
ds003604,pythia-70m-full,EleutherAI/pythia-70m@step30000,30000,62914560000.0,Gram,ses-7,60,0.003707376869837,0.0266515536305957,0.0019283772950979,EleutherAI/pythia-70m,0.8473571253286221,0.8585290564097823,60,104,0.004375223573412692,0.0080555141424375,95592496
ds003604,pythia-70m-full,EleutherAI/pythia-70m@step42000,42000,88080384000.0,Gram,ses-7,60,0.0118063184896259,0.0282530894837643,0.0074228792800043,EleutherAI/pythia-70m,0.8473571253286221,0.8585290564097823,60,104,0.013933108174486848,0.0080555141424375,95592496
ds003604,pythia-70m-full,EleutherAI/pythia-70m@step59000,59000,123731968000.0,Gram,ses-7,60,0.0077964687506818,0.0147159276890018,0.0044360981498692,EleutherAI/pythia-70m,0.8473571253286221,0.8585290564097823,60,104,0.009200924282849658,0.0080555141424375,95592496
ds003604,pythia-70m-full,EleutherAI/pythia-70m@step80000,80000,167772160000.0,Gram,ses-7,60,0.018924415168166,0.0280329462469705,0.0117293117820084,EleutherAI/pythia-70m,0.8473571253286221,0.8585290564097823,60,104,0.0223334584704492,0.0080555141424375,95592496
ds003604,pythia-70m-full,EleutherAI/pythia-70m@step107000,107000,224395264000.0,Gram,ses-7,60,0.0186574138586462,0.0190700983870197,0.0118813335760572,EleutherAI/pythia-70m,0.8473571253286221,0.8585290564097823,60,104,0.022018359556970128,0.0080555141424375,95592496
ds003604,pythia-70m-full,EleutherAI/pythia-70m@step143000,143000,299892736000.0,Gram,ses-7,60,0.0134671985535939,0.0218412185194479,0.0086761009603561,EleutherAI/pythia-70m,0.8473571253286221,0.8585290564097823,60,104,0.01589317909892013,0.0080555141424375,95592496
ds003604,pythia-70m-full,EleutherAI/pythia-70m@step0,0,0.0,Gram,ses-9,60,-0.0033242108823656,0.0188772206422494,-0.0020535717137263,EleutherAI/pythia-70m,0.8562953703310558,0.8666432094643701,60,96,-0.003882084380627228,0.0061329615387372,95592496
ds003604,pythia-70m-full,EleutherAI/pythia-70m@step1,1,2097152.0,Gram,ses-9,60,-0.0033242108823656,0.0188772206422494,-0.0020535717137263,EleutherAI/pythia-70m,0.8562953703310558,0.8666432094643701,60,96,-0.003882084380627228,0.0061329615387372,95592496
ds003604,pythia-70m-full,EleutherAI/pythia-70m@step2,2,4194304.0,Gram,ses-9,60,-0.0033480865323626,0.018876228501489,-0.002065069160335,EleutherAI/pythia-70m,0.8562953703310558,0.8666432094643701,60,96,-0.0039099668740100535,0.0061329615387372,95592496
ds003604,pythia-70m-full,EleutherAI/pythia-70m@step4,4,8388608.0,Gram,ses-9,60,-0.0033440895845203,0.018861189434613,-0.0020701791366056,EleutherAI/pythia-70m,0.8562953703310558,0.8666432094643701,60,96,-0.0039052991530567635,0.0061329615387372,95592496
ds003604,pythia-70m-full,EleutherAI/pythia-70m@step8,8,16777216.0,Gram,ses-9,60,-0.004211695604982,0.0186441446932767,-0.0026935962416124,EleutherAI/pythia-70m,0.8562953703310558,0.8666432094643701,60,96,-0.004918507971558575,0.0061329615387372,95592496
ds003604,pythia-70m-full,EleutherAI/pythia-70m@step16,16,33554432.0,Gram,ses-9,60,-0.0051619044928447,0.0179015550086152,-0.0037488063414805,EleutherAI/pythia-70m,0.8562953703310558,0.8666432094643701,60,96,-0.006028182180698974,0.0061329615387372,95592496
ds003604,pythia-70m-full,EleutherAI/pythia-70m@step64,64,134217728.0,Gram,ses-9,60,-0.0003468223271908,0.0172642237780354,-0.0004094368486776,EleutherAI/pythia-70m,0.8562953703310558,0.8666432094643701,60,96,-0.00040502651212129476,0.0061329615387372,95592496
ds003604,pythia-70m-full,EleutherAI/pythia-70m@step512,512,1073741824.0,Gram,ses-9,60,0.0049001747398728,0.0313371910370389,0.0035048049745618,EleutherAI/pythia-70m,0.8562953703310558,0.8666432094643701,60,96,0.0057225285919487385,0.0061329615387372,95592496
ds003604,pythia-70m-full,EleutherAI/pythia-70m@step3000,3000,6291456000.0,Gram,ses-9,60,-0.0001324911386968,0.0321086292819822,-8.750834363312925e-05,EleutherAI/pythia-70m,0.8562953703310558,0.8666432094643701,60,96,-0.00015472597807643997,0.0061329615387372,95592496
ds003604,pythia-70m-full,EleutherAI/pythia-70m@step7000,7000,14680064000.0,Gram,ses-9,60,0.0092476399762323,0.0391348623499181,0.0060546831335651,EleutherAI/pythia-70m,0.8562953703310558,0.8666432094643701,60,96,0.010799591235273211,0.0061329615387372,95592496
ds003604,pythia-70m-full,EleutherAI/pythia-70m@step13000,13000,27262976000.0,Gram,ses-9,60,-0.0027086224860635,0.0215427021554896,-0.0019283772950979,EleutherAI/pythia-70m,0.8562953703310558,0.8666432094643701,60,96,-0.003163187119669126,0.0061329615387372,95592496
ds003604,pythia-70m-full,EleutherAI/pythia-70m@step20000,20000,41943040000.0,Gram,ses-9,60,-0.001275096692406,0.0216870182813193,-0.0008961620884473,EleutherAI/pythia-70m,0.8562953703310558,0.8666432094643701,60,96,-0.0014890851178058218,0.0061329615387372,95592496
ds003604,pythia-70m-full,EleutherAI/pythia-70m@step30000,30000,62914560000.0,Gram,ses-9,60,-0.0109909519498973,0.0263252168239729,-0.0070894533283511,EleutherAI/pythia-70m,0.8562953703310558,0.8666432094643701,60,96,-0.012835468146520567,0.0061329615387372,95592496
ds003604,pythia-70m-full,EleutherAI/pythia-70m@step42000,42000,88080384000.0,Gram,ses-9,60,-0.0082390804107189,0.0276772141522749,-0.0055424080124427,EleutherAI/pythia-70m,0.8562953703310558,0.8666432094643701,60,96,-0.009621773860033314,0.0061329615387372,95592496
ds003604,pythia-70m-full,EleutherAI/pythia-70m@step59000,59000,123731968000.0,Gram,ses-9,60,-0.0096211219671717,0.0144296222999917,-0.0064698687055472,EleutherAI/pythia-70m,0.8562953703310558,0.8666432094643701,60,96,-0.011235751471425144,0.0061329615387372,95592496
ds003604,pythia-70m-full,EleutherAI/pythia-70m@step80000,80000,167772160000.0,Gram,ses-9,60,-0.0014718062532443,0.0277165843267112,-0.0017623030663051,EleutherAI/pythia-70m,0.8562953703310558,0.8666432094643701,60,96,-0.001718806739169078,0.0061329615387372,95592496
ds003604,pythia-70m-full,EleutherAI/pythia-70m@step107000,107000,224395264000.0,Gram,ses-9,60,-0.0021451783535454,0.0186090895219241,-0.0020855090654172,EleutherAI/pythia-70m,0.8562953703310558,0.8666432094643701,60,96,-0.002505185042301518,0.0061329615387372,95592496
ds003604,pythia-70m-full,EleutherAI/pythia-70m@step143000,143000,299892736000.0,Gram,ses-9,60,-0.0110047475874148,0.0212898842872252,-0.0073679470350959,EleutherAI/pythia-70m,0.8562953703310558,0.8666432094643701,60,96,-0.0128515789863026,0.0061329615387372,95592496
ds003604,pythia-70m-full,EleutherAI/pythia-70m@step0,0,0.0,Phon,ses-5,72,-0.0261994192256863,-0.0340120088773495,-0.0174312235666663,EleutherAI/pythia-70m,0.8557220149626009,0.8634857149064381,72,93,-0.03061674091303043,0.0089146943876321,95592496
ds003604,pythia-70m-full,EleutherAI/pythia-70m@step1,1,2097152.0,Phon,ses-5,72,-0.0261994192256863,-0.0340120088773495,-0.0174312235666663,EleutherAI/pythia-70m,0.8557220149626009,0.8634857149064381,72,93,-0.03061674091303043,0.0089146943876321,95592496
ds003604,pythia-70m-full,EleutherAI/pythia-70m@step2,2,4194304.0,Phon,ses-5,72,-0.0261783895559548,-0.0340104740834241,-0.017414685985012,EleutherAI/pythia-70m,0.8557220149626009,0.8634857149064381,72,93,-0.030592165561030844,0.0089146943876321,95592496
ds003604,pythia-70m-full,EleutherAI/pythia-70m@step4,4,8388608.0,Phon,ses-5,72,-0.0261770665781672,-0.0339931513667625,-0.0174367360938844,EleutherAI/pythia-70m,0.8557220149626009,0.8634857149064381,72,93,-0.03059061952415851,0.0089146943876321,95592496
ds003604,pythia-70m-full,EleutherAI/pythia-70m@step8,8,16777216.0,Phon,ses-5,72,-0.0256288679875884,-0.0335198131926655,-0.0170906718851924,EleutherAI/pythia-70m,0.8557220149626009,0.8634857149064381,72,93,-0.029949992567047022,0.0089146943876321,95592496
ds003604,pythia-70m-full,EleutherAI/pythia-70m@step16,16,33554432.0,Phon,ses-5,72,-0.0257741231875783,-0.0296808350704216,-0.0173142354890377,EleutherAI/pythia-70m,0.8557220149626009,0.8634857149064381,72,93,-0.03011973834599166,0.0089146943876321,95592496
ds003604,pythia-70m-full,EleutherAI/pythia-70m@step64,64,134217728.0,Phon,ses-5,72,-0.0023891067316857,-0.0021394187176603,-0.0016751957712791,EleutherAI/pythia-70m,0.8557220149626009,0.8634857149064381,72,93,-0.002791919209639728,0.0089146943876321,95592496
ds003604,pythia-70m-full,EleutherAI/pythia-70m@step512,512,1073741824.0,Phon,ses-5,72,-0.0250923721092697,-0.0185911435574493,-0.016759307749082,EleutherAI/pythia-70m,0.8557220149626009,0.8634857149064381,72,93,-0.029323041443974483,0.0089146943876321,95592496
ds003604,pythia-70m-full,EleutherAI/pythia-70m@step3000,3000,6291456000.0,Phon,ses-5,72,-0.0106492892204822,-0.0134810752580475,-0.0071325977172012,EleutherAI/pythia-70m,0.8557220149626009,0.8634857149064381,72,93,-0.01244479986990591,0.0089146943876321,95592496
ds003604,pythia-70m-full,EleutherAI/pythia-70m@step7000,7000,14680064000.0,Phon,ses-5,72,-0.0135530601818247,-0.0189363494040957,-0.0088518937062251,EleutherAI/pythia-70m,0.8557220149626009,0.8634857149064381,72,93,-0.015838157654991535,0.0089146943876321,95592496
ds003604,pythia-70m-full,EleutherAI/pythia-70m@step13000,13000,27262976000.0,Phon,ses-5,72,-0.0023039740811907,-0.0104240482240829,-0.0013242315383932,EleutherAI/pythia-70m,0.8557220149626009,0.8634857149064381,72,93,-0.002692432870610901,0.0089146943876321,95592496
ds003604,pythia-70m-full,EleutherAI/pythia-70m@step20000,20000,41943040000.0,Phon,ses-5,72,-0.0118996943824297,-0.0098238860081065,-0.0078547387827727,EleutherAI/pythia-70m,0.8557220149626009,0.8634857149064381,72,93,-0.013906028095993034,0.0089146943876321,95592496
ds003604,pythia-70m-full,EleutherAI/pythia-70m@step30000,30000,62914560000.0,Phon,ses-5,72,-0.0153425662163766,-0.0062990949886667,-0.0103990763454394,EleutherAI/pythia-70m,0.8557220149626009,0.8634857149064381,72,93,-0.01792938121037723,0.0089146943876321,95592496
ds003604,pythia-70m-full,EleutherAI/pythia-70m@step42000,42000,88080384000.0,Phon,ses-5,72,-0.0152845190388809,-0.0126464645205834,-0.0103268009885798,EleutherAI/pythia-70m,0.8557220149626009,0.8634857149064381,72,93,-0.017861547058069912,0.0089146943876321,95592496
ds003604,pythia-70m-full,EleutherAI/pythia-70m@step59000,59000,123731968000.0,Phon,ses-5,72,-0.0049265831585984,-0.0141429033048832,-0.0033314039488069,EleutherAI/pythia-70m,0.8557220149626009,0.8634857149064381,72,93,-0.005757223809198966,0.0089146943876321,95592496
ds003604,pythia-70m-full,EleutherAI/pythia-70m@step80000,80000,167772160000.0,Phon,ses-5,72,0.002105098397443,-0.0055156848328302,0.001423457028319,EleutherAI/pythia-70m,0.8557220149626009,0.8634857149064381,72,93,0.0024600259904906186,0.0089146943876321,95592496
ds003604,pythia-70m-full,EleutherAI/pythia-70m@step107000,107000,224395264000.0,Phon,ses-5,72,-0.0015433243731949,-0.00945966190673,-0.0011570182127774,EleutherAI/pythia-70m,0.8557220149626009,0.8634857149064381,72,93,-0.0018035347299816173,0.0089146943876321,95592496
ds003604,pythia-70m-full,EleutherAI/pythia-70m@step143000,143000,299892736000.0,Phon,ses-5,72,-0.0114943508040023,-0.0163581264594313,-0.0078326886739003,EleutherAI/pythia-70m,0.8557220149626009,0.8634857149064381,72,93,-0.013432342049192992,0.0089146943876321,95592496
ds003604,pythia-70m-full,EleutherAI/pythia-70m@step0,0,0.0,Phon,ses-7,72,-0.0211221179245988,-0.0344060004802261,-0.0142400828104088,EleutherAI/pythia-70m,0.8460260208123772,0.8625655350367195,72,104,-0.024966274564837576,0.0081448036195669,95592496
ds003604,pythia-70m-full,EleutherAI/pythia-70m@step1,1,2097152.0,Phon,ses-7,72,-0.0211221179245988,-0.0344060004802261,-0.0142400828104088,EleutherAI/pythia-70m,0.8460260208123772,0.8625655350367195,72,104,-0.024966274564837576,0.0081448036195669,95592496
ds003604,pythia-70m-full,EleutherAI/pythia-70m@step2,2,4194304.0,Phon,ses-7,72,-0.0211028201269303,-0.0344042582685317,-0.0142272202468999,EleutherAI/pythia-70m,0.8460260208123772,0.8625655350367195,72,104,-0.02494346463087128,0.0081448036195669,95592496
ds003604,pythia-70m-full,EleutherAI/pythia-70m@step4,4,8388608.0,Phon,ses-7,72,-0.021074548213775,-0.034383151917318,-0.0141365697993133,EleutherAI/pythia-70m,0.8460260208123772,0.8625655350367195,72,104,-0.024910047321639876,0.0081448036195669,95592496
ds003604,pythia-70m-full,EleutherAI/pythia-70m@step8,8,16777216.0,Phon,ses-7,72,-0.0208103752042975,-0.0338533008550699,-0.0139326062922435,EleutherAI/pythia-70m,0.8460260208123772,0.8625655350367195,72,104,-0.024597795685190407,0.0081448036195669,95592496
ds003604,pythia-70m-full,EleutherAI/pythia-70m@step16,16,33554432.0,Phon,ses-7,72,-0.0222565537712805,-0.0298085793163592,-0.0151067745896995,EleutherAI/pythia-70m,0.8460260208123772,0.8625655350367195,72,104,-0.02630717403929155,0.0081448036195669,95592496
ds003604,pythia-70m-full,EleutherAI/pythia-70m@step64,64,134217728.0,Phon,ses-7,72,0.012409243481238,-0.0014351130707537,0.0082436782031611,EleutherAI/pythia-70m,0.8460260208123772,0.8625655350367195,72,104,0.014667685361878475,0.0081448036195669,95592496
ds003604,pythia-70m-full,EleutherAI/pythia-70m@step512,512,1073741824.0,Phon,ses-7,72,-0.0187489372297019,-0.0191136445447453,-0.0126151122871169,EleutherAI/pythia-70m,0.8460260208123772,0.8625655350367195,72,104,-0.02216118271598628,0.0081448036195669,95592496
ds003604,pythia-70m-full,EleutherAI/pythia-70m@step3000,3000,6291456000.0,Phon,ses-7,72,-0.004194897393964,-0.0126764537037515,-0.0027899512753844,EleutherAI/pythia-70m,0.8460260208123772,0.8625655350367195,72,104,-0.0049583550514627735,0.0081448036195669,95592496
ds003604,pythia-70m-full,EleutherAI/pythia-70m@step7000,7000,14680064000.0,Phon,ses-7,72,-0.0081581809732359,-0.0178457701695517,-0.0053422513773661,EleutherAI/pythia-70m,0.8460260208123772,0.8625655350367195,72,104,-0.009642943328625038,0.0081448036195669,95592496
ds003604,pythia-70m-full,EleutherAI/pythia-70m@step13000,13000,27262976000.0,Phon,ses-7,72,0.0045774082873046,-0.0088958964402457,0.0033528415546551,EleutherAI/pythia-70m,0.8460260208123772,0.8625655350367195,72,104,0.005410481681058991,0.0081448036195669,95592496
ds003604,pythia-70m-full,EleutherAI/pythia-70m@step20000,20000,41943040000.0,Phon,ses-7,72,-0.0062532100940359,-0.0095042229613913,-0.0043818466353677,EleutherAI/pythia-70m,0.8460260208123772,0.8625655350367195,72,104,-0.007391273956362947,0.0081448036195669,95592496
ds003604,pythia-70m-full,EleutherAI/pythia-70m@step30000,30000,62914560000.0,Phon,ses-7,72,-0.0111062210278149,-0.0066382089576737,-0.0075423622404135,EleutherAI/pythia-70m,0.8460260208123772,0.8625655350367195,72,104,-0.013127517067560645,0.0081448036195669,95592496
ds003604,pythia-70m-full,EleutherAI/pythia-70m@step42000,42000,88080384000.0,Phon,ses-7,72,-0.0125695386606501,-0.0129885038013701,-0.0084231415892615,EleutherAI/pythia-70m,0.8460260208123772,0.8625655350367195,72,104,-0.014857153741655,0.0081448036195669,95592496
ds003604,pythia-70m-full,EleutherAI/pythia-70m@step59000,59000,123731968000.0,Phon,ses-7,72,-0.0050849977117909,-0.0139732857850093,-0.0034955547593016,EleutherAI/pythia-70m,0.8460260208123772,0.8625655350367195,72,104,-0.006010450726926988,0.0081448036195669,95592496
ds003604,pythia-70m-full,EleutherAI/pythia-70m@step80000,80000,167772160000.0,Phon,ses-7,72,-0.0020016237127003,-0.0055820985836875,-0.0015275825424388,EleutherAI/pythia-70m,0.8460260208123772,0.8625655350367195,72,104,-0.002365912706536244,0.0081448036195669,95592496
ds003604,pythia-70m-full,EleutherAI/pythia-70m@step107000,107000,224395264000.0,Phon,ses-7,72,0.0017249043321238,-0.0091211368664097,0.001116593013178,EleutherAI/pythia-70m,0.8460260208123772,0.8625655350367195,72,104,0.0020388313003275003,0.0081448036195669,95592496
ds003604,pythia-70m-full,EleutherAI/pythia-70m@step143000,143000,299892736000.0,Phon,ses-7,72,-0.0101135593901382,-0.0154207132167849,-0.006906584101259,EleutherAI/pythia-70m,0.8460260208123772,0.8625655350367195,72,104,-0.011954194246208746,0.0081448036195669,95592496
ds003604,pythia-70m-full,EleutherAI/pythia-70m@step0,0,0.0,Phon,ses-9,72,-0.0242760373248036,-0.033981147743801,-0.0161884549304962,EleutherAI/pythia-70m,0.8734471064940128,0.8799092800838068,72,96,-0.027793368532923298,0.008728626502912,95592496
ds003604,pythia-70m-full,EleutherAI/pythia-70m@step1,1,2097152.0,Phon,ses-9,72,-0.0242760373248036,-0.033981147743801,-0.0161884549304962,EleutherAI/pythia-70m,0.8734471064940128,0.8799092800838068,72,96,-0.027793368532923298,0.008728626502912,95592496
ds003604,pythia-70m-full,EleutherAI/pythia-70m@step2,2,4194304.0,Phon,ses-9,72,-0.0242621715690126,-0.0339794214734892,-0.0161804923911811,EleutherAI/pythia-70m,0.8734471064940128,0.8799092800838068,72,96,-0.02777749378139237,0.008728626502912,95592496
ds003604,pythia-70m-full,EleutherAI/pythia-70m@step4,4,8388608.0,Phon,ses-9,72,-0.0243089658898131,-0.0339591482145872,-0.0161817173972296,EleutherAI/pythia-70m,0.8734471064940128,0.8799092800838068,72,96,-0.027831068085380085,0.008728626502912,95592496
ds003604,pythia-70m-full,EleutherAI/pythia-70m@step8,8,16777216.0,Phon,ses-9,72,-0.0243699263491941,-0.0334464722583052,-0.0162925804446159,EleutherAI/pythia-70m,0.8734471064940128,0.8799092800838068,72,96,-0.027900861045855613,0.008728626502912,95592496
ds003604,pythia-70m-full,EleutherAI/pythia-70m@step16,16,33554432.0,Phon,ses-9,72,-0.0256485380299576,-0.0295001252708473,-0.0172266475565723,EleutherAI/pythia-70m,0.8734471064940128,0.8799092800838068,72,96,-0.029364729517406003,0.008728626502912,95592496
ds003604,pythia-70m-full,EleutherAI/pythia-70m@step64,64,134217728.0,Phon,ses-9,72,-0.0092828788123134,-0.001911060658508,-0.0061703554661301,EleutherAI/pythia-70m,0.8734471064940128,0.8799092800838068,72,96,-0.010627866007335651,0.008728626502912,95592496
ds003604,pythia-70m-full,EleutherAI/pythia-70m@step512,512,1073741824.0,Phon,ses-9,72,-0.0228675567978851,-0.0188671055981541,-0.0153340132116902,EleutherAI/pythia-70m,0.8734471064940128,0.8799092800838068,72,96,-0.026180814645634008,0.008728626502912,95592496
ds003604,pythia-70m-full,EleutherAI/pythia-70m@step3000,3000,6291456000.0,Phon,ses-9,72,-0.0120440527457662,-0.0127858393499609,-0.0079172140912445,EleutherAI/pythia-70m,0.8734471064940128,0.8799092800838068,72,96,-0.013789103720442354,0.008728626502912,95592496
ds003604,pythia-70m-full,EleutherAI/pythia-70m@step7000,7000,14680064000.0,Phon,ses-9,72,-0.0128041857666195,-0.0181408995195635,-0.0084862294007576,EleutherAI/pythia-70m,0.8734471064940128,0.8799092800838068,72,96,-0.014659371668211334,0.008728626502912,95592496
ds003604,pythia-70m-full,EleutherAI/pythia-70m@step13000,13000,27262976000.0,Phon,ses-9,72,-0.0016766928944318,-0.0093022078227778,-0.0009303920938109,EleutherAI/pythia-70m,0.8734471064940128,0.8799092800838068,72,96,-0.0019196272813381782,0.008728626502912,95592496
ds003604,pythia-70m-full,EleutherAI/pythia-70m@step20000,20000,41943040000.0,Phon,ses-9,72,-0.009739752411498,-0.0098387084617404,-0.0065825700014393,EleutherAI/pythia-70m,0.8734471064940128,0.8799092800838068,72,96,-0.01115093557364113,0.008728626502912,95592496
ds003604,pythia-70m-full,EleutherAI/pythia-70m@step30000,30000,62914560000.0,Phon,ses-9,72,-0.0124157182394488,-0.00628575933456,-0.0083392286749415,EleutherAI/pythia-70m,0.8734471064940128,0.8799092800838068,72,96,-0.014214619462516825,0.008728626502912,95592496
ds003604,pythia-70m-full,EleutherAI/pythia-70m@step42000,42000,88080384000.0,Phon,ses-9,72,-0.0119225026344666,-0.0130806654018182,-0.0078859764370086,EleutherAI/pythia-70m,0.8734471064940128,0.8799092800838068,72,96,-0.013649942332882782,0.008728626502912,95592496
ds003604,pythia-70m-full,EleutherAI/pythia-70m@step59000,59000,123731968000.0,Phon,ses-9,72,-0.0040850478390672,-0.0145785966387094,-0.00260558786509,EleutherAI/pythia-70m,0.8734471064940128,0.8799092800838068,72,96,-0.004676926408817637,0.008728626502912,95592496
ds003604,pythia-70m-full,EleutherAI/pythia-70m@step80000,80000,167772160000.0,Phon,ses-9,72,0.0007706830680556,-0.0054470840057101,0.0003521892389343,EleutherAI/pythia-70m,0.8734471064940128,0.8799092800838068,72,96,0.0008823465809499281,0.008728626502912,95592496
ds003604,pythia-70m-full,EleutherAI/pythia-70m@step107000,107000,224395264000.0,Phon,ses-9,72,-0.0027961922428437,-0.0094838018720026,-0.0020494351190859,EleutherAI/pythia-70m,0.8734471064940128,0.8799092800838068,72,96,-0.0032013297909561133,0.008728626502912,95592496
ds003604,pythia-70m-full,EleutherAI/pythia-70m@step143000,143000,299892736000.0,Phon,ses-9,72,-0.0110146797320676,-0.0153706824714792,-0.0074608993381904,EleutherAI/pythia-70m,0.8734471064940128,0.8799092800838068,72,96,-0.012610585861667288,0.008728626502912,95592496
ds003604,pythia-70m-full,EleutherAI/pythia-70m@step0,0,0.0,Plaus,ses-5,60,0.0135290030096725,0.0177670214031514,0.0090031394416712,EleutherAI/pythia-70m,0.8377735419584034,0.851372700209319,60,82,0.016148758980913523,0.0058908227201663,95592496
ds003604,pythia-70m-full,EleutherAI/pythia-70m@step1,1,2097152.0,Plaus,ses-5,60,0.0135290030096725,0.0177670214031514,0.0090031394416712,EleutherAI/pythia-70m,0.8377735419584034,0.851372700209319,60,82,0.016148758980913523,0.0058908227201663,95592496
ds003604,pythia-70m-full,EleutherAI/pythia-70m@step2,2,4194304.0,Plaus,ses-5,60,0.013542116980395,0.0177672302775398,0.0090146368882799,EleutherAI/pythia-70m,0.8377735419584034,0.851372700209319,60,82,0.01616441234076044,0.0058908227201663,95592496
ds003604,pythia-70m-full,EleutherAI/pythia-70m@step4,4,8388608.0,Plaus,ses-5,60,0.0134688648502039,0.0177680622938465,0.0089648146196421,EleutherAI/pythia-70m,0.8377735419584034,0.851372700209319,60,82,0.016076975669007995,0.0058908227201663,95592496
ds003604,pythia-70m-full,EleutherAI/pythia-70m@step8,8,16777216.0,Plaus,ses-5,60,0.0140110150104597,0.0177171866907751,0.0094029950848415,EleutherAI/pythia-70m,0.8377735419584034,0.851372700209319,60,82,0.016724107779421096,0.0058908227201663,95592496
ds003604,pythia-70m-full,EleutherAI/pythia-70m@step16,16,33554432.0,Plaus,ses-5,60,0.0120275723831267,0.0172963215458476,0.0079734792231558,EleutherAI/pythia-70m,0.8377735419584034,0.851372700209319,60,82,0.014356591346882004,0.0058908227201663,95592496
ds003604,pythia-70m-full,EleutherAI/pythia-70m@step64,64,134217728.0,Plaus,ses-5,60,0.0027373217401431,0.0079219058427413,0.0019156023544215,EleutherAI/pythia-70m,0.8377735419584034,0.851372700209319,60,82,0.0032673766871943203,0.0058908227201663,95592496
ds003604,pythia-70m-full,EleutherAI/pythia-70m@step512,512,1073741824.0,Plaus,ses-5,60,0.0034649631734112,0.0095187328555614,0.0022298658950602,EleutherAI/pythia-70m,0.8377735419584034,0.851372700209319,60,82,0.004135918598373736,0.0058908227201663,95592496
ds003604,pythia-70m-full,EleutherAI/pythia-70m@step3000,3000,6291456000.0,Plaus,ses-5,60,-0.0011273134952751,0.0004335935078252,-0.0008488948079447,EleutherAI/pythia-70m,0.8377735419584034,0.851372700209319,60,82,-0.0013456064662054853,0.0058908227201663,95592496
ds003604,pythia-70m-full,EleutherAI/pythia-70m@step7000,7000,14680064000.0,Plaus,ses-5,60,-0.0024443175474217,-0.0047513653073419,-0.0017584705841022,EleutherAI/pythia-70m,0.8377735419584034,0.851372700209319,60,82,-0.002917635166309733,0.0058908227201663,95592496
ds003604,pythia-70m-full,EleutherAI/pythia-70m@step13000,13000,27262976000.0,Plaus,ses-5,60,-0.0074152114302364,-0.0060512717473342,-0.0055334655539693,EleutherAI/pythia-70m,0.8377735419584034,0.851372700209319,60,82,-0.008851092877560194,0.0058908227201663,95592496
ds003604,pythia-70m-full,EleutherAI/pythia-70m@step20000,20000,41943040000.0,Plaus,ses-5,60,-0.0036402619048223,-0.0003934461151995,-0.0026258890560276,EleutherAI/pythia-70m,0.8377735419584034,0.851372700209319,60,82,-0.00434516217391244,0.0058908227201663,95592496
ds003604,pythia-70m-full,EleutherAI/pythia-70m@step30000,30000,62914560000.0,Plaus,ses-5,60,0.0001170595008713,-0.0016349136998389,0.0001935403512469,EleutherAI/pythia-70m,0.8377735419584034,0.851372700209319,60,82,0.00013972690113566772,0.0058908227201663,95592496
ds003604,pythia-70m-full,EleutherAI/pythia-70m@step42000,42000,88080384000.0,Plaus,ses-5,60,-0.0032601623359175,-0.006839658250038,-0.0018593926154455,EleutherAI/pythia-70m,0.8377735419584034,0.851372700209319,60,82,-0.0038914601293046944,0.0058908227201663,95592496
ds003604,pythia-70m-full,EleutherAI/pythia-70m@step59000,59000,123731968000.0,Plaus,ses-5,60,-0.0178451115734627,-0.015304616656511,-0.0114916978854279,EleutherAI/pythia-70m,0.8377735419584034,0.851372700209319,60,82,-0.021300638752266465,0.0058908227201663,95592496
ds003604,pythia-70m-full,EleutherAI/pythia-70m@step80000,80000,167772160000.0,Plaus,ses-5,60,-0.0171002488565296,-0.0114377987978805,-0.0113690584549348,EleutherAI/pythia-70m,0.8377735419584034,0.851372700209319,60,82,-0.020411540828271527,0.0058908227201663,95592496
ds003604,pythia-70m-full,EleutherAI/pythia-70m@step107000,107000,224395264000.0,Plaus,ses-5,60,-0.0031145799487246,-0.0043285928568211,-0.0018427851925662,EleutherAI/pythia-70m,0.8377735419584034,0.851372700209319,60,82,-0.0037176871705017905,0.0058908227201663,95592496
ds003604,pythia-70m-full,EleutherAI/pythia-70m@step143000,143000,299892736000.0,Plaus,ses-5,60,-0.0137891919792855,-0.0096480124045128,-0.0091308888484349,EleutherAI/pythia-70m,0.8377735419584034,0.851372700209319,60,82,-0.01645933093930311,0.0058908227201663,95592496
ds003604,pythia-70m-full,EleutherAI/pythia-70m@step0,0,0.0,Plaus,ses-7,60,0.0115028144642401,0.0174604931775339,0.00752252381728,EleutherAI/pythia-70m,0.8460574663445363,0.8583435840524389,60,103,0.01359578388207954,0.0063089941228393,95592496
ds003604,pythia-70m-full,EleutherAI/pythia-70m@step1,1,2097152.0,Plaus,ses-7,60,0.0115028144642401,0.0174604931775339,0.00752252381728,EleutherAI/pythia-70m,0.8460574663445363,0.8583435840524389,60,103,0.01359578388207954,0.0063089941228393,95592496
ds003604,pythia-70m-full,EleutherAI/pythia-70m@step2,2,4194304.0,Plaus,ses-7,60,0.011536419555222,0.0174605763698509,0.0075340212638887,EleutherAI/pythia-70m,0.8460574663445363,0.8583435840524389,60,103,0.013635503513805141,0.0063089941228393,95592496
ds003604,pythia-70m-full,EleutherAI/pythia-70m@step4,4,8388608.0,Plaus,ses-7,60,0.0115758523562957,0.0174591874717619,0.0075710685918502,EleutherAI/pythia-70m,0.8460574663445363,0.8583435840524389,60,103,0.013682111223851214,0.0063089941228393,95592496
ds003604,pythia-70m-full,EleutherAI/pythia-70m@step8,8,16777216.0,Plaus,ses-7,60,0.0124620321739044,0.0173784659012348,0.0080986736417842,EleutherAI/pythia-70m,0.8460574663445363,0.8583435840524389,60,103,0.014729533949682728,0.0063089941228393,95592496
ds003604,pythia-70m-full,EleutherAI/pythia-70m@step16,16,33554432.0,Plaus,ses-7,60,0.0113376455178046,0.0168651017707015,0.0070294111071721,EleutherAI/pythia-70m,0.8460574663445363,0.8583435840524389,60,103,0.013400561981669955,0.0063089941228393,95592496
ds003604,pythia-70m-full,EleutherAI/pythia-70m@step64,64,134217728.0,Plaus,ses-7,60,0.0122329618344878,0.0080702002293614,0.0079364318951943,EleutherAI/pythia-70m,0.8460574663445363,0.8583435840524389,60,103,0.01445878361825865,0.0063089941228393,95592496
ds003604,pythia-70m-full,EleutherAI/pythia-70m@step512,512,1073741824.0,Plaus,ses-7,60,0.0017473770881868,0.0096751650261679,0.0012730228384001,EleutherAI/pythia-70m,0.8460574663445363,0.8583435840524389,60,103,0.0020653172599923884,0.0063089941228393,95592496
ds003604,pythia-70m-full,EleutherAI/pythia-70m@step3000,3000,6291456000.0,Plaus,ses-7,60,0.0019876916836883,0.0004908280674757,0.0012883527672118,EleutherAI/pythia-70m,0.8460574663445363,0.8583435840524389,60,103,0.0023493577714954663,0.0063089941228393,95592496
ds003604,pythia-70m-full,EleutherAI/pythia-70m@step7000,7000,14680064000.0,Plaus,ses-7,60,-0.0003409751409049,-0.0043337582874834,-0.0005742335834027,EleutherAI/pythia-70m,0.8460574663445363,0.8583435840524389,60,103,-0.00040301652602643207,0.0063089941228393,95592496
ds003604,pythia-70m-full,EleutherAI/pythia-70m@step13000,13000,27262976000.0,Plaus,ses-7,60,-0.0012557265353206,-0.0055856233839834,-0.001037963929955,EleutherAI/pythia-70m,0.8460574663445363,0.8583435840524389,60,103,-0.001484209507358967,0.0063089941228393,95592496
ds003604,pythia-70m-full,EleutherAI/pythia-70m@step20000,20000,41943040000.0,Plaus,ses-7,60,0.0064036352186525,-0.0001907197907829,0.0040132476134813,EleutherAI/pythia-70m,0.8460574663445363,0.8583435840524389,60,103,0.00756879464266175,0.0063089941228393,95592496
ds003604,pythia-70m-full,EleutherAI/pythia-70m@step30000,30000,62914560000.0,Plaus,ses-7,60,-0.0007066471779933,-0.0013884225641745,-0.0002114252681939,EleutherAI/pythia-70m,0.8460574663445363,0.8583435840524389,60,103,-0.0008352236179020199,0.0063089941228393,95592496
ds003604,pythia-70m-full,EleutherAI/pythia-70m@step42000,42000,88080384000.0,Plaus,ses-7,60,-0.0067555548986547,-0.0065209522201532,-0.0043773334227579,EleutherAI/pythia-70m,0.8460574663445363,0.8583435840524389,60,103,-0.007984747097431398,0.0063089941228393,95592496
ds003604,pythia-70m-full,EleutherAI/pythia-70m@step59000,59000,123731968000.0,Plaus,ses-7,60,-0.017918777031774,-0.014572224593077,-0.0116667145726942,EleutherAI/pythia-70m,0.8460574663445363,0.8583435840524389,60,103,-0.0211791488693949,0.0063089941228393,95592496
ds003604,pythia-70m-full,EleutherAI/pythia-70m@step80000,80000,167772160000.0,Plaus,ses-7,60,-0.0139499787820389,-0.010761620156962,-0.0092650257255367,EleutherAI/pythia-70m,0.8460574663445363,0.8583435840524389,60,103,-0.016488216624706332,0.0063089941228393,95592496
ds003604,pythia-70m-full,EleutherAI/pythia-70m@step107000,107000,224395264000.0,Plaus,ses-7,60,-0.0073269518104477,-0.0037437892452522,-0.0051067825353786,EleutherAI/pythia-70m,0.8460574663445363,0.8583435840524389,60,103,-0.008660111283107544,0.0063089941228393,95592496
ds003604,pythia-70m-full,EleutherAI/pythia-70m@step143000,143000,299892736000.0,Plaus,ses-7,60,-0.0142858457500247,-0.008922417733343,-0.0096738238271806,EleutherAI/pythia-70m,0.8460574663445363,0.8583435840524389,60,103,-0.016885195531395662,0.0063089941228393,95592496
ds003604,pythia-70m-full,EleutherAI/pythia-70m@step0,0,0.0,Plaus,ses-9,60,0.0171257713269424,0.0172395858880718,0.0111914867795332,EleutherAI/pythia-70m,0.8571028945001105,0.8668304036711462,60,89,0.019980998123837506,0.0059238995685712,95592496
ds003604,pythia-70m-full,EleutherAI/pythia-70m@step1,1,2097152.0,Plaus,ses-9,60,0.0171257713269424,0.0172395858880718,0.0111914867795332,EleutherAI/pythia-70m,0.8571028945001105,0.8668304036711462,60,89,0.019980998123837506,0.0059238995685712,95592496
ds003604,pythia-70m-full,EleutherAI/pythia-70m@step2,2,4194304.0,Plaus,ses-9,60,0.0171603242593726,0.0172397079590004,0.0112080942024125,EleutherAI/pythia-70m,0.8571028945001105,0.8668304036711462,60,89,0.020021311757885317,0.0059238995685712,95592496
ds003604,pythia-70m-full,EleutherAI/pythia-70m@step4,4,8388608.0,Plaus,ses-9,60,0.0172173462277784,0.0172389899326197,0.0112476965185092,EleutherAI/pythia-70m,0.8571028945001105,0.8668304036711462,60,89,0.02008784048946667,0.0059238995685712,95592496
ds003604,pythia-70m-full,EleutherAI/pythia-70m@step8,8,16777216.0,Plaus,ses-9,60,0.0181586393467671,0.0171670312906127,0.0118851660582601,EleutherAI/pythia-70m,0.8571028945001105,0.8668304036711462,60,89,0.021186066997659354,0.0059238995685712,95592496
ds003604,pythia-70m-full,EleutherAI/pythia-70m@step16,16,33554432.0,Plaus,ses-9,60,0.0177881869860276,0.0166897911246615,0.0115083053083072,EleutherAI/pythia-70m,0.8571028945001105,0.8668304036711462,60,89,0.020753852425620653,0.0059238995685712,95592496
ds003604,pythia-70m-full,EleutherAI/pythia-70m@step64,64,134217728.0,Plaus,ses-9,60,0.0165901153954223,0.0071111454594607,0.011217036660886,EleutherAI/pythia-70m,0.8571028945001105,0.8668304036711462,60,89,0.01935603706611933,0.0059238995685712,95592496
ds003604,pythia-70m-full,EleutherAI/pythia-70m@step512,512,1073741824.0,Plaus,ses-9,60,0.0070855357279663,0.0096687382801315,0.0048193463701602,EleutherAI/pythia-70m,0.8571028945001105,0.8668304036711462,60,89,0.008266843775039178,0.0059238995685712,95592496
ds003604,pythia-70m-full,EleutherAI/pythia-70m@step3000,3000,6291456000.0,Plaus,ses-9,60,0.0083121269588608,0.0004068613205774,0.0054376534988965,EleutherAI/pythia-70m,0.8571028945001105,0.8668304036711462,60,89,0.00969793359956939,0.0059238995685712,95592496
ds003604,pythia-70m-full,EleutherAI/pythia-70m@step7000,7000,14680064000.0,Plaus,ses-9,60,0.0103685403935806,-0.0040561472308993,0.0064903086106293,EleutherAI/pythia-70m,0.8571028945001105,0.8668304036711462,60,89,0.012097194467681573,0.0059238995685712,95592496
ds003604,pythia-70m-full,EleutherAI/pythia-70m@step13000,13000,27262976000.0,Plaus,ses-9,60,0.0049386683555845,-0.0055883297503051,0.0031496616237588,EleutherAI/pythia-70m,0.8571028945001105,0.8668304036711462,60,89,0.0057620483926435545,0.0059238995685712,95592496
ds003604,pythia-70m-full,EleutherAI/pythia-70m@step20000,20000,41943040000.0,Plaus,ses-9,60,0.0129858249391703,-0.0001874350229247,0.0085943413400274,EleutherAI/pythia-70m,0.8571028945001105,0.8668304036711462,60,89,0.015150835474361623,0.0059238995685712,95592496
ds003604,pythia-70m-full,EleutherAI/pythia-70m@step30000,30000,62914560000.0,Plaus,ses-9,60,0.007478550177609,-0.0010755312395557,0.0051131700057167,EleutherAI/pythia-70m,0.8571028945001105,0.8668304036711462,60,89,0.00872538201142201,0.0059238995685712,95592496
ds003604,pythia-70m-full,EleutherAI/pythia-70m@step42000,42000,88080384000.0,Plaus,ses-9,60,0.0028769898563815,-0.0062260877599183,0.0017163132798702,EleutherAI/pythia-70m,0.8571028945001105,0.8668304036711462,60,89,0.003356644662901823,0.0059238995685712,95592496
ds003604,pythia-70m-full,EleutherAI/pythia-70m@step59000,59000,123731968000.0,Plaus,ses-9,60,-0.0133301272632412,-0.0144347022210223,-0.0086135037510419,EleutherAI/pythia-70m,0.8571028945001105,0.8668304036711462,60,89,-0.015552540247826083,0.0059238995685712,95592496
ds003604,pythia-70m-full,EleutherAI/pythia-70m@step80000,80000,167772160000.0,Plaus,ses-9,60,-0.0055260379105958,-0.0104576423685963,-0.0037028165550456,EleutherAI/pythia-70m,0.8571028945001105,0.8668304036711462,60,89,-0.006447344824122616,0.0059238995685712,95592496
ds003604,pythia-70m-full,EleutherAI/pythia-70m@step107000,107000,224395264000.0,Plaus,ses-9,60,0.0030443964011217,-0.0034027868073984,0.0017865754535902,EleutherAI/pythia-70m,0.8571028945001105,0.8668304036711462,60,89,0.0035519614047007605,0.0059238995685712,95592496
ds003604,pythia-70m-full,EleutherAI/pythia-70m@step143000,143000,299892736000.0,Plaus,ses-9,60,-0.0027617860040076,-0.0085248203122329,-0.0019041049078128,EleutherAI/pythia-70m,0.8571028945001105,0.8668304036711462,60,89,-0.0032222339018215087,0.0059238995685712,95592496
ds003604,pythia-70m-full,EleutherAI/pythia-70m@step0,0,0.0,Sem,ses-5,72,-0.0113798898702555,-0.0022978950150296,-0.0076452627484848,EleutherAI/pythia-70m,0.8591956418414916,0.8653112906283371,72,89,-0.01324481796237383,0.0077235660279985,95592496
ds003604,pythia-70m-full,EleutherAI/pythia-70m@step1,1,2097152.0,Sem,ses-5,72,-0.0113798898702555,-0.0022978950150296,-0.0076452627484848,EleutherAI/pythia-70m,0.8591956418414916,0.8653112906283371,72,89,-0.01324481796237383,0.0077235660279985,95592496
ds003604,pythia-70m-full,EleutherAI/pythia-70m@step2,2,4194304.0,Sem,ses-5,72,-0.0114319919118269,-0.0022993756865633,-0.0076703753724784,EleutherAI/pythia-70m,0.8591956418414916,0.8653112906283371,72,89,-0.013305458448700938,0.0077235660279985,95592496
ds003604,pythia-70m-full,EleutherAI/pythia-70m@step4,4,8388608.0,Sem,ses-5,72,-0.0115264989486548,-0.0023357847723847,-0.0077512257716772,EleutherAI/pythia-70m,0.8591956418414916,0.8653112906283371,72,89,-0.013415453230128539,0.0077235660279985,95592496
ds003604,pythia-70m-full,EleutherAI/pythia-70m@step8,8,16777216.0,Sem,ses-5,72,-0.0106956063781916,-0.0027642322997351,-0.007346973775683,EleutherAI/pythia-70m,0.8591956418414916,0.8653112906283371,72,89,-0.0124483945883012,0.0077235660279985,95592496
ds003604,pythia-70m-full,EleutherAI/pythia-70m@step16,16,33554432.0,Sem,ses-5,72,-0.0069179385227888,-0.0032559364942264,-0.0049422869025415,EleutherAI/pythia-70m,0.8591956418414916,0.8653112906283371,72,89,-0.008051645266684272,0.0077235660279985,95592496
ds003604,pythia-70m-full,EleutherAI/pythia-70m@step64,64,134217728.0,Sem,ses-5,72,-0.0270094323178127,-0.019048394182536,-0.017828738029394,EleutherAI/pythia-70m,0.8591956418414916,0.8653112906283371,72,89,-0.031435718481909534,0.0077235660279985,95592496
ds003604,pythia-70m-full,EleutherAI/pythia-70m@step512,512,1073741824.0,Sem,ses-5,72,0.0191835235757067,0.0342378681793126,0.0128049882246293,EleutherAI/pythia-70m,0.8591956418414916,0.8653112906283371,72,89,0.022327305495394686,0.0077235660279985,95592496
ds003604,pythia-70m-full,EleutherAI/pythia-70m@step3000,3000,6291456000.0,Sem,ses-5,72,0.0132595962572893,0.0116731415051073,0.0085248170912843,EleutherAI/pythia-70m,0.8591956418414916,0.8653112906283371,72,89,0.015432569267775094,0.0077235660279985,95592496
ds003604,pythia-70m-full,EleutherAI/pythia-70m@step7000,7000,14680064000.0,Sem,ses-5,72,-0.0017365632086179,0.002943003878061,-0.0010283925776883,EleutherAI/pythia-70m,0.8591956418414916,0.8653112906283371,72,89,-0.002021149926803597,0.0077235660279985,95592496
ds003604,pythia-70m-full,EleutherAI/pythia-70m@step13000,13000,27262976000.0,Sem,ses-5,72,0.0022181573052999,0.0064665141474981,0.0012390936180247,EleutherAI/pythia-70m,0.8591956418414916,0.8653112906283371,72,89,0.00258166731449636,0.0077235660279985,95592496
ds003604,pythia-70m-full,EleutherAI/pythia-70m@step20000,20000,41943040000.0,Sem,ses-5,72,0.0027991644514963,0.0012908383479405,0.0019734847440809,EleutherAI/pythia-70m,0.8591956418414916,0.8653112906283371,72,89,0.0032578894901013743,0.0077235660279985,95592496
ds003604,pythia-70m-full,EleutherAI/pythia-70m@step30000,30000,62914560000.0,Sem,ses-5,72,-0.0145172199482298,-0.0045388522856291,-0.0095887348443782,EleutherAI/pythia-70m,0.8591956418414916,0.8653112906283371,72,89,-0.01689629141637104,0.0077235660279985,95592496
ds003604,pythia-70m-full,EleutherAI/pythia-70m@step42000,42000,88080384000.0,Sem,ses-5,72,-0.0060237370456823,-0.0009790500259025,-0.0040241448692152,EleutherAI/pythia-70m,0.8591956418414916,0.8653112906283371,72,89,-0.007010902700544177,0.0077235660279985,95592496
ds003604,pythia-70m-full,EleutherAI/pythia-70m@step59000,59000,123731968000.0,Sem,ses-5,72,-0.0086289188909733,-0.003987595909976,-0.0052810010749428,EleutherAI/pythia-70m,0.8591956418414916,0.8653112906283371,72,89,-0.010043019855732931,0.0077235660279985,95592496
ds003604,pythia-70m-full,EleutherAI/pythia-70m@step80000,80000,167772160000.0,Sem,ses-5,72,-0.0065163777553738,-0.0053587475872904,-0.0043646965506892,EleutherAI/pythia-70m,0.8591956418414916,0.8653112906283371,72,89,-0.007584277012168518,0.0077235660279985,95592496
ds003604,pythia-70m-full,EleutherAI/pythia-70m@step107000,107000,224395264000.0,Sem,ses-5,72,0.0004624371483596,0.0130029382699186,-4.348771472059143e-05,EleutherAI/pythia-70m,0.8591956418414916,0.8653112906283371,72,89,0.0005382210125838983,0.0077235660279985,95592496
ds003604,pythia-70m-full,EleutherAI/pythia-70m@step143000,143000,299892736000.0,Sem,ses-5,72,-0.0005835108151871,0.0058375376608419,-0.0003920019355095,EleutherAI/pythia-70m,0.8591956418414916,0.8653112906283371,72,89,-0.0006791361440526822,0.0077235660279985,95592496
ds003604,pythia-70m-full,EleutherAI/pythia-70m@step0,0,0.0,Sem,ses-7,72,-0.0170744224698025,-0.002767366641905,-0.0110415920178605,EleutherAI/pythia-70m,0.8546161144168992,0.8628169351539338,72,117,-0.0199790551357112,0.0074296612798053,95592496
ds003604,pythia-70m-full,EleutherAI/pythia-70m@step1,1,2097152.0,Sem,ses-7,72,-0.0170744224698025,-0.002767366641905,-0.0110415920178605,EleutherAI/pythia-70m,0.8546161144168992,0.8628169351539338,72,117,-0.0199790551357112,0.0074296612798053,95592496
ds003604,pythia-70m-full,EleutherAI/pythia-70m@step2,2,4194304.0,Sem,ses-7,72,-0.0171211010929258,-0.0027687550250526,-0.0110642546297572,EleutherAI/pythia-70m,0.8546161144168992,0.8628169351539338,72,117,-0.020033674540068144,0.0074296612798053,95592496
ds003604,pythia-70m-full,EleutherAI/pythia-70m@step4,4,8388608.0,Sem,ses-7,72,-0.0171816670304136,-0.0028036588026492,-0.0110948797809689,EleutherAI/pythia-70m,0.8546161144168992,0.8628169351539338,72,117,-0.020104543713333294,0.0074296612798053,95592496
ds003604,pythia-70m-full,EleutherAI/pythia-70m@step8,8,16777216.0,Sem,ses-7,72,-0.016112638458186,-0.0032085764537694,-0.0104248014724572,EleutherAI/pythia-70m,0.8546161144168992,0.8628169351539338,72,117,-0.01885365626317447,0.0074296612798053,95592496
ds003604,pythia-70m-full,EleutherAI/pythia-70m@step16,16,33554432.0,Sem,ses-7,72,-0.0100341598829291,-0.0035575943204259,-0.0064729319601015,EleutherAI/pythia-70m,0.8546161144168992,0.8628169351539338,72,117,-0.011741131150768627,0.0074296612798053,95592496
ds003604,pythia-70m-full,EleutherAI/pythia-70m@step64,64,134217728.0,Sem,ses-7,72,-0.0274417571694679,-0.0196394861504954,-0.0180743517421117,EleutherAI/pythia-70m,0.8546161144168992,0.8628169351539338,72,117,-0.032110039474497025,0.0074296612798053,95592496
ds003604,pythia-70m-full,EleutherAI/pythia-70m@step512,512,1073741824.0,Sem,ses-7,72,0.0252378213364202,0.0340416697094214,0.0167966704335602,EleutherAI/pythia-70m,0.8546161144168992,0.8628169351539338,72,117,0.029531178865776306,0.0074296612798053,95592496
ds003604,pythia-70m-full,EleutherAI/pythia-70m@step3000,3000,6291456000.0,Sem,ses-7,72,0.0092418212278943,0.012443123394736,0.0061109426727794,EleutherAI/pythia-70m,0.8546161144168992,0.8628169351539338,72,117,0.010814003003207999,0.0074296612798053,95592496
ds003604,pythia-70m-full,EleutherAI/pythia-70m@step7000,7000,14680064000.0,Sem,ses-7,72,0.0002895970350867,0.0034164485296062,0.000243776203645,EleutherAI/pythia-70m,0.8546161144168992,0.8628169351539338,72,117,0.00033886212792078084,0.0074296612798053,95592496
ds003604,pythia-70m-full,EleutherAI/pythia-70m@step13000,13000,27262976000.0,Sem,ses-7,72,0.0103334180333751,0.0070665334191741,0.0070107096153787,EleutherAI/pythia-70m,0.8546161144168992,0.8628169351539338,72,117,0.01209129790446971,0.0074296612798053,95592496
ds003604,pythia-70m-full,EleutherAI/pythia-70m@step20000,20000,41943040000.0,Sem,ses-7,72,0.0058056627337037,0.0014497353197173,0.003572730140355,EleutherAI/pythia-70m,0.8546161144168992,0.8628169351539338,72,117,0.006793298927747083,0.0074296612798053,95592496
ds003604,pythia-70m-full,EleutherAI/pythia-70m@step30000,30000,62914560000.0,Sem,ses-7,72,-0.0187589619663324,-0.004309410446419,-0.012741287910109,EleutherAI/pythia-70m,0.8546161144168992,0.8628169351539338,72,117,-0.021950161774250604,0.0074296612798053,95592496
ds003604,pythia-70m-full,EleutherAI/pythia-70m@step42000,42000,88080384000.0,Sem,ses-7,72,-0.0071103301062771,-0.001923569036892,-0.0047903861525316,EleutherAI/pythia-70m,0.8546161144168992,0.8628169351539338,72,117,-0.008319911111351377,0.0074296612798053,95592496
ds003604,pythia-70m-full,EleutherAI/pythia-70m@step59000,59000,123731968000.0,Sem,ses-7,72,-0.0087468881232313,-0.0031767478340363,-0.005808366178808,EleutherAI/pythia-70m,0.8546161144168992,0.8628169351539338,72,117,-0.01023487385233692,0.0074296612798053,95592496
ds003604,pythia-70m-full,EleutherAI/pythia-70m@step80000,80000,167772160000.0,Sem,ses-7,72,-0.0136639847909151,-0.0050546601487486,-0.0092616582294375,EleutherAI/pythia-70m,0.8546161144168992,0.8628169351539338,72,117,-0.015988447398090518,0.0074296612798053,95592496
ds003604,pythia-70m-full,EleutherAI/pythia-70m@step107000,107000,224395264000.0,Sem,ses-7,72,-0.0018306354808823,0.0139580380255367,-0.0011208805343476,EleutherAI/pythia-70m,0.8546161144168992,0.8628169351539338,72,117,-0.00214205588918872,0.0074296612798053,95592496
ds003604,pythia-70m-full,EleutherAI/pythia-70m@step143000,143000,299892736000.0,Sem,ses-7,72,-0.0024757348285554,0.0069416676435576,-0.001884671805567,EleutherAI/pythia-70m,0.8546161144168992,0.8628169351539338,72,117,-0.002896896965539414,0.0074296612798053,95592496
ds003604,pythia-70m-full,EleutherAI/pythia-70m@step0,0,0.0,Sem,ses-9,72,-0.0090103195177838,-0.0022514575179334,-0.0059051416566369,EleutherAI/pythia-70m,0.8812943730411821,0.886007959425842,72,83,-0.010223961247693971,0.0084082983710845,95592496
ds003604,pythia-70m-full,EleutherAI/pythia-70m@step1,1,2097152.0,Sem,ses-9,72,-0.0090103195177838,-0.0022514575179334,-0.0059051416566369,EleutherAI/pythia-70m,0.8812943730411821,0.886007959425842,72,83,-0.010223961247693971,0.0084082983710845,95592496
ds003604,pythia-70m-full,EleutherAI/pythia-70m@step2,2,4194304.0,Sem,ses-9,72,-0.0090558612854699,-0.0022528567231074,-0.0059253542564366,EleutherAI/pythia-70m,0.8812943730411821,0.886007959425842,72,83,-0.010275637247313648,0.0084082983710845,95592496
ds003604,pythia-70m-full,EleutherAI/pythia-70m@step4,4,8388608.0,Sem,ses-9,72,-0.0090693849785631,-0.0022881549901249,-0.0059069791657096,EleutherAI/pythia-70m,0.8812943730411821,0.886007959425842,72,83,-0.01029098250935876,0.0084082983710845,95592496
ds003604,pythia-70m-full,EleutherAI/pythia-70m@step8,8,16777216.0,Sem,ses-9,72,-0.0077610468995589,-0.002698280060216,-0.0050237498047646,EleutherAI/pythia-70m,0.8812943730411821,0.886007959425842,72,83,-0.008806418305811914,0.0084082983710845,95592496
ds003604,pythia-70m-full,EleutherAI/pythia-70m@step16,16,33554432.0,Sem,ses-9,72,-0.0026638923082283,-0.0030979499646004,-0.0016745832682548,EleutherAI/pythia-70m,0.8812943730411821,0.886007959425842,72,83,-0.0030227043195972143,0.0084082983710845,95592496
ds003604,pythia-70m-full,EleutherAI/pythia-70m@step64,64,134217728.0,Sem,ses-9,72,-0.0261970377219449,-0.0192329982356982,-0.0175341240747376,EleutherAI/pythia-70m,0.8812943730411821,0.886007959425842,72,83,-0.02972563824677993,0.0084082983710845,95592496
ds003604,pythia-70m-full,EleutherAI/pythia-70m@step512,512,1073741824.0,Sem,ses-9,72,0.0358606819017727,0.034381642837431,0.0239629558170943,EleutherAI/pythia-70m,0.8812943730411821,0.886007959425842,72,83,0.04069092348567277,0.0084082983710845,95592496
ds003604,pythia-70m-full,EleutherAI/pythia-70m@step3000,3000,6291456000.0,Sem,ses-9,72,0.011302371707885,0.0129385689165088,0.0074682493744812,EleutherAI/pythia-70m,0.8812943730411821,0.886007959425842,72,83,0.012824740578885836,0.0084082983710845,95592496
ds003604,pythia-70m-full,EleutherAI/pythia-70m@step7000,7000,14680064000.0,Sem,ses-9,72,-0.0003819252187631,0.0041019319589529,4.532522379329248e-05,EleutherAI/pythia-70m,0.8812943730411821,0.886007959425842,72,83,-0.0004333684980254072,0.0084082983710845,95592496
ds003604,pythia-70m-full,EleutherAI/pythia-70m@step13000,13000,27262976000.0,Sem,ses-9,72,0.0025169260761296,0.0077235584077538,0.0016451831230916,EleutherAI/pythia-70m,0.8812943730411821,0.886007959425842,72,83,0.002855942523999284,0.0084082983710845,95592496
ds003604,pythia-70m-full,EleutherAI/pythia-70m@step20000,20000,41943040000.0,Sem,ses-9,72,0.0043217940314665,0.0019294021579082,0.0028132263903053,EleutherAI/pythia-70m,0.8812943730411821,0.886007959425842,72,83,0.004903916516058983,0.0084082983710845,95592496
ds003604,pythia-70m-full,EleutherAI/pythia-70m@step30000,30000,62914560000.0,Sem,ses-9,72,-0.0149968917387837,-0.0041191838192632,-0.0101062998998557,EleutherAI/pythia-70m,0.8812943730411821,0.886007959425842,72,83,-0.017016892649651477,0.0084082983710845,95592496
ds003604,pythia-70m-full,EleutherAI/pythia-70m@step42000,42000,88080384000.0,Sem,ses-9,72,-0.0081510910770642,-0.0019871034948416,-0.005375939043699,EleutherAI/pythia-70m,0.8812943730411821,0.886007959425842,72,83,-0.009248999342792021,0.0084082983710845,95592496
ds003604,pythia-70m-full,EleutherAI/pythia-70m@step59000,59000,123731968000.0,Sem,ses-9,72,-0.012154898306754,-0.0032256216600522,-0.0081322026527505,EleutherAI/pythia-70m,0.8812943730411821,0.886007959425842,72,83,-0.013792097939772064,0.0084082983710845,95592496
ds003604,pythia-70m-full,EleutherAI/pythia-70m@step80000,80000,167772160000.0,Sem,ses-9,72,-0.0181615911443071,-0.0050586415564015,-0.0121869726731775,EleutherAI/pythia-70m,0.8812943730411821,0.886007959425842,72,83,-0.020607860097455116,0.0084082983710845,95592496
ds003604,pythia-70m-full,EleutherAI/pythia-70m@step107000,107000,224395264000.0,Sem,ses-9,72,0.0027502753559804,0.0140534901295944,0.0020016598831956,EleutherAI/pythia-70m,0.8812943730411821,0.886007959425842,72,83,0.0031207227007358667,0.0084082983710845,95592496
ds003604,pythia-70m-full,EleutherAI/pythia-70m@step143000,143000,299892736000.0,Sem,ses-9,72,-0.0048665964281159,0.0072792439767508,-0.0032187033923479,EleutherAI/pythia-70m,0.8812943730411821,0.886007959425842,72,83,-0.005522100874560433,0.0084082983710845,95592496
