dataset,family,model_ref,step,tokens,task,session,n_stim,rsa,rsa_pearson,rsa_kendall,repo,ceiling_lower,ceiling_upper,ceiling_n_stim,ceiling_n_subjects,frac_of_ceiling,seed_null_sd,params
ds002236,babylm-gpt2-3,BrainAlign/gpt2-babylm-3@checkpoint-01,191,,Phon,ses-11,96,0.0190354789370264,0.0181502980397819,0.0127151614504565,BrainAlign/gpt2-babylm-3,,,96,,,,134601216
ds002236,babylm-gpt2-3,BrainAlign/gpt2-babylm-3@checkpoint-02,382,,Phon,ses-11,96,0.0042602744947463,0.0097555739443491,0.0027589537564024,BrainAlign/gpt2-babylm-3,,,96,,,,134601216
ds002236,babylm-gpt2-3,BrainAlign/gpt2-babylm-3@checkpoint-03,573,,Phon,ses-11,96,0.0090020450903892,0.0089364995277264,0.0060351031120244,BrainAlign/gpt2-babylm-3,,,96,,,,134601216
ds002236,babylm-gpt2-3,BrainAlign/gpt2-babylm-3@checkpoint-04,764,,Phon,ses-11,96,-0.0028952621935544,-3.361019008078694e-05,-0.001870601047475,BrainAlign/gpt2-babylm-3,,,96,,,,134601216
ds002236,babylm-gpt2-3,BrainAlign/gpt2-babylm-3@checkpoint-05,1146,,Phon,ses-11,96,0.0091044176876891,0.0068939159865689,0.0059171563477678,BrainAlign/gpt2-babylm-3,,,96,,,,134601216
ds002236,babylm-gpt2-3,BrainAlign/gpt2-babylm-3@checkpoint-06,1337,,Phon,ses-11,96,0.0057154570044671,0.0061951873677294,0.003860110904592,BrainAlign/gpt2-babylm-3,,,96,,,,134601216
ds002236,babylm-gpt2-3,BrainAlign/gpt2-babylm-3@checkpoint-07,1528,,Phon,ses-11,96,0.0083858540718278,0.0067864779679642,0.0056221932325879,BrainAlign/gpt2-babylm-3,,,96,,,,134601216
ds002236,babylm-gpt2-3,BrainAlign/gpt2-babylm-3@checkpoint-08,1719,,Phon,ses-11,96,0.0102269439288807,0.0093835910217107,0.0067558675148058,BrainAlign/gpt2-babylm-3,,,96,,,,134601216
ds002236,babylm-gpt2-3,BrainAlign/gpt2-babylm-3@checkpoint-09,1908,,Phon,ses-11,96,0.0090408992791736,0.0084725472305535,0.0059427467550209,BrainAlign/gpt2-babylm-3,,,96,,,,134601216
ds002236,babylm-gpt2-3,BrainAlign/gpt2-babylm-3@checkpoint-01,191,,Phon,ses-11+,96,0.033540804147418,0.0288998116407223,0.022285588944944,BrainAlign/gpt2-babylm-3,0.2821380444353854,0.6689092985587908,96,3.0,0.11888082734301164,,134601216
ds002236,babylm-gpt2-3,BrainAlign/gpt2-babylm-3@checkpoint-02,382,,Phon,ses-11+,96,0.0185241510342222,0.0211158673937231,0.0124302036072853,BrainAlign/gpt2-babylm-3,0.2821380444353854,0.6689092985587908,96,3.0,0.06565633880142867,,134601216
ds002236,babylm-gpt2-3,BrainAlign/gpt2-babylm-3@checkpoint-03,573,,Phon,ses-11+,96,0.0272740599541942,0.0243085870696671,0.0180899166099059,BrainAlign/gpt2-babylm-3,0.2821380444353854,0.6689092985587908,96,3.0,0.09666920322204345,,134601216
ds002236,babylm-gpt2-3,BrainAlign/gpt2-babylm-3@checkpoint-04,764,,Phon,ses-11+,96,0.0235833520589424,0.014461580028338,0.0156170751511373,BrainAlign/gpt2-babylm-3,0.2821380444353854,0.6689092985587908,96,3.0,0.08358799007818105,,134601216
ds002236,babylm-gpt2-3,BrainAlign/gpt2-babylm-3@checkpoint-05,1146,,Phon,ses-11+,96,0.0439743865660925,0.0256686857885769,0.0292833146696528,BrainAlign/gpt2-babylm-3,0.2821380444353854,0.6689092985587908,96,3.0,0.15586124393147344,,134601216
ds002236,babylm-gpt2-3,BrainAlign/gpt2-babylm-3@checkpoint-06,1337,,Phon,ses-11+,96,0.0461832245890468,0.0274677558454688,0.0309097485982998,BrainAlign/gpt2-babylm-3,0.2821380444353854,0.6689092985587908,96,3.0,0.16369017046768242,,134601216
ds002236,babylm-gpt2-3,BrainAlign/gpt2-babylm-3@checkpoint-07,1528,,Phon,ses-11+,96,0.0486532099057073,0.0288619381817343,0.0325282937547861,BrainAlign/gpt2-babylm-3,0.2821380444353854,0.6689092985587908,96,3.0,0.1724446981372969,,134601216
ds002236,babylm-gpt2-3,BrainAlign/gpt2-babylm-3@checkpoint-08,1719,,Phon,ses-11+,96,0.0491183922817584,0.0293571360801402,0.0329573659966982,BrainAlign/gpt2-babylm-3,0.2821380444353854,0.6689092985587908,96,3.0,0.17409347392356855,,134601216
ds002236,babylm-gpt2-3,BrainAlign/gpt2-babylm-3@checkpoint-09,1908,,Phon,ses-11+,96,0.0474131897639825,0.0289542727492216,0.0317702019910491,BrainAlign/gpt2-babylm-3,0.2821380444353854,0.6689092985587908,96,3.0,0.16804961507004756,,134601216
ds002236,babylm-gpt2-3,BrainAlign/gpt2-babylm-3@checkpoint-01,191,,Phon,ses-9,96,0.0184528410072633,0.0196059936393366,0.0121971962149286,BrainAlign/gpt2-babylm-3,,,96,,,0.008728626502912,134601216
ds002236,babylm-gpt2-3,BrainAlign/gpt2-babylm-3@checkpoint-02,382,,Phon,ses-9,96,0.0139784892456568,0.0220209427866887,0.0093439620107518,BrainAlign/gpt2-babylm-3,,,96,,,0.008728626502912,134601216
ds002236,babylm-gpt2-3,BrainAlign/gpt2-babylm-3@checkpoint-03,573,,Phon,ses-9,96,0.0242678683802746,0.0272515766443207,0.0160607704829083,BrainAlign/gpt2-babylm-3,,,96,,,0.008728626502912,134601216
ds002236,babylm-gpt2-3,BrainAlign/gpt2-babylm-3@checkpoint-04,764,,Phon,ses-9,96,0.0160487962767064,0.0141228730121634,0.0107529736822864,BrainAlign/gpt2-babylm-3,,,96,,,0.008728626502912,134601216
ds002236,babylm-gpt2-3,BrainAlign/gpt2-babylm-3@checkpoint-05,1146,,Phon,ses-9,96,0.0363373242890757,0.0333955980219762,0.0244122864740266,BrainAlign/gpt2-babylm-3,,,96,,,0.008728626502912,134601216
ds002236,babylm-gpt2-3,BrainAlign/gpt2-babylm-3@checkpoint-06,1337,,Phon,ses-9,96,0.0355365691346193,0.0332337888231359,0.0238329427429068,BrainAlign/gpt2-babylm-3,,,96,,,0.008728626502912,134601216
ds002236,babylm-gpt2-3,BrainAlign/gpt2-babylm-3@checkpoint-07,1528,,Phon,ses-9,96,0.0323725036981965,0.0301155186293798,0.0216256258105232,BrainAlign/gpt2-babylm-3,,,96,,,0.008728626502912,134601216
ds002236,babylm-gpt2-3,BrainAlign/gpt2-babylm-3@checkpoint-08,1719,,Phon,ses-9,96,0.0323509062116967,0.030004994173949,0.0216533327176242,BrainAlign/gpt2-babylm-3,,,96,,,0.008728626502912,134601216
ds002236,babylm-gpt2-3,BrainAlign/gpt2-babylm-3@checkpoint-09,1908,,Phon,ses-9,96,0.0312003557845905,0.0292197944299106,0.0208409815941476,BrainAlign/gpt2-babylm-3,,,96,,,0.008728626502912,134601216
ds002236,babylm-gpt2-3,BrainAlign/gpt2-babylm-3@checkpoint-01,191,,Sem,ses-11,72,0.0227975654521073,-0.0028822178758059,0.0153897509868954,BrainAlign/gpt2-babylm-3,,,72,,,,134601216
ds002236,babylm-gpt2-3,BrainAlign/gpt2-babylm-3@checkpoint-02,382,,Sem,ses-11,72,-0.0211121111534461,-0.0267997128788633,-0.0141359572962891,BrainAlign/gpt2-babylm-3,,,72,,,,134601216
ds002236,babylm-gpt2-3,BrainAlign/gpt2-babylm-3@checkpoint-03,573,,Sem,ses-11,72,-0.0186193558311922,-0.028518950465362,-0.0124099237739986,BrainAlign/gpt2-babylm-3,,,72,,,,134601216
ds002236,babylm-gpt2-3,BrainAlign/gpt2-babylm-3@checkpoint-04,764,,Sem,ses-11,72,-0.0024540009120929,-0.0173716083352557,-0.0014981823972755,BrainAlign/gpt2-babylm-3,,,72,,,,134601216
ds002236,babylm-gpt2-3,BrainAlign/gpt2-babylm-3@checkpoint-05,1146,,Sem,ses-11,72,-0.0064154635105317,-0.0223102355591789,-0.0041215328500684,BrainAlign/gpt2-babylm-3,,,72,,,,134601216
ds002236,babylm-gpt2-3,BrainAlign/gpt2-babylm-3@checkpoint-06,1337,,Sem,ses-11,72,-0.0112738152215608,-0.0258180590933207,-0.0075025495438383,BrainAlign/gpt2-babylm-3,,,72,,,,134601216
ds002236,babylm-gpt2-3,BrainAlign/gpt2-babylm-3@checkpoint-07,1528,,Sem,ses-11,72,-0.0113941796113234,-0.0265212431673178,-0.0073163486244713,BrainAlign/gpt2-babylm-3,,,72,,,,134601216
ds002236,babylm-gpt2-3,BrainAlign/gpt2-babylm-3@checkpoint-08,1719,,Sem,ses-11,72,-0.0133787928909928,-0.0269895172897618,-0.0089780693292173,BrainAlign/gpt2-babylm-3,,,72,,,,134601216
ds002236,babylm-gpt2-3,BrainAlign/gpt2-babylm-3@checkpoint-09,1908,,Sem,ses-11,72,-0.0146292864430912,-0.0284201299614516,-0.009645697625632,BrainAlign/gpt2-babylm-3,,,72,,,,134601216
ds002236,babylm-gpt2-3,BrainAlign/gpt2-babylm-3@checkpoint-01,191,,Sem,ses-11+,72,0.0012485892114481,-0.0164644922674499,0.0007674662893648,BrainAlign/gpt2-babylm-3,0.2731807870321323,0.6611824419010607,72,3.0,0.004570560122521492,,134601216
ds002236,babylm-gpt2-3,BrainAlign/gpt2-babylm-3@checkpoint-02,382,,Sem,ses-11+,72,-0.0090111811421007,-0.0193519143995317,-0.0060699049701557,BrainAlign/gpt2-babylm-3,0.2731807870321323,0.6611824419010607,72,3.0,-0.03298614532888354,,134601216
ds002236,babylm-gpt2-3,BrainAlign/gpt2-babylm-3@checkpoint-03,573,,Sem,ses-11+,72,-0.0104972028272013,-0.0167851495873562,-0.0067889835206061,BrainAlign/gpt2-babylm-3,0.2731807870321323,0.6611824419010607,72,3.0,-0.03842584590682283,,134601216
ds002236,babylm-gpt2-3,BrainAlign/gpt2-babylm-3@checkpoint-04,764,,Sem,ses-11+,72,0.0125430453298001,-0.000204295388026,0.0086405801628645,BrainAlign/gpt2-babylm-3,0.2731807870321323,0.6611824419010607,72,3.0,0.04591481511591352,,134601216
ds002236,babylm-gpt2-3,BrainAlign/gpt2-babylm-3@checkpoint-05,1146,,Sem,ses-11+,72,0.0109253201639482,0.0032440142004238,0.0074529367988754,BrainAlign/gpt2-babylm-3,0.2731807870321323,0.6611824419010607,72,3.0,0.03999300347085951,,134601216
ds002236,babylm-gpt2-3,BrainAlign/gpt2-babylm-3@checkpoint-06,1337,,Sem,ses-11+,72,0.0059364859060413,-0.0007124873257189,0.0040461949780877,BrainAlign/gpt2-babylm-3,0.2731807870321323,0.6611824419010607,72,3.0,0.0217309788530005,,134601216
ds002236,babylm-gpt2-3,BrainAlign/gpt2-babylm-3@checkpoint-07,1528,,Sem,ses-11+,72,0.0053626548903103,-0.0031941412849535,0.0036517430304812,BrainAlign/gpt2-babylm-3,0.2731807870321323,0.6611824419010607,72,3.0,0.01963042477683297,,134601216
ds002236,babylm-gpt2-3,BrainAlign/gpt2-babylm-3@checkpoint-08,1719,,Sem,ses-11+,72,0.0066953060097746,-0.0007362731417774,0.0044094092714582,BrainAlign/gpt2-babylm-3,0.2731807870321323,0.6611824419010607,72,3.0,0.024508700200014725,,134601216
ds002236,babylm-gpt2-3,BrainAlign/gpt2-babylm-3@checkpoint-09,1908,,Sem,ses-11+,72,0.005957935249335,-0.0017567544936415,0.003931656912556,BrainAlign/gpt2-babylm-3,0.2731807870321323,0.6611824419010607,72,3.0,0.02180949588022898,,134601216
ds002236,babylm-gpt2-3,BrainAlign/gpt2-babylm-3@checkpoint-01,191,,Sem,ses-9,72,-0.0026086707410861,-0.0145851775951262,-0.0017480836311629,BrainAlign/gpt2-babylm-3,,,72,,,0.0084082983710845,134601216
ds002236,babylm-gpt2-3,BrainAlign/gpt2-babylm-3@checkpoint-02,382,,Sem,ses-9,72,-0.0027690995836532,-0.0014131864642522,-0.0019642971987174,BrainAlign/gpt2-babylm-3,,,72,,,0.0084082983710845,134601216
ds002236,babylm-gpt2-3,BrainAlign/gpt2-babylm-3@checkpoint-03,573,,Sem,ses-9,72,0.0033421207156435,-0.0018315874981984,0.0023048488801913,BrainAlign/gpt2-babylm-3,,,72,,,0.0084082983710845,134601216
ds002236,babylm-gpt2-3,BrainAlign/gpt2-babylm-3@checkpoint-04,764,,Sem,ses-9,72,0.017850585008597,0.0090505916669152,0.0118188583556131,BrainAlign/gpt2-babylm-3,,,72,,,0.0084082983710845,134601216
ds002236,babylm-gpt2-3,BrainAlign/gpt2-babylm-3@checkpoint-05,1146,,Sem,ses-9,72,0.0277924950373331,0.0097606423808781,0.0184124534114887,BrainAlign/gpt2-babylm-3,,,72,,,0.0084082983710845,134601216
ds002236,babylm-gpt2-3,BrainAlign/gpt2-babylm-3@checkpoint-06,1337,,Sem,ses-9,72,0.0302344066200831,0.0101827503096992,0.0201299118914399,BrainAlign/gpt2-babylm-3,,,72,,,0.0084082983710845,134601216
ds002236,babylm-gpt2-3,BrainAlign/gpt2-babylm-3@checkpoint-07,1528,,Sem,ses-9,72,0.0286806342435998,0.0051400215948981,0.0191658321312961,BrainAlign/gpt2-babylm-3,,,72,,,0.0084082983710845,134601216
ds002236,babylm-gpt2-3,BrainAlign/gpt2-babylm-3@checkpoint-08,1719,,Sem,ses-9,72,0.02718582672122,0.0061829435853058,0.0181901148136918,BrainAlign/gpt2-babylm-3,,,72,,,0.0084082983710845,134601216
ds002236,babylm-gpt2-3,BrainAlign/gpt2-babylm-3@checkpoint-09,1908,,Sem,ses-9,72,0.0276596223632845,0.0054568884866806,0.0185735417068621,BrainAlign/gpt2-babylm-3,,,72,,,0.0084082983710845,134601216
ds002236,babylm-gpt2-5,BrainAlign/gpt2-babylm-5@checkpoint-01,191,,Phon,ses-11,96,0.015635344142002,0.015935714757193,0.0104239541604614,BrainAlign/gpt2-babylm-5,,,96,,,,134601216
ds002236,babylm-gpt2-5,BrainAlign/gpt2-babylm-5@checkpoint-02,382,,Phon,ses-11,96,0.0035412923543391,0.0085800008328729,0.0023121798793979,BrainAlign/gpt2-babylm-5,,,96,,,,134601216
ds002236,babylm-gpt2-5,BrainAlign/gpt2-babylm-5@checkpoint-03,573,,Phon,ses-11,96,0.0102200659266141,0.009920421114835,0.0067951189665323,BrainAlign/gpt2-babylm-5,,,96,,,,134601216
ds002236,babylm-gpt2-5,BrainAlign/gpt2-babylm-5@checkpoint-04,764,,Phon,ses-11,96,-0.0049616263361168,-0.0023646242083524,-0.0033833212115614,BrainAlign/gpt2-babylm-5,,,96,,,,134601216
ds002236,babylm-gpt2-5,BrainAlign/gpt2-babylm-5@checkpoint-05,1146,,Phon,ses-11,96,0.0016711667399487,1.63994535186604e-05,0.0010530548789169,BrainAlign/gpt2-babylm-5,,,96,,,,134601216
ds002236,babylm-gpt2-5,BrainAlign/gpt2-babylm-5@checkpoint-06,1337,,Phon,ses-11,96,0.0029220420694191,0.0024067078198404,0.0019248604072145,BrainAlign/gpt2-babylm-5,,,96,,,,134601216
ds002236,babylm-gpt2-5,BrainAlign/gpt2-babylm-5@checkpoint-07,1528,,Phon,ses-11,96,0.0092597486370685,0.007286713498501,0.0060922486079203,BrainAlign/gpt2-babylm-5,,,96,,,,134601216
ds002236,babylm-gpt2-5,BrainAlign/gpt2-babylm-5@checkpoint-08,1719,,Phon,ses-11,96,0.0111581599044772,0.0101035666913899,0.007397359377826,BrainAlign/gpt2-babylm-5,,,96,,,,134601216
ds002236,babylm-gpt2-5,BrainAlign/gpt2-babylm-5@checkpoint-09,1908,,Phon,ses-11,96,0.0106121383797004,0.0098392668545882,0.0069861811800833,BrainAlign/gpt2-babylm-5,,,96,,,,134601216
ds002236,babylm-gpt2-5,BrainAlign/gpt2-babylm-5@checkpoint-01,191,,Phon,ses-11+,96,0.0313445181906827,0.0253751263999492,0.0208559895021607,BrainAlign/gpt2-babylm-5,0.2821380444353854,0.6689092985587908,96,3.0,0.11109638990165024,,134601216
ds002236,babylm-gpt2-5,BrainAlign/gpt2-babylm-5@checkpoint-02,382,,Phon,ses-11+,96,0.0194385182012781,0.0231952871618281,0.0129577892966678,BrainAlign/gpt2-babylm-5,0.2821380444353854,0.6689092985587908,96,3.0,0.06889718910534896,,134601216
ds002236,babylm-gpt2-5,BrainAlign/gpt2-babylm-5@checkpoint-03,573,,Phon,ses-11+,96,0.0341885254916036,0.0295137741892303,0.0226765641895922,BrainAlign/gpt2-babylm-5,0.2821380444353854,0.6689092985587908,96,3.0,0.12117658772329577,,134601216
ds002236,babylm-gpt2-5,BrainAlign/gpt2-babylm-5@checkpoint-04,764,,Phon,ses-11+,96,0.0294696570602783,0.015893564449195,0.0195141285985307,BrainAlign/gpt2-babylm-5,0.2821380444353854,0.6689092985587908,96,3.0,0.10445119912577891,,134601216
ds002236,babylm-gpt2-5,BrainAlign/gpt2-babylm-5@checkpoint-05,1146,,Phon,ses-11+,96,0.042182507450338,0.0207002314791729,0.0281869677483905,BrainAlign/gpt2-babylm-5,0.2821380444353854,0.6689092985587908,96,3.0,0.14951017164223143,,134601216
ds002236,babylm-gpt2-5,BrainAlign/gpt2-babylm-5@checkpoint-06,1337,,Phon,ses-11+,96,0.0479393971192769,0.0271079830624572,0.0320522736980639,BrainAlign/gpt2-babylm-5,0.2821380444353854,0.6689092985587908,96,3.0,0.16991468561148218,,134601216
ds002236,babylm-gpt2-5,BrainAlign/gpt2-babylm-5@checkpoint-07,1528,,Phon,ses-11+,96,0.0488019624136305,0.0280302767192694,0.0325496511623432,BrainAlign/gpt2-babylm-5,0.2821380444353854,0.6689092985587908,96,3.0,0.17297193120939425,,134601216
ds002236,babylm-gpt2-5,BrainAlign/gpt2-babylm-5@checkpoint-08,1719,,Phon,ses-11+,96,0.0487803701159745,0.0285168628287131,0.0325663907520501,BrainAlign/gpt2-babylm-5,0.2821380444353854,0.6689092985587908,96,3.0,0.1728954002413739,,134601216
ds002236,babylm-gpt2-5,BrainAlign/gpt2-babylm-5@checkpoint-09,1908,,Phon,ses-11+,96,0.0484654012237637,0.0288094756971645,0.0323614750849486,BrainAlign/gpt2-babylm-5,0.2821380444353854,0.6689092985587908,96,3.0,0.17177903575801926,,134601216
ds002236,babylm-gpt2-5,BrainAlign/gpt2-babylm-5@checkpoint-01,191,,Phon,ses-9,96,0.0146928510370705,0.0147417892758226,0.0096858729407418,BrainAlign/gpt2-babylm-5,,,96,,,0.008728626502912,134601216
ds002236,babylm-gpt2-5,BrainAlign/gpt2-babylm-5@checkpoint-02,382,,Phon,ses-9,96,0.0185438501632414,0.0252302261337078,0.0123524703401407,BrainAlign/gpt2-babylm-5,,,96,,,0.008728626502912,134601216
ds002236,babylm-gpt2-5,BrainAlign/gpt2-babylm-5@checkpoint-03,573,,Phon,ses-9,96,0.0260417939699919,0.0292359365107195,0.0172714083959624,BrainAlign/gpt2-babylm-5,,,96,,,0.008728626502912,134601216
ds002236,babylm-gpt2-5,BrainAlign/gpt2-babylm-5@checkpoint-04,764,,Phon,ses-9,96,0.0172964030142666,0.0149896438816305,0.0115560891700626,BrainAlign/gpt2-babylm-5,,,96,,,0.008728626502912,134601216
ds002236,babylm-gpt2-5,BrainAlign/gpt2-babylm-5@checkpoint-05,1146,,Phon,ses-9,96,0.02197933794307,0.0196948891248291,0.0147214108972804,BrainAlign/gpt2-babylm-5,,,96,,,0.008728626502912,134601216
ds002236,babylm-gpt2-5,BrainAlign/gpt2-babylm-5@checkpoint-06,1337,,Phon,ses-9,96,0.0232807379303298,0.0223340193491536,0.015618614423754,BrainAlign/gpt2-babylm-5,,,96,,,0.008728626502912,134601216
ds002236,babylm-gpt2-5,BrainAlign/gpt2-babylm-5@checkpoint-07,1528,,Phon,ses-9,96,0.0217211824607532,0.0221575683534024,0.0144177893736314,BrainAlign/gpt2-babylm-5,,,96,,,0.008728626502912,134601216
ds002236,babylm-gpt2-5,BrainAlign/gpt2-babylm-5@checkpoint-08,1719,,Phon,ses-9,96,0.0235468427213181,0.0235423659945693,0.0157286724158498,BrainAlign/gpt2-babylm-5,,,96,,,0.008728626502912,134601216
ds002236,babylm-gpt2-5,BrainAlign/gpt2-babylm-5@checkpoint-09,1908,,Phon,ses-9,96,0.0229471626036657,0.0234267470884188,0.015291711401777,BrainAlign/gpt2-babylm-5,,,96,,,0.008728626502912,134601216
ds002236,babylm-gpt2-5,BrainAlign/gpt2-babylm-5@checkpoint-01,191,,Sem,ses-11,72,0.020816410167611,-0.0023127948722126,0.014056944406163,BrainAlign/gpt2-babylm-5,,,72,,,,134601216
ds002236,babylm-gpt2-5,BrainAlign/gpt2-babylm-5@checkpoint-02,382,,Sem,ses-11,72,-0.0212172839351536,-0.0253952751803142,-0.0142437578285542,BrainAlign/gpt2-babylm-5,,,72,,,,134601216
ds002236,babylm-gpt2-5,BrainAlign/gpt2-babylm-5@checkpoint-03,573,,Sem,ses-11,72,-0.0198755358163341,-0.0267477285737346,-0.0131222647911824,BrainAlign/gpt2-babylm-5,,,72,,,,134601216
ds002236,babylm-gpt2-5,BrainAlign/gpt2-babylm-5@checkpoint-04,764,,Sem,ses-11,72,-0.0089014156656401,-0.0205712522791221,-0.0058016286455414,BrainAlign/gpt2-babylm-5,,,72,,,,134601216
ds002236,babylm-gpt2-5,BrainAlign/gpt2-babylm-5@checkpoint-05,1146,,Sem,ses-11,72,-0.0110543087016894,-0.026128499685589,-0.0072550983220479,BrainAlign/gpt2-babylm-5,,,72,,,,134601216
ds002236,babylm-gpt2-5,BrainAlign/gpt2-babylm-5@checkpoint-06,1337,,Sem,ses-11,72,-0.0144008999468369,-0.0295276460431663,-0.009504209427034,BrainAlign/gpt2-babylm-5,,,72,,,,134601216
ds002236,babylm-gpt2-5,BrainAlign/gpt2-babylm-5@checkpoint-07,1528,,Sem,ses-11,72,-0.0149736745924713,-0.0294067980229106,-0.00980311090286,BrainAlign/gpt2-babylm-5,,,72,,,,134601216
ds002236,babylm-gpt2-5,BrainAlign/gpt2-babylm-5@checkpoint-08,1719,,Sem,ses-11,72,-0.0157811179026486,-0.0299684642521068,-0.0105154519200438,BrainAlign/gpt2-babylm-5,,,72,,,,134601216
ds002236,babylm-gpt2-5,BrainAlign/gpt2-babylm-5@checkpoint-09,1908,,Sem,ses-11,72,-0.0174686705691205,-0.0310537923552646,-0.0115438444977322,BrainAlign/gpt2-babylm-5,,,72,,,,134601216
ds002236,babylm-gpt2-5,BrainAlign/gpt2-babylm-5@checkpoint-01,191,,Sem,ses-11+,72,0.0003994659926996,-0.015755493863172,0.0004452896986178,BrainAlign/gpt2-babylm-5,0.2731807870321323,0.6611824419010607,72,3.0,0.0014622770401954135,,134601216
ds002236,babylm-gpt2-5,BrainAlign/gpt2-babylm-5@checkpoint-02,382,,Sem,ses-11+,72,-0.0072706439697862,-0.0212239584554207,-0.0047138232745024,BrainAlign/gpt2-babylm-5,0.2731807870321323,0.6611824419010607,72,3.0,-0.026614770565585227,,134601216
ds002236,babylm-gpt2-5,BrainAlign/gpt2-babylm-5@checkpoint-03,573,,Sem,ses-11+,72,-0.0138050957144786,-0.0159952703129784,-0.0092273580600804,BrainAlign/gpt2-babylm-5,0.2731807870321323,0.6611824419010607,72,3.0,-0.05053465093375987,,134601216
ds002236,babylm-gpt2-5,BrainAlign/gpt2-babylm-5@checkpoint-04,764,,Sem,ses-11+,72,0.008374343039754,-0.0041498472403083,0.0059602669288179,BrainAlign/gpt2-babylm-5,0.2731807870321323,0.6611824419010607,72,3.0,0.03065494880051351,,134601216
ds002236,babylm-gpt2-5,BrainAlign/gpt2-babylm-5@checkpoint-05,1146,,Sem,ses-11+,72,0.0089975223486142,0.0013830506396415,0.0061483053572577,BrainAlign/gpt2-babylm-5,0.2731807870321323,0.6611824419010607,72,3.0,0.03293614622889233,,134601216
ds002236,babylm-gpt2-5,BrainAlign/gpt2-babylm-5@checkpoint-06,1337,,Sem,ses-11+,72,0.0082917966994478,0.0018550123542317,0.0055456023814117,BrainAlign/gpt2-babylm-5,0.2731807870321323,0.6611824419010607,72,3.0,0.030352781356005453,,134601216
ds002236,babylm-gpt2-5,BrainAlign/gpt2-babylm-5@checkpoint-07,1528,,Sem,ses-11+,72,0.0067221543384665,-0.0010945764625705,0.0046635980265152,BrainAlign/gpt2-babylm-5,0.2731807870321323,0.6611824419010607,72,3.0,0.024606980642733933,,134601216
ds002236,babylm-gpt2-5,BrainAlign/gpt2-babylm-5@checkpoint-08,1719,,Sem,ses-11+,72,0.0098563339902482,0.0016787561567221,0.0066989455760437,BrainAlign/gpt2-babylm-5,0.2731807870321323,0.6611824419010607,72,3.0,0.03607989455381747,,134601216
ds002236,babylm-gpt2-5,BrainAlign/gpt2-babylm-5@checkpoint-09,1908,,Sem,ses-11+,72,0.0085787269390051,0.0006732801493985,0.0059719044862784,BrainAlign/gpt2-babylm-5,0.2731807870321323,0.6611824419010607,72,3.0,0.03140311232061882,,134601216
ds002236,babylm-gpt2-5,BrainAlign/gpt2-babylm-5@checkpoint-01,191,,Sem,ses-9,72,-0.0032469202113713,-0.0126662428408654,-0.0020310600283588,BrainAlign/gpt2-babylm-5,,,72,,,0.0084082983710845,134601216
ds002236,babylm-gpt2-5,BrainAlign/gpt2-babylm-5@checkpoint-02,382,,Sem,ses-9,72,-0.0030935086844455,-0.0021884635516666,-0.0018577216725007,BrainAlign/gpt2-babylm-5,,,72,,,0.0084082983710845,134601216
ds002236,babylm-gpt2-5,BrainAlign/gpt2-babylm-5@checkpoint-03,573,,Sem,ses-9,72,0.0085825356203056,0.0020984443675447,0.0058200037362684,BrainAlign/gpt2-babylm-5,,,72,,,0.0084082983710845,134601216
ds002236,babylm-gpt2-5,BrainAlign/gpt2-babylm-5@checkpoint-04,764,,Sem,ses-9,72,0.0125149149846101,0.0030135531624265,0.008348416220305,BrainAlign/gpt2-babylm-5,,,72,,,0.0084082983710845,134601216
ds002236,babylm-gpt2-5,BrainAlign/gpt2-babylm-5@checkpoint-05,1146,,Sem,ses-9,72,0.027007974958251,0.0075265402249533,0.0180474016090454,BrainAlign/gpt2-babylm-5,,,72,,,0.0084082983710845,134601216
ds002236,babylm-gpt2-5,BrainAlign/gpt2-babylm-5@checkpoint-06,1337,,Sem,ses-9,72,0.0281500863756819,0.0074321960136706,0.0188497805707915,BrainAlign/gpt2-babylm-5,,,72,,,0.0084082983710845,134601216
ds002236,babylm-gpt2-5,BrainAlign/gpt2-babylm-5@checkpoint-07,1528,,Sem,ses-9,72,0.024608686830968,0.0016546762632772,0.0168089204940449,BrainAlign/gpt2-babylm-5,,,72,,,0.0084082983710845,134601216
ds002236,babylm-gpt2-5,BrainAlign/gpt2-babylm-5@checkpoint-08,1719,,Sem,ses-9,72,0.0259797330510367,0.0043025049241364,0.0175433116201011,BrainAlign/gpt2-babylm-5,,,72,,,0.0084082983710845,134601216
ds002236,babylm-gpt2-5,BrainAlign/gpt2-babylm-5@checkpoint-09,1908,,Sem,ses-9,72,0.0261706838032029,0.0033650960087564,0.0177742252602372,BrainAlign/gpt2-babylm-5,,,72,,,0.0084082983710845,134601216
ds002236,babylm-gpt2-7,BrainAlign/gpt2-babylm-7@checkpoint-01,191,,Phon,ses-11,96,0.0164269212442682,0.0138129387613551,0.010900743853492,BrainAlign/gpt2-babylm-7,,,96,,,,134601216
ds002236,babylm-gpt2-7,BrainAlign/gpt2-babylm-7@checkpoint-02,382,,Phon,ses-11,96,0.0036073322878175,0.0091349050171908,0.0021919242062163,BrainAlign/gpt2-babylm-7,,,96,,,,134601216
ds002236,babylm-gpt2-7,BrainAlign/gpt2-babylm-7@checkpoint-03,573,,Phon,ses-11,96,0.010719169040029,0.0097093869529016,0.0070637220381508,BrainAlign/gpt2-babylm-7,,,96,,,,134601216
ds002236,babylm-gpt2-7,BrainAlign/gpt2-babylm-7@checkpoint-04,764,,Phon,ses-11,96,-0.0060108294055199,-0.0018211086747887,-0.004059831526612,BrainAlign/gpt2-babylm-7,,,96,,,,134601216
ds002236,babylm-gpt2-7,BrainAlign/gpt2-babylm-7@checkpoint-05,1146,,Phon,ses-11,96,0.0081535678865708,0.0054757451221239,0.0052843228932168,BrainAlign/gpt2-babylm-7,,,96,,,,134601216
ds002236,babylm-gpt2-7,BrainAlign/gpt2-babylm-7@checkpoint-06,1337,,Phon,ses-11,96,0.0074705063398546,0.0061015604604694,0.0049678099614027,BrainAlign/gpt2-babylm-7,,,96,,,,134601216
ds002236,babylm-gpt2-7,BrainAlign/gpt2-babylm-7@checkpoint-07,1528,,Phon,ses-11,96,0.0112434831001294,0.0080973349600872,0.0073887009693569,BrainAlign/gpt2-babylm-7,,,96,,,,134601216
ds002236,babylm-gpt2-7,BrainAlign/gpt2-babylm-7@checkpoint-08,1719,,Phon,ses-11,96,0.0138704546073352,0.012131879839958,0.009119420617787,BrainAlign/gpt2-babylm-7,,,96,,,,134601216
ds002236,babylm-gpt2-7,BrainAlign/gpt2-babylm-7@checkpoint-09,1908,,Phon,ses-11,96,0.0124289819087822,0.0110602756826566,0.0081864290029746,BrainAlign/gpt2-babylm-7,,,96,,,,134601216
ds002236,babylm-gpt2-7,BrainAlign/gpt2-babylm-7@checkpoint-01,191,,Phon,ses-11+,96,0.0292461935546911,0.0240646254470791,0.0194644870566413,BrainAlign/gpt2-babylm-7,0.2821380444353854,0.6689092985587908,96,3.0,0.10365916306401915,,134601216
ds002236,babylm-gpt2-7,BrainAlign/gpt2-babylm-7@checkpoint-02,382,,Phon,ses-11+,96,0.0168564310786724,0.0189435270231355,0.0112051350134493,BrainAlign/gpt2-babylm-7,0.2821380444353854,0.6689092985587908,96,3.0,0.059745331801691205,,134601216
ds002236,babylm-gpt2-7,BrainAlign/gpt2-babylm-7@checkpoint-03,573,,Phon,ses-11+,96,0.0297658725851668,0.0251769422058108,0.0197688782165987,BrainAlign/gpt2-babylm-7,0.2821380444353854,0.6689092985587908,96,3.0,0.10550109484431373,,134601216
ds002236,babylm-gpt2-7,BrainAlign/gpt2-babylm-7@checkpoint-04,764,,Phon,ses-11+,96,0.0236228359961817,0.0136006600499331,0.0156486302397801,BrainAlign/gpt2-babylm-7,0.2821380444353854,0.6689092985587908,96,3.0,0.08372793553402454,,134601216
ds002236,babylm-gpt2-7,BrainAlign/gpt2-babylm-7@checkpoint-05,1146,,Phon,ses-11+,96,0.0453433397308571,0.0275405124201783,0.0303025055510018,BrainAlign/gpt2-babylm-7,0.2821380444353854,0.6689092985587908,96,3.0,0.16071331259702384,,134601216
ds002236,babylm-gpt2-7,BrainAlign/gpt2-babylm-7@checkpoint-06,1337,,Phon,ses-11+,96,0.0473747117030936,0.0289366166673307,0.0316738050434267,BrainAlign/gpt2-babylm-7,0.2821380444353854,0.6689092985587908,96,3.0,0.16791323480638656,,134601216
ds002236,babylm-gpt2-7,BrainAlign/gpt2-babylm-7@checkpoint-07,1528,,Phon,ses-11+,96,0.0481326291554282,0.0287259680596672,0.0321348171921358,BrainAlign/gpt2-babylm-7,0.2821380444353854,0.6689092985587908,96,3.0,0.17059957033356207,,134601216
ds002236,babylm-gpt2-7,BrainAlign/gpt2-babylm-7@checkpoint-08,1719,,Phon,ses-11+,96,0.0492594807408609,0.030268059357715,0.0329519785425397,BrainAlign/gpt2-babylm-7,0.2821380444353854,0.6689092985587908,96,3.0,0.17459354281496833,,134601216
ds002236,babylm-gpt2-7,BrainAlign/gpt2-babylm-7@checkpoint-09,1908,,Phon,ses-11+,96,0.0479329371353275,0.0299043924191517,0.0321201941022769,BrainAlign/gpt2-babylm-7,0.2821380444353854,0.6689092985587908,96,3.0,0.16989178907527655,,134601216
ds002236,babylm-gpt2-7,BrainAlign/gpt2-babylm-7@checkpoint-01,191,,Phon,ses-9,96,0.0117727765519014,0.0133670099234076,0.0077198369910298,BrainAlign/gpt2-babylm-7,,,96,,,0.008728626502912,134601216
ds002236,babylm-gpt2-7,BrainAlign/gpt2-babylm-7@checkpoint-02,382,,Phon,ses-9,96,0.0143547981178954,0.019280475825383,0.0096293046720772,BrainAlign/gpt2-babylm-7,,,96,,,0.008728626502912,134601216
ds002236,babylm-gpt2-7,BrainAlign/gpt2-babylm-7@checkpoint-03,573,,Phon,ses-9,96,0.0303554178784589,0.0305840388289222,0.020119832373212,BrainAlign/gpt2-babylm-7,,,96,,,0.008728626502912,134601216
ds002236,babylm-gpt2-7,BrainAlign/gpt2-babylm-7@checkpoint-04,764,,Phon,ses-9,96,0.0215834033449681,0.0178208752125068,0.01439142933007,BrainAlign/gpt2-babylm-7,,,96,,,0.008728626502912,134601216
ds002236,babylm-gpt2-7,BrainAlign/gpt2-babylm-7@checkpoint-05,1146,,Phon,ses-9,96,0.033659273677139,0.0321870962337066,0.0224903122029684,BrainAlign/gpt2-babylm-7,,,96,,,0.008728626502912,134601216
ds002236,babylm-gpt2-7,BrainAlign/gpt2-babylm-7@checkpoint-06,1337,,Phon,ses-9,96,0.0345004581508599,0.0317330351583894,0.0229915378487895,BrainAlign/gpt2-babylm-7,,,96,,,0.008728626502912,134601216
ds002236,babylm-gpt2-7,BrainAlign/gpt2-babylm-7@checkpoint-07,1528,,Phon,ses-9,96,0.0298104563964992,0.0280495102932644,0.0198745107999215,BrainAlign/gpt2-babylm-7,,,96,,,0.008728626502912,134601216
ds002236,babylm-gpt2-7,BrainAlign/gpt2-babylm-7@checkpoint-08,1719,,Phon,ses-9,96,0.0329926021692389,0.0305194235020834,0.0219738862400572,BrainAlign/gpt2-babylm-7,,,96,,,0.008728626502912,134601216
ds002236,babylm-gpt2-7,BrainAlign/gpt2-babylm-7@checkpoint-09,1908,,Phon,ses-9,96,0.0320452418022843,0.0296592916472757,0.021417246780034,BrainAlign/gpt2-babylm-7,,,96,,,0.008728626502912,134601216
ds002236,babylm-gpt2-7,BrainAlign/gpt2-babylm-7@checkpoint-01,191,,Sem,ses-11,72,0.0203645403133123,-0.0033460139482454,0.0135644919746791,BrainAlign/gpt2-babylm-7,,,72,,,,134601216
ds002236,babylm-gpt2-7,BrainAlign/gpt2-babylm-7@checkpoint-02,382,,Sem,ses-11,72,-0.0224335158837873,-0.025748845901993,-0.0150859494868755,BrainAlign/gpt2-babylm-7,,,72,,,,134601216
ds002236,babylm-gpt2-7,BrainAlign/gpt2-babylm-7@checkpoint-03,573,,Sem,ses-11,72,-0.0192811659477259,-0.0276425508758918,-0.0129219763022579,BrainAlign/gpt2-babylm-7,,,72,,,,134601216
ds002236,babylm-gpt2-7,BrainAlign/gpt2-babylm-7@checkpoint-04,764,,Sem,ses-11,72,-0.0034518667893881,-0.0200017279076545,-0.0021762232451022,BrainAlign/gpt2-babylm-7,,,72,,,,134601216
ds002236,babylm-gpt2-7,BrainAlign/gpt2-babylm-7@checkpoint-05,1146,,Sem,ses-11,72,-0.010231565271971,-0.0255387091033269,-0.0066248327101115,BrainAlign/gpt2-babylm-7,,,72,,,,134601216
ds002236,babylm-gpt2-7,BrainAlign/gpt2-babylm-7@checkpoint-06,1337,,Sem,ses-11,72,-0.0105065297846728,-0.027696407717158,-0.0070027470760636,BrainAlign/gpt2-babylm-7,,,72,,,,134601216
ds002236,babylm-gpt2-7,BrainAlign/gpt2-babylm-7@checkpoint-07,1528,,Sem,ses-11,72,-0.0152369493280571,-0.0294790460411446,-0.0100070744099298,BrainAlign/gpt2-babylm-7,,,72,,,,134601216
ds002236,babylm-gpt2-7,BrainAlign/gpt2-babylm-7@checkpoint-08,1719,,Sem,ses-11,72,-0.0161178261695649,-0.0300735823082382,-0.0105718021982733,BrainAlign/gpt2-babylm-7,,,72,,,,134601216
ds002236,babylm-gpt2-7,BrainAlign/gpt2-babylm-7@checkpoint-09,1908,,Sem,ses-11,72,-0.0172765958966611,-0.0313638907919703,-0.011325793421105,BrainAlign/gpt2-babylm-7,,,72,,,,134601216
ds002236,babylm-gpt2-7,BrainAlign/gpt2-babylm-7@checkpoint-01,191,,Sem,ses-11+,72,-0.0005789907009644,-0.0175128097278963,-0.0001610882953734,BrainAlign/gpt2-babylm-7,0.2731807870321323,0.6611824419010607,72,3.0,-0.0021194415143708386,,134601216
ds002236,babylm-gpt2-7,BrainAlign/gpt2-babylm-7@checkpoint-02,382,,Sem,ses-11+,72,-0.0081762477763634,-0.0191605532241554,-0.0053918641223291,BrainAlign/gpt2-babylm-7,0.2731807870321323,0.6611824419010607,72,3.0,-0.029929805332179846,,134601216
ds002236,babylm-gpt2-7,BrainAlign/gpt2-babylm-7@checkpoint-03,573,,Sem,ses-11+,72,-0.0113583679464313,-0.0172458858943066,-0.007522762143638,BrainAlign/gpt2-babylm-7,0.2731807870321323,0.6611824419010607,72,3.0,-0.04157820932368607,,134601216
ds002236,babylm-gpt2-7,BrainAlign/gpt2-babylm-7@checkpoint-04,764,,Sem,ses-11+,72,0.010131888489242,-0.003291795659647,0.0069555843431976,BrainAlign/gpt2-babylm-7,0.2731807870321323,0.6611824419010607,72,3.0,0.03708858371526054,,134601216
ds002236,babylm-gpt2-7,BrainAlign/gpt2-babylm-7@checkpoint-05,1146,,Sem,ses-11+,72,0.0094276000783021,0.0022654562600175,0.0064808944994165,BrainAlign/gpt2-babylm-7,0.2731807870321323,0.6611824419010607,72,3.0,0.03451047996722112,,134601216
ds002236,babylm-gpt2-7,BrainAlign/gpt2-babylm-7@checkpoint-06,1337,,Sem,ses-11+,72,0.0098134604553297,-0.00013731155168,0.0065525573532519,BrainAlign/gpt2-babylm-7,0.2731807870321323,0.6611824419010607,72,3.0,0.03592295256904511,,134601216
ds002236,babylm-gpt2-7,BrainAlign/gpt2-babylm-7@checkpoint-07,1528,,Sem,ses-11+,72,0.0067898259817466,-0.0022883091091174,0.0046103102634069,BrainAlign/gpt2-babylm-7,0.2731807870321323,0.6611824419010607,72,3.0,0.0248546980756299,,134601216
ds002236,babylm-gpt2-7,BrainAlign/gpt2-babylm-7@checkpoint-08,1719,,Sem,ses-11+,72,0.0087049653213998,-5.140835861674369e-05,0.0059088166747823,BrainAlign/gpt2-babylm-7,0.2731807870321323,0.6611824419010607,72,3.0,0.031865217960499896,,134601216
ds002236,babylm-gpt2-7,BrainAlign/gpt2-babylm-7@checkpoint-09,1908,,Sem,ses-11+,72,0.0075740830462333,-0.001106438594042,0.0052687510144581,BrainAlign/gpt2-babylm-7,0.2731807870321323,0.6611824419010607,72,3.0,0.027725533440762857,,134601216
ds002236,babylm-gpt2-7,BrainAlign/gpt2-babylm-7@checkpoint-01,191,,Sem,ses-9,72,0.0040375607694414,-0.0102101198251425,0.0027354385062276,BrainAlign/gpt2-babylm-7,,,72,,,0.0084082983710845,134601216
ds002236,babylm-gpt2-7,BrainAlign/gpt2-babylm-7@checkpoint-02,382,,Sem,ses-9,72,-0.0037253595701459,-0.0027175078602495,-0.0024304120001592,BrainAlign/gpt2-babylm-7,,,72,,,0.0084082983710845,134601216
ds002236,babylm-gpt2-7,BrainAlign/gpt2-babylm-7@checkpoint-03,573,,Sem,ses-9,72,0.0069277857604983,0.0004587958483272,0.0047720110618046,BrainAlign/gpt2-babylm-7,,,72,,,0.0084082983710845,134601216
ds002236,babylm-gpt2-7,BrainAlign/gpt2-babylm-7@checkpoint-04,764,,Sem,ses-9,72,0.0153595356881181,0.0049552162210491,0.0101118124270738,BrainAlign/gpt2-babylm-7,,,72,,,0.0084082983710845,134601216
ds002236,babylm-gpt2-7,BrainAlign/gpt2-babylm-7@checkpoint-05,1146,,Sem,ses-9,72,0.0243525709789889,0.0074934615276869,0.0162925804446159,BrainAlign/gpt2-babylm-7,,,72,,,0.0084082983710845,134601216
ds002236,babylm-gpt2-7,BrainAlign/gpt2-babylm-7@checkpoint-06,1337,,Sem,ses-9,72,0.0307853086557661,0.0089607186001293,0.0205696890628397,BrainAlign/gpt2-babylm-7,,,72,,,0.0084082983710845,134601216
ds002236,babylm-gpt2-7,BrainAlign/gpt2-babylm-7@checkpoint-07,1528,,Sem,ses-9,72,0.0294994073027173,0.0055544787932301,0.0197936477311356,BrainAlign/gpt2-babylm-7,,,72,,,0.0084082983710845,134601216
ds002236,babylm-gpt2-7,BrainAlign/gpt2-babylm-7@checkpoint-08,1719,,Sem,ses-9,72,0.0281756627485432,0.0062346134296043,0.0187572926141322,BrainAlign/gpt2-babylm-7,,,72,,,0.0084082983710845,134601216
ds002236,babylm-gpt2-7,BrainAlign/gpt2-babylm-7@checkpoint-09,1908,,Sem,ses-9,72,0.028583711209313,0.0058695031546102,0.0191364319861329,BrainAlign/gpt2-babylm-7,,,72,,,0.0084082983710845,134601216
ds002236,babylm-gpt2,BrainAlign/gpt2-babylm-9@checkpoint-01,598,,Phon,ses-11,96,-0.0134769933159162,-0.0045800833723198,-0.008733063190989,BrainAlign/gpt2-babylm-9,,,96,,,,134601216
ds002236,babylm-gpt2,BrainAlign/gpt2-babylm-9@checkpoint-02,897,,Phon,ses-11,96,0.0066845391370579,0.0075781933807468,0.0044409939083286,BrainAlign/gpt2-babylm-9,,,96,,,,134601216
ds002236,babylm-gpt2,BrainAlign/gpt2-babylm-9@checkpoint-03,1196,,Phon,ses-11,96,0.0016155332225075,0.0054696029884369,0.0011198208286674,BrainAlign/gpt2-babylm-9,,,96,,,,134601216
ds002236,babylm-gpt2,BrainAlign/gpt2-babylm-9@checkpoint-04,1495,,Phon,ses-11,96,0.0067312453120536,0.0077003061658408,0.0045512443095015,BrainAlign/gpt2-babylm-9,,,96,,,,134601216
ds002236,babylm-gpt2,BrainAlign/gpt2-babylm-9@checkpoint-05,1794,,Phon,ses-11,96,0.0097842967013677,0.012477619978256,0.006609636616217,BrainAlign/gpt2-babylm-9,,,96,,,,134601216
ds002236,babylm-gpt2,BrainAlign/gpt2-babylm-9@checkpoint-06,2093,,Phon,ses-11,96,0.0052528548759037,0.0080537427105774,0.0035253191104543,BrainAlign/gpt2-babylm-9,,,96,,,,134601216
ds002236,babylm-gpt2,BrainAlign/gpt2-babylm-9@checkpoint-07,2392,,Phon,ses-11,96,0.0061829577812307,0.0088249618060628,0.0041248657946687,BrainAlign/gpt2-babylm-9,,,96,,,,134601216
ds002236,babylm-gpt2,BrainAlign/gpt2-babylm-9@checkpoint-08,2691,,Phon,ses-11,96,0.0046316415627915,0.0084594029885686,0.0030188984195518,BrainAlign/gpt2-babylm-9,,,96,,,,134601216
ds002236,babylm-gpt2,BrainAlign/gpt2-babylm-9@checkpoint-09,2990,,Phon,ses-11,96,0.0053301267578091,0.0092618126640533,0.0034560518427017,BrainAlign/gpt2-babylm-9,,,96,,,,134601216
ds002236,babylm-gpt2,BrainAlign/gpt2-babylm-9@checkpoint-01,598,,Phon,ses-11+,96,0.0297702772807505,0.0279857407536299,0.0198377606661971,BrainAlign/gpt2-babylm-9,0.2821380444353854,0.6689092985587908,96,3.0,0.10551670668989988,,134601216
ds002236,babylm-gpt2,BrainAlign/gpt2-babylm-9@checkpoint-02,897,,Phon,ses-11+,96,0.0177291859966389,0.0131913282696134,0.0118295024686084,BrainAlign/gpt2-babylm-9,0.2821380444353854,0.6689092985587908,96,3.0,0.06283869313732057,,134601216
ds002236,babylm-gpt2,BrainAlign/gpt2-babylm-9@checkpoint-03,1196,,Phon,ses-11+,96,0.0189243935116763,0.007619239395192,0.0124319352889791,BrainAlign/gpt2-babylm-9,0.2821380444353854,0.6689092985587908,96,3.0,0.06707494393231438,,134601216
ds002236,babylm-gpt2,BrainAlign/gpt2-babylm-9@checkpoint-04,1495,,Phon,ses-11+,96,0.0255327308076621,0.012491060420197,0.0169446977830626,BrainAlign/gpt2-babylm-9,0.2821380444353854,0.6689092985587908,96,3.0,0.0904972984368634,,134601216
ds002236,babylm-gpt2,BrainAlign/gpt2-babylm-9@checkpoint-05,1794,,Phon,ses-11+,96,0.0237914629147981,0.0106213657590274,0.0157898585023647,BrainAlign/gpt2-babylm-9,0.2821380444353854,0.6689092985587908,96,3.0,0.08432561075699511,,134601216
ds002236,babylm-gpt2,BrainAlign/gpt2-babylm-9@checkpoint-06,2093,,Phon,ses-11+,96,0.0275173562331673,0.0138250918877025,0.018281171232534,BrainAlign/gpt2-babylm-9,0.2821380444353854,0.6689092985587908,96,3.0,0.09753153385689274,,134601216
ds002236,babylm-gpt2,BrainAlign/gpt2-babylm-9@checkpoint-07,2392,,Phon,ses-11+,96,0.0246909089920564,0.0119694347719458,0.0163944078225834,BrainAlign/gpt2-babylm-9,0.2821380444353854,0.6689092985587908,96,3.0,0.08751357528357383,,134601216
ds002236,babylm-gpt2,BrainAlign/gpt2-babylm-9@checkpoint-08,2691,,Phon,ses-11+,96,0.0291482741243692,0.0169410082838726,0.019245140708758,BrainAlign/gpt2-babylm-9,0.2821380444353854,0.6689092985587908,96,3.0,0.10331210093520254,,134601216
ds002236,babylm-gpt2,BrainAlign/gpt2-babylm-9@checkpoint-09,2990,,Phon,ses-11+,96,0.0306274208661394,0.0173267516204433,0.0202691418170343,BrainAlign/gpt2-babylm-9,0.2821380444353854,0.6689092985587908,96,3.0,0.10855473577635014,,134601216
ds002236,babylm-gpt2,BrainAlign/gpt2-babylm-9@checkpoint-01,598,,Phon,ses-9,96,0.0215569168286128,0.0205087547035199,0.0145696001354559,BrainAlign/gpt2-babylm-9,,,96,,,0.008728626502912,134601216
ds002236,babylm-gpt2,BrainAlign/gpt2-babylm-9@checkpoint-02,897,,Phon,ses-9,96,0.0064630313193472,0.0066736130372283,0.0043024593728233,BrainAlign/gpt2-babylm-9,,,96,,,0.008728626502912,134601216
ds002236,babylm-gpt2,BrainAlign/gpt2-babylm-9@checkpoint-03,1196,,Phon,ses-9,96,0.0175751413742884,0.0184290866039714,0.0116861577061759,BrainAlign/gpt2-babylm-9,,,96,,,0.008728626502912,134601216
ds002236,babylm-gpt2,BrainAlign/gpt2-babylm-9@checkpoint-04,1495,,Phon,ses-9,96,0.0125162170035317,0.0097971189461422,0.008335930855874,BrainAlign/gpt2-babylm-9,,,96,,,0.008728626502912,134601216
ds002236,babylm-gpt2,BrainAlign/gpt2-babylm-9@checkpoint-05,1794,,Phon,ses-9,96,0.0233757785648109,0.0221023533806964,0.01547007461624,BrainAlign/gpt2-babylm-9,,,96,,,0.008728626502912,134601216
ds002236,babylm-gpt2,BrainAlign/gpt2-babylm-9@checkpoint-06,2093,,Phon,ses-9,96,0.0260640773963281,0.0231388986634105,0.0174299534754851,BrainAlign/gpt2-babylm-9,,,96,,,0.008728626502912,134601216
ds002236,babylm-gpt2,BrainAlign/gpt2-babylm-9@checkpoint-07,2392,,Phon,ses-9,96,0.0208221760430875,0.0191047854866012,0.0138888568207093,BrainAlign/gpt2-babylm-9,,,96,,,0.008728626502912,134601216
ds002236,babylm-gpt2,BrainAlign/gpt2-babylm-9@checkpoint-08,2691,,Phon,ses-9,96,0.0229365754639963,0.0207880637876291,0.0152772807209952,BrainAlign/gpt2-babylm-9,,,96,,,0.008728626502912,134601216
ds002236,babylm-gpt2,BrainAlign/gpt2-babylm-9@checkpoint-09,2990,,Phon,ses-9,96,0.0239625592168253,0.0215220625498561,0.0159145395843194,BrainAlign/gpt2-babylm-9,,,96,,,0.008728626502912,134601216
ds002236,babylm-gpt2,BrainAlign/gpt2-babylm-9@checkpoint-01,598,,Sem,ses-11,72,-0.0034581446459618,-0.0129059735698858,-0.002558425132224,BrainAlign/gpt2-babylm-9,,,72,,,,134601216
ds002236,babylm-gpt2,BrainAlign/gpt2-babylm-9@checkpoint-02,897,,Sem,ses-11,72,-0.0057588942831912,-0.0141654710271942,-0.0039573820395738,BrainAlign/gpt2-babylm-9,,,72,,,,134601216
ds002236,babylm-gpt2,BrainAlign/gpt2-babylm-9@checkpoint-03,1196,,Sem,ses-11,72,-0.0110204588669767,-0.0199438727597697,-0.007776950898695,BrainAlign/gpt2-babylm-9,,,72,,,,134601216
ds002236,babylm-gpt2,BrainAlign/gpt2-babylm-9@checkpoint-04,1495,,Sem,ses-11,72,-0.0179211031021849,-0.0265439261450936,-0.0123002857326608,BrainAlign/gpt2-babylm-9,,,72,,,,134601216
ds002236,babylm-gpt2,BrainAlign/gpt2-babylm-9@checkpoint-05,1794,,Sem,ses-11,72,-0.0189143791592034,-0.0254284515852729,-0.0127419004131332,BrainAlign/gpt2-babylm-9,,,72,,,,134601216
ds002236,babylm-gpt2,BrainAlign/gpt2-babylm-9@checkpoint-06,2093,,Sem,ses-11,72,-0.0175444539849515,-0.0262313492897853,-0.0120154718263921,BrainAlign/gpt2-babylm-9,,,72,,,,134601216
ds002236,babylm-gpt2,BrainAlign/gpt2-babylm-9@checkpoint-07,2392,,Sem,ses-11,72,-0.0139983453291882,-0.0219969574221335,-0.0095115594633248,BrainAlign/gpt2-babylm-9,,,72,,,,134601216
ds002236,babylm-gpt2,BrainAlign/gpt2-babylm-9@checkpoint-08,2691,,Sem,ses-11,72,-0.0186895512647982,-0.024423509649638,-0.0127927381641446,BrainAlign/gpt2-babylm-9,,,72,,,,134601216
ds002236,babylm-gpt2,BrainAlign/gpt2-babylm-9@checkpoint-09,2990,,Sem,ses-11,72,-0.0191785262983928,-0.0248501034544874,-0.0130567269675894,BrainAlign/gpt2-babylm-9,,,72,,,,134601216
ds002236,babylm-gpt2,BrainAlign/gpt2-babylm-9@checkpoint-01,598,,Sem,ses-11+,72,0.0077168546985676,0.0114610042326112,0.0052356758511495,BrainAlign/gpt2-babylm-9,0.2731807870321323,0.6611824419010607,72,3.0,0.02824816043033042,,134601216
ds002236,babylm-gpt2,BrainAlign/gpt2-babylm-9@checkpoint-02,897,,Sem,ses-11+,72,0.0061448955095651,0.0107816344961747,0.0041429704559166,BrainAlign/gpt2-babylm-9,0.2731807870321323,0.6611824419010607,72,3.0,0.022493878783804516,,134601216
ds002236,babylm-gpt2,BrainAlign/gpt2-babylm-9@checkpoint-03,1196,,Sem,ses-11+,72,0.0056227554852726,0.0089508220548528,0.0037252433933892,BrainAlign/gpt2-babylm-9,0.2731807870321323,0.6611824419010607,72,3.0,0.020582543693349987,,134601216
ds002236,babylm-gpt2,BrainAlign/gpt2-babylm-9@checkpoint-04,1495,,Sem,ses-11+,72,0.0137521974429297,0.0142070890381637,0.0096046599230083,BrainAlign/gpt2-babylm-9,0.2731807870321323,0.6611824419010607,72,3.0,0.0503410126031745,,134601216
ds002236,babylm-gpt2,BrainAlign/gpt2-babylm-9@checkpoint-05,1794,,Sem,ses-11+,72,0.006447851673968,0.0123681577398467,0.0046452229357882,BrainAlign/gpt2-babylm-9,0.2731807870321323,0.6611824419010607,72,3.0,0.023602873921033055,,134601216
ds002236,babylm-gpt2,BrainAlign/gpt2-babylm-9@checkpoint-06,2093,,Sem,ses-11+,72,0.0006794371247638,0.0057175757631013,0.0007484786956135,BrainAlign/gpt2-babylm-9,0.2731807870321323,0.6611824419010607,72,3.0,0.0024871336382960296,,134601216
ds002236,babylm-gpt2,BrainAlign/gpt2-babylm-9@checkpoint-07,2392,,Sem,ses-11+,72,0.0110970607899777,0.0135268891566115,0.0079870394360072,BrainAlign/gpt2-babylm-9,0.2731807870321323,0.6611824419010607,72,3.0,0.04062167369285906,,134601216
ds002236,babylm-gpt2,BrainAlign/gpt2-babylm-9@checkpoint-08,2691,,Sem,ses-11+,72,0.0063326419391051,0.0105271135985705,0.0046017352210676,BrainAlign/gpt2-babylm-9,0.2731807870321323,0.6611824419010607,72,3.0,0.023181139522671618,,134601216
ds002236,babylm-gpt2,BrainAlign/gpt2-babylm-9@checkpoint-09,2990,,Sem,ses-11+,72,0.005631352325725,0.0098430621452033,0.0041944207099522,BrainAlign/gpt2-babylm-9,0.2731807870321323,0.6611824419010607,72,3.0,0.020614013111627152,,134601216
ds002236,babylm-gpt2,BrainAlign/gpt2-babylm-9@checkpoint-01,598,,Sem,ses-9,72,0.0180796419764841,0.022337887856201,0.012054672019943,BrainAlign/gpt2-babylm-9,,,72,,,0.0084082983710845,134601216
ds002236,babylm-gpt2,BrainAlign/gpt2-babylm-9@checkpoint-02,897,,Sem,ses-9,72,0.0156446672240348,0.0183585505536174,0.0103629386670096,BrainAlign/gpt2-babylm-9,,,72,,,0.0084082983710845,134601216
ds002236,babylm-gpt2,BrainAlign/gpt2-babylm-9@checkpoint-03,1196,,Sem,ses-9,72,0.0199135895728596,0.0253476840203416,0.0133874786006755,BrainAlign/gpt2-babylm-9,,,72,,,0.0084082983710845,134601216
ds002236,babylm-gpt2,BrainAlign/gpt2-babylm-9@checkpoint-04,1495,,Sem,ses-9,72,0.0222751839717928,0.0261157496134839,0.0147429477933047,BrainAlign/gpt2-babylm-9,,,72,,,0.0084082983710845,134601216
ds002236,babylm-gpt2,BrainAlign/gpt2-babylm-9@checkpoint-05,1794,,Sem,ses-9,72,0.0202268392374414,0.0303578529487597,0.0132894781167982,BrainAlign/gpt2-babylm-9,,,72,,,0.0084082983710845,134601216
ds002236,babylm-gpt2,BrainAlign/gpt2-babylm-9@checkpoint-06,2093,,Sem,ses-9,72,0.0190667623421781,0.0210536600105051,0.0126046997357049,BrainAlign/gpt2-babylm-9,,,72,,,0.0084082983710845,134601216
ds002236,babylm-gpt2,BrainAlign/gpt2-babylm-9@checkpoint-07,2392,,Sem,ses-9,72,0.0182298182801618,0.0222838233125157,0.0120105718021982,BrainAlign/gpt2-babylm-9,,,72,,,0.0084082983710845,134601216
ds002236,babylm-gpt2,BrainAlign/gpt2-babylm-9@checkpoint-08,2691,,Sem,ses-9,72,0.0192913164427012,0.0229769088878948,0.0127719130613207,BrainAlign/gpt2-babylm-9,,,72,,,0.0084082983710845,134601216
ds002236,babylm-gpt2,BrainAlign/gpt2-babylm-9@checkpoint-09,2990,,Sem,ses-9,72,0.0170868042771246,0.0206624981403104,0.0113845937114314,BrainAlign/gpt2-babylm-9,,,72,,,0.0084082983710845,134601216
ds002236,beetle-fineweb3-eng,Beetle-FineWeb3-24B/beetle-monolingual-fineweb3-eng@step-0,0,,Phon,ses-11,96,0.0196256498023869,0.0027536707090261,0.0131984930521082,Beetle-FineWeb3-24B/beetle-monolingual-fineweb3-eng,,,96,,,,193804032
ds002236,beetle-fineweb3-eng,Beetle-FineWeb3-24B/beetle-monolingual-fineweb3-eng@step-1,1,,Phon,ses-11,96,0.0196256498023869,0.0027536707090261,0.0131984930521082,Beetle-FineWeb3-24B/beetle-monolingual-fineweb3-eng,,,96,,,,193804032
ds002236,beetle-fineweb3-eng,Beetle-FineWeb3-24B/beetle-monolingual-fineweb3-eng@step-2,2,,Phon,ses-11,96,0.0196256498023869,0.0027536707090261,0.0131984930521082,Beetle-FineWeb3-24B/beetle-monolingual-fineweb3-eng,,,96,,,,193804032
ds002236,beetle-fineweb3-eng,Beetle-FineWeb3-24B/beetle-monolingual-fineweb3-eng@step-4,4,,Phon,ses-11,96,0.0196137676032442,0.0027559116552313,0.013193875234258,Beetle-FineWeb3-24B/beetle-monolingual-fineweb3-eng,,,96,,,,193804032
ds002236,beetle-fineweb3-eng,Beetle-FineWeb3-24B/beetle-monolingual-fineweb3-eng@step-6,6,,Phon,ses-11,96,0.0195899866259703,0.0027574164778848,0.0131754039628573,Beetle-FineWeb3-24B/beetle-monolingual-fineweb3-eng,,,96,,,,193804032
ds002236,beetle-fineweb3-eng,Beetle-FineWeb3-24B/beetle-monolingual-fineweb3-eng@step-8,8,,Phon,ses-11,96,0.0195583856814478,0.002758229714221,0.013155585827917,Beetle-FineWeb3-24B/beetle-monolingual-fineweb3-eng,,,96,,,,193804032
ds002236,beetle-fineweb3-eng,Beetle-FineWeb3-24B/beetle-monolingual-fineweb3-eng@step-16,16,,Phon,ses-11,96,0.0195543349662557,0.0028056284683542,0.013157702327765,Beetle-FineWeb3-24B/beetle-monolingual-fineweb3-eng,,,96,,,,193804032
ds002236,beetle-fineweb3-eng,Beetle-FineWeb3-24B/beetle-monolingual-fineweb3-eng@step-32,32,,Phon,ses-11,96,0.0192622400161146,0.0029633728358132,0.0130085852930197,Beetle-FineWeb3-24B/beetle-monolingual-fineweb3-eng,,,96,,,,193804032
ds002236,beetle-fineweb3-eng,Beetle-FineWeb3-24B/beetle-monolingual-fineweb3-eng@step-64,64,,Phon,ses-11,96,0.0251901663786558,0.0127063694676919,0.0167274679350273,Beetle-FineWeb3-24B/beetle-monolingual-fineweb3-eng,,,96,,,,193804032
ds002236,beetle-fineweb3-eng,Beetle-FineWeb3-24B/beetle-monolingual-fineweb3-eng@step-128,128,,Phon,ses-11,96,0.0264349658251738,0.0206082330737894,0.0175694500563758,Beetle-FineWeb3-24B/beetle-monolingual-fineweb3-eng,,,96,,,,193804032
ds002236,beetle-fineweb3-eng,Beetle-FineWeb3-24B/beetle-monolingual-fineweb3-eng@step-256,256,,Phon,ses-11,96,0.00077071478634,-0.0042590773423489,0.0003834712906416,Beetle-FineWeb3-24B/beetle-monolingual-fineweb3-eng,,,96,,,,193804032
ds002236,beetle-fineweb3-eng,Beetle-FineWeb3-24B/beetle-monolingual-fineweb3-eng@step-512,512,,Phon,ses-11,96,0.0017103969300714,0.0017979528618616,0.0010378545618268,Beetle-FineWeb3-24B/beetle-monolingual-fineweb3-eng,,,96,,,,193804032
ds002236,beetle-fineweb3-eng,Beetle-FineWeb3-24B/beetle-monolingual-fineweb3-eng@step-1024,1024,,Phon,ses-11,96,-0.0017452689976473,0.0088455939283499,-0.0011548392806979,Beetle-FineWeb3-24B/beetle-monolingual-fineweb3-eng,,,96,,,,193804032
ds002236,beetle-fineweb3-eng,Beetle-FineWeb3-24B/beetle-monolingual-fineweb3-eng@step-2048,2048,,Phon,ses-11,96,-0.0059435881914277,0.0036030049557603,-0.0041346786576003,Beetle-FineWeb3-24B/beetle-monolingual-fineweb3-eng,,,96,,,,193804032
ds002236,beetle-fineweb3-eng,Beetle-FineWeb3-24B/beetle-monolingual-fineweb3-eng@step-4096,4096,,Phon,ses-11,96,-0.017315444172583,-0.0044218603186006,-0.0115081793098671,Beetle-FineWeb3-24B/beetle-monolingual-fineweb3-eng,,,96,,,,193804032
ds002236,beetle-fineweb3-eng,Beetle-FineWeb3-24B/beetle-monolingual-fineweb3-eng@step-8192,8192,,Phon,ses-11,96,-0.0175806834391173,-0.0121057236092831,-0.0117812077902587,Beetle-FineWeb3-24B/beetle-monolingual-fineweb3-eng,,,96,,,,193804032
ds002236,beetle-fineweb3-eng,Beetle-FineWeb3-24B/beetle-monolingual-fineweb3-eng@step-16384,16384,,Phon,ses-11,96,-0.0216429836741686,-0.0117326832701194,-0.0143408257427952,Beetle-FineWeb3-24B/beetle-monolingual-fineweb3-eng,,,96,,,,193804032
ds002236,beetle-fineweb3-eng,Beetle-FineWeb3-24B/beetle-monolingual-fineweb3-eng@step-32768,32768,,Phon,ses-11,96,-0.0094891618481143,0.0033412232331538,-0.0063658543155431,Beetle-FineWeb3-24B/beetle-monolingual-fineweb3-eng,,,96,,,,193804032
ds002236,beetle-fineweb3-eng,Beetle-FineWeb3-24B/beetle-monolingual-fineweb3-eng@step-65536,65536,,Phon,ses-11,96,-0.0233538681024411,-0.0137213859211617,-0.0156563266028638,Beetle-FineWeb3-24B/beetle-monolingual-fineweb3-eng,,,96,,,,193804032
ds002236,beetle-fineweb3-eng,Beetle-FineWeb3-24B/beetle-monolingual-fineweb3-eng@step-0,0,,Phon,ses-11+,96,-0.0043202387983866,0.0036050038581804,-0.0029173064268479,Beetle-FineWeb3-24B/beetle-monolingual-fineweb3-eng,0.2821380444353854,0.6689092985587908,96,3.0,-0.015312499975082269,,193804032
ds002236,beetle-fineweb3-eng,Beetle-FineWeb3-24B/beetle-monolingual-fineweb3-eng@step-1,1,,Phon,ses-11+,96,-0.0043202387983866,0.0036050038581804,-0.0029173064268479,Beetle-FineWeb3-24B/beetle-monolingual-fineweb3-eng,0.2821380444353854,0.6689092985587908,96,3.0,-0.015312499975082269,,193804032
ds002236,beetle-fineweb3-eng,Beetle-FineWeb3-24B/beetle-monolingual-fineweb3-eng@step-2,2,,Phon,ses-11+,96,-0.0043202387983866,0.0036050038581804,-0.0029173064268479,Beetle-FineWeb3-24B/beetle-monolingual-fineweb3-eng,0.2821380444353854,0.6689092985587908,96,3.0,-0.015312499975082269,,193804032
ds002236,beetle-fineweb3-eng,Beetle-FineWeb3-24B/beetle-monolingual-fineweb3-eng@step-4,4,,Phon,ses-11+,96,-0.0043332626697181,0.0036067280954243,-0.0029338536074777,Beetle-FineWeb3-24B/beetle-monolingual-fineweb3-eng,0.2821380444353854,0.6689092985587908,96,3.0,-0.01535866131910648,,193804032
ds002236,beetle-fineweb3-eng,Beetle-FineWeb3-24B/beetle-monolingual-fineweb3-eng@step-6,6,,Phon,ses-11+,96,-0.0043434857044227,0.0036033500308114,-0.0029319295167068,Beetle-FineWeb3-24B/beetle-monolingual-fineweb3-eng,0.2821380444353854,0.6689092985587908,96,3.0,-0.015394895477902962,,193804032
ds002236,beetle-fineweb3-eng,Beetle-FineWeb3-24B/beetle-monolingual-fineweb3-eng@step-8,8,,Phon,ses-11+,96,-0.0043786703681971,0.0036041444135194,-0.0029644466507351,Beetle-FineWeb3-24B/beetle-monolingual-fineweb3-eng,0.2821380444353854,0.6689092985587908,96,3.0,-0.015519602742549994,,193804032
ds002236,beetle-fineweb3-eng,Beetle-FineWeb3-24B/beetle-monolingual-fineweb3-eng@step-16,16,,Phon,ses-11+,96,-0.0044273799431207,0.003619251396465,-0.0029761836044377,Beetle-FineWeb3-24B/beetle-monolingual-fineweb3-eng,0.2821380444353854,0.6689092985587908,96,3.0,-0.01569224721884201,,193804032
ds002236,beetle-fineweb3-eng,Beetle-FineWeb3-24B/beetle-monolingual-fineweb3-eng@step-32,32,,Phon,ses-11+,96,-0.0045901584020108,0.0034887958335311,-0.0031072141859364,Beetle-FineWeb3-24B/beetle-monolingual-fineweb3-eng,0.2821380444353854,0.6689092985587908,96,3.0,-0.016269193370205083,,193804032
ds002236,beetle-fineweb3-eng,Beetle-FineWeb3-24B/beetle-monolingual-fineweb3-eng@step-64,64,,Phon,ses-11+,96,0.0106052603774338,0.0109928921952054,0.0069603983637532,Beetle-FineWeb3-24B/beetle-monolingual-fineweb3-eng,0.2821380444353854,0.6689092985587908,96,3.0,0.03758890580905898,,193804032
ds002236,beetle-fineweb3-eng,Beetle-FineWeb3-24B/beetle-monolingual-fineweb3-eng@step-128,128,,Phon,ses-11+,96,0.0293931078197872,0.0235963890488952,0.0194839203734275,Beetle-FineWeb3-24B/beetle-monolingual-fineweb3-eng,0.2821380444353854,0.6689092985587908,96,3.0,0.10417988073394596,,193804032
ds002236,beetle-fineweb3-eng,Beetle-FineWeb3-24B/beetle-monolingual-fineweb3-eng@step-256,256,,Phon,ses-11+,96,0.0138076518795899,-0.0055259522088346,0.0091731027502953,Beetle-FineWeb3-24B/beetle-monolingual-fineweb3-eng,0.2821380444353854,0.6689092985587908,96,3.0,0.048939347783535425,,193804032
ds002236,beetle-fineweb3-eng,Beetle-FineWeb3-24B/beetle-monolingual-fineweb3-eng@step-512,512,,Phon,ses-11+,96,0.0022985718623768,-0.0069900380559268,0.0014219030796996,Beetle-FineWeb3-24B/beetle-monolingual-fineweb3-eng,0.2821380444353854,0.6689092985587908,96,3.0,0.008146975949226207,,193804032
ds002236,beetle-fineweb3-eng,Beetle-FineWeb3-24B/beetle-monolingual-fineweb3-eng@step-1024,1024,,Phon,ses-11+,96,0.005897068688251,0.0101749558879723,0.0039520824434413,Beetle-FineWeb3-24B/beetle-monolingual-fineweb3-eng,0.2821380444353854,0.6689092985587908,96,3.0,0.02090135947476425,,193804032
ds002236,beetle-fineweb3-eng,Beetle-FineWeb3-24B/beetle-monolingual-fineweb3-eng@step-2048,2048,,Phon,ses-11+,96,-0.0459949265105447,-0.0283026791925277,-0.0309711270938917,Beetle-FineWeb3-24B/beetle-monolingual-fineweb3-eng,0.2821380444353854,0.6689092985587908,96,3.0,-0.16302277348873576,,193804032
ds002236,beetle-fineweb3-eng,Beetle-FineWeb3-24B/beetle-monolingual-fineweb3-eng@step-4096,4096,,Phon,ses-11+,96,-0.0077816640895873,0.0037516982909186,-0.0053079892096989,Beetle-FineWeb3-24B/beetle-monolingual-fineweb3-eng,0.2821380444353854,0.6689092985587908,96,3.0,-0.0275810520525864,,193804032
ds002236,beetle-fineweb3-eng,Beetle-FineWeb3-24B/beetle-monolingual-fineweb3-eng@step-8192,8192,,Phon,ses-11+,96,-0.0147403499661501,-0.0066464253590273,-0.0099225361055633,Beetle-FineWeb3-24B/beetle-monolingual-fineweb3-eng,0.2821380444353854,0.6689092985587908,96,3.0,-0.05224516954332935,,193804032
ds002236,beetle-fineweb3-eng,Beetle-FineWeb3-24B/beetle-monolingual-fineweb3-eng@step-16384,16384,,Phon,ses-11+,96,0.0114716022641593,-0.0102688254592425,0.0078239303017359,Beetle-FineWeb3-24B/beetle-monolingual-fineweb3-eng,0.2821380444353854,0.6689092985587908,96,3.0,0.04065953702598409,,193804032
ds002236,beetle-fineweb3-eng,Beetle-FineWeb3-24B/beetle-monolingual-fineweb3-eng@step-32768,32768,,Phon,ses-11+,96,0.0042618359570527,-0.0032343595789742,0.0028393807506262,Beetle-FineWeb3-24B/beetle-monolingual-fineweb3-eng,0.2821380444353854,0.6689092985587908,96,3.0,0.015105499031800144,,193804032
ds002236,beetle-fineweb3-eng,Beetle-FineWeb3-24B/beetle-monolingual-fineweb3-eng@step-65536,65536,,Phon,ses-11+,96,-0.0114796753457385,-0.0238885340991571,-0.0077209914454924,Beetle-FineWeb3-24B/beetle-monolingual-fineweb3-eng,0.2821380444353854,0.6689092985587908,96,3.0,-0.04068815096777049,,193804032
ds002236,beetle-fineweb3-eng,Beetle-FineWeb3-24B/beetle-monolingual-fineweb3-eng@step-0,0,,Phon,ses-9,96,-0.0237880456182187,-0.020807896053695,-0.0158583561338089,Beetle-FineWeb3-24B/beetle-monolingual-fineweb3-eng,,,96,,,0.008728626502912,193804032
ds002236,beetle-fineweb3-eng,Beetle-FineWeb3-24B/beetle-monolingual-fineweb3-eng@step-1,1,,Phon,ses-9,96,-0.0237880456182187,-0.020807896053695,-0.0158583561338089,Beetle-FineWeb3-24B/beetle-monolingual-fineweb3-eng,,,96,,,0.008728626502912,193804032
ds002236,beetle-fineweb3-eng,Beetle-FineWeb3-24B/beetle-monolingual-fineweb3-eng@step-2,2,,Phon,ses-9,96,-0.0237880456182187,-0.020807896053695,-0.0158583561338089,Beetle-FineWeb3-24B/beetle-monolingual-fineweb3-eng,,,96,,,0.008728626502912,193804032
ds002236,beetle-fineweb3-eng,Beetle-FineWeb3-24B/beetle-monolingual-fineweb3-eng@step-4,4,,Phon,ses-9,96,-0.0237898579168268,-0.0208058556118798,-0.0158610498608882,Beetle-FineWeb3-24B/beetle-monolingual-fineweb3-eng,,,96,,,0.008728626502912,193804032
ds002236,beetle-fineweb3-eng,Beetle-FineWeb3-24B/beetle-monolingual-fineweb3-eng@step-6,6,,Phon,ses-9,96,-0.0237751829807159,-0.0208016164012641,-0.0158475812254918,Beetle-FineWeb3-24B/beetle-monolingual-fineweb3-eng,,,96,,,0.008728626502912,193804032
ds002236,beetle-fineweb3-eng,Beetle-FineWeb3-24B/beetle-monolingual-fineweb3-eng@step-8,8,,Phon,ses-9,96,-0.0237656785375963,-0.0207910300805508,-0.0158408469077937,Beetle-FineWeb3-24B/beetle-monolingual-fineweb3-eng,,,96,,,0.008728626502912,193804032
ds002236,beetle-fineweb3-eng,Beetle-FineWeb3-24B/beetle-monolingual-fineweb3-eng@step-16,16,,Phon,ses-9,96,-0.0235471025431786,-0.0206888361327503,-0.0156990414179779,Beetle-FineWeb3-24B/beetle-monolingual-fineweb3-eng,,,96,,,0.008728626502912,193804032
ds002236,beetle-fineweb3-eng,Beetle-FineWeb3-24B/beetle-monolingual-fineweb3-eng@step-32,32,,Phon,ses-9,96,-0.0226206185399954,-0.0203172046058488,-0.0150308046932422,Beetle-FineWeb3-24B/beetle-monolingual-fineweb3-eng,,,96,,,0.008728626502912,193804032
ds002236,beetle-fineweb3-eng,Beetle-FineWeb3-24B/beetle-monolingual-fineweb3-eng@step-64,64,,Phon,ses-9,96,-0.0016389837590227,-0.0042999158344297,-0.0010542093333795,Beetle-FineWeb3-24B/beetle-monolingual-fineweb3-eng,,,96,,,0.008728626502912,193804032
ds002236,beetle-fineweb3-eng,Beetle-FineWeb3-24B/beetle-monolingual-fineweb3-eng@step-128,128,,Phon,ses-9,96,0.0194880821636251,0.0139508346078262,0.0130316743822706,Beetle-FineWeb3-24B/beetle-monolingual-fineweb3-eng,,,96,,,0.008728626502912,193804032
ds002236,beetle-fineweb3-eng,Beetle-FineWeb3-24B/beetle-monolingual-fineweb3-eng@step-256,256,,Phon,ses-9,96,0.0096635787570466,0.0154643501389175,0.0062850425031651,Beetle-FineWeb3-24B/beetle-monolingual-fineweb3-eng,,,96,,,0.008728626502912,193804032
ds002236,beetle-fineweb3-eng,Beetle-FineWeb3-24B/beetle-monolingual-fineweb3-eng@step-512,512,,Phon,ses-9,96,0.0221696623283469,0.0104920524980654,0.0145884562250108,Beetle-FineWeb3-24B/beetle-monolingual-fineweb3-eng,,,96,,,0.008728626502912,193804032
ds002236,beetle-fineweb3-eng,Beetle-FineWeb3-24B/beetle-monolingual-fineweb3-eng@step-1024,1024,,Phon,ses-9,96,0.0126585449635119,0.0214969145021846,0.0084663842101414,Beetle-FineWeb3-24B/beetle-monolingual-fineweb3-eng,,,96,,,0.008728626502912,193804032
ds002236,beetle-fineweb3-eng,Beetle-FineWeb3-24B/beetle-monolingual-fineweb3-eng@step-2048,2048,,Phon,ses-9,96,0.0048072353268046,-0.0005908294142149,0.0031668609998345,Beetle-FineWeb3-24B/beetle-monolingual-fineweb3-eng,,,96,,,0.008728626502912,193804032
ds002236,beetle-fineweb3-eng,Beetle-FineWeb3-24B/beetle-monolingual-fineweb3-eng@step-4096,4096,,Phon,ses-9,96,0.0128894754684134,0.0074221757546432,0.0084758122549189,Beetle-FineWeb3-24B/beetle-monolingual-fineweb3-eng,,,96,,,0.008728626502912,193804032
ds002236,beetle-fineweb3-eng,Beetle-FineWeb3-24B/beetle-monolingual-fineweb3-eng@step-8192,8192,,Phon,ses-9,96,-0.004436712015381,0.0018885754162317,-0.0029596364238079,Beetle-FineWeb3-24B/beetle-monolingual-fineweb3-eng,,,96,,,0.008728626502912,193804032
ds002236,beetle-fineweb3-eng,Beetle-FineWeb3-24B/beetle-monolingual-fineweb3-eng@step-16384,16384,,Phon,ses-9,96,-0.0228698695867137,-0.0151337928943438,-0.0152012791355444,Beetle-FineWeb3-24B/beetle-monolingual-fineweb3-eng,,,96,,,0.008728626502912,193804032
ds002236,beetle-fineweb3-eng,Beetle-FineWeb3-24B/beetle-monolingual-fineweb3-eng@step-32768,32768,,Phon,ses-9,96,-0.0140802733521376,-0.0038123378072809,-0.0092327495641934,Beetle-FineWeb3-24B/beetle-monolingual-fineweb3-eng,,,96,,,0.008728626502912,193804032
ds002236,beetle-fineweb3-eng,Beetle-FineWeb3-24B/beetle-monolingual-fineweb3-eng@step-65536,65536,,Phon,ses-9,96,-0.0166682474078479,-0.0175723020587569,-0.0111443337450887,Beetle-FineWeb3-24B/beetle-monolingual-fineweb3-eng,,,96,,,0.008728626502912,193804032
ds002236,beetle-fineweb3-eng,Beetle-FineWeb3-24B/beetle-monolingual-fineweb3-eng@step-0,0,,Sem,ses-11,72,0.0020932692082191,-0.0078895004099772,0.0016163954809526,Beetle-FineWeb3-24B/beetle-monolingual-fineweb3-eng,,,72,,,,193804032
ds002236,beetle-fineweb3-eng,Beetle-FineWeb3-24B/beetle-monolingual-fineweb3-eng@step-1,1,,Sem,ses-11,72,0.0020932692082191,-0.0078895004099772,0.0016163954809526,Beetle-FineWeb3-24B/beetle-monolingual-fineweb3-eng,,,72,,,,193804032
ds002236,beetle-fineweb3-eng,Beetle-FineWeb3-24B/beetle-monolingual-fineweb3-eng@step-2,2,,Sem,ses-11,72,0.0020932692082191,-0.0078895004099772,0.0016163954809526,Beetle-FineWeb3-24B/beetle-monolingual-fineweb3-eng,,,72,,,,193804032
ds002236,beetle-fineweb3-eng,Beetle-FineWeb3-24B/beetle-monolingual-fineweb3-eng@step-4,4,,Sem,ses-11,72,0.002082004134999,-0.0079016704311582,0.001604145420468,Beetle-FineWeb3-24B/beetle-monolingual-fineweb3-eng,,,72,,,,193804032
ds002236,beetle-fineweb3-eng,Beetle-FineWeb3-24B/beetle-monolingual-fineweb3-eng@step-6,6,,Sem,ses-11,72,0.0020609105081664,-0.0079250546479375,0.0015845453236925,Beetle-FineWeb3-24B/beetle-monolingual-fineweb3-eng,,,72,,,,193804032
ds002236,beetle-fineweb3-eng,Beetle-FineWeb3-24B/beetle-monolingual-fineweb3-eng@step-8,8,,Sem,ses-11,72,0.0019923060972772,-0.0079619727905105,0.0015153324819541,Beetle-FineWeb3-24B/beetle-monolingual-fineweb3-eng,,,72,,,,193804032
ds002236,beetle-fineweb3-eng,Beetle-FineWeb3-24B/beetle-monolingual-fineweb3-eng@step-16,16,,Sem,ses-11,72,0.0016530876937982,-0.0081702257186066,0.0012433811391943,Beetle-FineWeb3-24B/beetle-monolingual-fineweb3-eng,,,72,,,,193804032
ds002236,beetle-fineweb3-eng,Beetle-FineWeb3-24B/beetle-monolingual-fineweb3-eng@step-32,32,,Sem,ses-11,72,0.0009681136087664,-0.0087323607164317,0.0007723663135586,Beetle-FineWeb3-24B/beetle-monolingual-fineweb3-eng,,,72,,,,193804032
ds002236,beetle-fineweb3-eng,Beetle-FineWeb3-24B/beetle-monolingual-fineweb3-eng@step-64,64,,Sem,ses-11,72,-0.0073369243664629,-0.0134620003844676,-0.0049692370356078,Beetle-FineWeb3-24B/beetle-monolingual-fineweb3-eng,,,72,,,,193804032
ds002236,beetle-fineweb3-eng,Beetle-FineWeb3-24B/beetle-monolingual-fineweb3-eng@step-128,128,,Sem,ses-11,72,-0.016391911092472,-0.0158632279109264,-0.0108351784986938,Beetle-FineWeb3-24B/beetle-monolingual-fineweb3-eng,,,72,,,,193804032
ds002236,beetle-fineweb3-eng,Beetle-FineWeb3-24B/beetle-monolingual-fineweb3-eng@step-256,256,,Sem,ses-11,72,0.0025154198504682,0.0013891796137011,0.0017713587460838,Beetle-FineWeb3-24B/beetle-monolingual-fineweb3-eng,,,72,,,,193804032
ds002236,beetle-fineweb3-eng,Beetle-FineWeb3-24B/beetle-monolingual-fineweb3-eng@step-512,512,,Sem,ses-11,72,0.0240347458665127,0.013239293454744,0.0162809428871555,Beetle-FineWeb3-24B/beetle-monolingual-fineweb3-eng,,,72,,,,193804032
ds002236,beetle-fineweb3-eng,Beetle-FineWeb3-24B/beetle-monolingual-fineweb3-eng@step-1024,1024,,Sem,ses-11,72,0.0127277325977749,0.0186298151150648,0.0083857789047833,Beetle-FineWeb3-24B/beetle-monolingual-fineweb3-eng,,,72,,,,193804032
ds002236,beetle-fineweb3-eng,Beetle-FineWeb3-24B/beetle-monolingual-fineweb3-eng@step-2048,2048,,Sem,ses-11,72,0.0045086055375401,0.013330807899309,0.0031991032955725,Beetle-FineWeb3-24B/beetle-monolingual-fineweb3-eng,,,72,,,,193804032
ds002236,beetle-fineweb3-eng,Beetle-FineWeb3-24B/beetle-monolingual-fineweb3-eng@step-4096,4096,,Sem,ses-11,72,-0.0124598536695302,-0.001975622746612,-0.008078302386618,Beetle-FineWeb3-24B/beetle-monolingual-fineweb3-eng,,,72,,,,193804032
ds002236,beetle-fineweb3-eng,Beetle-FineWeb3-24B/beetle-monolingual-fineweb3-eng@step-8192,8192,,Sem,ses-11,72,-0.0152299564454656,-0.0071025505513638,-0.0099513366347246,Beetle-FineWeb3-24B/beetle-monolingual-fineweb3-eng,,,72,,,,193804032
ds002236,beetle-fineweb3-eng,Beetle-FineWeb3-24B/beetle-monolingual-fineweb3-eng@step-16384,16384,,Sem,ses-11,72,-0.0121031440768335,-0.0003788518879341,-0.0080219521083885,Beetle-FineWeb3-24B/beetle-monolingual-fineweb3-eng,,,72,,,,193804032
ds002236,beetle-fineweb3-eng,Beetle-FineWeb3-24B/beetle-monolingual-fineweb3-eng@step-32768,32768,,Sem,ses-11,72,0.0096813653271617,0.0095277538427403,0.0062156806899234,Beetle-FineWeb3-24B/beetle-monolingual-fineweb3-eng,,,72,,,,193804032
ds002236,beetle-fineweb3-eng,Beetle-FineWeb3-24B/beetle-monolingual-fineweb3-eng@step-65536,65536,,Sem,ses-11,72,0.0012292777600165,0.0191452935796901,0.0005935154304824,Beetle-FineWeb3-24B/beetle-monolingual-fineweb3-eng,,,72,,,,193804032
ds002236,beetle-fineweb3-eng,Beetle-FineWeb3-24B/beetle-monolingual-fineweb3-eng@step-0,0,,Sem,ses-11+,72,0.0210399337683257,0.0042641191237882,0.0139638439464794,Beetle-FineWeb3-24B/beetle-monolingual-fineweb3-eng,0.2731807870321323,0.6611824419010607,72,3.0,0.0770183510960122,,193804032
ds002236,beetle-fineweb3-eng,Beetle-FineWeb3-24B/beetle-monolingual-fineweb3-eng@step-1,1,,Sem,ses-11+,72,0.0210399337683257,0.0042641191237882,0.0139638439464794,Beetle-FineWeb3-24B/beetle-monolingual-fineweb3-eng,0.2731807870321323,0.6611824419010607,72,3.0,0.0770183510960122,,193804032
ds002236,beetle-fineweb3-eng,Beetle-FineWeb3-24B/beetle-monolingual-fineweb3-eng@step-2,2,,Sem,ses-11+,72,0.0210399337683257,0.0042641191237882,0.0139638439464794,Beetle-FineWeb3-24B/beetle-monolingual-fineweb3-eng,0.2731807870321323,0.6611824419010607,72,3.0,0.0770183510960122,,193804032
ds002236,beetle-fineweb3-eng,Beetle-FineWeb3-24B/beetle-monolingual-fineweb3-eng@step-4,4,,Sem,ses-11+,72,0.0210042794810194,0.0042449323995265,0.0139368938134132,Beetle-FineWeb3-24B/beetle-monolingual-fineweb3-eng,0.2731807870321323,0.6611824419010607,72,3.0,0.07688783574135036,,193804032
ds002236,beetle-fineweb3-eng,Beetle-FineWeb3-24B/beetle-monolingual-fineweb3-eng@step-6,6,,Sem,ses-11+,72,0.0209687286748655,0.0042114678699627,0.0139111686863953,Beetle-FineWeb3-24B/beetle-monolingual-fineweb3-eng,0.2731807870321323,0.6611824419010607,72,3.0,0.07675769918767786,,193804032
ds002236,beetle-fineweb3-eng,Beetle-FineWeb3-24B/beetle-monolingual-fineweb3-eng@step-8,8,,Sem,ses-11+,72,0.0208983097507153,0.0041659651136569,0.0138725809958686,Beetle-FineWeb3-24B/beetle-monolingual-fineweb3-eng,0.2731807870321323,0.6611824419010607,72,3.0,0.07649992511463546,,193804032
ds002236,beetle-fineweb3-eng,Beetle-FineWeb3-24B/beetle-monolingual-fineweb3-eng@step-16,16,,Sem,ses-11+,72,0.0206419466937611,0.0039318344045776,0.0137133302095679,Beetle-FineWeb3-24B/beetle-monolingual-fineweb3-eng,0.2731807870321323,0.6611824419010607,72,3.0,0.07556148775328456,,193804032
ds002236,beetle-fineweb3-eng,Beetle-FineWeb3-24B/beetle-monolingual-fineweb3-eng@step-32,32,,Sem,ses-11+,72,0.0202582565464557,0.0033751823018571,0.013417491248863,Beetle-FineWeb3-24B/beetle-monolingual-fineweb3-eng,0.2731807870321323,0.6611824419010607,72,3.0,0.0741569594499809,,193804032
ds002236,beetle-fineweb3-eng,Beetle-FineWeb3-24B/beetle-monolingual-fineweb3-eng@step-64,64,,Sem,ses-11+,72,0.008635024997579,-0.0007090752872364,0.0057710034943297,Beetle-FineWeb3-24B/beetle-monolingual-fineweb3-eng,0.2731807870321323,0.6611824419010607,72,3.0,0.03160919584203162,,193804032
ds002236,beetle-fineweb3-eng,Beetle-FineWeb3-24B/beetle-monolingual-fineweb3-eng@step-128,128,,Sem,ses-11+,72,-0.0085908277662539,-0.0101934412875948,-0.0056993406404944,Beetle-FineWeb3-24B/beetle-monolingual-fineweb3-eng,0.2731807870321323,0.6611824419010607,72,3.0,-0.03144740836127477,,193804032
ds002236,beetle-fineweb3-eng,Beetle-FineWeb3-24B/beetle-monolingual-fineweb3-eng@step-256,256,,Sem,ses-11+,72,3.624571083648627e-05,-0.0056497788234478,-7.656287802921027e-05,Beetle-FineWeb3-24B/beetle-monolingual-fineweb3-eng,0.2731807870321323,0.6611824419010607,72,3.0,0.00013268030753649942,,193804032
ds002236,beetle-fineweb3-eng,Beetle-FineWeb3-24B/beetle-monolingual-fineweb3-eng@step-512,512,,Sem,ses-11+,72,0.0108182416043522,-0.0081756328658283,0.0069996845609425,Beetle-FineWeb3-24B/beetle-monolingual-fineweb3-eng,0.2731807870321323,0.6611824419010607,72,3.0,0.03960103388632425,,193804032
ds002236,beetle-fineweb3-eng,Beetle-FineWeb3-24B/beetle-monolingual-fineweb3-eng@step-1024,1024,,Sem,ses-11+,72,0.02844022524958,0.017383552372314,0.0192215699065014,Beetle-FineWeb3-24B/beetle-monolingual-fineweb3-eng,0.2731807870321323,0.6611824419010607,72,3.0,0.10410770668961716,,193804032
ds002236,beetle-fineweb3-eng,Beetle-FineWeb3-24B/beetle-monolingual-fineweb3-eng@step-2048,2048,,Sem,ses-11+,72,0.0039500415848711,0.0123425490503266,0.0024475620848377,Beetle-FineWeb3-24B/beetle-monolingual-fineweb3-eng,0.2731807870321323,0.6611824419010607,72,3.0,0.014459441411619058,,193804032
ds002236,beetle-fineweb3-eng,Beetle-FineWeb3-24B/beetle-monolingual-fineweb3-eng@step-4096,4096,,Sem,ses-11+,72,-0.0082354016272935,-0.0061611797858155,-0.0057146532161002,Beetle-FineWeb3-24B/beetle-monolingual-fineweb3-eng,0.2731807870321323,0.6611824419010607,72,3.0,-0.030146342708665046,,193804032
ds002236,beetle-fineweb3-eng,Beetle-FineWeb3-24B/beetle-monolingual-fineweb3-eng@step-8192,8192,,Sem,ses-11+,72,-0.0301092720366464,-0.0185251131804976,-0.0204416759307749,Beetle-FineWeb3-24B/beetle-monolingual-fineweb3-eng,0.2731807870321323,0.6611824419010607,72,3.0,-0.11021738521129916,,193804032
ds002236,beetle-fineweb3-eng,Beetle-FineWeb3-24B/beetle-monolingual-fineweb3-eng@step-16384,16384,,Sem,ses-11+,72,-0.0203997418705772,-0.0098576217259503,-0.0134652664847532,Beetle-FineWeb3-24B/beetle-monolingual-fineweb3-eng,0.2731807870321323,0.6611824419010607,72,3.0,-0.07467487773280969,,193804032
ds002236,beetle-fineweb3-eng,Beetle-FineWeb3-24B/beetle-monolingual-fineweb3-eng@step-32768,32768,,Sem,ses-11+,72,0.0099205785389769,0.0102268646690913,0.0064808944994165,Beetle-FineWeb3-24B/beetle-monolingual-fineweb3-eng,0.2731807870321323,0.6611824419010607,72,3.0,0.03631506683451357,,193804032
ds002236,beetle-fineweb3-eng,Beetle-FineWeb3-24B/beetle-monolingual-fineweb3-eng@step-65536,65536,,Sem,ses-11+,72,0.0333800115971471,0.0236007577160526,0.0221444343381445,Beetle-FineWeb3-24B/beetle-monolingual-fineweb3-eng,0.2731807870321323,0.6611824419010607,72,3.0,0.12219018753035824,,193804032
ds002236,beetle-fineweb3-eng,Beetle-FineWeb3-24B/beetle-monolingual-fineweb3-eng@step-0,0,,Sem,ses-9,72,-0.0046728495289798,-0.0074524817738667,-0.0032040033197663,Beetle-FineWeb3-24B/beetle-monolingual-fineweb3-eng,,,72,,,0.0084082983710845,193804032
ds002236,beetle-fineweb3-eng,Beetle-FineWeb3-24B/beetle-monolingual-fineweb3-eng@step-1,1,,Sem,ses-9,72,-0.0046728495289798,-0.0074524817738667,-0.0032040033197663,Beetle-FineWeb3-24B/beetle-monolingual-fineweb3-eng,,,72,,,0.0084082983710845,193804032
ds002236,beetle-fineweb3-eng,Beetle-FineWeb3-24B/beetle-monolingual-fineweb3-eng@step-2,2,,Sem,ses-9,72,-0.0046728495289798,-0.0074524817738667,-0.0032040033197663,Beetle-FineWeb3-24B/beetle-monolingual-fineweb3-eng,,,72,,,0.0084082983710845,193804032
ds002236,beetle-fineweb3-eng,Beetle-FineWeb3-24B/beetle-monolingual-fineweb3-eng@step-4,4,,Sem,ses-9,72,-0.0046950390499602,-0.0074711541675629,-0.0032113533560571,Beetle-FineWeb3-24B/beetle-monolingual-fineweb3-eng,,,72,,,0.0084082983710845,193804032
ds002236,beetle-fineweb3-eng,Beetle-FineWeb3-24B/beetle-monolingual-fineweb3-eng@step-6,6,,Sem,ses-9,72,-0.0047280883429807,-0.0075042662725949,-0.0032248284225903,Beetle-FineWeb3-24B/beetle-monolingual-fineweb3-eng,,,72,,,0.0084082983710845,193804032
ds002236,beetle-fineweb3-eng,Beetle-FineWeb3-24B/beetle-monolingual-fineweb3-eng@step-8,8,,Sem,ses-9,72,-0.0047645870077451,-0.0075507606147553,-0.0032438160163415,Beetle-FineWeb3-24B/beetle-monolingual-fineweb3-eng,,,72,,,0.0084082983710845,193804032
ds002236,beetle-fineweb3-eng,Beetle-FineWeb3-24B/beetle-monolingual-fineweb3-eng@step-16,16,,Sem,ses-9,72,-0.0052512833001315,-0.0078501263856875,-0.0035549675526522,Beetle-FineWeb3-24B/beetle-monolingual-fineweb3-eng,,,72,,,0.0084082983710845,193804032
ds002236,beetle-fineweb3-eng,Beetle-FineWeb3-24B/beetle-monolingual-fineweb3-eng@step-32,32,,Sem,ses-9,72,-0.0068245690600172,-0.0087614974766205,-0.0046752355839756,Beetle-FineWeb3-24B/beetle-monolingual-fineweb3-eng,,,72,,,0.0084082983710845,193804032
ds002236,beetle-fineweb3-eng,Beetle-FineWeb3-24B/beetle-monolingual-fineweb3-eng@step-64,64,,Sem,ses-9,72,-0.0082909717247057,-0.0067794298005616,-0.0058475663723589,Beetle-FineWeb3-24B/beetle-monolingual-fineweb3-eng,,,72,,,0.0084082983710845,193804032
ds002236,beetle-fineweb3-eng,Beetle-FineWeb3-24B/beetle-monolingual-fineweb3-eng@step-128,128,,Sem,ses-9,72,-0.0095238864160546,0.0004424718395966,-0.0063835065185634,Beetle-FineWeb3-24B/beetle-monolingual-fineweb3-eng,,,72,,,0.0084082983710845,193804032
ds002236,beetle-fineweb3-eng,Beetle-FineWeb3-24B/beetle-monolingual-fineweb3-eng@step-256,256,,Sem,ses-9,72,-0.0070995271051469,-0.0063352694731853,-0.0046905481595815,Beetle-FineWeb3-24B/beetle-monolingual-fineweb3-eng,,,72,,,0.0084082983710845,193804032
ds002236,beetle-fineweb3-eng,Beetle-FineWeb3-24B/beetle-monolingual-fineweb3-eng@step-512,512,,Sem,ses-9,72,0.010035662515495,0.0019669463881457,0.0068153211506481,Beetle-FineWeb3-24B/beetle-monolingual-fineweb3-eng,,,72,,,0.0084082983710845,193804032
ds002236,beetle-fineweb3-eng,Beetle-FineWeb3-24B/beetle-monolingual-fineweb3-eng@step-1024,1024,,Sem,ses-9,72,0.0003512710832472,0.0164233743537994,0.0002456137127177,Beetle-FineWeb3-24B/beetle-monolingual-fineweb3-eng,,,72,,,0.0084082983710845,193804032
ds002236,beetle-fineweb3-eng,Beetle-FineWeb3-24B/beetle-monolingual-fineweb3-eng@step-2048,2048,,Sem,ses-9,72,0.0123916890535384,0.0181873454442776,0.0080513522535517,Beetle-FineWeb3-24B/beetle-monolingual-fineweb3-eng,,,72,,,0.0084082983710845,193804032
ds002236,beetle-fineweb3-eng,Beetle-FineWeb3-24B/beetle-monolingual-fineweb3-eng@step-4096,4096,,Sem,ses-9,72,-0.0071852080620254,-0.0070237194093091,-0.0048957366726998,Beetle-FineWeb3-24B/beetle-monolingual-fineweb3-eng,,,72,,,0.0084082983710845,193804032
ds002236,beetle-fineweb3-eng,Beetle-FineWeb3-24B/beetle-monolingual-fineweb3-eng@step-8192,8192,,Sem,ses-9,72,-0.0146495213200834,-0.0091643529281657,-0.010141212572237,Beetle-FineWeb3-24B/beetle-monolingual-fineweb3-eng,,,72,,,0.0084082983710845,193804032
ds002236,beetle-fineweb3-eng,Beetle-FineWeb3-24B/beetle-monolingual-fineweb3-eng@step-16384,16384,,Sem,ses-9,72,-0.0033460508435742,0.0027835844653055,-0.0020990478640488,Beetle-FineWeb3-24B/beetle-monolingual-fineweb3-eng,,,72,,,0.0084082983710845,193804032
ds002236,beetle-fineweb3-eng,Beetle-FineWeb3-24B/beetle-monolingual-fineweb3-eng@step-32768,32768,,Sem,ses-9,72,0.0194859458061084,0.0115082720481922,0.0127768130855146,Beetle-FineWeb3-24B/beetle-monolingual-fineweb3-eng,,,72,,,0.0084082983710845,193804032
ds002236,beetle-fineweb3-eng,Beetle-FineWeb3-24B/beetle-monolingual-fineweb3-eng@step-65536,65536,,Sem,ses-9,72,0.0157819126953879,0.0279596288839404,0.0104486890904023,Beetle-FineWeb3-24B/beetle-monolingual-fineweb3-eng,,,72,,,0.0084082983710845,193804032
ds002236,beetle-humanscale-eng,Beetle-HumanScale/beetle-monolingual-humanscale-eng@step-0,0,,Phon,ses-11,96,-0.0019220087367929,0.0006829892423057,-0.00127836590819,Beetle-HumanScale/beetle-monolingual-humanscale-eng,,,96,,,,193811712
ds002236,beetle-humanscale-eng,Beetle-HumanScale/beetle-monolingual-humanscale-eng@step-1,1,,Phon,ses-11,96,-0.0019220087367929,0.0006829892423057,-0.00127836590819,Beetle-HumanScale/beetle-monolingual-humanscale-eng,,,96,,,,193811712
ds002236,beetle-humanscale-eng,Beetle-HumanScale/beetle-monolingual-humanscale-eng@step-2,2,,Phon,ses-11,96,-0.0019220087367929,0.0006829892423057,-0.00127836590819,Beetle-HumanScale/beetle-monolingual-humanscale-eng,,,96,,,,193811712
ds002236,beetle-humanscale-eng,Beetle-HumanScale/beetle-monolingual-humanscale-eng@step-4,4,,Phon,ses-11,96,-0.0019220087367929,0.0006829892423057,-0.00127836590819,Beetle-HumanScale/beetle-monolingual-humanscale-eng,,,96,,,,193811712
ds002236,beetle-humanscale-eng,Beetle-HumanScale/beetle-monolingual-humanscale-eng@step-6,6,,Phon,ses-11,96,-0.0019220087367929,0.0006829892423057,-0.00127836590819,Beetle-HumanScale/beetle-monolingual-humanscale-eng,,,96,,,,193811712
ds002236,beetle-humanscale-eng,Beetle-HumanScale/beetle-monolingual-humanscale-eng@step-8,8,,Phon,ses-11,96,-0.0019220087367929,0.0006829892423057,-0.00127836590819,Beetle-HumanScale/beetle-monolingual-humanscale-eng,,,96,,,,193811712
ds002236,beetle-humanscale-eng,Beetle-HumanScale/beetle-monolingual-humanscale-eng@step-16,16,,Phon,ses-11,96,-0.0019451667996989,0.0006747691426165,-0.0012893332255842,Beetle-HumanScale/beetle-monolingual-humanscale-eng,,,96,,,,193811712
ds002236,beetle-humanscale-eng,Beetle-HumanScale/beetle-monolingual-humanscale-eng@step-32,32,,Phon,ses-11,96,-0.0019814856687893,0.0006224704588199,-0.0013289694954649,Beetle-HumanScale/beetle-monolingual-humanscale-eng,,,96,,,,193811712
ds002236,beetle-humanscale-eng,Beetle-HumanScale/beetle-monolingual-humanscale-eng@step-64,64,,Phon,ses-11,96,-0.0022751829592012,0.0004566009547063,-0.0015377333441082,Beetle-HumanScale/beetle-monolingual-humanscale-eng,,,96,,,,193811712
ds002236,beetle-humanscale-eng,Beetle-HumanScale/beetle-monolingual-humanscale-eng@step-256,256,,Phon,ses-11,96,-0.0135517007699796,-0.0140676305867725,-0.0089612603564185,Beetle-HumanScale/beetle-monolingual-humanscale-eng,,,96,,,,193811712
ds002236,beetle-humanscale-eng,Beetle-HumanScale/beetle-monolingual-humanscale-eng@step-500,500,,Phon,ses-11,96,0.0047073126231121,0.000415391653947,0.0032224672231137,Beetle-HumanScale/beetle-monolingual-humanscale-eng,,,96,,,,193811712
ds002236,beetle-humanscale-eng,Beetle-HumanScale/beetle-monolingual-humanscale-eng@step-1000,1000,,Phon,ses-11,96,0.0137836816993537,0.0090108673884663,0.0092529525172879,Beetle-HumanScale/beetle-monolingual-humanscale-eng,,,96,,,,193811712
ds002236,beetle-humanscale-eng,Beetle-HumanScale/beetle-monolingual-humanscale-eng@step-2000,2000,,Phon,ses-11,96,-0.0007477293474076,-0.0019126739042558,-0.000603010047602,Beetle-HumanScale/beetle-monolingual-humanscale-eng,,,96,,,,193811712
ds002236,beetle-humanscale-eng,Beetle-HumanScale/beetle-monolingual-humanscale-eng@step-2500,2500,,Phon,ses-11,96,-0.0034942289084656,-0.0053434770271406,-0.0023668240572917,Beetle-HumanScale/beetle-monolingual-humanscale-eng,,,96,,,,193811712
ds002236,beetle-humanscale-eng,Beetle-HumanScale/beetle-monolingual-humanscale-eng@step-4000,4000,,Phon,ses-11,96,0.0057913751043745,0.0017738821237307,0.0039447708985119,Beetle-HumanScale/beetle-monolingual-humanscale-eng,,,96,,,,193811712
ds002236,beetle-humanscale-eng,Beetle-HumanScale/beetle-monolingual-humanscale-eng@step-5500,5500,,Phon,ses-11,96,0.0085030170253735,0.0148258192563652,0.005783816857344,Beetle-HumanScale/beetle-monolingual-humanscale-eng,,,96,,,,193811712
ds002236,beetle-humanscale-eng,Beetle-HumanScale/beetle-monolingual-humanscale-eng@step-7500,7500,,Phon,ses-11,96,0.0193669036777793,0.0083007831332801,0.0129947318394692,Beetle-HumanScale/beetle-monolingual-humanscale-eng,,,96,,,,193811712
ds002236,beetle-humanscale-eng,Beetle-HumanScale/beetle-monolingual-humanscale-eng@step-9500,9500,,Phon,ses-11,96,0.0145761878577709,0.0198061159857463,0.009764760662349,Beetle-HumanScale/beetle-monolingual-humanscale-eng,,,96,,,,193811712
ds002236,beetle-humanscale-eng,Beetle-HumanScale/beetle-monolingual-humanscale-eng@step-0,0,,Phon,ses-11+,96,0.0113384504580117,0.0181964099450124,0.0075031843702258,Beetle-HumanScale/beetle-monolingual-humanscale-eng,0.2821380444353854,0.6689092985587908,96,3.0,0.040187598523631234,,193811712
ds002236,beetle-humanscale-eng,Beetle-HumanScale/beetle-monolingual-humanscale-eng@step-1,1,,Phon,ses-11+,96,0.0113384504580117,0.0181964099450124,0.0075031843702258,Beetle-HumanScale/beetle-monolingual-humanscale-eng,0.2821380444353854,0.6689092985587908,96,3.0,0.040187598523631234,,193811712
ds002236,beetle-humanscale-eng,Beetle-HumanScale/beetle-monolingual-humanscale-eng@step-2,2,,Phon,ses-11+,96,0.0113384504580117,0.0181964099450124,0.0075031843702258,Beetle-HumanScale/beetle-monolingual-humanscale-eng,0.2821380444353854,0.6689092985587908,96,3.0,0.040187598523631234,,193811712
ds002236,beetle-humanscale-eng,Beetle-HumanScale/beetle-monolingual-humanscale-eng@step-4,4,,Phon,ses-11+,96,0.0113384504580117,0.0181964099450124,0.0075031843702258,Beetle-HumanScale/beetle-monolingual-humanscale-eng,0.2821380444353854,0.6689092985587908,96,3.0,0.040187598523631234,,193811712
ds002236,beetle-humanscale-eng,Beetle-HumanScale/beetle-monolingual-humanscale-eng@step-6,6,,Phon,ses-11+,96,0.0113384504580117,0.0181964099450124,0.0075031843702258,Beetle-HumanScale/beetle-monolingual-humanscale-eng,0.2821380444353854,0.6689092985587908,96,3.0,0.040187598523631234,,193811712
ds002236,beetle-humanscale-eng,Beetle-HumanScale/beetle-monolingual-humanscale-eng@step-8,8,,Phon,ses-11+,96,0.0113384504580117,0.0181964099450124,0.0075031843702258,Beetle-HumanScale/beetle-monolingual-humanscale-eng,0.2821380444353854,0.6689092985587908,96,3.0,0.040187598523631234,,193811712
ds002236,beetle-humanscale-eng,Beetle-HumanScale/beetle-monolingual-humanscale-eng@step-16,16,,Phon,ses-11+,96,0.0113175975073158,0.0181767376274549,0.0074868295986731,Beetle-HumanScale/beetle-monolingual-humanscale-eng,0.2821380444353854,0.6689092985587908,96,3.0,0.04011368807054919,,193811712
ds002236,beetle-humanscale-eng,Beetle-HumanScale/beetle-monolingual-humanscale-eng@step-32,32,,Phon,ses-11+,96,0.011267784986696,0.0180853797047181,0.007456813782647,Beetle-HumanScale/beetle-monolingual-humanscale-eng,0.2821380444353854,0.6689092985587908,96,3.0,0.03993713435295509,,193811712
ds002236,beetle-humanscale-eng,Beetle-HumanScale/beetle-monolingual-humanscale-eng@step-64,64,,Phon,ses-11+,96,0.0109208296568371,0.0177520719782541,0.0072253456629069,Beetle-HumanScale/beetle-monolingual-humanscale-eng,0.2821380444353854,0.6689092985587908,96,3.0,0.03870739828331858,,193811712
ds002236,beetle-humanscale-eng,Beetle-HumanScale/beetle-monolingual-humanscale-eng@step-256,256,,Phon,ses-11+,96,-0.016321808684338,-0.009788466145527,-0.0107868376798543,Beetle-HumanScale/beetle-monolingual-humanscale-eng,0.2821380444353854,0.6689092985587908,96,3.0,-0.05785043529666904,,193811712
ds002236,beetle-humanscale-eng,Beetle-HumanScale/beetle-monolingual-humanscale-eng@step-500,500,,Phon,ses-11+,96,-0.0108156140793742,0.0005489641187785,-0.007276526477413,Beetle-HumanScale/beetle-monolingual-humanscale-eng,0.2821380444353854,0.6689092985587908,96,3.0,-0.03833447595136772,,193811712
ds002236,beetle-humanscale-eng,Beetle-HumanScale/beetle-monolingual-humanscale-eng@step-1000,1000,,Phon,ses-11+,96,0.0139970502460877,0.024633456324521,0.0092491043357461,Beetle-HumanScale/beetle-monolingual-humanscale-eng,0.2821380444353854,0.6689092985587908,96,3.0,0.04961064458392555,,193811712
ds002236,beetle-humanscale-eng,Beetle-HumanScale/beetle-monolingual-humanscale-eng@step-2000,2000,,Phon,ses-11+,96,0.0078326759924633,0.0170507053883878,0.0052085137168431,Beetle-HumanScale/beetle-monolingual-humanscale-eng,0.2821380444353854,0.6689092985587908,96,3.0,0.02776185681777886,,193811712
ds002236,beetle-humanscale-eng,Beetle-HumanScale/beetle-monolingual-humanscale-eng@step-2500,2500,,Phon,ses-11+,96,-0.0069580484081208,-0.0082086576288344,-0.0046280155312607,Beetle-HumanScale/beetle-monolingual-humanscale-eng,0.2821380444353854,0.6689092985587908,96,3.0,-0.024661858070382688,,193811712
ds002236,beetle-humanscale-eng,Beetle-HumanScale/beetle-monolingual-humanscale-eng@step-4000,4000,,Phon,ses-11+,96,0.0106614711221062,0.0089594570782603,0.0070448659485959,Beetle-HumanScale/beetle-monolingual-humanscale-eng,0.2821380444353854,0.6689092985587908,96,3.0,0.03778813716328804,,193811712
ds002236,beetle-humanscale-eng,Beetle-HumanScale/beetle-monolingual-humanscale-eng@step-5500,5500,,Phon,ses-11+,96,0.0242662274400684,0.0225544606895391,0.0161338859322027,Beetle-HumanScale/beetle-monolingual-humanscale-eng,0.2821380444353854,0.6689092985587908,96,3.0,0.0860083491704565,,193811712
ds002236,beetle-humanscale-eng,Beetle-HumanScale/beetle-monolingual-humanscale-eng@step-7500,7500,,Phon,ses-11+,96,0.0060506951657271,-0.0024525963197659,0.0039299553995759,Beetle-HumanScale/beetle-monolingual-humanscale-eng,0.2821380444353854,0.6689092985587908,96,3.0,0.02144586767033049,,193811712
ds002236,beetle-humanscale-eng,Beetle-HumanScale/beetle-monolingual-humanscale-eng@step-9500,9500,,Phon,ses-11+,96,0.018423993693545,0.0164391253920093,0.012221439758642,Beetle-HumanScale/beetle-monolingual-humanscale-eng,0.2821380444353854,0.6689092985587908,96,3.0,0.06530134470314022,,193811712
ds002236,beetle-humanscale-eng,Beetle-HumanScale/beetle-monolingual-humanscale-eng@step-0,0,,Phon,ses-9,96,-0.0008080324445796,0.0132767942370876,-0.0003586505196969,Beetle-HumanScale/beetle-monolingual-humanscale-eng,,,96,,,0.008728626502912,193811712
ds002236,beetle-humanscale-eng,Beetle-HumanScale/beetle-monolingual-humanscale-eng@step-1,1,,Phon,ses-9,96,-0.0008080324445796,0.0132767942370876,-0.0003586505196969,Beetle-HumanScale/beetle-monolingual-humanscale-eng,,,96,,,0.008728626502912,193811712
ds002236,beetle-humanscale-eng,Beetle-HumanScale/beetle-monolingual-humanscale-eng@step-2,2,,Phon,ses-9,96,-0.0008080324445796,0.0132767942370876,-0.0003586505196969,Beetle-HumanScale/beetle-monolingual-humanscale-eng,,,96,,,0.008728626502912,193811712
ds002236,beetle-humanscale-eng,Beetle-HumanScale/beetle-monolingual-humanscale-eng@step-4,4,,Phon,ses-9,96,-0.0008080324445796,0.0132767942370876,-0.0003586505196969,Beetle-HumanScale/beetle-monolingual-humanscale-eng,,,96,,,0.008728626502912,193811712
ds002236,beetle-humanscale-eng,Beetle-HumanScale/beetle-monolingual-humanscale-eng@step-6,6,,Phon,ses-9,96,-0.0008080324445796,0.0132767942370876,-0.0003586505196969,Beetle-HumanScale/beetle-monolingual-humanscale-eng,,,96,,,0.008728626502912,193811712
ds002236,beetle-humanscale-eng,Beetle-HumanScale/beetle-monolingual-humanscale-eng@step-8,8,,Phon,ses-9,96,-0.0008080324445796,0.0132767942370876,-0.0003586505196969,Beetle-HumanScale/beetle-monolingual-humanscale-eng,,,96,,,0.008728626502912,193811712
ds002236,beetle-humanscale-eng,Beetle-HumanScale/beetle-monolingual-humanscale-eng@step-16,16,,Phon,ses-9,96,-0.0007840982065784,0.0132779290786788,-0.0003392172029107,Beetle-HumanScale/beetle-monolingual-humanscale-eng,,,96,,,0.008728626502912,193811712
ds002236,beetle-humanscale-eng,Beetle-HumanScale/beetle-monolingual-humanscale-eng@step-32,32,,Phon,ses-9,96,-0.0007582223285459,0.0132517055946093,-0.0003142040228889,Beetle-HumanScale/beetle-monolingual-humanscale-eng,,,96,,,0.008728626502912,193811712
ds002236,beetle-humanscale-eng,Beetle-HumanScale/beetle-monolingual-humanscale-eng@step-64,64,,Phon,ses-9,96,-0.0008408735227656,0.0131474666728623,-0.0003690406098598,Beetle-HumanScale/beetle-monolingual-humanscale-eng,,,96,,,0.008728626502912,193811712
ds002236,beetle-humanscale-eng,Beetle-HumanScale/beetle-monolingual-humanscale-eng@step-256,256,,Phon,ses-9,96,-0.0193236118885482,-0.0185674331126836,-0.0128960259829217,Beetle-HumanScale/beetle-monolingual-humanscale-eng,,,96,,,0.008728626502912,193811712
ds002236,beetle-humanscale-eng,Beetle-HumanScale/beetle-monolingual-humanscale-eng@step-500,500,,Phon,ses-9,96,-0.0238381115062836,-0.017030608665484,-0.0159695685803673,Beetle-HumanScale/beetle-monolingual-humanscale-eng,,,96,,,0.008728626502912,193811712
ds002236,beetle-humanscale-eng,Beetle-HumanScale/beetle-monolingual-humanscale-eng@step-1000,1000,,Phon,ses-9,96,-0.0186898782750656,-0.0054455788038627,-0.0122379869392718,Beetle-HumanScale/beetle-monolingual-humanscale-eng,,,96,,,0.008728626502912,193811712
ds002236,beetle-humanscale-eng,Beetle-HumanScale/beetle-monolingual-humanscale-eng@step-2000,2000,,Phon,ses-9,96,-0.0223855925186653,-0.012693730905746,-0.0148143444815152,Beetle-HumanScale/beetle-monolingual-humanscale-eng,,,96,,,0.008728626502912,193811712
ds002236,beetle-humanscale-eng,Beetle-HumanScale/beetle-monolingual-humanscale-eng@step-2500,2500,,Phon,ses-9,96,-0.0225928006422604,-0.0143459581923383,-0.015079291780669,Beetle-HumanScale/beetle-monolingual-humanscale-eng,,,96,,,0.008728626502912,193811712
ds002236,beetle-humanscale-eng,Beetle-HumanScale/beetle-monolingual-humanscale-eng@step-4000,4000,,Phon,ses-9,96,0.0172434323861421,0.0201966845258951,0.0114429526327334,Beetle-HumanScale/beetle-monolingual-humanscale-eng,,,96,,,0.008728626502912,193811712
ds002236,beetle-humanscale-eng,Beetle-HumanScale/beetle-monolingual-humanscale-eng@step-5500,5500,,Phon,ses-9,96,0.0547383959488282,0.048415339932174,0.0367047251821151,Beetle-HumanScale/beetle-monolingual-humanscale-eng,,,96,,,0.008728626502912,193811712
ds002236,beetle-humanscale-eng,Beetle-HumanScale/beetle-monolingual-humanscale-eng@step-7500,7500,,Phon,ses-9,96,-0.0091336223988424,0.001998223025987,-0.0060318321577138,Beetle-HumanScale/beetle-monolingual-humanscale-eng,,,96,,,0.008728626502912,193811712
ds002236,beetle-humanscale-eng,Beetle-HumanScale/beetle-monolingual-humanscale-eng@step-9500,9500,,Phon,ses-9,96,0.0193347048772076,0.014951864177586,0.0129210391629435,Beetle-HumanScale/beetle-monolingual-humanscale-eng,,,96,,,0.008728626502912,193811712
ds002236,beetle-humanscale-eng,Beetle-HumanScale/beetle-monolingual-humanscale-eng@step-0,0,,Sem,ses-11,72,0.012153027022583,0.0164734147469956,0.0085027669824119,Beetle-HumanScale/beetle-monolingual-humanscale-eng,,,72,,,,193811712
ds002236,beetle-humanscale-eng,Beetle-HumanScale/beetle-monolingual-humanscale-eng@step-1,1,,Sem,ses-11,72,0.012153027022583,0.0164734147469956,0.0085027669824119,Beetle-HumanScale/beetle-monolingual-humanscale-eng,,,72,,,,193811712
ds002236,beetle-humanscale-eng,Beetle-HumanScale/beetle-monolingual-humanscale-eng@step-2,2,,Sem,ses-11,72,0.012153027022583,0.0164734147469956,0.0085027669824119,Beetle-HumanScale/beetle-monolingual-humanscale-eng,,,72,,,,193811712
ds002236,beetle-humanscale-eng,Beetle-HumanScale/beetle-monolingual-humanscale-eng@step-4,4,,Sem,ses-11,72,0.012153027022583,0.0164734147469956,0.0085027669824119,Beetle-HumanScale/beetle-monolingual-humanscale-eng,,,72,,,,193811712
ds002236,beetle-humanscale-eng,Beetle-HumanScale/beetle-monolingual-humanscale-eng@step-6,6,,Sem,ses-11,72,0.012153027022583,0.0164734147469956,0.0085027669824119,Beetle-HumanScale/beetle-monolingual-humanscale-eng,,,72,,,,193811712
ds002236,beetle-humanscale-eng,Beetle-HumanScale/beetle-monolingual-humanscale-eng@step-8,8,,Sem,ses-11,72,0.012153027022583,0.0164734147469956,0.0085027669824119,Beetle-HumanScale/beetle-monolingual-humanscale-eng,,,72,,,,193811712
ds002236,beetle-humanscale-eng,Beetle-HumanScale/beetle-monolingual-humanscale-eng@step-16,16,,Sem,ses-11,72,0.0121616080534149,0.0164835701208553,0.0085113420247512,Beetle-HumanScale/beetle-monolingual-humanscale-eng,,,72,,,,193811712
ds002236,beetle-humanscale-eng,Beetle-HumanScale/beetle-monolingual-humanscale-eng@step-32,32,,Sem,ses-11,72,0.0122327980558737,0.0165739648871772,0.0085603422666899,Beetle-HumanScale/beetle-monolingual-humanscale-eng,,,72,,,,193811712
ds002236,beetle-humanscale-eng,Beetle-HumanScale/beetle-monolingual-humanscale-eng@step-64,64,,Sem,ses-11,72,0.0125776260001511,0.0170173013545185,0.0087759433312201,Beetle-HumanScale/beetle-monolingual-humanscale-eng,,,72,,,,193811712
ds002236,beetle-humanscale-eng,Beetle-HumanScale/beetle-monolingual-humanscale-eng@step-256,256,,Sem,ses-11,72,0.024764027850213,0.0235827062081063,0.0164996064668069,Beetle-HumanScale/beetle-monolingual-humanscale-eng,,,72,,,,193811712
ds002236,beetle-humanscale-eng,Beetle-HumanScale/beetle-monolingual-humanscale-eng@step-500,500,,Sem,ses-11,72,0.0212929329692104,0.004256389139554,0.014130444769071,Beetle-HumanScale/beetle-monolingual-humanscale-eng,,,72,,,,193811712
ds002236,beetle-humanscale-eng,Beetle-HumanScale/beetle-monolingual-humanscale-eng@step-1000,1000,,Sem,ses-11,72,0.0247034841899177,0.0059291279363069,0.0162784928750585,Beetle-HumanScale/beetle-monolingual-humanscale-eng,,,72,,,,193811712
ds002236,beetle-humanscale-eng,Beetle-HumanScale/beetle-monolingual-humanscale-eng@step-2000,2000,,Sem,ses-11,72,0.0207477374879061,0.0030221469084849,0.0138254182630026,Beetle-HumanScale/beetle-monolingual-humanscale-eng,,,72,,,,193811712
ds002236,beetle-humanscale-eng,Beetle-HumanScale/beetle-monolingual-humanscale-eng@step-2500,2500,,Sem,ses-11,72,0.0355170475838424,0.0110366434307819,0.0236383292142504,Beetle-HumanScale/beetle-monolingual-humanscale-eng,,,72,,,,193811712
ds002236,beetle-humanscale-eng,Beetle-HumanScale/beetle-monolingual-humanscale-eng@step-4000,4000,,Sem,ses-11,72,-0.0021007586566178,-0.0100106670035199,-0.0016243580202677,Beetle-HumanScale/beetle-monolingual-humanscale-eng,,,72,,,,193811712
ds002236,beetle-humanscale-eng,Beetle-HumanScale/beetle-monolingual-humanscale-eng@step-5500,5500,,Sem,ses-11,72,-0.0179817200616297,-0.017517965247493,-0.0120656970743793,Beetle-HumanScale/beetle-monolingual-humanscale-eng,,,72,,,,193811712
ds002236,beetle-humanscale-eng,Beetle-HumanScale/beetle-monolingual-humanscale-eng@step-7500,7500,,Sem,ses-11,72,-0.0153511889271171,-0.0214264624722177,-0.0102404380621629,Beetle-HumanScale/beetle-monolingual-humanscale-eng,,,72,,,,193811712
ds002236,beetle-humanscale-eng,Beetle-HumanScale/beetle-monolingual-humanscale-eng@step-9500,9500,,Sem,ses-11,72,-0.0046610957947627,-0.0141926488216942,-0.003179503198797,Beetle-HumanScale/beetle-monolingual-humanscale-eng,,,72,,,,193811712
ds002236,beetle-humanscale-eng,Beetle-HumanScale/beetle-monolingual-humanscale-eng@step-0,0,,Sem,ses-11+,72,0.0402804740217196,0.0279575426517799,0.0269041953394644,Beetle-HumanScale/beetle-monolingual-humanscale-eng,0.2731807870321323,0.6611824419010607,72,3.0,0.147449879105084,,193811712
ds002236,beetle-humanscale-eng,Beetle-HumanScale/beetle-monolingual-humanscale-eng@step-1,1,,Sem,ses-11+,72,0.0402804740217196,0.0279575426517799,0.0269041953394644,Beetle-HumanScale/beetle-monolingual-humanscale-eng,0.2731807870321323,0.6611824419010607,72,3.0,0.147449879105084,,193811712
ds002236,beetle-humanscale-eng,Beetle-HumanScale/beetle-monolingual-humanscale-eng@step-2,2,,Sem,ses-11+,72,0.0402804740217196,0.0279575426517799,0.0269041953394644,Beetle-HumanScale/beetle-monolingual-humanscale-eng,0.2731807870321323,0.6611824419010607,72,3.0,0.147449879105084,,193811712
ds002236,beetle-humanscale-eng,Beetle-HumanScale/beetle-monolingual-humanscale-eng@step-4,4,,Sem,ses-11+,72,0.0402804740217196,0.0279575426517799,0.0269041953394644,Beetle-HumanScale/beetle-monolingual-humanscale-eng,0.2731807870321323,0.6611824419010607,72,3.0,0.147449879105084,,193811712
ds002236,beetle-humanscale-eng,Beetle-HumanScale/beetle-monolingual-humanscale-eng@step-6,6,,Sem,ses-11+,72,0.0402804740217196,0.0279575426517799,0.0269041953394644,Beetle-HumanScale/beetle-monolingual-humanscale-eng,0.2731807870321323,0.6611824419010607,72,3.0,0.147449879105084,,193811712
ds002236,beetle-humanscale-eng,Beetle-HumanScale/beetle-monolingual-humanscale-eng@step-8,8,,Sem,ses-11+,72,0.0402804740217196,0.0279575426517799,0.0269041953394644,Beetle-HumanScale/beetle-monolingual-humanscale-eng,0.2731807870321323,0.6611824419010607,72,3.0,0.147449879105084,,193811712
ds002236,beetle-humanscale-eng,Beetle-HumanScale/beetle-monolingual-humanscale-eng@step-16,16,,Sem,ses-11+,72,0.0402853771599296,0.0279696768901852,0.0269090953636583,Beetle-HumanScale/beetle-monolingual-humanscale-eng,0.2731807870321323,0.6611824419010607,72,3.0,0.14746782743250214,,193811712
ds002236,beetle-humanscale-eng,Beetle-HumanScale/beetle-monolingual-humanscale-eng@step-32,32,,Sem,ses-11+,72,0.0403633351171974,0.0280802163493269,0.0269507455693062,Beetle-HumanScale/beetle-monolingual-humanscale-eng,0.2731807870321323,0.6611824419010607,72,3.0,0.14775319873593362,,193811712
ds002236,beetle-humanscale-eng,Beetle-HumanScale/beetle-monolingual-humanscale-eng@step-64,64,,Sem,ses-11+,72,0.0406689724495121,0.028595468814023,0.0271908467548058,Beetle-HumanScale/beetle-monolingual-humanscale-eng,0.2731807870321323,0.6611824419010607,72,3.0,0.14887200850156604,,193811712
ds002236,beetle-humanscale-eng,Beetle-HumanScale/beetle-monolingual-humanscale-eng@step-256,256,,Sem,ses-11+,72,0.0268605782733035,0.0258390532510118,0.0179922763368644,Beetle-HumanScale/beetle-monolingual-humanscale-eng,0.2731807870321323,0.6611824419010607,72,3.0,0.09832528328628062,,193811712
ds002236,beetle-humanscale-eng,Beetle-HumanScale/beetle-monolingual-humanscale-eng@step-500,500,,Sem,ses-11+,72,0.0272744497047483,0.0074774517829233,0.0183475280909199,Beetle-HumanScale/beetle-monolingual-humanscale-eng,0.2731807870321323,0.6611824419010607,72,3.0,0.09984029258082562,,193811712
ds002236,beetle-humanscale-eng,Beetle-HumanScale/beetle-monolingual-humanscale-eng@step-1000,1000,,Sem,ses-11+,72,0.0136181455149161,-0.0010588557628634,0.009006244468332,Beetle-HumanScale/beetle-monolingual-humanscale-eng,0.2731807870321323,0.6611824419010607,72,3.0,0.049850304858058324,,193811712
ds002236,beetle-humanscale-eng,Beetle-HumanScale/beetle-monolingual-humanscale-eng@step-2000,2000,,Sem,ses-11+,72,0.0158860168904739,-0.00708619771036,0.0106985903242897,Beetle-HumanScale/beetle-monolingual-humanscale-eng,0.2731807870321323,0.6611824419010607,72,3.0,0.05815202841701068,,193811712
ds002236,beetle-humanscale-eng,Beetle-HumanScale/beetle-monolingual-humanscale-eng@step-2500,2500,,Sem,ses-11+,72,0.0146432700524169,-0.0080272473671524,0.0096579476861166,Beetle-HumanScale/beetle-monolingual-humanscale-eng,0.2731807870321323,0.6611824419010607,72,3.0,0.05360285476699545,,193811712
ds002236,beetle-humanscale-eng,Beetle-HumanScale/beetle-monolingual-humanscale-eng@step-4000,4000,,Sem,ses-11+,72,-0.0036412229257419,-0.021130481254349,-0.002183573281393,Beetle-HumanScale/beetle-monolingual-humanscale-eng,0.2731807870321323,0.6611824419010607,72,3.0,-0.013328986146136293,,193811712
ds002236,beetle-humanscale-eng,Beetle-HumanScale/beetle-monolingual-humanscale-eng@step-5500,5500,,Sem,ses-11+,72,-0.0192322035530605,-0.0249926241846491,-0.0128294883455987,Beetle-HumanScale/beetle-monolingual-humanscale-eng,0.2731807870321323,0.6611824419010607,72,3.0,-0.07040101085439203,,193811712
ds002236,beetle-humanscale-eng,Beetle-HumanScale/beetle-monolingual-humanscale-eng@step-7500,7500,,Sem,ses-11+,72,-0.0222406133621094,-0.0389768226046482,-0.0148237981925035,Beetle-HumanScale/beetle-monolingual-humanscale-eng,0.2731807870321323,0.6611824419010607,72,3.0,-0.08141353425229497,,193811712
ds002236,beetle-humanscale-eng,Beetle-HumanScale/beetle-monolingual-humanscale-eng@step-9500,9500,,Sem,ses-11+,72,-0.001048866994385,-0.0107572242057014,-0.0006014779697974,Beetle-HumanScale/beetle-monolingual-humanscale-eng,0.2731807870321323,0.6611824419010607,72,3.0,-0.0038394610608601452,,193811712
ds002236,beetle-humanscale-eng,Beetle-HumanScale/beetle-monolingual-humanscale-eng@step-0,0,,Sem,ses-9,72,0.0162597865009203,0.0050002897015475,0.0108388535168392,Beetle-HumanScale/beetle-monolingual-humanscale-eng,,,72,,,0.0084082983710845,193811712
ds002236,beetle-humanscale-eng,Beetle-HumanScale/beetle-monolingual-humanscale-eng@step-1,1,,Sem,ses-9,72,0.0162597865009203,0.0050002897015475,0.0108388535168392,Beetle-HumanScale/beetle-monolingual-humanscale-eng,,,72,,,0.0084082983710845,193811712
ds002236,beetle-humanscale-eng,Beetle-HumanScale/beetle-monolingual-humanscale-eng@step-2,2,,Sem,ses-9,72,0.0162597865009203,0.0050002897015475,0.0108388535168392,Beetle-HumanScale/beetle-monolingual-humanscale-eng,,,72,,,0.0084082983710845,193811712
ds002236,beetle-humanscale-eng,Beetle-HumanScale/beetle-monolingual-humanscale-eng@step-4,4,,Sem,ses-9,72,0.0162597865009203,0.0050002897015475,0.0108388535168392,Beetle-HumanScale/beetle-monolingual-humanscale-eng,,,72,,,0.0084082983710845,193811712
ds002236,beetle-humanscale-eng,Beetle-HumanScale/beetle-monolingual-humanscale-eng@step-6,6,,Sem,ses-9,72,0.0162597865009203,0.0050002897015475,0.0108388535168392,Beetle-HumanScale/beetle-monolingual-humanscale-eng,,,72,,,0.0084082983710845,193811712
ds002236,beetle-humanscale-eng,Beetle-HumanScale/beetle-monolingual-humanscale-eng@step-8,8,,Sem,ses-9,72,0.0162597865009203,0.0050002897015475,0.0108388535168392,Beetle-HumanScale/beetle-monolingual-humanscale-eng,,,72,,,0.0084082983710845,193811712
ds002236,beetle-humanscale-eng,Beetle-HumanScale/beetle-monolingual-humanscale-eng@step-16,16,,Sem,ses-9,72,0.0162675892672525,0.0050071709390415,0.0108364035047423,Beetle-HumanScale/beetle-monolingual-humanscale-eng,,,72,,,0.0084082983710845,193811712
ds002236,beetle-humanscale-eng,Beetle-HumanScale/beetle-monolingual-humanscale-eng@step-32,32,,Sem,ses-9,72,0.0163401108709282,0.005081665320168,0.0108964288011172,Beetle-HumanScale/beetle-monolingual-humanscale-eng,,,72,,,0.0084082983710845,193811712
ds002236,beetle-humanscale-eng,Beetle-HumanScale/beetle-monolingual-humanscale-eng@step-64,64,,Sem,ses-9,72,0.0168017611313588,0.0053976419380279,0.011239430494688,Beetle-HumanScale/beetle-monolingual-humanscale-eng,,,72,,,0.0084082983710845,193811712
ds002236,beetle-humanscale-eng,Beetle-HumanScale/beetle-monolingual-humanscale-eng@step-256,256,,Sem,ses-9,72,0.0244301839990823,0.0318803577377265,0.0163366806623607,Beetle-HumanScale/beetle-monolingual-humanscale-eng,,,72,,,0.0084082983710845,193811712
ds002236,beetle-humanscale-eng,Beetle-HumanScale/beetle-monolingual-humanscale-eng@step-500,500,,Sem,ses-9,72,0.0114910221602695,0.0061692099726576,0.0076758878996965,Beetle-HumanScale/beetle-monolingual-humanscale-eng,,,72,,,0.0084082983710845,193811712
ds002236,beetle-humanscale-eng,Beetle-HumanScale/beetle-monolingual-humanscale-eng@step-1000,1000,,Sem,ses-9,72,-0.0166494260958647,-0.0008334369169856,-0.0108063908565548,Beetle-HumanScale/beetle-monolingual-humanscale-eng,,,72,,,0.0084082983710845,193811712
ds002236,beetle-humanscale-eng,Beetle-HumanScale/beetle-monolingual-humanscale-eng@step-2000,2000,,Sem,ses-9,72,0.0214388615153095,0.0080408567784088,0.0143068456400503,Beetle-HumanScale/beetle-monolingual-humanscale-eng,,,72,,,0.0084082983710845,193811712
ds002236,beetle-humanscale-eng,Beetle-HumanScale/beetle-monolingual-humanscale-eng@step-2500,2500,,Sem,ses-9,72,0.0362119364567804,0.0118997064670658,0.024331682637683,Beetle-HumanScale/beetle-monolingual-humanscale-eng,,,72,,,0.0084082983710845,193811712
ds002236,beetle-humanscale-eng,Beetle-HumanScale/beetle-monolingual-humanscale-eng@step-4000,4000,,Sem,ses-9,72,0.0427355154942886,0.0233430253952211,0.0282229143506396,Beetle-HumanScale/beetle-monolingual-humanscale-eng,,,72,,,0.0084082983710845,193811712
ds002236,beetle-humanscale-eng,Beetle-HumanScale/beetle-monolingual-humanscale-eng@step-5500,5500,,Sem,ses-9,72,-0.0221626345648873,-0.0187558870316048,-0.0147496853265712,Beetle-HumanScale/beetle-monolingual-humanscale-eng,,,72,,,0.0084082983710845,193811712
ds002236,beetle-humanscale-eng,Beetle-HumanScale/beetle-monolingual-humanscale-eng@step-7500,7500,,Sem,ses-9,72,-0.0071641209027648,-0.0186844815417668,-0.0046838106263149,Beetle-HumanScale/beetle-monolingual-humanscale-eng,,,72,,,0.0084082983710845,193811712
ds002236,beetle-humanscale-eng,Beetle-HumanScale/beetle-monolingual-humanscale-eng@step-9500,9500,,Sem,ses-9,72,-0.0193836482194732,-0.0158294247103093,-0.0130126267498445,Beetle-HumanScale/beetle-monolingual-humanscale-eng,,,72,,,0.0084082983710845,193811712
ds002236,pico-decoder-large,pico-lm/pico-decoder-large@daa12d1eb44fa1ea4cc31aa35a8cb029917302e9,0,,Phon,ses-11,96,-0.0251599058010719,-0.0220522867267173,-0.0168346397909667,pico-lm/pico-decoder-large,,,96,,,,569808384
ds002236,pico-decoder-large,pico-lm/pico-decoder-large@70ace66cdec9f20ba70c65109b42b9c263e0139b,1000,,Phon,ses-11,96,-0.0214654586478119,-0.0172048377352239,-0.0144745500513732,pico-lm/pico-decoder-large,,,96,,,,569808384
ds002236,pico-decoder-large,pico-lm/pico-decoder-large@b7e416710019991ae8f34506fbea7a6ac31a8252,2000,,Phon,ses-11,96,0.00237806368352,0.0033772298321862,0.0014763548485163,pico-lm/pico-decoder-large,,,96,,,,569808384
ds002236,pico-decoder-large,pico-lm/pico-decoder-large@d43df3f024539a5db7dfcab339e807d4842bcffd,3000,,Phon,ses-11,96,-0.0058257660016076,-0.012936619223903,-0.0037862258189892,pico-lm/pico-decoder-large,,,96,,,,569808384
ds002236,pico-decoder-large,pico-lm/pico-decoder-large@23e4297bb64e81b073da327cba679d797ca4fe1d,4000,,Phon,ses-11,96,0.0078607295396403,0.008345898641461,0.0052150556254641,pico-lm/pico-decoder-large,,,96,,,,569808384
ds002236,pico-decoder-large,pico-lm/pico-decoder-large@cab5aa27e02bdec8e8bf68239ae1e6758956e134,5000,,Phon,ses-11,96,-0.0014500739031832,0.0026970373054101,-0.0009762836571578,pico-lm/pico-decoder-large,,,96,,,,569808384
ds002236,pico-decoder-large,pico-lm/pico-decoder-large@e556a1a2b5a081ce269a811dfdfa329e230c674f,7000,,Phon,ses-11,96,0.0079249228775188,0.0092256858775372,0.0053374277984938,pico-lm/pico-decoder-large,,,96,,,,569808384
ds002236,pico-decoder-large,pico-lm/pico-decoder-large@1eb202826693ab699be3043f3579cbde8211a5ef,8000,,Phon,ses-11,96,0.0231351783331318,0.0209346714589783,0.0153455859433624,pico-lm/pico-decoder-large,,,96,,,,569808384
ds002236,pico-decoder-large,pico-lm/pico-decoder-large@94cc0caf8c3cb477f0dc32aa92a7b8e182f710bf,10000,,Phon,ses-11,96,0.0043253339898646,0.0018854486082206,0.0029721430138188,pico-lm/pico-decoder-large,,,96,,,,569808384
ds002236,pico-decoder-large,pico-lm/pico-decoder-large@10d61c2f23ed2b432c011ff4735614817452abfc,13000,,Phon,ses-11,96,0.0116483455469055,0.0073504130656556,0.0077969930309432,pico-lm/pico-decoder-large,,,96,,,,569808384
ds002236,pico-decoder-large,pico-lm/pico-decoder-large@609cb555fe8ab89fe8deccc19ae52176c053de3c,16000,,Phon,ses-11,96,0.0256396149147933,0.0218013549438168,0.0171467273140077,pico-lm/pico-decoder-large,,,96,,,,569808384
ds002236,pico-decoder-large,pico-lm/pico-decoder-large@2e9b09372c42b65faa9486c0d7b8191ff5b5c4de,20000,,Phon,ses-11,96,0.0135494429901493,0.0100829216927551,0.0090082081712286,pico-lm/pico-decoder-large,,,96,,,,569808384
ds002236,pico-decoder-large,pico-lm/pico-decoder-large@020ad4d5ea0fe4c387769324ee38ad1d15bb3f85,24000,,Phon,ses-11,96,0.0072380228519768,0.0094198455807449,0.0048758384225534,pico-lm/pico-decoder-large,,,96,,,,569808384
ds002236,pico-decoder-large,pico-lm/pico-decoder-large@dab022094801d1fd4c0c4deb04d7c0815ea0d9b4,30000,,Phon,ses-11,96,0.024973127674126,0.0246002133434174,0.0167940414757006,pico-lm/pico-decoder-large,,,96,,,,569808384
ds002236,pico-decoder-large,pico-lm/pico-decoder-large@22fe7c47349efbd4d073c95fe64e3b50251cb0fb,37000,,Phon,ses-11,96,0.0143151030833043,0.0185653725074684,0.0096966478490589,pico-lm/pico-decoder-large,,,96,,,,569808384
ds002236,pico-decoder-large,pico-lm/pico-decoder-large@5a81c54569b9cadfac8813c3db918fae371226c7,45000,,Phon,ses-11,96,0.0260413216586508,0.0247268959063898,0.0174747847904472,pico-lm/pico-decoder-large,,,96,,,,569808384
ds002236,pico-decoder-large,pico-lm/pico-decoder-large@ea63999d87b948bca4d4e9938706f51ccc88c365,55000,,Phon,ses-11,96,0.0158820054494452,0.0140222897451812,0.0105599873779645,pico-lm/pico-decoder-large,,,96,,,,569808384
ds002236,pico-decoder-large,pico-lm/pico-decoder-large@6dc96c3465c47b8b192056175e156d703a132e5e,68000,,Phon,ses-11,96,0.0153941566850756,0.0142101202614745,0.0102465529913839,pico-lm/pico-decoder-large,,,96,,,,569808384
ds002236,pico-decoder-large,pico-lm/pico-decoder-large@46310457a1f616890732dc9d54ca3b6f35263f47,83000,,Phon,ses-11,96,0.0144530047064255,0.0122389395931775,0.0096945313492109,pico-lm/pico-decoder-large,,,96,,,,569808384
ds002236,pico-decoder-large,pico-lm/pico-decoder-large@1ca25b1c86203affda1776487d77204c79b5c4f7,102000,,Phon,ses-11,96,0.0193839557371275,0.0160349560748479,0.0129062236640075,pico-lm/pico-decoder-large,,,96,,,,569808384
ds002236,pico-decoder-large,pico-lm/pico-decoder-large@dc35be996509151e2b2a2066a545a54a6e4900cb,125000,,Phon,ses-11,96,0.0184161513256783,0.0188928548669804,0.0120954118131476,pico-lm/pico-decoder-large,,,96,,,,569808384
ds002236,pico-decoder-large,pico-lm/pico-decoder-large@daa12d1eb44fa1ea4cc31aa35a8cb029917302e9,0,,Phon,ses-11+,96,0.0175596607752627,0.0283426767212086,0.0117069378865017,pico-lm/pico-decoder-large,0.2821380444353854,0.6689092985587908,96,3.0,0.06223783400215695,,569808384
ds002236,pico-decoder-large,pico-lm/pico-decoder-large@70ace66cdec9f20ba70c65109b42b9c263e0139b,1000,,Phon,ses-11+,96,-0.0068295374532275,0.0098055077041051,-0.0045219981297837,pico-lm/pico-decoder-large,0.2821380444353854,0.6689092985587908,96,3.0,-0.024206368435333733,,569808384
ds002236,pico-decoder-large,pico-lm/pico-decoder-large@b7e416710019991ae8f34506fbea7a6ac31a8252,2000,,Phon,ses-11+,96,0.0051062623191219,0.0068851351153261,0.0033962126197265,pico-lm/pico-decoder-large,0.2821380444353854,0.6689092985587908,96,3.0,0.01809845364647845,,569808384
ds002236,pico-decoder-large,pico-lm/pico-decoder-large@d43df3f024539a5db7dfcab339e807d4842bcffd,3000,,Phon,ses-11+,96,0.016751756912763,0.0070026686317528,0.0112420775562507,pico-lm/pico-decoder-large,0.2821380444353854,0.6689092985587908,96,3.0,0.05937432842949844,,569808384
ds002236,pico-decoder-large,pico-lm/pico-decoder-large@23e4297bb64e81b073da327cba679d797ca4fe1d,4000,,Phon,ses-11+,96,0.0288730951846236,0.0298819948061187,0.0194417827855446,pico-lm/pico-decoder-large,0.2821380444353854,0.6689092985587908,96,3.0,0.1023367665371199,,569808384
ds002236,pico-decoder-large,pico-lm/pico-decoder-large@cab5aa27e02bdec8e8bf68239ae1e6758956e134,5000,,Phon,ses-11+,96,0.0124730859419007,0.0066361671644874,0.0081550663234088,pico-lm/pico-decoder-large,0.2821380444353854,0.6689092985587908,96,3.0,0.044209159976499574,,569808384
ds002236,pico-decoder-large,pico-lm/pico-decoder-large@e556a1a2b5a081ce269a811dfdfa329e230c674f,7000,,Phon,ses-11+,96,0.0406559682140643,0.0405290079233829,0.0272193424997017,pico-lm/pico-decoder-large,0.2821380444353854,0.6689092985587908,96,3.0,0.14409956053755535,,569808384
ds002236,pico-decoder-large,pico-lm/pico-decoder-large@1eb202826693ab699be3043f3579cbde8211a5ef,8000,,Phon,ses-11+,96,0.0522655244960113,0.0645978435183962,0.0349732358973767,pico-lm/pico-decoder-large,0.2821380444353854,0.6689092985587908,96,3.0,0.18524805685318,,569808384
ds002236,pico-decoder-large,pico-lm/pico-decoder-large@94cc0caf8c3cb477f0dc32aa92a7b8e182f710bf,10000,,Phon,ses-11+,96,0.0528028107921197,0.034048925177416,0.0351910429726432,pico-lm/pico-decoder-large,0.2821380444353854,0.6689092985587908,96,3.0,0.18715239519643184,,569808384
ds002236,pico-decoder-large,pico-lm/pico-decoder-large@10d61c2f23ed2b432c011ff4735614817452abfc,13000,,Phon,ses-11+,96,0.0402650204745068,0.0377290652497571,0.0268035464841089,pico-lm/pico-decoder-large,0.2821380444353854,0.6689092985587908,96,3.0,0.14271389934344073,,569808384
ds002236,pico-decoder-large,pico-lm/pico-decoder-large@609cb555fe8ab89fe8deccc19ae52176c053de3c,16000,,Phon,ses-11+,96,0.0626490396344921,0.0517496375742908,0.0419267075343546,pico-lm/pico-decoder-large,0.2821380444353854,0.6689092985587908,96,3.0,0.22205101676332004,,569808384
ds002236,pico-decoder-large,pico-lm/pico-decoder-large@2e9b09372c42b65faa9486c0d7b8191ff5b5c4de,20000,,Phon,ses-11+,96,0.0272715828507963,0.02126883424752,0.0181022307908397,pico-lm/pico-decoder-large,0.2821380444353854,0.6689092985587908,96,3.0,0.09666042346530113,,569808384
ds002236,pico-decoder-large,pico-lm/pico-decoder-large@020ad4d5ea0fe4c387769324ee38ad1d15bb3f85,24000,,Phon,ses-11+,96,0.0358360636291055,0.040989385861941,0.0239601251428637,pico-lm/pico-decoder-large,0.2821380444353854,0.6689092985587908,96,3.0,0.1270160630085199,,569808384
ds002236,pico-decoder-large,pico-lm/pico-decoder-large@dab022094801d1fd4c0c4deb04d7c0815ea0d9b4,30000,,Phon,ses-11+,96,0.0673328561605095,0.060070427403552,0.0450150656307361,pico-lm/pico-decoder-large,0.2821380444353854,0.6689092985587908,96,3.0,0.23865216864055325,,569808384
ds002236,pico-decoder-large,pico-lm/pico-decoder-large@22fe7c47349efbd4d073c95fe64e3b50251cb0fb,37000,,Phon,ses-11+,96,0.0423927454790294,0.0405356140247404,0.0284753889549493,pico-lm/pico-decoder-large,0.2821380444353854,0.6689092985587908,96,3.0,0.15025533179641104,,569808384
ds002236,pico-decoder-large,pico-lm/pico-decoder-large@5a81c54569b9cadfac8813c3db918fae371226c7,45000,,Phon,ses-11+,96,0.0405391992329744,0.043332426125049,0.0270186598322962,pico-lm/pico-decoder-large,0.2821380444353854,0.6689092985587908,96,3.0,0.14368568873475193,,569808384
ds002236,pico-decoder-large,pico-lm/pico-decoder-large@ea63999d87b948bca4d4e9938706f51ccc88c365,55000,,Phon,ses-11+,96,0.0221378204189816,0.0174642850708717,0.0147521963496149,pico-lm/pico-decoder-large,0.2821380444353854,0.6689092985587908,96,3.0,0.07846449940235391,,569808384
ds002236,pico-decoder-large,pico-lm/pico-decoder-large@6dc96c3465c47b8b192056175e156d703a132e5e,68000,,Phon,ses-11+,96,0.0332536792237184,0.0379236702194166,0.0222509553110677,pico-lm/pico-decoder-large,0.2821380444353854,0.6689092985587908,96,3.0,0.11786315202639776,,569808384
ds002236,pico-decoder-large,pico-lm/pico-decoder-large@46310457a1f616890732dc9d54ca3b6f35263f47,83000,,Phon,ses-11+,96,0.0273684194580113,0.030126165930704,0.0183344685468881,pico-lm/pico-decoder-large,0.2821380444353854,0.6689092985587908,96,3.0,0.09700364767460189,,569808384
ds002236,pico-decoder-large,pico-lm/pico-decoder-large@1ca25b1c86203affda1776487d77204c79b5c4f7,102000,,Phon,ses-11+,96,0.0487296017090846,0.0338535039142318,0.0324788446219738,pico-lm/pico-decoder-large,0.2821380444353854,0.6689092985587908,96,3.0,0.17271545851465112,,569808384
ds002236,pico-decoder-large,pico-lm/pico-decoder-large@dc35be996509151e2b2a2066a545a54a6e4900cb,125000,,Phon,ses-11+,96,0.0171440198343831,0.024060906602397,0.0116451745727556,pico-lm/pico-decoder-large,0.2821380444353854,0.6689092985587908,96,3.0,0.06076465110790609,,569808384
ds002236,pico-decoder-large,pico-lm/pico-decoder-large@daa12d1eb44fa1ea4cc31aa35a8cb029917302e9,0,,Phon,ses-9,96,-0.0111972627780916,-0.0067494684203031,-0.0075770694558286,pico-lm/pico-decoder-large,,,96,,,0.008728626502912,569808384
ds002236,pico-decoder-large,pico-lm/pico-decoder-large@70ace66cdec9f20ba70c65109b42b9c263e0139b,1000,,Phon,ses-9,96,-0.012830125599811,-0.0055969429340515,-0.0085364211142024,pico-lm/pico-decoder-large,,,96,,,0.008728626502912,569808384
ds002236,pico-decoder-large,pico-lm/pico-decoder-large@b7e416710019991ae8f34506fbea7a6ac31a8252,2000,,Phon,ses-9,96,-0.0035439925780196,-0.0020479807486609,-0.0022471456113413,pico-lm/pico-decoder-large,,,96,,,0.008728626502912,569808384
ds002236,pico-decoder-large,pico-lm/pico-decoder-large@d43df3f024539a5db7dfcab339e807d4842bcffd,3000,,Phon,ses-9,96,-0.0031370318134415,0.0026017214121146,-0.0020406906716231,pico-lm/pico-decoder-large,,,96,,,0.008728626502912,569808384
ds002236,pico-decoder-large,pico-lm/pico-decoder-large@23e4297bb64e81b073da327cba679d797ca4fe1d,4000,,Phon,ses-9,96,0.0119377226819201,0.026930787228757,0.0080438538768504,pico-lm/pico-decoder-large,,,96,,,0.008728626502912,569808384
ds002236,pico-decoder-large,pico-lm/pico-decoder-large@cab5aa27e02bdec8e8bf68239ae1e6758956e134,5000,,Phon,ses-9,96,0.0057425050549652,0.0097241566152812,0.0039540065342122,pico-lm/pico-decoder-large,,,96,,,0.008728626502912,569808384
ds002236,pico-decoder-large,pico-lm/pico-decoder-large@e556a1a2b5a081ce269a811dfdfa329e230c674f,7000,,Phon,ses-9,96,0.030154928295102,0.0276053522042703,0.0202891523610517,pico-lm/pico-decoder-large,,,96,,,0.008728626502912,569808384
ds002236,pico-decoder-large,pico-lm/pico-decoder-large@1eb202826693ab699be3043f3579cbde8211a5ef,8000,,Phon,ses-9,96,0.064355968645118,0.0725641648879672,0.0430717339521209,pico-lm/pico-decoder-large,,,96,,,0.008728626502912,569808384
ds002236,pico-decoder-large,pico-lm/pico-decoder-large@94cc0caf8c3cb477f0dc32aa92a7b8e182f710bf,10000,,Phon,ses-9,96,0.0170401189327542,0.0158816955563368,0.0113388593220273,pico-lm/pico-decoder-large,,,96,,,0.008728626502912,569808384
ds002236,pico-decoder-large,pico-lm/pico-decoder-large@10d61c2f23ed2b432c011ff4735614817452abfc,13000,,Phon,ses-9,96,0.0557239696190817,0.0524631471051649,0.0370077694785329,pico-lm/pico-decoder-large,,,96,,,0.008728626502912,569808384
ds002236,pico-decoder-large,pico-lm/pico-decoder-large@609cb555fe8ab89fe8deccc19ae52176c053de3c,16000,,Phon,ses-9,96,0.0696457956781998,0.0622365221667672,0.0465526065657673,pico-lm/pico-decoder-large,,,96,,,0.008728626502912,569808384
ds002236,pico-decoder-large,pico-lm/pico-decoder-large@2e9b09372c42b65faa9486c0d7b8191ff5b5c4de,20000,,Phon,ses-9,96,0.0182501149056799,0.0266482786915715,0.0119270538706934,pico-lm/pico-decoder-large,,,96,,,0.008728626502912,569808384
ds002236,pico-decoder-large,pico-lm/pico-decoder-large@020ad4d5ea0fe4c387769324ee38ad1d15bb3f85,24000,,Phon,ses-9,96,0.0350122958259262,0.0377413746475737,0.0233413375509403,pico-lm/pico-decoder-large,,,96,,,0.008728626502912,569808384
ds002236,pico-decoder-large,pico-lm/pico-decoder-large@dab022094801d1fd4c0c4deb04d7c0815ea0d9b4,30000,,Phon,ses-9,96,0.0580694897603116,0.059292502903099,0.0386563304510453,pico-lm/pico-decoder-large,,,96,,,0.008728626502912,569808384
ds002236,pico-decoder-large,pico-lm/pico-decoder-large@22fe7c47349efbd4d073c95fe64e3b50251cb0fb,37000,,Phon,ses-9,96,0.0507052209470302,0.0504685264159306,0.0338597645682532,pico-lm/pico-decoder-large,,,96,,,0.008728626502912,569808384
ds002236,pico-decoder-large,pico-lm/pico-decoder-large@5a81c54569b9cadfac8813c3db918fae371226c7,45000,,Phon,ses-9,96,0.0470845697831286,0.0524547157878857,0.0313551756117646,pico-lm/pico-decoder-large,,,96,,,0.008728626502912,569808384
ds002236,pico-decoder-large,pico-lm/pico-decoder-large@ea63999d87b948bca4d4e9938706f51ccc88c365,55000,,Phon,ses-9,96,0.0368676290591562,0.033694145863228,0.0246874314542662,pico-lm/pico-decoder-large,,,96,,,0.008728626502912,569808384
ds002236,pico-decoder-large,pico-lm/pico-decoder-large@6dc96c3465c47b8b192056175e156d703a132e5e,68000,,Phon,ses-9,96,0.0236184177589813,0.0347289652703181,0.0159014557670772,pico-lm/pico-decoder-large,,,96,,,0.008728626502912,569808384
ds002236,pico-decoder-large,pico-lm/pico-decoder-large@46310457a1f616890732dc9d54ca3b6f35263f47,83000,,Phon,ses-9,96,0.0262919981187226,0.032235440702581,0.0177002882287974,pico-lm/pico-decoder-large,,,96,,,0.008728626502912,569808384
ds002236,pico-decoder-large,pico-lm/pico-decoder-large@1ca25b1c86203affda1776487d77204c79b5c4f7,102000,,Phon,ses-9,96,0.0296157373136547,0.0317969174562761,0.0197098086299319,pico-lm/pico-decoder-large,,,96,,,0.008728626502912,569808384
ds002236,pico-decoder-large,pico-lm/pico-decoder-large@dc35be996509151e2b2a2066a545a54a6e4900cb,125000,,Phon,ses-9,96,0.0067886951779323,0.0119750496441907,0.0046614947106744,pico-lm/pico-decoder-large,,,96,,,0.008728626502912,569808384
ds002236,pico-decoder-large,pico-lm/pico-decoder-large@daa12d1eb44fa1ea4cc31aa35a8cb029917302e9,0,,Sem,ses-11,72,-0.0356006208308615,-0.0239666441087334,-0.0235648288513424,pico-lm/pico-decoder-large,,,72,,,,569808384
ds002236,pico-decoder-large,pico-lm/pico-decoder-large@70ace66cdec9f20ba70c65109b42b9c263e0139b,1000,,Sem,ses-11,72,-0.0202923492744287,-0.006588073020687,-0.0137255802700525,pico-lm/pico-decoder-large,,,72,,,,569808384
ds002236,pico-decoder-large,pico-lm/pico-decoder-large@b7e416710019991ae8f34506fbea7a6ac31a8252,2000,,Sem,ses-11,72,-0.0019298192908996,0.0187977467182667,-0.0014375445978764,pico-lm/pico-decoder-large,,,72,,,,569808384
ds002236,pico-decoder-large,pico-lm/pico-decoder-large@d43df3f024539a5db7dfcab339e807d4842bcffd,3000,,Sem,ses-11,72,-0.0148864241714494,-0.0144544609291549,-0.0100554621488443,pico-lm/pico-decoder-large,,,72,,,,569808384
ds002236,pico-decoder-large,pico-lm/pico-decoder-large@23e4297bb64e81b073da327cba679d797ca4fe1d,4000,,Sem,ses-11,72,-0.0012854709001998,-0.005802734914598,-0.0011668182611651,pico-lm/pico-decoder-large,,,72,,,,569808384
ds002236,pico-decoder-large,pico-lm/pico-decoder-large@cab5aa27e02bdec8e8bf68239ae1e6758956e134,5000,,Sem,ses-11,72,-0.0052030869534408,-0.0083299958909418,-0.0035984552673728,pico-lm/pico-decoder-large,,,72,,,,569808384
ds002236,pico-decoder-large,pico-lm/pico-decoder-large@e556a1a2b5a081ce269a811dfdfa329e230c674f,7000,,Sem,ses-11,72,-0.0140094300290109,-0.0056326791825381,-0.009042994649786,pico-lm/pico-decoder-large,,,72,,,,569808384
ds002236,pico-decoder-large,pico-lm/pico-decoder-large@1eb202826693ab699be3043f3579cbde8211a5ef,8000,,Sem,ses-11,72,-0.0078976233365175,0.001165603409265,-0.0050231373017404,pico-lm/pico-decoder-large,,,72,,,,569808384
ds002236,pico-decoder-large,pico-lm/pico-decoder-large@94cc0caf8c3cb477f0dc32aa92a7b8e182f710bf,10000,,Sem,ses-11,72,0.0107420291729106,-0.0025722770196583,0.0070964600387714,pico-lm/pico-decoder-large,,,72,,,,569808384
ds002236,pico-decoder-large,pico-lm/pico-decoder-large@10d61c2f23ed2b432c011ff4735614817452abfc,13000,,Sem,ses-11,72,-0.0093818010449735,-0.0155794453966712,-0.0064802819963923,pico-lm/pico-decoder-large,,,72,,,,569808384
ds002236,pico-decoder-large,pico-lm/pico-decoder-large@609cb555fe8ab89fe8deccc19ae52176c053de3c,16000,,Sem,ses-11,72,-0.0132836577810599,-0.015792649065087,-0.0088084059915045,pico-lm/pico-decoder-large,,,72,,,,569808384
ds002236,pico-decoder-large,pico-lm/pico-decoder-large@2e9b09372c42b65faa9486c0d7b8191ff5b5c4de,20000,,Sem,ses-11,72,-0.0183015680869099,-0.0211803625806625,-0.0119725966146957,pico-lm/pico-decoder-large,,,72,,,,569808384
ds002236,pico-decoder-large,pico-lm/pico-decoder-large@020ad4d5ea0fe4c387769324ee38ad1d15bb3f85,24000,,Sem,ses-11,72,-0.0005331622042521,-0.0118817274115931,-0.0003289141240134,pico-lm/pico-decoder-large,,,72,,,,569808384
ds002236,pico-decoder-large,pico-lm/pico-decoder-large@dab022094801d1fd4c0c4deb04d7c0815ea0d9b4,30000,,Sem,ses-11,72,-0.0126600271793965,-0.0143705162668946,-0.0085395171638659,pico-lm/pico-decoder-large,,,72,,,,569808384
ds002236,pico-decoder-large,pico-lm/pico-decoder-large@22fe7c47349efbd4d073c95fe64e3b50251cb0fb,37000,,Sem,ses-11,72,-0.0199898753034508,-0.0197165176686503,-0.0135363168355643,pico-lm/pico-decoder-large,,,72,,,,569808384
ds002236,pico-decoder-large,pico-lm/pico-decoder-large@5a81c54569b9cadfac8813c3db918fae371226c7,45000,,Sem,ses-11,72,-0.0177580398019484,-0.0142575422340065,-0.0121067347770029,pico-lm/pico-decoder-large,,,72,,,,569808384
ds002236,pico-decoder-large,pico-lm/pico-decoder-large@ea63999d87b948bca4d4e9938706f51ccc88c365,55000,,Sem,ses-11,72,0.003178530667597,-0.0017840828038395,0.0019894098227109,pico-lm/pico-decoder-large,,,72,,,,569808384
ds002236,pico-decoder-large,pico-lm/pico-decoder-large@6dc96c3465c47b8b192056175e156d703a132e5e,68000,,Sem,ses-11,72,-0.0080025022030077,-0.0086106228271271,-0.0053226512805906,pico-lm/pico-decoder-large,,,72,,,,569808384
ds002236,pico-decoder-large,pico-lm/pico-decoder-large@46310457a1f616890732dc9d54ca3b6f35263f47,83000,,Sem,ses-11,72,-0.0135787831529852,-0.0162106669499559,-0.0087973809370683,pico-lm/pico-decoder-large,,,72,,,,569808384
ds002236,pico-decoder-large,pico-lm/pico-decoder-large@1ca25b1c86203affda1776487d77204c79b5c4f7,102000,,Sem,ses-11,72,-0.0076135862575103,-0.008553653569999,-0.0051499254277567,pico-lm/pico-decoder-large,,,72,,,,569808384
ds002236,pico-decoder-large,pico-lm/pico-decoder-large@dc35be996509151e2b2a2066a545a54a6e4900cb,125000,,Sem,ses-11,72,0.0015958080015155,-0.0086489445287485,0.0009077294819143,pico-lm/pico-decoder-large,,,72,,,,569808384
ds002236,pico-decoder-large,pico-lm/pico-decoder-large@daa12d1eb44fa1ea4cc31aa35a8cb029917302e9,0,,Sem,ses-11+,72,-0.0254227809610388,-0.0170616112533999,-0.0173032104346015,pico-lm/pico-decoder-large,0.2731807870321323,0.6611824419010607,72,3.0,-0.09306211186092125,,569808384
ds002236,pico-decoder-large,pico-lm/pico-decoder-large@70ace66cdec9f20ba70c65109b42b9c263e0139b,1000,,Sem,ses-11+,72,0.0015009193779384,0.0059373016254719,0.0009248795665928,pico-lm/pico-decoder-large,0.2731807870321323,0.6611824419010607,72,3.0,0.005494234767549219,,569808384
ds002236,pico-decoder-large,pico-lm/pico-decoder-large@b7e416710019991ae8f34506fbea7a6ac31a8252,2000,,Sem,ses-11+,72,0.0169705460769754,0.030500781226346,0.0115481320189018,pico-lm/pico-decoder-large,0.2731807870321323,0.6611824419010607,72,3.0,0.06212203376871917,,569808384
ds002236,pico-decoder-large,pico-lm/pico-decoder-large@d43df3f024539a5db7dfcab339e807d4842bcffd,3000,,Sem,ses-11+,72,-0.0001402334896261,-0.0107855767880339,-0.0002180510766271,pico-lm/pico-decoder-large,0.2731807870321323,0.6611824419010607,72,3.0,-0.000513335843086232,,569808384
ds002236,pico-decoder-large,pico-lm/pico-decoder-large@23e4297bb64e81b073da327cba679d797ca4fe1d,4000,,Sem,ses-11+,72,0.0270945613752121,0.0020876002922257,0.0181986898560311,pico-lm/pico-decoder-large,0.2731807870321323,0.6611824419010607,72,3.0,0.09918179704206344,,569808384
ds002236,pico-decoder-large,pico-lm/pico-decoder-large@cab5aa27e02bdec8e8bf68239ae1e6758956e134,5000,,Sem,ses-11+,72,0.0040611860914101,0.0070501588020599,0.0028028138388933,pico-lm/pico-decoder-large,0.2731807870321323,0.6611824419010607,72,3.0,0.014866294718348593,,569808384
ds002236,pico-decoder-large,pico-lm/pico-decoder-large@e556a1a2b5a081ce269a811dfdfa329e230c674f,7000,,Sem,ses-11+,72,-0.0198895646986639,-0.0070822258114182,-0.0130273268224261,pico-lm/pico-decoder-large,0.2731807870321323,0.6611824419010607,72,3.0,-0.07280733361502628,,569808384
ds002236,pico-decoder-large,pico-lm/pico-decoder-large@1eb202826693ab699be3043f3579cbde8211a5ef,8000,,Sem,ses-11+,72,0.0023152700550326,-0.0056908984588649,0.0015582076936504,pico-lm/pico-decoder-large,0.2731807870321323,0.6611824419010607,72,3.0,0.008475230195307519,,569808384
ds002236,pico-decoder-large,pico-lm/pico-decoder-large@94cc0caf8c3cb477f0dc32aa92a7b8e182f710bf,10000,,Sem,ses-11+,72,0.0129987763245945,-0.0097021957276252,0.0085940299330227,pico-lm/pico-decoder-large,0.2731807870321323,0.6611824419010607,72,3.0,0.047583054671650644,,569808384
ds002236,pico-decoder-large,pico-lm/pico-decoder-large@10d61c2f23ed2b432c011ff4735614817452abfc,13000,,Sem,ses-11+,72,-0.0190331230628656,-0.0196796938118895,-0.0129513764474212,pico-lm/pico-decoder-large,0.2731807870321323,0.6611824419010607,72,3.0,-0.06967226088497531,,569808384
ds002236,pico-decoder-large,pico-lm/pico-decoder-large@609cb555fe8ab89fe8deccc19ae52176c053de3c,16000,,Sem,ses-11+,72,0.0018364864777028,-0.0079674188549044,0.0009297795907867,pico-lm/pico-decoder-large,0.2731807870321323,0.6611824419010607,72,3.0,0.00672260482757445,,569808384
ds002236,pico-decoder-large,pico-lm/pico-decoder-large@2e9b09372c42b65faa9486c0d7b8191ff5b5c4de,20000,,Sem,ses-11+,72,-0.0147596726950079,-0.0157126236597642,-0.009889473829277,pico-lm/pico-decoder-large,0.2731807870321323,0.6611824419010607,72,3.0,-0.05402895589898065,,569808384
ds002236,pico-decoder-large,pico-lm/pico-decoder-large@020ad4d5ea0fe4c387769324ee38ad1d15bb3f85,24000,,Sem,ses-11+,72,0.0031971773963488,-0.0069516791524007,0.0018277090243133,pico-lm/pico-decoder-large,0.2731807870321323,0.6611824419010607,72,3.0,0.011703522165974064,,569808384
ds002236,pico-decoder-large,pico-lm/pico-decoder-large@dab022094801d1fd4c0c4deb04d7c0815ea0d9b4,30000,,Sem,ses-11+,72,-0.0049312477152628,-0.0197277340656882,-0.0032787286887229,pico-lm/pico-decoder-large,0.2731807870321323,0.6611824419010607,72,3.0,-0.018051224498019963,,569808384
ds002236,pico-decoder-large,pico-lm/pico-decoder-large@22fe7c47349efbd4d073c95fe64e3b50251cb0fb,37000,,Sem,ses-11+,72,-0.018935301036068,-0.0120853191013454,-0.0126880001470007,pico-lm/pico-decoder-large,0.2731807870321323,0.6611824419010607,72,3.0,-0.06931417557502233,,569808384
ds002236,pico-decoder-large,pico-lm/pico-decoder-large@5a81c54569b9cadfac8813c3db918fae371226c7,45000,,Sem,ses-11+,72,-0.0169267203717318,-0.0197737789666797,-0.0114115438444977,pico-lm/pico-decoder-large,0.2731807870321323,0.6611824419010607,72,3.0,-0.061961606288735205,,569808384
ds002236,pico-decoder-large,pico-lm/pico-decoder-large@ea63999d87b948bca4d4e9938706f51ccc88c365,55000,,Sem,ses-11+,72,-0.0041163120822103,-0.018739859891865,-0.0027397260273972,pico-lm/pico-decoder-large,0.2731807870321323,0.6611824419010607,72,3.0,-0.015068087792448332,,569808384
ds002236,pico-decoder-large,pico-lm/pico-decoder-large@6dc96c3465c47b8b192056175e156d703a132e5e,68000,,Sem,ses-11+,72,-0.0049204763333736,-0.0116118282937279,-0.0031880782411363,pico-lm/pico-decoder-large,0.2731807870321323,0.6611824419010607,72,3.0,-0.01801179499784822,,569808384
ds002236,pico-decoder-large,pico-lm/pico-decoder-large@46310457a1f616890732dc9d54ca3b6f35263f47,83000,,Sem,ses-11+,72,-0.0072891009830921,-0.019672206077206,-0.0048277488370098,pico-lm/pico-decoder-large,0.2731807870321323,0.6611824419010607,72,3.0,-0.02668233393088049,,569808384
ds002236,pico-decoder-large,pico-lm/pico-decoder-large@1ca25b1c86203affda1776487d77204c79b5c4f7,102000,,Sem,ses-11+,72,-0.0007458533404529,-0.0102315061028388,-0.0005567652490284,pico-lm/pico-decoder-large,0.2731807870321323,0.6611824419010607,72,3.0,-0.0027302554786371954,,569808384
ds002236,pico-decoder-large,pico-lm/pico-decoder-large@dc35be996509151e2b2a2066a545a54a6e4900cb,125000,,Sem,ses-11+,72,0.0088366465249586,-0.010808016054304,0.0059137166989762,pico-lm/pico-decoder-large,0.2731807870321323,0.6611824419010607,72,3.0,0.032347247480179524,,569808384
ds002236,pico-decoder-large,pico-lm/pico-decoder-large@daa12d1eb44fa1ea4cc31aa35a8cb029917302e9,0,,Sem,ses-9,72,-0.0086949290868635,-6.644588798125801e-05,-0.0060300922735806,pico-lm/pico-decoder-large,,,72,,,0.0084082983710845,569808384
ds002236,pico-decoder-large,pico-lm/pico-decoder-large@70ace66cdec9f20ba70c65109b42b9c263e0139b,1000,,Sem,ses-9,72,0.0197197866214327,0.0149497751718153,0.013087352118801,pico-lm/pico-decoder-large,,,72,,,0.0084082983710845,569808384
ds002236,pico-decoder-large,pico-lm/pico-decoder-large@b7e416710019991ae8f34506fbea7a6ac31a8252,2000,,Sem,ses-9,72,0.0158446589232654,0.0202060540269758,0.0104670641811293,pico-lm/pico-decoder-large,,,72,,,0.0084082983710845,569808384
ds002236,pico-decoder-large,pico-lm/pico-decoder-large@d43df3f024539a5db7dfcab339e807d4842bcffd,3000,,Sem,ses-9,72,0.0048762733530955,0.012701230077403,0.003197878289524,pico-lm/pico-decoder-large,,,72,,,0.0084082983710845,569808384
ds002236,pico-decoder-large,pico-lm/pico-decoder-large@23e4297bb64e81b073da327cba679d797ca4fe1d,4000,,Sem,ses-9,72,-0.0020692184637352,-0.0001004186709026,-0.0012770688055272,pico-lm/pico-decoder-large,,,72,,,0.0084082983710845,569808384
ds002236,pico-decoder-large,pico-lm/pico-decoder-large@cab5aa27e02bdec8e8bf68239ae1e6758956e134,5000,,Sem,ses-9,72,-0.0079385235433508,-0.0044738532038402,-0.00543106431588,pico-lm/pico-decoder-large,,,72,,,0.0084082983710845,569808384
ds002236,pico-decoder-large,pico-lm/pico-decoder-large@e556a1a2b5a081ce269a811dfdfa329e230c674f,7000,,Sem,ses-9,72,-0.00764362956678,-0.0075004791050487,-0.0054341268310012,pico-lm/pico-decoder-large,,,72,,,0.0084082983710845,569808384
ds002236,pico-decoder-large,pico-lm/pico-decoder-large@1eb202826693ab699be3043f3579cbde8211a5ef,8000,,Sem,ses-9,72,-0.0107403167035636,-0.0115163299076977,-0.0070897225055048,pico-lm/pico-decoder-large,,,72,,,0.0084082983710845,569808384
ds002236,pico-decoder-large,pico-lm/pico-decoder-large@94cc0caf8c3cb477f0dc32aa92a7b8e182f710bf,10000,,Sem,ses-9,72,0.0030262775546818,-0.0027006144346816,0.0018032089033439,pico-lm/pico-decoder-large,,,72,,,0.0084082983710845,569808384
ds002236,pico-decoder-large,pico-lm/pico-decoder-large@10d61c2f23ed2b432c011ff4735614817452abfc,13000,,Sem,ses-9,72,-0.0017109487489435,-0.0122869949943376,-0.0010718802924089,pico-lm/pico-decoder-large,,,72,,,0.0084082983710845,569808384
ds002236,pico-decoder-large,pico-lm/pico-decoder-large@609cb555fe8ab89fe8deccc19ae52176c053de3c,16000,,Sem,ses-9,72,0.0150740010068787,0.0029289018765272,0.0100738372395713,pico-lm/pico-decoder-large,,,72,,,0.0084082983710845,569808384
ds002236,pico-decoder-large,pico-lm/pico-decoder-large@2e9b09372c42b65faa9486c0d7b8191ff5b5c4de,20000,,Sem,ses-9,72,0.0137109932602114,-0.0009053347137567,0.0090215570439379,pico-lm/pico-decoder-large,,,72,,,0.0084082983710845,569808384
ds002236,pico-decoder-large,pico-lm/pico-decoder-large@020ad4d5ea0fe4c387769324ee38ad1d15bb3f85,24000,,Sem,ses-9,72,0.0314360232931905,0.0066995497760836,0.0210302913370634,pico-lm/pico-decoder-large,,,72,,,0.0084082983710845,569808384
ds002236,pico-decoder-large,pico-lm/pico-decoder-large@dab022094801d1fd4c0c4deb04d7c0815ea0d9b4,30000,,Sem,ses-9,72,0.00942178285658,-0.0040912637356702,0.0059731294923268,pico-lm/pico-decoder-large,,,72,,,0.0084082983710845,569808384
ds002236,pico-decoder-large,pico-lm/pico-decoder-large@22fe7c47349efbd4d073c95fe64e3b50251cb0fb,37000,,Sem,ses-9,72,-0.0093041671849257,-0.0071356378513254,-0.0061017551274159,pico-lm/pico-decoder-large,,,72,,,0.0084082983710845,569808384
ds002236,pico-decoder-large,pico-lm/pico-decoder-large@5a81c54569b9cadfac8813c3db918fae371226c7,45000,,Sem,ses-9,72,-0.0124173753751241,-0.0099616380017954,-0.0081364901739202,pico-lm/pico-decoder-large,,,72,,,0.0084082983710845,569808384
ds002236,pico-decoder-large,pico-lm/pico-decoder-large@ea63999d87b948bca4d4e9938706f51ccc88c365,55000,,Sem,ses-9,72,0.0203103478087404,0.0040137551716513,0.0138229682509057,pico-lm/pico-decoder-large,,,72,,,0.0084082983710845,569808384
ds002236,pico-decoder-large,pico-lm/pico-decoder-large@6dc96c3465c47b8b192056175e156d703a132e5e,68000,,Sem,ses-9,72,-0.0006845738141856,-0.0001862991903032,-0.0005659527943919,pico-lm/pico-decoder-large,,,72,,,0.0084082983710845,569808384
ds002236,pico-decoder-large,pico-lm/pico-decoder-large@46310457a1f616890732dc9d54ca3b6f35263f47,83000,,Sem,ses-9,72,0.0107770467636824,-0.0074458216798402,0.0070762474389717,pico-lm/pico-decoder-large,,,72,,,0.0084082983710845,569808384
ds002236,pico-decoder-large,pico-lm/pico-decoder-large@1ca25b1c86203affda1776487d77204c79b5c4f7,102000,,Sem,ses-9,72,0.0007196790764893,0.0010236793723473,0.0005132775343078,pico-lm/pico-decoder-large,,,72,,,0.0084082983710845,569808384
ds002236,pico-decoder-large,pico-lm/pico-decoder-large@dc35be996509151e2b2a2066a545a54a6e4900cb,125000,,Sem,ses-9,72,0.007590826152954,-0.0079248404437119,0.0046831981232907,pico-lm/pico-decoder-large,,,72,,,0.0084082983710845,569808384
ds002236,pico-decoder-medium,pico-lm/pico-decoder-medium@a6f849d1da39698d655fd3552435d28fba898dc9,0,,Phon,ses-11,96,0.0018446573769876,-0.004032077117582,0.0010174591996552,pico-lm/pico-decoder-medium,,,96,,,,181095168
ds002236,pico-decoder-medium,pico-lm/pico-decoder-medium@b09eab97230964af5bf3964d902db96684add7f0,1000,,Phon,ses-11,96,-0.0198379218578401,-0.0087168093908755,-0.0132388989582972,pico-lm/pico-decoder-medium,,,96,,,,181095168
ds002236,pico-decoder-medium,pico-lm/pico-decoder-medium@e8ea2825c02325ec936fec3fbf2cebf7dcd7e5fd,2000,,Phon,ses-11,96,-0.0193832237304829,-0.0099918399892598,-0.0127551825384914,pico-lm/pico-decoder-medium,,,96,,,,181095168
ds002236,pico-decoder-medium,pico-lm/pico-decoder-medium@7d53111bd8fb071fbb1f180e4435cfea1b3e3149,3000,,Phon,ses-11,96,0.0122229103950894,0.0166783421188032,0.0081848897303579,pico-lm/pico-decoder-medium,,,96,,,,181095168
ds002236,pico-decoder-medium,pico-lm/pico-decoder-medium@94db452b6d8323e895d44d7e57364a44ce9d64b9,4000,,Phon,ses-11,96,0.0048525082419025,0.0077120571060263,0.0033246364430488,pico-lm/pico-decoder-medium,,,96,,,,181095168
ds002236,pico-decoder-medium,pico-lm/pico-decoder-medium@2c8ff3af5ea6a6720939283915670af5878a5fad,5000,,Phon,ses-11,96,-0.0050117125998853,-0.0112373372630511,-0.0033119374439608,pico-lm/pico-decoder-medium,,,96,,,,181095168
ds002236,pico-decoder-medium,pico-lm/pico-decoder-medium@a5e9eebb23febee9e0645d0ffebf5e1df3628c98,7000,,Phon,ses-11,96,-0.0009361398086725,0.0002192088041161,-0.0005429784155497,pico-lm/pico-decoder-medium,,,96,,,,181095168
ds002236,pico-decoder-medium,pico-lm/pico-decoder-medium@5fab2f64dc273534e825a1815e1163dfc3f7fbe0,8000,,Phon,ses-11,96,-0.0181149479297881,-0.0127690027780927,-0.012021911545699,pico-lm/pico-decoder-medium,,,96,,,,181095168
ds002236,pico-decoder-medium,pico-lm/pico-decoder-medium@63c66cd3b6df6ff5e2886a68acdafad325f8831a,10000,,Phon,ses-11,96,-0.0051516647021999,-0.0102843115504636,-0.0033602321223106,pico-lm/pico-decoder-medium,,,96,,,,181095168
ds002236,pico-decoder-medium,pico-lm/pico-decoder-medium@cd8069f46d2fe40350c306d28a0c0d88cd5c1012,13000,,Phon,ses-11,96,0.0012747593242769,-0.0012318086394601,0.0012192963215232,pico-lm/pico-decoder-medium,,,96,,,,181095168
ds002236,pico-decoder-medium,pico-lm/pico-decoder-medium@3b58b6ffc7765d89d6b7a1916f16f92afefad334,16000,,Phon,ses-11,96,0.024437971461668,0.0018693925186725,0.0163312976452977,pico-lm/pico-decoder-medium,,,96,,,,181095168
ds002236,pico-decoder-medium,pico-lm/pico-decoder-medium@c60aa3fc6d8f92347eb5568ad75796fe2d48278c,20000,,Phon,ses-11,96,0.0424104670257824,0.0324469985859236,0.0280822972104532,pico-lm/pico-decoder-medium,,,96,,,,181095168
ds002236,pico-decoder-medium,pico-lm/pico-decoder-medium@c3958dd8dab803279fc41b6b59648a5f570ab75e,24000,,Phon,ses-11,96,0.0272103885380658,0.0173039427158679,0.0181501406510353,pico-lm/pico-decoder-medium,,,96,,,,181095168
ds002236,pico-decoder-medium,pico-lm/pico-decoder-medium@a7fda793c744670e4cf5da9c1d72830ad630fd7e,30000,,Phon,ses-11,96,0.032979094343307,0.0316099679555918,0.0219796585123699,pico-lm/pico-decoder-medium,,,96,,,,181095168
ds002236,pico-decoder-medium,pico-lm/pico-decoder-medium@61e1f3d4e3510de47689cd42fb60857460ac5abe,37000,,Phon,ses-11,96,0.0380681362820508,0.0303912054170946,0.0253139154092733,pico-lm/pico-decoder-medium,,,96,,,,181095168
ds002236,pico-decoder-medium,pico-lm/pico-decoder-medium@150ab61d99f66be09f5eb2bf847ee0665582b9a7,45000,,Phon,ses-11,96,0.0353053214774614,0.0287975164660011,0.0236922917075535,pico-lm/pico-decoder-medium,,,96,,,,181095168
ds002236,pico-decoder-medium,pico-lm/pico-decoder-medium@82ba8a99abaa71414eba85a5d52d4e1391036516,55000,,Phon,ses-11,96,0.0363374357859383,0.02399777862047,0.0244372996540484,pico-lm/pico-decoder-medium,,,96,,,,181095168
ds002236,pico-decoder-medium,pico-lm/pico-decoder-medium@2c63090738dceda752da9ab9addfb006b940ab33,68000,,Phon,ses-11,96,0.0310208353314073,0.0286644243091516,0.0209681639941045,pico-lm/pico-decoder-medium,,,96,,,,181095168
ds002236,pico-decoder-medium,pico-lm/pico-decoder-medium@4f83bfb44212f15f6b9bce8eac266f625ddcaa16,83000,,Phon,ses-11,96,0.0295300841834724,0.0293602907593475,0.0199676367932333,pico-lm/pico-decoder-medium,,,96,,,,181095168
ds002236,pico-decoder-medium,pico-lm/pico-decoder-medium@44b1c3539608b56da6f5355f1863e011aece543c,102000,,Phon,ses-11,96,0.0228606501503305,0.0216035592414329,0.0153634799875318,pico-lm/pico-decoder-medium,,,96,,,,181095168
ds002236,pico-decoder-medium,pico-lm/pico-decoder-medium@beb2346dad2ddcdb97d3ba99ba24d14448c1cfc6,125000,,Phon,ses-11,96,0.0325287190290475,0.0318355329916241,0.021720868303683,pico-lm/pico-decoder-medium,,,96,,,,181095168
ds002236,pico-decoder-medium,pico-lm/pico-decoder-medium@a6f849d1da39698d655fd3552435d28fba898dc9,0,,Phon,ses-11+,96,0.0288202493418641,0.0341668540585893,0.0191289256261953,pico-lm/pico-decoder-medium,0.2821380444353854,0.6689092985587908,96,3.0,0.10214946162095641,,181095168
ds002236,pico-decoder-medium,pico-lm/pico-decoder-medium@b09eab97230964af5bf3964d902db96684add7f0,1000,,Phon,ses-11+,96,0.0285581526163032,0.030618055121602,0.0188864901890611,pico-lm/pico-decoder-medium,0.2821380444353854,0.6689092985587908,96,3.0,0.10122049535522147,,181095168
ds002236,pico-decoder-medium,pico-lm/pico-decoder-medium@e8ea2825c02325ec936fec3fbf2cebf7dcd7e5fd,2000,,Phon,ses-11+,96,0.0157029042801509,0.014733450213619,0.0103431423480834,pico-lm/pico-decoder-medium,0.2821380444353854,0.6689092985587908,96,3.0,0.05565681264848754,,181095168
ds002236,pico-decoder-medium,pico-lm/pico-decoder-medium@7d53111bd8fb071fbb1f180e4435cfea1b3e3149,3000,,Phon,ses-11+,96,0.0312985687009788,0.0371572801817812,0.0208561819112378,pico-lm/pico-decoder-medium,0.2821380444353854,0.6689092985587908,96,3.0,0.1109335281727549,,181095168
ds002236,pico-decoder-medium,pico-lm/pico-decoder-medium@94db452b6d8323e895d44d7e57364a44ce9d64b9,4000,,Phon,ses-11+,96,0.0100394553100084,-0.0004476422085165,0.0066802507475092,pico-lm/pico-decoder-medium,0.2821380444353854,0.6689092985587908,96,3.0,0.03558348655212152,,181095168
ds002236,pico-decoder-medium,pico-lm/pico-decoder-medium@2c8ff3af5ea6a6720939283915670af5878a5fad,5000,,Phon,ses-11+,96,0.0107088967745871,0.0212421940667811,0.007325205973917,pico-lm/pico-decoder-medium,0.2821380444353854,0.6689092985587908,96,3.0,0.037956230950766466,,181095168
ds002236,pico-decoder-medium,pico-lm/pico-decoder-medium@a5e9eebb23febee9e0645d0ffebf5e1df3628c98,7000,,Phon,ses-11+,96,0.0192866412500561,0.0077318604176644,0.0128683190758207,pico-lm/pico-decoder-medium,0.2821380444353854,0.6689092985587908,96,3.0,0.06835888186810297,,181095168
ds002236,pico-decoder-medium,pico-lm/pico-decoder-medium@5fab2f64dc273534e825a1815e1163dfc3f7fbe0,8000,,Phon,ses-11+,96,-0.0084822159631154,-0.0071610676161646,-0.0057058911811223,pico-lm/pico-decoder-medium,0.2821380444353854,0.6689092985587908,96,3.0,-0.030064063072706156,,181095168
ds002236,pico-decoder-medium,pico-lm/pico-decoder-medium@63c66cd3b6df6ff5e2886a68acdafad325f8831a,10000,,Phon,ses-11+,96,0.0116402876521861,0.0081586859911698,0.0076317136337223,pico-lm/pico-decoder-medium,0.2821380444353854,0.6689092985587908,96,3.0,0.04125741948584297,,181095168
ds002236,pico-decoder-medium,pico-lm/pico-decoder-medium@cd8069f46d2fe40350c306d28a0c0d88cd5c1012,13000,,Phon,ses-11+,96,0.0096949998638371,0.0086114121388347,0.0067829971946756,pico-lm/pico-decoder-medium,0.2821380444353854,0.6689092985587908,96,3.0,0.0343626109808719,,181095168
ds002236,pico-decoder-medium,pico-lm/pico-decoder-medium@3b58b6ffc7765d89d6b7a1916f16f92afefad334,16000,,Phon,ses-11+,96,0.0370386851160048,0.0325815418978159,0.0247880614015846,pico-lm/pico-decoder-medium,0.2821380444353854,0.6689092985587908,96,3.0,0.1312785916203772,,181095168
ds002236,pico-decoder-medium,pico-lm/pico-decoder-medium@c60aa3fc6d8f92347eb5568ad75796fe2d48278c,20000,,Phon,ses-11+,96,0.0719570956478127,0.0664446959197661,0.0480705217749352,pico-lm/pico-decoder-medium,0.2821380444353854,0.6689092985587908,96,3.0,0.25504215779127987,,181095168
ds002236,pico-decoder-medium,pico-lm/pico-decoder-medium@c3958dd8dab803279fc41b6b59648a5f570ab75e,24000,,Phon,ses-11+,96,0.0487050049443226,0.0419162229163503,0.0325404155266428,pico-lm/pico-decoder-medium,0.2821380444353854,0.6689092985587908,96,3.0,0.17262827862081148,,181095168
ds002236,pico-decoder-medium,pico-lm/pico-decoder-medium@a7fda793c744670e4cf5da9c1d72830ad630fd7e,30000,,Phon,ses-11+,96,0.0692686781056744,0.0763874965464381,0.0464525538456802,pico-lm/pico-decoder-medium,0.2821380444353854,0.6689092985587908,96,3.0,0.24551342674928814,,181095168
ds002236,pico-decoder-medium,pico-lm/pico-decoder-medium@61e1f3d4e3510de47689cd42fb60857460ac5abe,37000,,Phon,ses-11+,96,0.0696471950207774,0.0667164385728988,0.0467136529632922,pico-lm/pico-decoder-medium,0.2821380444353854,0.6689092985587908,96,3.0,0.24685502857353162,,181095168
ds002236,pico-decoder-medium,pico-lm/pico-decoder-medium@150ab61d99f66be09f5eb2bf847ee0665582b9a7,45000,,Phon,ses-11+,96,0.0421581967047698,0.0436341220388136,0.028143483296968,pico-lm/pico-decoder-medium,0.2821380444353854,0.6689092985587908,96,3.0,0.1494240055045989,,181095168
ds002236,pico-decoder-medium,pico-lm/pico-decoder-medium@82ba8a99abaa71414eba85a5d52d4e1391036516,55000,,Phon,ses-11+,96,0.0443596331584643,0.0372984040485094,0.0298917121714133,pico-lm/pico-decoder-medium,0.2821380444353854,0.6689092985587908,96,3.0,0.15722669818328394,,181095168
ds002236,pico-decoder-medium,pico-lm/pico-decoder-medium@2c63090738dceda752da9ab9addfb006b940ab33,68000,,Phon,ses-11+,96,0.0437553364885334,0.0501587595224825,0.0294137680239202,pico-lm/pico-decoder-medium,0.2821380444353854,0.6689092985587908,96,3.0,0.15508485066626362,,181095168
ds002236,pico-decoder-medium,pico-lm/pico-decoder-medium@4f83bfb44212f15f6b9bce8eac266f625ddcaa16,83000,,Phon,ses-11+,96,0.0307430219777072,0.0424922938083834,0.020597584111628,pico-lm/pico-decoder-medium,0.2821380444353854,0.6689092985587908,96,3.0,0.10896446822416354,,181095168
ds002236,pico-decoder-medium,pico-lm/pico-decoder-medium@44b1c3539608b56da6f5355f1863e011aece543c,102000,,Phon,ses-11+,96,0.0454218371923519,0.0469627932263536,0.0304641291757579,pico-lm/pico-decoder-medium,0.2821380444353854,0.6689092985587908,96,3.0,0.1609915361937454,,181095168
ds002236,pico-decoder-medium,pico-lm/pico-decoder-medium@beb2346dad2ddcdb97d3ba99ba24d14448c1cfc6,125000,,Phon,ses-11+,96,0.052443211768654,0.0573087723719834,0.0351537156116876,pico-lm/pico-decoder-medium,0.2821380444353854,0.6689092985587908,96,3.0,0.18587784527110954,,181095168
ds002236,pico-decoder-medium,pico-lm/pico-decoder-medium@a6f849d1da39698d655fd3552435d28fba898dc9,0,,Phon,ses-9,96,0.0283925928105896,0.0075692744343928,0.0191943447124061,pico-lm/pico-decoder-medium,,,96,,,0.008728626502912,181095168
ds002236,pico-decoder-medium,pico-lm/pico-decoder-medium@b09eab97230964af5bf3964d902db96684add7f0,1000,,Phon,ses-9,96,0.0023521946395745,0.0038752895364493,0.001484243620677,pico-lm/pico-decoder-medium,,,96,,,0.008728626502912,181095168
ds002236,pico-decoder-medium,pico-lm/pico-decoder-medium@e8ea2825c02325ec936fec3fbf2cebf7dcd7e5fd,2000,,Phon,ses-9,96,-0.0016152911186502,0.0024288940573495,-0.0009443437503607,pico-lm/pico-decoder-medium,,,96,,,0.008728626502912,181095168
ds002236,pico-decoder-medium,pico-lm/pico-decoder-medium@7d53111bd8fb071fbb1f180e4435cfea1b3e3149,3000,,Phon,ses-9,96,0.0455413568934312,0.0509106737598957,0.0304512377675929,pico-lm/pico-decoder-medium,,,96,,,0.008728626502912,181095168
ds002236,pico-decoder-medium,pico-lm/pico-decoder-medium@94db452b6d8323e895d44d7e57364a44ce9d64b9,4000,,Phon,ses-9,96,0.0179358313205196,0.0226798612830006,0.0118745261926476,pico-lm/pico-decoder-medium,,,96,,,0.008728626502912,181095168
ds002236,pico-decoder-medium,pico-lm/pico-decoder-medium@2c8ff3af5ea6a6720939283915670af5878a5fad,5000,,Phon,ses-9,96,0.0275673932661984,0.029852293002789,0.0183360078195048,pico-lm/pico-decoder-medium,,,96,,,0.008728626502912,181095168
ds002236,pico-decoder-medium,pico-lm/pico-decoder-medium@a5e9eebb23febee9e0645d0ffebf5e1df3628c98,7000,,Phon,ses-9,96,0.0178915816201038,0.0105436130067652,0.012045193044027,pico-lm/pico-decoder-medium,,,96,,,0.008728626502912,181095168
ds002236,pico-decoder-medium,pico-lm/pico-decoder-medium@5fab2f64dc273534e825a1815e1163dfc3f7fbe0,8000,,Phon,ses-9,96,0.0137350024981498,0.0102622064961594,0.0090988328465383,pico-lm/pico-decoder-medium,,,96,,,0.008728626502912,181095168
ds002236,pico-decoder-medium,pico-lm/pico-decoder-medium@63c66cd3b6df6ff5e2886a68acdafad325f8831a,10000,,Phon,ses-9,96,0.012426871821164,0.0099995506863867,0.0082562734979585,pico-lm/pico-decoder-medium,,,96,,,0.008728626502912,181095168
ds002236,pico-decoder-medium,pico-lm/pico-decoder-medium@cd8069f46d2fe40350c306d28a0c0d88cd5c1012,13000,,Phon,ses-9,96,0.0308291867785091,0.0278457778812092,0.0205741102042229,pico-lm/pico-decoder-medium,,,96,,,0.008728626502912,181095168
ds002236,pico-decoder-medium,pico-lm/pico-decoder-medium@3b58b6ffc7765d89d6b7a1916f16f92afefad334,16000,,Phon,ses-9,96,0.0355975036254894,0.0221887120587893,0.0235046928573902,pico-lm/pico-decoder-medium,,,96,,,0.008728626502912,181095168
ds002236,pico-decoder-medium,pico-lm/pico-decoder-medium@c60aa3fc6d8f92347eb5568ad75796fe2d48278c,20000,,Phon,ses-9,96,0.0487434533908348,0.051303752569882,0.0323572420852526,pico-lm/pico-decoder-medium,,,96,,,0.008728626502912,181095168
ds002236,pico-decoder-medium,pico-lm/pico-decoder-medium@c3958dd8dab803279fc41b6b59648a5f570ab75e,24000,,Phon,ses-9,96,0.0306487576448785,0.0334397362901322,0.0204271096693257,pico-lm/pico-decoder-medium,,,96,,,0.008728626502912,181095168
ds002236,pico-decoder-medium,pico-lm/pico-decoder-medium@a7fda793c744670e4cf5da9c1d72830ad630fd7e,30000,,Phon,ses-9,96,0.0365159883299208,0.0549561533799078,0.0243116565267083,pico-lm/pico-decoder-medium,,,96,,,0.008728626502912,181095168
ds002236,pico-decoder-medium,pico-lm/pico-decoder-medium@61e1f3d4e3510de47689cd42fb60857460ac5abe,37000,,Phon,ses-9,96,0.0351622262013876,0.046077038238762,0.0233067039170639,pico-lm/pico-decoder-medium,,,96,,,0.008728626502912,181095168
ds002236,pico-decoder-medium,pico-lm/pico-decoder-medium@150ab61d99f66be09f5eb2bf847ee0665582b9a7,45000,,Phon,ses-9,96,0.0407120163327793,0.051881387455513,0.0271352597330131,pico-lm/pico-decoder-medium,,,96,,,0.008728626502912,181095168
ds002236,pico-decoder-medium,pico-lm/pico-decoder-medium@82ba8a99abaa71414eba85a5d52d4e1391036516,55000,,Phon,ses-9,96,0.0152206499752766,0.0197193928096093,0.010331790212535,pico-lm/pico-decoder-medium,,,96,,,0.008728626502912,181095168
ds002236,pico-decoder-medium,pico-lm/pico-decoder-medium@2c63090738dceda752da9ab9addfb006b940ab33,68000,,Phon,ses-9,96,0.0189514638362355,0.0292277681244794,0.0128454223956469,pico-lm/pico-decoder-medium,,,96,,,0.008728626502912,181095168
ds002236,pico-decoder-medium,pico-lm/pico-decoder-medium@4f83bfb44212f15f6b9bce8eac266f625ddcaa16,83000,,Phon,ses-9,96,0.0283458965070528,0.0399789896339054,0.0190371464964231,pico-lm/pico-decoder-medium,,,96,,,0.008728626502912,181095168
ds002236,pico-decoder-medium,pico-lm/pico-decoder-medium@44b1c3539608b56da6f5355f1863e011aece543c,102000,,Phon,ses-9,96,0.039138689924924,0.041036699853879,0.0262130430265178,pico-lm/pico-decoder-medium,,,96,,,0.008728626502912,181095168
ds002236,pico-decoder-medium,pico-lm/pico-decoder-medium@beb2346dad2ddcdb97d3ba99ba24d14448c1cfc6,125000,,Phon,ses-9,96,0.0471029048790194,0.0499349086943253,0.0314078956988874,pico-lm/pico-decoder-medium,,,96,,,0.008728626502912,181095168
ds002236,pico-decoder-medium,pico-lm/pico-decoder-medium@a6f849d1da39698d655fd3552435d28fba898dc9,0,,Sem,ses-11,72,0.0247618597763482,0.0052617331751822,0.0167758453307363,pico-lm/pico-decoder-medium,,,72,,,,181095168
ds002236,pico-decoder-medium,pico-lm/pico-decoder-medium@b09eab97230964af5bf3964d902db96684add7f0,1000,,Sem,ses-11,72,0.0099984531364276,-0.001107049276831,0.006529282238331,pico-lm/pico-decoder-medium,,,72,,,,181095168
ds002236,pico-decoder-medium,pico-lm/pico-decoder-medium@e8ea2825c02325ec936fec3fbf2cebf7dcd7e5fd,2000,,Sem,ses-11,72,-0.0122102032337134,-0.0136529080986502,-0.0081665028221076,pico-lm/pico-decoder-medium,,,72,,,,181095168
ds002236,pico-decoder-medium,pico-lm/pico-decoder-medium@7d53111bd8fb071fbb1f180e4435cfea1b3e3149,3000,,Sem,ses-11,72,-0.0063008696322489,-0.0160761679547042,-0.0040474199841361,pico-lm/pico-decoder-medium,,,72,,,,181095168
ds002236,pico-decoder-medium,pico-lm/pico-decoder-medium@94db452b6d8323e895d44d7e57364a44ce9d64b9,4000,,Sem,ses-11,72,0.0047083212870313,-0.0065665944287884,0.0029314394739824,pico-lm/pico-decoder-medium,,,72,,,,181095168
ds002236,pico-decoder-medium,pico-lm/pico-decoder-medium@2c8ff3af5ea6a6720939283915670af5878a5fad,5000,,Sem,ses-11,72,-0.0146320991183006,-0.004272142344885,-0.0094594967062649,pico-lm/pico-decoder-medium,,,72,,,,181095168
ds002236,pico-decoder-medium,pico-lm/pico-decoder-medium@a5e9eebb23febee9e0645d0ffebf5e1df3628c98,7000,,Sem,ses-11,72,-0.0373274984910705,-0.0265611391283787,-0.0242747198564292,pico-lm/pico-decoder-medium,,,72,,,,181095168
ds002236,pico-decoder-medium,pico-lm/pico-decoder-medium@5fab2f64dc273534e825a1815e1163dfc3f7fbe0,8000,,Sem,ses-11,72,-0.0363970081859807,-0.0250264594266161,-0.0240977064824257,pico-lm/pico-decoder-medium,,,72,,,,181095168
ds002236,pico-decoder-medium,pico-lm/pico-decoder-medium@63c66cd3b6df6ff5e2886a68acdafad325f8831a,10000,,Sem,ses-11,72,-0.0195248439400921,-0.0222923464829085,-0.0131130772458189,pico-lm/pico-decoder-medium,,,72,,,,181095168
ds002236,pico-decoder-medium,pico-lm/pico-decoder-medium@cd8069f46d2fe40350c306d28a0c0d88cd5c1012,13000,,Sem,ses-11,72,-0.015691700126381,-0.0216094547324583,-0.0103096509039013,pico-lm/pico-decoder-medium,,,72,,,,181095168
ds002236,pico-decoder-medium,pico-lm/pico-decoder-medium@3b58b6ffc7765d89d6b7a1916f16f92afefad334,16000,,Sem,ses-11,72,-0.0130429706814432,-0.0132216255568924,-0.0087851308765837,pico-lm/pico-decoder-medium,,,72,,,,181095168
ds002236,pico-decoder-medium,pico-lm/pico-decoder-medium@c60aa3fc6d8f92347eb5568ad75796fe2d48278c,20000,,Sem,ses-11,72,0.0016617930457367,-0.0055170691181027,0.0009414171482471,pico-lm/pico-decoder-medium,,,72,,,,181095168
ds002236,pico-decoder-medium,pico-lm/pico-decoder-medium@c3958dd8dab803279fc41b6b59648a5f570ab75e,24000,,Sem,ses-11,72,0.0140599410478654,0.0045360737598083,0.009194895399796,pico-lm/pico-decoder-medium,,,72,,,,181095168
ds002236,pico-decoder-medium,pico-lm/pico-decoder-medium@a7fda793c744670e4cf5da9c1d72830ad630fd7e,30000,,Sem,ses-11,72,-0.005008814743733,-0.0150207612016825,-0.0032131908651298,pico-lm/pico-decoder-medium,,,72,,,,181095168
ds002236,pico-decoder-medium,pico-lm/pico-decoder-medium@61e1f3d4e3510de47689cd42fb60857460ac5abe,37000,,Sem,ses-11,72,-0.0043350439306775,-0.005645657570639,-0.0030343399820536,pico-lm/pico-decoder-medium,,,72,,,,181095168
ds002236,pico-decoder-medium,pico-lm/pico-decoder-medium@150ab61d99f66be09f5eb2bf847ee0665582b9a7,45000,,Sem,ses-11,72,-0.0180856963425136,-0.0141810083662872,-0.0119493214997749,pico-lm/pico-decoder-medium,,,72,,,,181095168
ds002236,pico-decoder-medium,pico-lm/pico-decoder-medium@82ba8a99abaa71414eba85a5d52d4e1391036516,55000,,Sem,ses-11,72,-0.0054614599880548,-0.0127023004310155,-0.0035414924861191,pico-lm/pico-decoder-medium,,,72,,,,181095168
ds002236,pico-decoder-medium,pico-lm/pico-decoder-medium@2c63090738dceda752da9ab9addfb006b940ab33,68000,,Sem,ses-11,72,-0.0019489877371277,-0.0118796760160686,-0.0009273295786897,pico-lm/pico-decoder-medium,,,72,,,,181095168
ds002236,pico-decoder-medium,pico-lm/pico-decoder-medium@4f83bfb44212f15f6b9bce8eac266f625ddcaa16,83000,,Sem,ses-11,72,-0.0051096858714283,-0.0108660868397153,-0.0035169923651498,pico-lm/pico-decoder-medium,,,72,,,,181095168
ds002236,pico-decoder-medium,pico-lm/pico-decoder-medium@44b1c3539608b56da6f5355f1863e011aece543c,102000,,Sem,ses-11,72,0.0132122342273892,-0.0058211257639505,0.0087244930771845,pico-lm/pico-decoder-medium,,,72,,,,181095168
ds002236,pico-decoder-medium,pico-lm/pico-decoder-medium@beb2346dad2ddcdb97d3ba99ba24d14448c1cfc6,125000,,Sem,ses-11,72,0.0029155103231773,-0.0037583137321956,0.0021315105243332,pico-lm/pico-decoder-medium,,,72,,,,181095168
ds002236,pico-decoder-medium,pico-lm/pico-decoder-medium@a6f849d1da39698d655fd3552435d28fba898dc9,0,,Sem,ses-11+,72,0.0099508180312645,0.0074238242246789,0.006510907147604,pico-lm/pico-decoder-medium,0.2731807870321323,0.6611824419010607,72,3.0,0.036425760901311326,,181095168
ds002236,pico-decoder-medium,pico-lm/pico-decoder-medium@b09eab97230964af5bf3964d902db96684add7f0,1000,,Sem,ses-11+,72,-0.0074519810354547,-0.0113552479196591,-0.0048455114247126,pico-lm/pico-decoder-medium,0.2731807870321323,0.6611824419010607,72,3.0,-0.027278569318193585,,181095168
ds002236,pico-decoder-medium,pico-lm/pico-decoder-medium@e8ea2825c02325ec936fec3fbf2cebf7dcd7e5fd,2000,,Sem,ses-11+,72,-0.026032690967972,-0.0337508009244096,-0.0175077864446955,pico-lm/pico-decoder-medium,0.2731807870321323,0.6611824419010607,72,3.0,-0.09529473595414294,,181095168
ds002236,pico-decoder-medium,pico-lm/pico-decoder-medium@7d53111bd8fb071fbb1f180e4435cfea1b3e3149,3000,,Sem,ses-11+,72,0.0137312971246385,-0.0114765109093756,0.0091783578181417,pico-lm/pico-decoder-medium,0.2731807870321323,0.6611824419010607,72,3.0,0.050264505325637664,,181095168
ds002236,pico-decoder-medium,pico-lm/pico-decoder-medium@94db452b6d8323e895d44d7e57364a44ce9d64b9,4000,,Sem,ses-11+,72,-4.17345236238506e-05,-0.0163019629896873,-0.000212538549409,pico-lm/pico-decoder-medium,0.2731807870321323,0.6611824419010607,72,3.0,-0.0001527725433302221,,181095168
ds002236,pico-decoder-medium,pico-lm/pico-decoder-medium@2c8ff3af5ea6a6720939283915670af5878a5fad,5000,,Sem,ses-11+,72,-0.0147902528127551,-0.0238974982736891,-0.0101338625359462,pico-lm/pico-decoder-medium,0.2731807870321323,0.6611824419010607,72,3.0,-0.05414089685236696,,181095168
ds002236,pico-decoder-medium,pico-lm/pico-decoder-medium@a5e9eebb23febee9e0645d0ffebf5e1df3628c98,7000,,Sem,ses-11+,72,-0.0225411132863831,-0.0245944918544975,-0.0151233121713538,pico-lm/pico-decoder-medium,0.2731807870321323,0.6611824419010607,72,3.0,-0.08251353812715882,,181095168
ds002236,pico-decoder-medium,pico-lm/pico-decoder-medium@5fab2f64dc273534e825a1815e1163dfc3f7fbe0,8000,,Sem,ses-11+,72,-0.0078916782005932,-0.0183249069934311,-0.005386351595111,pico-lm/pico-decoder-medium,0.2731807870321323,0.6611824419010607,72,3.0,-0.028888115765128675,,181095168
ds002236,pico-decoder-medium,pico-lm/pico-decoder-medium@63c66cd3b6df6ff5e2886a68acdafad325f8831a,10000,,Sem,ses-11+,72,-0.019456411279171,-0.025216340978017,-0.0127951881762416,pico-lm/pico-decoder-medium,0.2731807870321323,0.6611824419010607,72,3.0,-0.07122174106952288,,181095168
ds002236,pico-decoder-medium,pico-lm/pico-decoder-medium@cd8069f46d2fe40350c306d28a0c0d88cd5c1012,13000,,Sem,ses-11+,72,-0.0053444098696428,-0.0146503486174054,-0.0033399789911462,pico-lm/pico-decoder-medium,0.2731807870321323,0.6611824419010607,72,3.0,-0.01956363742745267,,181095168
ds002236,pico-decoder-medium,pico-lm/pico-decoder-medium@3b58b6ffc7765d89d6b7a1916f16f92afefad334,16000,,Sem,ses-11+,72,-0.0294892021926894,-0.0174215846227184,-0.0197826226766994,pico-lm/pico-decoder-medium,0.2731807870321323,0.6611824419010607,72,3.0,-0.10794757022652841,,181095168
ds002236,pico-decoder-medium,pico-lm/pico-decoder-medium@c60aa3fc6d8f92347eb5568ad75796fe2d48278c,20000,,Sem,ses-11+,72,-0.0176859996730786,-0.0158808808646467,-0.0120944847165182,pico-lm/pico-decoder-medium,0.2731807870321323,0.6611824419010607,72,3.0,-0.06474100856513867,,181095168
ds002236,pico-decoder-medium,pico-lm/pico-decoder-medium@c3958dd8dab803279fc41b6b59648a5f570ab75e,24000,,Sem,ses-11+,72,0.0062094275059391,-0.0042268235794631,0.0041521580012801,pico-lm/pico-decoder-medium,0.2731807870321323,0.6611824419010607,72,3.0,0.022730103289470095,,181095168
ds002236,pico-decoder-medium,pico-lm/pico-decoder-medium@a7fda793c744670e4cf5da9c1d72830ad630fd7e,30000,,Sem,ses-11+,72,-0.0052700974671367,-0.0142931462862156,-0.0035923302371305,pico-lm/pico-decoder-medium,0.2731807870321323,0.6611824419010607,72,3.0,-0.019291610967197396,,181095168
ds002236,pico-decoder-medium,pico-lm/pico-decoder-medium@61e1f3d4e3510de47689cd42fb60857460ac5abe,37000,,Sem,ses-11+,72,-0.0190734454999318,-0.014335701603672,-0.0128362258788652,pico-lm/pico-decoder-medium,0.2731807870321323,0.6611824419010607,72,3.0,-0.06981986437314248,,181095168
ds002236,pico-decoder-medium,pico-lm/pico-decoder-medium@150ab61d99f66be09f5eb2bf847ee0665582b9a7,45000,,Sem,ses-11+,72,-0.0153035114234263,-0.0104144335356355,-0.0104885017869775,pico-lm/pico-decoder-medium,0.2731807870321323,0.6611824419010607,72,3.0,-0.05601972082182433,,181095168
ds002236,pico-decoder-medium,pico-lm/pico-decoder-medium@82ba8a99abaa71414eba85a5d52d4e1391036516,55000,,Sem,ses-11+,72,-3.6462015189588734e-05,-0.0121311885823968,-8.881293851388391e-05,pico-lm/pico-decoder-medium,0.2731807870321323,0.6611824419010607,72,3.0,-0.0001334721068260923,,181095168
ds002236,pico-decoder-medium,pico-lm/pico-decoder-medium@2c63090738dceda752da9ab9addfb006b940ab33,68000,,Sem,ses-11+,72,-0.0080047148312575,-0.0091984370314913,-0.0050047622110134,pico-lm/pico-decoder-medium,0.2731807870321323,0.6611824419010607,72,3.0,-0.029301895342720288,,181095168
ds002236,pico-decoder-medium,pico-lm/pico-decoder-medium@4f83bfb44212f15f6b9bce8eac266f625ddcaa16,83000,,Sem,ses-11+,72,-0.0002936450165519,-0.0094280474420536,-0.0002652138094931,pico-lm/pico-decoder-medium,0.2731807870321323,0.6611824419010607,72,3.0,-0.001074910939902083,,181095168
ds002236,pico-decoder-medium,pico-lm/pico-decoder-medium@44b1c3539608b56da6f5355f1863e011aece543c,102000,,Sem,ses-11+,72,0.0026481832944116,-0.0121921912732375,0.0019128469446817,pico-lm/pico-decoder-medium,0.2731807870321323,0.6611824419010607,72,3.0,0.009693885588301322,,181095168
ds002236,pico-decoder-medium,pico-lm/pico-decoder-medium@beb2346dad2ddcdb97d3ba99ba24d14448c1cfc6,125000,,Sem,ses-11+,72,-0.0030311375757451,-0.0093387603013253,-0.0018601716845976,pico-lm/pico-decoder-medium,0.2731807870321323,0.6611824419010607,72,3.0,-0.011095720195683343,,181095168
ds002236,pico-decoder-medium,pico-lm/pico-decoder-medium@a6f849d1da39698d655fd3552435d28fba898dc9,0,,Sem,ses-9,72,-0.0073957239381702,-0.012823446892802,-0.0049018617029421,pico-lm/pico-decoder-medium,,,72,,,0.0084082983710845,181095168
ds002236,pico-decoder-medium,pico-lm/pico-decoder-medium@b09eab97230964af5bf3964d902db96684add7f0,1000,,Sem,ses-9,72,0.017309520868575,0.0238559871772663,0.0113300809422746,pico-lm/pico-decoder-medium,,,72,,,0.0084082983710845,181095168
ds002236,pico-decoder-medium,pico-lm/pico-decoder-medium@e8ea2825c02325ec936fec3fbf2cebf7dcd7e5fd,2000,,Sem,ses-9,72,-0.0049875357131691,-0.0185460946660654,-0.0034245044084905,pico-lm/pico-decoder-medium,,,72,,,0.0084082983710845,181095168
ds002236,pico-decoder-medium,pico-lm/pico-decoder-medium@7d53111bd8fb071fbb1f180e4435cfea1b3e3149,3000,,Sem,ses-9,72,0.0096611290129312,-7.565346255901731e-06,0.0065341822625249,pico-lm/pico-decoder-medium,,,72,,,0.0084082983710845,181095168
ds002236,pico-decoder-medium,pico-lm/pico-decoder-medium@94db452b6d8323e895d44d7e57364a44ce9d64b9,4000,,Sem,ses-9,72,0.0146351094137663,0.0044735134834751,0.0095795472990147,pico-lm/pico-decoder-medium,,,72,,,0.0084082983710845,181095168
ds002236,pico-decoder-medium,pico-lm/pico-decoder-medium@2c8ff3af5ea6a6720939283915670af5878a5fad,5000,,Sem,ses-9,72,-0.0360609797327456,-0.0255588415377292,-0.0240811689007714,pico-lm/pico-decoder-medium,,,72,,,0.0084082983710845,181095168
ds002236,pico-decoder-medium,pico-lm/pico-decoder-medium@a5e9eebb23febee9e0645d0ffebf5e1df3628c98,7000,,Sem,ses-9,72,0.0036448792597904,-0.0176554263586647,0.0020861853005399,pico-lm/pico-decoder-medium,,,72,,,0.0084082983710845,181095168
ds002236,pico-decoder-medium,pico-lm/pico-decoder-medium@5fab2f64dc273534e825a1815e1163dfc3f7fbe0,8000,,Sem,ses-9,72,-0.0043932923215249,-0.017016862377655,-0.0030802777088711,pico-lm/pico-decoder-medium,,,72,,,0.0084082983710845,181095168
ds002236,pico-decoder-medium,pico-lm/pico-decoder-medium@63c66cd3b6df6ff5e2886a68acdafad325f8831a,10000,,Sem,ses-9,72,0.0015736386018703,-0.0154913937323625,0.0013701692652107,pico-lm/pico-decoder-medium,,,72,,,0.0084082983710845,181095168
ds002236,pico-decoder-medium,pico-lm/pico-decoder-medium@cd8069f46d2fe40350c306d28a0c0d88cd5c1012,13000,,Sem,ses-9,72,0.0098272565050668,-0.007729084962494,0.006566032419785,pico-lm/pico-decoder-medium,,,72,,,0.0084082983710845,181095168
ds002236,pico-decoder-medium,pico-lm/pico-decoder-medium@3b58b6ffc7765d89d6b7a1916f16f92afefad334,16000,,Sem,ses-9,72,-0.0078417701031747,-0.0086378244115125,-0.0050917376404546,pico-lm/pico-decoder-medium,,,72,,,0.0084082983710845,181095168
ds002236,pico-decoder-medium,pico-lm/pico-decoder-medium@c60aa3fc6d8f92347eb5568ad75796fe2d48278c,20000,,Sem,ses-9,72,0.0126961284477912,0.0047748267200504,0.0085009294733392,pico-lm/pico-decoder-medium,,,72,,,0.0084082983710845,181095168
ds002236,pico-decoder-medium,pico-lm/pico-decoder-medium@c3958dd8dab803279fc41b6b59648a5f570ab75e,24000,,Sem,ses-9,72,0.019967930831588,0.0116043260943271,0.0134432163758808,pico-lm/pico-decoder-medium,,,72,,,0.0084082983710845,181095168
ds002236,pico-decoder-medium,pico-lm/pico-decoder-medium@a7fda793c744670e4cf5da9c1d72830ad630fd7e,30000,,Sem,ses-9,72,0.0127345307345867,0.0067190416186877,0.0084525417344248,pico-lm/pico-decoder-medium,,,72,,,0.0084082983710845,181095168
ds002236,pico-decoder-medium,pico-lm/pico-decoder-medium@61e1f3d4e3510de47689cd42fb60857460ac5abe,37000,,Sem,ses-9,72,0.0137179401511797,0.0060383801356641,0.009024619559059,pico-lm/pico-decoder-medium,,,72,,,0.0084082983710845,181095168
ds002236,pico-decoder-medium,pico-lm/pico-decoder-medium@150ab61d99f66be09f5eb2bf847ee0665582b9a7,45000,,Sem,ses-9,72,-0.0094050016630463,-0.0116460718539538,-0.0065017196022405,pico-lm/pico-decoder-medium,,,72,,,0.0084082983710845,181095168
ds002236,pico-decoder-medium,pico-lm/pico-decoder-medium@82ba8a99abaa71414eba85a5d52d4e1391036516,55000,,Sem,ses-9,72,-0.0135297050606426,-0.0081456064584277,-0.009155695206245,pico-lm/pico-decoder-medium,,,72,,,0.0084082983710845,181095168
ds002236,pico-decoder-medium,pico-lm/pico-decoder-medium@2c63090738dceda752da9ab9addfb006b940ab33,68000,,Sem,ses-9,72,-0.0024415328704772,-0.004652158544346,-0.0017174584799512,pico-lm/pico-decoder-medium,,,72,,,0.0084082983710845,181095168
ds002236,pico-decoder-medium,pico-lm/pico-decoder-medium@4f83bfb44212f15f6b9bce8eac266f625ddcaa16,83000,,Sem,ses-9,72,-0.0110017302156459,-0.0171202131136799,-0.0073794364359674,pico-lm/pico-decoder-medium,,,72,,,0.0084082983710845,181095168
ds002236,pico-decoder-medium,pico-lm/pico-decoder-medium@44b1c3539608b56da6f5355f1863e011aece543c,102000,,Sem,ses-9,72,0.0041780407454234,-0.0085075112465758,0.0025712876957329,pico-lm/pico-decoder-medium,,,72,,,0.0084082983710845,181095168
ds002236,pico-decoder-medium,pico-lm/pico-decoder-medium@beb2346dad2ddcdb97d3ba99ba24d14448c1cfc6,125000,,Sem,ses-9,72,-0.0006829655446101,-0.0089512786552568,-0.000390776929461,pico-lm/pico-decoder-medium,,,72,,,0.0084082983710845,181095168
ds002236,pico-decoder-small,pico-lm/pico-decoder-small@a8294defc7001e32644ce53dbcb87ef35587ff22,0,,Phon,ses-11,96,-0.0220224560958702,-0.0234295449478243,-0.0146942812174107,pico-lm/pico-decoder-small,,,96,,,,64595328
ds002236,pico-decoder-small,pico-lm/pico-decoder-small@5e3d06988f3cc3adbf36b55cd8b1ddb3ae9f9bde,1000,,Phon,ses-11,96,0.0102021887145477,0.0103274363153641,0.0069463525011255,pico-lm/pico-decoder-small,,,96,,,,64595328
ds002236,pico-decoder-small,pico-lm/pico-decoder-small@9f1ca389bbb1cc08b42a32bfe58fb818b24b3490,2000,,Phon,ses-11,96,-0.0048543545843881,0.002268439177635,-0.0033154008073484,pico-lm/pico-decoder-small,,,96,,,,64595328
ds002236,pico-decoder-small,pico-lm/pico-decoder-small@f2269f20ce160cf71bea0a02ccf685e126dd2dc1,3000,,Phon,ses-11,96,-0.0022069489041466,0.0006122781057368,-0.0014065103535324,pico-lm/pico-decoder-small,,,96,,,,64595328
ds002236,pico-decoder-small,pico-lm/pico-decoder-small@10da1c98e1cd32fc61ab4ced31075c08cf699861,4000,,Phon,ses-11,96,0.004496099851133,0.0106868627169421,0.0030350607820274,pico-lm/pico-decoder-small,,,96,,,,64595328
ds002236,pico-decoder-small,pico-lm/pico-decoder-small@be2865b50166a683e659f4a1f99e058c77288911,5000,,Phon,ses-11,96,0.0146344314901908,0.0178049403367332,0.0097143494841512,pico-lm/pico-decoder-small,,,96,,,,64595328
ds002236,pico-decoder-small,pico-lm/pico-decoder-small@c5bddf28e9cfbede4fe480513c4a3487279f7d47,7000,,Phon,ses-11,96,0.0077336448840008,0.0124267296165702,0.0049955168685037,pico-lm/pico-decoder-small,,,96,,,,64595328
ds002236,pico-decoder-small,pico-lm/pico-decoder-small@9fe9969ca88ccf3b71599f85000ce082bf854421,8000,,Phon,ses-11,96,0.0053477551584884,0.0102042172881544,0.0036226781034622,pico-lm/pico-decoder-small,,,96,,,,64595328
ds002236,pico-decoder-small,pico-lm/pico-decoder-small@8ce4e4fa15c0cec038fcb9f29d30cc50bac60a3d,10000,,Phon,ses-11,96,0.015751415286882,0.0185465174915473,0.01051861942639,pico-lm/pico-decoder-small,,,96,,,,64595328
ds002236,pico-decoder-small,pico-lm/pico-decoder-small@c2395fd6ba7da947893c62b8169b47a83345153b,13000,,Phon,ses-11,96,0.0138657032716756,0.0143371643392067,0.0094609467296229,pico-lm/pico-decoder-small,,,96,,,,64595328
ds002236,pico-decoder-small,pico-lm/pico-decoder-small@cbb63c23390c0d43e0d6dfaa0c69aed19778fa74,16000,,Phon,ses-11,96,0.0051769837287047,0.004487183919118,0.0035364788369256,pico-lm/pico-decoder-small,,,96,,,,64595328
ds002236,pico-decoder-small,pico-lm/pico-decoder-small@082423f29dc36ca1b544cb85c655531783bb8985,20000,,Phon,ses-11,96,0.0244636223210603,0.0288700096747115,0.0162841574214105,pico-lm/pico-decoder-small,,,96,,,,64595328
ds002236,pico-decoder-small,pico-lm/pico-decoder-small@bbc3997ae0773f6e0f145401283a22dced84175c,24000,,Phon,ses-11,96,0.0203138221071124,0.0216235690111809,0.0133732004941065,pico-lm/pico-decoder-small,,,96,,,,64595328
ds002236,pico-decoder-small,pico-lm/pico-decoder-small@4e76d0f5009af59c7519cc564d83ccb252becc09,30000,,Phon,ses-11,96,0.0219485000116976,0.0233229995625103,0.0146203961318079,pico-lm/pico-decoder-small,,,96,,,,64595328
ds002236,pico-decoder-small,pico-lm/pico-decoder-small@ad19a8ed94822569698ab34f7cbdb71a73e75edb,37000,,Phon,ses-11,96,0.0120662966622818,0.0118418314380449,0.0081292835070787,pico-lm/pico-decoder-small,,,96,,,,64595328
ds002236,pico-decoder-small,pico-lm/pico-decoder-small@9b211dca4e657296153efe83773900826fe138d5,45000,,Phon,ses-11,96,0.0191274324625725,0.0248522516574095,0.0129804935677645,pico-lm/pico-decoder-small,,,96,,,,64595328
ds002236,pico-decoder-small,pico-lm/pico-decoder-small@497f4bdf16cbdcb120415cd944d84b34d1fef37a,55000,,Phon,ses-11,96,0.003660163576503,0.0101345561947365,0.002426855689344,pico-lm/pico-decoder-small,,,96,,,,64595328
ds002236,pico-decoder-small,pico-lm/pico-decoder-small@e7396619711d862dc1bed1a5f5797fb2b5cc9768,68000,,Phon,ses-11,96,0.0051890949963166,0.0212810933981606,0.003605361286524,pico-lm/pico-decoder-small,,,96,,,,64595328
ds002236,pico-decoder-small,pico-lm/pico-decoder-small@d63e823855aefabdb4d0fb89c6cb30f1917edff8,83000,,Phon,ses-11,96,0.0174169209982664,0.0435527501270791,0.0115582056699106,pico-lm/pico-decoder-small,,,96,,,,64595328
ds002236,pico-decoder-small,pico-lm/pico-decoder-small@a29b66f6847b3a1ec6358c6bdf5686f8db25e228,102000,,Phon,ses-11,96,0.0117520824304481,0.0152738095027473,0.0079524595652324,pico-lm/pico-decoder-small,,,96,,,,64595328
ds002236,pico-decoder-small,pico-lm/pico-decoder-small@ef21ca419b33425716396ead8c1e60e01f301271,125000,,Phon,ses-11,96,0.0194748551680432,0.0261889451016372,0.0131088304221839,pico-lm/pico-decoder-small,,,96,,,,64595328
ds002236,pico-decoder-small,pico-lm/pico-decoder-small@a8294defc7001e32644ce53dbcb87ef35587ff22,0,,Phon,ses-11+,96,-0.0005586593967539,0.0069905418684579,-0.0003544175200009,pico-lm/pico-decoder-small,0.2821380444353854,0.6689092985587908,96,3.0,-0.0019800923972231005,,64595328
ds002236,pico-decoder-small,pico-lm/pico-decoder-small@5e3d06988f3cc3adbf36b55cd8b1ddb3ae9f9bde,1000,,Phon,ses-11+,96,0.0300727885183876,0.0311423884681274,0.0200486410146885,pico-lm/pico-decoder-small,0.2821380444353854,0.6689092985587908,96,3.0,0.10658891670766789,,64595328
ds002236,pico-decoder-small,pico-lm/pico-decoder-small@9f1ca389bbb1cc08b42a32bfe58fb818b24b3490,2000,,Phon,ses-11+,96,0.0026407715536325,0.0139052323797479,0.0018107618244998,pico-lm/pico-decoder-small,0.2821380444353854,0.6689092985587908,96,3.0,0.009359856303382309,,64595328
ds002236,pico-decoder-small,pico-lm/pico-decoder-small@f2269f20ce160cf71bea0a02ccf685e126dd2dc1,3000,,Phon,ses-11+,96,0.0097440422841056,0.0194269520815568,0.0065295944401473,pico-lm/pico-decoder-small,0.2821380444353854,0.6689092985587908,96,3.0,0.03453643518230721,,64595328
ds002236,pico-decoder-small,pico-lm/pico-decoder-small@10da1c98e1cd32fc61ab4ced31075c08cf699861,4000,,Phon,ses-11+,96,0.0125460482992107,0.0267206454282884,0.0083520932183496,pico-lm/pico-decoder-small,0.2821380444353854,0.6689092985587908,96,3.0,0.0444677651477944,,64595328
ds002236,pico-decoder-small,pico-lm/pico-decoder-small@be2865b50166a683e659f4a1f99e058c77288911,5000,,Phon,ses-11+,96,0.0599079693758287,0.0581425442008643,0.0400580305776505,pico-lm/pico-decoder-small,0.2821380444353854,0.6689092985587908,96,3.0,0.21233566531488693,,64595328
ds002236,pico-decoder-small,pico-lm/pico-decoder-small@c5bddf28e9cfbede4fe480513c4a3487279f7d47,7000,,Phon,ses-11+,96,0.0361379076573668,0.0388849534988408,0.0242868357557636,pico-lm/pico-decoder-small,0.2821380444353854,0.6689092985587908,96,3.0,0.12808590819322493,,64595328
ds002236,pico-decoder-small,pico-lm/pico-decoder-small@9fe9969ca88ccf3b71599f85000ce082bf854421,8000,,Phon,ses-11+,96,0.0424246873685553,0.0411963005349813,0.028054397894275,pico-lm/pico-decoder-small,0.2821380444353854,0.6689092985587908,96,3.0,0.1503685454879209,,64595328
ds002236,pico-decoder-small,pico-lm/pico-decoder-small@8ce4e4fa15c0cec038fcb9f29d30cc50bac60a3d,10000,,Phon,ses-11+,96,0.0416285593971794,0.0429207097280273,0.0277384621896922,pico-lm/pico-decoder-small,0.2821380444353854,0.6689092985587908,96,3.0,0.14754677796284604,,64595328
ds002236,pico-decoder-small,pico-lm/pico-decoder-small@c2395fd6ba7da947893c62b8169b47a83345153b,13000,,Phon,ses-11+,96,0.0201557151263106,0.0225769488730953,0.01345497435187,pico-lm/pico-decoder-small,0.2821380444353854,0.6689092985587908,96,3.0,0.07143919625106288,,64595328
ds002236,pico-decoder-small,pico-lm/pico-decoder-small@cbb63c23390c0d43e0d6dfaa0c69aed19778fa74,16000,,Phon,ses-11+,96,-0.0057483566786206,0.011959568713919,-0.003938613808045,pico-lm/pico-decoder-small,0.2821380444353854,0.6689092985587908,96,3.0,-0.02037426994336836,,64595328
ds002236,pico-decoder-small,pico-lm/pico-decoder-small@082423f29dc36ca1b544cb85c655531783bb8985,20000,,Phon,ses-11+,96,0.0267827298553195,0.0522009279631739,0.0180462397494064,pico-lm/pico-decoder-small,0.2821380444353854,0.6689092985587908,96,3.0,0.09492775038161583,,64595328
ds002236,pico-decoder-small,pico-lm/pico-decoder-small@bbc3997ae0773f6e0f145401283a22dced84175c,24000,,Phon,ses-11+,96,0.0135607634020349,0.0261001967784052,0.0089320141767008,pico-lm/pico-decoder-small,0.2821380444353854,0.6689092985587908,96,3.0,0.048064285088431434,,64595328
ds002236,pico-decoder-small,pico-lm/pico-decoder-small@4e76d0f5009af59c7519cc564d83ccb252becc09,30000,,Phon,ses-11+,96,0.016951126971435,0.0444303319696485,0.0113132689147743,pico-lm/pico-decoder-small,0.2821380444353854,0.6689092985587908,96,3.0,0.060080968539204235,,64595328
ds002236,pico-decoder-small,pico-lm/pico-decoder-small@ad19a8ed94822569698ab34f7cbdb71a73e75edb,37000,,Phon,ses-11+,96,0.0274497590137689,0.0399167126800147,0.0181576446050418,pico-lm/pico-decoder-small,0.2821380444353854,0.6689092985587908,96,3.0,0.09729194468864116,,64595328
ds002236,pico-decoder-small,pico-lm/pico-decoder-small@9b211dca4e657296153efe83773900826fe138d5,45000,,Phon,ses-11+,96,0.034539832489594,0.0530497511953193,0.0230873575691806,pico-lm/pico-decoder-small,0.2821380444353854,0.6689092985587908,96,3.0,0.12242174768991222,,64595328
ds002236,pico-decoder-small,pico-lm/pico-decoder-small@497f4bdf16cbdcb120415cd944d84b34d1fef37a,55000,,Phon,ses-11+,96,0.0200776144215291,0.0307609103142828,0.0132148478236609,pico-lm/pico-decoder-small,0.2821380444353854,0.6689092985587908,96,3.0,0.07116237890465434,,64595328
ds002236,pico-decoder-small,pico-lm/pico-decoder-small@e7396619711d862dc1bed1a5f5797fb2b5cc9768,68000,,Phon,ses-11+,96,0.0423124021812775,0.0470907422946936,0.0282956788769466,pico-lm/pico-decoder-small,0.2821380444353854,0.6689092985587908,96,3.0,0.14997056588363708,,64595328
ds002236,pico-decoder-small,pico-lm/pico-decoder-small@d63e823855aefabdb4d0fb89c6cb30f1917edff8,83000,,Phon,ses-11+,96,0.0488001074652576,0.1006189744837348,0.0326539368821263,pico-lm/pico-decoder-small,0.2821380444353854,0.6689092985587908,96,3.0,0.1729653565966843,,64595328
ds002236,pico-decoder-small,pico-lm/pico-decoder-small@a29b66f6847b3a1ec6358c6bdf5686f8db25e228,102000,,Phon,ses-11+,96,0.0447321391144407,0.0563765450539631,0.0298062825411851,pico-lm/pico-decoder-small,0.2821380444353854,0.6689092985587908,96,3.0,0.15854699497885386,,64595328
ds002236,pico-decoder-small,pico-lm/pico-decoder-small@ef21ca419b33425716396ead8c1e60e01f301271,125000,,Phon,ses-11+,96,0.0603712247924798,0.0670142100776494,0.0404143721884223,pico-lm/pico-decoder-small,0.2821380444353854,0.6689092985587908,96,3.0,0.21397761125513814,,64595328
ds002236,pico-decoder-small,pico-lm/pico-decoder-small@a8294defc7001e32644ce53dbcb87ef35587ff22,0,,Phon,ses-9,96,0.0013907735184325,0.0070684115452208,0.0009658935669949,pico-lm/pico-decoder-small,,,96,,,0.008728626502912,64595328
ds002236,pico-decoder-small,pico-lm/pico-decoder-small@5e3d06988f3cc3adbf36b55cd8b1ddb3ae9f9bde,1000,,Phon,ses-9,96,0.0218941899025348,0.0273168800738143,0.0148512870243166,pico-lm/pico-decoder-small,,,96,,,0.008728626502912,64595328
ds002236,pico-decoder-small,pico-lm/pico-decoder-small@9f1ca389bbb1cc08b42a32bfe58fb818b24b3490,2000,,Phon,ses-9,96,0.0109063559466191,0.0144450989908874,0.0072051427098124,pico-lm/pico-decoder-small,,,96,,,0.008728626502912,64595328
ds002236,pico-decoder-small,pico-lm/pico-decoder-small@f2269f20ce160cf71bea0a02ccf685e126dd2dc1,3000,,Phon,ses-9,96,0.0258344377745134,0.0266477426324023,0.0171859787657342,pico-lm/pico-decoder-small,,,96,,,0.008728626502912,64595328
ds002236,pico-decoder-small,pico-lm/pico-decoder-small@10da1c98e1cd32fc61ab4ced31075c08cf699861,4000,,Phon,ses-9,96,0.0212369979059927,0.0216382089535276,0.0142009443437503,pico-lm/pico-decoder-small,,,96,,,0.008728626502912,64595328
ds002236,pico-decoder-small,pico-lm/pico-decoder-small@be2865b50166a683e659f4a1f99e058c77288911,5000,,Phon,ses-9,96,0.0569455664545714,0.0615707800317592,0.0379523056379707,pico-lm/pico-decoder-small,,,96,,,0.008728626502912,64595328
ds002236,pico-decoder-small,pico-lm/pico-decoder-small@c5bddf28e9cfbede4fe480513c4a3487279f7d47,7000,,Phon,ses-9,96,0.0107027639409102,0.030793587039711,0.0072128390728961,pico-lm/pico-decoder-small,,,96,,,0.008728626502912,64595328
ds002236,pico-decoder-small,pico-lm/pico-decoder-small@9fe9969ca88ccf3b71599f85000ce082bf854421,8000,,Phon,ses-9,96,0.0254725427509535,0.0386654100278929,0.0169993419609563,pico-lm/pico-decoder-small,,,96,,,0.008728626502912,64595328
ds002236,pico-decoder-small,pico-lm/pico-decoder-small@8ce4e4fa15c0cec038fcb9f29d30cc50bac60a3d,10000,,Phon,ses-9,96,0.018150194986245,0.0305528472683991,0.0121748767619861,pico-lm/pico-decoder-small,,,96,,,0.008728626502912,64595328
ds002236,pico-decoder-small,pico-lm/pico-decoder-small@c2395fd6ba7da947893c62b8169b47a83345153b,13000,,Phon,ses-9,96,0.0141493669834594,0.0118809382329675,0.009401684733879,pico-lm/pico-decoder-small,,,96,,,0.008728626502912,64595328
ds002236,pico-decoder-small,pico-lm/pico-decoder-small@cbb63c23390c0d43e0d6dfaa0c69aed19778fa74,16000,,Phon,ses-9,96,-0.0324666360319017,-0.0144468202209745,-0.0215755994504796,pico-lm/pico-decoder-small,,,96,,,0.008728626502912,64595328
ds002236,pico-decoder-small,pico-lm/pico-decoder-small@082423f29dc36ca1b544cb85c655531783bb8985,20000,,Phon,ses-9,96,0.0163269761399574,0.0318992285011679,0.0106946737319279,pico-lm/pico-decoder-small,,,96,,,0.008728626502912,64595328
ds002236,pico-decoder-small,pico-lm/pico-decoder-small@bbc3997ae0773f6e0f145401283a22dced84175c,24000,,Phon,ses-9,96,-0.0037745675838435,-0.0032372198543758,-0.0025482658169881,pico-lm/pico-decoder-small,,,96,,,0.008728626502912,64595328
ds002236,pico-decoder-small,pico-lm/pico-decoder-small@4e76d0f5009af59c7519cc564d83ccb252becc09,30000,,Phon,ses-9,96,0.0199148326721527,0.033668965208058,0.01322350623213,pico-lm/pico-decoder-small,,,96,,,0.008728626502912,64595328
ds002236,pico-decoder-small,pico-lm/pico-decoder-small@ad19a8ed94822569698ab34f7cbdb71a73e75edb,37000,,Phon,ses-9,96,0.0225413546483071,0.026119440201786,0.014994439377672,pico-lm/pico-decoder-small,,,96,,,0.008728626502912,64595328
ds002236,pico-decoder-small,pico-lm/pico-decoder-small@9b211dca4e657296153efe83773900826fe138d5,45000,,Phon,ses-9,96,0.029644888491127,0.0428777573137304,0.0196805624502141,pico-lm/pico-decoder-small,,,96,,,0.008728626502912,64595328
ds002236,pico-decoder-small,pico-lm/pico-decoder-small@497f4bdf16cbdcb120415cd944d84b34d1fef37a,55000,,Phon,ses-9,96,0.0250150990924507,0.0386572457436504,0.0166766719386753,pico-lm/pico-decoder-small,,,96,,,0.008728626502912,64595328
ds002236,pico-decoder-small,pico-lm/pico-decoder-small@e7396619711d862dc1bed1a5f5797fb2b5cc9768,68000,,Phon,ses-9,96,0.0324134651903415,0.0478515040931196,0.0217910976168211,pico-lm/pico-decoder-small,,,96,,,0.008728626502912,64595328
ds002236,pico-decoder-small,pico-lm/pico-decoder-small@d63e823855aefabdb4d0fb89c6cb30f1917edff8,83000,,Phon,ses-9,96,0.0601715246727205,0.0964922592942416,0.040288344242928,pico-lm/pico-decoder-small,,,96,,,0.008728626502912,64595328
ds002236,pico-decoder-small,pico-lm/pico-decoder-small@a29b66f6847b3a1ec6358c6bdf5686f8db25e228,102000,,Phon,ses-9,96,0.0623301521527699,0.0647082518885002,0.0417341060481869,pico-lm/pico-decoder-small,,,96,,,0.008728626502912,64595328
ds002236,pico-decoder-small,pico-lm/pico-decoder-small@ef21ca419b33425716396ead8c1e60e01f301271,125000,,Phon,ses-9,96,0.0621716361392095,0.0633104199297496,0.0416531018267317,pico-lm/pico-decoder-small,,,96,,,0.008728626502912,64595328
ds002236,pico-decoder-small,pico-lm/pico-decoder-small@a8294defc7001e32644ce53dbcb87ef35587ff22,0,,Sem,ses-11,72,-0.0031185518419248,-0.0135609627316982,-0.0023697742007601,pico-lm/pico-decoder-small,,,72,,,,64595328
ds002236,pico-decoder-small,pico-lm/pico-decoder-small@5e3d06988f3cc3adbf36b55cd8b1ddb3ae9f9bde,1000,,Sem,ses-11,72,-0.0260712527882107,-0.0042737987896557,-0.0176639747158751,pico-lm/pico-decoder-small,,,72,,,,64595328
ds002236,pico-decoder-small,pico-lm/pico-decoder-small@9f1ca389bbb1cc08b42a32bfe58fb818b24b3490,2000,,Sem,ses-11,72,-0.0231203626902284,-0.0177423697269057,-0.0151061620866753,pico-lm/pico-decoder-small,,,72,,,,64595328
ds002236,pico-decoder-small,pico-lm/pico-decoder-small@f2269f20ce160cf71bea0a02ccf685e126dd2dc1,3000,,Sem,ses-11,72,-0.0164649271060977,-0.02033172871151,-0.0110213794180608,pico-lm/pico-decoder-small,,,72,,,,64595328
ds002236,pico-decoder-small,pico-lm/pico-decoder-small@10da1c98e1cd32fc61ab4ced31075c08cf699861,4000,,Sem,ses-11,72,-0.0182387147847844,-0.018979582305556,-0.0120932597104698,pico-lm/pico-decoder-small,,,72,,,,64595328
ds002236,pico-decoder-small,pico-lm/pico-decoder-small@be2865b50166a683e659f4a1f99e058c77288911,5000,,Sem,ses-11,72,-0.002312830343143,-0.0231106026363706,-0.0021682607057872,pico-lm/pico-decoder-small,,,72,,,,64595328
ds002236,pico-decoder-small,pico-lm/pico-decoder-small@c5bddf28e9cfbede4fe480513c4a3487279f7d47,7000,,Sem,ses-11,72,-0.0124843449275305,-0.0197179999167668,-0.0083643412989351,pico-lm/pico-decoder-small,,,72,,,,64595328
ds002236,pico-decoder-small,pico-lm/pico-decoder-small@9fe9969ca88ccf3b71599f85000ce082bf854421,8000,,Sem,ses-11,72,-0.014437701868867,-0.019801702238565,-0.0094729717727981,pico-lm/pico-decoder-small,,,72,,,,64595328
ds002236,pico-decoder-small,pico-lm/pico-decoder-small@8ce4e4fa15c0cec038fcb9f29d30cc50bac60a3d,10000,,Sem,ses-11,72,-0.0094561975259158,-0.0161349518280613,-0.0065978825770452,pico-lm/pico-decoder-small,,,72,,,,64595328
ds002236,pico-decoder-small,pico-lm/pico-decoder-small@c2395fd6ba7da947893c62b8169b47a83345153b,13000,,Sem,ses-11,72,0.0042624296251361,-0.0114718721474759,0.0027066508640886,pico-lm/pico-decoder-small,,,72,,,,64595328
ds002236,pico-decoder-small,pico-lm/pico-decoder-small@cbb63c23390c0d43e0d6dfaa0c69aed19778fa74,16000,,Sem,ses-11,72,0.0159747958143497,-0.0191087452933579,0.0105301519926254,pico-lm/pico-decoder-small,,,72,,,,64595328
ds002236,pico-decoder-small,pico-lm/pico-decoder-small@082423f29dc36ca1b544cb85c655531783bb8985,20000,,Sem,ses-11,72,-0.0085850206051993,-0.0263504075343916,-0.0060594924187438,pico-lm/pico-decoder-small,,,72,,,,64595328
ds002236,pico-decoder-small,pico-lm/pico-decoder-small@bbc3997ae0773f6e0f145401283a22dced84175c,24000,,Sem,ses-11,72,0.0147484241500274,-0.0182627229631154,0.0096848978191829,pico-lm/pico-decoder-small,,,72,,,,64595328
ds002236,pico-decoder-small,pico-lm/pico-decoder-small@4e76d0f5009af59c7519cc564d83ccb252becc09,30000,,Sem,ses-11,72,-0.0035453497939796,-0.0174998453123731,-0.0025075873812126,pico-lm/pico-decoder-small,,,72,,,,64595328
ds002236,pico-decoder-small,pico-lm/pico-decoder-small@ad19a8ed94822569698ab34f7cbdb71a73e75edb,37000,,Sem,ses-11,72,0.0157885836366166,-0.0074738998701431,0.0099274490167795,pico-lm/pico-decoder-small,,,72,,,,64595328
ds002236,pico-decoder-small,pico-lm/pico-decoder-small@9b211dca4e657296153efe83773900826fe138d5,45000,,Sem,ses-11,72,-0.0167446208511841,-0.0122678873115651,-0.0109968792970915,pico-lm/pico-decoder-small,,,72,,,,64595328
ds002236,pico-decoder-small,pico-lm/pico-decoder-small@497f4bdf16cbdcb120415cd944d84b34d1fef37a,55000,,Sem,ses-11,72,-0.0092341341592394,-0.0169362057082279,-0.0060937925881009,pico-lm/pico-decoder-small,,,72,,,,64595328
ds002236,pico-decoder-small,pico-lm/pico-decoder-small@e7396619711d862dc1bed1a5f5797fb2b5cc9768,68000,,Sem,ses-11,72,-0.0152963762542504,-0.0186519337453479,-0.0099721617375485,pico-lm/pico-decoder-small,,,72,,,,64595328
ds002236,pico-decoder-small,pico-lm/pico-decoder-small@d63e823855aefabdb4d0fb89c6cb30f1917edff8,83000,,Sem,ses-11,72,0.0144309188230566,-0.0020376278811444,0.0095911848564752,pico-lm/pico-decoder-small,,,72,,,,64595328
ds002236,pico-decoder-small,pico-lm/pico-decoder-small@a29b66f6847b3a1ec6358c6bdf5686f8db25e228,102000,,Sem,ses-11,72,-0.0140990569234404,-0.0048479676827374,-0.0092010204300383,pico-lm/pico-decoder-small,,,72,,,,64595328
ds002236,pico-decoder-small,pico-lm/pico-decoder-small@ef21ca419b33425716396ead8c1e60e01f301271,125000,,Sem,ses-11,72,0.0012746599942594,-0.0048869756777699,0.0008734293125572,pico-lm/pico-decoder-small,,,72,,,,64595328
ds002236,pico-decoder-small,pico-lm/pico-decoder-small@a8294defc7001e32644ce53dbcb87ef35587ff22,0,,Sem,ses-11+,72,-0.0066113461456725,-0.0110094963905492,-0.0042715960910056,pico-lm/pico-decoder-small,0.2731807870321323,0.6611824419010607,72,3.0,-0.024201358439218695,,64595328
ds002236,pico-decoder-small,pico-lm/pico-decoder-small@5e3d06988f3cc3adbf36b55cd8b1ddb3ae9f9bde,1000,,Sem,ses-11+,72,-0.0220924448802342,-0.0046780588025764,-0.014636372267088,pico-lm/pico-decoder-small,0.2731807870321323,0.6611824419010607,72,3.0,-0.08087115173892381,,64595328
ds002236,pico-decoder-small,pico-lm/pico-decoder-small@9f1ca389bbb1cc08b42a32bfe58fb818b24b3490,2000,,Sem,ses-11+,72,-0.0098687344816672,-0.0078113723767837,-0.0067840834964122,pico-lm/pico-decoder-small,0.2731807870321323,0.6611824419010607,72,3.0,-0.03612528753900402,,64595328
ds002236,pico-decoder-small,pico-lm/pico-decoder-small@f2269f20ce160cf71bea0a02ccf685e126dd2dc1,3000,,Sem,ses-11+,72,-0.0140344329438198,-0.0179122311615868,-0.0094760342879192,pico-lm/pico-decoder-small,0.2731807870321323,0.6611824419010607,72,3.0,-0.05137415810347245,,64595328
ds002236,pico-decoder-small,pico-lm/pico-decoder-small@10da1c98e1cd32fc61ab4ced31075c08cf699861,4000,,Sem,ses-11+,72,0.0125137019555469,-0.0007325757798988,0.008023177114437,pico-lm/pico-decoder-small,0.2731807870321323,0.6611824419010607,72,3.0,0.04580740136045879,,64595328
ds002236,pico-decoder-small,pico-lm/pico-decoder-small@be2865b50166a683e659f4a1f99e058c77288911,5000,,Sem,ses-11+,72,0.0186834530630027,0.0074248401695575,0.0121747226126928,pico-lm/pico-decoder-small,0.2731807870321323,0.6611824419010607,72,3.0,0.06839226603738095,,64595328
ds002236,pico-decoder-small,pico-lm/pico-decoder-small@c5bddf28e9cfbede4fe480513c4a3487279f7d47,7000,,Sem,ses-11+,72,-0.0052364373478699,-0.0068785413650424,-0.0033534540576794,pico-lm/pico-decoder-small,0.2731807870321323,0.6611824419010607,72,3.0,-0.019168395423262236,,64595328
ds002236,pico-decoder-small,pico-lm/pico-decoder-small@9fe9969ca88ccf3b71599f85000ce082bf854421,8000,,Sem,ses-11+,72,-0.0068064792610781,-0.0090698956124141,-0.0042832336484661,pico-lm/pico-decoder-small,0.2731807870321323,0.6611824419010607,72,3.0,-0.0249156587292411,,64595328
ds002236,pico-decoder-small,pico-lm/pico-decoder-small@8ce4e4fa15c0cec038fcb9f29d30cc50bac60a3d,10000,,Sem,ses-11+,72,-0.0098519547253717,-0.0083946150833824,-0.0061611679207666,pico-lm/pico-decoder-small,0.2731807870321323,0.6611824419010607,72,3.0,-0.036063863906406,,64595328
ds002236,pico-decoder-small,pico-lm/pico-decoder-small@c2395fd6ba7da947893c62b8169b47a83345153b,13000,,Sem,ses-11+,72,-0.0270831080237844,-0.0093352161898828,-0.0178213879931032,pico-lm/pico-decoder-small,0.2731807870321323,0.6611824419010607,72,3.0,-0.0991398711381515,,64595328
ds002236,pico-decoder-small,pico-lm/pico-decoder-small@cbb63c23390c0d43e0d6dfaa0c69aed19778fa74,16000,,Sem,ses-11+,72,0.0055689955894069,-0.0166641073439461,0.0039941322210278,pico-lm/pico-decoder-small,0.2731807870321323,0.6611824419010607,72,3.0,0.02038575131841852,,64595328
ds002236,pico-decoder-small,pico-lm/pico-decoder-small@082423f29dc36ca1b544cb85c655531783bb8985,20000,,Sem,ses-11+,72,-0.0215747121469636,-0.0221362626839622,-0.0141243197388287,pico-lm/pico-decoder-small,0.2731807870321323,0.6611824419010607,72,3.0,-0.07897594988781521,,64595328
ds002236,pico-decoder-small,pico-lm/pico-decoder-small@bbc3997ae0773f6e0f145401283a22dced84175c,24000,,Sem,ses-11+,72,-0.0117322101374082,-0.0241611647651283,-0.0080452272233094,pico-lm/pico-decoder-small,0.2731807870321323,0.6611824419010607,72,3.0,-0.042946688399533105,,64595328
ds002236,pico-decoder-small,pico-lm/pico-decoder-small@4e76d0f5009af59c7519cc564d83ccb252becc09,30000,,Sem,ses-11+,72,-0.0160900299822625,-0.0181926864621821,-0.0108161909049425,pico-lm/pico-decoder-small,0.2731807870321323,0.6611824419010607,72,3.0,-0.058898834566905124,,64595328
ds002236,pico-decoder-small,pico-lm/pico-decoder-small@ad19a8ed94822569698ab34f7cbdb71a73e75edb,37000,,Sem,ses-11+,72,-0.0103992880985381,-0.0274453181017279,-0.0068875965075077,pico-lm/pico-decoder-small,0.2731807870321323,0.6611824419010607,72,3.0,-0.038067421254317224,,64595328
ds002236,pico-decoder-small,pico-lm/pico-decoder-small@9b211dca4e657296153efe83773900826fe138d5,45000,,Sem,ses-11+,72,-0.0247177883033679,-0.020059231776907,-0.0162282676270714,pico-lm/pico-decoder-small,0.2731807870321323,0.6611824419010607,72,3.0,-0.09048143016170652,,64595328
ds002236,pico-decoder-small,pico-lm/pico-decoder-small@497f4bdf16cbdcb120415cd944d84b34d1fef37a,55000,,Sem,ses-11+,72,-0.0168904610071322,-0.0199584097677847,-0.0112124803616217,pico-lm/pico-decoder-small,0.2731807870321323,0.6611824419010607,72,3.0,-0.061828876000512796,,64595328
ds002236,pico-decoder-small,pico-lm/pico-decoder-small@e7396619711d862dc1bed1a5f5797fb2b5cc9768,68000,,Sem,ses-11+,72,-0.0156515278807094,-0.0198967660485088,-0.0101908253172,pico-lm/pico-decoder-small,0.2731807870321323,0.6611824419010607,72,3.0,-0.05729366274528092,,64595328
ds002236,pico-decoder-small,pico-lm/pico-decoder-small@d63e823855aefabdb4d0fb89c6cb30f1917edff8,83000,,Sem,ses-11+,72,0.007245595063354,-0.0063092259862735,0.0050163997684738,pico-lm/pico-decoder-small,0.2731807870321323,0.6611824419010607,72,3.0,0.026523077051175466,,64595328
ds002236,pico-decoder-small,pico-lm/pico-decoder-small@a29b66f6847b3a1ec6358c6bdf5686f8db25e228,102000,,Sem,ses-11+,72,-0.0304317042162579,-0.0269366397146832,-0.0202107622906388,pico-lm/pico-decoder-small,0.2731807870321323,0.6611824419010607,72,3.0,-0.11139767385134021,,64595328
ds002236,pico-decoder-small,pico-lm/pico-decoder-small@ef21ca419b33425716396ead8c1e60e01f301271,125000,,Sem,ses-11+,72,8.497742876651209e-05,-0.0092434851258543,0.0006670157933904,pico-lm/pico-decoder-small,0.2731807870321323,0.6611824419010607,72,3.0,0.00031106663718820317,,64595328
ds002236,pico-decoder-small,pico-lm/pico-decoder-small@a8294defc7001e32644ce53dbcb87ef35587ff22,0,,Sem,ses-9,72,0.0142157707281075,-0.0039915488429864,0.0093804838161388,pico-lm/pico-decoder-small,,,72,,,0.0084082983710845,64595328
ds002236,pico-decoder-small,pico-lm/pico-decoder-small@5e3d06988f3cc3adbf36b55cd8b1ddb3ae9f9bde,1000,,Sem,ses-9,72,0.0282974528786266,0.0175594519753324,0.0187983303167559,pico-lm/pico-decoder-small,,,72,,,0.0084082983710845,64595328
ds002236,pico-decoder-small,pico-lm/pico-decoder-small@9f1ca389bbb1cc08b42a32bfe58fb818b24b3490,2000,,Sem,ses-9,72,0.0321130932865952,0.0347818803240172,0.0211184917725531,pico-lm/pico-decoder-small,,,72,,,0.0084082983710845,64595328
ds002236,pico-decoder-small,pico-lm/pico-decoder-small@f2269f20ce160cf71bea0a02ccf685e126dd2dc1,3000,,Sem,ses-9,72,-0.0114859084666593,-0.0125930349639377,-0.0078963889884206,pico-lm/pico-decoder-small,,,72,,,0.0084082983710845,64595328
ds002236,pico-decoder-small,pico-lm/pico-decoder-small@10da1c98e1cd32fc61ab4ced31075c08cf699861,4000,,Sem,ses-9,72,-0.0021747232474731,-0.0048698473044755,-0.0016133329658315,pico-lm/pico-decoder-small,,,72,,,0.0084082983710845,64595328
ds002236,pico-decoder-small,pico-lm/pico-decoder-small@be2865b50166a683e659f4a1f99e058c77288911,5000,,Sem,ses-9,72,0.0268983460194219,0.0054856153957321,0.0177478876301951,pico-lm/pico-decoder-small,,,72,,,0.0084082983710845,64595328
ds002236,pico-decoder-small,pico-lm/pico-decoder-small@c5bddf28e9cfbede4fe480513c4a3487279f7d47,7000,,Sem,ses-9,72,0.0241363406436551,-0.0021235777139444,0.0159544787752389,pico-lm/pico-decoder-small,,,72,,,0.0084082983710845,64595328
ds002236,pico-decoder-small,pico-lm/pico-decoder-small@9fe9969ca88ccf3b71599f85000ce082bf854421,8000,,Sem,ses-9,72,0.0153538039820704,0.003786235532476,0.0103488510974522,pico-lm/pico-decoder-small,,,72,,,0.0084082983710845,64595328
ds002236,pico-decoder-small,pico-lm/pico-decoder-small@8ce4e4fa15c0cec038fcb9f29d30cc50bac60a3d,10000,,Sem,ses-9,72,0.0158241136028162,0.0075318848782647,0.0104235764664088,pico-lm/pico-decoder-small,,,72,,,0.0084082983710845,64595328
ds002236,pico-decoder-small,pico-lm/pico-decoder-small@c2395fd6ba7da947893c62b8169b47a83345153b,13000,,Sem,ses-9,72,0.0087521275751864,0.0016295393277506,0.0057581409308208,pico-lm/pico-decoder-small,,,72,,,0.0084082983710845,64595328
ds002236,pico-decoder-small,pico-lm/pico-decoder-small@cbb63c23390c0d43e0d6dfaa0c69aed19778fa74,16000,,Sem,ses-9,72,0.0150392414003686,0.0003348984586313,0.0100977248575164,pico-lm/pico-decoder-small,,,72,,,0.0084082983710845,64595328
ds002236,pico-decoder-small,pico-lm/pico-decoder-small@082423f29dc36ca1b544cb85c655531783bb8985,20000,,Sem,ses-9,72,0.0030288336828678,-0.0001772880810147,0.0019471471140388,pico-lm/pico-decoder-small,,,72,,,0.0084082983710845,64595328
ds002236,pico-decoder-small,pico-lm/pico-decoder-small@bbc3997ae0773f6e0f145401283a22dced84175c,24000,,Sem,ses-9,72,0.005416826554928,-0.0041741180432977,0.0036211178792695,pico-lm/pico-decoder-small,,,72,,,0.0084082983710845,64595328
ds002236,pico-decoder-small,pico-lm/pico-decoder-small@4e76d0f5009af59c7519cc564d83ccb252becc09,30000,,Sem,ses-9,72,0.0132498014787751,-0.0078168645241295,0.0089400941417148,pico-lm/pico-decoder-small,,,72,,,0.0084082983710845,64595328
ds002236,pico-decoder-small,pico-lm/pico-decoder-small@ad19a8ed94822569698ab34f7cbdb71a73e75edb,37000,,Sem,ses-9,72,0.0088755583127054,-0.0117542108365651,0.0058543039056255,pico-lm/pico-decoder-small,,,72,,,0.0084082983710845,64595328
ds002236,pico-decoder-small,pico-lm/pico-decoder-small@9b211dca4e657296153efe83773900826fe138d5,45000,,Sem,ses-9,72,-0.0100603557054662,-0.0137315993111971,-0.0067755084540729,pico-lm/pico-decoder-small,,,72,,,0.0084082983710845,64595328
ds002236,pico-decoder-small,pico-lm/pico-decoder-small@497f4bdf16cbdcb120415cd944d84b34d1fef37a,55000,,Sem,ses-9,72,-0.0086769973841294,-0.0183436825483862,-0.0056246152715379,pico-lm/pico-decoder-small,,,72,,,0.0084082983710845,64595328
ds002236,pico-decoder-small,pico-lm/pico-decoder-small@e7396619711d862dc1bed1a5f5797fb2b5cc9768,68000,,Sem,ses-9,72,-0.0057991965989223,-0.015930166313667,-0.0035212798863194,pico-lm/pico-decoder-small,,,72,,,0.0084082983710845,64595328
ds002236,pico-decoder-small,pico-lm/pico-decoder-small@d63e823855aefabdb4d0fb89c6cb30f1917edff8,83000,,Sem,ses-9,72,0.0174913092270467,0.0058692272122314,0.0115009692860358,pico-lm/pico-decoder-small,,,72,,,0.0084082983710845,64595328
ds002236,pico-decoder-small,pico-lm/pico-decoder-small@a29b66f6847b3a1ec6358c6bdf5686f8db25e228,102000,,Sem,ses-9,72,-0.0048212688089255,-0.010397632747935,-0.0031213154114948,pico-lm/pico-decoder-small,,,72,,,0.0084082983710845,64595328
ds002236,pico-decoder-small,pico-lm/pico-decoder-small@ef21ca419b33425716396ead8c1e60e01f301271,125000,,Sem,ses-9,72,0.0176597298327729,0.001018177829309,0.0112908807487236,pico-lm/pico-decoder-small,,,72,,,0.0084082983710845,64595328
ds002236,pico-decoder-tiny,pico-lm/pico-decoder-tiny@103adb71c10fcc35cebf2b93843f0dd76be7f44e,0,,Phon,ses-11,96,0.0059146383664055,0.006745183184138,0.0039774804416173,pico-lm/pico-decoder-tiny,,,96,,,,11282784
ds002236,pico-decoder-tiny,pico-lm/pico-decoder-tiny@fa2c5d27a1fbae4ac24e49c80d0ff1a9cecfabd0,1000,,Phon,ses-11,96,-0.0112257133350964,-0.0067375938666141,-0.0073013472483577,pico-lm/pico-decoder-tiny,,,96,,,,11282784
ds002236,pico-decoder-tiny,pico-lm/pico-decoder-tiny@c0dda9ee77ced01962ae332bbf283bcf238765a8,2000,,Phon,ses-11,96,-0.035824963679802,-0.0263064732743297,-0.0238102384718101,pico-lm/pico-decoder-tiny,,,96,,,,11282784
ds002236,pico-decoder-tiny,pico-lm/pico-decoder-tiny@88ef3234093953618e0d8f3c898c9811ec24ed35,3000,,Phon,ses-11,96,-0.0200412372095855,-0.010835827821934,-0.0131696316905446,pico-lm/pico-decoder-tiny,,,96,,,,11282784
ds002236,pico-decoder-tiny,pico-lm/pico-decoder-tiny@84bc530a1fc367c8efc0b3957b86d1c509296091,4000,,Phon,ses-11,96,-0.0232631977399947,-0.0158334258970681,-0.015537995020453,pico-lm/pico-decoder-tiny,,,96,,,,11282784
ds002236,pico-decoder-tiny,pico-lm/pico-decoder-tiny@d31ea8a1afbffb6e7b934a4645ce44652a0d146f,5000,,Phon,ses-11,96,-0.0259269368879994,-0.0234550036350081,-0.0173437542089485,pico-lm/pico-decoder-tiny,,,96,,,,11282784
ds002236,pico-decoder-tiny,pico-lm/pico-decoder-tiny@61eace927bb768764dca51562258d78a2fe54f76,7000,,Phon,ses-11,96,-0.0220928563033673,-0.0173932819310015,-0.0148110735272047,pico-lm/pico-decoder-tiny,,,96,,,,11282784
ds002236,pico-decoder-tiny,pico-lm/pico-decoder-tiny@5db2932311894754cd4e80f811378100794ae014,8000,,Phon,ses-11,96,-0.0190422321539279,-0.0146221626738374,-0.0127422911303263,pico-lm/pico-decoder-tiny,,,96,,,,11282784
ds002236,pico-decoder-tiny,pico-lm/pico-decoder-tiny@a5175df52f960d869efda7045c5982e933d3b705,10000,,Phon,ses-11,96,-0.0136582915176014,-0.0076515344123529,-0.0093410758745954,pico-lm/pico-decoder-tiny,,,96,,,,11282784
ds002236,pico-decoder-tiny,pico-lm/pico-decoder-tiny@46c9adae32a035be4680d5185fd1e87408bbc608,13000,,Phon,ses-11,96,-0.0040058056226569,0.0051378007838866,-0.0028116738435252,pico-lm/pico-decoder-tiny,,,96,,,,11282784
ds002236,pico-decoder-tiny,pico-lm/pico-decoder-tiny@50fc297ab0c87309ed3b0c670e2d57d37acab44a,16000,,Phon,ses-11,96,0.0125456573641269,0.0168093377566555,0.0083440120371118,pico-lm/pico-decoder-tiny,,,96,,,,11282784
ds002236,pico-decoder-tiny,pico-lm/pico-decoder-tiny@fd11f6e99d18679b34412651c839856af185d241,20000,,Phon,ses-11,96,0.022337011778936,0.0238691857649785,0.0149615374254895,pico-lm/pico-decoder-tiny,,,96,,,,11282784
ds002236,pico-decoder-tiny,pico-lm/pico-decoder-tiny@e1dc0e8bf248742bffbb7184e2971541821cff1b,24000,,Phon,ses-11,96,0.0109816563210022,0.0161879480172712,0.0074046709227554,pico-lm/pico-decoder-tiny,,,96,,,,11282784
ds002236,pico-decoder-tiny,pico-lm/pico-decoder-tiny@4e773530a79a36816566462c2b3d9ff7172b65f8,30000,,Phon,ses-11,96,0.0175690992820991,0.0175837769873621,0.011771394927327,pico-lm/pico-decoder-tiny,,,96,,,,11282784
ds002236,pico-decoder-tiny,pico-lm/pico-decoder-tiny@de9cd9bd9035dd4f914f6f69c10b9352e8b5c974,37000,,Phon,ses-11,96,0.0168577358830474,0.0168429134295125,0.0114067797262403,pico-lm/pico-decoder-tiny,,,96,,,,11282784
ds002236,pico-decoder-tiny,pico-lm/pico-decoder-tiny@5373188422135e88150055fef33a4e3aac2bd5a8,45000,,Phon,ses-11,96,0.0145760577570049,0.016597689837781,0.0097664923440428,pico-lm/pico-decoder-tiny,,,96,,,,11282784
ds002236,pico-decoder-tiny,pico-lm/pico-decoder-tiny@6a777ce3230ad361b38533d232052d21852db2f0,56000,,Phon,ses-11,96,0.0049131988571148,0.0070549609778105,0.0031984160884773,pico-lm/pico-decoder-tiny,,,96,,,,11282784
ds002236,pico-decoder-tiny,pico-lm/pico-decoder-tiny@807a5f576926680d3e81601211eeb7f086c9bbd6,68000,,Phon,ses-11,96,-0.0041099554622301,0.0014048774315696,-0.0026629416269341,pico-lm/pico-decoder-tiny,,,96,,,,11282784
ds002236,pico-decoder-tiny,pico-lm/pico-decoder-tiny@fcd2b3ed5faa6b2389382af2bc876f1835ecff6a,84000,,Phon,ses-11,96,0.0048620982376659,0.0080971032394307,0.0032978915813332,pico-lm/pico-decoder-tiny,,,96,,,,11282784
ds002236,pico-decoder-tiny,pico-lm/pico-decoder-tiny@3d9aaed7161ee69ed04d611c1ee9c81176178c6a,103000,,Phon,ses-11,96,0.0008432001496938,0.0060621359300241,0.0005593331871024,pico-lm/pico-decoder-tiny,,,96,,,,11282784
ds002236,pico-decoder-tiny,pico-lm/pico-decoder-tiny@6ce1a7d66569cb86b4589f3fc6298e885b8ab8e5,126000,,Phon,ses-11,96,0.0012755515721322,0.0060418239292558,0.0008673801195245,pico-lm/pico-decoder-tiny,,,96,,,,11282784
ds002236,pico-decoder-tiny,pico-lm/pico-decoder-tiny@103adb71c10fcc35cebf2b93843f0dd76be7f44e,0,,Phon,ses-11+,96,-0.0150146303500216,-0.0111255200238857,-0.0101072488195703,pico-lm/pico-decoder-tiny,0.2821380444353854,0.6689092985587908,96,3.0,-0.05321731913208966,,11282784
ds002236,pico-decoder-tiny,pico-lm/pico-decoder-tiny@fa2c5d27a1fbae4ac24e49c80d0ff1a9cecfabd0,1000,,Phon,ses-11+,96,-0.0108333010760211,-0.0216553784524218,-0.0073198185197584,pico-lm/pico-decoder-tiny,0.2821380444353854,0.6689092985587908,96,3.0,-0.038397165110081836,,11282784
ds002236,pico-decoder-tiny,pico-lm/pico-decoder-tiny@c0dda9ee77ced01962ae332bbf283bcf238765a8,2000,,Phon,ses-11+,96,-0.0285869809464466,-0.0250770343312082,-0.0190057838168573,pico-lm/pico-decoder-tiny,0.2821380444353854,0.6689092985587908,96,3.0,-0.10132267345814655,,11282784
ds002236,pico-decoder-tiny,pico-lm/pico-decoder-tiny@88ef3234093953618e0d8f3c898c9811ec24ed35,3000,,Phon,ses-11+,96,-0.0176057675755232,0.0018808404436113,-0.0117450348837656,pico-lm/pico-decoder-tiny,0.2821380444353854,0.6689092985587908,96,3.0,-0.06240125329696623,,11282784
ds002236,pico-decoder-tiny,pico-lm/pico-decoder-tiny@84bc530a1fc367c8efc0b3957b86d1c509296091,4000,,Phon,ses-11+,96,-0.0233770565390668,-0.0051369835889277,-0.015699233827055,pico-lm/pico-decoder-tiny,0.2821380444353854,0.6689092985587908,96,3.0,-0.08285680361132777,,11282784
ds002236,pico-decoder-tiny,pico-lm/pico-decoder-tiny@d31ea8a1afbffb6e7b934a4645ce44652a0d146f,5000,,Phon,ses-11+,96,-0.0168646899461704,-0.0023126409871121,-0.0114498793595086,pico-lm/pico-decoder-tiny,0.2821380444353854,0.6689092985587908,96,3.0,-0.059774604236447496,,11282784
ds002236,pico-decoder-tiny,pico-lm/pico-decoder-tiny@61eace927bb768764dca51562258d78a2fe54f76,7000,,Phon,ses-11+,96,-0.0150372934478538,-0.0066546125915403,-0.010062032686454,pico-lm/pico-decoder-tiny,0.2821380444353854,0.6689092985587908,96,3.0,-0.05329764540597999,,11282784
ds002236,pico-decoder-tiny,pico-lm/pico-decoder-tiny@5db2932311894754cd4e80f811378100794ae014,8000,,Phon,ses-11+,96,-0.0129005237823934,-0.0054284415081443,-0.0088413895013911,pico-lm/pico-decoder-tiny,0.2821380444353854,0.6689092985587908,96,3.0,-0.045724155380072636,,11282784
ds002236,pico-decoder-tiny,pico-lm/pico-decoder-tiny@a5175df52f960d869efda7045c5982e933d3b705,10000,,Phon,ses-11+,96,-0.0101989029108631,0.0015820188222408,-0.0068693888702893,pico-lm/pico-decoder-tiny,0.2821380444353854,0.6689092985587908,96,3.0,-0.03614862692932157,,11282784
ds002236,pico-decoder-tiny,pico-lm/pico-decoder-tiny@46c9adae32a035be4680d5185fd1e87408bbc608,13000,,Phon,ses-11+,96,0.0190438222181537,0.018873402432201,0.0128719748482854,pico-lm/pico-decoder-tiny,0.2821380444353854,0.6689092985587908,96,3.0,0.06749824277071244,,11282784
ds002236,pico-decoder-tiny,pico-lm/pico-decoder-tiny@50fc297ab0c87309ed3b0c670e2d57d37acab44a,16000,,Phon,ses-11+,96,0.0320942299295288,0.0385826635417031,0.0213439389216625,pico-lm/pico-decoder-tiny,0.2821380444353854,0.6689092985587908,96,3.0,0.11375364139124082,,11282784
ds002236,pico-decoder-tiny,pico-lm/pico-decoder-tiny@fd11f6e99d18679b34412651c839856af185d241,20000,,Phon,ses-11+,96,0.0451562868483051,0.0473563103552723,0.0302326610560179,pico-lm/pico-decoder-tiny,0.2821380444353854,0.6689092985587908,96,3.0,0.1600503290460946,,11282784
ds002236,pico-decoder-tiny,pico-lm/pico-decoder-tiny@e1dc0e8bf248742bffbb7184e2971541821cff1b,24000,,Phon,ses-11+,96,0.0464283313948277,0.0442916509614404,0.0309493848681805,pico-lm/pico-decoder-tiny,0.2821380444353854,0.6689092985587908,96,3.0,0.1645589182690341,,11282784
ds002236,pico-decoder-tiny,pico-lm/pico-decoder-tiny@4e773530a79a36816566462c2b3d9ff7172b65f8,30000,,Phon,ses-11+,96,0.0454692476579729,0.0432299020960311,0.0303561876835101,pico-lm/pico-decoder-tiny,0.2821380444353854,0.6689092985587908,96,3.0,0.16115957615346044,,11282784
ds002236,pico-decoder-tiny,pico-lm/pico-decoder-tiny@de9cd9bd9035dd4f914f6f69c10b9352e8b5c974,37000,,Phon,ses-11+,96,0.033323144679992,0.0315284509428928,0.0223444661225337,pico-lm/pico-decoder-tiny,0.2821380444353854,0.6689092985587908,96,3.0,0.11810936290665183,,11282784
ds002236,pico-decoder-tiny,pico-lm/pico-decoder-tiny@5373188422135e88150055fef33a4e3aac2bd5a8,45000,,Phon,ses-11+,96,0.0403651145366012,0.0356300307991232,0.0268327926638267,pico-lm/pico-decoder-tiny,0.2821380444353854,0.6689092985587908,96,3.0,0.1430686691593821,,11282784
ds002236,pico-decoder-tiny,pico-lm/pico-decoder-tiny@6a777ce3230ad361b38533d232052d21852db2f0,56000,,Phon,ses-11+,96,0.0295014336661463,0.0268243229493794,0.0196189915455451,pico-lm/pico-decoder-tiny,0.2821380444353854,0.6689092985587908,96,3.0,0.10456382699179956,,11282784
ds002236,pico-decoder-tiny,pico-lm/pico-decoder-tiny@807a5f576926680d3e81601211eeb7f086c9bbd6,68000,,Phon,ses-11+,96,0.0330997691316346,0.0273664943179311,0.0220400749625764,pico-lm/pico-decoder-tiny,0.2821380444353854,0.6689092985587908,96,3.0,0.11731763859735346,,11282784
ds002236,pico-decoder-tiny,pico-lm/pico-decoder-tiny@fcd2b3ed5faa6b2389382af2bc876f1835ecff6a,84000,,Phon,ses-11+,96,0.0343738174577565,0.032146633876845,0.0228343396328065,pico-lm/pico-decoder-tiny,0.2821380444353854,0.6689092985587908,96,3.0,0.12183332994508193,,11282784
ds002236,pico-decoder-tiny,pico-lm/pico-decoder-tiny@3d9aaed7161ee69ed04d611c1ee9c81176178c6a,103000,,Phon,ses-11+,96,0.0385416728231454,0.0361476004763172,0.0257853176481453,pico-lm/pico-decoder-tiny,0.2821380444353854,0.6689092985587908,96,3.0,0.13660572752701602,,11282784
ds002236,pico-decoder-tiny,pico-lm/pico-decoder-tiny@6ce1a7d66569cb86b4589f3fc6298e885b8ab8e5,126000,,Phon,ses-11+,96,0.0340649712746494,0.0350848830545339,0.0228150987250974,pico-lm/pico-decoder-tiny,0.2821380444353854,0.6689092985587908,96,3.0,0.12073866657302532,,11282784
ds002236,pico-decoder-tiny,pico-lm/pico-decoder-tiny@103adb71c10fcc35cebf2b93843f0dd76be7f44e,0,,Phon,ses-9,96,0.0029780510819699,-0.0004831485766917,0.0022161677499297,pico-lm/pico-decoder-tiny,,,96,,,0.008728626502912,11282784
ds002236,pico-decoder-tiny,pico-lm/pico-decoder-tiny@fa2c5d27a1fbae4ac24e49c80d0ff1a9cecfabd0,1000,,Phon,ses-9,96,-0.0237343456411501,-0.0241686722053252,-0.0159093445392379,pico-lm/pico-decoder-tiny,,,96,,,0.008728626502912,11282784
ds002236,pico-decoder-tiny,pico-lm/pico-decoder-tiny@c0dda9ee77ced01962ae332bbf283bcf238765a8,2000,,Phon,ses-9,96,-0.0266338229476545,-0.0263190136343994,-0.0177189519092752,pico-lm/pico-decoder-tiny,,,96,,,0.008728626502912,11282784
ds002236,pico-decoder-tiny,pico-lm/pico-decoder-tiny@88ef3234093953618e0d8f3c898c9811ec24ed35,3000,,Phon,ses-9,96,-0.0113315443600544,-0.0069808492589171,-0.0076694258128321,pico-lm/pico-decoder-tiny,,,96,,,0.008728626502912,11282784
ds002236,pico-decoder-tiny,pico-lm/pico-decoder-tiny@84bc530a1fc367c8efc0b3957b86d1c509296091,4000,,Phon,ses-9,96,-0.0195898722182928,-0.0129188731268241,-0.0129731820228351,pico-lm/pico-decoder-tiny,,,96,,,0.008728626502912,11282784
ds002236,pico-decoder-tiny,pico-lm/pico-decoder-tiny@d31ea8a1afbffb6e7b934a4645ce44652a0d146f,5000,,Phon,ses-9,96,-0.013371877718614,-0.0072842005317448,-0.0087757780061032,pico-lm/pico-decoder-tiny,,,96,,,0.008728626502912,11282784
ds002236,pico-decoder-tiny,pico-lm/pico-decoder-tiny@61eace927bb768764dca51562258d78a2fe54f76,7000,,Phon,ses-9,96,-0.026730454911933,-0.0213100930792025,-0.01770144268326,pico-lm/pico-decoder-tiny,,,96,,,0.008728626502912,11282784
ds002236,pico-decoder-tiny,pico-lm/pico-decoder-tiny@5db2932311894754cd4e80f811378100794ae014,8000,,Phon,ses-9,96,-0.0118331977269087,-0.0083341389135529,-0.0078797289340921,pico-lm/pico-decoder-tiny,,,96,,,0.008728626502912,11282784
ds002236,pico-decoder-tiny,pico-lm/pico-decoder-tiny@a5175df52f960d869efda7045c5982e933d3b705,10000,,Phon,ses-9,96,0.0017691288200353,0.0065487300675125,0.0012579705460184,pico-lm/pico-decoder-tiny,,,96,,,0.008728626502912,11282784
ds002236,pico-decoder-tiny,pico-lm/pico-decoder-tiny@46c9adae32a035be4680d5185fd1e87408bbc608,13000,,Phon,ses-9,96,0.0404229319244881,0.0411983944518092,0.0272299249989417,pico-lm/pico-decoder-tiny,,,96,,,0.008728626502912,11282784
ds002236,pico-decoder-tiny,pico-lm/pico-decoder-tiny@50fc297ab0c87309ed3b0c670e2d57d37acab44a,16000,,Phon,ses-9,96,0.0504574355588442,0.0537550362259046,0.0336812089447131,pico-lm/pico-decoder-tiny,,,96,,,0.008728626502912,11282784
ds002236,pico-decoder-tiny,pico-lm/pico-decoder-tiny@fd11f6e99d18679b34412651c839856af185d241,20000,,Phon,ses-9,96,0.0514092571924354,0.0516049096717369,0.0343829248488626,pico-lm/pico-decoder-tiny,,,96,,,0.008728626502912,11282784
ds002236,pico-decoder-tiny,pico-lm/pico-decoder-tiny@e1dc0e8bf248742bffbb7184e2971541821cff1b,24000,,Phon,ses-9,96,0.0569483040126156,0.0554817918702295,0.0380654421753,pico-lm/pico-decoder-tiny,,,96,,,0.008728626502912,11282784
ds002236,pico-decoder-tiny,pico-lm/pico-decoder-tiny@4e773530a79a36816566462c2b3d9ff7172b65f8,30000,,Phon,ses-9,96,0.0600165146723125,0.0587244168667141,0.0402767996983025,pico-lm/pico-decoder-tiny,,,96,,,0.008728626502912,11282784
ds002236,pico-decoder-tiny,pico-lm/pico-decoder-tiny@de9cd9bd9035dd4f914f6f69c10b9352e8b5c974,37000,,Phon,ses-9,96,0.033161098733975,0.0318547278282555,0.0221328161377341,pico-lm/pico-decoder-tiny,,,96,,,0.008728626502912,11282784
ds002236,pico-decoder-tiny,pico-lm/pico-decoder-tiny@5373188422135e88150055fef33a4e3aac2bd5a8,45000,,Phon,ses-9,96,0.035795770611908,0.0323959941918753,0.0238473734236886,pico-lm/pico-decoder-tiny,,,96,,,0.008728626502912,11282784
ds002236,pico-decoder-tiny,pico-lm/pico-decoder-tiny@6a777ce3230ad361b38533d232052d21852db2f0,56000,,Phon,ses-9,96,0.0206311091469214,0.021004419692267,0.0137366612407306,pico-lm/pico-decoder-tiny,,,96,,,0.008728626502912,11282784
ds002236,pico-decoder-tiny,pico-lm/pico-decoder-tiny@807a5f576926680d3e81601211eeb7f086c9bbd6,68000,,Phon,ses-9,96,0.007581233861541,0.0083946291394615,0.0051911968999049,pico-lm/pico-decoder-tiny,,,96,,,0.008728626502912,11282784
ds002236,pico-decoder-tiny,pico-lm/pico-decoder-tiny@fcd2b3ed5faa6b2389382af2bc876f1835ecff6a,84000,,Phon,ses-9,96,0.0165832069409032,0.0188747912464793,0.0112066742860661,pico-lm/pico-decoder-tiny,,,96,,,0.008728626502912,11282784
ds002236,pico-decoder-tiny,pico-lm/pico-decoder-tiny@3d9aaed7161ee69ed04d611c1ee9c81176178c6a,103000,,Phon,ses-9,96,0.023462591717971,0.0257918035040557,0.0157196291892266,pico-lm/pico-decoder-tiny,,,96,,,0.008728626502912,11282784
ds002236,pico-decoder-tiny,pico-lm/pico-decoder-tiny@6ce1a7d66569cb86b4589f3fc6298e885b8ab8e5,126000,,Phon,ses-9,96,0.0170399175803041,0.0234122098568487,0.0115445446254372,pico-lm/pico-decoder-tiny,,,96,,,0.008728626502912,11282784
ds002236,pico-decoder-tiny,pico-lm/pico-decoder-tiny@103adb71c10fcc35cebf2b93843f0dd76be7f44e,0,,Sem,ses-11,72,-0.015516405210217,-0.0172085347391987,-0.0103543636246703,pico-lm/pico-decoder-tiny,,,72,,,,11282784
ds002236,pico-decoder-tiny,pico-lm/pico-decoder-tiny@fa2c5d27a1fbae4ac24e49c80d0ff1a9cecfabd0,1000,,Sem,ses-11,72,0.0008241231784159,0.0006198080996204,0.0004618272802721,pico-lm/pico-decoder-tiny,,,72,,,,11282784
ds002236,pico-decoder-tiny,pico-lm/pico-decoder-tiny@c0dda9ee77ced01962ae332bbf283bcf238765a8,2000,,Sem,ses-11,72,-0.0095163962490367,-0.0052893726501355,-0.0062450808350866,pico-lm/pico-decoder-tiny,,,72,,,,11282784
ds002236,pico-decoder-tiny,pico-lm/pico-decoder-tiny@88ef3234093953618e0d8f3c898c9811ec24ed35,3000,,Sem,ses-11,72,0.0051507506420385,0.0090974730141507,0.0035292424256344,pico-lm/pico-decoder-tiny,,,72,,,,11282784
ds002236,pico-decoder-tiny,pico-lm/pico-decoder-tiny@84bc530a1fc367c8efc0b3957b86d1c509296091,4000,,Sem,ses-11,72,0.0240311304937537,0.0185953025552924,0.0160537042651648,pico-lm/pico-decoder-tiny,,,72,,,,11282784
ds002236,pico-decoder-tiny,pico-lm/pico-decoder-tiny@d31ea8a1afbffb6e7b934a4645ce44652a0d146f,5000,,Sem,ses-11,72,-0.0033889164736824,-0.0126428476520586,-0.0024040743701172,pico-lm/pico-decoder-tiny,,,72,,,,11282784
ds002236,pico-decoder-tiny,pico-lm/pico-decoder-tiny@61eace927bb768764dca51562258d78a2fe54f76,7000,,Sem,ses-11,72,-0.0077830718567624,-0.0160379197895063,-0.004933099357178,pico-lm/pico-decoder-tiny,,,72,,,,11282784
ds002236,pico-decoder-tiny,pico-lm/pico-decoder-tiny@5db2932311894754cd4e80f811378100794ae014,8000,,Sem,ses-11,72,-0.0128373644110804,-0.0139533543784289,-0.0084941919400727,pico-lm/pico-decoder-tiny,,,72,,,,11282784
ds002236,pico-decoder-tiny,pico-lm/pico-decoder-tiny@a5175df52f960d869efda7045c5982e933d3b705,10000,,Sem,ses-11,72,-0.0119412621864192,-0.0244566912612243,-0.0078596388069666,pico-lm/pico-decoder-tiny,,,72,,,,11282784
ds002236,pico-decoder-tiny,pico-lm/pico-decoder-tiny@46c9adae32a035be4680d5185fd1e87408bbc608,13000,,Sem,ses-11,72,-0.0201490594977137,-0.0330920070246585,-0.0134321913214446,pico-lm/pico-decoder-tiny,,,72,,,,11282784
ds002236,pico-decoder-tiny,pico-lm/pico-decoder-tiny@50fc297ab0c87309ed3b0c670e2d57d37acab44a,16000,,Sem,ses-11,72,-0.0216488341154047,-0.03148586117914,-0.0145255092197017,pico-lm/pico-decoder-tiny,,,72,,,,11282784
ds002236,pico-decoder-tiny,pico-lm/pico-decoder-tiny@fd11f6e99d18679b34412651c839856af185d241,20000,,Sem,ses-11,72,-0.0341816003174083,-0.0370815043951451,-0.0224745734682065,pico-lm/pico-decoder-tiny,,,72,,,,11282784
ds002236,pico-decoder-tiny,pico-lm/pico-decoder-tiny@e1dc0e8bf248742bffbb7184e2971541821cff1b,24000,,Sem,ses-11,72,-0.0347063230587939,-0.0343438056429938,-0.0228629003855706,pico-lm/pico-decoder-tiny,,,72,,,,11282784
ds002236,pico-decoder-tiny,pico-lm/pico-decoder-tiny@4e773530a79a36816566462c2b3d9ff7172b65f8,30000,,Sem,ses-11,72,-0.0328206564448343,-0.0352228666782238,-0.0216789320397269,pico-lm/pico-decoder-tiny,,,72,,,,11282784
ds002236,pico-decoder-tiny,pico-lm/pico-decoder-tiny@de9cd9bd9035dd4f914f6f69c10b9352e8b5c974,37000,,Sem,ses-11,72,-0.0266441000143756,-0.0306707204314267,-0.017535349080786,pico-lm/pico-decoder-tiny,,,72,,,,11282784
ds002236,pico-decoder-tiny,pico-lm/pico-decoder-tiny@5373188422135e88150055fef33a4e3aac2bd5a8,45000,,Sem,ses-11,72,-0.0176999466328294,-0.0282972335605529,-0.0114703441348241,pico-lm/pico-decoder-tiny,,,72,,,,11282784
ds002236,pico-decoder-tiny,pico-lm/pico-decoder-tiny@6a777ce3230ad361b38533d232052d21852db2f0,56000,,Sem,ses-11,72,-0.0149343697200695,-0.0259172914838149,-0.0103641636730581,pico-lm/pico-decoder-tiny,,,72,,,,11282784
ds002236,pico-decoder-tiny,pico-lm/pico-decoder-tiny@807a5f576926680d3e81601211eeb7f086c9bbd6,68000,,Sem,ses-11,72,-0.0177330814415245,-0.0170719287205102,-0.0118911337124727,pico-lm/pico-decoder-tiny,,,72,,,,11282784
ds002236,pico-decoder-tiny,pico-lm/pico-decoder-tiny@fcd2b3ed5faa6b2389382af2bc876f1835ecff6a,84000,,Sem,ses-11,72,-0.01975346255032,-0.0140449860214,-0.0134352538365658,pico-lm/pico-decoder-tiny,,,72,,,,11282784
ds002236,pico-decoder-tiny,pico-lm/pico-decoder-tiny@3d9aaed7161ee69ed04d611c1ee9c81176178c6a,103000,,Sem,ses-11,72,-0.0181199464480725,-0.0127912451506536,-0.0121912601943472,pico-lm/pico-decoder-tiny,,,72,,,,11282784
ds002236,pico-decoder-tiny,pico-lm/pico-decoder-tiny@6ce1a7d66569cb86b4589f3fc6298e885b8ab8e5,126000,,Sem,ses-11,72,-0.0131636002416586,-0.0093539010999598,-0.0089670442747811,pico-lm/pico-decoder-tiny,,,72,,,,11282784
ds002236,pico-decoder-tiny,pico-lm/pico-decoder-tiny@103adb71c10fcc35cebf2b93843f0dd76be7f44e,0,,Sem,ses-11+,72,-0.0317262376220956,-0.0411546006363349,-0.0212109797292124,pico-lm/pico-decoder-tiny,0.2731807870321323,0.6611824419010607,72,3.0,-0.11613641635187132,,11282784
ds002236,pico-decoder-tiny,pico-lm/pico-decoder-tiny@fa2c5d27a1fbae4ac24e49c80d0ff1a9cecfabd0,1000,,Sem,ses-11+,72,0.0082255048048652,-0.003044592663696,0.0058316412937288,pico-lm/pico-decoder-tiny,0.2731807870321323,0.6611824419010607,72,3.0,0.030110114602963253,,11282784
ds002236,pico-decoder-tiny,pico-lm/pico-decoder-tiny@c0dda9ee77ced01962ae332bbf283bcf238765a8,2000,,Sem,ses-11+,72,0.0016423436194353,-0.0073651071894802,0.0009487671845379,pico-lm/pico-decoder-tiny,0.2731807870321323,0.6611824419010607,72,3.0,0.006011929452572091,,11282784
ds002236,pico-decoder-tiny,pico-lm/pico-decoder-tiny@88ef3234093953618e0d8f3c898c9811ec24ed35,3000,,Sem,ses-11+,72,0.0030417774503365,-0.0172686047218508,0.0022117484205078,pico-lm/pico-decoder-tiny,0.2731807870321323,0.6611824419010607,72,3.0,0.011134668302931267,,11282784
ds002236,pico-decoder-tiny,pico-lm/pico-decoder-tiny@84bc530a1fc367c8efc0b3957b86d1c509296091,4000,,Sem,ses-11+,72,0.0207213835691641,-0.0019499904714426,0.0140808320241081,pico-lm/pico-decoder-tiny,0.2731807870321323,0.6611824419010607,72,3.0,0.07585227275418456,,11282784
ds002236,pico-decoder-tiny,pico-lm/pico-decoder-tiny@d31ea8a1afbffb6e7b934a4645ce44652a0d146f,5000,,Sem,ses-11+,72,-0.0038634716961496,-0.0238929417778153,-0.0025859877683146,pico-lm/pico-decoder-tiny,0.2731807870321323,0.6611824419010607,72,3.0,-0.014142545448099788,,11282784
ds002236,pico-decoder-tiny,pico-lm/pico-decoder-tiny@61eace927bb768764dca51562258d78a2fe54f76,7000,,Sem,ses-11+,72,0.0008556820553955,-0.0158091770364639,0.0008140165192065,pico-lm/pico-decoder-tiny,0.2731807870321323,0.6611824419010607,72,3.0,0.0031322922255687486,,11282784
ds002236,pico-decoder-tiny,pico-lm/pico-decoder-tiny@5db2932311894754cd4e80f811378100794ae014,8000,,Sem,ses-11+,72,-0.0049528616223334,-0.0124655369060506,-0.0031280529447614,pico-lm/pico-decoder-tiny,0.2731807870321323,0.6611824419010607,72,3.0,-0.018130343924043352,,11282784
ds002236,pico-decoder-tiny,pico-lm/pico-decoder-tiny@a5175df52f960d869efda7045c5982e933d3b705,10000,,Sem,ses-11+,72,-0.0139908867814113,-0.0228929068794431,-0.0091881578665294,pico-lm/pico-decoder-tiny,0.2731807870321323,0.6611824419010607,72,3.0,-0.05121475391227148,,11282784
ds002236,pico-decoder-tiny,pico-lm/pico-decoder-tiny@46c9adae32a035be4680d5185fd1e87408bbc608,13000,,Sem,ses-11+,72,-0.0258188852535265,-0.0265376411797464,-0.0173087229618196,pico-lm/pico-decoder-tiny,0.2731807870321323,0.6611824419010607,72,3.0,-0.09451208313009807,,11282784
ds002236,pico-decoder-tiny,pico-lm/pico-decoder-tiny@50fc297ab0c87309ed3b0c670e2d57d37acab44a,16000,,Sem,ses-11+,72,-0.0272095203120045,-0.026905404917569,-0.0182562651403091,pico-lm/pico-decoder-tiny,0.2731807870321323,0.6611824419010607,72,3.0,-0.09960261337413909,,11282784
ds002236,pico-decoder-tiny,pico-lm/pico-decoder-tiny@fd11f6e99d18679b34412651c839856af185d241,20000,,Sem,ses-11+,72,-0.0405270387070639,-0.0391243222846552,-0.0268080323646597,pico-lm/pico-decoder-tiny,0.2731807870321323,0.6611824419010607,72,3.0,-0.14835244874778475,,11282784
ds002236,pico-decoder-tiny,pico-lm/pico-decoder-tiny@e1dc0e8bf248742bffbb7184e2971541821cff1b,24000,,Sem,ses-11+,72,-0.0439466287189783,-0.0384663408882686,-0.0293756450422473,pico-lm/pico-decoder-tiny,0.2731807870321323,0.6611824419010607,72,3.0,-0.1608701299839552,,11282784
ds002236,pico-decoder-tiny,pico-lm/pico-decoder-tiny@4e773530a79a36816566462c2b3d9ff7172b65f8,30000,,Sem,ses-11+,72,-0.028563439682746,-0.0345329397742651,-0.0190102563631407,pico-lm/pico-decoder-tiny,0.2731807870321323,0.6611824419010607,72,3.0,-0.10455874292281869,,11282784
ds002236,pico-decoder-tiny,pico-lm/pico-decoder-tiny@de9cd9bd9035dd4f914f6f69c10b9352e8b5c974,37000,,Sem,ses-11+,72,-0.0379539123045597,-0.0337146769988188,-0.0253649752395652,pico-lm/pico-decoder-tiny,0.2731807870321323,0.6611824419010607,72,3.0,-0.13893331488240956,,11282784
ds002236,pico-decoder-tiny,pico-lm/pico-decoder-tiny@5373188422135e88150055fef33a4e3aac2bd5a8,45000,,Sem,ses-11+,72,-0.0211066992329039,-0.0232284582127485,-0.0139822190372064,pico-lm/pico-decoder-tiny,0.2731807870321323,0.6611824419010607,72,3.0,-0.07726275138969152,,11282784
ds002236,pico-decoder-tiny,pico-lm/pico-decoder-tiny@6a777ce3230ad361b38533d232052d21852db2f0,56000,,Sem,ses-11+,72,-0.0150433777719847,-0.0179260962548226,-0.010245950589381,pico-lm/pico-decoder-tiny,0.2731807870321323,0.6611824419010607,72,3.0,-0.05506748089943549,,11282784
ds002236,pico-decoder-tiny,pico-lm/pico-decoder-tiny@807a5f576926680d3e81601211eeb7f086c9bbd6,68000,,Sem,ses-11+,72,-0.0247589493689394,-0.0134052707990063,-0.0165847443871754,pico-lm/pico-decoder-tiny,0.2731807870321323,0.6611824419010607,72,3.0,-0.0906321035162227,,11282784
ds002236,pico-decoder-tiny,pico-lm/pico-decoder-tiny@fcd2b3ed5faa6b2389382af2bc876f1835ecff6a,84000,,Sem,ses-11+,72,-0.0258789654044937,-0.0179946436366798,-0.0173607857188794,pico-lm/pico-decoder-tiny,0.2731807870321323,0.6611824419010607,72,3.0,-0.09473201130154787,,11282784
ds002236,pico-decoder-tiny,pico-lm/pico-decoder-tiny@3d9aaed7161ee69ed04d611c1ee9c81176178c6a,103000,,Sem,ses-11+,72,-0.018954266113087,-0.0161289849818492,-0.012489549167149,pico-lm/pico-decoder-tiny,0.2731807870321323,0.6611824419010607,72,3.0,-0.06938359874795129,,11282784
ds002236,pico-decoder-tiny,pico-lm/pico-decoder-tiny@6ce1a7d66569cb86b4589f3fc6298e885b8ab8e5,126000,,Sem,ses-11+,72,-0.0178759982549197,-0.0127309998787985,-0.0119456464816295,pico-lm/pico-decoder-tiny,0.2731807870321323,0.6611824419010607,72,3.0,-0.06543651348664237,,11282784
ds002236,pico-decoder-tiny,pico-lm/pico-decoder-tiny@103adb71c10fcc35cebf2b93843f0dd76be7f44e,0,,Sem,ses-9,72,0.01396904650932,0.0117152310412418,0.0093976339008173,pico-lm/pico-decoder-tiny,,,72,,,0.0084082983710845,11282784
ds002236,pico-decoder-tiny,pico-lm/pico-decoder-tiny@fa2c5d27a1fbae4ac24e49c80d0ff1a9cecfabd0,1000,,Sem,ses-9,72,0.0038294479556114,0.0048676885494546,0.0026043628590416,pico-lm/pico-decoder-tiny,,,72,,,0.0084082983710845,11282784
ds002236,pico-decoder-tiny,pico-lm/pico-decoder-tiny@c0dda9ee77ced01962ae332bbf283bcf238765a8,2000,,Sem,ses-9,72,0.0040203182224369,0.0108910257999927,0.0027268634638883,pico-lm/pico-decoder-tiny,,,72,,,0.0084082983710845,11282784
ds002236,pico-decoder-tiny,pico-lm/pico-decoder-tiny@88ef3234093953618e0d8f3c898c9811ec24ed35,3000,,Sem,ses-9,72,0.0323825301810775,0.0274535773410183,0.0215674564893164,pico-lm/pico-decoder-tiny,,,72,,,0.0084082983710845,11282784
ds002236,pico-decoder-tiny,pico-lm/pico-decoder-tiny@84bc530a1fc367c8efc0b3957b86d1c509296091,4000,,Sem,ses-9,72,0.0537719162076747,0.0379913736622262,0.0361621785507565,pico-lm/pico-decoder-tiny,,,72,,,0.0084082983710845,11282784
ds002236,pico-decoder-tiny,pico-lm/pico-decoder-tiny@d31ea8a1afbffb6e7b934a4645ce44652a0d146f,5000,,Sem,ses-9,72,0.0399308866630548,0.0255874019003735,0.0268208949281687,pico-lm/pico-decoder-tiny,,,72,,,0.0084082983710845,11282784
ds002236,pico-decoder-tiny,pico-lm/pico-decoder-tiny@61eace927bb768764dca51562258d78a2fe54f76,7000,,Sem,ses-9,72,0.0480931134618986,0.0311969122762428,0.0322409341896125,pico-lm/pico-decoder-tiny,,,72,,,0.0084082983710845,11282784
ds002236,pico-decoder-tiny,pico-lm/pico-decoder-tiny@5db2932311894754cd4e80f811378100794ae014,8000,,Sem,ses-9,72,0.0358613344079276,0.0225895808523535,0.0241105690459346,pico-lm/pico-decoder-tiny,,,72,,,0.0084082983710845,11282784
ds002236,pico-decoder-tiny,pico-lm/pico-decoder-tiny@a5175df52f960d869efda7045c5982e933d3b705,10000,,Sem,ses-9,72,0.0391856894218522,0.0215537944589686,0.0261943043343776,pico-lm/pico-decoder-tiny,,,72,,,0.0084082983710845,11282784
ds002236,pico-decoder-tiny,pico-lm/pico-decoder-tiny@46c9adae32a035be4680d5185fd1e87408bbc608,13000,,Sem,ses-9,72,0.0386107732912602,0.0213903753947287,0.0257582021811232,pico-lm/pico-decoder-tiny,,,72,,,0.0084082983710845,11282784
ds002236,pico-decoder-tiny,pico-lm/pico-decoder-tiny@50fc297ab0c87309ed3b0c670e2d57d37acab44a,16000,,Sem,ses-9,72,0.0167504387915254,0.0027524679036533,0.0110403670118121,pico-lm/pico-decoder-tiny,,,72,,,0.0084082983710845,11282784
ds002236,pico-decoder-tiny,pico-lm/pico-decoder-tiny@fd11f6e99d18679b34412651c839856af185d241,20000,,Sem,ses-9,72,0.0026487934020388,-0.0111396015834946,0.0015453451301415,pico-lm/pico-decoder-tiny,,,72,,,0.0084082983710845,11282784
ds002236,pico-decoder-tiny,pico-lm/pico-decoder-tiny@e1dc0e8bf248742bffbb7184e2971541821cff1b,24000,,Sem,ses-9,72,-0.002921939808384,-0.0119151423260772,-0.0019985973680745,pico-lm/pico-decoder-tiny,,,72,,,0.0084082983710845,11282784
ds002236,pico-decoder-tiny,pico-lm/pico-decoder-tiny@4e773530a79a36816566462c2b3d9ff7172b65f8,30000,,Sem,ses-9,72,-0.0009944258475998,-0.014039546364985,-0.0007460286835166,pico-lm/pico-decoder-tiny,,,72,,,0.0084082983710845,11282784
ds002236,pico-decoder-tiny,pico-lm/pico-decoder-tiny@de9cd9bd9035dd4f914f6f69c10b9352e8b5c974,37000,,Sem,ses-9,72,0.0013781124018097,-0.0094507974455472,0.0006486407026634,pico-lm/pico-decoder-tiny,,,72,,,0.0084082983710845,11282784
ds002236,pico-decoder-tiny,pico-lm/pico-decoder-tiny@5373188422135e88150055fef33a4e3aac2bd5a8,45000,,Sem,ses-9,72,0.0094429102585109,-0.0064254070764334,0.0062126181748022,pico-lm/pico-decoder-tiny,,,72,,,0.0084082983710845,11282784
ds002236,pico-decoder-tiny,pico-lm/pico-decoder-tiny@6a777ce3230ad361b38533d232052d21852db2f0,56000,,Sem,ses-9,72,-0.0010282361582613,-0.0072485177157555,-0.0008838418639692,pico-lm/pico-decoder-tiny,,,72,,,0.0084082983710845,11282784
ds002236,pico-decoder-tiny,pico-lm/pico-decoder-tiny@807a5f576926680d3e81601211eeb7f086c9bbd6,68000,,Sem,ses-9,72,0.0027878447632236,0.0006965080887893,0.0020151349497288,pico-lm/pico-decoder-tiny,,,72,,,0.0084082983710845,11282784
ds002236,pico-decoder-tiny,pico-lm/pico-decoder-tiny@fcd2b3ed5faa6b2389382af2bc876f1835ecff6a,84000,,Sem,ses-9,72,0.0012915755695673,0.0042066166859205,0.0009757173176042,pico-lm/pico-decoder-tiny,,,72,,,0.0084082983710845,11282784
ds002236,pico-decoder-tiny,pico-lm/pico-decoder-tiny@3d9aaed7161ee69ed04d611c1ee9c81176178c6a,103000,,Sem,ses-9,72,0.0065234137551121,0.0127791817310395,0.0043340713994775,pico-lm/pico-decoder-tiny,,,72,,,0.0084082983710845,11282784
ds002236,pico-decoder-tiny,pico-lm/pico-decoder-tiny@6ce1a7d66569cb86b4589f3fc6298e885b8ab8e5,126000,,Sem,ses-9,72,0.0119509355183033,0.0232664124076745,0.0080605397989152,pico-lm/pico-decoder-tiny,,,72,,,0.0084082983710845,11282784
ds002236,pythia-1.4b-full,EleutherAI/pythia-1.4b@step0,0,0.0,Phon,ses-11,96,-0.0149408544832525,-0.0146887827004202,-0.0100895471844779,EleutherAI/pythia-1.4b,,,96,,,,1515311488
ds002236,pythia-1.4b-full,EleutherAI/pythia-1.4b@step1,1,2097152.0,Phon,ses-11,96,-0.0149408544832525,-0.0146887827004202,-0.0100895471844779,EleutherAI/pythia-1.4b,,,96,,,,1515311488
ds002236,pythia-1.4b-full,EleutherAI/pythia-1.4b@step2,2,4194304.0,Phon,ses-11,96,-0.0149156212625058,-0.0146966501195188,-0.0100697290495376,EleutherAI/pythia-1.4b,,,96,,,,1515311488
ds002236,pythia-1.4b-full,EleutherAI/pythia-1.4b@step4,4,8388608.0,Phon,ses-11,96,-0.0145670272704696,-0.014898724144846,-0.009805166568538,EleutherAI/pythia-1.4b,,,96,,,,1515311488
ds002236,pythia-1.4b-full,EleutherAI/pythia-1.4b@step8,8,16777216.0,Phon,ses-11,96,-0.0121459113704325,-0.0124236993937075,-0.0082102877285338,EleutherAI/pythia-1.4b,,,96,,,,1515311488
ds002236,pythia-1.4b-full,EleutherAI/pythia-1.4b@step32,32,67108864.0,Phon,ses-11,96,-0.0057192081588488,-0.0041574911007164,-0.0037129179606177,EleutherAI/pythia-1.4b,,,96,,,,1515311488
ds002236,pythia-1.4b-full,EleutherAI/pythia-1.4b@step64,64,134217728.0,Phon,ses-11,96,0.0067514201694574,0.0111766752056158,0.0044104008650712,EleutherAI/pythia-1.4b,,,96,,,,1515311488
ds002236,pythia-1.4b-full,EleutherAI/pythia-1.4b@step256,256,536870912.0,Phon,ses-11,96,-0.0125686969695261,-0.0168230089063386,-0.008446373666124,EleutherAI/pythia-1.4b,,,96,,,,1515311488
ds002236,pythia-1.4b-full,EleutherAI/pythia-1.4b@step1000,1000,2097152000.0,Phon,ses-11,96,-0.0007047881215246,0.0011631186592126,-0.0005524064603271,EleutherAI/pythia-1.4b,,,96,,,,1515311488
ds002236,pythia-1.4b-full,EleutherAI/pythia-1.4b@step4000,4000,8388608000.0,Phon,ses-11,96,0.0021195306811789,0.0099735138757708,0.0015344623897977,EleutherAI/pythia-1.4b,,,96,,,,1515311488
ds002236,pythia-1.4b-full,EleutherAI/pythia-1.4b@step8000,8000,16777216000.0,Phon,ses-11,96,0.0220488861677298,0.0199976119862271,0.0148185774812112,EleutherAI/pythia-1.4b,,,96,,,,1515311488
ds002236,pythia-1.4b-full,EleutherAI/pythia-1.4b@step12000,12000,25165824000.0,Phon,ses-11,96,0.0039494202290962,0.0084406005935382,0.00253094900005,EleutherAI/pythia-1.4b,,,96,,,,1515311488
ds002236,pythia-1.4b-full,EleutherAI/pythia-1.4b@step18000,18000,37748736000.0,Phon,ses-11,96,0.0181311085204634,0.0244671822864929,0.0120465399075666,EleutherAI/pythia-1.4b,,,96,,,,1515311488
ds002236,pythia-1.4b-full,EleutherAI/pythia-1.4b@step24000,24000,50331648000.0,Phon,ses-11,96,0.0019222250229885,0.0055863215143868,0.0011161650562026,EleutherAI/pythia-1.4b,,,96,,,,1515311488
ds002236,pythia-1.4b-full,EleutherAI/pythia-1.4b@step33000,33000,69206016000.0,Phon,ses-11,96,0.0086140342364114,0.0114750267671651,0.0058159491732181,EleutherAI/pythia-1.4b,,,96,,,,1515311488
ds002236,pythia-1.4b-full,EleutherAI/pythia-1.4b@step43000,43000,90177536000.0,Phon,ses-11,96,0.0082324688123089,0.0132985705266461,0.0055540804192978,EleutherAI/pythia-1.4b,,,96,,,,1515311488
ds002236,pythia-1.4b-full,EleutherAI/pythia-1.4b@step56000,56000,117440512000.0,Phon,ses-11,96,-0.0003486498037461,0.0059589655147817,-0.0001581602613684,EleutherAI/pythia-1.4b,,,96,,,,1515311488
ds002236,pythia-1.4b-full,EleutherAI/pythia-1.4b@step71000,71000,148897792000.0,Phon,ses-11,96,0.0162481532999903,0.0209091361882052,0.0108503326752942,EleutherAI/pythia-1.4b,,,96,,,,1515311488
ds002236,pythia-1.4b-full,EleutherAI/pythia-1.4b@step90000,90000,188743680000.0,Phon,ses-11,96,0.0200410902767165,0.0166451247411305,0.0135184693473099,EleutherAI/pythia-1.4b,,,96,,,,1515311488
ds002236,pythia-1.4b-full,EleutherAI/pythia-1.4b@step114000,114000,239075328000.0,Phon,ses-11,96,0.0229832263335107,0.0211188798959607,0.0153230740813428,EleutherAI/pythia-1.4b,,,96,,,,1515311488
ds002236,pythia-1.4b-full,EleutherAI/pythia-1.4b@step143000,143000,299892736000.0,Phon,ses-11,96,0.0137861203293733,0.0143620629652357,0.0091711786595244,EleutherAI/pythia-1.4b,,,96,,,,1515311488
ds002236,pythia-1.4b-full,EleutherAI/pythia-1.4b@step0,0,0.0,Phon,ses-11+,96,0.017727445835615,0.0175203078082869,0.0119293627796184,EleutherAI/pythia-1.4b,0.2821380444353854,0.6689092985587908,96,3.0,0.0628325253727875,,1515311488
ds002236,pythia-1.4b-full,EleutherAI/pythia-1.4b@step1,1,2097152.0,Phon,ses-11+,96,0.017727445835615,0.0175203078082869,0.0119293627796184,EleutherAI/pythia-1.4b,0.2821380444353854,0.6689092985587908,96,3.0,0.0628325253727875,,1515311488
ds002236,pythia-1.4b-full,EleutherAI/pythia-1.4b@step2,2,4194304.0,Phon,ses-11+,96,0.0176918732741288,0.0174961176758699,0.0119018482815945,EleutherAI/pythia-1.4b,0.2821380444353854,0.6689092985587908,96,3.0,0.0627064432573557,,1515311488
ds002236,pythia-1.4b-full,EleutherAI/pythia-1.4b@step4,4,8388608.0,Phon,ses-11+,96,0.0157215412148811,0.0162609687004199,0.0105605646051958,EleutherAI/pythia-1.4b,0.2821380444353854,0.6689092985587908,96,3.0,0.05572286873378968,,1515311488
ds002236,pythia-1.4b-full,EleutherAI/pythia-1.4b@step8,8,16777216.0,Phon,ses-11+,96,0.0077072594868206,0.0115858739579135,0.0051656064926518,EleutherAI/pythia-1.4b,0.2821380444353854,0.6689092985587908,96,3.0,0.027317335038046234,,1515311488
ds002236,pythia-1.4b-full,EleutherAI/pythia-1.4b@step32,32,67108864.0,Phon,ses-11+,96,0.0192804237496356,0.0127314531894092,0.0128850586655276,EleutherAI/pythia-1.4b,0.2821380444353854,0.6689092985587908,96,3.0,0.0683368447818499,,1515311488
ds002236,pythia-1.4b-full,EleutherAI/pythia-1.4b@step64,64,134217728.0,Phon,ses-11+,96,0.0132197617009066,0.0212280252471039,0.008815799094138,EleutherAI/pythia-1.4b,0.2821380444353854,0.6689092985587908,96,3.0,0.04685565084766212,,1515311488
ds002236,pythia-1.4b-full,EleutherAI/pythia-1.4b@step256,256,536870912.0,Phon,ses-11+,96,-0.0186584928573958,-0.0162487094695865,-0.0125450718263084,EleutherAI/pythia-1.4b,0.2821380444353854,0.6689092985587908,96,3.0,-0.06613249515759269,,1515311488
ds002236,pythia-1.4b-full,EleutherAI/pythia-1.4b@step1000,1000,2097152000.0,Phon,ses-11+,96,-0.0008031768258157,0.0116726593525034,-0.0006778571785902,EleutherAI/pythia-1.4b,0.2821380444353854,0.6689092985587908,96,3.0,-0.002846751232798176,,1515311488
ds002236,pythia-1.4b-full,EleutherAI/pythia-1.4b@step4000,4000,8388608000.0,Phon,ses-11+,96,0.0304674112249133,0.031625595195071,0.0203282114037011,EleutherAI/pythia-1.4b,0.2821380444353854,0.6689092985587908,96,3.0,0.10798760332334717,,1515311488
ds002236,pythia-1.4b-full,EleutherAI/pythia-1.4b@step8000,8000,16777216000.0,Phon,ses-11+,96,0.0586406589531913,0.0445175727484015,0.0391829540950423,EleutherAI/pythia-1.4b,0.2821380444353854,0.6689092985587908,96,3.0,0.2078438555514304,,1515311488
ds002236,pythia-1.4b-full,EleutherAI/pythia-1.4b@step12000,12000,25165824000.0,Phon,ses-11+,96,0.0290501199305056,0.0224650365573271,0.0193359577931448,EleutherAI/pythia-1.4b,0.2821380444353854,0.6689092985587908,96,3.0,0.10296420671888008,,1515311488
ds002236,pythia-1.4b-full,EleutherAI/pythia-1.4b@step18000,18000,37748736000.0,Phon,ses-11+,96,0.0451203632172422,0.0179316799673962,0.0297562561811416,EleutherAI/pythia-1.4b,0.2821380444353854,0.6689092985587908,96,3.0,0.15992300261220374,,1515311488
ds002236,pythia-1.4b-full,EleutherAI/pythia-1.4b@step24000,24000,50331648000.0,Phon,ses-11+,96,0.0199657240926073,0.0169120154164966,0.0130740043792305,EleutherAI/pythia-1.4b,0.2821380444353854,0.6689092985587908,96,3.0,0.07076579882221379,,1515311488
ds002236,pythia-1.4b-full,EleutherAI/pythia-1.4b@step33000,33000,69206016000.0,Phon,ses-11+,96,0.0151331788514137,0.0186757135734779,0.0100882003209383,EleutherAI/pythia-1.4b,0.2821380444353854,0.6689092985587908,96,3.0,0.0536374982030453,,1515311488
ds002236,pythia-1.4b-full,EleutherAI/pythia-1.4b@step43000,43000,90177536000.0,Phon,ses-11+,96,0.023583212466389,0.029219813684142,0.0158406544987166,EleutherAI/pythia-1.4b,0.2821380444353854,0.6689092985587908,96,3.0,0.08358749531132435,,1515311488
ds002236,pythia-1.4b-full,EleutherAI/pythia-1.4b@step56000,56000,117440512000.0,Phon,ses-11+,96,0.017764219677715,0.0131810043890322,0.011786210426263,EleutherAI/pythia-1.4b,0.2821380444353854,0.6689092985587908,96,3.0,0.06296286526428845,,1515311488
ds002236,pythia-1.4b-full,EleutherAI/pythia-1.4b@step71000,71000,148897792000.0,Phon,ses-11+,96,0.0239619635122479,0.0280065294020339,0.0160145923044065,EleutherAI/pythia-1.4b,0.2821380444353854,0.6689092985587908,96,3.0,0.0849299269802503,,1515311488
ds002236,pythia-1.4b-full,EleutherAI/pythia-1.4b@step90000,90000,188743680000.0,Phon,ses-11+,96,0.0335624814914891,0.0275494415427025,0.022361975348549,EleutherAI/pythia-1.4b,0.2821380444353854,0.6689092985587908,96,3.0,0.11895765974650574,,1515311488
ds002236,pythia-1.4b-full,EleutherAI/pythia-1.4b@step114000,114000,239075328000.0,Phon,ses-11+,96,0.0179043184597843,0.0193687014443322,0.0120459626803354,EleutherAI/pythia-1.4b,0.2821380444353854,0.6689092985587908,96,3.0,0.06345942637978659,,1515311488
ds002236,pythia-1.4b-full,EleutherAI/pythia-1.4b@step143000,143000,299892736000.0,Phon,ses-11+,96,0.009038038201336,0.0141008346300975,0.0063127494102661,EleutherAI/pythia-1.4b,0.2821380444353854,0.6689092985587908,96,3.0,0.03203409954663477,,1515311488
ds002236,pythia-1.4b-full,EleutherAI/pythia-1.4b@step0,0,0.0,Phon,ses-9,96,0.0031069151313546,-0.0050643422705093,0.0020025936743591,EleutherAI/pythia-1.4b,,,96,,,0.008728626502912,1515311488
ds002236,pythia-1.4b-full,EleutherAI/pythia-1.4b@step1,1,2097152.0,Phon,ses-9,96,0.0031069151313546,-0.0050643422705093,0.0020025936743591,EleutherAI/pythia-1.4b,,,96,,,0.008728626502912,1515311488
ds002236,pythia-1.4b-full,EleutherAI/pythia-1.4b@step2,2,4194304.0,Phon,ses-9,96,0.003046218947627,-0.0050945953709404,0.0019439089058465,EleutherAI/pythia-1.4b,,,96,,,0.008728626502912,1515311488
ds002236,pythia-1.4b-full,EleutherAI/pythia-1.4b@step4,4,8388608.0,Phon,ses-9,96,0.0017126598987455,-0.0063699427791064,0.0011040432843459,EleutherAI/pythia-1.4b,,,96,,,0.008728626502912,1515311488
ds002236,pythia-1.4b-full,EleutherAI/pythia-1.4b@step8,8,16777216.0,Phon,ses-9,96,-0.0042623433247287,-0.0065622960144631,-0.002823988024459,EleutherAI/pythia-1.4b,,,96,,,0.008728626502912,1515311488
ds002236,pythia-1.4b-full,EleutherAI/pythia-1.4b@step32,32,67108864.0,Phon,ses-9,96,0.0256256183250887,0.0130208336774093,0.0171888649018906,EleutherAI/pythia-1.4b,,,96,,,0.008728626502912,1515311488
ds002236,pythia-1.4b-full,EleutherAI/pythia-1.4b@step64,64,134217728.0,Phon,ses-9,96,0.020950761413594,0.0209134826361178,0.0141805489815787,EleutherAI/pythia-1.4b,,,96,,,0.008728626502912,1515311488
ds002236,pythia-1.4b-full,EleutherAI/pythia-1.4b@step256,256,536870912.0,Phon,ses-9,96,-0.0120928937895996,-0.0215816586222713,-0.0080176862423661,EleutherAI/pythia-1.4b,,,96,,,0.008728626502912,1515311488
ds002236,pythia-1.4b-full,EleutherAI/pythia-1.4b@step1000,1000,2097152000.0,Phon,ses-9,96,0.0085071588617247,0.0030969599385824,0.0057574568137826,EleutherAI/pythia-1.4b,,,96,,,0.008728626502912,1515311488
ds002236,pythia-1.4b-full,EleutherAI/pythia-1.4b@step4000,4000,8388608000.0,Phon,ses-9,96,0.0336395522740587,0.0346348851906999,0.0224266247984514,EleutherAI/pythia-1.4b,,,96,,,0.008728626502912,1515311488
ds002236,pythia-1.4b-full,EleutherAI/pythia-1.4b@step8000,8000,16777216000.0,Phon,ses-9,96,0.0421928016101696,0.0429272170799583,0.0282006287928639,EleutherAI/pythia-1.4b,,,96,,,0.008728626502912,1515311488
ds002236,pythia-1.4b-full,EleutherAI/pythia-1.4b@step12000,12000,25165824000.0,Phon,ses-9,96,0.0385755578713885,0.0369431496594262,0.0258424631440412,EleutherAI/pythia-1.4b,,,96,,,0.008728626502912,1515311488
ds002236,pythia-1.4b-full,EleutherAI/pythia-1.4b@step18000,18000,37748736000.0,Phon,ses-9,96,0.0599242193158628,0.0469628885059459,0.0402086868850124,EleutherAI/pythia-1.4b,,,96,,,0.008728626502912,1515311488
ds002236,pythia-1.4b-full,EleutherAI/pythia-1.4b@step24000,24000,50331648000.0,Phon,ses-9,96,0.0145903227744572,0.0219170060266468,0.0097611048898842,EleutherAI/pythia-1.4b,,,96,,,0.008728626502912,1515311488
ds002236,pythia-1.4b-full,EleutherAI/pythia-1.4b@step33000,33000,69206016000.0,Phon,ses-9,96,0.0239380748348262,0.0332467312666545,0.0160698137095315,EleutherAI/pythia-1.4b,,,96,,,0.008728626502912,1515311488
ds002236,pythia-1.4b-full,EleutherAI/pythia-1.4b@step43000,43000,90177536000.0,Phon,ses-9,96,0.0437726067324347,0.0454631084193355,0.0292150094472856,EleutherAI/pythia-1.4b,,,96,,,0.008728626502912,1515311488
ds002236,pythia-1.4b-full,EleutherAI/pythia-1.4b@step56000,56000,117440512000.0,Phon,ses-9,96,0.029974881490668,0.0314468750156958,0.0199474338401388,EleutherAI/pythia-1.4b,,,96,,,0.008728626502912,1515311488
ds002236,pythia-1.4b-full,EleutherAI/pythia-1.4b@step71000,71000,148897792000.0,Phon,ses-9,96,0.0429592102889578,0.037748203817357,0.0287039709385329,EleutherAI/pythia-1.4b,,,96,,,0.008728626502912,1515311488
ds002236,pythia-1.4b-full,EleutherAI/pythia-1.4b@step90000,90000,188743680000.0,Phon,ses-9,96,0.0509018771138479,0.04086159718731,0.0339338420629331,EleutherAI/pythia-1.4b,,,96,,,0.008728626502912,1515311488
ds002236,pythia-1.4b-full,EleutherAI/pythia-1.4b@step114000,114000,239075328000.0,Phon,ses-9,96,0.0373233844450729,0.035390766466482,0.0250955311067754,EleutherAI/pythia-1.4b,,,96,,,0.008728626502912,1515311488
ds002236,pythia-1.4b-full,EleutherAI/pythia-1.4b@step143000,143000,299892736000.0,Phon,ses-9,96,0.0350476014783507,0.0314740993763819,0.0232993923721345,EleutherAI/pythia-1.4b,,,96,,,0.008728626502912,1515311488
ds002236,pythia-1.4b-full,EleutherAI/pythia-1.4b@step0,0,0.0,Sem,ses-11,72,0.0013777868673514,-0.0185047776329515,0.0010063424688159,EleutherAI/pythia-1.4b,,,72,,,,1515311488
ds002236,pythia-1.4b-full,EleutherAI/pythia-1.4b@step1,1,2097152.0,Sem,ses-11,72,0.0013777868673514,-0.0185047776329515,0.0010063424688159,EleutherAI/pythia-1.4b,,,72,,,,1515311488
ds002236,pythia-1.4b-full,EleutherAI/pythia-1.4b@step2,2,4194304.0,Sem,ses-11,72,0.0013460181535907,-0.018508704548349,0.000964692263168,EleutherAI/pythia-1.4b,,,72,,,,1515311488
ds002236,pythia-1.4b-full,EleutherAI/pythia-1.4b@step4,4,8388608.0,Sem,ses-11,72,-5.321805705434051e-05,-0.0183209770657789,5.6350278229498754e-05,EleutherAI/pythia-1.4b,,,72,,,,1515311488
ds002236,pythia-1.4b-full,EleutherAI/pythia-1.4b@step8,8,16777216.0,Sem,ses-11,72,-0.0012923904836418,-0.0136564353927521,-0.0006676282964147,EleutherAI/pythia-1.4b,,,72,,,,1515311488
ds002236,pythia-1.4b-full,EleutherAI/pythia-1.4b@step32,32,67108864.0,Sem,ses-11,72,0.0035825232420913,-0.0025359502887657,0.0021119104275577,EleutherAI/pythia-1.4b,,,72,,,,1515311488
ds002236,pythia-1.4b-full,EleutherAI/pythia-1.4b@step64,64,134217728.0,Sem,ses-11,72,0.0013591667275067,-0.0012581695272777,0.0009849048629677,EleutherAI/pythia-1.4b,,,72,,,,1515311488
ds002236,pythia-1.4b-full,EleutherAI/pythia-1.4b@step256,256,536870912.0,Sem,ses-11,72,-0.0178174897239532,-0.01803209226964,-0.0116890077144755,EleutherAI/pythia-1.4b,,,72,,,,1515311488
ds002236,pythia-1.4b-full,EleutherAI/pythia-1.4b@step1000,1000,2097152000.0,Sem,ses-11,72,-0.0198223687812368,-0.0156983637306956,-0.0130212017921838,EleutherAI/pythia-1.4b,,,72,,,,1515311488
ds002236,pythia-1.4b-full,EleutherAI/pythia-1.4b@step4000,4000,8388608000.0,Sem,ses-11,72,-0.0108009286326746,-0.0158795936734786,-0.0070615473663901,EleutherAI/pythia-1.4b,,,72,,,,1515311488
ds002236,pythia-1.4b-full,EleutherAI/pythia-1.4b@step8000,8000,16777216000.0,Sem,ses-11,72,-0.0086984646929009,-0.0113049143722317,-0.0054616894670917,EleutherAI/pythia-1.4b,,,72,,,,1515311488
ds002236,pythia-1.4b-full,EleutherAI/pythia-1.4b@step12000,12000,25165824000.0,Sem,ses-11,72,0.0038689777557956,-0.0007162621566666,0.0026901132824343,EleutherAI/pythia-1.4b,,,72,,,,1515311488
ds002236,pythia-1.4b-full,EleutherAI/pythia-1.4b@step18000,18000,37748736000.0,Sem,ses-11,72,-0.0032962994051224,-0.0113854715149615,-0.0021615231725206,EleutherAI/pythia-1.4b,,,72,,,,1515311488
ds002236,pythia-1.4b-full,EleutherAI/pythia-1.4b@step24000,24000,50331648000.0,Sem,ses-11,72,-0.0034460323208072,-0.0010437431431952,-0.00220194837212,EleutherAI/pythia-1.4b,,,72,,,,1515311488
ds002236,pythia-1.4b-full,EleutherAI/pythia-1.4b@step33000,33000,69206016000.0,Sem,ses-11,72,-0.0221557458820672,-0.0110502325794473,-0.0145965595705128,EleutherAI/pythia-1.4b,,,72,,,,1515311488
ds002236,pythia-1.4b-full,EleutherAI/pythia-1.4b@step43000,43000,90177536000.0,Sem,ses-11,72,-0.0192819571473697,-0.0057231472787079,-0.0126402249111104,EleutherAI/pythia-1.4b,,,72,,,,1515311488
ds002236,pythia-1.4b-full,EleutherAI/pythia-1.4b@step56000,56000,117440512000.0,Sem,ses-11,72,-0.0280406277495826,-0.0175995272832252,-0.0184871787804452,EleutherAI/pythia-1.4b,,,72,,,,1515311488
ds002236,pythia-1.4b-full,EleutherAI/pythia-1.4b@step71000,71000,148897792000.0,Sem,ses-11,72,-0.0230877345080082,-0.0127962064104568,-0.0153683133810473,EleutherAI/pythia-1.4b,,,72,,,,1515311488
ds002236,pythia-1.4b-full,EleutherAI/pythia-1.4b@step90000,90000,188743680000.0,Sem,ses-11,72,-0.0245657371224236,-0.0099122009539716,-0.0162435802026772,EleutherAI/pythia-1.4b,,,72,,,,1515311488
ds002236,pythia-1.4b-full,EleutherAI/pythia-1.4b@step114000,114000,239075328000.0,Sem,ses-11,72,-0.0322085927364186,-0.0129354808901979,-0.021469456005439,EleutherAI/pythia-1.4b,,,72,,,,1515311488
ds002236,pythia-1.4b-full,EleutherAI/pythia-1.4b@step143000,143000,299892736000.0,Sem,ses-11,72,-0.0223159052424669,-0.0128786007441205,-0.0147300852297958,EleutherAI/pythia-1.4b,,,72,,,,1515311488
ds002236,pythia-1.4b-full,EleutherAI/pythia-1.4b@step0,0,0.0,Sem,ses-11+,72,-0.0178880150037322,-0.0292298179389868,-0.0119315589120721,EleutherAI/pythia-1.4b,0.2731807870321323,0.6611824419010607,72,3.0,-0.06548050175149456,,1515311488
ds002236,pythia-1.4b-full,EleutherAI/pythia-1.4b@step1,1,2097152.0,Sem,ses-11+,72,-0.0178880150037322,-0.0292298179389868,-0.0119315589120721,EleutherAI/pythia-1.4b,0.2731807870321323,0.6611824419010607,72,3.0,-0.06548050175149456,,1515311488
ds002236,pythia-1.4b-full,EleutherAI/pythia-1.4b@step2,2,4194304.0,Sem,ses-11+,72,-0.0178698087884968,-0.0292262282070305,-0.0119021587669089,EleutherAI/pythia-1.4b,0.2731807870321323,0.6611824419010607,72,3.0,-0.06541385645248508,,1515311488
ds002236,pythia-1.4b-full,EleutherAI/pythia-1.4b@step4,4,8388608.0,Sem,ses-11+,72,-0.0169855436578699,-0.0288501357915404,-0.0113674436267529,EleutherAI/pythia-1.4b,0.2731807870321323,0.6611824419010607,72,3.0,-0.062176933606505835,,1515311488
ds002236,pythia-1.4b-full,EleutherAI/pythia-1.4b@step8,8,16777216.0,Sem,ses-11+,72,-0.0094503436546189,-0.0249321933137699,-0.0064723194570773,EleutherAI/pythia-1.4b,0.2731807870321323,0.6611824419010607,72,3.0,-0.03459373463737523,,1515311488
ds002236,pythia-1.4b-full,EleutherAI/pythia-1.4b@step32,32,67108864.0,Sem,ses-11+,72,-0.0004726401025302,-0.0116449238581385,-0.0004342646441816,EleutherAI/pythia-1.4b,0.2731807870321323,0.6611824419010607,72,3.0,-0.0017301366895710964,,1515311488
ds002236,pythia-1.4b-full,EleutherAI/pythia-1.4b@step64,64,134217728.0,Sem,ses-11+,72,-0.0272540107399279,-0.0219797031685986,-0.0183218029639021,EleutherAI/pythia-1.4b,0.2731807870321323,0.6611824419010607,72,3.0,-0.09976547412436515,,1515311488
ds002236,pythia-1.4b-full,EleutherAI/pythia-1.4b@step256,256,536870912.0,Sem,ses-11+,72,-0.0023141540395497,-0.0257163515041706,-0.0014093694587617,EleutherAI/pythia-1.4b,0.2731807870321323,0.6611824419010607,72,3.0,-0.008471144931863392,,1515311488
ds002236,pythia-1.4b-full,EleutherAI/pythia-1.4b@step1000,1000,2097152000.0,Sem,ses-11+,72,0.0066244896892547,0.0065772477841537,0.0044614720285181,EleutherAI/pythia-1.4b,0.2731807870321323,0.6611824419010607,72,3.0,0.024249471425951744,,1515311488
ds002236,pythia-1.4b-full,EleutherAI/pythia-1.4b@step4000,4000,8388608000.0,Sem,ses-11+,72,0.0029299028267784,-0.0119927632203039,0.0019747097501293,EleutherAI/pythia-1.4b,0.2731807870321323,0.6611824419010607,72,3.0,0.010725142344779089,,1515311488
ds002236,pythia-1.4b-full,EleutherAI/pythia-1.4b@step8000,8000,16777216000.0,Sem,ses-11+,72,0.0084746579562556,-0.0070750919673449,0.0058653289600617,EleutherAI/pythia-1.4b,0.2731807870321323,0.6611824419010607,72,3.0,0.031022159531514888,,1515311488
ds002236,pythia-1.4b-full,EleutherAI/pythia-1.4b@step12000,12000,25165824000.0,Sem,ses-11+,72,0.0192244985189278,-0.0103747965916935,0.012714950280067,EleutherAI/pythia-1.4b,0.2731807870321323,0.6611824419010607,72,3.0,0.07037280596408327,,1515311488
ds002236,pythia-1.4b-full,EleutherAI/pythia-1.4b@step18000,18000,37748736000.0,Sem,ses-11+,72,0.0097321716984718,-0.0073624127633279,0.0066076826254329,EleutherAI/pythia-1.4b,0.2731807870321323,0.6611824419010607,72,3.0,0.03562538860877898,,1515311488
ds002236,pythia-1.4b-full,EleutherAI/pythia-1.4b@step24000,24000,50331648000.0,Sem,ses-11+,72,0.0061216848308247,-0.0112025036976058,0.0040351699236514,EleutherAI/pythia-1.4b,0.2731807870321323,0.6611824419010607,72,3.0,0.022408914248075035,,1515311488
ds002236,pythia-1.4b-full,EleutherAI/pythia-1.4b@step33000,33000,69206016000.0,Sem,ses-11+,72,-0.0043453906086707,-0.014984480432588,-0.0029865647461634,EleutherAI/pythia-1.4b,0.2731807870321323,0.6611824419010607,72,3.0,-0.01590664795968826,,1515311488
ds002236,pythia-1.4b-full,EleutherAI/pythia-1.4b@step43000,43000,90177536000.0,Sem,ses-11+,72,0.0132065686343,-0.0045961911574974,0.008875168821146,EleutherAI/pythia-1.4b,0.2731807870321323,0.6611824419010607,72,3.0,0.048343694949332605,,1515311488
ds002236,pythia-1.4b-full,EleutherAI/pythia-1.4b@step56000,56000,117440512000.0,Sem,ses-11+,72,-0.0084081583807493,-0.016374795205062,-0.0054929271213276,EleutherAI/pythia-1.4b,0.2731807870321323,0.6611824419010607,72,3.0,-0.03077873254593234,,1515311488
ds002236,pythia-1.4b-full,EleutherAI/pythia-1.4b@step71000,71000,148897792000.0,Sem,ses-11+,72,-0.0053481165070292,-0.0155137637295929,-0.0034765671655503,EleutherAI/pythia-1.4b,0.2731807870321323,0.6611824419010607,72,3.0,-0.019577205868435175,,1515311488
ds002236,pythia-1.4b-full,EleutherAI/pythia-1.4b@step90000,90000,188743680000.0,Sem,ses-11+,72,-0.0077138350610535,-0.0094584178020303,-0.0050513124408551,EleutherAI/pythia-1.4b,0.2731807870321323,0.6611824419010607,72,3.0,-0.028237106807025115,,1515311488
ds002236,pythia-1.4b-full,EleutherAI/pythia-1.4b@step114000,114000,239075328000.0,Sem,ses-11+,72,-0.0011713283147202,-0.0048879263024362,-0.000534715140156,EleutherAI/pythia-1.4b,0.2731807870321323,0.6611824419010607,72,3.0,-0.004287740464641187,,1515311488
ds002236,pythia-1.4b-full,EleutherAI/pythia-1.4b@step143000,143000,299892736000.0,Sem,ses-11+,72,-0.0033634363957822,-0.010129409161518,-0.002099660367073,EleutherAI/pythia-1.4b,0.2731807870321323,0.6611824419010607,72,3.0,-0.012312126457804601,,1515311488
ds002236,pythia-1.4b-full,EleutherAI/pythia-1.4b@step0,0,0.0,Sem,ses-9,72,-0.008136444900916,-0.0149217416024126,-0.0052889636142578,EleutherAI/pythia-1.4b,,,72,,,0.0084082983710845,1515311488
ds002236,pythia-1.4b-full,EleutherAI/pythia-1.4b@step1,1,2097152.0,Sem,ses-9,72,-0.008136444900916,-0.0149217416024126,-0.0052889636142578,EleutherAI/pythia-1.4b,,,72,,,0.0084082983710845,1515311488
ds002236,pythia-1.4b-full,EleutherAI/pythia-1.4b@step2,2,4194304.0,Sem,ses-9,72,-0.008107933687596,-0.0149085851082967,-0.0053097887170817,EleutherAI/pythia-1.4b,,,72,,,0.0084082983710845,1515311488
ds002236,pythia-1.4b-full,EleutherAI/pythia-1.4b@step4,4,8388608.0,Sem,ses-9,72,-0.007929486189382,-0.0139763352136581,-0.00517932557292,EleutherAI/pythia-1.4b,,,72,,,0.0084082983710845,1515311488
ds002236,pythia-1.4b-full,EleutherAI/pythia-1.4b@step8,8,16777216.0,Sem,ses-9,72,-0.0020463160725944,-0.0081428675112383,-0.0011331305948323,EleutherAI/pythia-1.4b,,,72,,,0.0084082983710845,1515311488
ds002236,pythia-1.4b-full,EleutherAI/pythia-1.4b@step32,32,67108864.0,Sem,ses-9,72,0.0122999163624365,-0.0026571405773223,0.0080642148170606,EleutherAI/pythia-1.4b,,,72,,,0.0084082983710845,1515311488
ds002236,pythia-1.4b-full,EleutherAI/pythia-1.4b@step64,64,134217728.0,Sem,ses-9,72,-0.0086499888033752,-0.0176143085465603,-0.0056926031072278,EleutherAI/pythia-1.4b,,,72,,,0.0084082983710845,1515311488
ds002236,pythia-1.4b-full,EleutherAI/pythia-1.4b@step256,256,536870912.0,Sem,ses-9,72,0.0240822207196136,0.0096522967435967,0.0155551268034385,EleutherAI/pythia-1.4b,,,72,,,0.0084082983710845,1515311488
ds002236,pythia-1.4b-full,EleutherAI/pythia-1.4b@step1000,1000,2097152000.0,Sem,ses-9,72,0.0378247433934209,0.0295287006977725,0.0251034364482174,EleutherAI/pythia-1.4b,,,72,,,0.0084082983710845,1515311488
ds002236,pythia-1.4b-full,EleutherAI/pythia-1.4b@step4000,4000,8388608000.0,Sem,ses-9,72,-0.0013808948950164,-0.0058207565279805,-0.0006535407268573,EleutherAI/pythia-1.4b,,,72,,,0.0084082983710845,1515311488
ds002236,pythia-1.4b-full,EleutherAI/pythia-1.4b@step8000,8000,16777216000.0,Sem,ses-9,72,0.0062754147060177,-0.0002024918122833,0.0041239828621653,EleutherAI/pythia-1.4b,,,72,,,0.0084082983710845,1515311488
ds002236,pythia-1.4b-full,EleutherAI/pythia-1.4b@step12000,12000,25165824000.0,Sem,ses-9,72,0.024863095243934,0.0127308362403497,0.0167041824769009,EleutherAI/pythia-1.4b,,,72,,,0.0084082983710845,1515311488
ds002236,pythia-1.4b-full,EleutherAI/pythia-1.4b@step18000,18000,37748736000.0,Sem,ses-9,72,0.0273465293576693,0.0176940964396173,0.0180706767239663,EleutherAI/pythia-1.4b,,,72,,,0.0084082983710845,1515311488
ds002236,pythia-1.4b-full,EleutherAI/pythia-1.4b@step24000,24000,50331648000.0,Sem,ses-9,72,0.0112831781099879,0.0091147329292267,0.0077806259168404,EleutherAI/pythia-1.4b,,,72,,,0.0084082983710845,1515311488
ds002236,pythia-1.4b-full,EleutherAI/pythia-1.4b@step33000,33000,69206016000.0,Sem,ses-9,72,0.0012108466169986,-0.0018750495546196,0.00089119190026,EleutherAI/pythia-1.4b,,,72,,,0.0084082983710845,1515311488
ds002236,pythia-1.4b-full,EleutherAI/pythia-1.4b@step43000,43000,90177536000.0,Sem,ses-9,72,0.0137351704816592,0.0145178579996755,0.0088843563665095,EleutherAI/pythia-1.4b,,,72,,,0.0084082983710845,1515311488
ds002236,pythia-1.4b-full,EleutherAI/pythia-1.4b@step56000,56000,117440512000.0,Sem,ses-9,72,-0.0064159061799055,0.0012251314776361,-0.0044094092714582,EleutherAI/pythia-1.4b,,,72,,,0.0084082983710845,1515311488
ds002236,pythia-1.4b-full,EleutherAI/pythia-1.4b@step71000,71000,148897792000.0,Sem,ses-9,72,0.0001742464508776,0.0033154161821866,0.0002688888276385,EleutherAI/pythia-1.4b,,,72,,,0.0084082983710845,1515311488
ds002236,pythia-1.4b-full,EleutherAI/pythia-1.4b@step90000,90000,188743680000.0,Sem,ses-9,72,0.000216384119824,0.0035684717586334,3.43001693570862e-05,EleutherAI/pythia-1.4b,,,72,,,0.0084082983710845,1515311488
ds002236,pythia-1.4b-full,EleutherAI/pythia-1.4b@step114000,114000,239075328000.0,Sem,ses-9,72,-0.0039374700621031,-0.0029795537724917,-0.0029363394981762,EleutherAI/pythia-1.4b,,,72,,,0.0084082983710845,1515311488
ds002236,pythia-1.4b-full,EleutherAI/pythia-1.4b@step143000,143000,299892736000.0,Sem,ses-9,72,0.0019028085542881,-0.0020710525696086,0.0011998934244737,EleutherAI/pythia-1.4b,,,72,,,0.0084082983710845,1515311488
ds002236,pythia-160m-full,EleutherAI/pythia-160m@step0,0,0.0,Phon,ses-11,96,-0.0137394082061908,-0.0055027164031858,-0.0092092756567883,EleutherAI/pythia-160m,,,96,,,,212654688
ds002236,pythia-160m-full,EleutherAI/pythia-160m@step1,1,2097152.0,Phon,ses-11,96,-0.0137394082061908,-0.0055027164031858,-0.0092092756567883,EleutherAI/pythia-160m,,,96,,,,212654688
ds002236,pythia-160m-full,EleutherAI/pythia-160m@step2,2,4194304.0,Phon,ses-11,96,-0.0137010368329923,-0.0054935251206213,-0.0091823383859956,EleutherAI/pythia-160m,,,96,,,,212654688
ds002236,pythia-160m-full,EleutherAI/pythia-160m@step4,4,8388608.0,Phon,ses-11,96,-0.0132595086239355,-0.0050309022448136,-0.0088029076859729,EleutherAI/pythia-160m,,,96,,,,212654688
ds002236,pythia-160m-full,EleutherAI/pythia-160m@step8,8,16777216.0,Phon,ses-11,96,-0.0107945924279769,-0.0019280750363635,-0.0071974463467288,EleutherAI/pythia-160m,,,96,,,,212654688
ds002236,pythia-160m-full,EleutherAI/pythia-160m@step32,32,67108864.0,Phon,ses-11,96,-0.0117423965043534,-0.0026363645663837,-0.0080561680577842,EleutherAI/pythia-160m,,,96,,,,212654688
ds002236,pythia-160m-full,EleutherAI/pythia-160m@step64,64,134217728.0,Phon,ses-11,96,-0.0385715847357388,-0.0231910197324054,-0.025769732512901,EleutherAI/pythia-160m,,,96,,,,212654688
ds002236,pythia-160m-full,EleutherAI/pythia-160m@step256,256,536870912.0,Phon,ses-11,96,-0.013102904129801,-0.006367867177782,-0.0087226731008262,EleutherAI/pythia-160m,,,96,,,,212654688
ds002236,pythia-160m-full,EleutherAI/pythia-160m@step1000,1000,2097152000.0,Phon,ses-11,96,-0.0016058195803935,0.0028596855486087,-0.0010522852426086,EleutherAI/pythia-160m,,,96,,,,212654688
ds002236,pythia-160m-full,EleutherAI/pythia-160m@step4000,4000,8388608000.0,Phon,ses-11,96,0.0198324562335391,0.0088727546158992,0.0133383744511531,EleutherAI/pythia-160m,,,96,,,,212654688
ds002236,pythia-160m-full,EleutherAI/pythia-160m@step8000,8000,16777216000.0,Phon,ses-11,96,-0.0067715942675182,1.1329629473247425e-05,-0.0043511388693272,EleutherAI/pythia-160m,,,96,,,,212654688
ds002236,pythia-160m-full,EleutherAI/pythia-160m@step12000,12000,25165824000.0,Phon,ses-11,96,0.0091772890503973,0.0122171825419337,0.0060676202460527,EleutherAI/pythia-160m,,,96,,,,212654688
ds002236,pythia-160m-full,EleutherAI/pythia-160m@step18000,18000,37748736000.0,Phon,ses-11,96,0.0018744750044928,0.0063348136176362,0.0013532130391783,EleutherAI/pythia-160m,,,96,,,,212654688
ds002236,pythia-160m-full,EleutherAI/pythia-160m@step24000,24000,50331648000.0,Phon,ses-11,96,-0.0061225228114924,0.0004679156353286,-0.0041920165625733,EleutherAI/pythia-160m,,,96,,,,212654688
ds002236,pythia-160m-full,EleutherAI/pythia-160m@step33000,33000,69206016000.0,Phon,ses-11,96,0.0036368230181645,0.0042090167766069,0.0024145415084102,EleutherAI/pythia-160m,,,96,,,,212654688
ds002236,pythia-160m-full,EleutherAI/pythia-160m@step43000,43000,90177536000.0,Phon,ses-11,96,-0.0008076765658306,0.0016603715719874,-0.0006894017232156,EleutherAI/pythia-160m,,,96,,,,212654688
ds002236,pythia-160m-full,EleutherAI/pythia-160m@step56000,56000,117440512000.0,Phon,ses-11,96,-0.0093595015010451,-0.0009808399235101,-0.006202114190939,EleutherAI/pythia-160m,,,96,,,,212654688
ds002236,pythia-160m-full,EleutherAI/pythia-160m@step71000,71000,148897792000.0,Phon,ses-11,96,0.0179595064960033,0.0152419331240343,0.0120725151329739,EleutherAI/pythia-160m,,,96,,,,212654688
ds002236,pythia-160m-full,EleutherAI/pythia-160m@step90000,90000,188743680000.0,Phon,ses-11,96,0.0164135880672245,0.0201518690494035,0.0110223463902133,EleutherAI/pythia-160m,,,96,,,,212654688
ds002236,pythia-160m-full,EleutherAI/pythia-160m@step114000,114000,239075328000.0,Phon,ses-11,96,0.0136488535169936,0.0199054082670453,0.0092069667478632,EleutherAI/pythia-160m,,,96,,,,212654688
ds002236,pythia-160m-full,EleutherAI/pythia-160m@step143000,143000,299892736000.0,Phon,ses-11,96,0.0056861016902871,0.0133590458454091,0.0037421641403354,EleutherAI/pythia-160m,,,96,,,,212654688
ds002236,pythia-160m-full,EleutherAI/pythia-160m@step0,0,0.0,Phon,ses-11+,96,-0.0133989980332535,-0.0024117551628831,-0.008949523402716,EleutherAI/pythia-160m,0.2821380444353854,0.6689092985587908,96,3.0,-0.0474909296974379,,212654688
ds002236,pythia-160m-full,EleutherAI/pythia-160m@step1,1,2097152.0,Phon,ses-11+,96,-0.0133989980332535,-0.0024117551628831,-0.008949523402716,EleutherAI/pythia-160m,0.2821380444353854,0.6689092985587908,96,3.0,-0.0474909296974379,,212654688
ds002236,pythia-160m-full,EleutherAI/pythia-160m@step2,2,4194304.0,Phon,ses-11+,96,-0.0133781896306798,-0.0024051845936281,-0.008932591403932,EleutherAI/pythia-160m,0.2821380444353854,0.6689092985587908,96,3.0,-0.04741717713912787,,212654688
ds002236,pythia-160m-full,EleutherAI/pythia-160m@step4,4,8388608.0,Phon,ses-11+,96,-0.013098314787313,-0.0019516230556473,-0.0087609625071672,EleutherAI/pythia-160m,0.2821380444353854,0.6689092985587908,96,3.0,-0.04642519874809986,,212654688
ds002236,pythia-160m-full,EleutherAI/pythia-160m@step8,8,16777216.0,Phon,ses-11+,96,-0.0083066470043067,0.0031293464013217,-0.0054353640187329,EleutherAI/pythia-160m,0.2821380444353854,0.6689092985587908,96,3.0,-0.02944178273061316,,212654688
ds002236,pythia-160m-full,EleutherAI/pythia-160m@step32,32,67108864.0,Phon,ses-11+,96,0.0054268597147055,0.0189844287679223,0.0036707803727348,EleutherAI/pythia-160m,0.2821380444353854,0.6689092985587908,96,3.0,0.01923476759600333,,212654688
ds002236,pythia-160m-full,EleutherAI/pythia-160m@step64,64,134217728.0,Phon,ses-11+,96,-0.0114508865014307,-0.0063986280873394,-0.0076909756294662,EleutherAI/pythia-160m,0.2821380444353854,0.6689092985587908,96,3.0,-0.04058611281702973,,212654688
ds002236,pythia-160m-full,EleutherAI/pythia-160m@step256,256,536870912.0,Phon,ses-11+,96,-0.0047446736904594,-0.0005471658688473,-0.0031489669556651,EleutherAI/pythia-160m,0.2821380444353854,0.6689092985587908,96,3.0,-0.01681685183561274,,212654688
ds002236,pythia-160m-full,EleutherAI/pythia-160m@step1000,1000,2097152000.0,Phon,ses-11+,96,0.0186900789947299,0.0314369535602074,0.0124971619661129,EleutherAI/pythia-160m,0.2821380444353854,0.6689092985587908,96,3.0,0.06624444793374988,,212654688
ds002236,pythia-160m-full,EleutherAI/pythia-160m@step4000,4000,8388608000.0,Phon,ses-11+,96,0.0531850593718009,0.0419610458540529,0.0357817388393114,EleutherAI/pythia-160m,0.2821380444353854,0.6689092985587908,96,3.0,0.18850722339922227,,212654688
ds002236,pythia-160m-full,EleutherAI/pythia-160m@step8000,8000,16777216000.0,Phon,ses-11+,96,0.0090891491984725,0.0099847382230876,0.0061482396493536,EleutherAI/pythia-160m,0.2821380444353854,0.6689092985587908,96,3.0,0.032215255537982136,,212654688
ds002236,pythia-160m-full,EleutherAI/pythia-160m@step12000,12000,25165824000.0,Phon,ses-11+,96,0.0315150114478169,0.0309490820231121,0.0210389705344739,EleutherAI/pythia-160m,0.2821380444353854,0.6689092985587908,96,3.0,0.11170068010815319,,212654688
ds002236,pythia-160m-full,EleutherAI/pythia-160m@step18000,18000,37748736000.0,Phon,ses-11+,96,0.0376015212788877,0.0323168693594313,0.0252661979581548,EleutherAI/pythia-160m,0.2821380444353854,0.6689092985587908,96,3.0,0.1332734879981743,,212654688
ds002236,pythia-160m-full,EleutherAI/pythia-160m@step24000,24000,50331648000.0,Phon,ses-11+,96,0.0127525059388152,0.0082766295819007,0.0082753219965905,EleutherAI/pythia-160m,0.2821380444353854,0.6689092985587908,96,3.0,0.04519952622602,,212654688
ds002236,pythia-160m-full,EleutherAI/pythia-160m@step33000,33000,69206016000.0,Phon,ses-11+,96,0.0343677467636479,0.0233785767327079,0.0227163928685499,EleutherAI/pythia-160m,0.2821380444353854,0.6689092985587908,96,3.0,0.12181181319387333,,212654688
ds002236,pythia-160m-full,EleutherAI/pythia-160m@step43000,43000,90177536000.0,Phon,ses-11+,96,0.0319679385342019,0.0192821029568974,0.0210836094403589,EleutherAI/pythia-160m,0.2821380444353854,0.6689092985587908,96,3.0,0.11330601868378343,,212654688
ds002236,pythia-160m-full,EleutherAI/pythia-160m@step56000,56000,117440512000.0,Phon,ses-11+,96,0.0313984471096635,0.0191240325267644,0.0206493421533654,EleutherAI/pythia-160m,0.2821380444353854,0.6689092985587908,96,3.0,0.11128753363445922,,212654688
ds002236,pythia-160m-full,EleutherAI/pythia-160m@step71000,71000,148897792000.0,Phon,ses-11+,96,0.0359464614693761,0.0245310839109304,0.023975710278108,EleutherAI/pythia-160m,0.2821380444353854,0.6689092985587908,96,3.0,0.1274073531675324,,212654688
ds002236,pythia-160m-full,EleutherAI/pythia-160m@step90000,90000,188743680000.0,Phon,ses-11+,96,0.0347018736264387,0.0368862530320309,0.0230656153434694,EleutherAI/pythia-160m,0.2821380444353854,0.6689092985587908,96,3.0,0.12299608050337231,,212654688
ds002236,pythia-160m-full,EleutherAI/pythia-160m@step114000,114000,239075328000.0,Phon,ses-11+,96,0.0361773619802294,0.0347604724192789,0.0241113586774569,EleutherAI/pythia-160m,0.2821380444353854,0.6689092985587908,96,3.0,0.1282257486849302,,212654688
ds002236,pythia-160m-full,EleutherAI/pythia-160m@step143000,143000,299892736000.0,Phon,ses-11+,96,0.030181671722503,0.0215778845088852,0.0200419066969903,EleutherAI/pythia-160m,0.2821380444353854,0.6689092985587908,96,3.0,0.10697483844443081,,212654688
ds002236,pythia-160m-full,EleutherAI/pythia-160m@step0,0,0.0,Phon,ses-9,96,-0.0234105485007543,-0.0110119962217729,-0.0154856597514844,EleutherAI/pythia-160m,,,96,,,0.008728626502912,212654688
ds002236,pythia-160m-full,EleutherAI/pythia-160m@step1,1,2097152.0,Phon,ses-9,96,-0.0234105485007543,-0.0110119962217729,-0.0154856597514844,EleutherAI/pythia-160m,,,96,,,0.008728626502912,212654688
ds002236,pythia-160m-full,EleutherAI/pythia-160m@step2,2,4194304.0,Phon,ses-9,96,-0.0234007775282444,-0.0110087102865276,-0.0154641099348502,EleutherAI/pythia-160m,,,96,,,0.008728626502912,212654688
ds002236,pythia-160m-full,EleutherAI/pythia-160m@step4,4,8388608.0,Phon,ses-9,96,-0.0230988082083894,-0.0107967843283355,-0.0153286539445784,EleutherAI/pythia-160m,,,96,,,0.008728626502912,212654688
ds002236,pythia-160m-full,EleutherAI/pythia-160m@step8,8,16777216.0,Phon,ses-9,96,-0.0194396274748326,-0.0078966652577739,-0.0127769247642026,EleutherAI/pythia-160m,,,96,,,0.008728626502912,212654688
ds002236,pythia-160m-full,EleutherAI/pythia-160m@step32,32,67108864.0,Phon,ses-9,96,-0.0093283933701247,0.004423965394847,-0.0061316924687239,EleutherAI/pythia-160m,,,96,,,0.008728626502912,212654688
ds002236,pythia-160m-full,EleutherAI/pythia-160m@step64,64,134217728.0,Phon,ses-9,96,-0.0230867912258656,-0.0229153985139959,-0.0154227419832758,EleutherAI/pythia-160m,,,96,,,0.008728626502912,212654688
ds002236,pythia-160m-full,EleutherAI/pythia-160m@step256,256,536870912.0,Phon,ses-9,96,-0.0067566369823713,-0.0046343163360667,-0.0044669691337358,EleutherAI/pythia-160m,,,96,,,0.008728626502912,212654688
ds002236,pythia-160m-full,EleutherAI/pythia-160m@step1000,1000,2097152000.0,Phon,ses-9,96,0.0071827192690657,0.0104955396273191,0.0047276834331936,EleutherAI/pythia-160m,,,96,,,0.008728626502912,212654688
ds002236,pythia-160m-full,EleutherAI/pythia-160m@step4000,4000,8388608000.0,Phon,ses-9,96,0.0372220160788803,0.0313386653038517,0.0248833038947445,EleutherAI/pythia-160m,,,96,,,0.008728626502912,212654688
ds002236,pythia-160m-full,EleutherAI/pythia-160m@step8000,8000,16777216000.0,Phon,ses-9,96,0.0180022228298034,0.0172625433086786,0.0120559679523441,EleutherAI/pythia-160m,,,96,,,0.008728626502912,212654688
ds002236,pythia-160m-full,EleutherAI/pythia-160m@step12000,12000,25165824000.0,Phon,ses-9,96,0.0183923457963142,0.0244163402585064,0.0122270196218776,EleutherAI/pythia-160m,,,96,,,0.008728626502912,212654688
ds002236,pythia-160m-full,EleutherAI/pythia-160m@step18000,18000,37748736000.0,Phon,ses-9,96,0.0324991917236797,0.0330764024700525,0.0217239468489165,EleutherAI/pythia-160m,,,96,,,0.008728626502912,212654688
ds002236,pythia-160m-full,EleutherAI/pythia-160m@step24000,24000,50331648000.0,Phon,ses-9,96,0.0134557594281525,0.014324413823232,0.0089118112236062,EleutherAI/pythia-160m,,,96,,,0.008728626502912,212654688
ds002236,pythia-160m-full,EleutherAI/pythia-160m@step33000,33000,69206016000.0,Phon,ses-9,96,0.0147217660588722,0.0187190970679876,0.0097995867053024,EleutherAI/pythia-160m,,,96,,,0.008728626502912,212654688
ds002236,pythia-160m-full,EleutherAI/pythia-160m@step43000,43000,90177536000.0,Phon,ses-9,96,0.0090972754340612,0.0062978305658974,0.0061495865128933,EleutherAI/pythia-160m,,,96,,,0.008728626502912,212654688
ds002236,pythia-160m-full,EleutherAI/pythia-160m@step56000,56000,117440512000.0,Phon,ses-9,96,0.0083652653724932,0.0076212750310578,0.0055398421475931,EleutherAI/pythia-160m,,,96,,,0.008728626502912,212654688
ds002236,pythia-160m-full,EleutherAI/pythia-160m@step71000,71000,148897792000.0,Phon,ses-9,96,0.0107126165427917,0.0187922615028226,0.0072391991164575,EleutherAI/pythia-160m,,,96,,,0.008728626502912,212654688
ds002236,pythia-160m-full,EleutherAI/pythia-160m@step90000,90000,188743680000.0,Phon,ses-9,96,0.018545324554218,0.0322494661302758,0.0123072542070244,EleutherAI/pythia-160m,,,96,,,0.008728626502912,212654688
ds002236,pythia-160m-full,EleutherAI/pythia-160m@step114000,114000,239075328000.0,Phon,ses-9,96,0.0306078834771776,0.0395255750781274,0.0203270569492386,EleutherAI/pythia-160m,,,96,,,0.008728626502912,212654688
ds002236,pythia-160m-full,EleutherAI/pythia-160m@step143000,143000,299892736000.0,Phon,ses-9,96,0.0159630449381638,0.0258289590648771,0.0105680685592023,EleutherAI/pythia-160m,,,96,,,0.008728626502912,212654688
ds002236,pythia-160m-full,EleutherAI/pythia-160m@step0,0,0.0,Sem,ses-11,72,0.0281742125751726,0.0198295325436654,0.0190225064236254,EleutherAI/pythia-160m,,,72,,,,212654688
ds002236,pythia-160m-full,EleutherAI/pythia-160m@step1,1,2097152.0,Sem,ses-11,72,0.0281742125751726,0.0198295325436654,0.0190225064236254,EleutherAI/pythia-160m,,,72,,,,212654688
ds002236,pythia-160m-full,EleutherAI/pythia-160m@step2,2,4194304.0,Sem,ses-11,72,0.0280891920292593,0.0198171089222808,0.0189759561937837,EleutherAI/pythia-160m,,,72,,,,212654688
ds002236,pythia-160m-full,EleutherAI/pythia-160m@step4,4,8388608.0,Sem,ses-11,72,0.026324293669004,0.0192763401921975,0.0177613626967283,EleutherAI/pythia-160m,,,72,,,,212654688
ds002236,pythia-160m-full,EleutherAI/pythia-160m@step8,8,16777216.0,Sem,ses-11,72,0.0177468990498349,0.0168013715257751,0.0117367829503658,EleutherAI/pythia-160m,,,72,,,,212654688
ds002236,pythia-160m-full,EleutherAI/pythia-160m@step32,32,67108864.0,Sem,ses-11,72,0.009528284365028,0.0136249305398765,0.0058298037846561,EleutherAI/pythia-160m,,,72,,,,212654688
ds002236,pythia-160m-full,EleutherAI/pythia-160m@step64,64,134217728.0,Sem,ses-11,72,0.0209326453719486,0.0194775968095004,0.0138554309111901,EleutherAI/pythia-160m,,,72,,,,212654688
ds002236,pythia-160m-full,EleutherAI/pythia-160m@step256,256,536870912.0,Sem,ses-11,72,-0.0095055745638096,-0.0098085819630822,-0.0065403072927672,EleutherAI/pythia-160m,,,72,,,,212654688
ds002236,pythia-160m-full,EleutherAI/pythia-160m@step1000,1000,2097152000.0,Sem,ses-11,72,-0.0293597810462419,-0.021993708243265,-0.0198542855305348,EleutherAI/pythia-160m,,,72,,,,212654688
ds002236,pythia-160m-full,EleutherAI/pythia-160m@step4000,4000,8388608000.0,Sem,ses-11,72,-0.0078259295820603,-0.0148996209145102,-0.0053679765043839,EleutherAI/pythia-160m,,,72,,,,212654688
ds002236,pythia-160m-full,EleutherAI/pythia-160m@step8000,8000,16777216000.0,Sem,ses-11,72,-0.0068758597806096,-0.0079253791449174,-0.0047426109166414,EleutherAI/pythia-160m,,,72,,,,212654688
ds002236,pythia-160m-full,EleutherAI/pythia-160m@step12000,12000,25165824000.0,Sem,ses-11,72,0.0022287145386933,-0.0021415133652622,0.001638445589825,EleutherAI/pythia-160m,,,72,,,,212654688
ds002236,pythia-160m-full,EleutherAI/pythia-160m@step18000,18000,37748736000.0,Sem,ses-11,72,-0.0020260632301244,-0.0070571269025302,-0.00137874430755,EleutherAI/pythia-160m,,,72,,,,212654688
ds002236,pythia-160m-full,EleutherAI/pythia-160m@step24000,24000,50331648000.0,Sem,ses-11,72,-0.0129965823804416,-0.0067744404144667,-0.0087251055802088,EleutherAI/pythia-160m,,,72,,,,212654688
ds002236,pythia-160m-full,EleutherAI/pythia-160m@step33000,33000,69206016000.0,Sem,ses-11,72,-0.0165968008995789,-0.0159677998051505,-0.0109313414734985,EleutherAI/pythia-160m,,,72,,,,212654688
ds002236,pythia-160m-full,EleutherAI/pythia-160m@step43000,43000,90177536000.0,Sem,ses-11,72,-0.0039505956402075,0.000748055603915,-0.0028058763540144,EleutherAI/pythia-160m,,,72,,,,212654688
ds002236,pythia-160m-full,EleutherAI/pythia-160m@step56000,56000,117440512000.0,Sem,ses-11,72,-0.0221105433026026,-0.0153360446211642,-0.0148072606108492,EleutherAI/pythia-160m,,,72,,,,212654688
ds002236,pythia-160m-full,EleutherAI/pythia-160m@step71000,71000,148897792000.0,Sem,ses-11,72,-0.0126927624358645,-0.0156506678767839,-0.0082351031608218,EleutherAI/pythia-160m,,,72,,,,212654688
ds002236,pythia-160m-full,EleutherAI/pythia-160m@step90000,90000,188743680000.0,Sem,ses-11,72,0.0014405345324671,-0.0041997416593773,0.001085355358942,EleutherAI/pythia-160m,,,72,,,,212654688
ds002236,pythia-160m-full,EleutherAI/pythia-160m@step114000,114000,239075328000.0,Sem,ses-11,72,0.0008058451012692,-0.0048991923166529,0.0005102150191866,EleutherAI/pythia-160m,,,72,,,,212654688
ds002236,pythia-160m-full,EleutherAI/pythia-160m@step143000,143000,299892736000.0,Sem,ses-11,72,-0.0092147975561388,-0.0101212885103405,-0.0061550428905242,EleutherAI/pythia-160m,,,72,,,,212654688
ds002236,pythia-160m-full,EleutherAI/pythia-160m@step0,0,0.0,Sem,ses-11+,72,0.0192250288598334,-0.0027894468151995,0.0127939631701931,EleutherAI/pythia-160m,0.2731807870321323,0.6611824419010607,72,3.0,0.07037474731915205,,212654688
ds002236,pythia-160m-full,EleutherAI/pythia-160m@step1,1,2097152.0,Sem,ses-11+,72,0.0192250288598334,-0.0027894468151995,0.0127939631701931,EleutherAI/pythia-160m,0.2731807870321323,0.6611824419010607,72,3.0,0.07037474731915205,,212654688
ds002236,pythia-160m-full,EleutherAI/pythia-160m@step2,2,4194304.0,Sem,ses-11+,72,0.0191726609291901,-0.0027937594475722,0.0127547629766421,EleutherAI/pythia-160m,0.2731807870321323,0.6611824419010607,72,3.0,0.07018305034363548,,212654688
ds002236,pythia-160m-full,EleutherAI/pythia-160m@step4,4,8388608.0,Sem,ses-11+,72,0.0192044210195213,-0.0029759709767453,0.0127382253949878,EleutherAI/pythia-160m,0.2731807870321323,0.6611824419010607,72,3.0,0.0702993106805217,,212654688
ds002236,pythia-160m-full,EleutherAI/pythia-160m@step8,8,16777216.0,Sem,ses-11+,72,0.0161502143330012,-0.0039728076248076,0.0107880157658278,EleutherAI/pythia-160m,0.2731807870321323,0.6611824419010607,72,3.0,0.05911914416990667,,212654688
ds002236,pythia-160m-full,EleutherAI/pythia-160m@step32,32,67108864.0,Sem,ses-11+,72,0.0038823146079193,-0.0048394454511967,0.0029651271403152,EleutherAI/pythia-160m,0.2731807870321323,0.6611824419010607,72,3.0,0.014211521425416537,,212654688
ds002236,pythia-160m-full,EleutherAI/pythia-160m@step64,64,134217728.0,Sem,ses-11+,72,0.0225719901938241,0.0192553279033221,0.0151888499949468,EleutherAI/pythia-160m,0.2731807870321323,0.6611824419010607,72,3.0,0.08262656550282622,,212654688
ds002236,pythia-160m-full,EleutherAI/pythia-160m@step256,256,536870912.0,Sem,ses-11+,72,-0.0033866312649021,-0.0172813773237998,-0.0024738997148798,EleutherAI/pythia-160m,0.2731807870321323,0.6611824419010607,72,3.0,-0.012397033121160732,,212654688
ds002236,pythia-160m-full,EleutherAI/pythia-160m@step1000,1000,2097152000.0,Sem,ses-11+,72,0.0069848886724791,0.0043100940185826,0.004652572972079,EleutherAI/pythia-160m,0.2731807870321323,0.6611824419010607,72,3.0,0.02556874057053477,,212654688
ds002236,pythia-160m-full,EleutherAI/pythia-160m@step4000,4000,8388608000.0,Sem,ses-11+,72,-0.002505612855429,-0.0050518870790375,-0.0015147199789298,EleutherAI/pythia-160m,0.2731807870321323,0.6611824419010607,72,3.0,-0.00917199515621237,,212654688
ds002236,pythia-160m-full,EleutherAI/pythia-160m@step8000,8000,16777216000.0,Sem,ses-11+,72,-0.0070024524422272,-0.010691919624587,-0.0046635980265152,EleutherAI/pythia-160m,0.2731807870321323,0.6611824419010607,72,3.0,-0.02563303414673724,,212654688
ds002236,pythia-160m-full,EleutherAI/pythia-160m@step12000,12000,25165824000.0,Sem,ses-11+,72,-9.34204847286414e-09,-0.0123452228040381,-0.0001947759617063,EleutherAI/pythia-160m,0.2731807870321323,0.6611824419010607,72,3.0,-3.4197311510656505e-08,,212654688
ds002236,pythia-160m-full,EleutherAI/pythia-160m@step18000,18000,37748736000.0,Sem,ses-11+,72,0.0010712979713874,-0.0143228367362008,0.0007766538347283,EleutherAI/pythia-160m,0.2731807870321323,0.6611824419010607,72,3.0,0.003921571436359435,,212654688
ds002236,pythia-160m-full,EleutherAI/pythia-160m@step24000,24000,50331648000.0,Sem,ses-11+,72,0.0200870829109065,0.0010662087281818,0.0133525659282942,EleutherAI/pythia-160m,0.2731807870321323,0.6611824419010607,72,3.0,0.07353036474173347,,212654688
ds002236,pythia-160m-full,EleutherAI/pythia-160m@step33000,33000,69206016000.0,Sem,ses-11+,72,0.0150649169426676,-0.0056934995510011,0.0099715492345243,EleutherAI/pythia-160m,0.2731807870321323,0.6611824419010607,72,3.0,0.0551463267469671,,212654688
ds002236,pythia-160m-full,EleutherAI/pythia-160m@step43000,43000,90177536000.0,Sem,ses-11+,72,0.0015510639010451,0.0023652999669943,0.0010314550928095,EleutherAI/pythia-160m,0.2731807870321323,0.6611824419010607,72,3.0,0.005677792782926054,,212654688
ds002236,pythia-160m-full,EleutherAI/pythia-160m@step56000,56000,117440512000.0,Sem,ses-11+,72,0.0089974095254134,-0.0090195147154392,0.0059939545951508,EleutherAI/pythia-160m,0.2731807870321323,0.6611824419010607,72,3.0,0.03293573323059172,,212654688
ds002236,pythia-160m-full,EleutherAI/pythia-160m@step71000,71000,148897792000.0,Sem,ses-11+,72,-0.0037903407034658,-0.0179671585253991,-0.0023446615767665,EleutherAI/pythia-160m,0.2731807870321323,0.6611824419010607,72,3.0,-0.013874843632469547,,212654688
ds002236,pythia-160m-full,EleutherAI/pythia-160m@step90000,90000,188743680000.0,Sem,ses-11+,72,-0.0061275106759762,-0.0135711291246964,-0.0041092827895837,EleutherAI/pythia-160m,0.2731807870321323,0.6611824419010607,72,3.0,-0.02243024021764556,,212654688
ds002236,pythia-160m-full,EleutherAI/pythia-160m@step114000,114000,239075328000.0,Sem,ses-11+,72,0.0077481124741387,-0.0076899185277052,0.0051070502160604,EleutherAI/pythia-160m,0.2731807870321323,0.6611824419010607,72,3.0,0.028362582004082686,,212654688
ds002236,pythia-160m-full,EleutherAI/pythia-160m@step143000,143000,299892736000.0,Sem,ses-11+,72,0.0038139825536741,-0.0108607660945915,0.0025823127501692,EleutherAI/pythia-160m,0.2731807870321323,0.6611824419010607,72,3.0,0.013961386505653083,,212654688
ds002236,pythia-160m-full,EleutherAI/pythia-160m@step0,0,0.0,Sem,ses-9,72,0.0148006117072733,0.0222920073739657,0.0099929868403725,EleutherAI/pythia-160m,,,72,,,0.0084082983710845,212654688
ds002236,pythia-160m-full,EleutherAI/pythia-160m@step1,1,2097152.0,Sem,ses-9,72,0.0148006117072733,0.0222920073739657,0.0099929868403725,EleutherAI/pythia-160m,,,72,,,0.0084082983710845,212654688
ds002236,pythia-160m-full,EleutherAI/pythia-160m@step2,2,4194304.0,Sem,ses-9,72,0.0147475977380471,0.0222873208502065,0.0099574616649669,EleutherAI/pythia-160m,,,72,,,0.0084082983710845,212654688
ds002236,pythia-160m-full,EleutherAI/pythia-160m@step4,4,8388608.0,Sem,ses-9,72,0.0140910270734684,0.0220350892977442,0.0094680717486042,EleutherAI/pythia-160m,,,72,,,0.0084082983710845,212654688
ds002236,pythia-160m-full,EleutherAI/pythia-160m@step8,8,16777216.0,Sem,ses-9,72,0.0099094040117652,0.0199597244824092,0.0065942075588998,EleutherAI/pythia-160m,,,72,,,0.0084082983710845,212654688
ds002236,pythia-160m-full,EleutherAI/pythia-160m@step32,32,67108864.0,Sem,ses-9,72,0.0131093739619883,0.0203401164321232,0.0087771683372686,EleutherAI/pythia-160m,,,72,,,0.0084082983710845,212654688
ds002236,pythia-160m-full,EleutherAI/pythia-160m@step64,64,134217728.0,Sem,ses-9,72,0.0275619426230713,0.019967175556621,0.0182458525888971,EleutherAI/pythia-160m,,,72,,,0.0084082983710845,212654688
ds002236,pythia-160m-full,EleutherAI/pythia-160m@step256,256,536870912.0,Sem,ses-9,72,0.0028190824174595,0.0036894668014042,0.0017774837763261,EleutherAI/pythia-160m,,,72,,,0.0084082983710845,212654688
ds002236,pythia-160m-full,EleutherAI/pythia-160m@step1000,1000,2097152000.0,Sem,ses-9,72,0.0080600089789302,0.0079287795685569,0.0053906391162806,EleutherAI/pythia-160m,,,72,,,0.0084082983710845,212654688
ds002236,pythia-160m-full,EleutherAI/pythia-160m@step4000,4000,8388608000.0,Sem,ses-9,72,0.0178221384709972,0.0099189780608036,0.0120062842810286,EleutherAI/pythia-160m,,,72,,,0.0084082983710845,212654688
ds002236,pythia-160m-full,EleutherAI/pythia-160m@step8000,8000,16777216000.0,Sem,ses-9,72,0.0140187203369076,0.0050313236868744,0.0095091094512279,EleutherAI/pythia-160m,,,72,,,0.0084082983710845,212654688
ds002236,pythia-160m-full,EleutherAI/pythia-160m@step12000,12000,25165824000.0,Sem,ses-9,72,0.0198594294061477,0.0125668422384724,0.0131559524575152,EleutherAI/pythia-160m,,,72,,,0.0084082983710845,212654688
ds002236,pythia-160m-full,EleutherAI/pythia-160m@step18000,18000,37748736000.0,Sem,ses-9,72,0.0179527381527905,0.0056009092726322,0.0119101213062239,EleutherAI/pythia-160m,,,72,,,0.0084082983710845,212654688
ds002236,pythia-160m-full,EleutherAI/pythia-160m@step24000,24000,50331648000.0,Sem,ses-9,72,0.0039100454008824,0.0085591153814946,0.002671125688683,EleutherAI/pythia-160m,,,72,,,0.0084082983710845,212654688
ds002236,pythia-160m-full,EleutherAI/pythia-160m@step33000,33000,69206016000.0,Sem,ses-9,72,0.006935439772674,0.0033748285112264,0.0045637600335651,EleutherAI/pythia-160m,,,72,,,0.0084082983710845,212654688
ds002236,pythia-160m-full,EleutherAI/pythia-160m@step43000,43000,90177536000.0,Sem,ses-9,72,0.0124310348872296,0.016757593585881,0.0082387781789672,EleutherAI/pythia-160m,,,72,,,0.0084082983710845,212654688
ds002236,pythia-160m-full,EleutherAI/pythia-160m@step56000,56000,117440512000.0,Sem,ses-9,72,0.0131247883419686,0.0128026547460443,0.008696930441094,EleutherAI/pythia-160m,,,72,,,0.0084082983710845,212654688
ds002236,pythia-160m-full,EleutherAI/pythia-160m@step71000,71000,148897792000.0,Sem,ses-9,72,0.0067046890195369,0.0004748020243086,0.0042905836847569,EleutherAI/pythia-160m,,,72,,,0.0084082983710845,212654688
ds002236,pythia-160m-full,EleutherAI/pythia-160m@step90000,90000,188743680000.0,Sem,ses-9,72,0.0227718891911891,0.0125043412780418,0.0150945245292148,EleutherAI/pythia-160m,,,72,,,0.0084082983710845,212654688
ds002236,pythia-160m-full,EleutherAI/pythia-160m@step114000,114000,239075328000.0,Sem,ses-9,72,0.0177037481279388,0.0156622477642097,0.0118390709554128,EleutherAI/pythia-160m,,,72,,,0.0084082983710845,212654688
ds002236,pythia-160m-full,EleutherAI/pythia-160m@step143000,143000,299892736000.0,Sem,ses-9,72,0.0114859350555665,0.0099452738702203,0.0077720508745011,EleutherAI/pythia-160m,,,72,,,0.0084082983710845,212654688
ds002236,pythia-1b-full,EleutherAI/pythia-1b@step0,0,0.0,Phon,ses-11,96,-0.0097198715107623,-0.0064945492283514,-0.0064978469424273,EleutherAI/pythia-1b,,,96,,,,1078891008
ds002236,pythia-1b-full,EleutherAI/pythia-1b@step1,1,2097152.0,Phon,ses-11,96,-0.0097198715107623,-0.0064945492283514,-0.0064978469424273,EleutherAI/pythia-1b,,,96,,,,1078891008
ds002236,pythia-1b-full,EleutherAI/pythia-1b@step2,2,4194304.0,Phon,ses-11,96,-0.0097238047809049,-0.0064961008244815,-0.0065041964419713,EleutherAI/pythia-1b,,,96,,,,1078891008
ds002236,pythia-1b-full,EleutherAI/pythia-1b@step4,4,8388608.0,Phon,ses-11,96,-0.0098008305091237,-0.0065228419952376,-0.0065549924383232,EleutherAI/pythia-1b,,,96,,,,1078891008
ds002236,pythia-1b-full,EleutherAI/pythia-1b@step8,8,16777216.0,Phon,ses-11,96,-0.0126407689971778,-0.0077092529430771,-0.0084146261684041,EleutherAI/pythia-1b,,,96,,,,1078891008
ds002236,pythia-1b-full,EleutherAI/pythia-1b@step32,32,67108864.0,Phon,ses-11,96,-0.0099059020645323,-0.0034823263997299,-0.0066123303432962,EleutherAI/pythia-1b,,,96,,,,1078891008
ds002236,pythia-1b-full,EleutherAI/pythia-1b@step64,64,134217728.0,Phon,ses-11,96,0.0314242517360118,0.025710751561073,0.0209949088558201,EleutherAI/pythia-1b,,,96,,,,1078891008
ds002236,pythia-1b-full,EleutherAI/pythia-1b@step256,256,536870912.0,Phon,ses-11,96,-0.006902606498228,-0.0081047607934678,-0.0046108911233996,EleutherAI/pythia-1b,,,96,,,,1078891008
ds002236,pythia-1b-full,EleutherAI/pythia-1b@step1000,1000,2097152000.0,Phon,ses-11,96,0.0060814579221433,0.0049972727245365,0.0042214551513682,EleutherAI/pythia-1b,,,96,,,,1078891008
ds002236,pythia-1b-full,EleutherAI/pythia-1b@step4000,4000,8388608000.0,Phon,ses-11,96,0.0091670043823531,0.015921678455306,0.0061703666932191,EleutherAI/pythia-1b,,,96,,,,1078891008
ds002236,pythia-1b-full,EleutherAI/pythia-1b@step8000,8000,16777216000.0,Phon,ses-11,96,0.0077736087260112,0.0157854184261258,0.0051223144503065,EleutherAI/pythia-1b,,,96,,,,1078891008
ds002236,pythia-1b-full,EleutherAI/pythia-1b@step12000,12000,25165824000.0,Phon,ses-11,96,0.0245483787937259,0.0264136237869218,0.0163351458268395,EleutherAI/pythia-1b,,,96,,,,1078891008
ds002236,pythia-1b-full,EleutherAI/pythia-1b@step18000,18000,37748736000.0,Phon,ses-11,96,-0.0012152070907671,0.0059856487750133,-0.0007782947168315,EleutherAI/pythia-1b,,,96,,,,1078891008
ds002236,pythia-1b-full,EleutherAI/pythia-1b@step24000,24000,50331648000.0,Phon,ses-11,96,0.0116670384199028,0.0196757525646411,0.0078504827543744,EleutherAI/pythia-1b,,,96,,,,1078891008
ds002236,pythia-1b-full,EleutherAI/pythia-1b@step33000,33000,69206016000.0,Phon,ses-11,96,0.0175426750318691,0.0248822362508105,0.0116540253903018,EleutherAI/pythia-1b,,,96,,,,1078891008
ds002236,pythia-1b-full,EleutherAI/pythia-1b@step43000,43000,90177536000.0,Phon,ses-11,96,0.0152515118259533,0.0118900396704697,0.0101439989532946,EleutherAI/pythia-1b,,,96,,,,1078891008
ds002236,pythia-1b-full,EleutherAI/pythia-1b@step56000,56000,117440512000.0,Phon,ses-11,96,0.0239589289245366,0.0356592664706845,0.0160340256211927,EleutherAI/pythia-1b,,,96,,,,1078891008
ds002236,pythia-1b-full,EleutherAI/pythia-1b@step71000,71000,148897792000.0,Phon,ses-11,96,-0.0090654638984156,-0.0012313883098447,-0.006004702477844,EleutherAI/pythia-1b,,,96,,,,1078891008
ds002236,pythia-1b-full,EleutherAI/pythia-1b@step90000,90000,188743680000.0,Phon,ses-11,96,0.0034527673889602,0.0010238820211693,0.0023727887386815,EleutherAI/pythia-1b,,,96,,,,1078891008
ds002236,pythia-1b-full,EleutherAI/pythia-1b@step114000,114000,239075328000.0,Phon,ses-11,96,0.021589304325918,0.0433387940728176,0.0143398636974097,EleutherAI/pythia-1b,,,96,,,,1078891008
ds002236,pythia-1b-full,EleutherAI/pythia-1b@step143000,143000,299892736000.0,Phon,ses-11,96,-0.0014089788932287,0.0032996032397127,-0.0007973432154635,EleutherAI/pythia-1b,,,96,,,,1078891008
ds002236,pythia-1b-full,EleutherAI/pythia-1b@step0,0,0.0,Phon,ses-11+,96,0.0120001444725977,0.0148163029538658,0.0080355802865355,EleutherAI/pythia-1b,0.2821380444353854,0.6689092985587908,96,3.0,0.04253288313744566,,1078891008
ds002236,pythia-1b-full,EleutherAI/pythia-1b@step1,1,2097152.0,Phon,ses-11+,96,0.0120001444725977,0.0148163029538658,0.0080355802865355,EleutherAI/pythia-1b,0.2821380444353854,0.6689092985587908,96,3.0,0.04253288313744566,,1078891008
ds002236,pythia-1b-full,EleutherAI/pythia-1b@step2,2,4194304.0,Phon,ses-11+,96,0.0120117001542536,0.0148162472749026,0.0080403905134628,EleutherAI/pythia-1b,0.2821380444353854,0.6689092985587908,96,3.0,0.042573840682462415,,1078891008
ds002236,pythia-1b-full,EleutherAI/pythia-1b@step4,4,8388608.0,Phon,ses-11+,96,0.0120699387243869,0.0148246933618377,0.0080461627857755,EleutherAI/pythia-1b,0.2821380444353854,0.6689092985587908,96,3.0,0.04278025938877282,,1078891008
ds002236,pythia-1b-full,EleutherAI/pythia-1b@step8,8,16777216.0,Phon,ses-11+,96,0.0132849977432705,0.0145618716425945,0.008858321500175,EleutherAI/pythia-1b,0.2821380444353854,0.6689092985587908,96,3.0,0.047086871144430144,,1078891008
ds002236,pythia-1b-full,EleutherAI/pythia-1b@step32,32,67108864.0,Phon,ses-11+,96,0.0176979601675547,0.0149473437161964,0.0117569642465452,EleutherAI/pythia-1b,0.2821380444353854,0.6689092985587908,96,3.0,0.06272801742484553,,1078891008
ds002236,pythia-1b-full,EleutherAI/pythia-1b@step64,64,134217728.0,Phon,ses-11+,96,0.0321229529641106,0.0310264282564234,0.0212458102923463,EleutherAI/pythia-1b,0.2821380444353854,0.6689092985587908,96,3.0,0.11385544628834103,,1078891008
ds002236,pythia-1b-full,EleutherAI/pythia-1b@step256,256,536870912.0,Phon,ses-11+,96,-0.0032822903311431,0.0032709393830253,-0.0021422826643269,EleutherAI/pythia-1b,0.2821380444353854,0.6689092985587908,96,3.0,-0.011633632528047107,,1078891008
ds002236,pythia-1b-full,EleutherAI/pythia-1b@step1000,1000,2097152000.0,Phon,ses-11+,96,0.0324403164444475,0.0288942271176453,0.021646405990849,EleutherAI/pythia-1b,0.2821380444353854,0.6689092985587908,96,3.0,0.11498029806425807,,1078891008
ds002236,pythia-1b-full,EleutherAI/pythia-1b@step4000,4000,8388608000.0,Phon,ses-11+,96,0.0456003870786339,0.0381605531122758,0.0303111639594709,EleutherAI/pythia-1b,0.2821380444353854,0.6689092985587908,96,3.0,0.16162438202862495,,1078891008
ds002236,pythia-1b-full,EleutherAI/pythia-1b@step8000,8000,16777216000.0,Phon,ses-11+,96,0.059850918165021,0.0531375996998192,0.0399229594055329,EleutherAI/pythia-1b,0.2821380444353854,0.6689092985587908,96,3.0,0.21213345504252942,,1078891008
ds002236,pythia-1b-full,EleutherAI/pythia-1b@step12000,12000,25165824000.0,Phon,ses-11+,96,0.0511082523647377,0.0458885594865575,0.0340252363745512,EleutherAI/pythia-1b,0.2821380444353854,0.6689092985587908,96,3.0,0.18114626287644234,,1078891008
ds002236,pythia-1b-full,EleutherAI/pythia-1b@step18000,18000,37748736000.0,Phon,ses-11+,96,0.0351067706233209,0.0229697540935807,0.0233817434571293,EleutherAI/pythia-1b,0.2821380444353854,0.6689092985587908,96,3.0,0.12443118294654858,,1078891008
ds002236,pythia-1b-full,EleutherAI/pythia-1b@step24000,24000,50331648000.0,Phon,ses-11+,96,0.0250401761416553,0.0272799622261631,0.0166458864863408,EleutherAI/pythia-1b,0.2821380444353854,0.6689092985587908,96,3.0,0.08875150528446347,,1078891008
ds002236,pythia-1b-full,EleutherAI/pythia-1b@step33000,33000,69206016000.0,Phon,ses-11+,96,0.0301381712405063,0.0444056074843409,0.0203178213135382,EleutherAI/pythia-1b,0.2821380444353854,0.6689092985587908,96,3.0,0.10682065689091594,,1078891008
ds002236,pythia-1b-full,EleutherAI/pythia-1b@step43000,43000,90177536000.0,Phon,ses-11+,96,0.038640746834487,0.0197519441839057,0.0259446323639764,EleutherAI/pythia-1b,0.2821380444353854,0.6689092985587908,96,3.0,0.1369568819115297,,1078891008
ds002236,pythia-1b-full,EleutherAI/pythia-1b@step56000,56000,117440512000.0,Phon,ses-11+,96,0.0386618821342188,0.0472446013066649,0.0259931194514032,EleutherAI/pythia-1b,0.2821380444353854,0.6689092985587908,96,3.0,0.13703179311244235,,1078891008
ds002236,pythia-1b-full,EleutherAI/pythia-1b@step71000,71000,148897792000.0,Phon,ses-11+,96,-0.011558810781904,-0.0202152648598424,-0.0078021880760246,EleutherAI/pythia-1b,0.2821380444353854,0.6689092985587908,96,3.0,-0.040968635779111216,,1078891008
ds002236,pythia-1b-full,EleutherAI/pythia-1b@step90000,90000,188743680000.0,Phon,ses-11+,96,0.0082354410073377,-0.0031770109277949,0.0052042807171471,EleutherAI/pythia-1b,0.2821380444353854,0.6689092985587908,96,3.0,0.029189402740131914,,1078891008
ds002236,pythia-1b-full,EleutherAI/pythia-1b@step114000,114000,239075328000.0,Phon,ses-11+,96,0.0416976582173449,0.0940628623950402,0.027825046274383,EleutherAI/pythia-1b,0.2821380444353854,0.6689092985587908,96,3.0,0.14779168935118353,,1078891008
ds002236,pythia-1b-full,EleutherAI/pythia-1b@step143000,143000,299892736000.0,Phon,ses-11+,96,0.0103989832083472,0.0018656275448192,0.0068917083232318,EleutherAI/pythia-1b,0.2821380444353854,0.6689092985587908,96,3.0,0.036857784384086316,,1078891008
ds002236,pythia-1b-full,EleutherAI/pythia-1b@step0,0,0.0,Phon,ses-9,96,0.0163655979697861,0.0139889475805072,0.0110340833439158,EleutherAI/pythia-1b,,,96,,,0.008728626502912,1078891008
ds002236,pythia-1b-full,EleutherAI/pythia-1b@step1,1,2097152.0,Phon,ses-9,96,0.0163655979697861,0.0139889475805072,0.0110340833439158,EleutherAI/pythia-1b,,,96,,,0.008728626502912,1078891008
ds002236,pythia-1b-full,EleutherAI/pythia-1b@step2,2,4194304.0,Phon,ses-9,96,0.0163759060509058,0.0139910741113467,0.0110423569342307,EleutherAI/pythia-1b,,,96,,,0.008728626502912,1078891008
ds002236,pythia-1b-full,EleutherAI/pythia-1b@step4,4,8388608.0,Phon,ses-9,96,0.0163986135703031,0.0140418275328934,0.0110385087526889,EleutherAI/pythia-1b,,,96,,,0.008728626502912,1078891008
ds002236,pythia-1b-full,EleutherAI/pythia-1b@step8,8,16777216.0,Phon,ses-9,96,0.0152576924982387,0.0153105827164122,0.0102209625841308,EleutherAI/pythia-1b,,,96,,,0.008728626502912,1078891008
ds002236,pythia-1b-full,EleutherAI/pythia-1b@step32,32,67108864.0,Phon,ses-9,96,0.0147549107476979,0.0183693078429635,0.0098686615639779,EleutherAI/pythia-1b,,,96,,,0.008728626502912,1078891008
ds002236,pythia-1b-full,EleutherAI/pythia-1b@step64,64,134217728.0,Phon,ses-9,96,0.0158495416381692,0.0343992843961056,0.0104735957023508,EleutherAI/pythia-1b,,,96,,,0.008728626502912,1078891008
ds002236,pythia-1b-full,EleutherAI/pythia-1b@step256,256,536870912.0,Phon,ses-9,96,-0.0145930261620668,-0.0167047462540518,-0.0096358465806982,EleutherAI/pythia-1b,,,96,,,0.008728626502912,1078891008
ds002236,pythia-1b-full,EleutherAI/pythia-1b@step1000,1000,2097152000.0,Phon,ses-9,96,0.0081587011717555,0.0087944390809495,0.0054536428810565,EleutherAI/pythia-1b,,,96,,,0.008728626502912,1078891008
ds002236,pythia-1b-full,EleutherAI/pythia-1b@step4000,4000,8388608000.0,Phon,ses-9,96,0.0294128231481236,0.0285453589087898,0.0195504939141008,EleutherAI/pythia-1b,,,96,,,0.008728626502912,1078891008
ds002236,pythia-1b-full,EleutherAI/pythia-1b@step8000,8000,16777216000.0,Phon,ses-9,96,0.0340265847145911,0.0405608320662488,0.0225287940183866,EleutherAI/pythia-1b,,,96,,,0.008728626502912,1078891008
ds002236,pythia-1b-full,EleutherAI/pythia-1b@step12000,12000,25165824000.0,Phon,ses-9,96,0.047243423324649,0.0576210173748976,0.0314423369236867,EleutherAI/pythia-1b,,,96,,,0.008728626502912,1078891008
ds002236,pythia-1b-full,EleutherAI/pythia-1b@step18000,18000,37748736000.0,Phon,ses-9,96,0.02636187817627,0.028748012440905,0.0175767616013053,EleutherAI/pythia-1b,,,96,,,0.008728626502912,1078891008
ds002236,pythia-1b-full,EleutherAI/pythia-1b@step24000,24000,50331648000.0,Phon,ses-9,96,0.0334489071929248,0.0421881407305175,0.0222222863585812,EleutherAI/pythia-1b,,,96,,,0.008728626502912,1078891008
ds002236,pythia-1b-full,EleutherAI/pythia-1b@step33000,33000,69206016000.0,Phon,ses-9,96,0.0378042252329671,0.0415874346825891,0.0252889022292515,EleutherAI/pythia-1b,,,96,,,0.008728626502912,1078891008
ds002236,pythia-1b-full,EleutherAI/pythia-1b@step43000,43000,90177536000.0,Phon,ses-9,96,0.0322709603034441,0.0212998249297032,0.0215450064072222,EleutherAI/pythia-1b,,,96,,,0.008728626502912,1078891008
ds002236,pythia-1b-full,EleutherAI/pythia-1b@step56000,56000,117440512000.0,Phon,ses-9,96,0.0349491312712451,0.0550341033483502,0.023223968013915,EleutherAI/pythia-1b,,,96,,,0.008728626502912,1078891008
ds002236,pythia-1b-full,EleutherAI/pythia-1b@step71000,71000,148897792000.0,Phon,ses-9,96,0.0026488370417818,0.0077698704036327,0.0018378915043696,EleutherAI/pythia-1b,,,96,,,0.008728626502912,1078891008
ds002236,pythia-1b-full,EleutherAI/pythia-1b@step90000,90000,188743680000.0,Phon,ses-9,96,0.0236971545400759,0.0147534955464115,0.0157225153253829,EleutherAI/pythia-1b,,,96,,,0.008728626502912,1078891008
ds002236,pythia-1b-full,EleutherAI/pythia-1b@step114000,114000,239075328000.0,Phon,ses-9,96,0.0505995262241393,0.096403764772318,0.0339097909282968,EleutherAI/pythia-1b,,,96,,,0.008728626502912,1078891008
ds002236,pythia-1b-full,EleutherAI/pythia-1b@step143000,143000,299892736000.0,Phon,ses-9,96,0.0185254621664555,0.015975395748845,0.0122849347540819,EleutherAI/pythia-1b,,,96,,,0.008728626502912,1078891008
ds002236,pythia-1b-full,EleutherAI/pythia-1b@step0,0,0.0,Sem,ses-11,72,-0.0070351194298795,-0.0180879264694365,-0.0046176602996977,EleutherAI/pythia-1b,,,72,,,,1078891008
ds002236,pythia-1b-full,EleutherAI/pythia-1b@step1,1,2097152.0,Sem,ses-11,72,-0.0070351194298795,-0.0180879264694365,-0.0046176602996977,EleutherAI/pythia-1b,,,72,,,,1078891008
ds002236,pythia-1b-full,EleutherAI/pythia-1b@step2,2,4194304.0,Sem,ses-11,72,-0.0070101395108821,-0.018086149829369,-0.0046127602755038,EleutherAI/pythia-1b,,,72,,,,1078891008
ds002236,pythia-1b-full,EleutherAI/pythia-1b@step4,4,8388608.0,Sem,ses-11,72,-0.0069905542655683,-0.0180531334916575,-0.0045447724398139,EleutherAI/pythia-1b,,,72,,,,1078891008
ds002236,pythia-1b-full,EleutherAI/pythia-1b@step8,8,16777216.0,Sem,ses-11,72,-0.0049446902043961,-0.0144780057975981,-0.0032597410949716,EleutherAI/pythia-1b,,,72,,,,1078891008
ds002236,pythia-1b-full,EleutherAI/pythia-1b@step32,32,67108864.0,Sem,ses-11,72,0.0080799154469876,0.0020803837569899,0.0052675260084096,EleutherAI/pythia-1b,,,72,,,,1078891008
ds002236,pythia-1b-full,EleutherAI/pythia-1b@step64,64,134217728.0,Sem,ses-11,72,-0.0029474651592883,0.0075391988662998,-0.0019226469930695,EleutherAI/pythia-1b,,,72,,,,1078891008
ds002236,pythia-1b-full,EleutherAI/pythia-1b@step256,256,536870912.0,Sem,ses-11,72,-0.0113544406929772,-0.0155949053164794,-0.0075717623855767,EleutherAI/pythia-1b,,,72,,,,1078891008
ds002236,pythia-1b-full,EleutherAI/pythia-1b@step1000,1000,2097152000.0,Sem,ses-11,72,0.0014583541306196,-0.0157265653557142,0.0011600807278985,EleutherAI/pythia-1b,,,72,,,,1078891008
ds002236,pythia-1b-full,EleutherAI/pythia-1b@step4000,4000,8388608000.0,Sem,ses-11,72,-0.0007688865202723,-0.01153632424697,-0.0008532167127575,EleutherAI/pythia-1b,,,72,,,,1078891008
ds002236,pythia-1b-full,EleutherAI/pythia-1b@step8000,8000,16777216000.0,Sem,ses-11,72,0.0121312025601122,-0.0021521253993511,0.0082920659420755,EleutherAI/pythia-1b,,,72,,,,1078891008
ds002236,pythia-1b-full,EleutherAI/pythia-1b@step12000,12000,25165824000.0,Sem,ses-11,72,0.0106423430481331,-0.0026873826944695,0.0075405247313408,EleutherAI/pythia-1b,,,72,,,,1078891008
ds002236,pythia-1b-full,EleutherAI/pythia-1b@step18000,18000,37748736000.0,Sem,ses-11,72,0.0069112108106501,-0.0036079531500622,0.0047199483047447,EleutherAI/pythia-1b,,,72,,,,1078891008
ds002236,pythia-1b-full,EleutherAI/pythia-1b@step24000,24000,50331648000.0,Sem,ses-11,72,-0.0155951385575081,-0.0150819685363611,-0.0102961758373681,EleutherAI/pythia-1b,,,72,,,,1078891008
ds002236,pythia-1b-full,EleutherAI/pythia-1b@step33000,33000,69206016000.0,Sem,ses-11,72,-0.0123923314990257,-0.0070362980413807,-0.0082216280942887,EleutherAI/pythia-1b,,,72,,,,1078891008
ds002236,pythia-1b-full,EleutherAI/pythia-1b@step43000,43000,90177536000.0,Sem,ses-11,72,-0.0071567852388562,-0.0087148931433785,-0.004757310989223,EleutherAI/pythia-1b,,,72,,,,1078891008
ds002236,pythia-1b-full,EleutherAI/pythia-1b@step56000,56000,117440512000.0,Sem,ses-11,72,0.0023092243124325,-0.0080257351084711,0.0018172964729013,EleutherAI/pythia-1b,,,72,,,,1078891008
ds002236,pythia-1b-full,EleutherAI/pythia-1b@step71000,71000,148897792000.0,Sem,ses-11,72,-0.01001224487445,-0.0078307890569614,-0.0065066196264344,EleutherAI/pythia-1b,,,72,,,,1078891008
ds002236,pythia-1b-full,EleutherAI/pythia-1b@step90000,90000,188743680000.0,Sem,ses-11,72,-0.0009008264267119,-0.0049990187128437,-0.0007686912954132,EleutherAI/pythia-1b,,,72,,,,1078891008
ds002236,pythia-1b-full,EleutherAI/pythia-1b@step114000,114000,239075328000.0,Sem,ses-11,72,-0.0252281329135347,-0.0115234107100755,-0.0168150455242872,EleutherAI/pythia-1b,,,72,,,,1078891008
ds002236,pythia-1b-full,EleutherAI/pythia-1b@step143000,143000,299892736000.0,Sem,ses-11,72,-0.0180487226705153,-0.0097094053319318,-0.0120442594685311,EleutherAI/pythia-1b,,,72,,,,1078891008
ds002236,pythia-1b-full,EleutherAI/pythia-1b@step0,0,0.0,Sem,ses-11+,72,0.0203003863105919,-0.0166697454046994,0.013585317077503,EleutherAI/pythia-1b,0.2731807870321323,0.6611824419010607,72,3.0,0.07431117880264439,,1078891008
ds002236,pythia-1b-full,EleutherAI/pythia-1b@step1,1,2097152.0,Sem,ses-11+,72,0.0203003863105919,-0.0166697454046994,0.013585317077503,EleutherAI/pythia-1b,0.2731807870321323,0.6611824419010607,72,3.0,0.07431117880264439,,1078891008
ds002236,pythia-1b-full,EleutherAI/pythia-1b@step2,2,4194304.0,Sem,ses-11+,72,0.0203064370835258,-0.0166695247460633,0.0135816420593576,EleutherAI/pythia-1b,0.2731807870321323,0.6611824419010607,72,3.0,0.07433332813825337,,1078891008
ds002236,pythia-1b-full,EleutherAI/pythia-1b@step4,4,8388608.0,Sem,ses-11+,72,0.0202095348891932,-0.0166717000676262,0.013522229266007,EleutherAI/pythia-1b,0.2731807870321323,0.6611824419010607,72,3.0,0.0739786099482029,,1078891008
ds002236,pythia-1b-full,EleutherAI/pythia-1b@step8,8,16777216.0,Sem,ses-11+,72,0.017449182337387,-0.0154396271916374,0.0116075448122525,EleutherAI/pythia-1b,0.2731807870321323,0.6611824419010607,72,3.0,0.06387411987115543,,1078891008
ds002236,pythia-1b-full,EleutherAI/pythia-1b@step32,32,67108864.0,Sem,ses-11+,72,0.0184728739483759,-0.008360869469111,0.0123021232417335,EleutherAI/pythia-1b,0.2731807870321323,0.6611824419010607,72,3.0,0.06762142443861936,,1078891008
ds002236,pythia-1b-full,EleutherAI/pythia-1b@step64,64,134217728.0,Sem,ses-11+,72,-0.000488533801459,-0.005710528968152,-0.0003944519476064,EleutherAI/pythia-1b,0.2731807870321323,0.6611824419010607,72,3.0,-0.0017883168387004364,,1078891008
ds002236,pythia-1b-full,EleutherAI/pythia-1b@step256,256,536870912.0,Sem,ses-11+,72,0.0093037978147015,-0.011132420832213,0.0065311197474037,EleutherAI/pythia-1b,0.2731807870321323,0.6611824419010607,72,3.0,0.03405729193395713,,1078891008
ds002236,pythia-1b-full,EleutherAI/pythia-1b@step1000,1000,2097152000.0,Sem,ses-11+,72,0.0151330434718464,0.0035664770456157,0.0101608126690125,EleutherAI/pythia-1b,0.2731807870321323,0.6611824419010607,72,3.0,0.05539570932587733,,1078891008
ds002236,pythia-1b-full,EleutherAI/pythia-1b@step4000,4000,8388608000.0,Sem,ses-11+,72,-0.0029636189983361,-0.0131185766973461,-0.0018803842843974,EleutherAI/pythia-1b,0.2731807870321323,0.6611824419010607,72,3.0,-0.010848563072583545,,1078891008
ds002236,pythia-1b-full,EleutherAI/pythia-1b@step8000,8000,16777216000.0,Sem,ses-11+,72,0.0049333317106913,-0.0142849811412411,0.0032811787008198,EleutherAI/pythia-1b,0.2731807870321323,0.6611824419010607,72,3.0,0.018058853129049035,,1078891008
ds002236,pythia-1b-full,EleutherAI/pythia-1b@step12000,12000,25165824000.0,Sem,ses-11+,72,0.0156370024325724,-0.0062414539207687,0.0105289269865769,EleutherAI/pythia-1b,0.2731807870321323,0.6611824419010607,72,3.0,0.057240491187006984,,1078891008
ds002236,pythia-1b-full,EleutherAI/pythia-1b@step18000,18000,37748736000.0,Sem,ses-11+,72,0.0074523935228257,-0.0058753927214749,0.0047769110859984,EleutherAI/pythia-1b,0.2731807870321323,0.6611824419010607,72,3.0,0.027280079261024784,,1078891008
ds002236,pythia-1b-full,EleutherAI/pythia-1b@step24000,24000,50331648000.0,Sem,ses-11+,72,-0.0004587599743569,-0.0210502785658067,-0.0005175650554774,EleutherAI/pythia-1b,0.2731807870321323,0.6611824419010607,72,3.0,-0.001679327376353665,,1078891008
ds002236,pythia-1b-full,EleutherAI/pythia-1b@step33000,33000,69206016000.0,Sem,ses-11+,72,0.002866129692188,-0.0111112249028777,0.0020653601977159,EleutherAI/pythia-1b,0.2731807870321323,0.6611824419010607,72,3.0,0.010491695713032987,,1078891008
ds002236,pythia-1b-full,EleutherAI/pythia-1b@step43000,43000,90177536000.0,Sem,ses-11+,72,0.0041743808182794,-0.0021791241173145,0.0028456890505896,EleutherAI/pythia-1b,0.2731807870321323,0.6611824419010607,72,3.0,0.015280653019673737,,1078891008
ds002236,pythia-1b-full,EleutherAI/pythia-1b@step56000,56000,117440512000.0,Sem,ses-11+,72,0.0031142415644832,-0.0152773194969827,0.0020494351190859,EleutherAI/pythia-1b,0.2731807870321323,0.6611824419010607,72,3.0,0.011399928956632277,,1078891008
ds002236,pythia-1b-full,EleutherAI/pythia-1b@step71000,71000,148897792000.0,Sem,ses-11+,72,0.0182113792323337,0.0101140341847405,0.0124142112951682,EleutherAI/pythia-1b,0.2731807870321323,0.6611824419010607,72,3.0,0.0666642022309996,,1078891008
ds002236,pythia-1b-full,EleutherAI/pythia-1b@step90000,90000,188743680000.0,Sem,ses-11+,72,0.0042513686397443,-0.015621757186353,0.002419386945723,EleutherAI/pythia-1b,0.2731807870321323,0.6611824419010607,72,3.0,0.015562473063833154,,1078891008
ds002236,pythia-1b-full,EleutherAI/pythia-1b@step114000,114000,239075328000.0,Sem,ses-11+,72,-0.000796025171086,-0.010446132918216,-0.000597802951652,EleutherAI/pythia-1b,0.2731807870321323,0.6611824419010607,72,3.0,-0.0029139134553864848,,1078891008
ds002236,pythia-1b-full,EleutherAI/pythia-1b@step143000,143000,299892736000.0,Sem,ses-11+,72,0.00562591022318,-0.0118262901491792,0.0036560305516508,EleutherAI/pythia-1b,0.2731807870321323,0.6611824419010607,72,3.0,0.020594091862390987,,1078891008
ds002236,pythia-1b-full,EleutherAI/pythia-1b@step0,0,0.0,Sem,ses-9,72,-0.0045224971636193,-0.0116565214951841,-0.0028303764749838,EleutherAI/pythia-1b,,,72,,,0.0084082983710845,1078891008
ds002236,pythia-1b-full,EleutherAI/pythia-1b@step1,1,2097152.0,Sem,ses-9,72,-0.0045224971636193,-0.0116565214951841,-0.0028303764749838,EleutherAI/pythia-1b,,,72,,,0.0084082983710845,1078891008
ds002236,pythia-1b-full,EleutherAI/pythia-1b@step2,2,4194304.0,Sem,ses-9,72,-0.0045308288336189,-0.0116577945106648,-0.0028401765233715,EleutherAI/pythia-1b,,,72,,,0.0084082983710845,1078891008
ds002236,pythia-1b-full,EleutherAI/pythia-1b@step4,4,8388608.0,Sem,ses-9,72,-0.0044993173855008,-0.011677165057929,-0.0028371140082504,EleutherAI/pythia-1b,,,72,,,0.0084082983710845,1078891008
ds002236,pythia-1b-full,EleutherAI/pythia-1b@step8,8,16777216.0,Sem,ses-9,72,-0.0025965311084051,-0.0104631758338232,-0.0016549831714794,EleutherAI/pythia-1b,,,72,,,0.0084082983710845,1078891008
ds002236,pythia-1b-full,EleutherAI/pythia-1b@step32,32,67108864.0,Sem,ses-9,72,0.0033489705930315,0.0042443603244732,0.0023030113711186,EleutherAI/pythia-1b,,,72,,,0.0084082983710845,1078891008
ds002236,pythia-1b-full,EleutherAI/pythia-1b@step64,64,134217728.0,Sem,ses-9,72,-0.0096300458618047,0.0018398219720219,-0.006502944608289,EleutherAI/pythia-1b,,,72,,,0.0084082983710845,1078891008
ds002236,pythia-1b-full,EleutherAI/pythia-1b@step256,256,536870912.0,Sem,ses-9,72,0.0021712178234384,0.0015655286783246,0.0017174584799512,EleutherAI/pythia-1b,,,72,,,0.0084082983710845,1078891008
ds002236,pythia-1b-full,EleutherAI/pythia-1b@step1000,1000,2097152000.0,Sem,ses-9,72,0.0236588843558275,0.0185451360119126,0.0155735018941656,EleutherAI/pythia-1b,,,72,,,0.0084082983710845,1078891008
ds002236,pythia-1b-full,EleutherAI/pythia-1b@step4000,4000,8388608000.0,Sem,ses-9,72,0.0238208797880616,0.0110970631197908,0.0158619908185796,EleutherAI/pythia-1b,,,72,,,0.0084082983710845,1078891008
ds002236,pythia-1b-full,EleutherAI/pythia-1b@step8000,8000,16777216000.0,Sem,ses-9,72,0.0149754567678723,0.0062479953074729,0.0097730982546726,EleutherAI/pythia-1b,,,72,,,0.0084082983710845,1078891008
ds002236,pythia-1b-full,EleutherAI/pythia-1b@step12000,12000,25165824000.0,Sem,ses-9,72,0.0310009252903771,0.0151944237778879,0.0207987651939031,EleutherAI/pythia-1b,,,72,,,0.0084082983710845,1078891008
ds002236,pythia-1b-full,EleutherAI/pythia-1b@step18000,18000,37748736000.0,Sem,ses-9,72,0.0170805257019317,0.0053565335625272,0.0118200833616615,EleutherAI/pythia-1b,,,72,,,0.0084082983710845,1078891008
ds002236,pythia-1b-full,EleutherAI/pythia-1b@step24000,24000,50331648000.0,Sem,ses-9,72,0.0150776343451156,0.0103946136239961,0.010245950589381,EleutherAI/pythia-1b,,,72,,,0.0084082983710845,1078891008
ds002236,pythia-1b-full,EleutherAI/pythia-1b@step33000,33000,69206016000.0,Sem,ses-9,72,-0.0020380009308345,0.0048141042486076,-0.0014105944648101,EleutherAI/pythia-1b,,,72,,,0.0084082983710845,1078891008
ds002236,pythia-1b-full,EleutherAI/pythia-1b@step43000,43000,90177536000.0,Sem,ses-9,72,0.0014003328234119,-0.0002726933145774,0.0007895163982372,EleutherAI/pythia-1b,,,72,,,0.0084082983710845,1078891008
ds002236,pythia-1b-full,EleutherAI/pythia-1b@step56000,56000,117440512000.0,Sem,ses-9,72,0.0149978740911116,0.0068974707033676,0.009805560914957,EleutherAI/pythia-1b,,,72,,,0.0084082983710845,1078891008
ds002236,pythia-1b-full,EleutherAI/pythia-1b@step71000,71000,148897792000.0,Sem,ses-9,72,0.0011403931991309,0.00287865500282,0.0008679167853391,EleutherAI/pythia-1b,,,72,,,0.0084082983710845,1078891008
ds002236,pythia-1b-full,EleutherAI/pythia-1b@step90000,90000,188743680000.0,Sem,ses-9,72,0.0334531706159763,0.0375261167603938,0.0221095216657632,EleutherAI/pythia-1b,,,72,,,0.0084082983710845,1078891008
ds002236,pythia-1b-full,EleutherAI/pythia-1b@step114000,114000,239075328000.0,Sem,ses-9,72,0.0020260574811715,0.0010980309376841,0.0013101439688358,EleutherAI/pythia-1b,,,72,,,0.0084082983710845,1078891008
ds002236,pythia-1b-full,EleutherAI/pythia-1b@step143000,143000,299892736000.0,Sem,ses-9,72,0.007376871684352,0.004135306589893,0.004783648619265,EleutherAI/pythia-1b,,,72,,,0.0084082983710845,1078891008
ds002236,pythia-410m-full,EleutherAI/pythia-410m@step0,0,0.0,Phon,ses-11,96,0.0178532602369857,0.0125914180158206,0.0118558625121698,EleutherAI/pythia-410m,,,96,,,,505997504
ds002236,pythia-410m-full,EleutherAI/pythia-410m@step1,1,2097152.0,Phon,ses-11,96,0.0178532602369857,0.0125914180158206,0.0118558625121698,EleutherAI/pythia-410m,,,96,,,,505997504
ds002236,pythia-410m-full,EleutherAI/pythia-410m@step2,2,4194304.0,Phon,ses-11,96,0.0178759702875263,0.0126087203983774,0.0118747186017247,EleutherAI/pythia-410m,,,96,,,,505997504
ds002236,pythia-410m-full,EleutherAI/pythia-410m@step4,4,8388608.0,Phon,ses-11,96,0.0186191169999757,0.0133553715252987,0.0123193759788811,EleutherAI/pythia-410m,,,96,,,,505997504
ds002236,pythia-410m-full,EleutherAI/pythia-410m@step8,8,16777216.0,Phon,ses-11,96,0.0209466882977836,0.0154642599467026,0.0138886644116322,EleutherAI/pythia-410m,,,96,,,,505997504
ds002236,pythia-410m-full,EleutherAI/pythia-410m@step32,32,67108864.0,Phon,ses-11,96,0.0207204454702875,0.0267912652995496,0.0137318510138034,EleutherAI/pythia-410m,,,96,,,,505997504
ds002236,pythia-410m-full,EleutherAI/pythia-410m@step64,64,134217728.0,Phon,ses-11,96,0.0102594105244143,0.0074673797694163,0.0068626545525911,EleutherAI/pythia-410m,,,96,,,,505997504
ds002236,pythia-410m-full,EleutherAI/pythia-410m@step256,256,536870912.0,Phon,ses-11,96,-0.006417795612056,0.0078464681084587,-0.0043203534169928,EleutherAI/pythia-410m,,,96,,,,505997504
ds002236,pythia-410m-full,EleutherAI/pythia-410m@step1000,1000,2097152000.0,Phon,ses-11,96,-0.0157123697436636,-0.0102353780143044,-0.0104239541604614,EleutherAI/pythia-410m,,,96,,,,505997504
ds002236,pythia-410m-full,EleutherAI/pythia-410m@step4000,4000,8388608000.0,Phon,ses-11,96,0.0012613322418165,0.0108880439553473,0.0007561676729661,EleutherAI/pythia-410m,,,96,,,,505997504
ds002236,pythia-410m-full,EleutherAI/pythia-410m@step8000,8000,16777216000.0,Phon,ses-11,96,0.016983315267762,0.0179805522725783,0.0114477628596606,EleutherAI/pythia-410m,,,96,,,,505997504
ds002236,pythia-410m-full,EleutherAI/pythia-410m@step12000,12000,25165824000.0,Phon,ses-11,96,0.0033747522368225,0.0119956736646744,0.002129776074316,EleutherAI/pythia-410m,,,96,,,,505997504
ds002236,pythia-410m-full,EleutherAI/pythia-410m@step18000,18000,37748736000.0,Phon,ses-11,96,-0.0018024732160679,0.0102933024808447,-0.0011377148728368,EleutherAI/pythia-410m,,,96,,,,505997504
ds002236,pythia-410m-full,EleutherAI/pythia-410m@step24000,24000,50331648000.0,Phon,ses-11,96,0.0029309060067247,0.0056762578909408,0.0019185109076705,EleutherAI/pythia-410m,,,96,,,,505997504
ds002236,pythia-410m-full,EleutherAI/pythia-410m@step33000,33000,69206016000.0,Phon,ses-11,96,0.0128931644832269,0.0100305807247874,0.0086764949223244,EleutherAI/pythia-410m,,,96,,,,505997504
ds002236,pythia-410m-full,EleutherAI/pythia-410m@step43000,43000,90177536000.0,Phon,ses-11,96,0.0177392743745196,0.0137480434213189,0.012072899951128,EleutherAI/pythia-410m,,,96,,,,505997504
ds002236,pythia-410m-full,EleutherAI/pythia-410m@step56000,56000,117440512000.0,Phon,ses-11,96,0.0209211928505903,0.0177610861259596,0.0140210418566706,EleutherAI/pythia-410m,,,96,,,,505997504
ds002236,pythia-410m-full,EleutherAI/pythia-410m@step71000,71000,148897792000.0,Phon,ses-11,96,0.0016195624229815,0.0008319946023511,0.0011286716462135,EleutherAI/pythia-410m,,,96,,,,505997504
ds002236,pythia-410m-full,EleutherAI/pythia-410m@step90000,90000,188743680000.0,Phon,ses-11,96,0.0097520046281651,0.0018528389239331,0.0065690383009508,EleutherAI/pythia-410m,,,96,,,,505997504
ds002236,pythia-410m-full,EleutherAI/pythia-410m@step114000,114000,239075328000.0,Phon,ses-11,96,-0.001455253887962,-0.0033153950164474,-0.0008456378938132,EleutherAI/pythia-410m,,,96,,,,505997504
ds002236,pythia-410m-full,EleutherAI/pythia-410m@step143000,143000,299892736000.0,Phon,ses-11,96,0.0006027254627228,-0.0019344452676558,0.0005949288663641,EleutherAI/pythia-410m,,,96,,,,505997504
ds002236,pythia-410m-full,EleutherAI/pythia-410m@step0,0,0.0,Phon,ses-11+,96,0.0075688122757595,0.0228376986867192,0.0050226465483735,EleutherAI/pythia-410m,0.2821380444353854,0.6689092985587908,96,3.0,0.026826627691796067,,505997504
ds002236,pythia-410m-full,EleutherAI/pythia-410m@step1,1,2097152.0,Phon,ses-11+,96,0.0075688122757595,0.0228376986867192,0.0050226465483735,EleutherAI/pythia-410m,0.2821380444353854,0.6689092985587908,96,3.0,0.026826627691796067,,505997504
ds002236,pythia-410m-full,EleutherAI/pythia-410m@step2,2,4194304.0,Phon,ses-11+,96,0.0075437420606418,0.0228587280537269,0.0050014815498935,EleutherAI/pythia-410m,0.2821380444353854,0.6689092985587908,96,3.0,0.026737769717438617,,505997504
ds002236,pythia-410m-full,EleutherAI/pythia-410m@step4,4,8388608.0,Phon,ses-11+,96,0.0078982889220658,0.0239021601243812,0.0053233819358662,EleutherAI/pythia-410m,0.2821380444353854,0.6689092985587908,96,3.0,0.027994412940203984,,505997504
ds002236,pythia-410m-full,EleutherAI/pythia-410m@step8,8,16777216.0,Phon,ses-11+,96,0.0139368314359878,0.0279216958346842,0.0093266451938136,EleutherAI/pythia-410m,0.2821380444353854,0.6689092985587908,96,3.0,0.0493972071858589,,505997504
ds002236,pythia-410m-full,EleutherAI/pythia-410m@step32,32,67108864.0,Phon,ses-11+,96,0.0198638326656502,0.0306397436640382,0.0133174018617502,EleutherAI/pythia-410m,0.2821380444353854,0.6689092985587908,96,3.0,0.07040465849049779,,505997504
ds002236,pythia-410m-full,EleutherAI/pythia-410m@step64,64,134217728.0,Phon,ses-11+,96,-0.0009019838015383,0.0042816065904365,-0.0004739035568741,EleutherAI/pythia-410m,0.2821380444353854,0.6689092985587908,96,3.0,-0.0031969591458087467,,505997504
ds002236,pythia-410m-full,EleutherAI/pythia-410m@step256,256,536870912.0,Phon,ses-11+,96,0.0103610951569632,0.0386772941592592,0.0066739012479652,EleutherAI/pythia-410m,0.2821380444353854,0.6689092985587908,96,3.0,0.03672349532902527,,505997504
ds002236,pythia-410m-full,EleutherAI/pythia-410m@step1000,1000,2097152000.0,Phon,ses-11+,96,0.0053798117088062,0.0054367721246509,0.0035384029276965,EleutherAI/pythia-410m,0.2821380444353854,0.6689092985587908,96,3.0,0.019068012325570195,,505997504
ds002236,pythia-410m-full,EleutherAI/pythia-410m@step4000,4000,8388608000.0,Phon,ses-11+,96,0.0171585498625398,0.0211948063584272,0.0111647291072603,EleutherAI/pythia-410m,0.2821380444353854,0.6689092985587908,96,3.0,0.06081615082034571,,505997504
ds002236,pythia-410m-full,EleutherAI/pythia-410m@step8000,8000,16777216000.0,Phon,ses-11+,96,0.0453856501958278,0.0495254397552001,0.0302942319606869,EleutherAI/pythia-410m,0.2821380444353854,0.6689092985587908,96,3.0,0.16086327629672753,,505997504
ds002236,pythia-410m-full,EleutherAI/pythia-410m@step12000,12000,25165824000.0,Phon,ses-11+,96,0.0245765090345452,0.02406663602775,0.0164242312295324,EleutherAI/pythia-410m,0.2821380444353854,0.6689092985587908,96,3.0,0.08710810016326477,,505997504
ds002236,pythia-410m-full,EleutherAI/pythia-410m@step18000,18000,37748736000.0,Phon,ses-11+,96,0.0163433703551599,0.0218619580142254,0.0108343627218957,EleutherAI/pythia-410m,0.2821380444353854,0.6689092985587908,96,3.0,0.057926857712033306,,505997504
ds002236,pythia-410m-full,EleutherAI/pythia-410m@step24000,24000,50331648000.0,Phon,ses-11+,96,0.0208022031709196,0.0235505467854221,0.0137439727856601,EleutherAI/pythia-410m,0.2821380444353854,0.6689092985587908,96,3.0,0.07373058536841057,,505997504
ds002236,pythia-410m-full,EleutherAI/pythia-410m@step33000,33000,69206016000.0,Phon,ses-11+,96,0.0106035713455047,0.0155860759620092,0.0069709808629931,EleutherAI/pythia-410m,0.2821380444353854,0.6689092985587908,96,3.0,0.037582919264661965,,505997504
ds002236,pythia-410m-full,EleutherAI/pythia-410m@step43000,43000,90177536000.0,Phon,ses-11+,96,-0.0014844455637272,0.0137772119022788,-0.0009897522925541,EleutherAI/pythia-410m,0.2821380444353854,0.6689092985587908,96,3.0,-0.005261415796291748,,505997504
ds002236,pythia-410m-full,EleutherAI/pythia-410m@step56000,56000,117440512000.0,Phon,ses-11+,96,0.0422674136401303,0.0413655176759371,0.0282489234712136,EleutherAI/pythia-410m,0.2821380444353854,0.6689092985587908,96,3.0,0.14981111010645812,,505997504
ds002236,pythia-410m-full,EleutherAI/pythia-410m@step71000,71000,148897792000.0,Phon,ses-11+,96,0.0136208908378613,0.0098959574209397,0.0090667005306642,EleutherAI/pythia-410m,0.2821380444353854,0.6689092985587908,96,3.0,0.048277398622789146,,505997504
ds002236,pythia-410m-full,EleutherAI/pythia-410m@step90000,90000,188743680000.0,Phon,ses-11+,96,0.0286982001427205,0.0111307409010614,0.0190032824988551,EleutherAI/pythia-410m,0.2821380444353854,0.6689092985587908,96,3.0,0.10171687480201874,,505997504
ds002236,pythia-410m-full,EleutherAI/pythia-410m@step114000,114000,239075328000.0,Phon,ses-11+,96,-0.0054387195132299,-0.0011901000251873,-0.003639417693169,EleutherAI/pythia-410m,0.2821380444353854,0.6689092985587908,96,3.0,-0.01927680304197849,,505997504
ds002236,pythia-410m-full,EleutherAI/pythia-410m@step143000,143000,299892736000.0,Phon,ses-11+,96,0.0080377112560861,0.008721524096482,0.0053982290668544,EleutherAI/pythia-410m,0.2821380444353854,0.6689092985587908,96,3.0,0.0284885764774161,,505997504
ds002236,pythia-410m-full,EleutherAI/pythia-410m@step0,0,0.0,Phon,ses-9,96,-0.0095460081628713,-0.0026528508406407,-0.0062759992765418,EleutherAI/pythia-410m,,,96,,,0.008728626502912,505997504
ds002236,pythia-410m-full,EleutherAI/pythia-410m@step1,1,2097152.0,Phon,ses-9,96,-0.0095460081628713,-0.0026528508406407,-0.0062759992765418,EleutherAI/pythia-410m,,,96,,,0.008728626502912,505997504
ds002236,pythia-410m-full,EleutherAI/pythia-410m@step2,2,4194304.0,Phon,ses-9,96,-0.0097129098542094,-0.0027448072019218,-0.0063918295409504,EleutherAI/pythia-410m,,,96,,,0.008728626502912,505997504
ds002236,pythia-410m-full,EleutherAI/pythia-410m@step4,4,8388608.0,Phon,ses-9,96,-0.014416176824416,-0.0061219294074171,-0.0095275202702962,EleutherAI/pythia-410m,,,96,,,0.008728626502912,505997504
ds002236,pythia-410m-full,EleutherAI/pythia-410m@step8,8,16777216.0,Phon,ses-9,96,-0.0231483511622469,-0.0131171839980692,-0.015374447304926,EleutherAI/pythia-410m,,,96,,,0.008728626502912,505997504
ds002236,pythia-410m-full,EleutherAI/pythia-410m@step32,32,67108864.0,Phon,ses-9,96,-0.0108633175248331,0.0102396309114662,-0.0072926888398887,EleutherAI/pythia-410m,,,96,,,0.008728626502912,505997504
ds002236,pythia-410m-full,EleutherAI/pythia-410m@step64,64,134217728.0,Phon,ses-9,96,-0.0247878371001019,-0.0207367575560741,-0.0166401142140281,EleutherAI/pythia-410m,,,96,,,0.008728626502912,505997504
ds002236,pythia-410m-full,EleutherAI/pythia-410m@step256,256,536870912.0,Phon,ses-9,96,-0.0113161951273663,0.0168813987378414,-0.0074770167357415,EleutherAI/pythia-410m,,,96,,,0.008728626502912,505997504
ds002236,pythia-410m-full,EleutherAI/pythia-410m@step1000,1000,2097152000.0,Phon,ses-9,96,0.0006288706544031,0.0015662567885356,0.0003336373396751,EleutherAI/pythia-410m,,,96,,,0.008728626502912,505997504
ds002236,pythia-410m-full,EleutherAI/pythia-410m@step4000,4000,8388608000.0,Phon,ses-9,96,0.0073225301335837,0.0207328780986877,0.0048887298307184,EleutherAI/pythia-410m,,,96,,,0.008728626502912,505997504
ds002236,pythia-410m-full,EleutherAI/pythia-410m@step8000,8000,16777216000.0,Phon,ses-9,96,0.0263450605007921,0.0384229883927748,0.0176264031431946,EleutherAI/pythia-410m,,,96,,,0.008728626502912,505997504
ds002236,pythia-410m-full,EleutherAI/pythia-410m@step12000,12000,25165824000.0,Phon,ses-9,96,0.014992687868689,0.0203881945551545,0.0102486694912319,EleutherAI/pythia-410m,,,96,,,0.008728626502912,505997504
ds002236,pythia-410m-full,EleutherAI/pythia-410m@step18000,18000,37748736000.0,Phon,ses-9,96,0.0170692792223424,0.0315870870197199,0.0114827813116911,EleutherAI/pythia-410m,,,96,,,0.008728626502912,505997504
ds002236,pythia-410m-full,EleutherAI/pythia-410m@step24000,24000,50331648000.0,Phon,ses-9,96,0.0167581047670639,0.0169143775738145,0.0114431450418104,EleutherAI/pythia-410m,,,96,,,0.008728626502912,505997504
ds002236,pythia-410m-full,EleutherAI/pythia-410m@step33000,33000,69206016000.0,Phon,ses-9,96,-0.0016286369514104,0.0108433809090541,-0.0009608909309905,EleutherAI/pythia-410m,,,96,,,0.008728626502912,505997504
ds002236,pythia-410m-full,EleutherAI/pythia-410m@step43000,43000,90177536000.0,Phon,ses-9,96,0.0091527860644948,0.0163100931369156,0.0061951874641638,EleutherAI/pythia-410m,,,96,,,0.008728626502912,505997504
ds002236,pythia-410m-full,EleutherAI/pythia-410m@step56000,56000,117440512000.0,Phon,ses-9,96,0.0424080380141073,0.0471599336709318,0.0282904838318652,EleutherAI/pythia-410m,,,96,,,0.008728626502912,505997504
ds002236,pythia-410m-full,EleutherAI/pythia-410m@step71000,71000,148897792000.0,Phon,ses-9,96,0.0018410668236488,0.0041313576572098,0.0013187718143791,EleutherAI/pythia-410m,,,96,,,0.008728626502912,505997504
ds002236,pythia-410m-full,EleutherAI/pythia-410m@step90000,90000,188743680000.0,Phon,ses-9,96,0.0354609791974418,0.0352973932553601,0.0236715115272278,EleutherAI/pythia-410m,,,96,,,0.008728626502912,505997504
ds002236,pythia-410m-full,EleutherAI/pythia-410m@step114000,114000,239075328000.0,Phon,ses-9,96,0.0062283259938741,0.0124675075104296,0.0042482000130838,EleutherAI/pythia-410m,,,96,,,0.008728626502912,505997504
ds002236,pythia-410m-full,EleutherAI/pythia-410m@step143000,143000,299892736000.0,Phon,ses-9,96,0.0049997039701344,0.0088331886526951,0.0035233950196834,EleutherAI/pythia-410m,,,96,,,0.008728626502912,505997504
ds002236,pythia-410m-full,EleutherAI/pythia-410m@step0,0,0.0,Sem,ses-11,72,-0.0032862761057301,0.0064370324887746,-0.0021719357239326,EleutherAI/pythia-410m,,,72,,,,505997504
ds002236,pythia-410m-full,EleutherAI/pythia-410m@step1,1,2097152.0,Sem,ses-11,72,-0.0032862761057301,0.0064370324887746,-0.0021719357239326,EleutherAI/pythia-410m,,,72,,,,505997504
ds002236,pythia-410m-full,EleutherAI/pythia-410m@step2,2,4194304.0,Sem,ses-11,72,-0.0033154003011538,0.0064307345619796,-0.0022111359174835,EleutherAI/pythia-410m,,,72,,,,505997504
ds002236,pythia-410m-full,EleutherAI/pythia-410m@step4,4,8388608.0,Sem,ses-11,72,-0.0040554227661215,0.0062589962798119,-0.0027550386030031,EleutherAI/pythia-410m,,,72,,,,505997504
ds002236,pythia-410m-full,EleutherAI/pythia-410m@step8,8,16777216.0,Sem,ses-11,72,-0.0031714422086634,0.0062159023962793,-0.0022233859779682,EleutherAI/pythia-410m,,,72,,,,505997504
ds002236,pythia-410m-full,EleutherAI/pythia-410m@step32,32,67108864.0,Sem,ses-11,72,0.0089338742537495,0.0230813346623226,0.0057740660094509,EleutherAI/pythia-410m,,,72,,,,505997504
ds002236,pythia-410m-full,EleutherAI/pythia-410m@step64,64,134217728.0,Sem,ses-11,72,0.0161217354575412,0.0086790838227914,0.0108204784261122,EleutherAI/pythia-410m,,,72,,,,505997504
ds002236,pythia-410m-full,EleutherAI/pythia-410m@step256,256,536870912.0,Sem,ses-11,72,-0.0136045657695321,-0.0075298423597566,-0.0093437336346848,EleutherAI/pythia-410m,,,72,,,,505997504
ds002236,pythia-410m-full,EleutherAI/pythia-410m@step1000,1000,2097152000.0,Sem,ses-11,72,0.0008026307179754,-0.0080245644908886,0.0005769778488281,EleutherAI/pythia-410m,,,72,,,,505997504
ds002236,pythia-410m-full,EleutherAI/pythia-410m@step4000,4000,8388608000.0,Sem,ses-11,72,-0.0056325021163063,-0.0150515548954699,-0.0035960052552759,EleutherAI/pythia-410m,,,72,,,,505997504
ds002236,pythia-410m-full,EleutherAI/pythia-410m@step8000,8000,16777216000.0,Sem,ses-11,72,0.0089444530457163,0.0090648465354649,0.0062401808108927,EleutherAI/pythia-410m,,,72,,,,505997504
ds002236,pythia-410m-full,EleutherAI/pythia-410m@step12000,12000,25165824000.0,Sem,ses-11,72,0.0035267066583233,-0.0061800002259504,0.002540050041497,EleutherAI/pythia-410m,,,72,,,,505997504
ds002236,pythia-410m-full,EleutherAI/pythia-410m@step18000,18000,37748736000.0,Sem,ses-11,72,-0.0083434467295969,-0.0126054075731612,-0.0051946381485258,EleutherAI/pythia-410m,,,72,,,,505997504
ds002236,pythia-410m-full,EleutherAI/pythia-410m@step24000,24000,50331648000.0,Sem,ses-11,72,-0.0144846197921551,-0.0168658634450678,-0.009627322534905,EleutherAI/pythia-410m,,,72,,,,505997504
ds002236,pythia-410m-full,EleutherAI/pythia-410m@step33000,33000,69206016000.0,Sem,ses-11,72,-0.0167367835911345,-0.0115414321970974,-0.0112326929614214,EleutherAI/pythia-410m,,,72,,,,505997504
ds002236,pythia-410m-full,EleutherAI/pythia-410m@step43000,43000,90177536000.0,Sem,ses-11,72,-0.0120481574981413,-0.0207356875250626,-0.0077855259410343,EleutherAI/pythia-410m,,,72,,,,505997504
ds002236,pythia-410m-full,EleutherAI/pythia-410m@step56000,56000,117440512000.0,Sem,ses-11,72,-0.0012588388758611,0.0022338603542495,-0.0003668893115159,EleutherAI/pythia-410m,,,72,,,,505997504
ds002236,pythia-410m-full,EleutherAI/pythia-410m@step71000,71000,148897792000.0,Sem,ses-11,72,-0.0119484720919829,-0.0136315173303618,-0.0077885884561555,EleutherAI/pythia-410m,,,72,,,,505997504
ds002236,pythia-410m-full,EleutherAI/pythia-410m@step90000,90000,188743680000.0,Sem,ses-11,72,-0.0078681542039194,-0.0175331313752883,-0.0054322893219285,EleutherAI/pythia-410m,,,72,,,,505997504
ds002236,pythia-410m-full,EleutherAI/pythia-410m@step114000,114000,239075328000.0,Sem,ses-11,72,-0.0119943516106523,-0.0153601541569469,-0.007758575807968,EleutherAI/pythia-410m,,,72,,,,505997504
ds002236,pythia-410m-full,EleutherAI/pythia-410m@step143000,143000,299892736000.0,Sem,ses-11,72,-0.0113941523037971,-0.0173953631514148,-0.0074970370166202,EleutherAI/pythia-410m,,,72,,,,505997504
ds002236,pythia-410m-full,EleutherAI/pythia-410m@step0,0,0.0,Sem,ses-11+,72,0.0285265493705649,0.0208927267332611,0.0186207044397281,EleutherAI/pythia-410m,0.2731807870321323,0.6611824419010607,72,3.0,0.104423703000788,,505997504
ds002236,pythia-410m-full,EleutherAI/pythia-410m@step1,1,2097152.0,Sem,ses-11+,72,0.0285265493705649,0.0208927267332611,0.0186207044397281,EleutherAI/pythia-410m,0.2731807870321323,0.6611824419010607,72,3.0,0.104423703000788,,505997504
ds002236,pythia-410m-full,EleutherAI/pythia-410m@step2,2,4194304.0,Sem,ses-11+,72,0.0284698316384288,0.0208751024209234,0.0185802792401287,EleutherAI/pythia-410m,0.2731807870321323,0.6611824419010607,72,3.0,0.10421608323091953,,505997504
ds002236,pythia-410m-full,EleutherAI/pythia-410m@step4,4,8388608.0,Sem,ses-11+,72,0.0277189580248503,0.0200865463958981,0.018138052056632,EleutherAI/pythia-410m,0.2731807870321323,0.6611824419010607,72,3.0,0.10146745064318861,,505997504
ds002236,pythia-410m-full,EleutherAI/pythia-410m@step8,8,16777216.0,Sem,ses-11+,72,0.0284828336140457,0.0167463454603052,0.0186035543550496,EleutherAI/pythia-410m,0.2731807870321323,0.6611824419010607,72,3.0,0.10426367799685514,,505997504
ds002236,pythia-410m-full,EleutherAI/pythia-410m@step32,32,67108864.0,Sem,ses-11+,72,0.0264197169452014,0.0147435088659061,0.0171770348116093,EleutherAI/pythia-410m,0.2731807870321323,0.6611824419010607,72,3.0,0.0967114753282186,,505997504
ds002236,pythia-410m-full,EleutherAI/pythia-410m@step64,64,134217728.0,Sem,ses-11+,72,0.0293205710315631,0.0182258693092649,0.0196595095688284,EleutherAI/pythia-410m,0.2731807870321323,0.6611824419010607,72,3.0,0.10733028244813693,,505997504
ds002236,pythia-410m-full,EleutherAI/pythia-410m@step256,256,536870912.0,Sem,ses-11+,72,-0.0015577233443681,-0.0041977900888272,-0.0009738798085315,EleutherAI/pythia-410m,0.2731807870321323,0.6611824419010607,72,3.0,-0.0057021702049085765,,505997504
ds002236,pythia-410m-full,EleutherAI/pythia-410m@step1000,1000,2097152000.0,Sem,ses-11+,72,0.0161166821279365,0.0031114331236825,0.0109350164916439,EleutherAI/pythia-410m,0.2731807870321323,0.6611824419010607,72,3.0,0.05899639686608272,,505997504
ds002236,pythia-410m-full,EleutherAI/pythia-410m@step4000,4000,8388608000.0,Sem,ses-11+,72,0.0050259006317707,-0.0195846802957623,0.0033846917119153,EleutherAI/pythia-410m,0.2731807870321323,0.6611824419010607,72,3.0,0.01839770902768334,,505997504
ds002236,pythia-410m-full,EleutherAI/pythia-410m@step8000,8000,16777216000.0,Sem,ses-11+,72,0.0021694356480374,-0.0105468376793281,0.0014791948035243,EleutherAI/pythia-410m,0.2731807870321323,0.6611824419010607,72,3.0,0.007941391748689212,,505997504
ds002236,pythia-410m-full,EleutherAI/pythia-410m@step12000,12000,25165824000.0,Sem,ses-11+,72,0.01107685465775,-0.010978837186146,0.0073671863754827,EleutherAI/pythia-410m,0.2731807870321323,0.6611824419010607,72,3.0,0.040547707538623905,,505997504
ds002236,pythia-410m-full,EleutherAI/pythia-410m@step18000,18000,37748736000.0,Sem,ses-11+,72,0.0039823959732091,-0.0196314017252438,0.0027525885909061,EleutherAI/pythia-410m,0.2731807870321323,0.6611824419010607,72,3.0,0.014577877223630223,,505997504
ds002236,pythia-410m-full,EleutherAI/pythia-410m@step24000,24000,50331648000.0,Sem,ses-11+,72,0.0072320145993509,-0.0140290391075725,0.0043604090295195,EleutherAI/pythia-410m,0.2731807870321323,0.6611824419010607,72,3.0,0.026473364682488634,,505997504
ds002236,pythia-410m-full,EleutherAI/pythia-410m@step33000,33000,69206016000.0,Sem,ses-11+,72,0.0074585736472001,-0.0034432057874893,0.0048644990184639,EleutherAI/pythia-410m,0.2731807870321323,0.6611824419010607,72,3.0,0.027302702097870456,,505997504
ds002236,pythia-410m-full,EleutherAI/pythia-410m@step43000,43000,90177536000.0,Sem,ses-11+,72,0.0001759366430321,-0.0131152024446254,3.185015726015147e-05,EleutherAI/pythia-410m,0.2731807870321323,0.6611824419010607,72,3.0,0.0006440300759928839,,505997504
ds002236,pythia-410m-full,EleutherAI/pythia-410m@step56000,56000,117440512000.0,Sem,ses-11+,72,0.0065093776865912,0.0001524037056976,0.0043365214115744,EleutherAI/pythia-410m,0.2731807870321323,0.6611824419010607,72,3.0,0.023828094784079924,,505997504
ds002236,pythia-410m-full,EleutherAI/pythia-410m@step71000,71000,148897792000.0,Sem,ses-11+,72,0.005785856153703,-0.0166122165521313,0.0039794321484462,EleutherAI/pythia-410m,0.2731807870321323,0.6611824419010607,72,3.0,0.021179586663327282,,505997504
ds002236,pythia-410m-full,EleutherAI/pythia-410m@step90000,90000,188743680000.0,Sem,ses-11+,72,-0.0117290237802598,-0.0211097398931346,-0.0078902639581782,EleutherAI/pythia-410m,0.2731807870321323,0.6611824419010607,72,3.0,-0.042935024485745404,,505997504
ds002236,pythia-410m-full,EleutherAI/pythia-410m@step114000,114000,239075328000.0,Sem,ses-11+,72,0.0021282645217984,-0.0184009937787741,0.0015520826634081,EleutherAI/pythia-410m,0.2731807870321323,0.6611824419010607,72,3.0,0.007790681566299418,,505997504
ds002236,pythia-410m-full,EleutherAI/pythia-410m@step143000,143000,299892736000.0,Sem,ses-11+,72,-0.0005075276232426,-0.0222779624706346,-0.0002186635796514,EleutherAI/pythia-410m,0.2731807870321323,0.6611824419010607,72,3.0,-0.0018578452341265978,,505997504
ds002236,pythia-410m-full,EleutherAI/pythia-410m@step0,0,0.0,Sem,ses-9,72,0.0177388397364793,0.0221131108558419,0.011802933276983,EleutherAI/pythia-410m,,,72,,,0.0084082983710845,505997504
ds002236,pythia-410m-full,EleutherAI/pythia-410m@step1,1,2097152.0,Sem,ses-9,72,0.0177388397364793,0.0221131108558419,0.011802933276983,EleutherAI/pythia-410m,,,72,,,0.0084082983710845,505997504
ds002236,pythia-410m-full,EleutherAI/pythia-410m@step2,2,4194304.0,Sem,ses-9,72,0.017704434409192,0.0221156045769159,0.0117551580410928,EleutherAI/pythia-410m,,,72,,,0.0084082983710845,505997504
ds002236,pythia-410m-full,EleutherAI/pythia-410m@step4,4,8388608.0,Sem,ses-9,72,0.0168322959761019,0.0220262343961355,0.0111340799745198,EleutherAI/pythia-410m,,,72,,,0.0084082983710845,505997504
ds002236,pythia-410m-full,EleutherAI/pythia-410m@step8,8,16777216.0,Sem,ses-9,72,0.0146738235812569,0.0189083718335508,0.00971919798854,EleutherAI/pythia-410m,,,72,,,0.0084082983710845,505997504
ds002236,pythia-410m-full,EleutherAI/pythia-410m@step32,32,67108864.0,Sem,ses-9,72,-0.0043918493343454,-0.0051944680013293,-0.0028181264144991,EleutherAI/pythia-410m,,,72,,,0.0084082983710845,505997504
ds002236,pythia-410m-full,EleutherAI/pythia-410m@step64,64,134217728.0,Sem,ses-9,72,0.0153373935959991,-0.0016715422426056,0.0102398255591386,EleutherAI/pythia-410m,,,72,,,0.0084082983710845,505997504
ds002236,pythia-410m-full,EleutherAI/pythia-410m@step256,256,536870912.0,Sem,ses-9,72,-0.0019735257053703,-0.0014661633521623,-0.0009401921421987,EleutherAI/pythia-410m,,,72,,,0.0084082983710845,505997504
ds002236,pythia-410m-full,EleutherAI/pythia-410m@step1000,1000,2097152000.0,Sem,ses-9,72,0.029165603694257,0.0287459999411213,0.0193269204266696,EleutherAI/pythia-410m,,,72,,,0.0084082983710845,505997504
ds002236,pythia-410m-full,EleutherAI/pythia-410m@step4000,4000,8388608000.0,Sem,ses-9,72,0.0086077476532765,9.674123901912548e-05,0.0058353163118742,EleutherAI/pythia-410m,,,72,,,0.0084082983710845,505997504
ds002236,pythia-410m-full,EleutherAI/pythia-410m@step8000,8000,16777216000.0,Sem,ses-9,72,0.0063262936578582,-0.0002008508552977,0.0042801711333449,EleutherAI/pythia-410m,,,72,,,0.0084082983710845,505997504
ds002236,pythia-410m-full,EleutherAI/pythia-410m@step12000,12000,25165824000.0,Sem,ses-9,72,0.0100229479875235,0.000857566721689,0.0066756704611229,EleutherAI/pythia-410m,,,72,,,0.0084082983710845,505997504
ds002236,pythia-410m-full,EleutherAI/pythia-410m@step18000,18000,37748736000.0,Sem,ses-9,72,0.0117321181541616,-0.002983898071043,0.0079925519632253,EleutherAI/pythia-410m,,,72,,,0.0084082983710845,505997504
ds002236,pythia-410m-full,EleutherAI/pythia-410m@step24000,24000,50331648000.0,Sem,ses-9,72,-0.0112481986060291,-0.0046304995857199,-0.0077395882142168,EleutherAI/pythia-410m,,,72,,,0.0084082983710845,505997504
ds002236,pythia-410m-full,EleutherAI/pythia-410m@step33000,33000,69206016000.0,Sem,ses-9,72,-0.0052850605543138,0.0095825298908505,-0.003347329027437,EleutherAI/pythia-410m,,,72,,,0.0084082983710845,505997504
ds002236,pythia-410m-full,EleutherAI/pythia-410m@step43000,43000,90177536000.0,Sem,ses-9,72,0.0025837634026192,0.0062434881031938,0.0016837708136183,EleutherAI/pythia-410m,,,72,,,0.0084082983710845,505997504
ds002236,pythia-410m-full,EleutherAI/pythia-410m@step56000,56000,117440512000.0,Sem,ses-9,72,0.0011596018880294,0.0072170487886066,0.0007882913921887,EleutherAI/pythia-410m,,,72,,,0.0084082983710845,505997504
ds002236,pythia-410m-full,EleutherAI/pythia-410m@step71000,71000,148897792000.0,Sem,ses-9,72,0.0078791641673543,0.0021650268492131,0.0051658505063868,EleutherAI/pythia-410m,,,72,,,0.0084082983710845,505997504
ds002236,pythia-410m-full,EleutherAI/pythia-410m@step90000,90000,188743680000.0,Sem,ses-9,72,0.01920172332337,0.0068754320370022,0.0125226243304576,EleutherAI/pythia-410m,,,72,,,0.0084082983710845,505997504
ds002236,pythia-410m-full,EleutherAI/pythia-410m@step114000,114000,239075328000.0,Sem,ses-9,72,0.0045692347135099,0.000193975824411,0.0030508775637079,EleutherAI/pythia-410m,,,72,,,0.0084082983710845,505997504
ds002236,pythia-410m-full,EleutherAI/pythia-410m@step143000,143000,299892736000.0,Sem,ses-9,72,0.0044860840145294,-0.000972635245961,0.0030784401997984,EleutherAI/pythia-410m,,,72,,,0.0084082983710845,505997504
ds002236,pythia-70m-full,EleutherAI/pythia-70m@step0,0,0.0,Phon,ses-11,96,0.0090592955021753,7.751633831142631e-05,0.0060516502926542,EleutherAI/pythia-70m,,,96,,,,95592496
ds002236,pythia-70m-full,EleutherAI/pythia-70m@step1,1,2097152.0,Phon,ses-11,96,0.0090592955021753,7.751633831142631e-05,0.0060516502926542,EleutherAI/pythia-70m,,,96,,,,95592496
ds002236,pythia-70m-full,EleutherAI/pythia-70m@step2,2,4194304.0,Phon,ses-11,96,0.0090592960084039,7.345479161623841e-05,0.0060464552475727,EleutherAI/pythia-70m,,,96,,,,95592496
ds002236,pythia-70m-full,EleutherAI/pythia-70m@step4,4,8388608.0,Phon,ses-11,96,0.0089616785434786,-1.0645419164751185e-05,0.0059746866618179,EleutherAI/pythia-70m,,,96,,,,95592496
ds002236,pythia-70m-full,EleutherAI/pythia-70m@step8,8,16777216.0,Phon,ses-11,96,0.0079310154660171,-0.000957328339217,0.0053491647521963,EleutherAI/pythia-70m,,,96,,,,95592496
ds002236,pythia-70m-full,EleutherAI/pythia-70m@step32,32,67108864.0,Phon,ses-11,96,0.0003638853880997,-0.0056263184393001,0.0002889984337901,EleutherAI/pythia-70m,,,96,,,,95592496
ds002236,pythia-70m-full,EleutherAI/pythia-70m@step64,64,134217728.0,Phon,ses-11,96,-0.0022689873531703,-0.0068159089833099,-0.0017016658777894,EleutherAI/pythia-70m,,,96,,,,95592496
ds002236,pythia-70m-full,EleutherAI/pythia-70m@step256,256,536870912.0,Phon,ses-11,96,0.0060392532589628,0.0033541546336512,0.0040421298915197,EleutherAI/pythia-70m,,,96,,,,95592496
ds002236,pythia-70m-full,EleutherAI/pythia-70m@step1000,1000,2097152000.0,Phon,ses-11,96,0.0007901651039721,0.0089331193902511,0.0003969399260379,EleutherAI/pythia-70m,,,96,,,,95592496
ds002236,pythia-70m-full,EleutherAI/pythia-70m@step4000,4000,8388608000.0,Phon,ses-11,96,0.0204173745968651,0.0184063379029139,0.0136010128413818,EleutherAI/pythia-70m,,,96,,,,95592496
ds002236,pythia-70m-full,EleutherAI/pythia-70m@step8000,8000,16777216000.0,Phon,ses-11,96,0.0296831322947028,0.0263973445671117,0.0198108233954045,EleutherAI/pythia-70m,,,96,,,,95592496
ds002236,pythia-70m-full,EleutherAI/pythia-70m@step12000,12000,25165824000.0,Phon,ses-11,96,0.0239369077246471,0.0262914739669243,0.015920119447555,EleutherAI/pythia-70m,,,96,,,,95592496
ds002236,pythia-70m-full,EleutherAI/pythia-70m@step18000,18000,37748736000.0,Phon,ses-11,96,0.0318009290161589,0.0237279882733258,0.0213595240569069,EleutherAI/pythia-70m,,,96,,,,95592496
ds002236,pythia-70m-full,EleutherAI/pythia-70m@step24000,24000,50331648000.0,Phon,ses-11,96,0.0233563101495042,0.0208812273851022,0.0158641284061216,EleutherAI/pythia-70m,,,96,,,,95592496
ds002236,pythia-70m-full,EleutherAI/pythia-70m@step33000,33000,69206016000.0,Phon,ses-11,96,0.0168114979695636,0.0147825508776251,0.0114392968602686,EleutherAI/pythia-70m,,,96,,,,95592496
ds002236,pythia-70m-full,EleutherAI/pythia-70m@step43000,43000,90177536000.0,Phon,ses-11,96,0.0207367638777481,0.0154418866456795,0.0139063660467246,EleutherAI/pythia-70m,,,96,,,,95592496
ds002236,pythia-70m-full,EleutherAI/pythia-70m@step56000,56000,117440512000.0,Phon,ses-11,96,0.0157897230018263,0.0156711639940975,0.0106017401476932,EleutherAI/pythia-70m,,,96,,,,95592496
ds002236,pythia-70m-full,EleutherAI/pythia-70m@step71000,71000,148897792000.0,Phon,ses-11,96,0.0105184998720545,0.0217801174124346,0.0072305407079884,EleutherAI/pythia-70m,,,96,,,,95592496
ds002236,pythia-70m-full,EleutherAI/pythia-70m@step90000,90000,188743680000.0,Phon,ses-11,96,0.0225924905772052,0.0122481016711614,0.015213016089247,EleutherAI/pythia-70m,,,96,,,,95592496
ds002236,pythia-70m-full,EleutherAI/pythia-70m@step114000,114000,239075328000.0,Phon,ses-11,96,0.0114518223916686,0.0115783097407764,0.0075718744107472,EleutherAI/pythia-70m,,,96,,,,95592496
ds002236,pythia-70m-full,EleutherAI/pythia-70m@step143000,143000,299892736000.0,Phon,ses-11,96,0.0088722265468633,0.0083192909771116,0.005870785760189,EleutherAI/pythia-70m,,,96,,,,95592496
ds002236,pythia-70m-full,EleutherAI/pythia-70m@step0,0,0.0,Phon,ses-11+,96,0.0110546228546988,0.0176579089331001,0.0073811970153503,EleutherAI/pythia-70m,0.2821380444353854,0.6689092985587908,96,3.0,0.0391816101115371,,95592496
ds002236,pythia-70m-full,EleutherAI/pythia-70m@step1,1,2097152.0,Phon,ses-11+,96,0.0110546228546988,0.0176579089331001,0.0073811970153503,EleutherAI/pythia-70m,0.2821380444353854,0.6689092985587908,96,3.0,0.0391816101115371,,95592496
ds002236,pythia-70m-full,EleutherAI/pythia-70m@step2,2,4194304.0,Phon,ses-11+,96,0.0110495660100419,0.0176413145327382,0.0073840831515067,EleutherAI/pythia-70m,0.2821380444353854,0.6689092985587908,96,3.0,0.03916368681208622,,95592496
ds002236,pythia-70m-full,EleutherAI/pythia-70m@step4,4,8388608.0,Phon,ses-11+,96,0.0108679821688344,0.0173259754719812,0.0072857621131134,EleutherAI/pythia-70m,0.2821380444353854,0.6689092985587908,96,3.0,0.0385200875358139,,95592496
ds002236,pythia-70m-full,EleutherAI/pythia-70m@step8,8,16777216.0,Phon,ses-11+,96,0.0087718677271789,0.0134682589004675,0.0058913735314377,EleutherAI/pythia-70m,0.2821380444353854,0.6689092985587908,96,3.0,0.03109069443198686,,95592496
ds002236,pythia-70m-full,EleutherAI/pythia-70m@step32,32,67108864.0,Phon,ses-11+,96,0.0075759421267852,-0.0022117120348788,0.0051896576272882,EleutherAI/pythia-70m,0.2821380444353854,0.6689092985587908,96,3.0,0.026851898480923314,,95592496
ds002236,pythia-70m-full,EleutherAI/pythia-70m@step64,64,134217728.0,Phon,ses-11+,96,0.0129951147592659,0.0045244378100111,0.0087996367316624,EleutherAI/pythia-70m,0.2821380444353854,0.6689092985587908,96,3.0,0.046059420257454894,,95592496
ds002236,pythia-70m-full,EleutherAI/pythia-70m@step256,256,536870912.0,Phon,ses-11+,96,0.0116385700183377,0.0080571551598714,0.0079080130684245,EleutherAI/pythia-70m,0.2821380444353854,0.6689092985587908,96,3.0,0.04125133156582553,,95592496
ds002236,pythia-70m-full,EleutherAI/pythia-70m@step1000,1000,2097152000.0,Phon,ses-11+,96,-0.0005006464780465,0.0100426294608465,-0.0003384475666024,EleutherAI/pythia-70m,0.2821380444353854,0.6689092985587908,96,3.0,-0.0017744734817610069,,95592496
ds002236,pythia-70m-full,EleutherAI/pythia-70m@step4000,4000,8388608000.0,Phon,ses-11+,96,0.0607426695666245,0.0337573413840502,0.0407349257108553,EleutherAI/pythia-70m,0.2821380444353854,0.6689092985587908,96,3.0,0.2152941468357545,,95592496
ds002236,pythia-70m-full,EleutherAI/pythia-70m@step8000,8000,16777216000.0,Phon,ses-11+,96,0.0464781005063397,0.0398022538884826,0.0312064433951736,EleutherAI/pythia-70m,0.2821380444353854,0.6689092985587908,96,3.0,0.16473531812893813,,95592496
ds002236,pythia-70m-full,EleutherAI/pythia-70m@step12000,12000,25165824000.0,Phon,ses-11+,96,0.0449794781355044,0.042087455884477,0.0300952809749752,EleutherAI/pythia-70m,0.2821380444353854,0.6689092985587908,96,3.0,0.15942365456426594,,95592496
ds002236,pythia-70m-full,EleutherAI/pythia-70m@step18000,18000,37748736000.0,Phon,ses-11+,96,0.0405789622287634,0.0243224801225222,0.0271956761832196,EleutherAI/pythia-70m,0.2821380444353854,0.6689092985587908,96,3.0,0.14382662327574436,,95592496
ds002236,pythia-70m-full,EleutherAI/pythia-70m@step24000,24000,50331648000.0,Phon,ses-11+,96,0.0170132104748095,0.0240753661349725,0.0114052404536236,EleutherAI/pythia-70m,0.2821380444353854,0.6689092985587908,96,3.0,0.06030101508946209,,95592496
ds002236,pythia-70m-full,EleutherAI/pythia-70m@step33000,33000,69206016000.0,Phon,ses-11+,96,0.0092107044449997,0.0062955112694855,0.0062915844117862,EleutherAI/pythia-70m,0.2821380444353854,0.6689092985587908,96,3.0,0.032646091608922005,,95592496
ds002236,pythia-70m-full,EleutherAI/pythia-70m@step43000,43000,90177536000.0,Phon,ses-11+,96,0.015573927594889,0.0206907613573021,0.010442233022785,EleutherAI/pythia-70m,0.2821380444353854,0.6689092985587908,96,3.0,0.05519967229536711,,95592496
ds002236,pythia-70m-full,EleutherAI/pythia-70m@step56000,56000,117440512000.0,Phon,ses-11+,96,0.00594001991215,0.0058268130123011,0.0040259675290441,EleutherAI/pythia-70m,0.2821380444353854,0.6689092985587908,96,3.0,0.02105359425751024,,95592496
ds002236,pythia-70m-full,EleutherAI/pythia-70m@step71000,71000,148897792000.0,Phon,ses-11+,96,0.0146068596195852,0.0040405011500073,0.0098292177031743,EleutherAI/pythia-70m,0.2821380444353854,0.6689092985587908,96,3.0,0.05177203113042214,,95592496
ds002236,pythia-70m-full,EleutherAI/pythia-70m@step90000,90000,188743680000.0,Phon,ses-11+,96,0.021763130212888,-0.0050053323613002,0.0144830160507652,EleutherAI/pythia-70m,0.2821380444353854,0.6689092985587908,96,3.0,0.07713646082874208,,95592496
ds002236,pythia-70m-full,EleutherAI/pythia-70m@step114000,114000,239075328000.0,Phon,ses-11+,96,0.0176798059218532,0.0136162418137389,0.0117906358350361,EleutherAI/pythia-70m,0.2821380444353854,0.6689092985587908,96,3.0,0.06266367216528357,,95592496
ds002236,pythia-70m-full,EleutherAI/pythia-70m@step143000,143000,299892736000.0,Phon,ses-11+,96,-0.0012947518128054,0.0022487481638975,-0.0007207644027814,EleutherAI/pythia-70m,0.2821380444353854,0.6689092985587908,96,3.0,-0.004589072045907375,,95592496
ds002236,pythia-70m-full,EleutherAI/pythia-70m@step0,0,0.0,Phon,ses-9,96,0.013879758710462,0.0018593229327821,0.0092875861511642,EleutherAI/pythia-70m,,,96,,,0.008728626502912,95592496
ds002236,pythia-70m-full,EleutherAI/pythia-70m@step1,1,2097152.0,Phon,ses-9,96,0.013879758710462,0.0018593229327821,0.0092875861511642,EleutherAI/pythia-70m,,,96,,,0.008728626502912,95592496
ds002236,pythia-70m-full,EleutherAI/pythia-70m@step2,2,4194304.0,Phon,ses-9,96,0.0138677227443634,0.0018372771468811,0.0092773884700784,EleutherAI/pythia-70m,,,96,,,0.008728626502912,95592496
ds002236,pythia-70m-full,EleutherAI/pythia-70m@step4,4,8388608.0,Phon,ses-9,96,0.013523477636201,0.0014294100192344,0.0090678549851267,EleutherAI/pythia-70m,,,96,,,0.008728626502912,95592496
ds002236,pythia-70m-full,EleutherAI/pythia-70m@step8,8,16777216.0,Phon,ses-9,96,0.0089363368632413,-0.0037558678889876,0.0059660282533488,EleutherAI/pythia-70m,,,96,,,0.008728626502912,95592496
ds002236,pythia-70m-full,EleutherAI/pythia-70m@step32,32,67108864.0,Phon,ses-9,96,-0.0313556858480697,-0.0310985173308605,-0.0208929320449621,EleutherAI/pythia-70m,,,96,,,0.008728626502912,95592496
ds002236,pythia-70m-full,EleutherAI/pythia-70m@step64,64,134217728.0,Phon,ses-9,96,-0.031172249083404,-0.0267046491964465,-0.0208202014138218,EleutherAI/pythia-70m,,,96,,,0.008728626502912,95592496
ds002236,pythia-70m-full,EleutherAI/pythia-70m@step256,256,536870912.0,Phon,ses-9,96,0.0026964181064617,-0.0040667421969438,0.0018151872332729,EleutherAI/pythia-70m,,,96,,,0.008728626502912,95592496
ds002236,pythia-70m-full,EleutherAI/pythia-70m@step1000,1000,2097152000.0,Phon,ses-9,96,0.0043153735612782,0.0065458485552545,0.002864393930648,EleutherAI/pythia-70m,,,96,,,0.008728626502912,95592496
ds002236,pythia-70m-full,EleutherAI/pythia-70m@step4000,4000,8388608000.0,Phon,ses-9,96,0.0440973206529364,0.02091920845512,0.0294701438835078,EleutherAI/pythia-70m,,,96,,,0.008728626502912,95592496
ds002236,pythia-70m-full,EleutherAI/pythia-70m@step8000,8000,16777216000.0,Phon,ses-9,96,0.0424273340585548,0.038181142785509,0.0283503230548404,EleutherAI/pythia-70m,,,96,,,0.008728626502912,95592496
ds002236,pythia-70m-full,EleutherAI/pythia-70m@step12000,12000,25165824000.0,Phon,ses-9,96,0.042458111369045,0.043113390170924,0.0287845903418339,EleutherAI/pythia-70m,,,96,,,0.008728626502912,95592496
ds002236,pythia-70m-full,EleutherAI/pythia-70m@step18000,18000,37748736000.0,Phon,ses-9,96,0.016914082170444,0.0189111027582537,0.0114192863162512,EleutherAI/pythia-70m,,,96,,,0.008728626502912,95592496
ds002236,pythia-70m-full,EleutherAI/pythia-70m@step24000,24000,50331648000.0,Phon,ses-9,96,0.003993558938878,0.0121603089395898,0.0029161519723854,EleutherAI/pythia-70m,,,96,,,0.008728626502912,95592496
ds002236,pythia-70m-full,EleutherAI/pythia-70m@step33000,33000,69206016000.0,Phon,ses-9,96,0.0083289963669259,0.0151207377800196,0.0056412417312199,EleutherAI/pythia-70m,,,96,,,0.008728626502912,95592496
ds002236,pythia-70m-full,EleutherAI/pythia-70m@step43000,43000,90177536000.0,Phon,ses-9,96,0.0066952718174675,0.0131195892280781,0.0046410993485028,EleutherAI/pythia-70m,,,96,,,0.008728626502912,95592496
ds002236,pythia-70m-full,EleutherAI/pythia-70m@step56000,56000,117440512000.0,Phon,ses-9,96,-0.0178006656101995,-0.0073806034662288,-0.0118443179675444,EleutherAI/pythia-70m,,,96,,,0.008728626502912,95592496
ds002236,pythia-70m-full,EleutherAI/pythia-70m@step71000,71000,148897792000.0,Phon,ses-9,96,-0.0003551366178145,0.0078281713232949,-0.0002195387569603,EleutherAI/pythia-70m,,,96,,,0.008728626502912,95592496
ds002236,pythia-70m-full,EleutherAI/pythia-70m@step90000,90000,188743680000.0,Phon,ses-9,96,-0.002805852213918,-8.767795188067626e-05,-0.0018228835963565,EleutherAI/pythia-70m,,,96,,,0.008728626502912,95592496
ds002236,pythia-70m-full,EleutherAI/pythia-70m@step114000,114000,239075328000.0,Phon,ses-9,96,-0.0015155968506411,0.0031223742665711,-0.0010365076982871,EleutherAI/pythia-70m,,,96,,,0.008728626502912,95592496
ds002236,pythia-70m-full,EleutherAI/pythia-70m@step143000,143000,299892736000.0,Phon,ses-9,96,0.000501417464298,0.0165462245450411,0.000388666335723,EleutherAI/pythia-70m,,,96,,,0.008728626502912,95592496
ds002236,pythia-70m-full,EleutherAI/pythia-70m@step0,0,0.0,Sem,ses-11,72,0.0283742782921719,0.0046351280980393,0.0185386290344808,EleutherAI/pythia-70m,,,72,,,,95592496
ds002236,pythia-70m-full,EleutherAI/pythia-70m@step1,1,2097152.0,Sem,ses-11,72,0.0283742782921719,0.0046351280980393,0.0185386290344808,EleutherAI/pythia-70m,,,72,,,,95592496
ds002236,pythia-70m-full,EleutherAI/pythia-70m@step2,2,4194304.0,Sem,ses-11,72,0.0284053168889134,0.0046419592032193,0.0185533291070624,EleutherAI/pythia-70m,,,72,,,,95592496
ds002236,pythia-70m-full,EleutherAI/pythia-70m@step4,4,8388608.0,Sem,ses-11,72,0.0284287158458615,0.0047726549772532,0.0185251539679477,EleutherAI/pythia-70m,,,72,,,,95592496
ds002236,pythia-70m-full,EleutherAI/pythia-70m@step8,8,16777216.0,Sem,ses-11,72,0.0301225521178601,0.0064342604775965,0.0196754346474585,EleutherAI/pythia-70m,,,72,,,,95592496
ds002236,pythia-70m-full,EleutherAI/pythia-70m@step32,32,67108864.0,Sem,ses-11,72,0.0187011914571953,0.0109779398909629,0.012133072407045,EleutherAI/pythia-70m,,,72,,,,95592496
ds002236,pythia-70m-full,EleutherAI/pythia-70m@step64,64,134217728.0,Sem,ses-11,72,-0.0085979744333356,-0.0049888148933932,-0.0057238407614637,EleutherAI/pythia-70m,,,72,,,,95592496
ds002236,pythia-70m-full,EleutherAI/pythia-70m@step256,256,536870912.0,Sem,ses-11,72,-0.0044302853962392,-0.010127089901735,-0.0029663521463637,EleutherAI/pythia-70m,,,72,,,,95592496
ds002236,pythia-70m-full,EleutherAI/pythia-70m@step1000,1000,2097152000.0,Sem,ses-11,72,-0.0170634743076114,-0.0248049443070293,-0.0114335939533701,EleutherAI/pythia-70m,,,72,,,,95592496
ds002236,pythia-70m-full,EleutherAI/pythia-70m@step4000,4000,8388608000.0,Sem,ses-11,72,0.0011210788732229,-0.0109667211548824,0.0009683672813134,EleutherAI/pythia-70m,,,72,,,,95592496
ds002236,pythia-70m-full,EleutherAI/pythia-70m@step8000,8000,16777216000.0,Sem,ses-11,72,-0.0063807154019273,-0.0093886563441223,-0.003997194736149,EleutherAI/pythia-70m,,,72,,,,95592496
ds002236,pythia-70m-full,EleutherAI/pythia-70m@step12000,12000,25165824000.0,Sem,ses-11,72,-0.0098581564083195,-0.0139275882181533,-0.0066144201586995,EleutherAI/pythia-70m,,,72,,,,95592496
ds002236,pythia-70m-full,EleutherAI/pythia-70m@step18000,18000,37748736000.0,Sem,ses-11,72,-0.013884738114948,-0.0226574717110378,-0.0091618202364874,EleutherAI/pythia-70m,,,72,,,,95592496
ds002236,pythia-70m-full,EleutherAI/pythia-70m@step24000,24000,50331648000.0,Sem,ses-11,72,-0.0251675971580496,-0.0302941877675609,-0.0167629827672274,EleutherAI/pythia-70m,,,72,,,,95592496
ds002236,pythia-70m-full,EleutherAI/pythia-70m@step33000,33000,69206016000.0,Sem,ses-11,72,-0.0202409327954914,-0.030189843109779,-0.0136943426158166,EleutherAI/pythia-70m,,,72,,,,95592496
ds002236,pythia-70m-full,EleutherAI/pythia-70m@step43000,43000,90177536000.0,Sem,ses-11,72,-0.0128060764535065,-0.0235012959206526,-0.0083545412505474,EleutherAI/pythia-70m,,,72,,,,95592496
ds002236,pythia-70m-full,EleutherAI/pythia-70m@step56000,56000,117440512000.0,Sem,ses-11,72,-0.0083500055662439,-0.0145787738436623,-0.0052852885961124,EleutherAI/pythia-70m,,,72,,,,95592496
ds002236,pythia-70m-full,EleutherAI/pythia-70m@step71000,71000,148897792000.0,Sem,ses-11,72,-0.0198115765593933,-0.0143622001005464,-0.0129256513204033,EleutherAI/pythia-70m,,,72,,,,95592496
ds002236,pythia-70m-full,EleutherAI/pythia-70m@step90000,90000,188743680000.0,Sem,ses-11,72,-0.0094881106821182,-0.0167557771014244,-0.0064129066637266,EleutherAI/pythia-70m,,,72,,,,95592496
ds002236,pythia-70m-full,EleutherAI/pythia-70m@step114000,114000,239075328000.0,Sem,ses-11,72,-0.0073301930612287,-0.0200086799209899,-0.004830811352131,EleutherAI/pythia-70m,,,72,,,,95592496
ds002236,pythia-70m-full,EleutherAI/pythia-70m@step143000,143000,299892736000.0,Sem,ses-11,72,-0.0147212941226431,-0.0211909500689025,-0.0097963733695935,EleutherAI/pythia-70m,,,72,,,,95592496
ds002236,pythia-70m-full,EleutherAI/pythia-70m@step0,0,0.0,Sem,ses-11+,72,-0.012832604996693,-0.0148575387070277,-0.0087502182042023,EleutherAI/pythia-70m,0.2731807870321323,0.6611824419010607,72,3.0,-0.0469747713084361,,95592496
ds002236,pythia-70m-full,EleutherAI/pythia-70m@step1,1,2097152.0,Sem,ses-11+,72,-0.012832604996693,-0.0148575387070277,-0.0087502182042023,EleutherAI/pythia-70m,0.2731807870321323,0.6611824419010607,72,3.0,-0.0469747713084361,,95592496
ds002236,pythia-70m-full,EleutherAI/pythia-70m@step2,2,4194304.0,Sem,ses-11+,72,-0.0128471254144963,-0.0148512370748328,-0.0087698183009778,EleutherAI/pythia-70m,0.2731807870321323,0.6611824419010607,72,3.0,-0.047027924452773415,,95592496
ds002236,pythia-70m-full,EleutherAI/pythia-70m@step4,4,8388608.0,Sem,ses-11+,72,-0.0127752347584021,-0.0147235985056038,-0.0086840678775851,EleutherAI/pythia-70m,0.2731807870321323,0.6611824419010607,72,3.0,-0.046764762987886996,,95592496
ds002236,pythia-70m-full,EleutherAI/pythia-70m@step8,8,16777216.0,Sem,ses-11+,72,-0.011241538444087,-0.0132613712125261,-0.0075644123492859,EleutherAI/pythia-70m,0.2731807870321323,0.6611824419010607,72,3.0,-0.041150545637621064,,95592496
ds002236,pythia-70m-full,EleutherAI/pythia-70m@step32,32,67108864.0,Sem,ses-11+,72,-0.0110797894982087,-0.0091414002960497,-0.007486011962184,EleutherAI/pythia-70m,0.2731807870321323,0.6611824419010607,72,3.0,-0.04055845075556307,,95592496
ds002236,pythia-70m-full,EleutherAI/pythia-70m@step64,64,134217728.0,Sem,ses-11+,72,-0.0120592307000581,-0.0196307345621675,-0.0083043160025602,EleutherAI/pythia-70m,0.2731807870321323,0.6611824419010607,72,3.0,-0.044143773180650735,,95592496
ds002236,pythia-70m-full,EleutherAI/pythia-70m@step256,256,536870912.0,Sem,ses-11+,72,0.0085054206032576,-0.0120739706488824,0.0054953771334245,EleutherAI/pythia-70m,0.2731807870321323,0.6611824419010607,72,3.0,0.03113476864775695,,95592496
ds002236,pythia-70m-full,EleutherAI/pythia-70m@step1000,1000,2097152000.0,Sem,ses-11+,72,-0.0227975280839134,-0.02723329924951,-0.0152905254969696,EleutherAI/pythia-70m,0.2731807870321323,0.6611824419010607,72,3.0,-0.08345216488900405,,95592496
ds002236,pythia-70m-full,EleutherAI/pythia-70m@step4000,4000,8388608000.0,Sem,ses-11+,72,0.002361023096738,-0.0093649808539064,0.0016451831230916,EleutherAI/pythia-70m,0.2731807870321323,0.6611824419010607,72,3.0,0.008642712843712137,,95592496
ds002236,pythia-70m-full,EleutherAI/pythia-70m@step8000,8000,16777216000.0,Sem,ses-11+,72,-0.010769660796436,-0.0062380385781658,-0.0072795984430173,EleutherAI/pythia-70m,0.2731807870321323,0.6611824419010607,72,3.0,-0.03942319997478169,,95592496
ds002236,pythia-70m-full,EleutherAI/pythia-70m@step12000,12000,25165824000.0,Sem,ses-11+,72,-0.0049842149742466,-0.0075515345479352,-0.00341286685103,EleutherAI/pythia-70m,0.2731807870321323,0.6611824419010607,72,3.0,-0.018245115362598114,,95592496
ds002236,pythia-70m-full,EleutherAI/pythia-70m@step18000,18000,37748736000.0,Sem,ses-11+,72,-0.0108358779546307,-0.0111714950418436,-0.0074290491809303,EleutherAI/pythia-70m,0.2731807870321323,0.6611824419010607,72,3.0,-0.03966559314933138,,95592496
ds002236,pythia-70m-full,EleutherAI/pythia-70m@step24000,24000,50331648000.0,Sem,ses-11+,72,-0.0151113383001483,-0.0165605542054008,-0.010012586937148,EleutherAI/pythia-70m,0.2731807870321323,0.6611824419010607,72,3.0,-0.055316255818425704,,95592496
ds002236,pythia-70m-full,EleutherAI/pythia-70m@step33000,33000,69206016000.0,Sem,ses-11+,72,0.0011539147363667,-0.0051634251158241,0.0009818423478465,EleutherAI/pythia-70m,0.2731807870321323,0.6611824419010607,72,3.0,0.0042239966759850265,,95592496
ds002236,pythia-70m-full,EleutherAI/pythia-70m@step43000,43000,90177536000.0,Sem,ses-11+,72,-0.0051351034294656,-0.0157374172220301,-0.0032383034891234,EleutherAI/pythia-70m,0.2731807870321323,0.6611824419010607,72,3.0,-0.018797454554743614,,95592496
ds002236,pythia-70m-full,EleutherAI/pythia-70m@step56000,56000,117440512000.0,Sem,ses-11+,72,0.0081324227897389,-0.0094046571694798,0.0055260022846362,EleutherAI/pythia-70m,0.2731807870321323,0.6611824419010607,72,3.0,0.029769380482758262,,95592496
ds002236,pythia-70m-full,EleutherAI/pythia-70m@step71000,71000,148897792000.0,Sem,ses-11+,72,-0.0087151107860413,-0.010035016376299,-0.0060000796253931,EleutherAI/pythia-70m,0.2731807870321323,0.6611824419010607,72,3.0,-0.03190235624080036,,95592496
ds002236,pythia-70m-full,EleutherAI/pythia-70m@step90000,90000,188743680000.0,Sem,ses-11+,72,-0.0073371988789642,-0.0138727832047347,-0.0049937371565772,EleutherAI/pythia-70m,0.2731807870321323,0.6611824419010607,72,3.0,-0.026858400104474323,,95592496
ds002236,pythia-70m-full,EleutherAI/pythia-70m@step114000,114000,239075328000.0,Sem,ses-11+,72,-0.000325315279494,-0.0181392988355256,-0.000354026748007,EleutherAI/pythia-70m,0.2731807870321323,0.6611824419010607,72,3.0,-0.001190842456485549,,95592496
ds002236,pythia-70m-full,EleutherAI/pythia-70m@step143000,143000,299892736000.0,Sem,ses-11+,72,-0.0067433629443572,-0.0231082152328869,-0.0045747850880013,EleutherAI/pythia-70m,0.2731807870321323,0.6611824419010607,72,3.0,-0.024684616431550243,,95592496
ds002236,pythia-70m-full,EleutherAI/pythia-70m@step0,0,0.0,Sem,ses-9,72,0.0355298339737253,0.0088639817630643,0.0235721788876332,EleutherAI/pythia-70m,,,72,,,0.0084082983710845,95592496
ds002236,pythia-70m-full,EleutherAI/pythia-70m@step1,1,2097152.0,Sem,ses-9,72,0.0355298339737253,0.0088639817630643,0.0235721788876332,EleutherAI/pythia-70m,,,72,,,0.0084082983710845,95592496
ds002236,pythia-70m-full,EleutherAI/pythia-70m@step2,2,4194304.0,Sem,ses-9,72,0.0355203280800946,0.0088674210915813,0.0235587038211001,EleutherAI/pythia-70m,,,72,,,0.0084082983710845,95592496
ds002236,pythia-70m-full,EleutherAI/pythia-70m@step4,4,8388608.0,Sem,ses-9,72,0.0356186574519862,0.0089445725280072,0.0236040290448934,EleutherAI/pythia-70m,,,72,,,0.0084082983710845,95592496
ds002236,pythia-70m-full,EleutherAI/pythia-70m@step8,8,16777216.0,Sem,ses-9,72,0.0362801643112541,0.0097833063218099,0.0240291061437115,EleutherAI/pythia-70m,,,72,,,0.0084082983710845,95592496
ds002236,pythia-70m-full,EleutherAI/pythia-70m@step32,32,67108864.0,Sem,ses-9,72,0.0249420779520574,0.0070843292209852,0.0165614692722545,EleutherAI/pythia-70m,,,72,,,0.0084082983710845,95592496
ds002236,pythia-70m-full,EleutherAI/pythia-70m@step64,64,134217728.0,Sem,ses-9,72,-0.0029450132308737,-0.0088729034163304,-0.0023587491463239,EleutherAI/pythia-70m,,,72,,,0.0084082983710845,95592496
ds002236,pythia-70m-full,EleutherAI/pythia-70m@step256,256,536870912.0,Sem,ses-9,72,0.0069539262493636,-0.0005660350332791,0.0045208848218688,EleutherAI/pythia-70m,,,72,,,0.0084082983710845,95592496
ds002236,pythia-70m-full,EleutherAI/pythia-70m@step1000,1000,2097152000.0,Sem,ses-9,72,0.002230742481831,-0.0013170015218496,0.0016139454688557,EleutherAI/pythia-70m,,,72,,,0.0084082983710845,95592496
ds002236,pythia-70m-full,EleutherAI/pythia-70m@step4000,4000,8388608000.0,Sem,ses-9,72,-0.0147494675849799,-0.006571862828148,-0.0101571376508671,EleutherAI/pythia-70m,,,72,,,0.0084082983710845,95592496
ds002236,pythia-70m-full,EleutherAI/pythia-70m@step8000,8000,16777216000.0,Sem,ses-9,72,-0.0091574330668007,0.0078987359292584,-0.0062426308229896,EleutherAI/pythia-70m,,,72,,,0.0084082983710845,95592496
ds002236,pythia-70m-full,EleutherAI/pythia-70m@step12000,12000,25165824000.0,Sem,ses-9,72,-0.002701788687168,0.0048314689750522,-0.0020414725797708,EleutherAI/pythia-70m,,,72,,,0.0084082983710845,95592496
ds002236,pythia-70m-full,EleutherAI/pythia-70m@step18000,18000,37748736000.0,Sem,ses-9,72,0.0155698920308198,0.0121531242870335,0.010225125486557,EleutherAI/pythia-70m,,,72,,,0.0084082983710845,95592496
ds002236,pythia-70m-full,EleutherAI/pythia-70m@step24000,24000,50331648000.0,Sem,ses-9,72,0.0109336166216112,0.0029183301720556,0.0071601603532917,EleutherAI/pythia-70m,,,72,,,0.0084082983710845,95592496
ds002236,pythia-70m-full,EleutherAI/pythia-70m@step33000,33000,69206016000.0,Sem,ses-9,72,0.0103762189877631,0.0057363098798302,0.0068686089137565,EleutherAI/pythia-70m,,,72,,,0.0084082983710845,95592496
ds002236,pythia-70m-full,EleutherAI/pythia-70m@step43000,43000,90177536000.0,Sem,ses-9,72,0.0144099509545688,0.0032033195578581,0.009700822897813,EleutherAI/pythia-70m,,,72,,,0.0084082983710845,95592496
ds002236,pythia-70m-full,EleutherAI/pythia-70m@step56000,56000,117440512000.0,Sem,ses-9,72,0.0043033513905428,-0.0028115833137089,0.0027826012390936,EleutherAI/pythia-70m,,,72,,,0.0084082983710845,95592496
ds002236,pythia-70m-full,EleutherAI/pythia-70m@step71000,71000,148897792000.0,Sem,ses-9,72,0.0221025896262566,0.0087974894700169,0.0146455598124515,EleutherAI/pythia-70m,,,72,,,0.0084082983710845,95592496
ds002236,pythia-70m-full,EleutherAI/pythia-70m@step90000,90000,188743680000.0,Sem,ses-9,72,-0.0111016333633956,-0.0073630030947869,-0.0075974875125945,EleutherAI/pythia-70m,,,72,,,0.0084082983710845,95592496
ds002236,pythia-70m-full,EleutherAI/pythia-70m@step114000,114000,239075328000.0,Sem,ses-9,72,0.0009161308579678,-0.0022183318292316,0.0006927409204082,EleutherAI/pythia-70m,,,72,,,0.0084082983710845,95592496
ds002236,pythia-70m-full,EleutherAI/pythia-70m@step143000,143000,299892736000.0,Sem,ses-9,72,-0.0031969740271398,-0.003856241899608,-0.0021413105727209,EleutherAI/pythia-70m,,,72,,,0.0084082983710845,95592496
