dataset,task,session,family,params,rsa_mean,null_mean,null_sd,null_n,null_min,null_max,z_vs_null,exceeds_null_range,cell
ds002236,Phon,ses-11,babylm-gpt2,134601216.0,0.05030482553227269,0.02034630187226137,0.011284453116407854,9,0.0003912895474507919,0.04385512007138558,2.654849406609784,True,ds002236/Phon/ses-11
ds002236,Phon,ses-11,babylm-gpt2-3,134601216.0,0.04618331608987733,0.02034630187226137,0.011284453116407854,9,0.0003912895474507919,0.04385512007138558,2.2896115523798266,True,ds002236/Phon/ses-11
ds002236,Phon,ses-11,babylm-gpt2-5,134601216.0,0.046333528406579345,0.02034630187226137,0.011284453116407854,9,0.0003912895474507919,0.04385512007138558,2.302922992035117,True,ds002236/Phon/ses-11
ds002236,Phon,ses-11,babylm-gpt2-7,134601216.0,0.04910040395250073,0.02034630187226137,0.011284453116407854,9,0.0003912895474507919,0.04385512007138558,2.548116579830549,True,ds002236/Phon/ses-11
ds002236,Phon,ses-11,polypythia-160m-seed1,,0.013745767427626182,0.02034630187226137,0.011284453116407854,9,0.0003912895474507919,0.04385512007138558,-0.5849228470839992,False,ds002236/Phon/ses-11
ds002236,Phon,ses-11,polypythia-160m-seed2,,0.027849509482984872,0.02034630187226137,0.011284453116407854,9,0.0003912895474507919,0.04385512007138558,0.6649154844565454,False,ds002236/Phon/ses-11
ds002236,Phon,ses-11,polypythia-160m-seed3,,0.014724969370295427,0.02034630187226137,0.011284453116407854,9,0.0003912895474507919,0.04385512007138558,-0.4981484210158486,False,ds002236/Phon/ses-11
ds002236,Phon,ses-11,polypythia-410m-seed1,,0.03158558547582808,0.02034630187226137,0.011284453116407854,9,0.0003912895474507919,0.04385512007138558,0.9959971907920403,False,ds002236/Phon/ses-11
ds002236,Phon,ses-11,polypythia-410m-seed2,,0.014692709258529718,0.02034630187226137,0.011284453116407854,9,0.0003912895474507919,0.04385512007138558,-0.5010072314015112,False,ds002236/Phon/ses-11
ds002236,Phon,ses-11,polypythia-410m-seed3,,0.034009490016983335,0.02034630187226137,0.011284453116407854,9,0.0003912895474507919,0.04385512007138558,1.2107975463033627,False,ds002236/Phon/ses-11
ds002236,Phon,ses-11,polypythia-70m-seed1,,0.02670002826833766,0.02034630187226137,0.011284453116407854,9,0.0003912895474507919,0.04385512007138558,0.5630513353666934,False,ds002236/Phon/ses-11
ds002236,Phon,ses-11,polypythia-70m-seed2,,0.007642307657334545,0.02034630187226137,0.011284453116407854,9,0.0003912895474507919,0.04385512007138558,-1.125796180273453,False,ds002236/Phon/ses-11
ds002236,Phon,ses-11,polypythia-70m-seed3,,0.0035993276046336455,0.02034630187226137,0.011284453116407854,9,0.0003912895474507919,0.04385512007138558,-1.4840749564794808,False,ds002236/Phon/ses-11
ds002236,Phon,ses-11,pythia-1.4b-full,1515311488.0,0.03048965876654046,0.02034630187226137,0.011284453116407854,9,0.0003912895474507919,0.04385512007138558,0.898878907966786,False,ds002236/Phon/ses-11
ds002236,Phon,ses-11,pythia-160m-full,212654688.0,0.025492562069601075,0.02034630187226137,0.011284453116407854,9,0.0003912895474507919,0.04385512007138558,0.4560487020728477,False,ds002236/Phon/ses-11
ds002236,Phon,ses-11,pythia-1b-full,1078891008.0,0.024909556192137403,0.02034630187226137,0.011284453116407854,9,0.0003912895474507919,0.04385512007138558,0.404384179968895,False,ds002236/Phon/ses-11
ds002236,Phon,ses-11,pythia-2.8b-full,,0.04655482442735835,0.02034630187226137,0.011284453116407854,9,0.0003912895474507919,0.04385512007138558,2.322533691684995,True,ds002236/Phon/ses-11
ds002236,Phon,ses-11,pythia-410m-full,505997504.0,0.027634676957477355,0.02034630187226137,0.011284453116407854,9,0.0003912895474507919,0.04385512007138558,0.6458775635851168,False,ds002236/Phon/ses-11
ds002236,Phon,ses-11,pythia-6.9b-full,,0.0116065295407799,0.02034630187226137,0.011284453116407854,9,0.0003912895474507919,0.04385512007138558,-0.7744967559636224,False,ds002236/Phon/ses-11
ds002236,Phon,ses-11,pythia-70m-full,95592496.0,0.01959707693363439,0.02034630187226137,0.011284453116407854,9,0.0003912895474507919,0.04385512007138558,-0.06639443940243689,False,ds002236/Phon/ses-11
ds002236,Phon,ses-11+,babylm-gpt2,134601216.0,0.054878670982843075,0.014672418515669796,0.011901480068916177,9,-0.005756194363872311,0.03669539103891935,3.3782565054393867,True,ds002236/Phon/ses-11+
ds002236,Phon,ses-11+,babylm-gpt2-3,134601216.0,0.048352903322014716,0.014672418515669796,0.011901480068916177,9,-0.005756194363872311,0.03669539103891935,2.8299408654483487,True,ds002236/Phon/ses-11+
ds002236,Phon,ses-11+,babylm-gpt2-5,134601216.0,0.045732898857072296,0.014672418515669796,0.011901480068916177,9,-0.005756194363872311,0.03669539103891935,2.6097998031795266,True,ds002236/Phon/ses-11+
ds002236,Phon,ses-11+,babylm-gpt2-7,134601216.0,0.04972403156853293,0.014672418515669796,0.011901480068916177,9,-0.005756194363872311,0.03669539103891935,2.9451473976257434,True,ds002236/Phon/ses-11+
ds002236,Phon,ses-11+,polypythia-160m-seed1,,0.026105902767683965,0.014672418515669796,0.011901480068916177,9,-0.005756194363872311,0.03669539103891935,0.9606775111841508,False,ds002236/Phon/ses-11+
ds002236,Phon,ses-11+,polypythia-160m-seed2,,0.02719983522367517,0.014672418515669796,0.011901480068916177,9,-0.005756194363872311,0.03669539103891935,1.0525931762658658,False,ds002236/Phon/ses-11+
ds002236,Phon,ses-11+,polypythia-160m-seed3,,0.023614813963160928,0.014672418515669796,0.011901480068916177,9,-0.005756194363872311,0.03669539103891935,0.7513683504664711,False,ds002236/Phon/ses-11+
ds002236,Phon,ses-11+,polypythia-410m-seed1,,0.03542842157279074,0.014672418515669796,0.011901480068916177,9,-0.005756194363872311,0.03669539103891935,1.743985028494957,False,ds002236/Phon/ses-11+
ds002236,Phon,ses-11+,polypythia-410m-seed2,,0.013950501554226563,0.014672418515669796,0.011901480068916177,9,-0.005756194363872311,0.03669539103891935,-0.06065774653765192,False,ds002236/Phon/ses-11+
ds002236,Phon,ses-11+,polypythia-410m-seed3,,0.034695772524094726,0.014672418515669796,0.011901480068916177,9,-0.005756194363872311,0.03669539103891935,1.6824255380405286,False,ds002236/Phon/ses-11+
ds002236,Phon,ses-11+,polypythia-70m-seed1,,0.027020752405169827,0.014672418515669796,0.011901480068916177,9,-0.005756194363872311,0.03669539103891935,1.037546071412658,False,ds002236/Phon/ses-11+
ds002236,Phon,ses-11+,polypythia-70m-seed2,,0.030040745578717765,0.014672418515669796,0.011901480068916177,9,-0.005756194363872311,0.03669539103891935,1.2912954501504705,False,ds002236/Phon/ses-11+
ds002236,Phon,ses-11+,polypythia-70m-seed3,,0.010138451891375227,0.014672418515669796,0.011901480068916177,9,-0.005756194363872311,0.03669539103891935,-0.38095821679659886,False,ds002236/Phon/ses-11+
ds002236,Phon,ses-11+,pythia-1.4b-full,1515311488.0,0.031636566832406454,0.014672418515669796,0.011901480068916177,9,-0.005756194363872311,0.03669539103891935,1.4253813994986186,False,ds002236/Phon/ses-11+
ds002236,Phon,ses-11+,pythia-160m-full,212654688.0,0.024683759098977808,0.014672418515669796,0.011901480068916177,9,-0.005756194363872311,0.03669539103891935,0.8411845018717665,False,ds002236/Phon/ses-11+
ds002236,Phon,ses-11+,pythia-1b-full,1078891008.0,0.027095613672209962,0.014672418515669796,0.011901480068916177,9,-0.005756194363872311,0.03669539103891935,1.0438361518569934,False,ds002236/Phon/ses-11+
ds002236,Phon,ses-11+,pythia-2.8b-full,,0.033846809153801755,0.014672418515669796,0.011901480068916177,9,-0.005756194363872311,0.03669539103891935,1.6110929503810945,False,ds002236/Phon/ses-11+
ds002236,Phon,ses-11+,pythia-410m-full,505997504.0,0.020272365051623418,0.014672418515669796,0.011901480068916177,9,-0.005756194363872311,0.03669539103891935,0.47052522068909264,False,ds002236/Phon/ses-11+
ds002236,Phon,ses-11+,pythia-6.9b-full,,0.0290262211285107,0.014672418515669796,0.011901480068916177,9,-0.005756194363872311,0.03669539103891935,1.206051896883784,False,ds002236/Phon/ses-11+
ds002236,Phon,ses-11+,pythia-70m-full,95592496.0,0.027518436398573754,0.014672418515669796,0.011901480068916177,9,-0.005756194363872311,0.03669539103891935,1.07936305472247,False,ds002236/Phon/ses-11+
ds002236,Phon,ses-9,babylm-gpt2,134601216.0,0.04613684781422871,0.017304846743432606,0.012081444575723424,9,0.003296030527535891,0.041993720608063285,2.386469671742021,True,ds002236/Phon/ses-9
ds002236,Phon,ses-9,babylm-gpt2-3,134601216.0,0.04946000096511365,0.017304846743432606,0.012081444575723424,9,0.003296030527535891,0.041993720608063285,2.6615322381475752,True,ds002236/Phon/ses-9
ds002236,Phon,ses-9,babylm-gpt2-5,134601216.0,0.04680205447918726,0.017304846743432606,0.012081444575723424,9,0.003296030527535891,0.041993720608063285,2.441529864319921,True,ds002236/Phon/ses-9
ds002236,Phon,ses-9,babylm-gpt2-7,134601216.0,0.0510851493120129,0.017304846743432606,0.012081444575723424,9,0.003296030527535891,0.041993720608063285,2.7960483000897733,True,ds002236/Phon/ses-9
ds002236,Phon,ses-9,polypythia-160m-seed1,,0.031250291341785426,0.017304846743432606,0.012081444575723424,9,0.003296030527535891,0.041993720608063285,1.1542861874626265,False,ds002236/Phon/ses-9
ds002236,Phon,ses-9,polypythia-160m-seed2,,0.019340834351367044,0.017304846743432606,0.012081444575723424,9,0.003296030527535891,0.041993720608063285,0.1685218679913139,False,ds002236/Phon/ses-9
ds002236,Phon,ses-9,polypythia-160m-seed3,,0.02459602099702197,0.017304846743432606,0.012081444575723424,9,0.003296030527535891,0.041993720608063285,0.6035018583986491,False,ds002236/Phon/ses-9
ds002236,Phon,ses-9,polypythia-410m-seed1,,0.024748726264891364,0.017304846743432606,0.012081444575723424,9,0.003296030527535891,0.041993720608063285,0.6161415114560526,False,ds002236/Phon/ses-9
ds002236,Phon,ses-9,polypythia-410m-seed2,,0.011555380369400209,0.017304846743432606,0.012081444575723424,9,0.003296030527535891,0.041993720608063285,-0.475892294004761,False,ds002236/Phon/ses-9
ds002236,Phon,ses-9,polypythia-410m-seed3,,0.03802657466733275,0.017304846743432606,0.012081444575723424,9,0.003296030527535891,0.041993720608063285,1.7151697211390262,False,ds002236/Phon/ses-9
ds002236,Phon,ses-9,polypythia-70m-seed1,,0.03171235350845018,0.017304846743432606,0.012081444575723424,9,0.003296030527535891,0.041993720608063285,1.1925317932565918,False,ds002236/Phon/ses-9
ds002236,Phon,ses-9,polypythia-70m-seed2,,0.025696968850340618,0.017304846743432606,0.012081444575723424,9,0.003296030527535891,0.041993720608063285,0.6946290283672887,False,ds002236/Phon/ses-9
ds002236,Phon,ses-9,polypythia-70m-seed3,,0.021748083819991482,0.017304846743432606,0.012081444575723424,9,0.003296030527535891,0.041993720608063285,0.36777365891221003,False,ds002236/Phon/ses-9
ds002236,Phon,ses-9,pythia-1.4b-full,1515311488.0,0.024161340220923696,0.017304846743432606,0.012081444575723424,9,0.003296030527535891,0.041993720608063285,0.5675226529837828,False,ds002236/Phon/ses-9
ds002236,Phon,ses-9,pythia-160m-full,212654688.0,0.02487751914312829,0.017304846743432606,0.012081444575723424,9,0.003296030527535891,0.041993720608063285,0.6268018987491188,False,ds002236/Phon/ses-9
ds002236,Phon,ses-9,pythia-1b-full,1078891008.0,0.03454711142496049,0.017304846743432606,0.012081444575723424,9,0.003296030527535891,0.041993720608063285,1.4271691248060403,False,ds002236/Phon/ses-9
ds002236,Phon,ses-9,pythia-2.8b-full,,0.03604582640400157,0.017304846743432606,0.012081444575723424,9,0.003296030527535891,0.041993720608063285,1.5512200998072099,False,ds002236/Phon/ses-9
ds002236,Phon,ses-9,pythia-410m-full,505997504.0,0.02615556445517301,0.017304846743432606,0.012081444575723424,9,0.003296030527535891,0.041993720608063285,0.7325877014347377,False,ds002236/Phon/ses-9
ds002236,Phon,ses-9,pythia-6.9b-full,,0.0076094404163309,0.017304846743432606,0.012081444575723424,9,0.003296030527535891,0.041993720608063285,-0.8025038948226236,False,ds002236/Phon/ses-9
ds002236,Phon,ses-9,pythia-70m-full,95592496.0,0.01788232426259188,0.017304846743432606,0.012081444575723424,9,0.003296030527535891,0.041993720608063285,0.047798714428543054,False,ds002236/Phon/ses-9
ds002236,Sem,ses-11,babylm-gpt2,134601216.0,0.024351803137081532,0.02768878650705746,0.009949186857220202,9,0.01583261478916974,0.04390040165439214,-0.3354026231354025,False,ds002236/Sem/ses-11
ds002236,Sem,ses-11,babylm-gpt2-3,134601216.0,0.02028736463182891,0.02768878650705746,0.009949186857220202,9,0.01583261478916974,0.04390040165439214,-0.743922290479174,False,ds002236/Sem/ses-11
ds002236,Sem,ses-11,babylm-gpt2-5,134601216.0,0.01668137046673959,0.02768878650705746,0.009949186857220202,9,0.01583261478916974,0.04390040165439214,-1.1063633840920077,False,ds002236/Sem/ses-11
ds002236,Sem,ses-11,babylm-gpt2-7,134601216.0,0.013158967893250079,0.02768878650705746,0.009949186857220202,9,0.01583261478916974,0.04390040165439214,-1.4604026260963205,False,ds002236/Sem/ses-11
ds002236,Sem,ses-11,polypythia-160m-seed1,,0.01817122838718752,0.02768878650705746,0.009949186857220202,9,0.01583261478916974,0.04390040165439214,-0.9566166819917523,False,ds002236/Sem/ses-11
ds002236,Sem,ses-11,polypythia-160m-seed2,,0.006650673627276963,0.02768878650705746,0.009949186857220202,9,0.01583261478916974,0.04390040165439214,-2.114556011631541,False,ds002236/Sem/ses-11
ds002236,Sem,ses-11,polypythia-160m-seed3,,0.03128274921770591,0.02768878650705746,0.009949186857220202,9,0.01583261478916974,0.04390040165439214,0.36123180338504574,False,ds002236/Sem/ses-11
ds002236,Sem,ses-11,polypythia-410m-seed1,,0.011885882304415583,0.02768878650705746,0.009949186857220202,9,0.01583261478916974,0.04390040165439214,-1.5883613836414767,False,ds002236/Sem/ses-11
ds002236,Sem,ses-11,polypythia-410m-seed2,,0.008511858688778354,0.02768878650705746,0.009949186857220202,9,0.01583261478916974,0.04390040165439214,-1.927486948781373,False,ds002236/Sem/ses-11
ds002236,Sem,ses-11,polypythia-410m-seed3,,0.015542270293536864,0.02768878650705746,0.009949186857220202,9,0.01583261478916974,0.04390040165439214,-1.2208551701595367,False,ds002236/Sem/ses-11
ds002236,Sem,ses-11,polypythia-70m-seed1,,0.010103793106430399,0.02768878650705746,0.009949186857220202,9,0.01583261478916974,0.04390040165439214,-1.7674804637793584,False,ds002236/Sem/ses-11
ds002236,Sem,ses-11,polypythia-70m-seed2,,0.0029387394578987546,0.02768878650705746,0.009949186857220202,9,0.01583261478916974,0.04390040165439214,-2.4876452120504102,False,ds002236/Sem/ses-11
ds002236,Sem,ses-11,polypythia-70m-seed3,,0.01600664666722439,0.02768878650705746,0.009949186857220202,9,0.01583261478916974,0.04390040165439214,-1.1741803634289218,False,ds002236/Sem/ses-11
ds002236,Sem,ses-11,pythia-1.4b-full,1515311488.0,-0.011452829753366207,0.02768878650705746,0.009949186857220202,9,0.01583261478916974,0.04390040165439214,-3.9341522902465433,False,ds002236/Sem/ses-11
ds002236,Sem,ses-11,pythia-160m-full,212654688.0,0.025710979135965664,0.02768878650705746,0.009949186857220202,9,0.01583261478916974,0.04390040165439214,-0.19879085592371645,False,ds002236/Sem/ses-11
ds002236,Sem,ses-11,pythia-1b-full,1078891008.0,0.008837149567499009,0.02768878650705746,0.009949186857220202,9,0.01583261478916974,0.04390040165439214,-1.8947917262080238,False,ds002236/Sem/ses-11
ds002236,Sem,ses-11,pythia-2.8b-full,,-0.03217855745328653,0.02768878650705746,0.009949186857220202,9,0.01583261478916974,0.04390040165439214,-6.017310240474355,False,ds002236/Sem/ses-11
ds002236,Sem,ses-11,pythia-410m-full,505997504.0,0.00028088753022890956,0.02768878650705746,0.009949186857220202,9,0.01583261478916974,0.04390040165439214,-2.7547878404694375,False,ds002236/Sem/ses-11
ds002236,Sem,ses-11,pythia-6.9b-full,,0.0307375082649826,0.02768878650705746,0.009949186857220202,9,0.01583261478916974,0.04390040165439214,0.3064292390601408,False,ds002236/Sem/ses-11
ds002236,Sem,ses-11,pythia-70m-full,95592496.0,0.007359583472496464,0.02768878650705746,0.009949186857220202,9,0.01583261478916974,0.04390040165439214,-2.043302968001645,False,ds002236/Sem/ses-11
ds002236,Sem,ses-11+,babylm-gpt2,134601216.0,0.0019837110281458337,0.007277355640539997,0.007571109279539786,9,-0.002341370422766229,0.017344380864750337,-0.6991900944686854,False,ds002236/Sem/ses-11+
ds002236,Sem,ses-11+,babylm-gpt2-3,134601216.0,0.007743407746135044,0.007277355640539997,0.007571109279539786,9,-0.002341370422766229,0.017344380864750337,0.06155664756477752,False,ds002236/Sem/ses-11+
ds002236,Sem,ses-11+,babylm-gpt2-5,134601216.0,0.005863642515165222,0.007277355640539997,0.007571109279539786,9,-0.002341370422766229,0.017344380864750337,-0.18672470217742104,False,ds002236/Sem/ses-11+
ds002236,Sem,ses-11+,babylm-gpt2-7,134601216.0,0.004415898316772923,0.007277355640539997,0.007571109279539786,9,-0.002341370422766229,0.017344380864750337,-0.3779442639270701,False,ds002236/Sem/ses-11+
ds002236,Sem,ses-11+,polypythia-160m-seed1,,-0.0008879719593329089,0.007277355640539997,0.007571109279539786,9,-0.002341370422766229,0.017344380864750337,-1.078484974710237,False,ds002236/Sem/ses-11+
ds002236,Sem,ses-11+,polypythia-160m-seed2,,0.0009798539562702545,0.007277355640539997,0.007571109279539786,9,-0.002341370422766229,0.017344380864750337,-0.8317805821781163,False,ds002236/Sem/ses-11+
ds002236,Sem,ses-11+,polypythia-160m-seed3,,0.010405210506098399,0.007277355640539997,0.007571109279539786,9,-0.002341370422766229,0.017344380864750337,0.4131303287367859,False,ds002236/Sem/ses-11+
ds002236,Sem,ses-11+,polypythia-410m-seed1,,-0.0028882447960532002,0.007277355640539997,0.007571109279539786,9,-0.002341370422766229,0.017344380864750337,-1.3426830945453108,False,ds002236/Sem/ses-11+
ds002236,Sem,ses-11+,polypythia-410m-seed2,,-0.016825433498606327,0.007277355640539997,0.007571109279539786,9,-0.002341370422766229,0.017344380864750337,-3.18352149588989,False,ds002236/Sem/ses-11+
ds002236,Sem,ses-11+,polypythia-410m-seed3,,0.007830589299025437,0.007277355640539997,0.007571109279539786,9,-0.002341370422766229,0.017344380864750337,0.0730716778821965,False,ds002236/Sem/ses-11+
ds002236,Sem,ses-11+,polypythia-70m-seed1,,0.0100316292091965,0.007277355640539997,0.007571109279539786,9,-0.002341370422766229,0.017344380864750337,0.3637873219053475,False,ds002236/Sem/ses-11+
ds002236,Sem,ses-11+,polypythia-70m-seed2,,-0.014889988228137856,0.007277355640539997,0.007571109279539786,9,-0.002341370422766229,0.017344380864750337,-2.9278858685322406,False,ds002236/Sem/ses-11+
ds002236,Sem,ses-11+,polypythia-70m-seed3,,-0.011174053736550891,0.007277355640539997,0.007571109279539786,9,-0.002341370422766229,0.017344380864750337,-2.4370813702232637,False,ds002236/Sem/ses-11+
ds002236,Sem,ses-11+,pythia-1.4b-full,1515311488.0,-0.0199928586761746,0.007277355640539997,0.007571109279539786,9,-0.002341370422766229,0.017344380864750337,-3.6018783126548977,False,ds002236/Sem/ses-11+
ds002236,Sem,ses-11+,pythia-160m-full,212654688.0,0.01534900220904892,0.007277355640539997,0.007571109279539786,9,-0.002341370422766229,0.017344380864750337,1.0661114865059196,False,ds002236/Sem/ses-11+
ds002236,Sem,ses-11+,pythia-1b-full,1078891008.0,-0.0032338131963175905,0.007277355640539997,0.007571109279539786,9,-0.002341370422766229,0.017344380864750337,-1.3883261288095574,False,ds002236/Sem/ses-11+
ds002236,Sem,ses-11+,pythia-2.8b-full,,-0.043593369894094305,0.007277355640539997,0.007571109279539786,9,-0.002341370422766229,0.017344380864750337,-6.719058417517189,False,ds002236/Sem/ses-11+
ds002236,Sem,ses-11+,pythia-410m-full,505997504.0,0.005864660858847409,0.007277355640539997,0.007571109279539786,9,-0.002341370422766229,0.017344380864750337,-0.18659019828313186,False,ds002236/Sem/ses-11+
ds002236,Sem,ses-11+,pythia-6.9b-full,,0.0049465819713959,0.007277355640539997,0.007571109279539786,9,-0.002341370422766229,0.017344380864750337,-0.30785101404397835,False,ds002236/Sem/ses-11+
ds002236,Sem,ses-11+,pythia-70m-full,95592496.0,-0.0006134668546383001,0.007277355640539997,0.007571109279539786,9,-0.002341370422766229,0.017344380864750337,-1.0422280545471065,False,ds002236/Sem/ses-11+
ds002236,Sem,ses-9,babylm-gpt2,134601216.0,0.0170955344231151,0.010663215115663104,0.010196165016698774,9,-0.007386598378812845,0.0265844631337518,0.6308567286737182,False,ds002236/Sem/ses-9
ds002236,Sem,ses-9,babylm-gpt2-3,134601216.0,0.013187204592405211,0.010663215115663104,0.010196165016698774,9,-0.007386598378812845,0.0265844631337518,0.24754301961653638,False,ds002236/Sem/ses-9
ds002236,Sem,ses-9,babylm-gpt2-5,134601216.0,0.01225796403999551,0.010663215115663104,0.010196165016698774,9,-0.007386598378812845,0.0265844631337518,0.1564067393692241,False,ds002236/Sem/ses-9
ds002236,Sem,ses-9,babylm-gpt2-7,134601216.0,0.012767310615947778,0.010663215115663104,0.010196165016698774,9,-0.007386598378812845,0.0265844631337518,0.20636146010178238,False,ds002236/Sem/ses-9
ds002236,Sem,ses-9,polypythia-160m-seed1,,0.005629518225409428,0.010663215115663104,0.010196165016698774,9,-0.007386598378812845,0.0265844631337518,-0.49368531031125296,False,ds002236/Sem/ses-9
ds002236,Sem,ses-9,polypythia-160m-seed2,,0.005728474324341218,0.010663215115663104,0.010196165016698774,9,-0.007386598378812845,0.0265844631337518,-0.48398008302533474,False,ds002236/Sem/ses-9
ds002236,Sem,ses-9,polypythia-160m-seed3,,0.008575176728162092,0.010663215115663104,0.010196165016698774,9,-0.007386598378812845,0.0265844631337518,-0.20478664125985865,False,ds002236/Sem/ses-9
ds002236,Sem,ses-9,polypythia-410m-seed1,,0.010638203621921633,0.010663215115663104,0.010196165016698774,9,-0.007386598378812845,0.0265844631337518,-0.0024530295165396854,False,ds002236/Sem/ses-9
ds002236,Sem,ses-9,polypythia-410m-seed2,,0.0019939702200083547,0.010663215115663104,0.010196165016698774,9,-0.007386598378812845,0.0265844631337518,-0.8502456444610978,False,ds002236/Sem/ses-9
ds002236,Sem,ses-9,polypythia-410m-seed3,,0.0056412949672491365,0.010663215115663104,0.010196165016698774,9,-0.007386598378812845,0.0265844631337518,-0.49253029351617156,False,ds002236/Sem/ses-9
ds002236,Sem,ses-9,polypythia-70m-seed1,,0.008328564426829417,0.010663215115663104,0.010196165016698774,9,-0.007386598378812845,0.0265844631337518,-0.22897341157289153,False,ds002236/Sem/ses-9
ds002236,Sem,ses-9,polypythia-70m-seed2,,-0.005603820544703509,0.010663215115663104,0.010196165016698774,9,-0.007386598378812845,0.0265844631337518,-1.5954072569172104,False,ds002236/Sem/ses-9
ds002236,Sem,ses-9,polypythia-70m-seed3,,0.0019196514845715364,0.010663215115663104,0.010196165016698774,9,-0.007386598378812845,0.0265844631337518,-0.8575345354622833,False,ds002236/Sem/ses-9
ds002236,Sem,ses-9,pythia-1.4b-full,1515311488.0,-0.010949027061364146,0.010663215115663104,0.010196165016698774,9,-0.007386598378812845,0.0265844631337518,-2.1196442134500364,False,ds002236/Sem/ses-9
ds002236,Sem,ses-9,pythia-160m-full,212654688.0,0.001743951222088227,0.010663215115663104,0.010196165016698774,9,-0.007386598378812845,0.0265844631337518,-0.8747665302559686,False,ds002236/Sem/ses-9
ds002236,Sem,ses-9,pythia-1b-full,1078891008.0,-0.0024734631447289727,0.010663215115663104,0.010196165016698774,9,-0.007386598378812845,0.0265844631337518,-1.2883940421597213,False,ds002236/Sem/ses-9
ds002236,Sem,ses-9,pythia-2.8b-full,,-0.027721306934194348,0.010663215115663104,0.010196165016698774,9,-0.007386598378812845,0.0265844631337518,-3.7646038473282046,False,ds002236/Sem/ses-9
ds002236,Sem,ses-9,pythia-410m-full,505997504.0,0.0036022168008604453,0.010663215115663104,0.010196165016698774,9,-0.007386598378812845,0.0265844631337518,-0.6925151077133908,False,ds002236/Sem/ses-9
ds002236,Sem,ses-9,pythia-6.9b-full,,0.0245443459325048,0.010663215115663104,0.010196165016698774,9,-0.007386598378812845,0.0265844631337518,1.3614070382450527,False,ds002236/Sem/ses-9
ds002236,Sem,ses-9,pythia-70m-full,95592496.0,0.0017822860597469458,0.010663215115663104,0.010196165016698774,9,-0.007386598378812845,0.0265844631337518,-0.8710067992594679,False,ds002236/Sem/ses-9
ds003604,Gram,ses-5,babylm-gpt2,134601216.0,0.04554551797593234,0.0261918501447124,0.01289182944869422,9,0.010326352989775862,0.04706133565178994,1.5012351744368,False,ds003604/Gram/ses-5
ds003604,Gram,ses-5,babylm-gpt2-3,134601216.0,0.044597392559949156,0.0261918501447124,0.01289182944869422,9,0.010326352989775862,0.04706133565178994,1.4276904987368573,False,ds003604/Gram/ses-5
ds003604,Gram,ses-5,babylm-gpt2-5,134601216.0,0.044342378968147446,0.0261918501447124,0.01289182944869422,9,0.010326352989775862,0.04706133565178994,1.4079094744209066,False,ds003604/Gram/ses-5
ds003604,Gram,ses-5,babylm-gpt2-7,134601216.0,0.045619500583627265,0.0261918501447124,0.01289182944869422,9,0.010326352989775862,0.04706133565178994,1.506973895072948,False,ds003604/Gram/ses-5
ds003604,Gram,ses-5,polypythia-160m-seed1,,0.022122526054452044,0.0261918501447124,0.01289182944869422,9,0.010326352989775862,0.04706133565178994,-0.31565140591217866,False,ds003604/Gram/ses-5
ds003604,Gram,ses-5,polypythia-160m-seed2,,0.03115378089062528,0.0261918501447124,0.01289182944869422,9,0.010326352989775862,0.04706133565178994,0.3848895741027245,False,ds003604/Gram/ses-5
ds003604,Gram,ses-5,polypythia-160m-seed3,,0.03402887811341338,0.0261918501447124,0.01289182944869422,9,0.010326352989775862,0.04706133565178994,0.6079065814429288,False,ds003604/Gram/ses-5
ds003604,Gram,ses-5,polypythia-410m-seed1,,0.029824012258875255,0.0261918501447124,0.01289182944869422,9,0.010326352989775862,0.04706133565178994,0.28174140284882115,False,ds003604/Gram/ses-5
ds003604,Gram,ses-5,polypythia-410m-seed2,,0.01444804919999042,0.0261918501447124,0.01289182944869422,9,0.010326352989775862,0.04706133565178994,-0.9109491396437518,False,ds003604/Gram/ses-5
ds003604,Gram,ses-5,polypythia-410m-seed3,,0.014620498308450436,0.0261918501447124,0.01289182944869422,9,0.010326352989775862,0.04706133565178994,-0.8975725192698696,False,ds003604/Gram/ses-5
ds003604,Gram,ses-5,polypythia-70m-seed1,,0.022572869566834453,0.0261918501447124,0.01289182944869422,9,0.010326352989775862,0.04706133565178994,-0.2807189307212333,False,ds003604/Gram/ses-5
ds003604,Gram,ses-5,polypythia-70m-seed2,,0.017142113821120263,0.0261918501447124,0.01289182944869422,9,0.010326352989775862,0.04706133565178994,-0.7019745614544073,False,ds003604/Gram/ses-5
ds003604,Gram,ses-5,polypythia-70m-seed3,,0.027421131494866902,0.0261918501447124,0.01289182944869422,9,0.010326352989775862,0.04706133565178994,0.09535352255835282,False,ds003604/Gram/ses-5
ds003604,Gram,ses-5,pythia-1.4b-full,1515311488.0,0.022811389598265633,0.0261918501447124,0.01289182944869422,9,0.010326352989775862,0.04706133565178994,-0.26221728730588867,False,ds003604/Gram/ses-5
ds003604,Gram,ses-5,pythia-160m-full,212654688.0,0.025018972727146427,0.0261918501447124,0.01289182944869422,9,0.010326352989775862,0.04706133565178994,-0.09097835355592389,False,ds003604/Gram/ses-5
ds003604,Gram,ses-5,pythia-1b-full,1078891008.0,0.025024452029765155,0.0261918501447124,0.01289182944869422,9,0.010326352989775862,0.04706133565178994,-0.09055333221659156,False,ds003604/Gram/ses-5
ds003604,Gram,ses-5,pythia-2.8b-full,,0.0256260155989924,0.0261918501447124,0.01289182944869422,9,0.010326352989775862,0.04706133565178994,-0.043890942551781394,False,ds003604/Gram/ses-5
ds003604,Gram,ses-5,pythia-410m-full,505997504.0,0.02774031779112198,0.0261918501447124,0.01289182944869422,9,0.010326352989775862,0.04706133565178994,0.12011232793390858,False,ds003604/Gram/ses-5
ds003604,Gram,ses-5,pythia-6.9b-full,,0.0487022002867858,0.0261918501447124,0.01289182944869422,9,0.010326352989775862,0.04706133565178994,1.7460943174634855,True,ds003604/Gram/ses-5
ds003604,Gram,ses-5,pythia-70m-full,95592496.0,0.026374032279001158,0.0261918501447124,0.01289182944869422,9,0.010326352989775862,0.04706133565178994,0.014131596684069493,False,ds003604/Gram/ses-5
ds003604,Gram,ses-7,babylm-gpt2,134601216.0,0.03349287071418778,0.021572742974796725,0.013230721852634098,9,0.004462769519007227,0.039114161586303424,0.9009431134717628,False,ds003604/Gram/ses-7
ds003604,Gram,ses-7,babylm-gpt2-3,134601216.0,0.028600405301162965,0.021572742974796725,0.013230721852634098,9,0.004462769519007227,0.039114161586303424,0.5311624267097041,False,ds003604/Gram/ses-7
ds003604,Gram,ses-7,babylm-gpt2-5,134601216.0,0.026322945719013145,0.021572742974796725,0.013230721852634098,9,0.004462769519007227,0.039114161586303424,0.35902823724396443,False,ds003604/Gram/ses-7
ds003604,Gram,ses-7,babylm-gpt2-7,134601216.0,0.029518528962527397,0.021572742974796725,0.013230721852634098,9,0.004462769519007227,0.039114161586303424,0.6005557426293222,False,ds003604/Gram/ses-7
ds003604,Gram,ses-7,polypythia-160m-seed1,,0.016306075366966457,0.021572742974796725,0.013230721852634098,9,0.004462769519007227,0.039114161586303424,-0.39806351206617874,False,ds003604/Gram/ses-7
ds003604,Gram,ses-7,polypythia-160m-seed2,,0.024904647270801297,0.021572742974796725,0.013230721852634098,9,0.004462769519007227,0.039114161586303424,0.2518308776434012,False,ds003604/Gram/ses-7
ds003604,Gram,ses-7,polypythia-160m-seed3,,0.028615534478720953,0.021572742974796725,0.013230721852634098,9,0.004462769519007227,0.039114161586303424,0.5323059151547413,False,ds003604/Gram/ses-7
ds003604,Gram,ses-7,polypythia-410m-seed1,,0.02174967300687291,0.021572742974796725,0.013230721852634098,9,0.004462769519007227,0.039114161586303424,0.013372666589688702,False,ds003604/Gram/ses-7
ds003604,Gram,ses-7,polypythia-410m-seed2,,0.011782686193691,0.021572742974796725,0.013230721852634098,9,0.004462769519007227,0.039114161586303424,-0.7399488017470965,False,ds003604/Gram/ses-7
ds003604,Gram,ses-7,polypythia-410m-seed3,,0.010009310845439517,0.021572742974796725,0.013230721852634098,9,0.004462769519007227,0.039114161586303424,-0.8739834650106448,False,ds003604/Gram/ses-7
ds003604,Gram,ses-7,polypythia-70m-seed1,,0.01540459631030649,0.021572742974796725,0.013230721852634098,9,0.004462769519007227,0.039114161586303424,-0.46619880103232775,False,ds003604/Gram/ses-7
ds003604,Gram,ses-7,polypythia-70m-seed2,,0.008804229005318418,0.021572742974796725,0.013230721852634098,9,0.004462769519007227,0.039114161586303424,-0.965065558152916,False,ds003604/Gram/ses-7
ds003604,Gram,ses-7,polypythia-70m-seed3,,0.019431632708570436,0.021572742974796725,0.013230721852634098,9,0.004462769519007227,0.039114161586303424,-0.16182868101032724,False,ds003604/Gram/ses-7
ds003604,Gram,ses-7,pythia-1.4b-full,1515311488.0,0.019206145005229793,0.021572742974796725,0.013230721852634098,9,0.004462769519007227,0.039114161586303424,-0.1788714172912468,False,ds003604/Gram/ses-7
ds003604,Gram,ses-7,pythia-160m-full,212654688.0,0.021533719589117317,0.021572742974796725,0.013230721852634098,9,0.004462769519007227,0.039114161586303424,-0.0029494525025963374,False,ds003604/Gram/ses-7
ds003604,Gram,ses-7,pythia-1b-full,1078891008.0,0.022390005416009863,0.021572742974796725,0.013230721852634098,9,0.004462769519007227,0.039114161586303424,0.06177005686582624,False,ds003604/Gram/ses-7
ds003604,Gram,ses-7,pythia-2.8b-full,,0.023303537335087776,0.021572742974796725,0.013230721852634098,9,0.004462769519007227,0.039114161586303424,0.13081632125358816,False,ds003604/Gram/ses-7
ds003604,Gram,ses-7,pythia-410m-full,505997504.0,0.019254731420821156,0.021572742974796725,0.013230721852634098,9,0.004462769519007227,0.039114161586303424,-0.17519917505590044,False,ds003604/Gram/ses-7
ds003604,Gram,ses-7,pythia-6.9b-full,,0.0459919666866624,0.021572742974796725,0.013230721852634098,9,0.004462769519007227,0.039114161586303424,1.845645610560853,True,ds003604/Gram/ses-7
ds003604,Gram,ses-7,pythia-70m-full,95592496.0,0.01860789474975759,0.021572742974796725,0.013230721852634098,9,0.004462769519007227,0.039114161586303424,-0.22408816828454947,False,ds003604/Gram/ses-7
ds003604,Gram,ses-9,babylm-gpt2,134601216.0,0.0019017350637453,-0.0032989103881049214,0.007439229634659244,9,-0.012415348720191273,0.007415862407270918,0.6990838712143665,False,ds003604/Gram/ses-9
ds003604,Gram,ses-9,babylm-gpt2-3,134601216.0,0.001531957637289211,-0.0032989103881049214,0.007439229634659244,9,-0.012415348720191273,0.007415862407270918,0.649377457430162,False,ds003604/Gram/ses-9
ds003604,Gram,ses-9,babylm-gpt2-5,134601216.0,-0.0002366168837531778,-0.0032989103881049214,0.007439229634659244,9,-0.012415348720191273,0.007415862407270918,0.41164121216054017,False,ds003604/Gram/ses-9
ds003604,Gram,ses-9,babylm-gpt2-7,134601216.0,0.0015156031644869446,-0.0032989103881049214,0.007439229634659244,9,-0.012415348720191273,0.007415862407270918,0.6471790479703878,False,ds003604/Gram/ses-9
ds003604,Gram,ses-9,polypythia-160m-seed1,,-0.0050662584772452465,-0.0032989103881049214,0.007439229634659244,9,-0.012415348720191273,0.007415862407270918,-0.23757138520180646,False,ds003604/Gram/ses-9
ds003604,Gram,ses-9,polypythia-160m-seed2,,0.0007295279682552361,-0.0032989103881049214,0.007439229634659244,9,-0.012415348720191273,0.007415862407270918,0.5415128385863681,False,ds003604/Gram/ses-9
ds003604,Gram,ses-9,polypythia-160m-seed3,,0.004291279072103336,-0.0032989103881049214,0.007439229634659244,9,-0.012415348720191273,0.007415862407270918,1.0202924002837195,False,ds003604/Gram/ses-9
ds003604,Gram,ses-9,polypythia-410m-seed1,,0.0006495366814323052,-0.0032989103881049214,0.007439229634659244,9,-0.012415348720191273,0.007415862407270918,0.53076020817283,False,ds003604/Gram/ses-9
ds003604,Gram,ses-9,polypythia-410m-seed2,,-0.008283086969748282,-0.0032989103881049214,0.007439229634659244,9,-0.012415348720191273,0.007415862407270918,-0.6699855800151895,False,ds003604/Gram/ses-9
ds003604,Gram,ses-9,polypythia-410m-seed3,,-0.006791970463470209,-0.0032989103881049214,0.007439229634659244,9,-0.012415348720191273,0.007415862407270918,-0.46954594049512605,False,ds003604/Gram/ses-9
ds003604,Gram,ses-9,polypythia-70m-seed1,,-0.0061520201025052545,-0.0032989103881049214,0.007439229634659244,9,-0.012415348720191273,0.007415862407270918,-0.38352219981323654,False,ds003604/Gram/ses-9
ds003604,Gram,ses-9,polypythia-70m-seed2,,-0.009101789250364535,-0.0032989103881049214,0.007439229634659244,9,-0.012415348720191273,0.007415862407270918,-0.7800376043272143,False,ds003604/Gram/ses-9
ds003604,Gram,ses-9,polypythia-70m-seed3,,-0.0019509641063081638,-0.0032989103881049214,0.007439229634659244,9,-0.012415348720191273,0.007415862407270918,0.18119433704757532,False,ds003604/Gram/ses-9
ds003604,Gram,ses-9,pythia-1.4b-full,1515311488.0,-0.003918187195234382,-0.0032989103881049214,0.007439229634659244,9,-0.012415348720191273,0.007415862407270918,-0.08324474946226423,False,ds003604/Gram/ses-9
ds003604,Gram,ses-9,pythia-160m-full,212654688.0,-0.0040438649120137634,-0.0032989103881049214,0.007439229634659244,9,-0.012415348720191273,0.007415862407270918,-0.10013866495505282,False,ds003604/Gram/ses-9
ds003604,Gram,ses-9,pythia-1b-full,1078891008.0,-0.00320329204575099,-0.0032989103881049214,0.007439229634659244,9,-0.012415348720191273,0.007415862407270918,0.012853258610064543,False,ds003604/Gram/ses-9
ds003604,Gram,ses-9,pythia-2.8b-full,,-0.003736194604097675,-0.0032989103881049214,0.007439229634659244,9,-0.012415348720191273,0.007415862407270918,-0.05878084660210702,False,ds003604/Gram/ses-9
ds003604,Gram,ses-9,pythia-410m-full,505997504.0,-0.0025591482044391724,-0.0032989103881049214,0.007439229634659244,9,-0.012415348720191273,0.007415862407270918,0.09944069749093502,False,ds003604/Gram/ses-9
ds003604,Gram,ses-9,pythia-6.9b-full,,0.0200006545083242,-0.0032989103881049214,0.007439229634659244,9,-0.012415348720191273,0.007415862407270918,3.131986245978595,True,ds003604/Gram/ses-9
ds003604,Gram,ses-9,pythia-70m-full,95592496.0,-0.004062230569631555,-0.0032989103881049214,0.007439229634659244,9,-0.012415348720191273,0.007415862407270918,-0.10260742294744304,False,ds003604/Gram/ses-9
ds003604,Phon,ses-5,babylm-gpt2,134601216.0,-0.007588522419769889,-0.010255055907296872,0.00199577626473923,9,-0.014312561275161445,-0.0081536796737683,1.3360883855763235,True,ds003604/Phon/ses-5
ds003604,Phon,ses-5,babylm-gpt2-3,134601216.0,-0.007314921287219133,-0.010255055907296872,0.00199577626473923,9,-0.014312561275161445,-0.0081536796737683,1.4731784679591324,True,ds003604/Phon/ses-5
ds003604,Phon,ses-5,babylm-gpt2-5,134601216.0,-0.004444620969237288,-0.010255055907296872,0.00199577626473923,9,-0.014312561275161445,-0.0081536796737683,2.9113658884097315,True,ds003604/Phon/ses-5
ds003604,Phon,ses-5,babylm-gpt2-7,134601216.0,-0.003356174829488909,-0.010255055907296872,0.00199577626473923,9,-0.014312561275161445,-0.0081536796737683,3.4567407177323943,True,ds003604/Phon/ses-5
ds003604,Phon,ses-5,polypythia-160m-seed1,,-0.011236028464700308,-0.010255055907296872,0.00199577626473923,9,-0.014312561275161445,-0.0081536796737683,-0.4915243129878643,False,ds003604/Phon/ses-5
ds003604,Phon,ses-5,polypythia-160m-seed2,,0.0035720084072256362,-0.010255055907296872,0.00199577626473923,9,-0.014312561275161445,-0.0081536796737683,6.92816352154041,True,ds003604/Phon/ses-5
ds003604,Phon,ses-5,polypythia-160m-seed3,,-0.001998238690031609,-0.010255055907296872,0.00199577626473923,9,-0.014312561275161445,-0.0081536796737683,4.137145712745565,True,ds003604/Phon/ses-5
ds003604,Phon,ses-5,polypythia-410m-seed1,,-0.005833155533082291,-0.010255055907296872,0.00199577626473923,9,-0.014312561275161445,-0.0081536796737683,2.215629302913045,True,ds003604/Phon/ses-5
ds003604,Phon,ses-5,polypythia-410m-seed2,,-0.006641984602225954,-0.010255055907296872,0.00199577626473923,9,-0.014312561275161445,-0.0081536796737683,1.8103588908764807,True,ds003604/Phon/ses-5
ds003604,Phon,ses-5,polypythia-410m-seed3,,-0.008282493783052082,-0.010255055907296872,0.00199577626473923,9,-0.014312561275161445,-0.0081536796737683,0.9883683652799264,False,ds003604/Phon/ses-5
ds003604,Phon,ses-5,polypythia-70m-seed1,,0.004069142838219627,-0.010255055907296872,0.00199577626473923,9,-0.014312561275161445,-0.0081536796737683,7.177256789045996,True,ds003604/Phon/ses-5
ds003604,Phon,ses-5,polypythia-70m-seed2,,-0.018352612059830437,-0.010255055907296872,0.00199577626473923,9,-0.014312561275161445,-0.0081536796737683,-4.057346655333432,False,ds003604/Phon/ses-5
ds003604,Phon,ses-5,polypythia-70m-seed3,,-0.004691717069786464,-0.010255055907296872,0.00199577626473923,9,-0.014312561275161445,-0.0081536796737683,2.787556368818385,True,ds003604/Phon/ses-5
ds003604,Phon,ses-5,pythia-1.4b-full,1515311488.0,-0.021837558193583854,-0.010255055907296872,0.00199577626473923,9,-0.014312561275161445,-0.0081536796737683,-5.803507382527351,False,ds003604/Phon/ses-5
ds003604,Phon,ses-5,pythia-160m-full,212654688.0,-0.012394761411563754,-0.010255055907296872,0.00199577626473923,9,-0.014312561275161445,-0.0081536796737683,-1.0721169211552168,False,ds003604/Phon/ses-5
ds003604,Phon,ses-5,pythia-1b-full,1078891008.0,-0.014417962512417953,-0.010255055907296872,0.00199577626473923,9,-0.014312561275161445,-0.0081536796737683,-2.0858583593111377,False,ds003604/Phon/ses-5
ds003604,Phon,ses-5,pythia-2.8b-full,,0.0057930470158603,-0.010255055907296872,0.00199577626473923,9,-0.014312561275161445,-0.0081536796737683,8.041033059010767,True,ds003604/Phon/ses-5
ds003604,Phon,ses-5,pythia-410m-full,505997504.0,-0.0050502477086452995,-0.010255055907296872,0.00199577626473923,9,-0.014312561275161445,-0.0081536796737683,2.607911663550943,True,ds003604/Phon/ses-5
ds003604,Phon,ses-5,pythia-6.9b-full,,0.0062236317313326,-0.010255055907296872,0.00199577626473923,9,-0.014312561275161445,-0.0081536796737683,8.25678104794106,True,ds003604/Phon/ses-5
ds003604,Phon,ses-5,pythia-70m-full,95592496.0,-0.014130239309333601,-0.010255055907296872,0.00199577626473923,9,-0.014312561275161445,-0.0081536796737683,-1.9416922981309552,False,ds003604/Phon/ses-5
ds003604,Phon,ses-7,babylm-gpt2,134601216.0,-0.005293647334098577,-0.009724506834421583,0.002876914206554261,9,-0.0147917749133661,-0.005819060407136026,1.5401430776866776,True,ds003604/Phon/ses-7
ds003604,Phon,ses-7,babylm-gpt2-3,134601216.0,-0.005877321275824399,-0.009724506834421583,0.002876914206554261,9,-0.0147917749133661,-0.005819060407136026,1.3372611355015123,False,ds003604/Phon/ses-7
ds003604,Phon,ses-7,babylm-gpt2-5,134601216.0,-0.003712641848311578,-0.009724506834421583,0.002876914206554261,9,-0.0147917749133661,-0.005819060407136026,2.0896921334719045,True,ds003604/Phon/ses-7
ds003604,Phon,ses-7,babylm-gpt2-7,134601216.0,-0.0023003643775380556,-0.009724506834421583,0.002876914206554261,9,-0.0147917749133661,-0.005819060407136026,2.5805922331537214,True,ds003604/Phon/ses-7
ds003604,Phon,ses-7,polypythia-160m-seed1,,-0.012760686902414454,-0.009724506834421583,0.002876914206554261,9,-0.0147917749133661,-0.005819060407136026,-1.055359962099588,False,ds003604/Phon/ses-7
ds003604,Phon,ses-7,polypythia-160m-seed2,,0.006750189760604591,-0.009724506834421583,0.002876914206554261,9,-0.0147917749133661,-0.005819060407136026,5.726516472925432,True,ds003604/Phon/ses-7
ds003604,Phon,ses-7,polypythia-160m-seed3,,-0.0035497859604240183,-0.009724506834421583,0.002876914206554261,9,-0.0147917749133661,-0.005819060407136026,2.1462999695750935,True,ds003604/Phon/ses-7
ds003604,Phon,ses-7,polypythia-410m-seed1,,-0.004133532678667317,-0.009724506834421583,0.002876914206554261,9,-0.0147917749133661,-0.005819060407136026,1.9433927306614713,True,ds003604/Phon/ses-7
ds003604,Phon,ses-7,polypythia-410m-seed2,,-0.0005577315304197452,-0.009724506834421583,0.002876914206554261,9,-0.0147917749133661,-0.005819060407136026,3.186322095778126,True,ds003604/Phon/ses-7
ds003604,Phon,ses-7,polypythia-410m-seed3,,-0.008835150686609764,-0.009724506834421583,0.002876914206554261,9,-0.0147917749133661,-0.005819060407136026,0.30913544303325585,False,ds003604/Phon/ses-7
ds003604,Phon,ses-7,polypythia-70m-seed1,,0.004262514879494609,-0.009724506834421583,0.002876914206554261,9,-0.0147917749133661,-0.005819060407136026,4.8618139818179475,True,ds003604/Phon/ses-7
ds003604,Phon,ses-7,polypythia-70m-seed2,,-0.012995492692549846,-0.009724506834421583,0.002876914206554261,9,-0.0147917749133661,-0.005819060407136026,-1.13697719962459,False,ds003604/Phon/ses-7
ds003604,Phon,ses-7,polypythia-70m-seed3,,-0.002722377451409118,-0.009724506834421583,0.002876914206554261,9,-0.0147917749133661,-0.005819060407136026,2.4339027444961796,True,ds003604/Phon/ses-7
ds003604,Phon,ses-7,pythia-1.4b-full,1515311488.0,-0.0202157453915574,-0.009724506834421583,0.002876914206554261,9,-0.0147917749133661,-0.005819060407136026,-3.6466984428087583,False,ds003604/Phon/ses-7
ds003604,Phon,ses-7,pythia-160m-full,212654688.0,-0.011919774821641548,-0.009724506834421583,0.002876914206554261,9,-0.0147917749133661,-0.005819060407136026,-0.7630634178171346,False,ds003604/Phon/ses-7
ds003604,Phon,ses-7,pythia-1b-full,1078891008.0,-0.011690294456438755,-0.009724506834421583,0.002876914206554261,9,-0.0147917749133661,-0.005819060407136026,-0.6832972695322869,False,ds003604/Phon/ses-7
ds003604,Phon,ses-7,pythia-2.8b-full,,0.004748118593180436,-0.009724506834421583,0.002876914206554261,9,-0.0147917749133661,-0.005819060407136026,5.030607236958998,True,ds003604/Phon/ses-7
ds003604,Phon,ses-7,pythia-410m-full,505997504.0,-0.0063977322372012,-0.009724506834421583,0.002876914206554261,9,-0.0147917749133661,-0.005819060407136026,1.1563690671210278,False,ds003604/Phon/ses-7
ds003604,Phon,ses-7,pythia-6.9b-full,,0.0033747654261033,-0.009724506834421583,0.002876914206554261,9,-0.0147917749133661,-0.005819060407136026,4.553237017176869,True,ds003604/Phon/ses-7
ds003604,Phon,ses-7,pythia-70m-full,95592496.0,-0.0103941001258432,-0.009724506834421583,0.002876914206554261,9,-0.0147917749133661,-0.005819060407136026,-0.232747048867892,False,ds003604/Phon/ses-7
ds003604,Phon,ses-9,babylm-gpt2,134601216.0,-0.006880996150645222,-0.008961280180061863,0.0025517590275546402,9,-0.013814521972045735,-0.005753118676048673,0.8152352972804743,False,ds003604/Phon/ses-9
ds003604,Phon,ses-9,babylm-gpt2-3,134601216.0,-0.005167220274263338,-0.008961280180061863,0.0025517590275546402,9,-0.013814521972045735,-0.005753118676048673,1.4868409849163486,True,ds003604/Phon/ses-9
ds003604,Phon,ses-9,babylm-gpt2-5,134601216.0,-0.0027423846785767664,-0.008961280180061863,0.0025517590275546402,9,-0.013814521972045735,-0.005753118676048673,2.437101401163529,True,ds003604/Phon/ses-9
ds003604,Phon,ses-9,babylm-gpt2-7,134601216.0,-0.0008379425433509553,-0.008961280180061863,0.0025517590275546402,9,-0.013814521972045735,-0.005753118676048673,3.183426628060382,True,ds003604/Phon/ses-9
ds003604,Phon,ses-9,polypythia-160m-seed1,,-0.008688211631379391,-0.008961280180061863,0.0025517590275546402,9,-0.013814521972045735,-0.005753118676048673,0.10701188699003246,False,ds003604/Phon/ses-9
ds003604,Phon,ses-9,polypythia-160m-seed2,,0.0019007137142438631,-0.008961280180061863,0.0025517590275546402,9,-0.013814521972045735,-0.005753118676048673,4.256669135688261,True,ds003604/Phon/ses-9
ds003604,Phon,ses-9,polypythia-160m-seed3,,0.0008479046367193727,-0.008961280180061863,0.0025517590275546402,9,-0.013814521972045735,-0.005753118676048673,3.8440874357095596,True,ds003604/Phon/ses-9
ds003604,Phon,ses-9,polypythia-410m-seed1,,-0.004471794730764591,-0.008961280180061863,0.0025517590275546402,9,-0.013814521972045735,-0.005753118676048673,1.759368890564703,True,ds003604/Phon/ses-9
ds003604,Phon,ses-9,polypythia-410m-seed2,,-0.008490209984460538,-0.008961280180061863,0.0025517590275546402,9,-0.013814521972045735,-0.005753118676048673,0.18460606605661892,False,ds003604/Phon/ses-9
ds003604,Phon,ses-9,polypythia-410m-seed3,,-0.007214503811430118,-0.008961280180061863,0.0025517590275546402,9,-0.013814521972045735,-0.005753118676048673,0.6845381361521771,False,ds003604/Phon/ses-9
ds003604,Phon,ses-9,polypythia-70m-seed1,,0.0015404378762039,-0.008961280180061863,0.0025517590275546402,9,-0.013814521972045735,-0.005753118676048673,4.11548188636354,True,ds003604/Phon/ses-9
ds003604,Phon,ses-9,polypythia-70m-seed2,,-0.0161192738604331,-0.008961280180061863,0.0025517590275546402,9,-0.013814521972045735,-0.005753118676048673,-2.8051213312374434,False,ds003604/Phon/ses-9
ds003604,Phon,ses-9,polypythia-70m-seed3,,-0.003410120571871419,-0.008961280180061863,0.0025517590275546402,9,-0.013814521972045735,-0.005753118676048673,2.1754246965514374,True,ds003604/Phon/ses-9
ds003604,Phon,ses-9,pythia-1.4b-full,1515311488.0,-0.0192325731192718,-0.008961280180061863,0.0025517590275546402,9,-0.013814521972045735,-0.005753118676048673,-4.025181385976306,False,ds003604/Phon/ses-9
ds003604,Phon,ses-9,pythia-160m-full,212654688.0,-0.011583041664372308,-0.008961280180061863,0.0025517590275546402,9,-0.013814521972045735,-0.005753118676048673,-1.027433020124509,False,ds003604/Phon/ses-9
ds003604,Phon,ses-9,pythia-1b-full,1078891008.0,-0.015542170253260172,-0.008961280180061863,0.0025517590275546402,9,-0.013814521972045735,-0.005753118676048673,-2.578962199069714,False,ds003604/Phon/ses-9
ds003604,Phon,ses-9,pythia-2.8b-full,,0.003087131838088875,-0.008961280180061863,0.0025517590275546402,9,-0.013814521972045735,-0.005753118676048673,4.721610421692826,True,ds003604/Phon/ses-9
ds003604,Phon,ses-9,pythia-410m-full,505997504.0,-0.0018436292903729545,-0.008961280180061863,0.0025517590275546402,9,-0.013814521972045735,-0.005753118676048673,2.789311534839471,True,ds003604/Phon/ses-9
ds003604,Phon,ses-9,pythia-6.9b-full,,0.0080985837343129,-0.008961280180061863,0.0025517590275546402,9,-0.013814521972045735,-0.005753118676048673,6.68553093382148,True,ds003604/Phon/ses-9
ds003604,Phon,ses-9,pythia-70m-full,95592496.0,-0.014144115844411375,-0.008961280180061863,0.0025517590275546402,9,-0.013814521972045735,-0.005753118676048673,-2.0310835029419847,False,ds003604/Phon/ses-9
ds003604,Plaus,ses-5,babylm-gpt2,134601216.0,-0.009751430690113867,-0.0004887698357667392,0.0038999155488912717,9,-0.004344785685831027,0.008304610328297263,-2.375092675270997,False,ds003604/Plaus/ses-5
ds003604,Plaus,ses-5,babylm-gpt2-3,134601216.0,-0.00047358397833063343,-0.0004887698357667392,0.0038999155488912717,9,-0.004344785685831027,0.008304610328297263,0.00389389391788832,False,ds003604/Plaus/ses-5
ds003604,Plaus,ses-5,babylm-gpt2-5,134601216.0,-0.0018921299337773558,-0.0004887698357667392,0.0038999155488912717,9,-0.004344785685831027,0.008304610328297263,-0.35984371466956133,False,ds003604/Plaus/ses-5
ds003604,Plaus,ses-5,babylm-gpt2-7,134601216.0,-0.0029444986733222,-0.0004887698357667392,0.0038999155488912717,9,-0.004344785685831027,0.008304610328297263,-0.6296876962511696,False,ds003604/Plaus/ses-5
ds003604,Plaus,ses-5,polypythia-160m-seed1,,0.0007320836777310148,-0.0004887698357667392,0.0038999155488912717,9,-0.004344785685831027,0.008304610328297263,0.3130461411772973,False,ds003604/Plaus/ses-5
ds003604,Plaus,ses-5,polypythia-160m-seed2,,0.0011270447631417998,-0.0004887698357667392,0.0038999155488912717,9,-0.004344785685831027,0.008304610328297263,0.41432040736572046,False,ds003604/Plaus/ses-5
ds003604,Plaus,ses-5,polypythia-160m-seed3,,-0.001738215407770536,-0.0004887698357667392,0.0038999155488912717,9,-0.004344785685831027,0.008304610328297263,-0.32037759698642926,False,ds003604/Plaus/ses-5
ds003604,Plaus,ses-5,polypythia-410m-seed1,,0.00028777463786500905,-0.0004887698357667392,0.0038999155488912717,9,-0.004344785685831027,0.008304610328297263,0.19911827933107842,False,ds003604/Plaus/ses-5
ds003604,Plaus,ses-5,polypythia-410m-seed2,,0.006851730115893091,-0.0004887698357667392,0.0038999155488912717,9,-0.004344785685831027,0.008304610328297263,1.8822202326270117,False,ds003604/Plaus/ses-5
ds003604,Plaus,ses-5,polypythia-410m-seed3,,0.003759899050479036,-0.0004887698357667392,0.0038999155488912717,9,-0.004344785685831027,0.008304610328297263,1.0894258690944352,False,ds003604/Plaus/ses-5
ds003604,Plaus,ses-5,polypythia-70m-seed1,,0.0016237290269121908,-0.0004887698357667392,0.0038999155488912717,9,-0.004344785685831027,0.008304610328297263,0.541678104614215,False,ds003604/Plaus/ses-5
ds003604,Plaus,ses-5,polypythia-70m-seed2,,-0.00040313646381359984,-0.0004887698357667392,0.0038999155488912717,9,-0.004344785685831027,0.008304610328297263,0.02195775033576934,False,ds003604/Plaus/ses-5
ds003604,Plaus,ses-5,polypythia-70m-seed3,,0.007004278095065781,-0.0004887698357667392,0.0038999155488912717,9,-0.004344785685831027,0.008304610328297263,1.9213359460983095,False,ds003604/Plaus/ses-5
ds003604,Plaus,ses-5,pythia-1.4b-full,1515311488.0,-0.0006538932503139727,-0.0004887698357667392,0.0038999155488912717,9,-0.004344785685831027,0.008304610328297263,-0.042340253904774236,False,ds003604/Plaus/ses-5
ds003604,Plaus,ses-5,pythia-160m-full,212654688.0,-0.0111182184519685,-0.0004887698357667392,0.0038999155488912717,9,-0.004344785685831027,0.008304610328297263,-2.7255586647827963,False,ds003604/Plaus/ses-5
ds003604,Plaus,ses-5,pythia-1b-full,1078891008.0,0.0013672661089865273,-0.0004887698357667392,0.0038999155488912717,9,-0.004344785685831027,0.008304610328297263,0.4759169580687277,False,ds003604/Plaus/ses-5
ds003604,Plaus,ses-5,pythia-2.8b-full,,-0.0026604708420787998,-0.0004887698357667392,0.0038999155488912717,9,-0.004344785685831027,0.008304610328297263,-0.5568584701608386,False,ds003604/Plaus/ses-5
ds003604,Plaus,ses-5,pythia-410m-full,505997504.0,-0.005257438766239436,-0.0004887698357667392,0.0038999155488912717,9,-0.004344785685831027,0.008304610328297263,-1.2227621010481646,False,ds003604/Plaus/ses-5
ds003604,Plaus,ses-5,pythia-6.9b-full,,0.0059121707716415,-0.0004887698357667392,0.0038999155488912717,9,-0.004344785685831027,0.008304610328297263,1.6413023633878425,False,ds003604/Plaus/ses-5
ds003604,Plaus,ses-5,pythia-70m-full,95592496.0,-0.0016397888211810542,-0.0004887698357667392,0.0038999155488912717,9,-0.004344785685831027,0.008304610328297263,-0.2951394641716138,False,ds003604/Plaus/ses-5
ds003604,Plaus,ses-7,babylm-gpt2,134601216.0,-0.004752607704452111,-0.0027999926573436425,0.0037820830424649095,9,-0.007208212537013919,0.0043527258744349,-0.5162803209725094,False,ds003604/Plaus/ses-7
ds003604,Plaus,ses-7,babylm-gpt2-3,134601216.0,0.004530816171814189,-0.0027999926573436425,0.0037820830424649095,9,-0.007208212537013919,0.0043527258744349,1.9382992776330208,True,ds003604/Plaus/ses-7
ds003604,Plaus,ses-7,babylm-gpt2-5,134601216.0,0.0027174281302843554,-0.0027999926573436425,0.0037820830424649095,9,-0.007208212537013919,0.0043527258744349,1.458831211710283,False,ds003604/Plaus/ses-7
ds003604,Plaus,ses-7,babylm-gpt2-7,134601216.0,0.0020408537589513558,-0.0027999926573436425,0.0037820830424649095,9,-0.007208212537013919,0.0043527258744349,1.2799418632384276,False,ds003604/Plaus/ses-7
ds003604,Plaus,ses-7,polypythia-160m-seed1,,-0.0010594192857654636,-0.0027999926573436425,0.0037820830424649095,9,-0.007208212537013919,0.0043527258744349,0.4602155352051152,False,ds003604/Plaus/ses-7
ds003604,Plaus,ses-7,polypythia-160m-seed2,,3.212106400705456e-05,-0.0027999926573436425,0.0037820830424649095,9,-0.007208212537013919,0.0043527258744349,0.7488237803221036,False,ds003604/Plaus/ses-7
ds003604,Plaus,ses-7,polypythia-160m-seed3,,-0.004345634769203937,-0.0027999926573436425,0.0037820830424649095,9,-0.007208212537013919,0.0043527258744349,-0.40867482138968264,False,ds003604/Plaus/ses-7
ds003604,Plaus,ses-7,polypythia-410m-seed1,,0.003102499593396346,-0.0027999926573436425,0.0037820830424649095,9,-0.007208212537013919,0.0043527258744349,1.560645862205378,False,ds003604/Plaus/ses-7
ds003604,Plaus,ses-7,polypythia-410m-seed2,,0.0089051878906049,-0.0027999926573436425,0.0037820830424649095,9,-0.007208212537013919,0.0043527258744349,3.094903104062963,True,ds003604/Plaus/ses-7
ds003604,Plaus,ses-7,polypythia-410m-seed3,,0.00208336701194369,-0.0027999926573436425,0.0037820830424649095,9,-0.007208212537013919,0.0043527258744349,1.2911825611593881,False,ds003604/Plaus/ses-7
ds003604,Plaus,ses-7,polypythia-70m-seed1,,-0.001313775233597514,-0.0027999926573436425,0.0037820830424649095,9,-0.007208212537013919,0.0043527258744349,0.3929626629185569,False,ds003604/Plaus/ses-7
ds003604,Plaus,ses-7,polypythia-70m-seed2,,-0.0009925832828042182,-0.0027999926573436425,0.0037820830424649095,9,-0.007208212537013919,0.0043527258744349,0.47788727911206186,False,ds003604/Plaus/ses-7
ds003604,Plaus,ses-7,polypythia-70m-seed3,,0.004660418068478217,-0.0027999926573436425,0.0037820830424649095,9,-0.007208212537013919,0.0043527258744349,1.9725666100022123,True,ds003604/Plaus/ses-7
ds003604,Plaus,ses-7,pythia-1.4b-full,1515311488.0,-0.007148294320828671,-0.0027999926573436425,0.0037820830424649095,9,-0.007208212537013919,0.0043527258744349,-1.1497107849464605,False,ds003604/Plaus/ses-7
ds003604,Plaus,ses-7,pythia-160m-full,212654688.0,-0.013087563265680856,-0.0027999926573436425,0.0037820830424649095,9,-0.007208212537013919,0.0043527258744349,-2.7200805727503172,False,ds003604/Plaus/ses-7
ds003604,Plaus,ses-7,pythia-1b-full,1078891008.0,-0.0038029925891345,-0.0027999926573436425,0.0037820830424649095,9,-0.007208212537013919,0.0043527258744349,-0.2651977549221577,False,ds003604/Plaus/ses-7
ds003604,Plaus,ses-7,pythia-2.8b-full,,-0.0059349281634915,-0.0027999926573436425,0.0037820830424649095,9,-0.007208212537013919,0.0043527258744349,-0.828891240871516,False,ds003604/Plaus/ses-7
ds003604,Plaus,ses-7,pythia-410m-full,505997504.0,-0.008690721352398028,-0.0027999926573436425,0.0037820830424649095,9,-0.007208212537013919,0.0043527258744349,-1.5575355244487707,False,ds003604/Plaus/ses-7
ds003604,Plaus,ses-7,pythia-6.9b-full,,0.0098994324534235,-0.0027999926573436425,0.0037820830424649095,9,-0.007208212537013919,0.0043527258744349,3.3577858995106844,True,ds003604/Plaus/ses-7
ds003604,Plaus,ses-7,pythia-70m-full,95592496.0,-0.0010229809003588638,-0.0027999926573436425,0.0037820830424649095,9,-0.007208212537013919,0.0043527258744349,0.4698500104393903,False,ds003604/Plaus/ses-7
ds003604,Plaus,ses-9,babylm-gpt2,134601216.0,0.002776946898689822,0.0027578692779750467,0.003933446269618866,9,-0.0023044233892938184,0.010486398516776445,0.0048501032954554255,False,ds003604/Plaus/ses-9
ds003604,Plaus,ses-9,babylm-gpt2-3,134601216.0,0.010618886671746555,0.0027578692779750467,0.003933446269618866,9,-0.0023044233892938184,0.010486398516776445,1.9985063618355228,True,ds003604/Plaus/ses-9
ds003604,Plaus,ses-9,babylm-gpt2-5,134601216.0,0.009101297777021001,0.0027578692779750467,0.003933446269618866,9,-0.0023044233892938184,0.010486398516776445,1.6126897545394983,False,ds003604/Plaus/ses-9
ds003604,Plaus,ses-9,babylm-gpt2-7,134601216.0,0.007707491877965655,0.0027578692779750467,0.003933446269618866,9,-0.0023044233892938184,0.010486398516776445,1.2583424968126502,False,ds003604/Plaus/ses-9
ds003604,Plaus,ses-9,polypythia-160m-seed1,,0.005585282132426209,0.0027578692779750467,0.003933446269618866,9,-0.0023044233892938184,0.010486398516776445,0.7188131375505294,False,ds003604/Plaus/ses-9
ds003604,Plaus,ses-9,polypythia-160m-seed2,,0.009028765129355337,0.0027578692779750467,0.003933446269618866,9,-0.0023044233892938184,0.010486398516776445,1.5942497803555642,False,ds003604/Plaus/ses-9
ds003604,Plaus,ses-9,polypythia-160m-seed3,,0.002363927883900482,0.0027578692779750467,0.003933446269618866,9,-0.0023044233892938184,0.010486398516776445,-0.10015171609620994,False,ds003604/Plaus/ses-9
ds003604,Plaus,ses-9,polypythia-410m-seed1,,0.00699358153316769,0.0027578692779750467,0.003933446269618866,9,-0.0023044233892938184,0.010486398516776445,1.0768450780447718,False,ds003604/Plaus/ses-9
ds003604,Plaus,ses-9,polypythia-410m-seed2,,0.012628979159154664,0.0027578692779750467,0.003933446269618866,9,-0.0023044233892938184,0.010486398516776445,2.509532151849143,True,ds003604/Plaus/ses-9
ds003604,Plaus,ses-9,polypythia-410m-seed3,,0.00390845185237251,0.0027578692779750467,0.003933446269618866,9,-0.0023044233892938184,0.010486398516776445,0.29251259468937646,False,ds003604/Plaus/ses-9
ds003604,Plaus,ses-9,polypythia-70m-seed1,,0.0040854711776620095,0.0027578692779750467,0.003933446269618866,9,-0.0023044233892938184,0.010486398516776445,0.3375162157269284,False,ds003604/Plaus/ses-9
ds003604,Plaus,ses-9,polypythia-70m-seed2,,0.006104656949289408,0.0027578692779750467,0.003933446269618866,9,-0.0023044233892938184,0.010486398516776445,0.8508537912832991,False,ds003604/Plaus/ses-9
ds003604,Plaus,ses-9,polypythia-70m-seed3,,0.014463109413022573,0.0027578692779750467,0.003933446269618866,9,-0.0023044233892938184,0.010486398516776445,2.975823065248509,True,ds003604/Plaus/ses-9
ds003604,Plaus,ses-9,pythia-1.4b-full,1515311488.0,-0.0008031489657596545,0.0027578692779750467,0.003933446269618866,9,-0.0023044233892938184,0.010486398516776445,-0.9053176272520304,False,ds003604/Plaus/ses-9
ds003604,Plaus,ses-9,pythia-160m-full,212654688.0,-0.0034293795765253277,0.0027578692779750467,0.003933446269618866,9,-0.0023044233892938184,0.010486398516776445,-1.5729842052983967,False,ds003604/Plaus/ses-9
ds003604,Plaus,ses-9,pythia-1b-full,1078891008.0,0.0031398789347279843,0.0027578692779750467,0.003933446269618866,9,-0.0023044233892938184,0.010486398516776445,0.09711831065381574,False,ds003604/Plaus/ses-9
ds003604,Plaus,ses-9,pythia-2.8b-full,,-0.001578317771971375,0.0027578692779750467,0.003933446269618866,9,-0.0023044233892938184,0.010486398516776445,-1.1023887839623598,False,ds003604/Plaus/ses-9
ds003604,Plaus,ses-9,pythia-410m-full,505997504.0,-0.001528408598194564,0.0027578692779750467,0.003933446269618866,9,-0.0023044233892938184,0.010486398516776445,-1.0897003752856482,False,ds003604/Plaus/ses-9
ds003604,Plaus,ses-9,pythia-6.9b-full,,0.0123817815979515,0.0027578692779750467,0.003933446269618866,9,-0.0023044233892938184,0.010486398516776445,2.446687118700358,True,ds003604/Plaus/ses-9
ds003604,Plaus,ses-9,pythia-70m-full,95592496.0,0.0063229817412287816,0.0027578692779750467,0.003933446269618866,9,-0.0023044233892938184,0.010486398516776445,0.9063585006333846,False,ds003604/Plaus/ses-9
ds003604,Sem,ses-5,babylm-gpt2,134601216.0,-0.007738310429586757,-0.003368014558459884,0.005059485208159471,9,-0.011060729302150737,0.0051264921513019725,-0.8637827153005334,False,ds003604/Sem/ses-5
ds003604,Sem,ses-5,babylm-gpt2-3,134601216.0,-0.0153237290535598,-0.003368014558459884,0.005059485208159471,9,-0.011060729302150737,0.0051264921513019725,-2.3630298346991587,False,ds003604/Sem/ses-5
ds003604,Sem,ses-5,babylm-gpt2-5,134601216.0,-0.014851754072942178,-0.003368014558459884,0.005059485208159471,9,-0.011060729302150737,0.0051264921513019725,-2.26974465622755,False,ds003604/Sem/ses-5
ds003604,Sem,ses-5,babylm-gpt2-7,134601216.0,-0.014446884224203612,-0.003368014558459884,0.005059485208159471,9,-0.011060729302150737,0.0051264921513019725,-2.1897227108949244,False,ds003604/Sem/ses-5
ds003604,Sem,ses-5,polypythia-160m-seed1,,0.007785934900638809,-0.003368014558459884,0.005059485208159471,9,-0.011060729302150737,0.0051264921513019725,2.204562124445118,True,ds003604/Sem/ses-5
ds003604,Sem,ses-5,polypythia-160m-seed2,,0.0005512022224853271,-0.003368014558459884,0.005059485208159471,9,-0.011060729302150737,0.0051264921513019725,0.7746275796250297,False,ds003604/Sem/ses-5
ds003604,Sem,ses-5,polypythia-160m-seed3,,-0.0006121532091598731,-0.003368014558459884,0.005059485208159471,9,-0.011060729302150737,0.0051264921513019725,0.5446920459132111,False,ds003604/Sem/ses-5
ds003604,Sem,ses-5,polypythia-410m-seed1,,-0.0026956948624163005,-0.003368014558459884,0.005059485208159471,9,-0.011060729302150737,0.0051264921513019725,0.1328830243360191,False,ds003604/Sem/ses-5
ds003604,Sem,ses-5,polypythia-410m-seed2,,-0.006269919099013274,-0.003368014558459884,0.005059485208159471,9,-0.011060729302150737,0.0051264921513019725,-0.5735572733513413,False,ds003604/Sem/ses-5
ds003604,Sem,ses-5,polypythia-410m-seed3,,-0.005926422559965691,-0.003368014558459884,0.005059485208159471,9,-0.011060729302150737,0.0051264921513019725,-0.5056656747172306,False,ds003604/Sem/ses-5
ds003604,Sem,ses-5,polypythia-70m-seed1,,-0.005647062646121936,-0.003368014558459884,0.005059485208159471,9,-0.011060729302150737,0.0051264921513019725,-0.4504505881322893,False,ds003604/Sem/ses-5
ds003604,Sem,ses-5,polypythia-70m-seed2,,0.0031429929272451637,-0.003368014558459884,0.005059485208159471,9,-0.011060729302150737,0.0051264921513019725,1.2868912977954152,False,ds003604/Sem/ses-5
ds003604,Sem,ses-5,polypythia-70m-seed3,,-0.012219706514183665,-0.003368014558459884,0.005059485208159471,9,-0.011060729302150737,0.0051264921513019725,-1.7495242285615515,False,ds003604/Sem/ses-5
ds003604,Sem,ses-5,pythia-1.4b-full,1515311488.0,-0.005866430864478445,-0.003368014558459884,0.005059485208159471,9,-0.011060729302150737,0.0051264921513019725,-0.49380840208591686,False,ds003604/Sem/ses-5
ds003604,Sem,ses-5,pythia-160m-full,212654688.0,-0.0015855297883250721,-0.003368014558459884,0.005059485208159471,9,-0.011060729302150737,0.0051264921513019725,0.352305560111172,False,ds003604/Sem/ses-5
ds003604,Sem,ses-5,pythia-1b-full,1078891008.0,0.005458535796224846,-0.003368014558459884,0.005059485208159471,9,-0.011060729302150737,0.0051264921513019725,1.7445550271498143,True,ds003604/Sem/ses-5
ds003604,Sem,ses-5,pythia-2.8b-full,,-0.0030934206536040996,-0.003368014558459884,0.005059485208159471,9,-0.011060729302150737,0.0051264921513019725,0.05427309173924351,False,ds003604/Sem/ses-5
ds003604,Sem,ses-5,pythia-410m-full,505997504.0,-9.11324014719181e-05,-0.003368014558459884,0.005059485208159471,9,-0.011060729302150737,0.0051264921513019725,0.6476710618114493,False,ds003604/Sem/ses-5
ds003604,Sem,ses-5,pythia-6.9b-full,,-0.004383258961465,-0.003368014558459884,0.005059485208159471,9,-0.011060729302150737,0.0051264921513019725,-0.20066160117788723,False,ds003604/Sem/ses-5
ds003604,Sem,ses-5,pythia-70m-full,95592496.0,-0.006493346666082764,-0.003368014558459884,0.005059485208159471,9,-0.011060729302150737,0.0051264921513019725,-0.6177174117601198,False,ds003604/Sem/ses-5
ds003604,Sem,ses-7,babylm-gpt2,134601216.0,-0.003950199122150122,-0.0034985836082061317,0.005945432752465335,9,-0.010357099799608737,0.0071857292568695726,-0.07596007435400282,False,ds003604/Sem/ses-7
ds003604,Sem,ses-7,babylm-gpt2-3,134601216.0,-0.016092632900537467,-0.0034985836082061317,0.005945432752465335,9,-0.010357099799608737,0.0071857292568695726,-2.118272935995968,False,ds003604/Sem/ses-7
ds003604,Sem,ses-7,babylm-gpt2-5,134601216.0,-0.0135662842905942,-0.0034985836082061317,0.005945432752465335,9,-0.010357099799608737,0.0071857292568695726,-1.6933503584265404,False,ds003604/Sem/ses-7
ds003604,Sem,ses-7,babylm-gpt2-7,134601216.0,-0.014247060043072976,-0.0034985836082061317,0.005945432752465335,9,-0.010357099799608737,0.0071857292568695726,-1.807854345070151,False,ds003604/Sem/ses-7
ds003604,Sem,ses-7,polypythia-160m-seed1,,0.008725345424781972,-0.0034985836082061317,0.005945432752465335,9,-0.010357099799608737,0.0071857292568695726,2.0560200648000473,True,ds003604/Sem/ses-7
ds003604,Sem,ses-7,polypythia-160m-seed2,,0.0012570148898935296,-0.0034985836082061317,0.005945432752465335,9,-0.010357099799608737,0.0071857292568695726,0.7998742389488306,False,ds003604/Sem/ses-7
ds003604,Sem,ses-7,polypythia-160m-seed3,,0.007085454975012381,-0.0034985836082061317,0.005945432752465335,9,-0.010357099799608737,0.0071857292568695726,1.7801965010586875,False,ds003604/Sem/ses-7
ds003604,Sem,ses-7,polypythia-410m-seed1,,-0.009831868275890927,-0.0034985836082061317,0.005945432752465335,9,-0.010357099799608737,0.0071857292568695726,-1.065235270730904,False,ds003604/Sem/ses-7
ds003604,Sem,ses-7,polypythia-410m-seed2,,-0.0080538368246951,-0.0034985836082061317,0.005945432752465335,9,-0.010357099799608737,0.0071857292568695726,-0.7661768968121094,False,ds003604/Sem/ses-7
ds003604,Sem,ses-7,polypythia-410m-seed3,,-0.0032271828801215276,-0.0034985836082061317,0.005945432752465335,9,-0.010357099799608737,0.0071857292568695726,0.04564860782792724,False,ds003604/Sem/ses-7
ds003604,Sem,ses-7,polypythia-70m-seed1,,-0.0021199909946180455,-0.0034985836082061317,0.005945432752465335,9,-0.010357099799608737,0.0071857292568695726,0.23187422530621316,False,ds003604/Sem/ses-7
ds003604,Sem,ses-7,polypythia-70m-seed2,,0.005076124921599073,-0.0034985836082061317,0.005945432752465335,9,-0.010357099799608737,0.0071857292568695726,1.4422345499155822,False,ds003604/Sem/ses-7
ds003604,Sem,ses-7,polypythia-70m-seed3,,-0.011138735994860227,-0.0034985836082061317,0.005945432752465335,9,-0.010357099799608737,0.0071857292568695726,-1.285045631621353,False,ds003604/Sem/ses-7
ds003604,Sem,ses-7,pythia-1.4b-full,1515311488.0,-0.005860901025072563,-0.0034985836082061317,0.005945432752465335,9,-0.010357099799608737,0.0071857292568695726,-0.3973331320393577,False,ds003604/Sem/ses-7
ds003604,Sem,ses-7,pythia-160m-full,212654688.0,-0.002739906662110727,-0.0034985836082061317,0.005945432752465335,9,-0.010357099799608737,0.0071857292568695726,0.1276066819157632,False,ds003604/Sem/ses-7
ds003604,Sem,ses-7,pythia-1b-full,1078891008.0,0.002927307566515282,-0.0034985836082061317,0.005945432752465335,9,-0.010357099799608737,0.0071857292568695726,1.0808113458279134,False,ds003604/Sem/ses-7
ds003604,Sem,ses-7,pythia-2.8b-full,,-0.009711717103685675,-0.0034985836082061317,0.005945432752465335,9,-0.010357099799608737,0.0071857292568695726,-1.0450262838988806,False,ds003604/Sem/ses-7
ds003604,Sem,ses-7,pythia-410m-full,505997504.0,-0.0007361287252958187,-0.0034985836082061317,0.005945432752465335,9,-0.010357099799608737,0.0071857292568695726,0.46463478739454794,False,ds003604/Sem/ses-7
ds003604,Sem,ses-7,pythia-6.9b-full,,-0.0162601558711445,-0.0034985836082061317,0.005945432752465335,9,-0.010357099799608737,0.0071857292568695726,-2.1464496857098667,False,ds003604/Sem/ses-7
ds003604,Sem,ses-7,pythia-70m-full,95592496.0,-0.0093805434615252,-0.0034985836082061317,0.005945432752465335,9,-0.010357099799608737,0.0071857292568695726,-0.9893240909806023,False,ds003604/Sem/ses-7
ds003604,Sem,ses-9,babylm-gpt2,134601216.0,0.0023585701303181074,-0.003345404754179897,0.005900280268028335,9,-0.01270731976455859,0.005506221792687009,0.9667294815478438,False,ds003604/Sem/ses-9
ds003604,Sem,ses-9,babylm-gpt2-3,134601216.0,-0.014277017916514666,-0.003345404754179897,0.005900280268028335,9,-0.01270731976455859,0.005506221792687009,-1.8527277799953947,False,ds003604/Sem/ses-9
ds003604,Sem,ses-9,babylm-gpt2-5,134601216.0,-0.011977702563188844,-0.003345404754179897,0.005900280268028335,9,-0.01270731976455859,0.005506221792687009,-1.463031825078634,False,ds003604/Sem/ses-9
ds003604,Sem,ses-9,babylm-gpt2-7,134601216.0,-0.012779367137689799,-0.003345404754179897,0.005900280268028335,9,-0.01270731976455859,0.005506221792687009,-1.59890072250117,False,ds003604/Sem/ses-9
ds003604,Sem,ses-9,polypythia-160m-seed1,,0.011066997947334092,-0.003345404754179897,0.005900280268028335,9,-0.01270731976455859,0.005506221792687009,2.4426640848927175,True,ds003604/Sem/ses-9
ds003604,Sem,ses-9,polypythia-160m-seed2,,-0.0018814920902013724,-0.003345404754179897,0.005900280268028335,9,-0.01270731976455859,0.005506221792687009,0.24810900456898338,False,ds003604/Sem/ses-9
ds003604,Sem,ses-9,polypythia-160m-seed3,,0.0054991132124182635,-0.003345404754179897,0.005900280268028335,9,-0.01270731976455859,0.005506221792687009,1.4989996347332304,False,ds003604/Sem/ses-9
ds003604,Sem,ses-9,polypythia-410m-seed1,,-0.008035114575607363,-0.003345404754179897,0.005900280268028335,9,-0.01270731976455859,0.005506221792687009,-0.7948283146547209,False,ds003604/Sem/ses-9
ds003604,Sem,ses-9,polypythia-410m-seed2,,-0.0043703019975363,-0.003345404754179897,0.005900280268028335,9,-0.01270731976455859,0.005506221792687009,-0.1737031457488523,False,ds003604/Sem/ses-9
ds003604,Sem,ses-9,polypythia-410m-seed3,,-0.005043325969346008,-0.003345404754179897,0.005900280268028335,9,-0.01270731976455859,0.005506221792687009,-0.2877695868731159,False,ds003604/Sem/ses-9
ds003604,Sem,ses-9,polypythia-70m-seed1,,-0.002052548525506091,-0.003345404754179897,0.005900280268028335,9,-0.01270731976455859,0.005506221792687009,0.21911776558807997,False,ds003604/Sem/ses-9
ds003604,Sem,ses-9,polypythia-70m-seed2,,0.004000722655139537,-0.003345404754179897,0.005900280268028335,9,-0.01270731976455859,0.005506221792687009,1.2450471970163293,False,ds003604/Sem/ses-9
ds003604,Sem,ses-9,polypythia-70m-seed3,,-0.014215312837074291,-0.003345404754179897,0.005900280268028335,9,-0.01270731976455859,0.005506221792687009,-1.8422697887411936,False,ds003604/Sem/ses-9
ds003604,Sem,ses-9,pythia-1.4b-full,1515311488.0,0.0004970487846615454,-0.003345404754179897,0.005900280268028335,9,-0.01270731976455859,0.005506221792687009,0.6512323761402362,False,ds003604/Sem/ses-9
ds003604,Sem,ses-9,pythia-160m-full,212654688.0,-0.00017301101396386377,-0.003345404754179897,0.005900280268028335,9,-0.01270731976455859,0.005506221792687009,0.537668313386092,False,ds003604/Sem/ses-9
ds003604,Sem,ses-9,pythia-1b-full,1078891008.0,0.00892893583787391,-0.003345404754179897,0.005900280268028335,9,-0.01270731976455859,0.005506221792687009,2.0802978900111566,True,ds003604/Sem/ses-9
ds003604,Sem,ses-9,pythia-2.8b-full,,-0.0082982985855301,-0.003345404754179897,0.005900280268028335,9,-0.01270731976455859,0.005506221792687009,-0.8394336550736909,False,ds003604/Sem/ses-9
ds003604,Sem,ses-9,pythia-410m-full,505997504.0,0.003214815445181664,-0.003345404754179897,0.005900280268028335,9,-0.01270731976455859,0.005506221792687009,1.1118489124845852,False,ds003604/Sem/ses-9
ds003604,Sem,ses-9,pythia-6.9b-full,,-0.0137888664204239,-0.003345404754179897,0.005900280268028335,9,-0.01270731976455859,0.005506221792687009,-1.7699941683844518,False,ds003604/Sem/ses-9
ds003604,Sem,ses-9,pythia-70m-full,95592496.0,-0.00567927677307479,-0.003345404754179897,0.005900280268028335,9,-0.01270731976455859,0.005506221792687009,-0.3955527386624959,False,ds003604/Sem/ses-9
ds006239,Orth,ses-11,babylm-gpt2,134601216.0,-0.01662322068862239,-0.026087042263968515,0.005450393112942756,9,-0.034451037267140945,-0.019080885554016828,1.736355778241554,True,ds006239/Orth/ses-11
ds006239,Orth,ses-11,babylm-gpt2-3,134601216.0,-0.05664983989032232,-0.026087042263968515,0.005450393112942756,9,-0.034451037267140945,-0.019080885554016828,-5.60744830566037,False,ds006239/Orth/ses-11
ds006239,Orth,ses-11,babylm-gpt2-5,134601216.0,-0.05804708384070133,-0.026087042263968515,0.005450393112942756,9,-0.034451037267140945,-0.019080885554016828,-5.86380485122055,False,ds006239/Orth/ses-11
ds006239,Orth,ses-11,babylm-gpt2-7,134601216.0,-0.05788726542735209,-0.026087042263968515,0.005450393112942756,9,-0.034451037267140945,-0.019080885554016828,-5.8344824867529805,False,ds006239/Orth/ses-11
ds006239,Orth,ses-11,polypythia-160m-seed1,,-0.02655362500655968,-0.026087042263968515,0.005450393112942756,9,-0.034451037267140945,-0.019080885554016828,-0.08560533761926213,False,ds006239/Orth/ses-11
ds006239,Orth,ses-11,polypythia-160m-seed2,,-0.0298229055832479,-0.026087042263968515,0.005450393112942756,9,-0.034451037267140945,-0.019080885554016828,-0.6854300674951376,False,ds006239/Orth/ses-11
ds006239,Orth,ses-11,polypythia-160m-seed3,,-0.024327151794860002,-0.026087042263968515,0.005450393112942756,9,-0.034451037267140945,-0.019080885554016828,0.322892391913786,False,ds006239/Orth/ses-11
ds006239,Orth,ses-11,polypythia-410m-seed1,,-0.019461888558076443,-0.026087042263968515,0.005450393112942756,9,-0.034451037267140945,-0.019080885554016828,1.2155368555269297,False,ds006239/Orth/ses-11
ds006239,Orth,ses-11,polypythia-410m-seed2,,-0.021183601136881947,-0.026087042263968515,0.005450393112942756,9,-0.034451037267140945,-0.019080885554016828,0.8996490758515435,False,ds006239/Orth/ses-11
ds006239,Orth,ses-11,polypythia-410m-seed3,,-0.03711085476525176,-0.026087042263968515,0.005450393112942756,9,-0.034451037267140945,-0.019080885554016828,-2.0225720003765586,False,ds006239/Orth/ses-11
ds006239,Orth,ses-11,polypythia-70m-seed1,,-0.010503641336012164,-0.026087042263968515,0.005450393112942756,9,-0.034451037267140945,-0.019080885554016828,2.8591333881864935,True,ds006239/Orth/ses-11
ds006239,Orth,ses-11,polypythia-70m-seed2,,-0.02004557275893607,-0.026087042263968515,0.005450393112942756,9,-0.034451037267140945,-0.019080885554016828,1.1084465615307801,False,ds006239/Orth/ses-11
ds006239,Orth,ses-11,polypythia-70m-seed3,,-0.010970743998449054,-0.026087042263968515,0.005450393112942756,9,-0.034451037267140945,-0.019080885554016828,2.77343265931105,True,ds006239/Orth/ses-11
ds006239,Orth,ses-11,pythia-1.4b-full,1515311488.0,-0.020427654996481207,-0.026087042263968515,0.005450393112942756,9,-0.034451037267140945,-0.019080885554016828,1.0383447854519456,False,ds006239/Orth/ses-11
ds006239,Orth,ses-11,pythia-160m-full,212654688.0,-0.026216209636362994,-0.026087042263968515,0.005450393112942756,9,-0.034451037267140945,-0.019080885554016828,-0.023698725893321802,False,ds006239/Orth/ses-11
ds006239,Orth,ses-11,pythia-1b-full,1078891008.0,-0.021187066122502318,-0.026087042263968515,0.005450393112942756,9,-0.034451037267140945,-0.019080885554016828,0.8990133445293123,False,ds006239/Orth/ses-11
ds006239,Orth,ses-11,pythia-2.8b-full,,-0.03960462746758087,-0.026087042263968515,0.005450393112942756,9,-0.034451037267140945,-0.019080885554016828,-2.480111970549954,False,ds006239/Orth/ses-11
ds006239,Orth,ses-11,pythia-410m-full,505997504.0,-0.02547466378001396,-0.026087042263968515,0.005450393112942756,9,-0.034451037267140945,-0.019080885554016828,0.11235492032682402,False,ds006239/Orth/ses-11
ds006239,Orth,ses-11,pythia-6.9b-full,,-0.0035212449400009,-0.026087042263968515,0.005450393112942756,9,-0.034451037267140945,-0.019080885554016828,4.140214633396227,True,ds006239/Orth/ses-11
ds006239,Orth,ses-11,pythia-70m-full,95592496.0,-0.013454637821027009,-0.026087042263968515,0.005450393112942756,9,-0.034451037267140945,-0.019080885554016828,2.3177051968864433,True,ds006239/Orth/ses-11
ds006239,Orth,ses-11+,babylm-gpt2,134601216.0,-0.004170062536414911,-0.011669994732646523,0.005027877105393662,9,-0.016319450268550827,-0.00046313684409235407,1.4916697522670253,False,ds006239/Orth/ses-11+
ds006239,Orth,ses-11+,babylm-gpt2-3,134601216.0,-0.059074882479529446,-0.011669994732646523,0.005027877105393662,9,-0.016319450268550827,-0.00046313684409235407,-9.428410192450661,False,ds006239/Orth/ses-11+
ds006239,Orth,ses-11+,babylm-gpt2-5,134601216.0,-0.058006567886026046,-0.011669994732646523,0.005027877105393662,9,-0.016319450268550827,-0.00046313684409235407,-9.215931929535808,False,ds006239/Orth/ses-11+
ds006239,Orth,ses-11+,babylm-gpt2-7,134601216.0,-0.05854567863023051,-0.011669994732646523,0.005027877105393662,9,-0.016319450268550827,-0.00046313684409235407,-9.323156257597871,False,ds006239/Orth/ses-11+
ds006239,Orth,ses-11+,polypythia-160m-seed1,,-0.019344770152652953,-0.011669994732646523,0.005027877105393662,9,-0.016319450268550827,-0.00046313684409235407,-1.5264445130875028,False,ds006239/Orth/ses-11+
ds006239,Orth,ses-11+,polypythia-160m-seed2,,-0.024457817845701637,-0.011669994732646523,0.005027877105393662,9,-0.016319450268550827,-0.00046313684409235407,-2.543384184815687,False,ds006239/Orth/ses-11+
ds006239,Orth,ses-11+,polypythia-160m-seed3,,-0.02250619017615319,-0.011669994732646523,0.005027877105393662,9,-0.016319450268550827,-0.00046313684409235407,-2.155222813994822,False,ds006239/Orth/ses-11+
ds006239,Orth,ses-11+,polypythia-410m-seed1,,-0.006089621814241272,-0.011669994732646523,0.005027877105393662,9,-0.016319450268550827,-0.00046313684409235407,1.1098864990989732,False,ds006239/Orth/ses-11+
ds006239,Orth,ses-11+,polypythia-410m-seed2,,-0.013718913895491226,-0.011669994732646523,0.005027877105393662,9,-0.016319450268550827,-0.00046313684409235407,-0.4075117827853672,False,ds006239/Orth/ses-11+
ds006239,Orth,ses-11+,polypythia-410m-seed3,,-0.023332145059728106,-0.011669994732646523,0.005027877105393662,9,-0.016319450268550827,-0.00046313684409235407,-2.319497887999489,False,ds006239/Orth/ses-11+
ds006239,Orth,ses-11+,polypythia-70m-seed1,,-0.005061961155960636,-0.011669994732646523,0.005027877105393662,9,-0.016319450268550827,-0.00046313684409235407,1.3142790561839925,False,ds006239/Orth/ses-11+
ds006239,Orth,ses-11+,polypythia-70m-seed2,,-0.0011461904407175543,-0.011669994732646523,0.005027877105393662,9,-0.016319450268550827,-0.00046313684409235407,2.0930909947340486,False,ds006239/Orth/ses-11+
ds006239,Orth,ses-11+,polypythia-70m-seed3,,-0.004613106529589899,-0.011669994732646523,0.005027877105393662,9,-0.016319450268550827,-0.00046313684409235407,1.4035522458347953,False,ds006239/Orth/ses-11+
ds006239,Orth,ses-11+,pythia-1.4b-full,1515311488.0,-0.011246265620482927,-0.011669994732646523,0.005027877105393662,9,-0.016319450268550827,-0.00046313684409235407,0.08427594853283896,False,ds006239/Orth/ses-11+
ds006239,Orth,ses-11+,pythia-160m-full,212654688.0,-0.0147289251676135,-0.011669994732646523,0.005027877105393662,9,-0.016319450268550827,-0.00046313684409235407,-0.6083940340716573,False,ds006239/Orth/ses-11+
ds006239,Orth,ses-11+,pythia-1b-full,1078891008.0,-0.01211321192121989,-0.011669994732646523,0.005027877105393662,9,-0.016319450268550827,-0.00046313684409235407,-0.08815195345524778,False,ds006239/Orth/ses-11+
ds006239,Orth,ses-11+,pythia-2.8b-full,,-0.016796597002355272,-0.011669994732646523,0.005027877105393662,9,-0.016319450268550827,-0.00046313684409235407,-1.0196355563681498,False,ds006239/Orth/ses-11+
ds006239,Orth,ses-11+,pythia-410m-full,505997504.0,-0.01249162899422458,-0.011669994732646523,0.005027877105393662,9,-0.016319450268550827,-0.00046313684409235407,-0.16341574075003712,False,ds006239/Orth/ses-11+
ds006239,Orth,ses-11+,pythia-6.9b-full,,-0.0106621887012339,-0.011669994732646523,0.005027877105393662,9,-0.016319450268550827,-0.00046313684409235407,0.20044364853936014,False,ds006239/Orth/ses-11+
ds006239,Orth,ses-11+,pythia-70m-full,95592496.0,-0.0025756113075054454,-0.011669994732646523,0.005027877105393662,9,-0.016319450268550827,-0.00046313684409235407,1.8087919084945545,False,ds006239/Orth/ses-11+
ds006239,Phon,ses-11,babylm-gpt2,134601216.0,-0.01662322068862239,-0.026087042263968515,0.005450393112942756,9,-0.034451037267140945,-0.019080885554016828,1.736355778241554,True,ds006239/Phon/ses-11
ds006239,Phon,ses-11,babylm-gpt2-3,134601216.0,-0.05664983989032232,-0.026087042263968515,0.005450393112942756,9,-0.034451037267140945,-0.019080885554016828,-5.60744830566037,False,ds006239/Phon/ses-11
ds006239,Phon,ses-11,babylm-gpt2-5,134601216.0,-0.05804708384070133,-0.026087042263968515,0.005450393112942756,9,-0.034451037267140945,-0.019080885554016828,-5.86380485122055,False,ds006239/Phon/ses-11
ds006239,Phon,ses-11,babylm-gpt2-7,134601216.0,-0.05788726542735209,-0.026087042263968515,0.005450393112942756,9,-0.034451037267140945,-0.019080885554016828,-5.8344824867529805,False,ds006239/Phon/ses-11
ds006239,Phon,ses-11,polypythia-160m-seed1,,-0.02655362500655968,-0.026087042263968515,0.005450393112942756,9,-0.034451037267140945,-0.019080885554016828,-0.08560533761926213,False,ds006239/Phon/ses-11
ds006239,Phon,ses-11,polypythia-160m-seed2,,-0.0298229055832479,-0.026087042263968515,0.005450393112942756,9,-0.034451037267140945,-0.019080885554016828,-0.6854300674951376,False,ds006239/Phon/ses-11
ds006239,Phon,ses-11,polypythia-160m-seed3,,-0.024327151794860002,-0.026087042263968515,0.005450393112942756,9,-0.034451037267140945,-0.019080885554016828,0.322892391913786,False,ds006239/Phon/ses-11
ds006239,Phon,ses-11,polypythia-410m-seed1,,-0.019461888558076443,-0.026087042263968515,0.005450393112942756,9,-0.034451037267140945,-0.019080885554016828,1.2155368555269297,False,ds006239/Phon/ses-11
ds006239,Phon,ses-11,polypythia-410m-seed2,,-0.021183601136881947,-0.026087042263968515,0.005450393112942756,9,-0.034451037267140945,-0.019080885554016828,0.8996490758515435,False,ds006239/Phon/ses-11
ds006239,Phon,ses-11,polypythia-410m-seed3,,-0.03711085476525176,-0.026087042263968515,0.005450393112942756,9,-0.034451037267140945,-0.019080885554016828,-2.0225720003765586,False,ds006239/Phon/ses-11
ds006239,Phon,ses-11,polypythia-70m-seed1,,-0.010503641336012164,-0.026087042263968515,0.005450393112942756,9,-0.034451037267140945,-0.019080885554016828,2.8591333881864935,True,ds006239/Phon/ses-11
ds006239,Phon,ses-11,polypythia-70m-seed2,,-0.02004557275893607,-0.026087042263968515,0.005450393112942756,9,-0.034451037267140945,-0.019080885554016828,1.1084465615307801,False,ds006239/Phon/ses-11
ds006239,Phon,ses-11,polypythia-70m-seed3,,-0.010970743998449054,-0.026087042263968515,0.005450393112942756,9,-0.034451037267140945,-0.019080885554016828,2.77343265931105,True,ds006239/Phon/ses-11
ds006239,Phon,ses-11,pythia-1.4b-full,1515311488.0,-0.020427654996481207,-0.026087042263968515,0.005450393112942756,9,-0.034451037267140945,-0.019080885554016828,1.0383447854519456,False,ds006239/Phon/ses-11
ds006239,Phon,ses-11,pythia-160m-full,212654688.0,-0.026216209636362994,-0.026087042263968515,0.005450393112942756,9,-0.034451037267140945,-0.019080885554016828,-0.023698725893321802,False,ds006239/Phon/ses-11
ds006239,Phon,ses-11,pythia-1b-full,1078891008.0,-0.021187066122502318,-0.026087042263968515,0.005450393112942756,9,-0.034451037267140945,-0.019080885554016828,0.8990133445293123,False,ds006239/Phon/ses-11
ds006239,Phon,ses-11,pythia-2.8b-full,,-0.03960462746758087,-0.026087042263968515,0.005450393112942756,9,-0.034451037267140945,-0.019080885554016828,-2.480111970549954,False,ds006239/Phon/ses-11
ds006239,Phon,ses-11,pythia-410m-full,505997504.0,-0.02547466378001396,-0.026087042263968515,0.005450393112942756,9,-0.034451037267140945,-0.019080885554016828,0.11235492032682402,False,ds006239/Phon/ses-11
ds006239,Phon,ses-11,pythia-6.9b-full,,-0.0035212449400009,-0.026087042263968515,0.005450393112942756,9,-0.034451037267140945,-0.019080885554016828,4.140214633396227,True,ds006239/Phon/ses-11
ds006239,Phon,ses-11,pythia-70m-full,95592496.0,-0.013454637821027009,-0.026087042263968515,0.005450393112942756,9,-0.034451037267140945,-0.019080885554016828,2.3177051968864433,True,ds006239/Phon/ses-11
ds006239,Phon,ses-11+,babylm-gpt2,134601216.0,-0.004170062536414911,-0.011669994732646523,0.005027877105393662,9,-0.016319450268550827,-0.00046313684409235407,1.4916697522670253,False,ds006239/Phon/ses-11+
ds006239,Phon,ses-11+,babylm-gpt2-3,134601216.0,-0.059074882479529446,-0.011669994732646523,0.005027877105393662,9,-0.016319450268550827,-0.00046313684409235407,-9.428410192450661,False,ds006239/Phon/ses-11+
ds006239,Phon,ses-11+,babylm-gpt2-5,134601216.0,-0.058006567886026046,-0.011669994732646523,0.005027877105393662,9,-0.016319450268550827,-0.00046313684409235407,-9.215931929535808,False,ds006239/Phon/ses-11+
ds006239,Phon,ses-11+,babylm-gpt2-7,134601216.0,-0.05854567863023051,-0.011669994732646523,0.005027877105393662,9,-0.016319450268550827,-0.00046313684409235407,-9.323156257597871,False,ds006239/Phon/ses-11+
ds006239,Phon,ses-11+,polypythia-160m-seed1,,-0.019344770152652953,-0.011669994732646523,0.005027877105393662,9,-0.016319450268550827,-0.00046313684409235407,-1.5264445130875028,False,ds006239/Phon/ses-11+
ds006239,Phon,ses-11+,polypythia-160m-seed2,,-0.024457817845701637,-0.011669994732646523,0.005027877105393662,9,-0.016319450268550827,-0.00046313684409235407,-2.543384184815687,False,ds006239/Phon/ses-11+
ds006239,Phon,ses-11+,polypythia-160m-seed3,,-0.02250619017615319,-0.011669994732646523,0.005027877105393662,9,-0.016319450268550827,-0.00046313684409235407,-2.155222813994822,False,ds006239/Phon/ses-11+
ds006239,Phon,ses-11+,polypythia-410m-seed1,,-0.006089621814241272,-0.011669994732646523,0.005027877105393662,9,-0.016319450268550827,-0.00046313684409235407,1.1098864990989732,False,ds006239/Phon/ses-11+
ds006239,Phon,ses-11+,polypythia-410m-seed2,,-0.013718913895491226,-0.011669994732646523,0.005027877105393662,9,-0.016319450268550827,-0.00046313684409235407,-0.4075117827853672,False,ds006239/Phon/ses-11+
ds006239,Phon,ses-11+,polypythia-410m-seed3,,-0.023332145059728106,-0.011669994732646523,0.005027877105393662,9,-0.016319450268550827,-0.00046313684409235407,-2.319497887999489,False,ds006239/Phon/ses-11+
ds006239,Phon,ses-11+,polypythia-70m-seed1,,-0.005061961155960636,-0.011669994732646523,0.005027877105393662,9,-0.016319450268550827,-0.00046313684409235407,1.3142790561839925,False,ds006239/Phon/ses-11+
ds006239,Phon,ses-11+,polypythia-70m-seed2,,-0.0011461904407175543,-0.011669994732646523,0.005027877105393662,9,-0.016319450268550827,-0.00046313684409235407,2.0930909947340486,False,ds006239/Phon/ses-11+
ds006239,Phon,ses-11+,polypythia-70m-seed3,,-0.004613106529589899,-0.011669994732646523,0.005027877105393662,9,-0.016319450268550827,-0.00046313684409235407,1.4035522458347953,False,ds006239/Phon/ses-11+
ds006239,Phon,ses-11+,pythia-1.4b-full,1515311488.0,-0.011246265620482927,-0.011669994732646523,0.005027877105393662,9,-0.016319450268550827,-0.00046313684409235407,0.08427594853283896,False,ds006239/Phon/ses-11+
ds006239,Phon,ses-11+,pythia-160m-full,212654688.0,-0.0147289251676135,-0.011669994732646523,0.005027877105393662,9,-0.016319450268550827,-0.00046313684409235407,-0.6083940340716573,False,ds006239/Phon/ses-11+
ds006239,Phon,ses-11+,pythia-1b-full,1078891008.0,-0.01211321192121989,-0.011669994732646523,0.005027877105393662,9,-0.016319450268550827,-0.00046313684409235407,-0.08815195345524778,False,ds006239/Phon/ses-11+
ds006239,Phon,ses-11+,pythia-2.8b-full,,-0.016796597002355272,-0.011669994732646523,0.005027877105393662,9,-0.016319450268550827,-0.00046313684409235407,-1.0196355563681498,False,ds006239/Phon/ses-11+
ds006239,Phon,ses-11+,pythia-410m-full,505997504.0,-0.01249162899422458,-0.011669994732646523,0.005027877105393662,9,-0.016319450268550827,-0.00046313684409235407,-0.16341574075003712,False,ds006239/Phon/ses-11+
ds006239,Phon,ses-11+,pythia-6.9b-full,,-0.0106621887012339,-0.011669994732646523,0.005027877105393662,9,-0.016319450268550827,-0.00046313684409235407,0.20044364853936014,False,ds006239/Phon/ses-11+
ds006239,Phon,ses-11+,pythia-70m-full,95592496.0,-0.0025756113075054454,-0.011669994732646523,0.005027877105393662,9,-0.016319450268550827,-0.00046313684409235407,1.8087919084945545,False,ds006239/Phon/ses-11+
ds006239,Sem,ses-11,babylm-gpt2,134601216.0,0.034194772735670335,0.010267237014056048,0.00418106453619845,9,0.0029698527372627004,0.017326468724683627,5.722833387156928,True,ds006239/Sem/ses-11
ds006239,Sem,ses-11,babylm-gpt2-3,134601216.0,0.015446072708429145,0.010267237014056048,0.00418106453619845,9,0.0029698527372627004,0.017326468724683627,1.2386404585569613,False,ds006239/Sem/ses-11
ds006239,Sem,ses-11,babylm-gpt2-5,134601216.0,0.0163152325882131,0.010267237014056048,0.00418106453619845,9,0.0029698527372627004,0.017326468724683627,1.446520502564658,False,ds006239/Sem/ses-11
ds006239,Sem,ses-11,babylm-gpt2-7,134601216.0,0.015549364495530979,0.010267237014056048,0.00418106453619845,9,0.0029698527372627004,0.017326468724683627,1.263345120780556,False,ds006239/Sem/ses-11
ds006239,Sem,ses-11,polypythia-160m-seed1,,0.0021996641580909267,0.010267237014056048,0.00418106453619845,9,0.0029698527372627004,0.017326468724683627,-1.9295499474161195,False,ds006239/Sem/ses-11
ds006239,Sem,ses-11,polypythia-160m-seed2,,0.003478678824567318,0.010267237014056048,0.00418106453619845,9,0.0029698527372627004,0.017326468724683627,-1.6236434837863307,False,ds006239/Sem/ses-11
ds006239,Sem,ses-11,polypythia-160m-seed3,,-0.0003596656786238004,0.010267237014056048,0.00418106453619845,9,0.0029698527372627004,0.017326468724683627,-2.5416739207623302,False,ds006239/Sem/ses-11
ds006239,Sem,ses-11,polypythia-410m-seed1,,-0.0062872736558521455,0.010267237014056048,0.00418106453619845,9,0.0029698527372627004,0.017326468724683627,-3.959400895772839,False,ds006239/Sem/ses-11
ds006239,Sem,ses-11,polypythia-410m-seed2,,-0.013290740282024373,0.010267237014056048,0.00418106453619845,9,0.0029698527372627004,0.017326468724683627,-5.6344447908235455,False,ds006239/Sem/ses-11
ds006239,Sem,ses-11,polypythia-410m-seed3,,-0.004307669783947064,0.010267237014056048,0.00418106453619845,9,0.0029698527372627004,0.017326468724683627,-3.4859320328155126,False,ds006239/Sem/ses-11
ds006239,Sem,ses-11,polypythia-70m-seed1,,0.0112797312584908,0.010267237014056048,0.00418106453619845,9,0.0029698527372627004,0.017326468724683627,0.24216183119606696,False,ds006239/Sem/ses-11
ds006239,Sem,ses-11,polypythia-70m-seed2,,-0.008447010600257918,0.010267237014056048,0.00418106453619845,9,0.0029698527372627004,0.017326468724683627,-4.475952823088811,False,ds006239/Sem/ses-11
ds006239,Sem,ses-11,polypythia-70m-seed3,,-0.003458268288319673,0.010267237014056048,0.00418106453619845,9,0.0029698527372627004,0.017326468724683627,-3.2827776714624366,False,ds006239/Sem/ses-11
ds006239,Sem,ses-11,pythia-1.4b-full,1515311488.0,-0.020209995679211137,0.010267237014056048,0.00418106453619845,9,0.0029698527372627004,0.017326468724683627,-7.2893475882527285,False,ds006239/Sem/ses-11
ds006239,Sem,ses-11,pythia-160m-full,212654688.0,-0.008925823249778727,0.010267237014056048,0.00418106453619845,9,0.0029698527372627004,0.017326468724683627,-4.590472138773941,False,ds006239/Sem/ses-11
ds006239,Sem,ses-11,pythia-1b-full,1078891008.0,0.001076988133800818,0.010267237014056048,0.00418106453619845,9,0.0029698527372627004,0.017326468724683627,-2.1980643447831785,False,ds006239/Sem/ses-11
ds006239,Sem,ses-11,pythia-2.8b-full,,-0.02438153574493265,0.010267237014056048,0.00418106453619845,9,0.0029698527372627004,0.017326468724683627,-8.287069586946009,False,ds006239/Sem/ses-11
ds006239,Sem,ses-11,pythia-410m-full,505997504.0,-0.0036808360916947185,0.010267237014056048,0.00418106453619845,9,0.0029698527372627004,0.017326468724683627,-3.3360100005614304,False,ds006239/Sem/ses-11
ds006239,Sem,ses-11,pythia-6.9b-full,,0.0076714573480576,0.010267237014056048,0.00418106453619845,9,0.0029698527372627004,0.017326468724683627,-0.6208418079952934,False,ds006239/Sem/ses-11
ds006239,Sem,ses-11,pythia-70m-full,95592496.0,-0.005680948550686327,0.010267237014056048,0.00418106453619845,9,0.0029698527372627004,0.017326468724683627,-3.814383974862762,False,ds006239/Sem/ses-11
ds006239,Sem,ses-11+,babylm-gpt2,134601216.0,0.009921723931017666,0.002579650514140191,0.0035677817006097685,9,-0.0044820923451890995,0.008047933804999999,2.0578819089807663,True,ds006239/Sem/ses-11+
ds006239,Sem,ses-11+,babylm-gpt2-3,134601216.0,-0.0015737758414545997,0.002579650514140191,0.0035677817006097685,9,-0.0044820923451890995,0.008047933804999999,-1.1641481189515968,False,ds006239/Sem/ses-11+
ds006239,Sem,ses-11+,babylm-gpt2-5,134601216.0,-0.0029496606829445557,0.002579650514140191,0.0035677817006097685,9,-0.0044820923451890995,0.008047933804999999,-1.549789662338291,False,ds006239/Sem/ses-11+
ds006239,Sem,ses-11+,babylm-gpt2-7,134601216.0,0.0004885771111386224,0.002579650514140191,0.0035677817006097685,9,-0.0044820923451890995,0.008047933804999999,-0.5860990325288634,False,ds006239/Sem/ses-11+
ds006239,Sem,ses-11+,polypythia-160m-seed1,,0.006761819193672419,0.002579650514140191,0.0035677817006097685,9,-0.0044820923451890995,0.008047933804999999,1.1722041959062277,False,ds006239/Sem/ses-11+
ds006239,Sem,ses-11+,polypythia-160m-seed2,,-0.003354119295348391,0.002579650514140191,0.0035677817006097685,9,-0.0044820923451890995,0.008047933804999999,-1.6631538326670725,False,ds006239/Sem/ses-11+
ds006239,Sem,ses-11+,polypythia-160m-seed3,,-0.02078487382812733,0.002579650514140191,0.0035677817006097685,9,-0.0044820923451890995,0.008047933804999999,-6.54875390449878,False,ds006239/Sem/ses-11+
ds006239,Sem,ses-11+,polypythia-410m-seed1,,-0.01868762491135309,0.002579650514140191,0.0035677817006097685,9,-0.0044820923451890995,0.008047933804999999,-5.9609239606387625,False,ds006239/Sem/ses-11+
ds006239,Sem,ses-11+,polypythia-410m-seed2,,0.0028413863761697546,0.002579650514140191,0.0035677817006097685,9,-0.0044820923451890995,0.008047933804999999,0.07336095198448671,False,ds006239/Sem/ses-11+
ds006239,Sem,ses-11+,polypythia-410m-seed3,,-0.009533941393152908,0.002579650514140191,0.0035677817006097685,9,-0.0044820923451890995,0.008047933804999999,-3.395272727931412,False,ds006239/Sem/ses-11+
ds006239,Sem,ses-11+,polypythia-70m-seed1,,-0.008930798759787882,0.002579650514140191,0.0035677817006097685,9,-0.0044820923451890995,0.008047933804999999,-3.2262201669908297,False,ds006239/Sem/ses-11+
ds006239,Sem,ses-11+,polypythia-70m-seed2,,-0.0017219650316626632,0.002579650514140191,0.0035677817006097685,9,-0.0044820923451890995,0.008047933804999999,-1.205683504982288,False,ds006239/Sem/ses-11+
ds006239,Sem,ses-11+,polypythia-70m-seed3,,-0.010630545775398193,0.002579650514140191,0.0035677817006097685,9,-0.0044820923451890995,0.008047933804999999,-3.7026358107281716,False,ds006239/Sem/ses-11+
ds006239,Sem,ses-11+,pythia-1.4b-full,1515311488.0,-0.0173883448846773,0.002579650514140191,0.0035677817006097685,9,-0.0044820923451890995,0.008047933804999999,-5.596753690228516,False,ds006239/Sem/ses-11+
ds006239,Sem,ses-11+,pythia-160m-full,212654688.0,-0.020060379220117,0.002579650514140191,0.0035677817006097685,9,-0.0044820923451890995,0.008047933804999999,-6.345688058882019,False,ds006239/Sem/ses-11+
ds006239,Sem,ses-11+,pythia-1b-full,1078891008.0,0.0018240078318084907,0.002579650514140191,0.0035677817006097685,9,-0.0044820923451890995,0.008047933804999999,-0.21179622122131345,False,ds006239/Sem/ses-11+
ds006239,Sem,ses-11+,pythia-2.8b-full,,-0.008990395237778,0.002579650514140191,0.0035677817006097685,9,-0.0044820923451890995,0.008047933804999999,-3.2429242377527636,False,ds006239/Sem/ses-11+
ds006239,Sem,ses-11+,pythia-410m-full,505997504.0,0.011199812984062637,0.002579650514140191,0.0035677817006097685,9,-0.0044820923451890995,0.008047933804999999,2.4161126417709853,True,ds006239/Sem/ses-11+
ds006239,Sem,ses-11+,pythia-6.9b-full,,0.0005934834856111,0.002579650514140191,0.0035677817006097685,9,-0.0044820923451890995,0.008047933804999999,-0.556695222745729,False,ds006239/Sem/ses-11+
ds006239,Sem,ses-11+,pythia-70m-full,95592496.0,-0.013048446778105736,0.002579650514140191,0.0035677817006097685,9,-0.0044820923451890995,0.008047933804999999,-4.380340111496993,False,ds006239/Sem/ses-11+
ds006239,SemLocal,ses-11,babylm-gpt2,134601216.0,-0.00043946597112098684,0.013443015937297003,0.012936331367547379,9,-0.00017636457591870032,0.03473844158127443,-1.0731390155360556,False,ds006239/SemLocal/ses-11
ds006239,SemLocal,ses-11,babylm-gpt2-3,134601216.0,-0.019886117374418755,0.013443015937297003,0.012936331367547379,9,-0.00017636457591870032,0.03473844158127443,-2.576397617281714,False,ds006239/SemLocal/ses-11
ds006239,SemLocal,ses-11,babylm-gpt2-5,134601216.0,-0.02217143945475072,0.013443015937297003,0.012936331367547379,9,-0.00017636457591870032,0.03473844158127443,-2.753056827331405,False,ds006239/SemLocal/ses-11
ds006239,SemLocal,ses-11,babylm-gpt2-7,134601216.0,-0.021283203661808334,0.013443015937297003,0.012936331367547379,9,-0.00017636457591870032,0.03473844158127443,-2.6843947184455232,False,ds006239/SemLocal/ses-11
ds006239,SemLocal,ses-11,polypythia-160m-seed1,,0.013246947281002409,0.013443015937297003,0.012936331367547379,9,-0.00017636457591870032,0.03473844158127443,-0.01515643428758017,False,ds006239/SemLocal/ses-11
ds006239,SemLocal,ses-11,polypythia-160m-seed2,,0.005129349495117446,0.013443015937297003,0.012936331367547379,9,-0.00017636457591870032,0.03473844158127443,-0.6426602879882598,False,ds006239/SemLocal/ses-11
ds006239,SemLocal,ses-11,polypythia-160m-seed3,,0.015104543985835056,0.013443015937297003,0.012936331367547379,9,-0.00017636457591870032,0.03473844158127443,0.1284388905425097,False,ds006239/SemLocal/ses-11
ds006239,SemLocal,ses-11,polypythia-410m-seed1,,0.014666399631921056,0.013443015937297003,0.012936331367547379,9,-0.00017636457591870032,0.03473844158127443,0.09456960090656644,False,ds006239/SemLocal/ses-11
ds006239,SemLocal,ses-11,polypythia-410m-seed2,,0.02149753088757617,0.013443015937297003,0.012936331367547379,9,-0.00017636457591870032,0.03473844158127443,0.6226274452496678,False,ds006239/SemLocal/ses-11
ds006239,SemLocal,ses-11,polypythia-410m-seed3,,-0.001480575267646372,0.013443015937297003,0.012936331367547379,9,-0.00017636457591870032,0.03473844158127443,-1.1536185013303941,False,ds006239/SemLocal/ses-11
ds006239,SemLocal,ses-11,polypythia-70m-seed1,,-0.01878869936445468,0.013443015937297003,0.012936331367547379,9,-0.00017636457591870032,0.03473844158127443,-2.491565373983038,False,ds006239/SemLocal/ses-11
ds006239,SemLocal,ses-11,polypythia-70m-seed2,,0.005323173961109672,0.013443015937297003,0.012936331367547379,9,-0.00017636457591870032,0.03473844158127443,-0.6276773333556611,False,ds006239/SemLocal/ses-11
ds006239,SemLocal,ses-11,polypythia-70m-seed3,,0.01955761708314131,0.013443015937297003,0.012936331367547379,9,-0.00017636457591870032,0.03473844158127443,0.4726688712677576,False,ds006239/SemLocal/ses-11
ds006239,SemLocal,ses-11,pythia-1.4b-full,1515311488.0,0.004012697896787144,0.013443015937297003,0.012936331367547379,9,-0.00017636457591870032,0.03473844158127443,-0.7289793197604035,False,ds006239/SemLocal/ses-11
ds006239,SemLocal,ses-11,pythia-160m-full,212654688.0,0.0029570825656060366,0.013443015937297003,0.012936331367547379,9,-0.00017636457591870032,0.03473844158127443,-0.8105801462380916,False,ds006239/SemLocal/ses-11
ds006239,SemLocal,ses-11,pythia-1b-full,1078891008.0,-0.0013546620287839548,0.013443015937297003,0.012936331367547379,9,-0.00017636457591870032,0.03473844158127443,-1.1438851978701652,False,ds006239/SemLocal/ses-11
ds006239,SemLocal,ses-11,pythia-2.8b-full,,0.0198991334754835,0.013443015937297003,0.012936331367547379,9,-0.00017636457591870032,0.03473844158127443,0.49906865824282937,False,ds006239/SemLocal/ses-11
ds006239,SemLocal,ses-11,pythia-410m-full,505997504.0,0.018772915459650028,0.013443015937297003,0.012936331367547379,9,-0.00017636457591870032,0.03473844158127443,0.41201012643536894,False,ds006239/SemLocal/ses-11
ds006239,SemLocal,ses-11,pythia-6.9b-full,,-0.0073240107801743,0.013443015937297003,0.012936331367547379,9,-0.00017636457591870032,0.03473844158127443,-1.6053258166815618,False,ds006239/SemLocal/ses-11
ds006239,SemLocal,ses-11,pythia-70m-full,95592496.0,0.02576242542300697,0.013443015937297003,0.012936331367547379,9,-0.00017636457591870032,0.03473844158127443,0.9523109091511798,False,ds006239/SemLocal/ses-11
ds006239,SemLocal,ses-11+,babylm-gpt2,134601216.0,0.0073190778348704005,-0.0019813560344837805,0.009114268115469617,9,-0.013188620713392281,0.009103148571901446,1.0204257491140276,False,ds006239/SemLocal/ses-11+
ds006239,SemLocal,ses-11+,babylm-gpt2-3,134601216.0,-0.0031486850526400447,-0.0019813560344837805,0.009114268115469617,9,-0.013188620713392281,0.009103148571901446,-0.12807709882650484,False,ds006239/SemLocal/ses-11+
ds006239,SemLocal,ses-11+,babylm-gpt2-5,134601216.0,-0.004882920036219,-0.0019813560344837805,0.009114268115469617,9,-0.013188620713392281,0.009103148571901446,-0.31835403182954475,False,ds006239/SemLocal/ses-11+
ds006239,SemLocal,ses-11+,babylm-gpt2-7,134601216.0,-0.003614956146887278,-0.0019813560344837805,0.009114268115469617,9,-0.013188620713392281,0.009103148571901446,-0.17923546813712812,False,ds006239/SemLocal/ses-11+
ds006239,SemLocal,ses-11+,polypythia-160m-seed1,,0.008578232265931263,-0.0019813560344837805,0.009114268115469617,9,-0.013188620713392281,0.009103148571901446,1.158577755957419,False,ds006239/SemLocal/ses-11+
ds006239,SemLocal,ses-11+,polypythia-160m-seed2,,0.000994907420329555,-0.0019813560344837805,0.009114268115469617,9,-0.013188620713392281,0.009103148571901446,0.3265499124127952,False,ds006239/SemLocal/ses-11+
ds006239,SemLocal,ses-11+,polypythia-160m-seed3,,0.008884330263007835,-0.0019813560344837805,0.009114268115469617,9,-0.013188620713392281,0.009103148571901446,1.192162240547798,False,ds006239/SemLocal/ses-11+
ds006239,SemLocal,ses-11+,polypythia-410m-seed1,,-0.0020981404953322458,-0.0019813560344837805,0.009114268115469617,9,-0.013188620713392281,0.009103148571901446,-0.012813366840750209,False,ds006239/SemLocal/ses-11+
ds006239,SemLocal,ses-11+,polypythia-410m-seed2,,0.013972062877658847,-0.0019813560344837805,0.009114268115469617,9,-0.013188620713392281,0.009103148571901446,1.7503784955661932,True,ds006239/SemLocal/ses-11+
ds006239,SemLocal,ses-11+,polypythia-410m-seed3,,0.0036110869813992907,-0.0019813560344837805,0.009114268115469617,9,-0.013188620713392281,0.009103148571901446,0.6135921112953696,False,ds006239/SemLocal/ses-11+
ds006239,SemLocal,ses-11+,polypythia-70m-seed1,,-0.005352206130420891,-0.0019813560344837805,0.009114268115469617,9,-0.013188620713392281,0.009103148571901446,-0.3698432011469772,False,ds006239/SemLocal/ses-11+
ds006239,SemLocal,ses-11+,polypythia-70m-seed2,,-0.00790993371001689,-0.0019813560344837805,0.009114268115469617,9,-0.013188620713392281,0.009103148571901446,-0.6504721608387353,False,ds006239/SemLocal/ses-11+
ds006239,SemLocal,ses-11+,polypythia-70m-seed3,,0.0016718823353571272,-0.0019813560344837805,0.009114268115469617,9,-0.013188620713392281,0.009103148571901446,0.4008263004289152,False,ds006239/SemLocal/ses-11+
ds006239,SemLocal,ses-11+,pythia-1.4b-full,1515311488.0,-0.008273253112535326,-0.0019813560344837805,0.009114268115469617,9,-0.013188620713392281,0.009103148571901446,-0.6903348681801811,False,ds006239/SemLocal/ses-11+
ds006239,SemLocal,ses-11+,pythia-160m-full,212654688.0,-0.00900378430784979,-0.0019813560344837805,0.009114268115469617,9,-0.013188620713392281,0.009103148571901446,-0.7704873484516948,False,ds006239/SemLocal/ses-11+
ds006239,SemLocal,ses-11+,pythia-1b-full,1078891008.0,-0.009818648345593282,-0.0019813560344837805,0.009114268115469617,9,-0.013188620713392281,0.009103148571901446,-0.8598926662917994,False,ds006239/SemLocal/ses-11+
ds006239,SemLocal,ses-11+,pythia-2.8b-full,,0.0003213458526246,-0.0019813560344837805,0.009114268115469617,9,-0.013188620713392281,0.009103148571901446,0.2526480303119471,False,ds006239/SemLocal/ses-11+
ds006239,SemLocal,ses-11+,pythia-410m-full,505997504.0,0.024214033938733583,-0.0019813560344837805,0.009114268115469617,9,-0.013188620713392281,0.009103148571901446,2.87410789778677,True,ds006239/SemLocal/ses-11+
ds006239,SemLocal,ses-11+,pythia-6.9b-full,,0.0009592990040584,-0.0019813560344837805,0.009114268115469617,9,-0.013188620713392281,0.009103148571901446,0.3226430253407859,False,ds006239/SemLocal/ses-11+
ds006239,SemLocal,ses-11+,pythia-70m-full,95592496.0,0.01584375686085089,-0.0019813560344837805,0.009114268115469617,9,-0.013188620713392281,0.009103148571901446,1.955737166112128,True,ds006239/SemLocal/ses-11+
