model,dataset,task,session,layer,layer_frac,scheme,rsa_full,rsa_relational
sentence-transformers/all-mpnet-base-v2,ds002236,Phon,ses-11+,0,0.0,pipeline_meanpool,-0.0045,-0.0138
sentence-transformers/all-mpnet-base-v2,ds002236,Phon,ses-11+,0,0.0,pair_concat,0.002,-0.0254
sentence-transformers/all-mpnet-base-v2,ds002236,Phon,ses-11+,0,0.0,pair_absdiff,-0.0399,-0.0321
sentence-transformers/all-mpnet-base-v2,ds002236,Phon,ses-11+,0,0.0,pair_cos1d,-0.0124,0.0013
sentence-transformers/all-mpnet-base-v2,ds002236,Phon,ses-11+,1,0.083,pipeline_meanpool,0.0005,-0.0058
sentence-transformers/all-mpnet-base-v2,ds002236,Phon,ses-11+,1,0.083,pair_concat,-0.0021,-0.0174
sentence-transformers/all-mpnet-base-v2,ds002236,Phon,ses-11+,1,0.083,pair_absdiff,-0.0065,-0.013
sentence-transformers/all-mpnet-base-v2,ds002236,Phon,ses-11+,1,0.083,pair_cos1d,-0.0027,-0.0036
sentence-transformers/all-mpnet-base-v2,ds002236,Phon,ses-11+,2,0.167,pipeline_meanpool,-0.0015,-0.0077
sentence-transformers/all-mpnet-base-v2,ds002236,Phon,ses-11+,2,0.167,pair_concat,0.0007,-0.0134
sentence-transformers/all-mpnet-base-v2,ds002236,Phon,ses-11+,2,0.167,pair_absdiff,-0.0008,-0.0059
sentence-transformers/all-mpnet-base-v2,ds002236,Phon,ses-11+,2,0.167,pair_cos1d,0.0082,-0.001
sentence-transformers/all-mpnet-base-v2,ds002236,Phon,ses-11+,3,0.25,pipeline_meanpool,0.0107,-0.0
sentence-transformers/all-mpnet-base-v2,ds002236,Phon,ses-11+,3,0.25,pair_concat,0.0091,-0.0109
sentence-transformers/all-mpnet-base-v2,ds002236,Phon,ses-11+,3,0.25,pair_absdiff,0.0069,0.007
sentence-transformers/all-mpnet-base-v2,ds002236,Phon,ses-11+,3,0.25,pair_cos1d,0.0015,-0.0099
sentence-transformers/all-mpnet-base-v2,ds002236,Phon,ses-11+,4,0.333,pipeline_meanpool,0.0064,-0.0019
sentence-transformers/all-mpnet-base-v2,ds002236,Phon,ses-11+,4,0.333,pair_concat,0.0156,-0.0107
sentence-transformers/all-mpnet-base-v2,ds002236,Phon,ses-11+,4,0.333,pair_absdiff,0.0192,0.0154
sentence-transformers/all-mpnet-base-v2,ds002236,Phon,ses-11+,4,0.333,pair_cos1d,-0.0043,-0.0063
sentence-transformers/all-mpnet-base-v2,ds002236,Phon,ses-11+,5,0.417,pipeline_meanpool,0.007,-0.0042
sentence-transformers/all-mpnet-base-v2,ds002236,Phon,ses-11+,5,0.417,pair_concat,0.0204,-0.0096
sentence-transformers/all-mpnet-base-v2,ds002236,Phon,ses-11+,5,0.417,pair_absdiff,0.0228,0.0144
sentence-transformers/all-mpnet-base-v2,ds002236,Phon,ses-11+,5,0.417,pair_cos1d,0.0038,0.0041
sentence-transformers/all-mpnet-base-v2,ds002236,Phon,ses-11+,6,0.5,pipeline_meanpool,0.0147,-0.0039
sentence-transformers/all-mpnet-base-v2,ds002236,Phon,ses-11+,6,0.5,pair_concat,0.0267,-0.0068
sentence-transformers/all-mpnet-base-v2,ds002236,Phon,ses-11+,6,0.5,pair_absdiff,-0.0047,-0.0021
sentence-transformers/all-mpnet-base-v2,ds002236,Phon,ses-11+,6,0.5,pair_cos1d,-0.0062,-0.0024
sentence-transformers/all-mpnet-base-v2,ds002236,Phon,ses-11+,7,0.583,pipeline_meanpool,0.0209,-0.0052
sentence-transformers/all-mpnet-base-v2,ds002236,Phon,ses-11+,7,0.583,pair_concat,0.0272,-0.0054
sentence-transformers/all-mpnet-base-v2,ds002236,Phon,ses-11+,7,0.583,pair_absdiff,-0.0031,0.0027
sentence-transformers/all-mpnet-base-v2,ds002236,Phon,ses-11+,7,0.583,pair_cos1d,-0.021,0.0004
sentence-transformers/all-mpnet-base-v2,ds002236,Phon,ses-11+,8,0.667,pipeline_meanpool,0.0338,-0.0038
sentence-transformers/all-mpnet-base-v2,ds002236,Phon,ses-11+,8,0.667,pair_concat,0.0299,-0.0062
sentence-transformers/all-mpnet-base-v2,ds002236,Phon,ses-11+,8,0.667,pair_absdiff,0.0097,0.0081
sentence-transformers/all-mpnet-base-v2,ds002236,Phon,ses-11+,8,0.667,pair_cos1d,-0.0099,0.006
sentence-transformers/all-mpnet-base-v2,ds002236,Phon,ses-11+,9,0.75,pipeline_meanpool,0.048,-0.0012
sentence-transformers/all-mpnet-base-v2,ds002236,Phon,ses-11+,9,0.75,pair_concat,0.0495,0.0007
sentence-transformers/all-mpnet-base-v2,ds002236,Phon,ses-11+,9,0.75,pair_absdiff,0.0379,0.0131
sentence-transformers/all-mpnet-base-v2,ds002236,Phon,ses-11+,9,0.75,pair_cos1d,-0.0147,-0.0002
sentence-transformers/all-mpnet-base-v2,ds002236,Phon,ses-11+,10,0.833,pipeline_meanpool,0.0514,0.0039
sentence-transformers/all-mpnet-base-v2,ds002236,Phon,ses-11+,10,0.833,pair_concat,0.0588,0.0037
sentence-transformers/all-mpnet-base-v2,ds002236,Phon,ses-11+,10,0.833,pair_absdiff,0.0427,0.0183
sentence-transformers/all-mpnet-base-v2,ds002236,Phon,ses-11+,10,0.833,pair_cos1d,0.0008,0.0018
sentence-transformers/all-mpnet-base-v2,ds002236,Phon,ses-11+,11,0.917,pipeline_meanpool,0.0556,0.0102
sentence-transformers/all-mpnet-base-v2,ds002236,Phon,ses-11+,11,0.917,pair_concat,0.0465,-0.0029
sentence-transformers/all-mpnet-base-v2,ds002236,Phon,ses-11+,11,0.917,pair_absdiff,0.0332,0.0145
sentence-transformers/all-mpnet-base-v2,ds002236,Phon,ses-11+,11,0.917,pair_cos1d,-0.0085,0.0
sentence-transformers/all-mpnet-base-v2,ds002236,Phon,ses-11+,12,1.0,pipeline_meanpool,0.0297,0.0132
sentence-transformers/all-mpnet-base-v2,ds002236,Phon,ses-11+,12,1.0,pair_concat,0.0232,-0.0015
sentence-transformers/all-mpnet-base-v2,ds002236,Phon,ses-11+,12,1.0,pair_absdiff,0.0197,0.0052
sentence-transformers/all-mpnet-base-v2,ds002236,Phon,ses-11+,12,1.0,pair_cos1d,-0.0114,-0.0058
sentence-transformers/all-mpnet-base-v2,ds002236,Phon,ses-11,0,0.0,pipeline_meanpool,0.0253,0.0136
sentence-transformers/all-mpnet-base-v2,ds002236,Phon,ses-11,0,0.0,pair_concat,0.0092,-0.0054
sentence-transformers/all-mpnet-base-v2,ds002236,Phon,ses-11,0,0.0,pair_absdiff,-0.0272,-0.0269
sentence-transformers/all-mpnet-base-v2,ds002236,Phon,ses-11,0,0.0,pair_cos1d,-0.0077,-0.0066
sentence-transformers/all-mpnet-base-v2,ds002236,Phon,ses-11,1,0.083,pipeline_meanpool,0.023,0.002
sentence-transformers/all-mpnet-base-v2,ds002236,Phon,ses-11,1,0.083,pair_concat,0.0167,-0.0144
sentence-transformers/all-mpnet-base-v2,ds002236,Phon,ses-11,1,0.083,pair_absdiff,-0.0015,-0.0141
sentence-transformers/all-mpnet-base-v2,ds002236,Phon,ses-11,1,0.083,pair_cos1d,0.0085,-0.0039
sentence-transformers/all-mpnet-base-v2,ds002236,Phon,ses-11,2,0.167,pipeline_meanpool,0.0228,0.0084
sentence-transformers/all-mpnet-base-v2,ds002236,Phon,ses-11,2,0.167,pair_concat,0.0269,0.002
sentence-transformers/all-mpnet-base-v2,ds002236,Phon,ses-11,2,0.167,pair_absdiff,0.0084,-0.0023
sentence-transformers/all-mpnet-base-v2,ds002236,Phon,ses-11,2,0.167,pair_cos1d,0.0238,0.01
sentence-transformers/all-mpnet-base-v2,ds002236,Phon,ses-11,3,0.25,pipeline_meanpool,0.0302,0.0135
sentence-transformers/all-mpnet-base-v2,ds002236,Phon,ses-11,3,0.25,pair_concat,0.0274,-0.002
sentence-transformers/all-mpnet-base-v2,ds002236,Phon,ses-11,3,0.25,pair_absdiff,0.0197,-0.0115
sentence-transformers/all-mpnet-base-v2,ds002236,Phon,ses-11,3,0.25,pair_cos1d,0.0113,-0.005
sentence-transformers/all-mpnet-base-v2,ds002236,Phon,ses-11,4,0.333,pipeline_meanpool,0.0267,0.01
sentence-transformers/all-mpnet-base-v2,ds002236,Phon,ses-11,4,0.333,pair_concat,0.0359,-0.0013
sentence-transformers/all-mpnet-base-v2,ds002236,Phon,ses-11,4,0.333,pair_absdiff,0.0385,0.0089
sentence-transformers/all-mpnet-base-v2,ds002236,Phon,ses-11,4,0.333,pair_cos1d,0.0185,0.0033
sentence-transformers/all-mpnet-base-v2,ds002236,Phon,ses-11,5,0.417,pipeline_meanpool,0.0249,0.0036
sentence-transformers/all-mpnet-base-v2,ds002236,Phon,ses-11,5,0.417,pair_concat,0.0374,-0.0015
sentence-transformers/all-mpnet-base-v2,ds002236,Phon,ses-11,5,0.417,pair_absdiff,0.0387,0.0063
sentence-transformers/all-mpnet-base-v2,ds002236,Phon,ses-11,5,0.417,pair_cos1d,0.0235,0.0049
sentence-transformers/all-mpnet-base-v2,ds002236,Phon,ses-11,6,0.5,pipeline_meanpool,0.0261,0.0068
sentence-transformers/all-mpnet-base-v2,ds002236,Phon,ses-11,6,0.5,pair_concat,0.0341,-0.0019
sentence-transformers/all-mpnet-base-v2,ds002236,Phon,ses-11,6,0.5,pair_absdiff,0.011,-0.0019
sentence-transformers/all-mpnet-base-v2,ds002236,Phon,ses-11,6,0.5,pair_cos1d,0.0117,0.0012
sentence-transformers/all-mpnet-base-v2,ds002236,Phon,ses-11,7,0.583,pipeline_meanpool,0.0274,-0.0019
sentence-transformers/all-mpnet-base-v2,ds002236,Phon,ses-11,7,0.583,pair_concat,0.0334,-0.0106
sentence-transformers/all-mpnet-base-v2,ds002236,Phon,ses-11,7,0.583,pair_absdiff,0.0097,-0.0065
sentence-transformers/all-mpnet-base-v2,ds002236,Phon,ses-11,7,0.583,pair_cos1d,-0.001,-0.0043
sentence-transformers/all-mpnet-base-v2,ds002236,Phon,ses-11,8,0.667,pipeline_meanpool,0.0372,-0.001
sentence-transformers/all-mpnet-base-v2,ds002236,Phon,ses-11,8,0.667,pair_concat,0.0389,-0.0125
sentence-transformers/all-mpnet-base-v2,ds002236,Phon,ses-11,8,0.667,pair_absdiff,0.0147,-0.0106
sentence-transformers/all-mpnet-base-v2,ds002236,Phon,ses-11,8,0.667,pair_cos1d,0.0059,-0.0077
sentence-transformers/all-mpnet-base-v2,ds002236,Phon,ses-11,9,0.75,pipeline_meanpool,0.0453,0.0003
sentence-transformers/all-mpnet-base-v2,ds002236,Phon,ses-11,9,0.75,pair_concat,0.0572,-0.0056
sentence-transformers/all-mpnet-base-v2,ds002236,Phon,ses-11,9,0.75,pair_absdiff,0.0472,0.0023
sentence-transformers/all-mpnet-base-v2,ds002236,Phon,ses-11,9,0.75,pair_cos1d,-0.0098,-0.0125
sentence-transformers/all-mpnet-base-v2,ds002236,Phon,ses-11,10,0.833,pipeline_meanpool,0.052,-0.0005
sentence-transformers/all-mpnet-base-v2,ds002236,Phon,ses-11,10,0.833,pair_concat,0.0642,-0.0085
sentence-transformers/all-mpnet-base-v2,ds002236,Phon,ses-11,10,0.833,pair_absdiff,0.0504,-0.0058
sentence-transformers/all-mpnet-base-v2,ds002236,Phon,ses-11,10,0.833,pair_cos1d,-0.0016,-0.0115
sentence-transformers/all-mpnet-base-v2,ds002236,Phon,ses-11,11,0.917,pipeline_meanpool,0.0497,0.0088
sentence-transformers/all-mpnet-base-v2,ds002236,Phon,ses-11,11,0.917,pair_concat,0.0482,-0.0092
sentence-transformers/all-mpnet-base-v2,ds002236,Phon,ses-11,11,0.917,pair_absdiff,0.0376,0.001
sentence-transformers/all-mpnet-base-v2,ds002236,Phon,ses-11,11,0.917,pair_cos1d,0.0025,-0.0137
sentence-transformers/all-mpnet-base-v2,ds002236,Phon,ses-11,12,1.0,pipeline_meanpool,0.0373,0.0174
sentence-transformers/all-mpnet-base-v2,ds002236,Phon,ses-11,12,1.0,pair_concat,0.0313,0.006
sentence-transformers/all-mpnet-base-v2,ds002236,Phon,ses-11,12,1.0,pair_absdiff,0.0147,-0.0157
sentence-transformers/all-mpnet-base-v2,ds002236,Phon,ses-11,12,1.0,pair_cos1d,0.0069,-0.0066
sentence-transformers/all-mpnet-base-v2,ds002236,Phon,ses-9,0,0.0,pipeline_meanpool,0.0204,0.0043
sentence-transformers/all-mpnet-base-v2,ds002236,Phon,ses-9,0,0.0,pair_concat,0.0118,-0.016
sentence-transformers/all-mpnet-base-v2,ds002236,Phon,ses-9,0,0.0,pair_absdiff,-0.0181,-0.0251
sentence-transformers/all-mpnet-base-v2,ds002236,Phon,ses-9,0,0.0,pair_cos1d,-0.0036,-0.0034
sentence-transformers/all-mpnet-base-v2,ds002236,Phon,ses-9,1,0.083,pipeline_meanpool,0.0322,0.0024
sentence-transformers/all-mpnet-base-v2,ds002236,Phon,ses-9,1,0.083,pair_concat,0.0188,-0.0112
sentence-transformers/all-mpnet-base-v2,ds002236,Phon,ses-9,1,0.083,pair_absdiff,0.0176,-0.0153
sentence-transformers/all-mpnet-base-v2,ds002236,Phon,ses-9,1,0.083,pair_cos1d,-0.0033,-0.0167
sentence-transformers/all-mpnet-base-v2,ds002236,Phon,ses-9,2,0.167,pipeline_meanpool,0.0267,-0.0009
sentence-transformers/all-mpnet-base-v2,ds002236,Phon,ses-9,2,0.167,pair_concat,0.0185,-0.012
sentence-transformers/all-mpnet-base-v2,ds002236,Phon,ses-9,2,0.167,pair_absdiff,0.0186,-0.011
sentence-transformers/all-mpnet-base-v2,ds002236,Phon,ses-9,2,0.167,pair_cos1d,0.0032,-0.0248
sentence-transformers/all-mpnet-base-v2,ds002236,Phon,ses-9,3,0.25,pipeline_meanpool,0.033,0.0041
sentence-transformers/all-mpnet-base-v2,ds002236,Phon,ses-9,3,0.25,pair_concat,0.0253,-0.0108
sentence-transformers/all-mpnet-base-v2,ds002236,Phon,ses-9,3,0.25,pair_absdiff,0.013,-0.0087
sentence-transformers/all-mpnet-base-v2,ds002236,Phon,ses-9,3,0.25,pair_cos1d,0.0011,-0.025
sentence-transformers/all-mpnet-base-v2,ds002236,Phon,ses-9,4,0.333,pipeline_meanpool,0.0247,0.0056
sentence-transformers/all-mpnet-base-v2,ds002236,Phon,ses-9,4,0.333,pair_concat,0.0262,-0.0051
sentence-transformers/all-mpnet-base-v2,ds002236,Phon,ses-9,4,0.333,pair_absdiff,0.0245,0.0021
sentence-transformers/all-mpnet-base-v2,ds002236,Phon,ses-9,4,0.333,pair_cos1d,0.0005,-0.0119
sentence-transformers/all-mpnet-base-v2,ds002236,Phon,ses-9,5,0.417,pipeline_meanpool,0.0211,0.0102
sentence-transformers/all-mpnet-base-v2,ds002236,Phon,ses-9,5,0.417,pair_concat,0.025,-0.0006
sentence-transformers/all-mpnet-base-v2,ds002236,Phon,ses-9,5,0.417,pair_absdiff,0.0171,0.0005
sentence-transformers/all-mpnet-base-v2,ds002236,Phon,ses-9,5,0.417,pair_cos1d,-0.0012,-0.0043
sentence-transformers/all-mpnet-base-v2,ds002236,Phon,ses-9,6,0.5,pipeline_meanpool,0.0209,0.0047
sentence-transformers/all-mpnet-base-v2,ds002236,Phon,ses-9,6,0.5,pair_concat,0.0319,0.0006
sentence-transformers/all-mpnet-base-v2,ds002236,Phon,ses-9,6,0.5,pair_absdiff,0.0079,-0.008
sentence-transformers/all-mpnet-base-v2,ds002236,Phon,ses-9,6,0.5,pair_cos1d,-0.0083,-0.0053
sentence-transformers/all-mpnet-base-v2,ds002236,Phon,ses-9,7,0.583,pipeline_meanpool,0.0199,0.0083
sentence-transformers/all-mpnet-base-v2,ds002236,Phon,ses-9,7,0.583,pair_concat,0.034,0.0089
sentence-transformers/all-mpnet-base-v2,ds002236,Phon,ses-9,7,0.583,pair_absdiff,0.0056,-0.0067
sentence-transformers/all-mpnet-base-v2,ds002236,Phon,ses-9,7,0.583,pair_cos1d,-0.0227,-0.0023
sentence-transformers/all-mpnet-base-v2,ds002236,Phon,ses-9,8,0.667,pipeline_meanpool,0.0199,0.0027
sentence-transformers/all-mpnet-base-v2,ds002236,Phon,ses-9,8,0.667,pair_concat,0.0332,0.0073
sentence-transformers/all-mpnet-base-v2,ds002236,Phon,ses-9,8,0.667,pair_absdiff,0.0119,-0.0038
sentence-transformers/all-mpnet-base-v2,ds002236,Phon,ses-9,8,0.667,pair_cos1d,-0.0163,-0.0015
sentence-transformers/all-mpnet-base-v2,ds002236,Phon,ses-9,9,0.75,pipeline_meanpool,0.033,0.0007
sentence-transformers/all-mpnet-base-v2,ds002236,Phon,ses-9,9,0.75,pair_concat,0.0539,0.0096
sentence-transformers/all-mpnet-base-v2,ds002236,Phon,ses-9,9,0.75,pair_absdiff,0.0422,0.0058
sentence-transformers/all-mpnet-base-v2,ds002236,Phon,ses-9,9,0.75,pair_cos1d,-0.0233,-0.004
sentence-transformers/all-mpnet-base-v2,ds002236,Phon,ses-9,10,0.833,pipeline_meanpool,0.0402,0.0012
sentence-transformers/all-mpnet-base-v2,ds002236,Phon,ses-9,10,0.833,pair_concat,0.0613,0.0039
sentence-transformers/all-mpnet-base-v2,ds002236,Phon,ses-9,10,0.833,pair_absdiff,0.0408,0.0109
sentence-transformers/all-mpnet-base-v2,ds002236,Phon,ses-9,10,0.833,pair_cos1d,-0.0189,-0.0077
sentence-transformers/all-mpnet-base-v2,ds002236,Phon,ses-9,11,0.917,pipeline_meanpool,0.0331,-0.0
sentence-transformers/all-mpnet-base-v2,ds002236,Phon,ses-9,11,0.917,pair_concat,0.0406,0.0033
sentence-transformers/all-mpnet-base-v2,ds002236,Phon,ses-9,11,0.917,pair_absdiff,0.018,0.0049
sentence-transformers/all-mpnet-base-v2,ds002236,Phon,ses-9,11,0.917,pair_cos1d,-0.0241,-0.0087
sentence-transformers/all-mpnet-base-v2,ds002236,Phon,ses-9,12,1.0,pipeline_meanpool,0.0085,-0.0017
sentence-transformers/all-mpnet-base-v2,ds002236,Phon,ses-9,12,1.0,pair_concat,0.0101,-0.007
sentence-transformers/all-mpnet-base-v2,ds002236,Phon,ses-9,12,1.0,pair_absdiff,-0.0002,-0.0087
sentence-transformers/all-mpnet-base-v2,ds002236,Phon,ses-9,12,1.0,pair_cos1d,-0.0105,-0.0055
sentence-transformers/all-mpnet-base-v2,ds002236,Sem,ses-11+,0,0.0,pipeline_meanpool,0.0193,0.0055
sentence-transformers/all-mpnet-base-v2,ds002236,Sem,ses-11+,0,0.0,pair_concat,0.0016,-0.0118
sentence-transformers/all-mpnet-base-v2,ds002236,Sem,ses-11+,0,0.0,pair_absdiff,-0.0392,-0.046
sentence-transformers/all-mpnet-base-v2,ds002236,Sem,ses-11+,0,0.0,pair_cos1d,0.0148,0.0017
sentence-transformers/all-mpnet-base-v2,ds002236,Sem,ses-11+,1,0.083,pipeline_meanpool,0.008,-0.0206
sentence-transformers/all-mpnet-base-v2,ds002236,Sem,ses-11+,1,0.083,pair_concat,0.0122,-0.0218
sentence-transformers/all-mpnet-base-v2,ds002236,Sem,ses-11+,1,0.083,pair_absdiff,0.0227,0.0259
sentence-transformers/all-mpnet-base-v2,ds002236,Sem,ses-11+,1,0.083,pair_cos1d,0.0214,-0.005
sentence-transformers/all-mpnet-base-v2,ds002236,Sem,ses-11+,2,0.167,pipeline_meanpool,0.0072,-0.0172
sentence-transformers/all-mpnet-base-v2,ds002236,Sem,ses-11+,2,0.167,pair_concat,-0.0048,-0.0342
sentence-transformers/all-mpnet-base-v2,ds002236,Sem,ses-11+,2,0.167,pair_absdiff,0.0033,0.0192
sentence-transformers/all-mpnet-base-v2,ds002236,Sem,ses-11+,2,0.167,pair_cos1d,0.0194,-0.0021
sentence-transformers/all-mpnet-base-v2,ds002236,Sem,ses-11+,3,0.25,pipeline_meanpool,0.0189,-0.0095
sentence-transformers/all-mpnet-base-v2,ds002236,Sem,ses-11+,3,0.25,pair_concat,0.0123,-0.0168
sentence-transformers/all-mpnet-base-v2,ds002236,Sem,ses-11+,3,0.25,pair_absdiff,0.016,0.0256
sentence-transformers/all-mpnet-base-v2,ds002236,Sem,ses-11+,3,0.25,pair_cos1d,0.0229,-0.0045
sentence-transformers/all-mpnet-base-v2,ds002236,Sem,ses-11+,4,0.333,pipeline_meanpool,0.0264,-0.0003
sentence-transformers/all-mpnet-base-v2,ds002236,Sem,ses-11+,4,0.333,pair_concat,0.0205,-0.0119
sentence-transformers/all-mpnet-base-v2,ds002236,Sem,ses-11+,4,0.333,pair_absdiff,0.0094,0.0125
sentence-transformers/all-mpnet-base-v2,ds002236,Sem,ses-11+,4,0.333,pair_cos1d,0.0171,-0.0127
sentence-transformers/all-mpnet-base-v2,ds002236,Sem,ses-11+,5,0.417,pipeline_meanpool,0.0214,-0.0028
sentence-transformers/all-mpnet-base-v2,ds002236,Sem,ses-11+,5,0.417,pair_concat,0.0048,-0.0241
sentence-transformers/all-mpnet-base-v2,ds002236,Sem,ses-11+,5,0.417,pair_absdiff,-0.003,-0.0016
sentence-transformers/all-mpnet-base-v2,ds002236,Sem,ses-11+,5,0.417,pair_cos1d,0.0199,-0.0077
sentence-transformers/all-mpnet-base-v2,ds002236,Sem,ses-11+,6,0.5,pipeline_meanpool,0.0255,-0.0036
sentence-transformers/all-mpnet-base-v2,ds002236,Sem,ses-11+,6,0.5,pair_concat,0.0081,-0.0288
sentence-transformers/all-mpnet-base-v2,ds002236,Sem,ses-11+,6,0.5,pair_absdiff,-0.0125,-0.0091
sentence-transformers/all-mpnet-base-v2,ds002236,Sem,ses-11+,6,0.5,pair_cos1d,0.0176,-0.0083
sentence-transformers/all-mpnet-base-v2,ds002236,Sem,ses-11+,7,0.583,pipeline_meanpool,0.022,-0.0009
sentence-transformers/all-mpnet-base-v2,ds002236,Sem,ses-11+,7,0.583,pair_concat,0.014,-0.0272
sentence-transformers/all-mpnet-base-v2,ds002236,Sem,ses-11+,7,0.583,pair_absdiff,0.0087,0.0036
sentence-transformers/all-mpnet-base-v2,ds002236,Sem,ses-11+,7,0.583,pair_cos1d,0.014,-0.0056
sentence-transformers/all-mpnet-base-v2,ds002236,Sem,ses-11+,8,0.667,pipeline_meanpool,0.0223,-0.002
sentence-transformers/all-mpnet-base-v2,ds002236,Sem,ses-11+,8,0.667,pair_concat,0.016,-0.0241
sentence-transformers/all-mpnet-base-v2,ds002236,Sem,ses-11+,8,0.667,pair_absdiff,0.0195,0.0111
sentence-transformers/all-mpnet-base-v2,ds002236,Sem,ses-11+,8,0.667,pair_cos1d,0.0185,-0.0044
sentence-transformers/all-mpnet-base-v2,ds002236,Sem,ses-11+,9,0.75,pipeline_meanpool,0.0191,-0.0078
sentence-transformers/all-mpnet-base-v2,ds002236,Sem,ses-11+,9,0.75,pair_concat,0.0174,-0.0226
sentence-transformers/all-mpnet-base-v2,ds002236,Sem,ses-11+,9,0.75,pair_absdiff,0.022,0.0117
sentence-transformers/all-mpnet-base-v2,ds002236,Sem,ses-11+,9,0.75,pair_cos1d,0.0093,-0.0099
sentence-transformers/all-mpnet-base-v2,ds002236,Sem,ses-11+,10,0.833,pipeline_meanpool,0.0171,-0.0077
sentence-transformers/all-mpnet-base-v2,ds002236,Sem,ses-11+,10,0.833,pair_concat,0.0235,-0.0164
sentence-transformers/all-mpnet-base-v2,ds002236,Sem,ses-11+,10,0.833,pair_absdiff,0.0265,0.0215
sentence-transformers/all-mpnet-base-v2,ds002236,Sem,ses-11+,10,0.833,pair_cos1d,0.0166,-0.0026
sentence-transformers/all-mpnet-base-v2,ds002236,Sem,ses-11+,11,0.917,pipeline_meanpool,0.0103,-0.0027
sentence-transformers/all-mpnet-base-v2,ds002236,Sem,ses-11+,11,0.917,pair_concat,0.0133,-0.0175
sentence-transformers/all-mpnet-base-v2,ds002236,Sem,ses-11+,11,0.917,pair_absdiff,0.0152,0.0045
sentence-transformers/all-mpnet-base-v2,ds002236,Sem,ses-11+,11,0.917,pair_cos1d,0.0011,-0.0099
sentence-transformers/all-mpnet-base-v2,ds002236,Sem,ses-11+,12,1.0,pipeline_meanpool,-0.016,-0.0066
sentence-transformers/all-mpnet-base-v2,ds002236,Sem,ses-11+,12,1.0,pair_concat,-0.0092,-0.0078
sentence-transformers/all-mpnet-base-v2,ds002236,Sem,ses-11+,12,1.0,pair_absdiff,0.0277,0.0308
sentence-transformers/all-mpnet-base-v2,ds002236,Sem,ses-11+,12,1.0,pair_cos1d,0.0062,0.0012
sentence-transformers/all-mpnet-base-v2,ds002236,Sem,ses-11,0,0.0,pipeline_meanpool,-0.0062,0.003
sentence-transformers/all-mpnet-base-v2,ds002236,Sem,ses-11,0,0.0,pair_concat,-0.0133,-0.0029
sentence-transformers/all-mpnet-base-v2,ds002236,Sem,ses-11,0,0.0,pair_absdiff,-0.0476,-0.0268
sentence-transformers/all-mpnet-base-v2,ds002236,Sem,ses-11,0,0.0,pair_cos1d,-0.0153,-0.0019
sentence-transformers/all-mpnet-base-v2,ds002236,Sem,ses-11,1,0.083,pipeline_meanpool,-0.0066,0.0112
sentence-transformers/all-mpnet-base-v2,ds002236,Sem,ses-11,1,0.083,pair_concat,-0.0048,-0.0004
sentence-transformers/all-mpnet-base-v2,ds002236,Sem,ses-11,1,0.083,pair_absdiff,-0.0188,0.0111
sentence-transformers/all-mpnet-base-v2,ds002236,Sem,ses-11,1,0.083,pair_cos1d,-0.0082,0.0084
sentence-transformers/all-mpnet-base-v2,ds002236,Sem,ses-11,2,0.167,pipeline_meanpool,-0.0056,0.0021
sentence-transformers/all-mpnet-base-v2,ds002236,Sem,ses-11,2,0.167,pair_concat,-0.0108,-0.0147
sentence-transformers/all-mpnet-base-v2,ds002236,Sem,ses-11,2,0.167,pair_absdiff,-0.0177,-0.0006
sentence-transformers/all-mpnet-base-v2,ds002236,Sem,ses-11,2,0.167,pair_cos1d,-0.0076,0.0091
sentence-transformers/all-mpnet-base-v2,ds002236,Sem,ses-11,3,0.25,pipeline_meanpool,0.0083,0.0126
sentence-transformers/all-mpnet-base-v2,ds002236,Sem,ses-11,3,0.25,pair_concat,0.003,0.001
sentence-transformers/all-mpnet-base-v2,ds002236,Sem,ses-11,3,0.25,pair_absdiff,-0.007,-0.0046
sentence-transformers/all-mpnet-base-v2,ds002236,Sem,ses-11,3,0.25,pair_cos1d,-0.0009,0.015
sentence-transformers/all-mpnet-base-v2,ds002236,Sem,ses-11,4,0.333,pipeline_meanpool,0.0095,0.0166
sentence-transformers/all-mpnet-base-v2,ds002236,Sem,ses-11,4,0.333,pair_concat,0.0085,0.0121
sentence-transformers/all-mpnet-base-v2,ds002236,Sem,ses-11,4,0.333,pair_absdiff,0.0002,0.0043
sentence-transformers/all-mpnet-base-v2,ds002236,Sem,ses-11,4,0.333,pair_cos1d,-0.0039,0.0086
sentence-transformers/all-mpnet-base-v2,ds002236,Sem,ses-11,5,0.417,pipeline_meanpool,0.0057,0.0104
sentence-transformers/all-mpnet-base-v2,ds002236,Sem,ses-11,5,0.417,pair_concat,-0.0039,-0.0013
sentence-transformers/all-mpnet-base-v2,ds002236,Sem,ses-11,5,0.417,pair_absdiff,0.0067,0.0106
sentence-transformers/all-mpnet-base-v2,ds002236,Sem,ses-11,5,0.417,pair_cos1d,-0.0107,0.0042
sentence-transformers/all-mpnet-base-v2,ds002236,Sem,ses-11,6,0.5,pipeline_meanpool,0.0112,0.0115
sentence-transformers/all-mpnet-base-v2,ds002236,Sem,ses-11,6,0.5,pair_concat,-0.0009,-0.0043
sentence-transformers/all-mpnet-base-v2,ds002236,Sem,ses-11,6,0.5,pair_absdiff,-0.0049,0.021
sentence-transformers/all-mpnet-base-v2,ds002236,Sem,ses-11,6,0.5,pair_cos1d,-0.0134,0.0017
sentence-transformers/all-mpnet-base-v2,ds002236,Sem,ses-11,7,0.583,pipeline_meanpool,0.0145,0.006
sentence-transformers/all-mpnet-base-v2,ds002236,Sem,ses-11,7,0.583,pair_concat,0.0192,0.0082
sentence-transformers/all-mpnet-base-v2,ds002236,Sem,ses-11,7,0.583,pair_absdiff,-0.0004,0.0153
sentence-transformers/all-mpnet-base-v2,ds002236,Sem,ses-11,7,0.583,pair_cos1d,-0.013,0.0017
sentence-transformers/all-mpnet-base-v2,ds002236,Sem,ses-11,8,0.667,pipeline_meanpool,0.0207,0.0098
sentence-transformers/all-mpnet-base-v2,ds002236,Sem,ses-11,8,0.667,pair_concat,0.0191,0.0044
sentence-transformers/all-mpnet-base-v2,ds002236,Sem,ses-11,8,0.667,pair_absdiff,-0.0034,0.0029
sentence-transformers/all-mpnet-base-v2,ds002236,Sem,ses-11,8,0.667,pair_cos1d,-0.0053,0.0061
sentence-transformers/all-mpnet-base-v2,ds002236,Sem,ses-11,9,0.75,pipeline_meanpool,0.0231,0.0096
sentence-transformers/all-mpnet-base-v2,ds002236,Sem,ses-11,9,0.75,pair_concat,0.0243,0.0012
sentence-transformers/all-mpnet-base-v2,ds002236,Sem,ses-11,9,0.75,pair_absdiff,0.0193,0.015
sentence-transformers/all-mpnet-base-v2,ds002236,Sem,ses-11,9,0.75,pair_cos1d,-0.0069,0.0041
sentence-transformers/all-mpnet-base-v2,ds002236,Sem,ses-11,10,0.833,pipeline_meanpool,0.0238,0.0104
sentence-transformers/all-mpnet-base-v2,ds002236,Sem,ses-11,10,0.833,pair_concat,0.0339,0.0075
sentence-transformers/all-mpnet-base-v2,ds002236,Sem,ses-11,10,0.833,pair_absdiff,0.0365,0.0257
sentence-transformers/all-mpnet-base-v2,ds002236,Sem,ses-11,10,0.833,pair_cos1d,0.006,0.0135
sentence-transformers/all-mpnet-base-v2,ds002236,Sem,ses-11,11,0.917,pipeline_meanpool,0.0272,0.0014
sentence-transformers/all-mpnet-base-v2,ds002236,Sem,ses-11,11,0.917,pair_concat,0.0434,0.0009
sentence-transformers/all-mpnet-base-v2,ds002236,Sem,ses-11,11,0.917,pair_absdiff,0.0211,0.0044
sentence-transformers/all-mpnet-base-v2,ds002236,Sem,ses-11,11,0.917,pair_cos1d,-0.0131,-0.0094
sentence-transformers/all-mpnet-base-v2,ds002236,Sem,ses-11,12,1.0,pipeline_meanpool,-0.0057,-0.013
sentence-transformers/all-mpnet-base-v2,ds002236,Sem,ses-11,12,1.0,pair_concat,0.0135,-0.0127
sentence-transformers/all-mpnet-base-v2,ds002236,Sem,ses-11,12,1.0,pair_absdiff,0.0429,0.0281
sentence-transformers/all-mpnet-base-v2,ds002236,Sem,ses-11,12,1.0,pair_cos1d,0.0012,0.0026
sentence-transformers/all-mpnet-base-v2,ds002236,Sem,ses-9,0,0.0,pipeline_meanpool,-0.0115,0.0067
sentence-transformers/all-mpnet-base-v2,ds002236,Sem,ses-9,0,0.0,pair_concat,-0.0314,-0.0184
sentence-transformers/all-mpnet-base-v2,ds002236,Sem,ses-9,0,0.0,pair_absdiff,-0.0431,-0.0216
sentence-transformers/all-mpnet-base-v2,ds002236,Sem,ses-9,0,0.0,pair_cos1d,0.0021,0.0138
sentence-transformers/all-mpnet-base-v2,ds002236,Sem,ses-9,1,0.083,pipeline_meanpool,-0.0184,0.0026
sentence-transformers/all-mpnet-base-v2,ds002236,Sem,ses-9,1,0.083,pair_concat,-0.0338,-0.027
sentence-transformers/all-mpnet-base-v2,ds002236,Sem,ses-9,1,0.083,pair_absdiff,-0.0158,0.0196
sentence-transformers/all-mpnet-base-v2,ds002236,Sem,ses-9,1,0.083,pair_cos1d,0.0024,0.0179
sentence-transformers/all-mpnet-base-v2,ds002236,Sem,ses-9,2,0.167,pipeline_meanpool,-0.0184,0.0046
sentence-transformers/all-mpnet-base-v2,ds002236,Sem,ses-9,2,0.167,pair_concat,-0.0425,-0.0354
sentence-transformers/all-mpnet-base-v2,ds002236,Sem,ses-9,2,0.167,pair_absdiff,-0.0193,0.018
sentence-transformers/all-mpnet-base-v2,ds002236,Sem,ses-9,2,0.167,pair_cos1d,0.0,0.0224
sentence-transformers/all-mpnet-base-v2,ds002236,Sem,ses-9,3,0.25,pipeline_meanpool,-0.0067,0.0068
sentence-transformers/all-mpnet-base-v2,ds002236,Sem,ses-9,3,0.25,pair_concat,-0.0297,-0.0234
sentence-transformers/all-mpnet-base-v2,ds002236,Sem,ses-9,3,0.25,pair_absdiff,-0.0186,0.0081
sentence-transformers/all-mpnet-base-v2,ds002236,Sem,ses-9,3,0.25,pair_cos1d,0.0027,0.0227
sentence-transformers/all-mpnet-base-v2,ds002236,Sem,ses-9,4,0.333,pipeline_meanpool,-0.0051,0.0078
sentence-transformers/all-mpnet-base-v2,ds002236,Sem,ses-9,4,0.333,pair_concat,-0.0265,-0.02
sentence-transformers/all-mpnet-base-v2,ds002236,Sem,ses-9,4,0.333,pair_absdiff,-0.015,0.0052
sentence-transformers/all-mpnet-base-v2,ds002236,Sem,ses-9,4,0.333,pair_cos1d,-0.0083,0.0127
sentence-transformers/all-mpnet-base-v2,ds002236,Sem,ses-9,5,0.417,pipeline_meanpool,-0.0175,-0.0047
sentence-transformers/all-mpnet-base-v2,ds002236,Sem,ses-9,5,0.417,pair_concat,-0.0283,-0.0249
sentence-transformers/all-mpnet-base-v2,ds002236,Sem,ses-9,5,0.417,pair_absdiff,-0.0218,-0.0069
sentence-transformers/all-mpnet-base-v2,ds002236,Sem,ses-9,5,0.417,pair_cos1d,-0.0079,0.0111
sentence-transformers/all-mpnet-base-v2,ds002236,Sem,ses-9,6,0.5,pipeline_meanpool,-0.0095,-0.005
sentence-transformers/all-mpnet-base-v2,ds002236,Sem,ses-9,6,0.5,pair_concat,-0.0246,-0.03
sentence-transformers/all-mpnet-base-v2,ds002236,Sem,ses-9,6,0.5,pair_absdiff,-0.0244,0.0013
sentence-transformers/all-mpnet-base-v2,ds002236,Sem,ses-9,6,0.5,pair_cos1d,-0.0073,0.009
sentence-transformers/all-mpnet-base-v2,ds002236,Sem,ses-9,7,0.583,pipeline_meanpool,-0.0111,-0.0081
sentence-transformers/all-mpnet-base-v2,ds002236,Sem,ses-9,7,0.583,pair_concat,-0.0102,-0.0272
sentence-transformers/all-mpnet-base-v2,ds002236,Sem,ses-9,7,0.583,pair_absdiff,-0.0081,-0.0032
sentence-transformers/all-mpnet-base-v2,ds002236,Sem,ses-9,7,0.583,pair_cos1d,-0.0048,0.0082
sentence-transformers/all-mpnet-base-v2,ds002236,Sem,ses-9,8,0.667,pipeline_meanpool,-0.0088,-0.0029
sentence-transformers/all-mpnet-base-v2,ds002236,Sem,ses-9,8,0.667,pair_concat,-0.0094,-0.0304
sentence-transformers/all-mpnet-base-v2,ds002236,Sem,ses-9,8,0.667,pair_absdiff,0.0097,0.0152
sentence-transformers/all-mpnet-base-v2,ds002236,Sem,ses-9,8,0.667,pair_cos1d,-0.0063,0.0046
sentence-transformers/all-mpnet-base-v2,ds002236,Sem,ses-9,9,0.75,pipeline_meanpool,-0.0048,0.0091
sentence-transformers/all-mpnet-base-v2,ds002236,Sem,ses-9,9,0.75,pair_concat,-0.0049,-0.0187
sentence-transformers/all-mpnet-base-v2,ds002236,Sem,ses-9,9,0.75,pair_absdiff,0.0272,0.0305
sentence-transformers/all-mpnet-base-v2,ds002236,Sem,ses-9,9,0.75,pair_cos1d,-0.0106,0.0032
sentence-transformers/all-mpnet-base-v2,ds002236,Sem,ses-9,10,0.833,pipeline_meanpool,0.0069,0.0197
sentence-transformers/all-mpnet-base-v2,ds002236,Sem,ses-9,10,0.833,pair_concat,0.0134,-0.0048
sentence-transformers/all-mpnet-base-v2,ds002236,Sem,ses-9,10,0.833,pair_absdiff,0.0296,0.0168
sentence-transformers/all-mpnet-base-v2,ds002236,Sem,ses-9,10,0.833,pair_cos1d,-0.0008,0.0142
sentence-transformers/all-mpnet-base-v2,ds002236,Sem,ses-9,11,0.917,pipeline_meanpool,0.0112,0.0125
sentence-transformers/all-mpnet-base-v2,ds002236,Sem,ses-9,11,0.917,pair_concat,0.0047,-0.0253
sentence-transformers/all-mpnet-base-v2,ds002236,Sem,ses-9,11,0.917,pair_absdiff,0.0177,-0.0014
sentence-transformers/all-mpnet-base-v2,ds002236,Sem,ses-9,11,0.917,pair_cos1d,-0.0055,0.0066
sentence-transformers/all-mpnet-base-v2,ds002236,Sem,ses-9,12,1.0,pipeline_meanpool,-0.0179,-0.0056
sentence-transformers/all-mpnet-base-v2,ds002236,Sem,ses-9,12,1.0,pair_concat,0.0191,-0.0079
sentence-transformers/all-mpnet-base-v2,ds002236,Sem,ses-9,12,1.0,pair_absdiff,0.0415,0.0288
sentence-transformers/all-mpnet-base-v2,ds002236,Sem,ses-9,12,1.0,pair_cos1d,0.0019,0.0166
sentence-transformers/all-mpnet-base-v2,ds003604,Gram,ses-5,0,0.0,pipeline_meanpool,0.0331,0.0301
sentence-transformers/all-mpnet-base-v2,ds003604,Gram,ses-5,0,0.0,pair_concat,0.047,0.0622
sentence-transformers/all-mpnet-base-v2,ds003604,Gram,ses-5,0,0.0,pair_absdiff,0.0436,0.04
sentence-transformers/all-mpnet-base-v2,ds003604,Gram,ses-5,0,0.0,pair_cos1d,-0.009,-0.0305
sentence-transformers/all-mpnet-base-v2,ds003604,Gram,ses-5,1,0.083,pipeline_meanpool,0.0347,0.0434
sentence-transformers/all-mpnet-base-v2,ds003604,Gram,ses-5,1,0.083,pair_concat,0.0513,0.0685
sentence-transformers/all-mpnet-base-v2,ds003604,Gram,ses-5,1,0.083,pair_absdiff,0.0416,0.0458
sentence-transformers/all-mpnet-base-v2,ds003604,Gram,ses-5,1,0.083,pair_cos1d,0.0255,0.0058
sentence-transformers/all-mpnet-base-v2,ds003604,Gram,ses-5,2,0.167,pipeline_meanpool,0.039,0.04
sentence-transformers/all-mpnet-base-v2,ds003604,Gram,ses-5,2,0.167,pair_concat,0.0441,0.0592
sentence-transformers/all-mpnet-base-v2,ds003604,Gram,ses-5,2,0.167,pair_absdiff,0.0435,0.0378
sentence-transformers/all-mpnet-base-v2,ds003604,Gram,ses-5,2,0.167,pair_cos1d,0.0141,-0.0031
sentence-transformers/all-mpnet-base-v2,ds003604,Gram,ses-5,3,0.25,pipeline_meanpool,0.0442,0.0445
sentence-transformers/all-mpnet-base-v2,ds003604,Gram,ses-5,3,0.25,pair_concat,0.0461,0.0595
sentence-transformers/all-mpnet-base-v2,ds003604,Gram,ses-5,3,0.25,pair_absdiff,0.0412,0.0373
sentence-transformers/all-mpnet-base-v2,ds003604,Gram,ses-5,3,0.25,pair_cos1d,0.018,0.0103
sentence-transformers/all-mpnet-base-v2,ds003604,Gram,ses-5,4,0.333,pipeline_meanpool,0.0529,0.0554
sentence-transformers/all-mpnet-base-v2,ds003604,Gram,ses-5,4,0.333,pair_concat,0.0476,0.0593
sentence-transformers/all-mpnet-base-v2,ds003604,Gram,ses-5,4,0.333,pair_absdiff,0.0428,0.0433
sentence-transformers/all-mpnet-base-v2,ds003604,Gram,ses-5,4,0.333,pair_cos1d,0.0172,0.0058
sentence-transformers/all-mpnet-base-v2,ds003604,Gram,ses-5,5,0.417,pipeline_meanpool,0.0479,0.0464
sentence-transformers/all-mpnet-base-v2,ds003604,Gram,ses-5,5,0.417,pair_concat,0.0443,0.0585
sentence-transformers/all-mpnet-base-v2,ds003604,Gram,ses-5,5,0.417,pair_absdiff,0.032,0.0351
sentence-transformers/all-mpnet-base-v2,ds003604,Gram,ses-5,5,0.417,pair_cos1d,0.0162,-0.0018
sentence-transformers/all-mpnet-base-v2,ds003604,Gram,ses-5,6,0.5,pipeline_meanpool,0.0397,0.041
sentence-transformers/all-mpnet-base-v2,ds003604,Gram,ses-5,6,0.5,pair_concat,0.0479,0.0578
sentence-transformers/all-mpnet-base-v2,ds003604,Gram,ses-5,6,0.5,pair_absdiff,0.0338,0.037
sentence-transformers/all-mpnet-base-v2,ds003604,Gram,ses-5,6,0.5,pair_cos1d,-0.001,-0.0249
sentence-transformers/all-mpnet-base-v2,ds003604,Gram,ses-5,7,0.583,pipeline_meanpool,0.0309,0.0381
sentence-transformers/all-mpnet-base-v2,ds003604,Gram,ses-5,7,0.583,pair_concat,0.0455,0.0582
sentence-transformers/all-mpnet-base-v2,ds003604,Gram,ses-5,7,0.583,pair_absdiff,0.0355,0.0454
sentence-transformers/all-mpnet-base-v2,ds003604,Gram,ses-5,7,0.583,pair_cos1d,0.003,-0.0139
sentence-transformers/all-mpnet-base-v2,ds003604,Gram,ses-5,8,0.667,pipeline_meanpool,0.0235,0.0264
sentence-transformers/all-mpnet-base-v2,ds003604,Gram,ses-5,8,0.667,pair_concat,0.0492,0.067
sentence-transformers/all-mpnet-base-v2,ds003604,Gram,ses-5,8,0.667,pair_absdiff,0.04,0.0572
sentence-transformers/all-mpnet-base-v2,ds003604,Gram,ses-5,8,0.667,pair_cos1d,0.0219,0.0025
sentence-transformers/all-mpnet-base-v2,ds003604,Gram,ses-5,9,0.75,pipeline_meanpool,0.0335,0.0396
sentence-transformers/all-mpnet-base-v2,ds003604,Gram,ses-5,9,0.75,pair_concat,0.0497,0.062
sentence-transformers/all-mpnet-base-v2,ds003604,Gram,ses-5,9,0.75,pair_absdiff,0.0289,0.0359
sentence-transformers/all-mpnet-base-v2,ds003604,Gram,ses-5,9,0.75,pair_cos1d,-0.0152,-0.0359
sentence-transformers/all-mpnet-base-v2,ds003604,Gram,ses-5,10,0.833,pipeline_meanpool,0.0443,0.0494
sentence-transformers/all-mpnet-base-v2,ds003604,Gram,ses-5,10,0.833,pair_concat,0.047,0.0556
sentence-transformers/all-mpnet-base-v2,ds003604,Gram,ses-5,10,0.833,pair_absdiff,0.0248,0.0268
sentence-transformers/all-mpnet-base-v2,ds003604,Gram,ses-5,10,0.833,pair_cos1d,-0.0152,-0.024
sentence-transformers/all-mpnet-base-v2,ds003604,Gram,ses-5,11,0.917,pipeline_meanpool,0.0447,0.0516
sentence-transformers/all-mpnet-base-v2,ds003604,Gram,ses-5,11,0.917,pair_concat,0.0438,0.0544
sentence-transformers/all-mpnet-base-v2,ds003604,Gram,ses-5,11,0.917,pair_absdiff,0.0282,0.0285
sentence-transformers/all-mpnet-base-v2,ds003604,Gram,ses-5,11,0.917,pair_cos1d,-0.0159,-0.0136
sentence-transformers/all-mpnet-base-v2,ds003604,Gram,ses-5,12,1.0,pipeline_meanpool,0.0579,0.0575
sentence-transformers/all-mpnet-base-v2,ds003604,Gram,ses-5,12,1.0,pair_concat,0.0459,0.0579
sentence-transformers/all-mpnet-base-v2,ds003604,Gram,ses-5,12,1.0,pair_absdiff,0.0195,0.0277
sentence-transformers/all-mpnet-base-v2,ds003604,Gram,ses-5,12,1.0,pair_cos1d,0.0033,0.0099
sentence-transformers/all-mpnet-base-v2,ds003604,Gram,ses-7,0,0.0,pipeline_meanpool,0.0238,0.0184
sentence-transformers/all-mpnet-base-v2,ds003604,Gram,ses-7,0,0.0,pair_concat,0.0332,0.0505
sentence-transformers/all-mpnet-base-v2,ds003604,Gram,ses-7,0,0.0,pair_absdiff,0.0331,0.0336
sentence-transformers/all-mpnet-base-v2,ds003604,Gram,ses-7,0,0.0,pair_cos1d,-0.0106,-0.0302
sentence-transformers/all-mpnet-base-v2,ds003604,Gram,ses-7,1,0.083,pipeline_meanpool,0.03,0.0385
sentence-transformers/all-mpnet-base-v2,ds003604,Gram,ses-7,1,0.083,pair_concat,0.0374,0.057
sentence-transformers/all-mpnet-base-v2,ds003604,Gram,ses-7,1,0.083,pair_absdiff,0.03,0.0373
sentence-transformers/all-mpnet-base-v2,ds003604,Gram,ses-7,1,0.083,pair_cos1d,0.0266,0.0042
sentence-transformers/all-mpnet-base-v2,ds003604,Gram,ses-7,2,0.167,pipeline_meanpool,0.0383,0.0416
sentence-transformers/all-mpnet-base-v2,ds003604,Gram,ses-7,2,0.167,pair_concat,0.0356,0.0492
sentence-transformers/all-mpnet-base-v2,ds003604,Gram,ses-7,2,0.167,pair_absdiff,0.0272,0.0237
sentence-transformers/all-mpnet-base-v2,ds003604,Gram,ses-7,2,0.167,pair_cos1d,0.0129,-0.0059
sentence-transformers/all-mpnet-base-v2,ds003604,Gram,ses-7,3,0.25,pipeline_meanpool,0.0398,0.0474
sentence-transformers/all-mpnet-base-v2,ds003604,Gram,ses-7,3,0.25,pair_concat,0.0358,0.0467
sentence-transformers/all-mpnet-base-v2,ds003604,Gram,ses-7,3,0.25,pair_absdiff,0.0274,0.0262
sentence-transformers/all-mpnet-base-v2,ds003604,Gram,ses-7,3,0.25,pair_cos1d,0.024,0.0096
sentence-transformers/all-mpnet-base-v2,ds003604,Gram,ses-7,4,0.333,pipeline_meanpool,0.0454,0.0545
sentence-transformers/all-mpnet-base-v2,ds003604,Gram,ses-7,4,0.333,pair_concat,0.0373,0.0484
sentence-transformers/all-mpnet-base-v2,ds003604,Gram,ses-7,4,0.333,pair_absdiff,0.0297,0.0356
sentence-transformers/all-mpnet-base-v2,ds003604,Gram,ses-7,4,0.333,pair_cos1d,0.0168,0.0055
sentence-transformers/all-mpnet-base-v2,ds003604,Gram,ses-7,5,0.417,pipeline_meanpool,0.0403,0.0494
sentence-transformers/all-mpnet-base-v2,ds003604,Gram,ses-7,5,0.417,pair_concat,0.036,0.0496
sentence-transformers/all-mpnet-base-v2,ds003604,Gram,ses-7,5,0.417,pair_absdiff,0.0283,0.0341
sentence-transformers/all-mpnet-base-v2,ds003604,Gram,ses-7,5,0.417,pair_cos1d,0.0153,-0.0051
sentence-transformers/all-mpnet-base-v2,ds003604,Gram,ses-7,6,0.5,pipeline_meanpool,0.0391,0.0454
sentence-transformers/all-mpnet-base-v2,ds003604,Gram,ses-7,6,0.5,pair_concat,0.0406,0.0503
sentence-transformers/all-mpnet-base-v2,ds003604,Gram,ses-7,6,0.5,pair_absdiff,0.0263,0.0328
sentence-transformers/all-mpnet-base-v2,ds003604,Gram,ses-7,6,0.5,pair_cos1d,-0.0016,-0.0307
sentence-transformers/all-mpnet-base-v2,ds003604,Gram,ses-7,7,0.583,pipeline_meanpool,0.0285,0.0407
sentence-transformers/all-mpnet-base-v2,ds003604,Gram,ses-7,7,0.583,pair_concat,0.0404,0.0519
sentence-transformers/all-mpnet-base-v2,ds003604,Gram,ses-7,7,0.583,pair_absdiff,0.0251,0.0342
sentence-transformers/all-mpnet-base-v2,ds003604,Gram,ses-7,7,0.583,pair_cos1d,0.0046,-0.0222
sentence-transformers/all-mpnet-base-v2,ds003604,Gram,ses-7,8,0.667,pipeline_meanpool,0.0218,0.0302
sentence-transformers/all-mpnet-base-v2,ds003604,Gram,ses-7,8,0.667,pair_concat,0.0405,0.0597
sentence-transformers/all-mpnet-base-v2,ds003604,Gram,ses-7,8,0.667,pair_absdiff,0.0314,0.0482
sentence-transformers/all-mpnet-base-v2,ds003604,Gram,ses-7,8,0.667,pair_cos1d,0.0213,-0.0032
sentence-transformers/all-mpnet-base-v2,ds003604,Gram,ses-7,9,0.75,pipeline_meanpool,0.0305,0.0428
sentence-transformers/all-mpnet-base-v2,ds003604,Gram,ses-7,9,0.75,pair_concat,0.0409,0.0529
sentence-transformers/all-mpnet-base-v2,ds003604,Gram,ses-7,9,0.75,pair_absdiff,0.0261,0.0298
sentence-transformers/all-mpnet-base-v2,ds003604,Gram,ses-7,9,0.75,pair_cos1d,-0.02,-0.041
sentence-transformers/all-mpnet-base-v2,ds003604,Gram,ses-7,10,0.833,pipeline_meanpool,0.0403,0.0587
sentence-transformers/all-mpnet-base-v2,ds003604,Gram,ses-7,10,0.833,pair_concat,0.0395,0.0468
sentence-transformers/all-mpnet-base-v2,ds003604,Gram,ses-7,10,0.833,pair_absdiff,0.0186,0.0165
sentence-transformers/all-mpnet-base-v2,ds003604,Gram,ses-7,10,0.833,pair_cos1d,-0.0183,-0.0273
sentence-transformers/all-mpnet-base-v2,ds003604,Gram,ses-7,11,0.917,pipeline_meanpool,0.04,0.0568
sentence-transformers/all-mpnet-base-v2,ds003604,Gram,ses-7,11,0.917,pair_concat,0.0348,0.0465
sentence-transformers/all-mpnet-base-v2,ds003604,Gram,ses-7,11,0.917,pair_absdiff,0.0189,0.0194
sentence-transformers/all-mpnet-base-v2,ds003604,Gram,ses-7,11,0.917,pair_cos1d,-0.0096,-0.002
sentence-transformers/all-mpnet-base-v2,ds003604,Gram,ses-7,12,1.0,pipeline_meanpool,0.0498,0.0493
sentence-transformers/all-mpnet-base-v2,ds003604,Gram,ses-7,12,1.0,pair_concat,0.0381,0.0494
sentence-transformers/all-mpnet-base-v2,ds003604,Gram,ses-7,12,1.0,pair_absdiff,0.0034,0.0112
sentence-transformers/all-mpnet-base-v2,ds003604,Gram,ses-7,12,1.0,pair_cos1d,-0.0022,0.0068
sentence-transformers/all-mpnet-base-v2,ds003604,Gram,ses-9,0,0.0,pipeline_meanpool,0.0012,0.0118
sentence-transformers/all-mpnet-base-v2,ds003604,Gram,ses-9,0,0.0,pair_concat,0.0037,0.0411
sentence-transformers/all-mpnet-base-v2,ds003604,Gram,ses-9,0,0.0,pair_absdiff,-0.0017,0.022
sentence-transformers/all-mpnet-base-v2,ds003604,Gram,ses-9,0,0.0,pair_cos1d,-0.0167,-0.0341
sentence-transformers/all-mpnet-base-v2,ds003604,Gram,ses-9,1,0.083,pipeline_meanpool,0.0002,0.0271
sentence-transformers/all-mpnet-base-v2,ds003604,Gram,ses-9,1,0.083,pair_concat,0.0063,0.046
sentence-transformers/all-mpnet-base-v2,ds003604,Gram,ses-9,1,0.083,pair_absdiff,-0.0041,0.0249
sentence-transformers/all-mpnet-base-v2,ds003604,Gram,ses-9,1,0.083,pair_cos1d,-0.0026,-0.0074
sentence-transformers/all-mpnet-base-v2,ds003604,Gram,ses-9,2,0.167,pipeline_meanpool,0.0056,0.0281
sentence-transformers/all-mpnet-base-v2,ds003604,Gram,ses-9,2,0.167,pair_concat,0.0043,0.038
sentence-transformers/all-mpnet-base-v2,ds003604,Gram,ses-9,2,0.167,pair_absdiff,-0.0061,0.0139
sentence-transformers/all-mpnet-base-v2,ds003604,Gram,ses-9,2,0.167,pair_cos1d,-0.0093,-0.0131
sentence-transformers/all-mpnet-base-v2,ds003604,Gram,ses-9,3,0.25,pipeline_meanpool,0.0135,0.0363
sentence-transformers/all-mpnet-base-v2,ds003604,Gram,ses-9,3,0.25,pair_concat,0.005,0.0352
sentence-transformers/all-mpnet-base-v2,ds003604,Gram,ses-9,3,0.25,pair_absdiff,-0.0045,0.0163
sentence-transformers/all-mpnet-base-v2,ds003604,Gram,ses-9,3,0.25,pair_cos1d,-0.0041,-0.0038
sentence-transformers/all-mpnet-base-v2,ds003604,Gram,ses-9,4,0.333,pipeline_meanpool,0.0185,0.0435
sentence-transformers/all-mpnet-base-v2,ds003604,Gram,ses-9,4,0.333,pair_concat,0.0077,0.0375
sentence-transformers/all-mpnet-base-v2,ds003604,Gram,ses-9,4,0.333,pair_absdiff,-0.0029,0.0234
sentence-transformers/all-mpnet-base-v2,ds003604,Gram,ses-9,4,0.333,pair_cos1d,-0.0064,-0.0041
sentence-transformers/all-mpnet-base-v2,ds003604,Gram,ses-9,5,0.417,pipeline_meanpool,0.0129,0.0355
sentence-transformers/all-mpnet-base-v2,ds003604,Gram,ses-9,5,0.417,pair_concat,0.0061,0.0387
sentence-transformers/all-mpnet-base-v2,ds003604,Gram,ses-9,5,0.417,pair_absdiff,-0.0048,0.0215
sentence-transformers/all-mpnet-base-v2,ds003604,Gram,ses-9,5,0.417,pair_cos1d,-0.0067,-0.0128
sentence-transformers/all-mpnet-base-v2,ds003604,Gram,ses-9,6,0.5,pipeline_meanpool,0.0136,0.0345
sentence-transformers/all-mpnet-base-v2,ds003604,Gram,ses-9,6,0.5,pair_concat,0.0082,0.0392
sentence-transformers/all-mpnet-base-v2,ds003604,Gram,ses-9,6,0.5,pair_absdiff,-0.0065,0.0225
sentence-transformers/all-mpnet-base-v2,ds003604,Gram,ses-9,6,0.5,pair_cos1d,-0.0213,-0.0366
sentence-transformers/all-mpnet-base-v2,ds003604,Gram,ses-9,7,0.583,pipeline_meanpool,0.0055,0.0306
sentence-transformers/all-mpnet-base-v2,ds003604,Gram,ses-9,7,0.583,pair_concat,0.0065,0.0401
sentence-transformers/all-mpnet-base-v2,ds003604,Gram,ses-9,7,0.583,pair_absdiff,-0.0068,0.0246
sentence-transformers/all-mpnet-base-v2,ds003604,Gram,ses-9,7,0.583,pair_cos1d,-0.0213,-0.0296
sentence-transformers/all-mpnet-base-v2,ds003604,Gram,ses-9,8,0.667,pipeline_meanpool,0.0018,0.0205
sentence-transformers/all-mpnet-base-v2,ds003604,Gram,ses-9,8,0.667,pair_concat,0.0057,0.0472
sentence-transformers/all-mpnet-base-v2,ds003604,Gram,ses-9,8,0.667,pair_absdiff,0.0009,0.038
sentence-transformers/all-mpnet-base-v2,ds003604,Gram,ses-9,8,0.667,pair_cos1d,-0.0063,-0.0105
sentence-transformers/all-mpnet-base-v2,ds003604,Gram,ses-9,9,0.75,pipeline_meanpool,0.0059,0.0308
sentence-transformers/all-mpnet-base-v2,ds003604,Gram,ses-9,9,0.75,pair_concat,0.0064,0.0402
sentence-transformers/all-mpnet-base-v2,ds003604,Gram,ses-9,9,0.75,pair_absdiff,-0.0046,0.02
sentence-transformers/all-mpnet-base-v2,ds003604,Gram,ses-9,9,0.75,pair_cos1d,-0.0251,-0.0425
sentence-transformers/all-mpnet-base-v2,ds003604,Gram,ses-9,10,0.833,pipeline_meanpool,0.0182,0.0477
sentence-transformers/all-mpnet-base-v2,ds003604,Gram,ses-9,10,0.833,pair_concat,0.0038,0.0326
sentence-transformers/all-mpnet-base-v2,ds003604,Gram,ses-9,10,0.833,pair_absdiff,-0.0075,0.0048
sentence-transformers/all-mpnet-base-v2,ds003604,Gram,ses-9,10,0.833,pair_cos1d,-0.0197,-0.029
sentence-transformers/all-mpnet-base-v2,ds003604,Gram,ses-9,11,0.917,pipeline_meanpool,0.0239,0.0502
sentence-transformers/all-mpnet-base-v2,ds003604,Gram,ses-9,11,0.917,pair_concat,0.0004,0.0336
sentence-transformers/all-mpnet-base-v2,ds003604,Gram,ses-9,11,0.917,pair_absdiff,-0.0016,0.0079
sentence-transformers/all-mpnet-base-v2,ds003604,Gram,ses-9,11,0.917,pair_cos1d,-0.0155,-0.0025
sentence-transformers/all-mpnet-base-v2,ds003604,Gram,ses-9,12,1.0,pipeline_meanpool,0.0319,0.0434
sentence-transformers/all-mpnet-base-v2,ds003604,Gram,ses-9,12,1.0,pair_concat,0.0041,0.0363
sentence-transformers/all-mpnet-base-v2,ds003604,Gram,ses-9,12,1.0,pair_absdiff,-0.0105,0.0059
sentence-transformers/all-mpnet-base-v2,ds003604,Gram,ses-9,12,1.0,pair_cos1d,-0.0107,0.0059
sentence-transformers/all-mpnet-base-v2,ds003604,Phon,ses-5,0,0.0,pipeline_meanpool,-0.0029,-0.0023
sentence-transformers/all-mpnet-base-v2,ds003604,Phon,ses-5,0,0.0,pair_concat,-0.0221,-0.0368
sentence-transformers/all-mpnet-base-v2,ds003604,Phon,ses-5,0,0.0,pair_absdiff,0.0001,-0.009
sentence-transformers/all-mpnet-base-v2,ds003604,Phon,ses-5,0,0.0,pair_cos1d,0.0476,-0.0225
sentence-transformers/all-mpnet-base-v2,ds003604,Phon,ses-5,1,0.083,pipeline_meanpool,0.0014,0.0024
sentence-transformers/all-mpnet-base-v2,ds003604,Phon,ses-5,1,0.083,pair_concat,-0.0159,-0.0376
sentence-transformers/all-mpnet-base-v2,ds003604,Phon,ses-5,1,0.083,pair_absdiff,0.0121,0.0353
sentence-transformers/all-mpnet-base-v2,ds003604,Phon,ses-5,1,0.083,pair_cos1d,0.0466,-0.0292
sentence-transformers/all-mpnet-base-v2,ds003604,Phon,ses-5,2,0.167,pipeline_meanpool,-0.0007,0.0013
sentence-transformers/all-mpnet-base-v2,ds003604,Phon,ses-5,2,0.167,pair_concat,-0.0133,-0.0323
sentence-transformers/all-mpnet-base-v2,ds003604,Phon,ses-5,2,0.167,pair_absdiff,0.0106,0.0404
sentence-transformers/all-mpnet-base-v2,ds003604,Phon,ses-5,2,0.167,pair_cos1d,0.02,-0.0289
sentence-transformers/all-mpnet-base-v2,ds003604,Phon,ses-5,3,0.25,pipeline_meanpool,-0.0046,-0.0022
sentence-transformers/all-mpnet-base-v2,ds003604,Phon,ses-5,3,0.25,pair_concat,-0.0167,-0.0356
sentence-transformers/all-mpnet-base-v2,ds003604,Phon,ses-5,3,0.25,pair_absdiff,-0.0041,0.0377
sentence-transformers/all-mpnet-base-v2,ds003604,Phon,ses-5,3,0.25,pair_cos1d,0.0161,-0.0288
sentence-transformers/all-mpnet-base-v2,ds003604,Phon,ses-5,4,0.333,pipeline_meanpool,-0.0125,0.0015
sentence-transformers/all-mpnet-base-v2,ds003604,Phon,ses-5,4,0.333,pair_concat,-0.0249,-0.0315
sentence-transformers/all-mpnet-base-v2,ds003604,Phon,ses-5,4,0.333,pair_absdiff,-0.0029,0.026
sentence-transformers/all-mpnet-base-v2,ds003604,Phon,ses-5,4,0.333,pair_cos1d,0.0236,-0.0246
sentence-transformers/all-mpnet-base-v2,ds003604,Phon,ses-5,5,0.417,pipeline_meanpool,-0.0098,0.0025
sentence-transformers/all-mpnet-base-v2,ds003604,Phon,ses-5,5,0.417,pair_concat,-0.0169,-0.0329
sentence-transformers/all-mpnet-base-v2,ds003604,Phon,ses-5,5,0.417,pair_absdiff,0.0146,0.0242
sentence-transformers/all-mpnet-base-v2,ds003604,Phon,ses-5,5,0.417,pair_cos1d,0.0169,-0.0189
sentence-transformers/all-mpnet-base-v2,ds003604,Phon,ses-5,6,0.5,pipeline_meanpool,-0.0048,-0.0003
sentence-transformers/all-mpnet-base-v2,ds003604,Phon,ses-5,6,0.5,pair_concat,-0.0168,-0.0383
sentence-transformers/all-mpnet-base-v2,ds003604,Phon,ses-5,6,0.5,pair_absdiff,0.0024,0.0186
sentence-transformers/all-mpnet-base-v2,ds003604,Phon,ses-5,6,0.5,pair_cos1d,0.0222,-0.017
sentence-transformers/all-mpnet-base-v2,ds003604,Phon,ses-5,7,0.583,pipeline_meanpool,0.0052,0.0011
sentence-transformers/all-mpnet-base-v2,ds003604,Phon,ses-5,7,0.583,pair_concat,-0.0147,-0.0294
sentence-transformers/all-mpnet-base-v2,ds003604,Phon,ses-5,7,0.583,pair_absdiff,0.0088,0.0356
sentence-transformers/all-mpnet-base-v2,ds003604,Phon,ses-5,7,0.583,pair_cos1d,0.0151,-0.0102
sentence-transformers/all-mpnet-base-v2,ds003604,Phon,ses-5,8,0.667,pipeline_meanpool,0.0113,0.0003
sentence-transformers/all-mpnet-base-v2,ds003604,Phon,ses-5,8,0.667,pair_concat,-0.0129,-0.0353
sentence-transformers/all-mpnet-base-v2,ds003604,Phon,ses-5,8,0.667,pair_absdiff,0.0058,0.0168
sentence-transformers/all-mpnet-base-v2,ds003604,Phon,ses-5,8,0.667,pair_cos1d,0.0109,-0.015
sentence-transformers/all-mpnet-base-v2,ds003604,Phon,ses-5,9,0.75,pipeline_meanpool,0.0111,-0.0037
sentence-transformers/all-mpnet-base-v2,ds003604,Phon,ses-5,9,0.75,pair_concat,-0.0118,-0.0321
sentence-transformers/all-mpnet-base-v2,ds003604,Phon,ses-5,9,0.75,pair_absdiff,-0.0012,0.0142
sentence-transformers/all-mpnet-base-v2,ds003604,Phon,ses-5,9,0.75,pair_cos1d,0.0034,-0.0059
sentence-transformers/all-mpnet-base-v2,ds003604,Phon,ses-5,10,0.833,pipeline_meanpool,0.0051,-0.0035
sentence-transformers/all-mpnet-base-v2,ds003604,Phon,ses-5,10,0.833,pair_concat,-0.0119,-0.0229
sentence-transformers/all-mpnet-base-v2,ds003604,Phon,ses-5,10,0.833,pair_absdiff,0.0072,0.0334
sentence-transformers/all-mpnet-base-v2,ds003604,Phon,ses-5,10,0.833,pair_cos1d,-0.0159,-0.0187
sentence-transformers/all-mpnet-base-v2,ds003604,Phon,ses-5,11,0.917,pipeline_meanpool,0.0041,0.0
sentence-transformers/all-mpnet-base-v2,ds003604,Phon,ses-5,11,0.917,pair_concat,-0.0125,-0.0192
sentence-transformers/all-mpnet-base-v2,ds003604,Phon,ses-5,11,0.917,pair_absdiff,0.0102,0.0423
sentence-transformers/all-mpnet-base-v2,ds003604,Phon,ses-5,11,0.917,pair_cos1d,-0.0064,-0.0051
sentence-transformers/all-mpnet-base-v2,ds003604,Phon,ses-5,12,1.0,pipeline_meanpool,0.0093,-0.0288
sentence-transformers/all-mpnet-base-v2,ds003604,Phon,ses-5,12,1.0,pair_concat,-0.0036,-0.0277
sentence-transformers/all-mpnet-base-v2,ds003604,Phon,ses-5,12,1.0,pair_absdiff,0.0121,0.0326
sentence-transformers/all-mpnet-base-v2,ds003604,Phon,ses-5,12,1.0,pair_cos1d,0.0016,-0.015
sentence-transformers/all-mpnet-base-v2,ds003604,Phon,ses-7,0,0.0,pipeline_meanpool,-0.0022,-0.0012
sentence-transformers/all-mpnet-base-v2,ds003604,Phon,ses-7,0,0.0,pair_concat,-0.0195,-0.0356
sentence-transformers/all-mpnet-base-v2,ds003604,Phon,ses-7,0,0.0,pair_absdiff,-0.0021,-0.0092
sentence-transformers/all-mpnet-base-v2,ds003604,Phon,ses-7,0,0.0,pair_cos1d,0.0338,-0.0251
sentence-transformers/all-mpnet-base-v2,ds003604,Phon,ses-7,1,0.083,pipeline_meanpool,0.0009,0.005
sentence-transformers/all-mpnet-base-v2,ds003604,Phon,ses-7,1,0.083,pair_concat,-0.0155,-0.0354
sentence-transformers/all-mpnet-base-v2,ds003604,Phon,ses-7,1,0.083,pair_absdiff,0.0064,0.0343
sentence-transformers/all-mpnet-base-v2,ds003604,Phon,ses-7,1,0.083,pair_cos1d,0.0321,-0.0339
sentence-transformers/all-mpnet-base-v2,ds003604,Phon,ses-7,2,0.167,pipeline_meanpool,0.0005,0.0017
sentence-transformers/all-mpnet-base-v2,ds003604,Phon,ses-7,2,0.167,pair_concat,-0.0086,-0.0312
sentence-transformers/all-mpnet-base-v2,ds003604,Phon,ses-7,2,0.167,pair_absdiff,0.008,0.0391
sentence-transformers/all-mpnet-base-v2,ds003604,Phon,ses-7,2,0.167,pair_cos1d,0.0133,-0.0338
sentence-transformers/all-mpnet-base-v2,ds003604,Phon,ses-7,3,0.25,pipeline_meanpool,-0.0012,-0.0009
sentence-transformers/all-mpnet-base-v2,ds003604,Phon,ses-7,3,0.25,pair_concat,-0.0115,-0.0347
sentence-transformers/all-mpnet-base-v2,ds003604,Phon,ses-7,3,0.25,pair_absdiff,0.0036,0.0386
sentence-transformers/all-mpnet-base-v2,ds003604,Phon,ses-7,3,0.25,pair_cos1d,0.011,-0.0332
sentence-transformers/all-mpnet-base-v2,ds003604,Phon,ses-7,4,0.333,pipeline_meanpool,-0.009,0.0033
sentence-transformers/all-mpnet-base-v2,ds003604,Phon,ses-7,4,0.333,pair_concat,-0.0196,-0.0292
sentence-transformers/all-mpnet-base-v2,ds003604,Phon,ses-7,4,0.333,pair_absdiff,0.0035,0.0269
sentence-transformers/all-mpnet-base-v2,ds003604,Phon,ses-7,4,0.333,pair_cos1d,0.0217,-0.0279
sentence-transformers/all-mpnet-base-v2,ds003604,Phon,ses-7,5,0.417,pipeline_meanpool,-0.0061,0.0036
sentence-transformers/all-mpnet-base-v2,ds003604,Phon,ses-7,5,0.417,pair_concat,-0.0118,-0.0309
sentence-transformers/all-mpnet-base-v2,ds003604,Phon,ses-7,5,0.417,pair_absdiff,0.0214,0.0232
sentence-transformers/all-mpnet-base-v2,ds003604,Phon,ses-7,5,0.417,pair_cos1d,0.0102,-0.0238
sentence-transformers/all-mpnet-base-v2,ds003604,Phon,ses-7,6,0.5,pipeline_meanpool,-0.0028,0.0005
sentence-transformers/all-mpnet-base-v2,ds003604,Phon,ses-7,6,0.5,pair_concat,-0.0116,-0.0375
sentence-transformers/all-mpnet-base-v2,ds003604,Phon,ses-7,6,0.5,pair_absdiff,0.01,0.0175
sentence-transformers/all-mpnet-base-v2,ds003604,Phon,ses-7,6,0.5,pair_cos1d,0.0179,-0.0242
sentence-transformers/all-mpnet-base-v2,ds003604,Phon,ses-7,7,0.583,pipeline_meanpool,0.0075,0.0028
sentence-transformers/all-mpnet-base-v2,ds003604,Phon,ses-7,7,0.583,pair_concat,-0.0108,-0.0284
sentence-transformers/all-mpnet-base-v2,ds003604,Phon,ses-7,7,0.583,pair_absdiff,0.018,0.0358
sentence-transformers/all-mpnet-base-v2,ds003604,Phon,ses-7,7,0.583,pair_cos1d,0.0121,-0.0169
sentence-transformers/all-mpnet-base-v2,ds003604,Phon,ses-7,8,0.667,pipeline_meanpool,0.012,0.0014
sentence-transformers/all-mpnet-base-v2,ds003604,Phon,ses-7,8,0.667,pair_concat,-0.0105,-0.0345
sentence-transformers/all-mpnet-base-v2,ds003604,Phon,ses-7,8,0.667,pair_absdiff,0.01,0.017
sentence-transformers/all-mpnet-base-v2,ds003604,Phon,ses-7,8,0.667,pair_cos1d,0.0065,-0.0217
sentence-transformers/all-mpnet-base-v2,ds003604,Phon,ses-7,9,0.75,pipeline_meanpool,0.0111,-0.0012
sentence-transformers/all-mpnet-base-v2,ds003604,Phon,ses-7,9,0.75,pair_concat,-0.0101,-0.0303
sentence-transformers/all-mpnet-base-v2,ds003604,Phon,ses-7,9,0.75,pair_absdiff,0.0021,0.016
sentence-transformers/all-mpnet-base-v2,ds003604,Phon,ses-7,9,0.75,pair_cos1d,0.0044,-0.0115
sentence-transformers/all-mpnet-base-v2,ds003604,Phon,ses-7,10,0.833,pipeline_meanpool,0.0059,-0.0007
sentence-transformers/all-mpnet-base-v2,ds003604,Phon,ses-7,10,0.833,pair_concat,-0.0108,-0.0221
sentence-transformers/all-mpnet-base-v2,ds003604,Phon,ses-7,10,0.833,pair_absdiff,0.0107,0.0349
sentence-transformers/all-mpnet-base-v2,ds003604,Phon,ses-7,10,0.833,pair_cos1d,-0.0129,-0.0222
sentence-transformers/all-mpnet-base-v2,ds003604,Phon,ses-7,11,0.917,pipeline_meanpool,0.0073,0.0056
sentence-transformers/all-mpnet-base-v2,ds003604,Phon,ses-7,11,0.917,pair_concat,-0.008,-0.017
sentence-transformers/all-mpnet-base-v2,ds003604,Phon,ses-7,11,0.917,pair_absdiff,0.0127,0.0436
sentence-transformers/all-mpnet-base-v2,ds003604,Phon,ses-7,11,0.917,pair_cos1d,-0.0039,-0.0067
sentence-transformers/all-mpnet-base-v2,ds003604,Phon,ses-7,12,1.0,pipeline_meanpool,0.0086,-0.025
sentence-transformers/all-mpnet-base-v2,ds003604,Phon,ses-7,12,1.0,pair_concat,-0.0007,-0.024
sentence-transformers/all-mpnet-base-v2,ds003604,Phon,ses-7,12,1.0,pair_absdiff,0.0141,0.0372
sentence-transformers/all-mpnet-base-v2,ds003604,Phon,ses-7,12,1.0,pair_cos1d,0.0036,-0.0156
sentence-transformers/all-mpnet-base-v2,ds003604,Phon,ses-9,0,0.0,pipeline_meanpool,0.0003,-0.0004
sentence-transformers/all-mpnet-base-v2,ds003604,Phon,ses-9,0,0.0,pair_concat,-0.0206,-0.0342
sentence-transformers/all-mpnet-base-v2,ds003604,Phon,ses-9,0,0.0,pair_absdiff,-0.008,-0.0093
sentence-transformers/all-mpnet-base-v2,ds003604,Phon,ses-9,0,0.0,pair_cos1d,0.0368,-0.0222
sentence-transformers/all-mpnet-base-v2,ds003604,Phon,ses-9,1,0.083,pipeline_meanpool,-0.0005,0.0058
sentence-transformers/all-mpnet-base-v2,ds003604,Phon,ses-9,1,0.083,pair_concat,-0.0221,-0.0345
sentence-transformers/all-mpnet-base-v2,ds003604,Phon,ses-9,1,0.083,pair_absdiff,0.0027,0.032
sentence-transformers/all-mpnet-base-v2,ds003604,Phon,ses-9,1,0.083,pair_cos1d,0.0384,-0.0286
sentence-transformers/all-mpnet-base-v2,ds003604,Phon,ses-9,2,0.167,pipeline_meanpool,-0.0026,0.0023
sentence-transformers/all-mpnet-base-v2,ds003604,Phon,ses-9,2,0.167,pair_concat,-0.0155,-0.0304
sentence-transformers/all-mpnet-base-v2,ds003604,Phon,ses-9,2,0.167,pair_absdiff,0.0018,0.0369
sentence-transformers/all-mpnet-base-v2,ds003604,Phon,ses-9,2,0.167,pair_cos1d,0.015,-0.0294
sentence-transformers/all-mpnet-base-v2,ds003604,Phon,ses-9,3,0.25,pipeline_meanpool,-0.0053,-0.0006
sentence-transformers/all-mpnet-base-v2,ds003604,Phon,ses-9,3,0.25,pair_concat,-0.0181,-0.0339
sentence-transformers/all-mpnet-base-v2,ds003604,Phon,ses-9,3,0.25,pair_absdiff,-0.0154,0.0343
sentence-transformers/all-mpnet-base-v2,ds003604,Phon,ses-9,3,0.25,pair_cos1d,0.0086,-0.0306
sentence-transformers/all-mpnet-base-v2,ds003604,Phon,ses-9,4,0.333,pipeline_meanpool,-0.0119,0.0029
sentence-transformers/all-mpnet-base-v2,ds003604,Phon,ses-9,4,0.333,pair_concat,-0.0239,-0.0291
sentence-transformers/all-mpnet-base-v2,ds003604,Phon,ses-9,4,0.333,pair_absdiff,-0.0106,0.0228
sentence-transformers/all-mpnet-base-v2,ds003604,Phon,ses-9,4,0.333,pair_cos1d,0.0122,-0.0265
sentence-transformers/all-mpnet-base-v2,ds003604,Phon,ses-9,5,0.417,pipeline_meanpool,-0.0092,0.0024
sentence-transformers/all-mpnet-base-v2,ds003604,Phon,ses-9,5,0.417,pair_concat,-0.0172,-0.0317
sentence-transformers/all-mpnet-base-v2,ds003604,Phon,ses-9,5,0.417,pair_absdiff,0.0058,0.0194
sentence-transformers/all-mpnet-base-v2,ds003604,Phon,ses-9,5,0.417,pair_cos1d,0.0116,-0.0198
sentence-transformers/all-mpnet-base-v2,ds003604,Phon,ses-9,6,0.5,pipeline_meanpool,-0.0056,-0.0008
sentence-transformers/all-mpnet-base-v2,ds003604,Phon,ses-9,6,0.5,pair_concat,-0.0161,-0.0375
sentence-transformers/all-mpnet-base-v2,ds003604,Phon,ses-9,6,0.5,pair_absdiff,-0.0041,0.0143
sentence-transformers/all-mpnet-base-v2,ds003604,Phon,ses-9,6,0.5,pair_cos1d,0.0211,-0.0189
sentence-transformers/all-mpnet-base-v2,ds003604,Phon,ses-9,7,0.583,pipeline_meanpool,0.0052,0.0012
sentence-transformers/all-mpnet-base-v2,ds003604,Phon,ses-9,7,0.583,pair_concat,-0.0117,-0.0285
sentence-transformers/all-mpnet-base-v2,ds003604,Phon,ses-9,7,0.583,pair_absdiff,0.0065,0.0325
sentence-transformers/all-mpnet-base-v2,ds003604,Phon,ses-9,7,0.583,pair_cos1d,0.0172,-0.0121
sentence-transformers/all-mpnet-base-v2,ds003604,Phon,ses-9,8,0.667,pipeline_meanpool,0.013,0.0
sentence-transformers/all-mpnet-base-v2,ds003604,Phon,ses-9,8,0.667,pair_concat,-0.0093,-0.0339
sentence-transformers/all-mpnet-base-v2,ds003604,Phon,ses-9,8,0.667,pair_absdiff,0.0054,0.0152
sentence-transformers/all-mpnet-base-v2,ds003604,Phon,ses-9,8,0.667,pair_cos1d,0.0102,-0.0181
sentence-transformers/all-mpnet-base-v2,ds003604,Phon,ses-9,9,0.75,pipeline_meanpool,0.0137,-0.0022
sentence-transformers/all-mpnet-base-v2,ds003604,Phon,ses-9,9,0.75,pair_concat,-0.009,-0.0294
sentence-transformers/all-mpnet-base-v2,ds003604,Phon,ses-9,9,0.75,pair_absdiff,-0.0026,0.0153
sentence-transformers/all-mpnet-base-v2,ds003604,Phon,ses-9,9,0.75,pair_cos1d,0.0068,-0.0082
sentence-transformers/all-mpnet-base-v2,ds003604,Phon,ses-9,10,0.833,pipeline_meanpool,0.006,-0.0018
sentence-transformers/all-mpnet-base-v2,ds003604,Phon,ses-9,10,0.833,pair_concat,-0.0123,-0.0222
sentence-transformers/all-mpnet-base-v2,ds003604,Phon,ses-9,10,0.833,pair_absdiff,0.0074,0.033
sentence-transformers/all-mpnet-base-v2,ds003604,Phon,ses-9,10,0.833,pair_cos1d,-0.015,-0.0213
sentence-transformers/all-mpnet-base-v2,ds003604,Phon,ses-9,11,0.917,pipeline_meanpool,0.0046,0.0033
sentence-transformers/all-mpnet-base-v2,ds003604,Phon,ses-9,11,0.917,pair_concat,-0.0133,-0.0188
sentence-transformers/all-mpnet-base-v2,ds003604,Phon,ses-9,11,0.917,pair_absdiff,0.0122,0.0424
sentence-transformers/all-mpnet-base-v2,ds003604,Phon,ses-9,11,0.917,pair_cos1d,-0.0052,-0.0058
sentence-transformers/all-mpnet-base-v2,ds003604,Phon,ses-9,12,1.0,pipeline_meanpool,0.0079,-0.0262
sentence-transformers/all-mpnet-base-v2,ds003604,Phon,ses-9,12,1.0,pair_concat,-0.0045,-0.0243
sentence-transformers/all-mpnet-base-v2,ds003604,Phon,ses-9,12,1.0,pair_absdiff,0.0188,0.036
sentence-transformers/all-mpnet-base-v2,ds003604,Phon,ses-9,12,1.0,pair_cos1d,0.0014,-0.0161
sentence-transformers/all-mpnet-base-v2,ds003604,Plaus,ses-5,0,0.0,pipeline_meanpool,-0.0125,-0.0052
sentence-transformers/all-mpnet-base-v2,ds003604,Plaus,ses-5,0,0.0,pair_concat,0.0054,-0.0049
sentence-transformers/all-mpnet-base-v2,ds003604,Plaus,ses-5,0,0.0,pair_absdiff,0.0061,0.0114
sentence-transformers/all-mpnet-base-v2,ds003604,Plaus,ses-5,0,0.0,pair_cos1d,-0.0063,-0.0149
sentence-transformers/all-mpnet-base-v2,ds003604,Plaus,ses-5,1,0.083,pipeline_meanpool,-0.0112,-0.0052
sentence-transformers/all-mpnet-base-v2,ds003604,Plaus,ses-5,1,0.083,pair_concat,0.0061,-0.002
sentence-transformers/all-mpnet-base-v2,ds003604,Plaus,ses-5,1,0.083,pair_absdiff,0.0043,0.0116
sentence-transformers/all-mpnet-base-v2,ds003604,Plaus,ses-5,1,0.083,pair_cos1d,-0.0109,-0.0203
sentence-transformers/all-mpnet-base-v2,ds003604,Plaus,ses-5,2,0.167,pipeline_meanpool,-0.0083,0.0026
sentence-transformers/all-mpnet-base-v2,ds003604,Plaus,ses-5,2,0.167,pair_concat,0.0002,-0.0104
sentence-transformers/all-mpnet-base-v2,ds003604,Plaus,ses-5,2,0.167,pair_absdiff,0.0037,0.0103
sentence-transformers/all-mpnet-base-v2,ds003604,Plaus,ses-5,2,0.167,pair_cos1d,-0.0029,-0.0176
sentence-transformers/all-mpnet-base-v2,ds003604,Plaus,ses-5,3,0.25,pipeline_meanpool,-0.0129,-0.0129
sentence-transformers/all-mpnet-base-v2,ds003604,Plaus,ses-5,3,0.25,pair_concat,0.0014,-0.0107
sentence-transformers/all-mpnet-base-v2,ds003604,Plaus,ses-5,3,0.25,pair_absdiff,-0.0,0.008
sentence-transformers/all-mpnet-base-v2,ds003604,Plaus,ses-5,3,0.25,pair_cos1d,-0.001,-0.0105
sentence-transformers/all-mpnet-base-v2,ds003604,Plaus,ses-5,4,0.333,pipeline_meanpool,-0.0142,-0.0142
sentence-transformers/all-mpnet-base-v2,ds003604,Plaus,ses-5,4,0.333,pair_concat,-0.0027,-0.0154
sentence-transformers/all-mpnet-base-v2,ds003604,Plaus,ses-5,4,0.333,pair_absdiff,0.0016,0.0081
sentence-transformers/all-mpnet-base-v2,ds003604,Plaus,ses-5,4,0.333,pair_cos1d,-0.0039,-0.0182
sentence-transformers/all-mpnet-base-v2,ds003604,Plaus,ses-5,5,0.417,pipeline_meanpool,-0.0135,-0.0093
sentence-transformers/all-mpnet-base-v2,ds003604,Plaus,ses-5,5,0.417,pair_concat,-0.0015,-0.0143
sentence-transformers/all-mpnet-base-v2,ds003604,Plaus,ses-5,5,0.417,pair_absdiff,-0.0004,0.0073
sentence-transformers/all-mpnet-base-v2,ds003604,Plaus,ses-5,5,0.417,pair_cos1d,0.0001,-0.0106
sentence-transformers/all-mpnet-base-v2,ds003604,Plaus,ses-5,6,0.5,pipeline_meanpool,-0.0163,-0.0229
sentence-transformers/all-mpnet-base-v2,ds003604,Plaus,ses-5,6,0.5,pair_concat,0.0002,-0.0116
sentence-transformers/all-mpnet-base-v2,ds003604,Plaus,ses-5,6,0.5,pair_absdiff,0.0005,0.0051
sentence-transformers/all-mpnet-base-v2,ds003604,Plaus,ses-5,6,0.5,pair_cos1d,-0.0019,-0.0028
sentence-transformers/all-mpnet-base-v2,ds003604,Plaus,ses-5,7,0.583,pipeline_meanpool,-0.013,-0.0324
sentence-transformers/all-mpnet-base-v2,ds003604,Plaus,ses-5,7,0.583,pair_concat,-0.0021,-0.0111
sentence-transformers/all-mpnet-base-v2,ds003604,Plaus,ses-5,7,0.583,pair_absdiff,-0.0051,-0.0075
sentence-transformers/all-mpnet-base-v2,ds003604,Plaus,ses-5,7,0.583,pair_cos1d,-0.0021,0.003
sentence-transformers/all-mpnet-base-v2,ds003604,Plaus,ses-5,8,0.667,pipeline_meanpool,-0.0103,-0.0361
sentence-transformers/all-mpnet-base-v2,ds003604,Plaus,ses-5,8,0.667,pair_concat,0.0011,-0.0073
sentence-transformers/all-mpnet-base-v2,ds003604,Plaus,ses-5,8,0.667,pair_absdiff,-0.0015,-0.0118
sentence-transformers/all-mpnet-base-v2,ds003604,Plaus,ses-5,8,0.667,pair_cos1d,-0.0026,-0.0083
sentence-transformers/all-mpnet-base-v2,ds003604,Plaus,ses-5,9,0.75,pipeline_meanpool,-0.0108,-0.0378
sentence-transformers/all-mpnet-base-v2,ds003604,Plaus,ses-5,9,0.75,pair_concat,0.0007,-0.0103
sentence-transformers/all-mpnet-base-v2,ds003604,Plaus,ses-5,9,0.75,pair_absdiff,-0.0052,-0.0016
sentence-transformers/all-mpnet-base-v2,ds003604,Plaus,ses-5,9,0.75,pair_cos1d,-0.0032,-0.0075
sentence-transformers/all-mpnet-base-v2,ds003604,Plaus,ses-5,10,0.833,pipeline_meanpool,-0.0045,-0.0401
sentence-transformers/all-mpnet-base-v2,ds003604,Plaus,ses-5,10,0.833,pair_concat,-0.0041,-0.0076
sentence-transformers/all-mpnet-base-v2,ds003604,Plaus,ses-5,10,0.833,pair_absdiff,-0.0043,0.0116
sentence-transformers/all-mpnet-base-v2,ds003604,Plaus,ses-5,10,0.833,pair_cos1d,0.0164,0.0276
sentence-transformers/all-mpnet-base-v2,ds003604,Plaus,ses-5,11,0.917,pipeline_meanpool,-0.0014,-0.0488
sentence-transformers/all-mpnet-base-v2,ds003604,Plaus,ses-5,11,0.917,pair_concat,-0.0022,-0.0132
sentence-transformers/all-mpnet-base-v2,ds003604,Plaus,ses-5,11,0.917,pair_absdiff,0.0099,0.0353
sentence-transformers/all-mpnet-base-v2,ds003604,Plaus,ses-5,11,0.917,pair_cos1d,0.004,-0.0213
sentence-transformers/all-mpnet-base-v2,ds003604,Plaus,ses-5,12,1.0,pipeline_meanpool,-0.0043,-0.0244
sentence-transformers/all-mpnet-base-v2,ds003604,Plaus,ses-5,12,1.0,pair_concat,0.0014,-0.0139
sentence-transformers/all-mpnet-base-v2,ds003604,Plaus,ses-5,12,1.0,pair_absdiff,0.004,0.0067
sentence-transformers/all-mpnet-base-v2,ds003604,Plaus,ses-5,12,1.0,pair_cos1d,0.0184,-0.0104
sentence-transformers/all-mpnet-base-v2,ds003604,Plaus,ses-7,0,0.0,pipeline_meanpool,-0.0119,-0.0046
sentence-transformers/all-mpnet-base-v2,ds003604,Plaus,ses-7,0,0.0,pair_concat,0.0047,-0.0032
sentence-transformers/all-mpnet-base-v2,ds003604,Plaus,ses-7,0,0.0,pair_absdiff,0.0021,0.0127
sentence-transformers/all-mpnet-base-v2,ds003604,Plaus,ses-7,0,0.0,pair_cos1d,-0.0065,-0.0151
sentence-transformers/all-mpnet-base-v2,ds003604,Plaus,ses-7,1,0.083,pipeline_meanpool,-0.0116,-0.004
sentence-transformers/all-mpnet-base-v2,ds003604,Plaus,ses-7,1,0.083,pair_concat,0.0053,-0.0004
sentence-transformers/all-mpnet-base-v2,ds003604,Plaus,ses-7,1,0.083,pair_absdiff,0.002,0.0137
sentence-transformers/all-mpnet-base-v2,ds003604,Plaus,ses-7,1,0.083,pair_cos1d,-0.0099,-0.0207
sentence-transformers/all-mpnet-base-v2,ds003604,Plaus,ses-7,2,0.167,pipeline_meanpool,-0.0061,0.0052
sentence-transformers/all-mpnet-base-v2,ds003604,Plaus,ses-7,2,0.167,pair_concat,0.0017,-0.0073
sentence-transformers/all-mpnet-base-v2,ds003604,Plaus,ses-7,2,0.167,pair_absdiff,0.0022,0.0118
sentence-transformers/all-mpnet-base-v2,ds003604,Plaus,ses-7,2,0.167,pair_cos1d,-0.0021,-0.0192
sentence-transformers/all-mpnet-base-v2,ds003604,Plaus,ses-7,3,0.25,pipeline_meanpool,-0.0054,-0.0097
sentence-transformers/all-mpnet-base-v2,ds003604,Plaus,ses-7,3,0.25,pair_concat,0.0043,-0.0067
sentence-transformers/all-mpnet-base-v2,ds003604,Plaus,ses-7,3,0.25,pair_absdiff,0.0001,0.0098
sentence-transformers/all-mpnet-base-v2,ds003604,Plaus,ses-7,3,0.25,pair_cos1d,0.0027,-0.0082
sentence-transformers/all-mpnet-base-v2,ds003604,Plaus,ses-7,4,0.333,pipeline_meanpool,-0.0052,-0.0107
sentence-transformers/all-mpnet-base-v2,ds003604,Plaus,ses-7,4,0.333,pair_concat,0.0002,-0.0115
sentence-transformers/all-mpnet-base-v2,ds003604,Plaus,ses-7,4,0.333,pair_absdiff,0.0007,0.01
sentence-transformers/all-mpnet-base-v2,ds003604,Plaus,ses-7,4,0.333,pair_cos1d,-0.002,-0.0181
sentence-transformers/all-mpnet-base-v2,ds003604,Plaus,ses-7,5,0.417,pipeline_meanpool,-0.006,-0.0068
sentence-transformers/all-mpnet-base-v2,ds003604,Plaus,ses-7,5,0.417,pair_concat,0.0011,-0.0108
sentence-transformers/all-mpnet-base-v2,ds003604,Plaus,ses-7,5,0.417,pair_absdiff,-0.0026,0.0083
sentence-transformers/all-mpnet-base-v2,ds003604,Plaus,ses-7,5,0.417,pair_cos1d,0.0009,-0.0111
sentence-transformers/all-mpnet-base-v2,ds003604,Plaus,ses-7,6,0.5,pipeline_meanpool,-0.0088,-0.0197
sentence-transformers/all-mpnet-base-v2,ds003604,Plaus,ses-7,6,0.5,pair_concat,0.0001,-0.0094
sentence-transformers/all-mpnet-base-v2,ds003604,Plaus,ses-7,6,0.5,pair_absdiff,-0.0023,0.006
sentence-transformers/all-mpnet-base-v2,ds003604,Plaus,ses-7,6,0.5,pair_cos1d,0.0015,-0.0034
sentence-transformers/all-mpnet-base-v2,ds003604,Plaus,ses-7,7,0.583,pipeline_meanpool,-0.0078,-0.0309
sentence-transformers/all-mpnet-base-v2,ds003604,Plaus,ses-7,7,0.583,pair_concat,-0.0002,-0.0082
sentence-transformers/all-mpnet-base-v2,ds003604,Plaus,ses-7,7,0.583,pair_absdiff,-0.0041,-0.0063
sentence-transformers/all-mpnet-base-v2,ds003604,Plaus,ses-7,7,0.583,pair_cos1d,0.0021,0.0026
sentence-transformers/all-mpnet-base-v2,ds003604,Plaus,ses-7,8,0.667,pipeline_meanpool,-0.0022,-0.0341
sentence-transformers/all-mpnet-base-v2,ds003604,Plaus,ses-7,8,0.667,pair_concat,0.0023,-0.0052
sentence-transformers/all-mpnet-base-v2,ds003604,Plaus,ses-7,8,0.667,pair_absdiff,-0.0038,-0.0114
sentence-transformers/all-mpnet-base-v2,ds003604,Plaus,ses-7,8,0.667,pair_cos1d,-0.0009,-0.0078
sentence-transformers/all-mpnet-base-v2,ds003604,Plaus,ses-7,9,0.75,pipeline_meanpool,-0.0024,-0.0355
sentence-transformers/all-mpnet-base-v2,ds003604,Plaus,ses-7,9,0.75,pair_concat,0.0024,-0.0079
sentence-transformers/all-mpnet-base-v2,ds003604,Plaus,ses-7,9,0.75,pair_absdiff,-0.0039,-0.0014
sentence-transformers/all-mpnet-base-v2,ds003604,Plaus,ses-7,9,0.75,pair_cos1d,-0.0012,-0.0096
sentence-transformers/all-mpnet-base-v2,ds003604,Plaus,ses-7,10,0.833,pipeline_meanpool,0.0052,-0.0389
sentence-transformers/all-mpnet-base-v2,ds003604,Plaus,ses-7,10,0.833,pair_concat,-0.0023,-0.005
sentence-transformers/all-mpnet-base-v2,ds003604,Plaus,ses-7,10,0.833,pair_absdiff,-0.0024,0.0149
sentence-transformers/all-mpnet-base-v2,ds003604,Plaus,ses-7,10,0.833,pair_cos1d,0.0176,0.0273
sentence-transformers/all-mpnet-base-v2,ds003604,Plaus,ses-7,11,0.917,pipeline_meanpool,0.0119,-0.0482
sentence-transformers/all-mpnet-base-v2,ds003604,Plaus,ses-7,11,0.917,pair_concat,-0.002,-0.011
sentence-transformers/all-mpnet-base-v2,ds003604,Plaus,ses-7,11,0.917,pair_absdiff,0.0074,0.0365
sentence-transformers/all-mpnet-base-v2,ds003604,Plaus,ses-7,11,0.917,pair_cos1d,0.0076,-0.0238
sentence-transformers/all-mpnet-base-v2,ds003604,Plaus,ses-7,12,1.0,pipeline_meanpool,0.0068,-0.0211
sentence-transformers/all-mpnet-base-v2,ds003604,Plaus,ses-7,12,1.0,pair_concat,0.0014,-0.0111
sentence-transformers/all-mpnet-base-v2,ds003604,Plaus,ses-7,12,1.0,pair_absdiff,0.0086,0.0102
sentence-transformers/all-mpnet-base-v2,ds003604,Plaus,ses-7,12,1.0,pair_cos1d,0.0212,-0.0141
sentence-transformers/all-mpnet-base-v2,ds003604,Plaus,ses-9,0,0.0,pipeline_meanpool,-0.0085,-0.0043
sentence-transformers/all-mpnet-base-v2,ds003604,Plaus,ses-9,0,0.0,pair_concat,0.0181,0.0004
sentence-transformers/all-mpnet-base-v2,ds003604,Plaus,ses-9,0,0.0,pair_absdiff,0.014,0.0159
sentence-transformers/all-mpnet-base-v2,ds003604,Plaus,ses-9,0,0.0,pair_cos1d,-0.0046,-0.0121
sentence-transformers/all-mpnet-base-v2,ds003604,Plaus,ses-9,1,0.083,pipeline_meanpool,-0.0051,-0.0018
sentence-transformers/all-mpnet-base-v2,ds003604,Plaus,ses-9,1,0.083,pair_concat,0.0188,0.0032
sentence-transformers/all-mpnet-base-v2,ds003604,Plaus,ses-9,1,0.083,pair_absdiff,0.0123,0.0164
sentence-transformers/all-mpnet-base-v2,ds003604,Plaus,ses-9,1,0.083,pair_cos1d,-0.0042,-0.0179
sentence-transformers/all-mpnet-base-v2,ds003604,Plaus,ses-9,2,0.167,pipeline_meanpool,0.0007,0.0068
sentence-transformers/all-mpnet-base-v2,ds003604,Plaus,ses-9,2,0.167,pair_concat,0.0123,-0.0043
sentence-transformers/all-mpnet-base-v2,ds003604,Plaus,ses-9,2,0.167,pair_absdiff,0.0125,0.0145
sentence-transformers/all-mpnet-base-v2,ds003604,Plaus,ses-9,2,0.167,pair_cos1d,0.0026,-0.0166
sentence-transformers/all-mpnet-base-v2,ds003604,Plaus,ses-9,3,0.25,pipeline_meanpool,0.0004,-0.0082
sentence-transformers/all-mpnet-base-v2,ds003604,Plaus,ses-9,3,0.25,pair_concat,0.0135,-0.0042
sentence-transformers/all-mpnet-base-v2,ds003604,Plaus,ses-9,3,0.25,pair_absdiff,0.0117,0.0127
sentence-transformers/all-mpnet-base-v2,ds003604,Plaus,ses-9,3,0.25,pair_cos1d,0.0083,-0.0063
sentence-transformers/all-mpnet-base-v2,ds003604,Plaus,ses-9,4,0.333,pipeline_meanpool,0.0016,-0.0083
sentence-transformers/all-mpnet-base-v2,ds003604,Plaus,ses-9,4,0.333,pair_concat,0.0096,-0.0087
sentence-transformers/all-mpnet-base-v2,ds003604,Plaus,ses-9,4,0.333,pair_absdiff,0.0127,0.0131
sentence-transformers/all-mpnet-base-v2,ds003604,Plaus,ses-9,4,0.333,pair_cos1d,0.0034,-0.0156
sentence-transformers/all-mpnet-base-v2,ds003604,Plaus,ses-9,5,0.417,pipeline_meanpool,0.0016,-0.0038
sentence-transformers/all-mpnet-base-v2,ds003604,Plaus,ses-9,5,0.417,pair_concat,0.0113,-0.0078
sentence-transformers/all-mpnet-base-v2,ds003604,Plaus,ses-9,5,0.417,pair_absdiff,0.0087,0.0112
sentence-transformers/all-mpnet-base-v2,ds003604,Plaus,ses-9,5,0.417,pair_cos1d,0.0069,-0.0088
sentence-transformers/all-mpnet-base-v2,ds003604,Plaus,ses-9,6,0.5,pipeline_meanpool,-0.0043,-0.0172
sentence-transformers/all-mpnet-base-v2,ds003604,Plaus,ses-9,6,0.5,pair_concat,0.012,-0.0059
sentence-transformers/all-mpnet-base-v2,ds003604,Plaus,ses-9,6,0.5,pair_absdiff,0.01,0.0091
sentence-transformers/all-mpnet-base-v2,ds003604,Plaus,ses-9,6,0.5,pair_cos1d,0.0062,-0.0015
sentence-transformers/all-mpnet-base-v2,ds003604,Plaus,ses-9,7,0.583,pipeline_meanpool,-0.0038,-0.0278
sentence-transformers/all-mpnet-base-v2,ds003604,Plaus,ses-9,7,0.583,pair_concat,0.0107,-0.0051
sentence-transformers/all-mpnet-base-v2,ds003604,Plaus,ses-9,7,0.583,pair_absdiff,0.0049,-0.0036
sentence-transformers/all-mpnet-base-v2,ds003604,Plaus,ses-9,7,0.583,pair_cos1d,0.0078,0.0043
sentence-transformers/all-mpnet-base-v2,ds003604,Plaus,ses-9,8,0.667,pipeline_meanpool,-0.0006,-0.0314
sentence-transformers/all-mpnet-base-v2,ds003604,Plaus,ses-9,8,0.667,pair_concat,0.0151,-0.0017
sentence-transformers/all-mpnet-base-v2,ds003604,Plaus,ses-9,8,0.667,pair_absdiff,0.0089,-0.008
sentence-transformers/all-mpnet-base-v2,ds003604,Plaus,ses-9,8,0.667,pair_cos1d,0.0065,-0.0055
sentence-transformers/all-mpnet-base-v2,ds003604,Plaus,ses-9,9,0.75,pipeline_meanpool,-0.0009,-0.0332
sentence-transformers/all-mpnet-base-v2,ds003604,Plaus,ses-9,9,0.75,pair_concat,0.0146,-0.0044
sentence-transformers/all-mpnet-base-v2,ds003604,Plaus,ses-9,9,0.75,pair_absdiff,0.008,0.0015
sentence-transformers/all-mpnet-base-v2,ds003604,Plaus,ses-9,9,0.75,pair_cos1d,0.0007,-0.0082
sentence-transformers/all-mpnet-base-v2,ds003604,Plaus,ses-9,10,0.833,pipeline_meanpool,0.0057,-0.0369
sentence-transformers/all-mpnet-base-v2,ds003604,Plaus,ses-9,10,0.833,pair_concat,0.0088,-0.0017
sentence-transformers/all-mpnet-base-v2,ds003604,Plaus,ses-9,10,0.833,pair_absdiff,0.0089,0.0168
sentence-transformers/all-mpnet-base-v2,ds003604,Plaus,ses-9,10,0.833,pair_cos1d,0.0244,0.0294
sentence-transformers/all-mpnet-base-v2,ds003604,Plaus,ses-9,11,0.917,pipeline_meanpool,0.0109,-0.0461
sentence-transformers/all-mpnet-base-v2,ds003604,Plaus,ses-9,11,0.917,pair_concat,0.0104,-0.0073
sentence-transformers/all-mpnet-base-v2,ds003604,Plaus,ses-9,11,0.917,pair_absdiff,0.0187,0.0387
sentence-transformers/all-mpnet-base-v2,ds003604,Plaus,ses-9,11,0.917,pair_cos1d,0.0116,-0.0202
sentence-transformers/all-mpnet-base-v2,ds003604,Plaus,ses-9,12,1.0,pipeline_meanpool,0.0075,-0.0206
sentence-transformers/all-mpnet-base-v2,ds003604,Plaus,ses-9,12,1.0,pair_concat,0.0133,-0.0076
sentence-transformers/all-mpnet-base-v2,ds003604,Plaus,ses-9,12,1.0,pair_absdiff,0.0135,0.0127
sentence-transformers/all-mpnet-base-v2,ds003604,Plaus,ses-9,12,1.0,pair_cos1d,0.027,-0.0099
sentence-transformers/all-mpnet-base-v2,ds003604,Sem,ses-5,0,0.0,pipeline_meanpool,0.0091,-0.0143
sentence-transformers/all-mpnet-base-v2,ds003604,Sem,ses-5,0,0.0,pair_concat,0.0122,0.0122
sentence-transformers/all-mpnet-base-v2,ds003604,Sem,ses-5,0,0.0,pair_absdiff,0.0059,0.0106
sentence-transformers/all-mpnet-base-v2,ds003604,Sem,ses-5,0,0.0,pair_cos1d,-0.0003,-0.0159
sentence-transformers/all-mpnet-base-v2,ds003604,Sem,ses-5,1,0.083,pipeline_meanpool,0.0101,-0.006
sentence-transformers/all-mpnet-base-v2,ds003604,Sem,ses-5,1,0.083,pair_concat,0.0136,0.0255
sentence-transformers/all-mpnet-base-v2,ds003604,Sem,ses-5,1,0.083,pair_absdiff,-0.0014,0.0111
sentence-transformers/all-mpnet-base-v2,ds003604,Sem,ses-5,1,0.083,pair_cos1d,0.0093,0.0026
sentence-transformers/all-mpnet-base-v2,ds003604,Sem,ses-5,2,0.167,pipeline_meanpool,0.0105,-0.0064
sentence-transformers/all-mpnet-base-v2,ds003604,Sem,ses-5,2,0.167,pair_concat,0.0079,0.0156
sentence-transformers/all-mpnet-base-v2,ds003604,Sem,ses-5,2,0.167,pair_absdiff,-0.0082,0.001
sentence-transformers/all-mpnet-base-v2,ds003604,Sem,ses-5,2,0.167,pair_cos1d,0.0112,-0.0058
sentence-transformers/all-mpnet-base-v2,ds003604,Sem,ses-5,3,0.25,pipeline_meanpool,0.0012,-0.0176
sentence-transformers/all-mpnet-base-v2,ds003604,Sem,ses-5,3,0.25,pair_concat,0.0067,0.0154
sentence-transformers/all-mpnet-base-v2,ds003604,Sem,ses-5,3,0.25,pair_absdiff,-0.0198,-0.0218
sentence-transformers/all-mpnet-base-v2,ds003604,Sem,ses-5,3,0.25,pair_cos1d,0.0153,-0.0043
sentence-transformers/all-mpnet-base-v2,ds003604,Sem,ses-5,4,0.333,pipeline_meanpool,0.0031,-0.0114
sentence-transformers/all-mpnet-base-v2,ds003604,Sem,ses-5,4,0.333,pair_concat,0.0045,0.0212
sentence-transformers/all-mpnet-base-v2,ds003604,Sem,ses-5,4,0.333,pair_absdiff,-0.0113,-0.0137
sentence-transformers/all-mpnet-base-v2,ds003604,Sem,ses-5,4,0.333,pair_cos1d,0.0082,-0.0119
sentence-transformers/all-mpnet-base-v2,ds003604,Sem,ses-5,5,0.417,pipeline_meanpool,-0.0024,-0.0131
sentence-transformers/all-mpnet-base-v2,ds003604,Sem,ses-5,5,0.417,pair_concat,0.0024,0.0153
sentence-transformers/all-mpnet-base-v2,ds003604,Sem,ses-5,5,0.417,pair_absdiff,-0.0077,-0.0187
sentence-transformers/all-mpnet-base-v2,ds003604,Sem,ses-5,5,0.417,pair_cos1d,0.0094,-0.0117
sentence-transformers/all-mpnet-base-v2,ds003604,Sem,ses-5,6,0.5,pipeline_meanpool,-0.0052,-0.0086
sentence-transformers/all-mpnet-base-v2,ds003604,Sem,ses-5,6,0.5,pair_concat,-0.0044,0.0085
sentence-transformers/all-mpnet-base-v2,ds003604,Sem,ses-5,6,0.5,pair_absdiff,-0.0105,-0.0136
sentence-transformers/all-mpnet-base-v2,ds003604,Sem,ses-5,6,0.5,pair_cos1d,0.0014,-0.0215
sentence-transformers/all-mpnet-base-v2,ds003604,Sem,ses-5,7,0.583,pipeline_meanpool,-0.0032,-0.0067
sentence-transformers/all-mpnet-base-v2,ds003604,Sem,ses-5,7,0.583,pair_concat,-0.0089,-0.0056
sentence-transformers/all-mpnet-base-v2,ds003604,Sem,ses-5,7,0.583,pair_absdiff,-0.0137,-0.0229
sentence-transformers/all-mpnet-base-v2,ds003604,Sem,ses-5,7,0.583,pair_cos1d,-0.0015,-0.0287
sentence-transformers/all-mpnet-base-v2,ds003604,Sem,ses-5,8,0.667,pipeline_meanpool,-0.0041,-0.0121
sentence-transformers/all-mpnet-base-v2,ds003604,Sem,ses-5,8,0.667,pair_concat,-0.009,-0.0079
sentence-transformers/all-mpnet-base-v2,ds003604,Sem,ses-5,8,0.667,pair_absdiff,-0.013,-0.0233
sentence-transformers/all-mpnet-base-v2,ds003604,Sem,ses-5,8,0.667,pair_cos1d,0.0004,-0.0261
sentence-transformers/all-mpnet-base-v2,ds003604,Sem,ses-5,9,0.75,pipeline_meanpool,-0.0079,-0.0221
sentence-transformers/all-mpnet-base-v2,ds003604,Sem,ses-5,9,0.75,pair_concat,-0.0119,-0.0105
sentence-transformers/all-mpnet-base-v2,ds003604,Sem,ses-5,9,0.75,pair_absdiff,-0.0167,-0.0168
sentence-transformers/all-mpnet-base-v2,ds003604,Sem,ses-5,9,0.75,pair_cos1d,-0.0013,-0.0217
sentence-transformers/all-mpnet-base-v2,ds003604,Sem,ses-5,10,0.833,pipeline_meanpool,-0.0098,-0.0319
sentence-transformers/all-mpnet-base-v2,ds003604,Sem,ses-5,10,0.833,pair_concat,-0.0117,-0.0197
sentence-transformers/all-mpnet-base-v2,ds003604,Sem,ses-5,10,0.833,pair_absdiff,-0.0127,-0.004
sentence-transformers/all-mpnet-base-v2,ds003604,Sem,ses-5,10,0.833,pair_cos1d,0.0044,-0.017
sentence-transformers/all-mpnet-base-v2,ds003604,Sem,ses-5,11,0.917,pipeline_meanpool,-0.0091,-0.0162
sentence-transformers/all-mpnet-base-v2,ds003604,Sem,ses-5,11,0.917,pair_concat,-0.0143,-0.0261
sentence-transformers/all-mpnet-base-v2,ds003604,Sem,ses-5,11,0.917,pair_absdiff,-0.0099,-0.0054
sentence-transformers/all-mpnet-base-v2,ds003604,Sem,ses-5,11,0.917,pair_cos1d,0.0016,-0.0165
sentence-transformers/all-mpnet-base-v2,ds003604,Sem,ses-5,12,1.0,pipeline_meanpool,-0.004,0.0028
sentence-transformers/all-mpnet-base-v2,ds003604,Sem,ses-5,12,1.0,pair_concat,-0.0192,-0.0256
sentence-transformers/all-mpnet-base-v2,ds003604,Sem,ses-5,12,1.0,pair_absdiff,0.0023,0.0091
sentence-transformers/all-mpnet-base-v2,ds003604,Sem,ses-5,12,1.0,pair_cos1d,0.0099,-0.0015
sentence-transformers/all-mpnet-base-v2,ds003604,Sem,ses-7,0,0.0,pipeline_meanpool,0.0116,-0.0171
sentence-transformers/all-mpnet-base-v2,ds003604,Sem,ses-7,0,0.0,pair_concat,0.0107,0.0068
sentence-transformers/all-mpnet-base-v2,ds003604,Sem,ses-7,0,0.0,pair_absdiff,0.0107,0.0115
sentence-transformers/all-mpnet-base-v2,ds003604,Sem,ses-7,0,0.0,pair_cos1d,-0.0033,-0.0169
sentence-transformers/all-mpnet-base-v2,ds003604,Sem,ses-7,1,0.083,pipeline_meanpool,0.0104,-0.0118
sentence-transformers/all-mpnet-base-v2,ds003604,Sem,ses-7,1,0.083,pair_concat,0.0174,0.0237
sentence-transformers/all-mpnet-base-v2,ds003604,Sem,ses-7,1,0.083,pair_absdiff,0.0107,0.0121
sentence-transformers/all-mpnet-base-v2,ds003604,Sem,ses-7,1,0.083,pair_cos1d,0.004,-0.0009
sentence-transformers/all-mpnet-base-v2,ds003604,Sem,ses-7,2,0.167,pipeline_meanpool,0.0062,-0.0132
sentence-transformers/all-mpnet-base-v2,ds003604,Sem,ses-7,2,0.167,pair_concat,0.0115,0.0148
sentence-transformers/all-mpnet-base-v2,ds003604,Sem,ses-7,2,0.167,pair_absdiff,0.001,-0.0013
sentence-transformers/all-mpnet-base-v2,ds003604,Sem,ses-7,2,0.167,pair_cos1d,0.0017,-0.0118
sentence-transformers/all-mpnet-base-v2,ds003604,Sem,ses-7,3,0.25,pipeline_meanpool,-0.001,-0.0239
sentence-transformers/all-mpnet-base-v2,ds003604,Sem,ses-7,3,0.25,pair_concat,0.0101,0.0143
sentence-transformers/all-mpnet-base-v2,ds003604,Sem,ses-7,3,0.25,pair_absdiff,-0.0187,-0.0271
sentence-transformers/all-mpnet-base-v2,ds003604,Sem,ses-7,3,0.25,pair_cos1d,0.0038,-0.0103
sentence-transformers/all-mpnet-base-v2,ds003604,Sem,ses-7,4,0.333,pipeline_meanpool,-0.0009,-0.0173
sentence-transformers/all-mpnet-base-v2,ds003604,Sem,ses-7,4,0.333,pair_concat,0.01,0.0195
sentence-transformers/all-mpnet-base-v2,ds003604,Sem,ses-7,4,0.333,pair_absdiff,-0.0135,-0.0207
sentence-transformers/all-mpnet-base-v2,ds003604,Sem,ses-7,4,0.333,pair_cos1d,-0.0031,-0.017
sentence-transformers/all-mpnet-base-v2,ds003604,Sem,ses-7,5,0.417,pipeline_meanpool,-0.0044,-0.0177
sentence-transformers/all-mpnet-base-v2,ds003604,Sem,ses-7,5,0.417,pair_concat,0.0088,0.0125
sentence-transformers/all-mpnet-base-v2,ds003604,Sem,ses-7,5,0.417,pair_absdiff,-0.0103,-0.0259
sentence-transformers/all-mpnet-base-v2,ds003604,Sem,ses-7,5,0.417,pair_cos1d,-0.002,-0.0157
sentence-transformers/all-mpnet-base-v2,ds003604,Sem,ses-7,6,0.5,pipeline_meanpool,-0.0056,-0.0124
sentence-transformers/all-mpnet-base-v2,ds003604,Sem,ses-7,6,0.5,pair_concat,0.0026,0.0068
sentence-transformers/all-mpnet-base-v2,ds003604,Sem,ses-7,6,0.5,pair_absdiff,-0.0117,-0.0205
sentence-transformers/all-mpnet-base-v2,ds003604,Sem,ses-7,6,0.5,pair_cos1d,-0.0064,-0.0254
sentence-transformers/all-mpnet-base-v2,ds003604,Sem,ses-7,7,0.583,pipeline_meanpool,-0.0059,-0.0085
sentence-transformers/all-mpnet-base-v2,ds003604,Sem,ses-7,7,0.583,pair_concat,-0.0012,-0.0064
sentence-transformers/all-mpnet-base-v2,ds003604,Sem,ses-7,7,0.583,pair_absdiff,-0.0109,-0.028
sentence-transformers/all-mpnet-base-v2,ds003604,Sem,ses-7,7,0.583,pair_cos1d,-0.0067,-0.0326
sentence-transformers/all-mpnet-base-v2,ds003604,Sem,ses-7,8,0.667,pipeline_meanpool,-0.0062,-0.0141
sentence-transformers/all-mpnet-base-v2,ds003604,Sem,ses-7,8,0.667,pair_concat,-0.0025,-0.0088
sentence-transformers/all-mpnet-base-v2,ds003604,Sem,ses-7,8,0.667,pair_absdiff,-0.011,-0.0275
sentence-transformers/all-mpnet-base-v2,ds003604,Sem,ses-7,8,0.667,pair_cos1d,-0.0089,-0.0316
sentence-transformers/all-mpnet-base-v2,ds003604,Sem,ses-7,9,0.75,pipeline_meanpool,-0.0142,-0.026
sentence-transformers/all-mpnet-base-v2,ds003604,Sem,ses-7,9,0.75,pair_concat,-0.0069,-0.0118
sentence-transformers/all-mpnet-base-v2,ds003604,Sem,ses-7,9,0.75,pair_absdiff,-0.017,-0.0195
sentence-transformers/all-mpnet-base-v2,ds003604,Sem,ses-7,9,0.75,pair_cos1d,-0.0047,-0.0252
sentence-transformers/all-mpnet-base-v2,ds003604,Sem,ses-7,10,0.833,pipeline_meanpool,-0.0161,-0.0354
sentence-transformers/all-mpnet-base-v2,ds003604,Sem,ses-7,10,0.833,pair_concat,-0.0116,-0.0205
sentence-transformers/all-mpnet-base-v2,ds003604,Sem,ses-7,10,0.833,pair_absdiff,0.0035,0.0009
sentence-transformers/all-mpnet-base-v2,ds003604,Sem,ses-7,10,0.833,pair_cos1d,0.0011,-0.0197
sentence-transformers/all-mpnet-base-v2,ds003604,Sem,ses-7,11,0.917,pipeline_meanpool,-0.0189,-0.0188
sentence-transformers/all-mpnet-base-v2,ds003604,Sem,ses-7,11,0.917,pair_concat,-0.0087,-0.0239
sentence-transformers/all-mpnet-base-v2,ds003604,Sem,ses-7,11,0.917,pair_absdiff,-0.0045,-0.0023
sentence-transformers/all-mpnet-base-v2,ds003604,Sem,ses-7,11,0.917,pair_cos1d,-0.0074,-0.0198
sentence-transformers/all-mpnet-base-v2,ds003604,Sem,ses-7,12,1.0,pipeline_meanpool,-0.0143,0.0031
sentence-transformers/all-mpnet-base-v2,ds003604,Sem,ses-7,12,1.0,pair_concat,-0.0129,-0.0213
sentence-transformers/all-mpnet-base-v2,ds003604,Sem,ses-7,12,1.0,pair_absdiff,-0.002,0.0066
sentence-transformers/all-mpnet-base-v2,ds003604,Sem,ses-7,12,1.0,pair_cos1d,-0.0086,-0.0059
sentence-transformers/all-mpnet-base-v2,ds003604,Sem,ses-9,0,0.0,pipeline_meanpool,0.027,-0.0045
sentence-transformers/all-mpnet-base-v2,ds003604,Sem,ses-9,0,0.0,pair_concat,0.0154,0.0158
sentence-transformers/all-mpnet-base-v2,ds003604,Sem,ses-9,0,0.0,pair_absdiff,0.0093,0.0139
sentence-transformers/all-mpnet-base-v2,ds003604,Sem,ses-9,0,0.0,pair_cos1d,-0.0028,-0.0153
sentence-transformers/all-mpnet-base-v2,ds003604,Sem,ses-9,1,0.083,pipeline_meanpool,0.0219,-0.0039
sentence-transformers/all-mpnet-base-v2,ds003604,Sem,ses-9,1,0.083,pair_concat,0.0211,0.0289
sentence-transformers/all-mpnet-base-v2,ds003604,Sem,ses-9,1,0.083,pair_absdiff,0.003,0.0131
sentence-transformers/all-mpnet-base-v2,ds003604,Sem,ses-9,1,0.083,pair_cos1d,0.0074,0.0019
sentence-transformers/all-mpnet-base-v2,ds003604,Sem,ses-9,2,0.167,pipeline_meanpool,0.0174,-0.0066
sentence-transformers/all-mpnet-base-v2,ds003604,Sem,ses-9,2,0.167,pair_concat,0.0117,0.0183
sentence-transformers/all-mpnet-base-v2,ds003604,Sem,ses-9,2,0.167,pair_absdiff,0.0009,0.0029
sentence-transformers/all-mpnet-base-v2,ds003604,Sem,ses-9,2,0.167,pair_cos1d,0.0048,-0.0082
sentence-transformers/all-mpnet-base-v2,ds003604,Sem,ses-9,3,0.25,pipeline_meanpool,0.012,-0.0164
sentence-transformers/all-mpnet-base-v2,ds003604,Sem,ses-9,3,0.25,pair_concat,0.0125,0.0187
sentence-transformers/all-mpnet-base-v2,ds003604,Sem,ses-9,3,0.25,pair_absdiff,-0.0214,-0.0265
sentence-transformers/all-mpnet-base-v2,ds003604,Sem,ses-9,3,0.25,pair_cos1d,0.0056,-0.0073
sentence-transformers/all-mpnet-base-v2,ds003604,Sem,ses-9,4,0.333,pipeline_meanpool,0.0162,-0.0093
sentence-transformers/all-mpnet-base-v2,ds003604,Sem,ses-9,4,0.333,pair_concat,0.011,0.0242
sentence-transformers/all-mpnet-base-v2,ds003604,Sem,ses-9,4,0.333,pair_absdiff,-0.021,-0.0231
sentence-transformers/all-mpnet-base-v2,ds003604,Sem,ses-9,4,0.333,pair_cos1d,-0.0024,-0.0143
sentence-transformers/all-mpnet-base-v2,ds003604,Sem,ses-9,5,0.417,pipeline_meanpool,0.0116,-0.0096
sentence-transformers/all-mpnet-base-v2,ds003604,Sem,ses-9,5,0.417,pair_concat,0.0104,0.0179
sentence-transformers/all-mpnet-base-v2,ds003604,Sem,ses-9,5,0.417,pair_absdiff,-0.0192,-0.0291
sentence-transformers/all-mpnet-base-v2,ds003604,Sem,ses-9,5,0.417,pair_cos1d,-0.0015,-0.0138
sentence-transformers/all-mpnet-base-v2,ds003604,Sem,ses-9,6,0.5,pipeline_meanpool,0.0108,-0.0046
sentence-transformers/all-mpnet-base-v2,ds003604,Sem,ses-9,6,0.5,pair_concat,0.0047,0.0125
sentence-transformers/all-mpnet-base-v2,ds003604,Sem,ses-9,6,0.5,pair_absdiff,-0.0213,-0.0242
sentence-transformers/all-mpnet-base-v2,ds003604,Sem,ses-9,6,0.5,pair_cos1d,-0.0049,-0.0222
sentence-transformers/all-mpnet-base-v2,ds003604,Sem,ses-9,7,0.583,pipeline_meanpool,0.0102,-0.0018
sentence-transformers/all-mpnet-base-v2,ds003604,Sem,ses-9,7,0.583,pair_concat,0.0,-0.0012
sentence-transformers/all-mpnet-base-v2,ds003604,Sem,ses-9,7,0.583,pair_absdiff,-0.0206,-0.0302
sentence-transformers/all-mpnet-base-v2,ds003604,Sem,ses-9,7,0.583,pair_cos1d,-0.0005,-0.027
sentence-transformers/all-mpnet-base-v2,ds003604,Sem,ses-9,8,0.667,pipeline_meanpool,0.0077,-0.0072
sentence-transformers/all-mpnet-base-v2,ds003604,Sem,ses-9,8,0.667,pair_concat,-0.0022,-0.0036
sentence-transformers/all-mpnet-base-v2,ds003604,Sem,ses-9,8,0.667,pair_absdiff,-0.0151,-0.0265
sentence-transformers/all-mpnet-base-v2,ds003604,Sem,ses-9,8,0.667,pair_cos1d,-0.0039,-0.027
sentence-transformers/all-mpnet-base-v2,ds003604,Sem,ses-9,9,0.75,pipeline_meanpool,-0.0023,-0.0208
sentence-transformers/all-mpnet-base-v2,ds003604,Sem,ses-9,9,0.75,pair_concat,-0.007,-0.0076
sentence-transformers/all-mpnet-base-v2,ds003604,Sem,ses-9,9,0.75,pair_absdiff,-0.0169,-0.019
sentence-transformers/all-mpnet-base-v2,ds003604,Sem,ses-9,9,0.75,pair_cos1d,-0.0022,-0.0226
sentence-transformers/all-mpnet-base-v2,ds003604,Sem,ses-9,10,0.833,pipeline_meanpool,-0.0077,-0.032
sentence-transformers/all-mpnet-base-v2,ds003604,Sem,ses-9,10,0.833,pair_concat,-0.0089,-0.0179
sentence-transformers/all-mpnet-base-v2,ds003604,Sem,ses-9,10,0.833,pair_absdiff,0.0006,-0.0003
sentence-transformers/all-mpnet-base-v2,ds003604,Sem,ses-9,10,0.833,pair_cos1d,0.001,-0.0195
sentence-transformers/all-mpnet-base-v2,ds003604,Sem,ses-9,11,0.917,pipeline_meanpool,-0.0089,-0.0166
sentence-transformers/all-mpnet-base-v2,ds003604,Sem,ses-9,11,0.917,pair_concat,-0.0087,-0.0218
sentence-transformers/all-mpnet-base-v2,ds003604,Sem,ses-9,11,0.917,pair_absdiff,0.0013,-0.0009
sentence-transformers/all-mpnet-base-v2,ds003604,Sem,ses-9,11,0.917,pair_cos1d,-0.0042,-0.0188
sentence-transformers/all-mpnet-base-v2,ds003604,Sem,ses-9,12,1.0,pipeline_meanpool,-0.0071,0.002
sentence-transformers/all-mpnet-base-v2,ds003604,Sem,ses-9,12,1.0,pair_concat,-0.0159,-0.0209
sentence-transformers/all-mpnet-base-v2,ds003604,Sem,ses-9,12,1.0,pair_absdiff,-0.0034,0.0033
sentence-transformers/all-mpnet-base-v2,ds003604,Sem,ses-9,12,1.0,pair_cos1d,-0.0008,-0.0035
sentence-transformers/all-mpnet-base-v2,ds006239,Orth,ses-11+,0,0.0,pipeline_meanpool,-0.0185,0.0048
sentence-transformers/all-mpnet-base-v2,ds006239,Orth,ses-11+,0,0.0,pair_concat,-0.0187,0.0063
sentence-transformers/all-mpnet-base-v2,ds006239,Orth,ses-11+,0,0.0,pair_absdiff,-0.0081,-0.0063
sentence-transformers/all-mpnet-base-v2,ds006239,Orth,ses-11+,0,0.0,pair_cos1d,-0.022,0.027
sentence-transformers/all-mpnet-base-v2,ds006239,Orth,ses-11+,1,0.083,pipeline_meanpool,-0.028,0.0085
sentence-transformers/all-mpnet-base-v2,ds006239,Orth,ses-11+,1,0.083,pair_concat,-0.0361,-0.0012
sentence-transformers/all-mpnet-base-v2,ds006239,Orth,ses-11+,1,0.083,pair_absdiff,-0.0245,0.0051
sentence-transformers/all-mpnet-base-v2,ds006239,Orth,ses-11+,1,0.083,pair_cos1d,-0.034,0.0167
sentence-transformers/all-mpnet-base-v2,ds006239,Orth,ses-11+,2,0.167,pipeline_meanpool,-0.0187,0.0106
sentence-transformers/all-mpnet-base-v2,ds006239,Orth,ses-11+,2,0.167,pair_concat,-0.0288,0.0068
sentence-transformers/all-mpnet-base-v2,ds006239,Orth,ses-11+,2,0.167,pair_absdiff,-0.0332,0.0018
sentence-transformers/all-mpnet-base-v2,ds006239,Orth,ses-11+,2,0.167,pair_cos1d,-0.0317,0.0184
sentence-transformers/all-mpnet-base-v2,ds006239,Orth,ses-11+,3,0.25,pipeline_meanpool,-0.0286,0.0082
sentence-transformers/all-mpnet-base-v2,ds006239,Orth,ses-11+,3,0.25,pair_concat,-0.0378,0.003
sentence-transformers/all-mpnet-base-v2,ds006239,Orth,ses-11+,3,0.25,pair_absdiff,-0.0112,0.0115
sentence-transformers/all-mpnet-base-v2,ds006239,Orth,ses-11+,3,0.25,pair_cos1d,-0.0415,0.0247
sentence-transformers/all-mpnet-base-v2,ds006239,Orth,ses-11+,4,0.333,pipeline_meanpool,-0.0218,-0.0008
sentence-transformers/all-mpnet-base-v2,ds006239,Orth,ses-11+,4,0.333,pair_concat,-0.0292,0.0012
sentence-transformers/all-mpnet-base-v2,ds006239,Orth,ses-11+,4,0.333,pair_absdiff,-0.0198,0.0114
sentence-transformers/all-mpnet-base-v2,ds006239,Orth,ses-11+,4,0.333,pair_cos1d,-0.0378,0.0208
sentence-transformers/all-mpnet-base-v2,ds006239,Orth,ses-11+,5,0.417,pipeline_meanpool,-0.0193,-0.0075
sentence-transformers/all-mpnet-base-v2,ds006239,Orth,ses-11+,5,0.417,pair_concat,-0.022,-0.0009
sentence-transformers/all-mpnet-base-v2,ds006239,Orth,ses-11+,5,0.417,pair_absdiff,-0.0069,0.0124
sentence-transformers/all-mpnet-base-v2,ds006239,Orth,ses-11+,5,0.417,pair_cos1d,-0.0425,0.0108
sentence-transformers/all-mpnet-base-v2,ds006239,Orth,ses-11+,6,0.5,pipeline_meanpool,-0.0108,-0.0095
sentence-transformers/all-mpnet-base-v2,ds006239,Orth,ses-11+,6,0.5,pair_concat,-0.0236,0.0041
sentence-transformers/all-mpnet-base-v2,ds006239,Orth,ses-11+,6,0.5,pair_absdiff,-0.0232,0.0167
sentence-transformers/all-mpnet-base-v2,ds006239,Orth,ses-11+,6,0.5,pair_cos1d,-0.039,-0.0004
sentence-transformers/all-mpnet-base-v2,ds006239,Orth,ses-11+,7,0.583,pipeline_meanpool,-0.0035,-0.0103
sentence-transformers/all-mpnet-base-v2,ds006239,Orth,ses-11+,7,0.583,pair_concat,-0.0147,-0.0029
sentence-transformers/all-mpnet-base-v2,ds006239,Orth,ses-11+,7,0.583,pair_absdiff,-0.0092,0.0173
sentence-transformers/all-mpnet-base-v2,ds006239,Orth,ses-11+,7,0.583,pair_cos1d,-0.036,-0.0052
sentence-transformers/all-mpnet-base-v2,ds006239,Orth,ses-11+,8,0.667,pipeline_meanpool,-0.0001,-0.0097
sentence-transformers/all-mpnet-base-v2,ds006239,Orth,ses-11+,8,0.667,pair_concat,-0.0022,-0.0027
sentence-transformers/all-mpnet-base-v2,ds006239,Orth,ses-11+,8,0.667,pair_absdiff,-0.01,0.0003
sentence-transformers/all-mpnet-base-v2,ds006239,Orth,ses-11+,8,0.667,pair_cos1d,-0.0413,-0.0054
sentence-transformers/all-mpnet-base-v2,ds006239,Orth,ses-11+,9,0.75,pipeline_meanpool,0.003,-0.0043
sentence-transformers/all-mpnet-base-v2,ds006239,Orth,ses-11+,9,0.75,pair_concat,0.001,0.0027
sentence-transformers/all-mpnet-base-v2,ds006239,Orth,ses-11+,9,0.75,pair_absdiff,-0.0176,0.0035
sentence-transformers/all-mpnet-base-v2,ds006239,Orth,ses-11+,9,0.75,pair_cos1d,-0.0291,-0.0123
sentence-transformers/all-mpnet-base-v2,ds006239,Orth,ses-11+,10,0.833,pipeline_meanpool,0.007,0.0029
sentence-transformers/all-mpnet-base-v2,ds006239,Orth,ses-11+,10,0.833,pair_concat,-0.0074,0.0037
sentence-transformers/all-mpnet-base-v2,ds006239,Orth,ses-11+,10,0.833,pair_absdiff,-0.0053,0.0141
sentence-transformers/all-mpnet-base-v2,ds006239,Orth,ses-11+,10,0.833,pair_cos1d,-0.0235,-0.0132
sentence-transformers/all-mpnet-base-v2,ds006239,Orth,ses-11+,11,0.917,pipeline_meanpool,0.0318,0.0039
sentence-transformers/all-mpnet-base-v2,ds006239,Orth,ses-11+,11,0.917,pair_concat,0.0124,-0.0006
sentence-transformers/all-mpnet-base-v2,ds006239,Orth,ses-11+,11,0.917,pair_absdiff,-0.0016,0.0159
sentence-transformers/all-mpnet-base-v2,ds006239,Orth,ses-11+,11,0.917,pair_cos1d,-0.0102,-0.0013
sentence-transformers/all-mpnet-base-v2,ds006239,Orth,ses-11+,12,1.0,pipeline_meanpool,0.024,0.0075
sentence-transformers/all-mpnet-base-v2,ds006239,Orth,ses-11+,12,1.0,pair_concat,0.0113,-0.0125
sentence-transformers/all-mpnet-base-v2,ds006239,Orth,ses-11+,12,1.0,pair_absdiff,-0.0146,-0.0013
sentence-transformers/all-mpnet-base-v2,ds006239,Orth,ses-11+,12,1.0,pair_cos1d,-0.0144,-0.0106
sentence-transformers/all-mpnet-base-v2,ds006239,Orth,ses-11,0,0.0,pipeline_meanpool,-0.0211,-0.003
sentence-transformers/all-mpnet-base-v2,ds006239,Orth,ses-11,0,0.0,pair_concat,-0.0136,0.0039
sentence-transformers/all-mpnet-base-v2,ds006239,Orth,ses-11,0,0.0,pair_absdiff,-0.0156,-0.0144
sentence-transformers/all-mpnet-base-v2,ds006239,Orth,ses-11,0,0.0,pair_cos1d,-0.0312,0.0127
sentence-transformers/all-mpnet-base-v2,ds006239,Orth,ses-11,1,0.083,pipeline_meanpool,-0.0291,-0.001
sentence-transformers/all-mpnet-base-v2,ds006239,Orth,ses-11,1,0.083,pair_concat,-0.0332,-0.0097
sentence-transformers/all-mpnet-base-v2,ds006239,Orth,ses-11,1,0.083,pair_absdiff,-0.0277,-0.0037
sentence-transformers/all-mpnet-base-v2,ds006239,Orth,ses-11,1,0.083,pair_cos1d,-0.0494,0.0038
sentence-transformers/all-mpnet-base-v2,ds006239,Orth,ses-11,2,0.167,pipeline_meanpool,-0.0247,-0.0041
sentence-transformers/all-mpnet-base-v2,ds006239,Orth,ses-11,2,0.167,pair_concat,-0.0308,-0.0092
sentence-transformers/all-mpnet-base-v2,ds006239,Orth,ses-11,2,0.167,pair_absdiff,-0.0191,-0.003
sentence-transformers/all-mpnet-base-v2,ds006239,Orth,ses-11,2,0.167,pair_cos1d,-0.039,0.0069
sentence-transformers/all-mpnet-base-v2,ds006239,Orth,ses-11,3,0.25,pipeline_meanpool,-0.0305,-0.0032
sentence-transformers/all-mpnet-base-v2,ds006239,Orth,ses-11,3,0.25,pair_concat,-0.0314,-0.0104
sentence-transformers/all-mpnet-base-v2,ds006239,Orth,ses-11,3,0.25,pair_absdiff,-0.0133,0.0008
sentence-transformers/all-mpnet-base-v2,ds006239,Orth,ses-11,3,0.25,pair_cos1d,-0.046,0.002
sentence-transformers/all-mpnet-base-v2,ds006239,Orth,ses-11,4,0.333,pipeline_meanpool,-0.0277,-0.0091
sentence-transformers/all-mpnet-base-v2,ds006239,Orth,ses-11,4,0.333,pair_concat,-0.027,-0.0121
sentence-transformers/all-mpnet-base-v2,ds006239,Orth,ses-11,4,0.333,pair_absdiff,-0.0181,0.0016
sentence-transformers/all-mpnet-base-v2,ds006239,Orth,ses-11,4,0.333,pair_cos1d,-0.0399,-0.0022
sentence-transformers/all-mpnet-base-v2,ds006239,Orth,ses-11,5,0.417,pipeline_meanpool,-0.0322,-0.012
sentence-transformers/all-mpnet-base-v2,ds006239,Orth,ses-11,5,0.417,pair_concat,-0.0257,-0.0097
sentence-transformers/all-mpnet-base-v2,ds006239,Orth,ses-11,5,0.417,pair_absdiff,-0.0153,0.0008
sentence-transformers/all-mpnet-base-v2,ds006239,Orth,ses-11,5,0.417,pair_cos1d,-0.0461,-0.0105
sentence-transformers/all-mpnet-base-v2,ds006239,Orth,ses-11,6,0.5,pipeline_meanpool,-0.0238,-0.013
sentence-transformers/all-mpnet-base-v2,ds006239,Orth,ses-11,6,0.5,pair_concat,-0.0298,-0.007
sentence-transformers/all-mpnet-base-v2,ds006239,Orth,ses-11,6,0.5,pair_absdiff,-0.0242,0.005
sentence-transformers/all-mpnet-base-v2,ds006239,Orth,ses-11,6,0.5,pair_cos1d,-0.0434,-0.0163
sentence-transformers/all-mpnet-base-v2,ds006239,Orth,ses-11,7,0.583,pipeline_meanpool,-0.0202,-0.0145
sentence-transformers/all-mpnet-base-v2,ds006239,Orth,ses-11,7,0.583,pair_concat,-0.0196,-0.0113
sentence-transformers/all-mpnet-base-v2,ds006239,Orth,ses-11,7,0.583,pair_absdiff,-0.0148,0.0012
sentence-transformers/all-mpnet-base-v2,ds006239,Orth,ses-11,7,0.583,pair_cos1d,-0.0466,-0.0183
sentence-transformers/all-mpnet-base-v2,ds006239,Orth,ses-11,8,0.667,pipeline_meanpool,-0.0192,-0.0142
sentence-transformers/all-mpnet-base-v2,ds006239,Orth,ses-11,8,0.667,pair_concat,-0.0049,-0.0069
sentence-transformers/all-mpnet-base-v2,ds006239,Orth,ses-11,8,0.667,pair_absdiff,-0.0086,-0.0115
sentence-transformers/all-mpnet-base-v2,ds006239,Orth,ses-11,8,0.667,pair_cos1d,-0.0508,-0.0174
sentence-transformers/all-mpnet-base-v2,ds006239,Orth,ses-11,9,0.75,pipeline_meanpool,-0.0152,-0.01
sentence-transformers/all-mpnet-base-v2,ds006239,Orth,ses-11,9,0.75,pair_concat,-0.0021,-0.0048
sentence-transformers/all-mpnet-base-v2,ds006239,Orth,ses-11,9,0.75,pair_absdiff,-0.0245,-0.0131
sentence-transformers/all-mpnet-base-v2,ds006239,Orth,ses-11,9,0.75,pair_cos1d,-0.0399,-0.0209
sentence-transformers/all-mpnet-base-v2,ds006239,Orth,ses-11,10,0.833,pipeline_meanpool,-0.0093,-0.0035
sentence-transformers/all-mpnet-base-v2,ds006239,Orth,ses-11,10,0.833,pair_concat,-0.0147,-0.006
sentence-transformers/all-mpnet-base-v2,ds006239,Orth,ses-11,10,0.833,pair_absdiff,-0.0157,0.0034
sentence-transformers/all-mpnet-base-v2,ds006239,Orth,ses-11,10,0.833,pair_cos1d,-0.0252,-0.0203
sentence-transformers/all-mpnet-base-v2,ds006239,Orth,ses-11,11,0.917,pipeline_meanpool,0.0108,0.003
sentence-transformers/all-mpnet-base-v2,ds006239,Orth,ses-11,11,0.917,pair_concat,0.0047,-0.0037
sentence-transformers/all-mpnet-base-v2,ds006239,Orth,ses-11,11,0.917,pair_absdiff,-0.0117,0.0062
sentence-transformers/all-mpnet-base-v2,ds006239,Orth,ses-11,11,0.917,pair_cos1d,-0.018,-0.009
sentence-transformers/all-mpnet-base-v2,ds006239,Orth,ses-11,12,1.0,pipeline_meanpool,0.0072,0.0037
sentence-transformers/all-mpnet-base-v2,ds006239,Orth,ses-11,12,1.0,pair_concat,0.0193,-0.0088
sentence-transformers/all-mpnet-base-v2,ds006239,Orth,ses-11,12,1.0,pair_absdiff,-0.0214,-0.0049
sentence-transformers/all-mpnet-base-v2,ds006239,Orth,ses-11,12,1.0,pair_cos1d,-0.0089,-0.0105
sentence-transformers/all-mpnet-base-v2,ds006239,Phon,ses-11+,0,0.0,pipeline_meanpool,-0.0185,0.0048
sentence-transformers/all-mpnet-base-v2,ds006239,Phon,ses-11+,0,0.0,pair_concat,-0.0187,0.0063
sentence-transformers/all-mpnet-base-v2,ds006239,Phon,ses-11+,0,0.0,pair_absdiff,-0.0081,-0.0063
sentence-transformers/all-mpnet-base-v2,ds006239,Phon,ses-11+,0,0.0,pair_cos1d,-0.022,0.027
sentence-transformers/all-mpnet-base-v2,ds006239,Phon,ses-11+,1,0.083,pipeline_meanpool,-0.028,0.0085
sentence-transformers/all-mpnet-base-v2,ds006239,Phon,ses-11+,1,0.083,pair_concat,-0.0361,-0.0012
sentence-transformers/all-mpnet-base-v2,ds006239,Phon,ses-11+,1,0.083,pair_absdiff,-0.0245,0.0051
sentence-transformers/all-mpnet-base-v2,ds006239,Phon,ses-11+,1,0.083,pair_cos1d,-0.034,0.0167
sentence-transformers/all-mpnet-base-v2,ds006239,Phon,ses-11+,2,0.167,pipeline_meanpool,-0.0187,0.0106
sentence-transformers/all-mpnet-base-v2,ds006239,Phon,ses-11+,2,0.167,pair_concat,-0.0288,0.0068
sentence-transformers/all-mpnet-base-v2,ds006239,Phon,ses-11+,2,0.167,pair_absdiff,-0.0332,0.0018
sentence-transformers/all-mpnet-base-v2,ds006239,Phon,ses-11+,2,0.167,pair_cos1d,-0.0317,0.0184
sentence-transformers/all-mpnet-base-v2,ds006239,Phon,ses-11+,3,0.25,pipeline_meanpool,-0.0286,0.0082
sentence-transformers/all-mpnet-base-v2,ds006239,Phon,ses-11+,3,0.25,pair_concat,-0.0378,0.003
sentence-transformers/all-mpnet-base-v2,ds006239,Phon,ses-11+,3,0.25,pair_absdiff,-0.0112,0.0115
sentence-transformers/all-mpnet-base-v2,ds006239,Phon,ses-11+,3,0.25,pair_cos1d,-0.0415,0.0247
sentence-transformers/all-mpnet-base-v2,ds006239,Phon,ses-11+,4,0.333,pipeline_meanpool,-0.0218,-0.0008
sentence-transformers/all-mpnet-base-v2,ds006239,Phon,ses-11+,4,0.333,pair_concat,-0.0292,0.0012
sentence-transformers/all-mpnet-base-v2,ds006239,Phon,ses-11+,4,0.333,pair_absdiff,-0.0198,0.0114
sentence-transformers/all-mpnet-base-v2,ds006239,Phon,ses-11+,4,0.333,pair_cos1d,-0.0378,0.0208
sentence-transformers/all-mpnet-base-v2,ds006239,Phon,ses-11+,5,0.417,pipeline_meanpool,-0.0193,-0.0075
sentence-transformers/all-mpnet-base-v2,ds006239,Phon,ses-11+,5,0.417,pair_concat,-0.022,-0.0009
sentence-transformers/all-mpnet-base-v2,ds006239,Phon,ses-11+,5,0.417,pair_absdiff,-0.0069,0.0124
sentence-transformers/all-mpnet-base-v2,ds006239,Phon,ses-11+,5,0.417,pair_cos1d,-0.0425,0.0108
sentence-transformers/all-mpnet-base-v2,ds006239,Phon,ses-11+,6,0.5,pipeline_meanpool,-0.0108,-0.0095
sentence-transformers/all-mpnet-base-v2,ds006239,Phon,ses-11+,6,0.5,pair_concat,-0.0236,0.0041
sentence-transformers/all-mpnet-base-v2,ds006239,Phon,ses-11+,6,0.5,pair_absdiff,-0.0232,0.0167
sentence-transformers/all-mpnet-base-v2,ds006239,Phon,ses-11+,6,0.5,pair_cos1d,-0.039,-0.0004
sentence-transformers/all-mpnet-base-v2,ds006239,Phon,ses-11+,7,0.583,pipeline_meanpool,-0.0035,-0.0103
sentence-transformers/all-mpnet-base-v2,ds006239,Phon,ses-11+,7,0.583,pair_concat,-0.0147,-0.0029
sentence-transformers/all-mpnet-base-v2,ds006239,Phon,ses-11+,7,0.583,pair_absdiff,-0.0092,0.0173
sentence-transformers/all-mpnet-base-v2,ds006239,Phon,ses-11+,7,0.583,pair_cos1d,-0.036,-0.0052
sentence-transformers/all-mpnet-base-v2,ds006239,Phon,ses-11+,8,0.667,pipeline_meanpool,-0.0001,-0.0097
sentence-transformers/all-mpnet-base-v2,ds006239,Phon,ses-11+,8,0.667,pair_concat,-0.0022,-0.0027
sentence-transformers/all-mpnet-base-v2,ds006239,Phon,ses-11+,8,0.667,pair_absdiff,-0.01,0.0003
sentence-transformers/all-mpnet-base-v2,ds006239,Phon,ses-11+,8,0.667,pair_cos1d,-0.0413,-0.0054
sentence-transformers/all-mpnet-base-v2,ds006239,Phon,ses-11+,9,0.75,pipeline_meanpool,0.003,-0.0043
sentence-transformers/all-mpnet-base-v2,ds006239,Phon,ses-11+,9,0.75,pair_concat,0.001,0.0027
sentence-transformers/all-mpnet-base-v2,ds006239,Phon,ses-11+,9,0.75,pair_absdiff,-0.0176,0.0035
sentence-transformers/all-mpnet-base-v2,ds006239,Phon,ses-11+,9,0.75,pair_cos1d,-0.0291,-0.0123
sentence-transformers/all-mpnet-base-v2,ds006239,Phon,ses-11+,10,0.833,pipeline_meanpool,0.007,0.0029
sentence-transformers/all-mpnet-base-v2,ds006239,Phon,ses-11+,10,0.833,pair_concat,-0.0074,0.0037
sentence-transformers/all-mpnet-base-v2,ds006239,Phon,ses-11+,10,0.833,pair_absdiff,-0.0053,0.0141
sentence-transformers/all-mpnet-base-v2,ds006239,Phon,ses-11+,10,0.833,pair_cos1d,-0.0235,-0.0132
sentence-transformers/all-mpnet-base-v2,ds006239,Phon,ses-11+,11,0.917,pipeline_meanpool,0.0318,0.0039
sentence-transformers/all-mpnet-base-v2,ds006239,Phon,ses-11+,11,0.917,pair_concat,0.0124,-0.0006
sentence-transformers/all-mpnet-base-v2,ds006239,Phon,ses-11+,11,0.917,pair_absdiff,-0.0016,0.0159
sentence-transformers/all-mpnet-base-v2,ds006239,Phon,ses-11+,11,0.917,pair_cos1d,-0.0102,-0.0013
sentence-transformers/all-mpnet-base-v2,ds006239,Phon,ses-11+,12,1.0,pipeline_meanpool,0.024,0.0075
sentence-transformers/all-mpnet-base-v2,ds006239,Phon,ses-11+,12,1.0,pair_concat,0.0113,-0.0125
sentence-transformers/all-mpnet-base-v2,ds006239,Phon,ses-11+,12,1.0,pair_absdiff,-0.0146,-0.0013
sentence-transformers/all-mpnet-base-v2,ds006239,Phon,ses-11+,12,1.0,pair_cos1d,-0.0144,-0.0106
sentence-transformers/all-mpnet-base-v2,ds006239,Phon,ses-11,0,0.0,pipeline_meanpool,-0.0211,-0.003
sentence-transformers/all-mpnet-base-v2,ds006239,Phon,ses-11,0,0.0,pair_concat,-0.0136,0.0039
sentence-transformers/all-mpnet-base-v2,ds006239,Phon,ses-11,0,0.0,pair_absdiff,-0.0156,-0.0144
sentence-transformers/all-mpnet-base-v2,ds006239,Phon,ses-11,0,0.0,pair_cos1d,-0.0312,0.0127
sentence-transformers/all-mpnet-base-v2,ds006239,Phon,ses-11,1,0.083,pipeline_meanpool,-0.0291,-0.001
sentence-transformers/all-mpnet-base-v2,ds006239,Phon,ses-11,1,0.083,pair_concat,-0.0332,-0.0097
sentence-transformers/all-mpnet-base-v2,ds006239,Phon,ses-11,1,0.083,pair_absdiff,-0.0277,-0.0037
sentence-transformers/all-mpnet-base-v2,ds006239,Phon,ses-11,1,0.083,pair_cos1d,-0.0494,0.0038
sentence-transformers/all-mpnet-base-v2,ds006239,Phon,ses-11,2,0.167,pipeline_meanpool,-0.0247,-0.0041
sentence-transformers/all-mpnet-base-v2,ds006239,Phon,ses-11,2,0.167,pair_concat,-0.0308,-0.0092
sentence-transformers/all-mpnet-base-v2,ds006239,Phon,ses-11,2,0.167,pair_absdiff,-0.0191,-0.003
sentence-transformers/all-mpnet-base-v2,ds006239,Phon,ses-11,2,0.167,pair_cos1d,-0.039,0.0069
sentence-transformers/all-mpnet-base-v2,ds006239,Phon,ses-11,3,0.25,pipeline_meanpool,-0.0305,-0.0032
sentence-transformers/all-mpnet-base-v2,ds006239,Phon,ses-11,3,0.25,pair_concat,-0.0314,-0.0104
sentence-transformers/all-mpnet-base-v2,ds006239,Phon,ses-11,3,0.25,pair_absdiff,-0.0133,0.0008
sentence-transformers/all-mpnet-base-v2,ds006239,Phon,ses-11,3,0.25,pair_cos1d,-0.046,0.002
sentence-transformers/all-mpnet-base-v2,ds006239,Phon,ses-11,4,0.333,pipeline_meanpool,-0.0277,-0.0091
sentence-transformers/all-mpnet-base-v2,ds006239,Phon,ses-11,4,0.333,pair_concat,-0.027,-0.0121
sentence-transformers/all-mpnet-base-v2,ds006239,Phon,ses-11,4,0.333,pair_absdiff,-0.0181,0.0016
sentence-transformers/all-mpnet-base-v2,ds006239,Phon,ses-11,4,0.333,pair_cos1d,-0.0399,-0.0022
sentence-transformers/all-mpnet-base-v2,ds006239,Phon,ses-11,5,0.417,pipeline_meanpool,-0.0322,-0.012
sentence-transformers/all-mpnet-base-v2,ds006239,Phon,ses-11,5,0.417,pair_concat,-0.0257,-0.0097
sentence-transformers/all-mpnet-base-v2,ds006239,Phon,ses-11,5,0.417,pair_absdiff,-0.0153,0.0008
sentence-transformers/all-mpnet-base-v2,ds006239,Phon,ses-11,5,0.417,pair_cos1d,-0.0461,-0.0105
sentence-transformers/all-mpnet-base-v2,ds006239,Phon,ses-11,6,0.5,pipeline_meanpool,-0.0238,-0.013
sentence-transformers/all-mpnet-base-v2,ds006239,Phon,ses-11,6,0.5,pair_concat,-0.0298,-0.007
sentence-transformers/all-mpnet-base-v2,ds006239,Phon,ses-11,6,0.5,pair_absdiff,-0.0242,0.005
sentence-transformers/all-mpnet-base-v2,ds006239,Phon,ses-11,6,0.5,pair_cos1d,-0.0434,-0.0163
sentence-transformers/all-mpnet-base-v2,ds006239,Phon,ses-11,7,0.583,pipeline_meanpool,-0.0202,-0.0145
sentence-transformers/all-mpnet-base-v2,ds006239,Phon,ses-11,7,0.583,pair_concat,-0.0196,-0.0113
sentence-transformers/all-mpnet-base-v2,ds006239,Phon,ses-11,7,0.583,pair_absdiff,-0.0148,0.0012
sentence-transformers/all-mpnet-base-v2,ds006239,Phon,ses-11,7,0.583,pair_cos1d,-0.0466,-0.0183
sentence-transformers/all-mpnet-base-v2,ds006239,Phon,ses-11,8,0.667,pipeline_meanpool,-0.0192,-0.0142
sentence-transformers/all-mpnet-base-v2,ds006239,Phon,ses-11,8,0.667,pair_concat,-0.0049,-0.0069
sentence-transformers/all-mpnet-base-v2,ds006239,Phon,ses-11,8,0.667,pair_absdiff,-0.0086,-0.0115
sentence-transformers/all-mpnet-base-v2,ds006239,Phon,ses-11,8,0.667,pair_cos1d,-0.0508,-0.0174
sentence-transformers/all-mpnet-base-v2,ds006239,Phon,ses-11,9,0.75,pipeline_meanpool,-0.0152,-0.01
sentence-transformers/all-mpnet-base-v2,ds006239,Phon,ses-11,9,0.75,pair_concat,-0.0021,-0.0048
sentence-transformers/all-mpnet-base-v2,ds006239,Phon,ses-11,9,0.75,pair_absdiff,-0.0245,-0.0131
sentence-transformers/all-mpnet-base-v2,ds006239,Phon,ses-11,9,0.75,pair_cos1d,-0.0399,-0.0209
sentence-transformers/all-mpnet-base-v2,ds006239,Phon,ses-11,10,0.833,pipeline_meanpool,-0.0093,-0.0035
sentence-transformers/all-mpnet-base-v2,ds006239,Phon,ses-11,10,0.833,pair_concat,-0.0147,-0.006
sentence-transformers/all-mpnet-base-v2,ds006239,Phon,ses-11,10,0.833,pair_absdiff,-0.0157,0.0034
sentence-transformers/all-mpnet-base-v2,ds006239,Phon,ses-11,10,0.833,pair_cos1d,-0.0252,-0.0203
sentence-transformers/all-mpnet-base-v2,ds006239,Phon,ses-11,11,0.917,pipeline_meanpool,0.0108,0.003
sentence-transformers/all-mpnet-base-v2,ds006239,Phon,ses-11,11,0.917,pair_concat,0.0047,-0.0037
sentence-transformers/all-mpnet-base-v2,ds006239,Phon,ses-11,11,0.917,pair_absdiff,-0.0117,0.0062
sentence-transformers/all-mpnet-base-v2,ds006239,Phon,ses-11,11,0.917,pair_cos1d,-0.018,-0.009
sentence-transformers/all-mpnet-base-v2,ds006239,Phon,ses-11,12,1.0,pipeline_meanpool,0.0072,0.0037
sentence-transformers/all-mpnet-base-v2,ds006239,Phon,ses-11,12,1.0,pair_concat,0.0193,-0.0088
sentence-transformers/all-mpnet-base-v2,ds006239,Phon,ses-11,12,1.0,pair_absdiff,-0.0214,-0.0049
sentence-transformers/all-mpnet-base-v2,ds006239,Phon,ses-11,12,1.0,pair_cos1d,-0.0089,-0.0105
sentence-transformers/all-mpnet-base-v2,ds006239,Sem,ses-11+,0,0.0,pipeline_meanpool,0.0318,0.0273
sentence-transformers/all-mpnet-base-v2,ds006239,Sem,ses-11+,0,0.0,pair_concat,0.0021,-0.0041
sentence-transformers/all-mpnet-base-v2,ds006239,Sem,ses-11+,0,0.0,pair_absdiff,0.0065,-0.0035
sentence-transformers/all-mpnet-base-v2,ds006239,Sem,ses-11+,0,0.0,pair_cos1d,0.0413,0.0488
sentence-transformers/all-mpnet-base-v2,ds006239,Sem,ses-11+,1,0.083,pipeline_meanpool,0.0196,0.0406
sentence-transformers/all-mpnet-base-v2,ds006239,Sem,ses-11+,1,0.083,pair_concat,0.0149,0.0239
sentence-transformers/all-mpnet-base-v2,ds006239,Sem,ses-11+,1,0.083,pair_absdiff,0.0136,0.0205
sentence-transformers/all-mpnet-base-v2,ds006239,Sem,ses-11+,1,0.083,pair_cos1d,0.0324,0.0382
sentence-transformers/all-mpnet-base-v2,ds006239,Sem,ses-11+,2,0.167,pipeline_meanpool,0.0117,0.0281
sentence-transformers/all-mpnet-base-v2,ds006239,Sem,ses-11+,2,0.167,pair_concat,-0.0027,0.0081
sentence-transformers/all-mpnet-base-v2,ds006239,Sem,ses-11+,2,0.167,pair_absdiff,0.0347,0.0308
sentence-transformers/all-mpnet-base-v2,ds006239,Sem,ses-11+,2,0.167,pair_cos1d,0.0319,0.04
sentence-transformers/all-mpnet-base-v2,ds006239,Sem,ses-11+,3,0.25,pipeline_meanpool,0.0082,0.0197
sentence-transformers/all-mpnet-base-v2,ds006239,Sem,ses-11+,3,0.25,pair_concat,0.0134,0.0192
sentence-transformers/all-mpnet-base-v2,ds006239,Sem,ses-11+,3,0.25,pair_absdiff,0.0193,0.0165
sentence-transformers/all-mpnet-base-v2,ds006239,Sem,ses-11+,3,0.25,pair_cos1d,0.0203,0.0322
sentence-transformers/all-mpnet-base-v2,ds006239,Sem,ses-11+,4,0.333,pipeline_meanpool,0.0114,0.0159
sentence-transformers/all-mpnet-base-v2,ds006239,Sem,ses-11+,4,0.333,pair_concat,0.0233,0.0293
sentence-transformers/all-mpnet-base-v2,ds006239,Sem,ses-11+,4,0.333,pair_absdiff,0.01,0.0129
sentence-transformers/all-mpnet-base-v2,ds006239,Sem,ses-11+,4,0.333,pair_cos1d,0.0206,0.0326
sentence-transformers/all-mpnet-base-v2,ds006239,Sem,ses-11+,5,0.417,pipeline_meanpool,0.0124,0.0125
sentence-transformers/all-mpnet-base-v2,ds006239,Sem,ses-11+,5,0.417,pair_concat,0.024,0.0308
sentence-transformers/all-mpnet-base-v2,ds006239,Sem,ses-11+,5,0.417,pair_absdiff,0.0115,0.0164
sentence-transformers/all-mpnet-base-v2,ds006239,Sem,ses-11+,5,0.417,pair_cos1d,0.0234,0.0306
sentence-transformers/all-mpnet-base-v2,ds006239,Sem,ses-11+,6,0.5,pipeline_meanpool,0.0032,0.0032
sentence-transformers/all-mpnet-base-v2,ds006239,Sem,ses-11+,6,0.5,pair_concat,0.0324,0.0417
sentence-transformers/all-mpnet-base-v2,ds006239,Sem,ses-11+,6,0.5,pair_absdiff,-0.0116,-0.0111
sentence-transformers/all-mpnet-base-v2,ds006239,Sem,ses-11+,6,0.5,pair_cos1d,0.0322,0.0393
sentence-transformers/all-mpnet-base-v2,ds006239,Sem,ses-11+,7,0.583,pipeline_meanpool,0.0074,0.0056
sentence-transformers/all-mpnet-base-v2,ds006239,Sem,ses-11+,7,0.583,pair_concat,0.0317,0.0484
sentence-transformers/all-mpnet-base-v2,ds006239,Sem,ses-11+,7,0.583,pair_absdiff,-0.0214,-0.0098
sentence-transformers/all-mpnet-base-v2,ds006239,Sem,ses-11+,7,0.583,pair_cos1d,0.0255,0.0361
sentence-transformers/all-mpnet-base-v2,ds006239,Sem,ses-11+,8,0.667,pipeline_meanpool,-0.0027,-0.0003
sentence-transformers/all-mpnet-base-v2,ds006239,Sem,ses-11+,8,0.667,pair_concat,0.0157,0.0286
sentence-transformers/all-mpnet-base-v2,ds006239,Sem,ses-11+,8,0.667,pair_absdiff,-0.0265,-0.0208
sentence-transformers/all-mpnet-base-v2,ds006239,Sem,ses-11+,8,0.667,pair_cos1d,0.0198,0.0338
sentence-transformers/all-mpnet-base-v2,ds006239,Sem,ses-11+,9,0.75,pipeline_meanpool,-0.0128,-0.0009
sentence-transformers/all-mpnet-base-v2,ds006239,Sem,ses-11+,9,0.75,pair_concat,0.0053,0.0249
sentence-transformers/all-mpnet-base-v2,ds006239,Sem,ses-11+,9,0.75,pair_absdiff,-0.0071,0.0034
sentence-transformers/all-mpnet-base-v2,ds006239,Sem,ses-11+,9,0.75,pair_cos1d,0.0265,0.0407
sentence-transformers/all-mpnet-base-v2,ds006239,Sem,ses-11+,10,0.833,pipeline_meanpool,-0.0049,0.008
sentence-transformers/all-mpnet-base-v2,ds006239,Sem,ses-11+,10,0.833,pair_concat,0.0103,0.0279
sentence-transformers/all-mpnet-base-v2,ds006239,Sem,ses-11+,10,0.833,pair_absdiff,-0.0144,-0.0158
sentence-transformers/all-mpnet-base-v2,ds006239,Sem,ses-11+,10,0.833,pair_cos1d,0.0186,0.0352
sentence-transformers/all-mpnet-base-v2,ds006239,Sem,ses-11+,11,0.917,pipeline_meanpool,-0.0106,-0.0114
sentence-transformers/all-mpnet-base-v2,ds006239,Sem,ses-11+,11,0.917,pair_concat,0.0092,0.0197
sentence-transformers/all-mpnet-base-v2,ds006239,Sem,ses-11+,11,0.917,pair_absdiff,-0.0125,-0.0069
sentence-transformers/all-mpnet-base-v2,ds006239,Sem,ses-11+,11,0.917,pair_cos1d,0.0221,0.0389
sentence-transformers/all-mpnet-base-v2,ds006239,Sem,ses-11+,12,1.0,pipeline_meanpool,0.0079,-0.009
sentence-transformers/all-mpnet-base-v2,ds006239,Sem,ses-11+,12,1.0,pair_concat,0.0037,0.0109
sentence-transformers/all-mpnet-base-v2,ds006239,Sem,ses-11+,12,1.0,pair_absdiff,-0.0428,-0.0265
sentence-transformers/all-mpnet-base-v2,ds006239,Sem,ses-11+,12,1.0,pair_cos1d,0.0383,0.0521
sentence-transformers/all-mpnet-base-v2,ds006239,Sem,ses-11,0,0.0,pipeline_meanpool,0.0385,0.0338
sentence-transformers/all-mpnet-base-v2,ds006239,Sem,ses-11,0,0.0,pair_concat,0.0411,0.0157
sentence-transformers/all-mpnet-base-v2,ds006239,Sem,ses-11,0,0.0,pair_absdiff,0.0035,-0.0219
sentence-transformers/all-mpnet-base-v2,ds006239,Sem,ses-11,0,0.0,pair_cos1d,-0.0006,0.0214
sentence-transformers/all-mpnet-base-v2,ds006239,Sem,ses-11,1,0.083,pipeline_meanpool,0.0235,0.0355
sentence-transformers/all-mpnet-base-v2,ds006239,Sem,ses-11,1,0.083,pair_concat,0.0394,0.0336
sentence-transformers/all-mpnet-base-v2,ds006239,Sem,ses-11,1,0.083,pair_absdiff,0.0005,-0.012
sentence-transformers/all-mpnet-base-v2,ds006239,Sem,ses-11,1,0.083,pair_cos1d,0.0,0.0276
sentence-transformers/all-mpnet-base-v2,ds006239,Sem,ses-11,2,0.167,pipeline_meanpool,0.0208,0.0277
sentence-transformers/all-mpnet-base-v2,ds006239,Sem,ses-11,2,0.167,pair_concat,0.024,0.0236
sentence-transformers/all-mpnet-base-v2,ds006239,Sem,ses-11,2,0.167,pair_absdiff,0.0451,0.0579
sentence-transformers/all-mpnet-base-v2,ds006239,Sem,ses-11,2,0.167,pair_cos1d,0.001,0.033
sentence-transformers/all-mpnet-base-v2,ds006239,Sem,ses-11,3,0.25,pipeline_meanpool,0.0155,0.0234
sentence-transformers/all-mpnet-base-v2,ds006239,Sem,ses-11,3,0.25,pair_concat,0.0307,0.0259
sentence-transformers/all-mpnet-base-v2,ds006239,Sem,ses-11,3,0.25,pair_absdiff,0.037,0.0769
sentence-transformers/all-mpnet-base-v2,ds006239,Sem,ses-11,3,0.25,pair_cos1d,0.0009,0.0309
sentence-transformers/all-mpnet-base-v2,ds006239,Sem,ses-11,4,0.333,pipeline_meanpool,0.0132,0.0155
sentence-transformers/all-mpnet-base-v2,ds006239,Sem,ses-11,4,0.333,pair_concat,0.0381,0.0391
sentence-transformers/all-mpnet-base-v2,ds006239,Sem,ses-11,4,0.333,pair_absdiff,0.0198,0.0883
sentence-transformers/all-mpnet-base-v2,ds006239,Sem,ses-11,4,0.333,pair_cos1d,-0.0015,0.0271
sentence-transformers/all-mpnet-base-v2,ds006239,Sem,ses-11,5,0.417,pipeline_meanpool,0.0158,0.0128
sentence-transformers/all-mpnet-base-v2,ds006239,Sem,ses-11,5,0.417,pair_concat,0.0432,0.0497
sentence-transformers/all-mpnet-base-v2,ds006239,Sem,ses-11,5,0.417,pair_absdiff,0.0138,0.0602
sentence-transformers/all-mpnet-base-v2,ds006239,Sem,ses-11,5,0.417,pair_cos1d,-0.0004,0.0261
sentence-transformers/all-mpnet-base-v2,ds006239,Sem,ses-11,6,0.5,pipeline_meanpool,0.0032,0.0066
sentence-transformers/all-mpnet-base-v2,ds006239,Sem,ses-11,6,0.5,pair_concat,0.0413,0.0513
sentence-transformers/all-mpnet-base-v2,ds006239,Sem,ses-11,6,0.5,pair_absdiff,-0.0036,0.0369
sentence-transformers/all-mpnet-base-v2,ds006239,Sem,ses-11,6,0.5,pair_cos1d,0.003,0.0295
sentence-transformers/all-mpnet-base-v2,ds006239,Sem,ses-11,7,0.583,pipeline_meanpool,0.0006,0.0056
sentence-transformers/all-mpnet-base-v2,ds006239,Sem,ses-11,7,0.583,pair_concat,0.0335,0.0528
sentence-transformers/all-mpnet-base-v2,ds006239,Sem,ses-11,7,0.583,pair_absdiff,-0.0043,0.0426
sentence-transformers/all-mpnet-base-v2,ds006239,Sem,ses-11,7,0.583,pair_cos1d,-0.0002,0.0231
sentence-transformers/all-mpnet-base-v2,ds006239,Sem,ses-11,8,0.667,pipeline_meanpool,-0.002,0.0035
sentence-transformers/all-mpnet-base-v2,ds006239,Sem,ses-11,8,0.667,pair_concat,0.0313,0.0477
sentence-transformers/all-mpnet-base-v2,ds006239,Sem,ses-11,8,0.667,pair_absdiff,-0.0188,0.0229
sentence-transformers/all-mpnet-base-v2,ds006239,Sem,ses-11,8,0.667,pair_cos1d,-0.0034,0.0165
sentence-transformers/all-mpnet-base-v2,ds006239,Sem,ses-11,9,0.75,pipeline_meanpool,-0.0089,0.0058
sentence-transformers/all-mpnet-base-v2,ds006239,Sem,ses-11,9,0.75,pair_concat,0.0301,0.0502
sentence-transformers/all-mpnet-base-v2,ds006239,Sem,ses-11,9,0.75,pair_absdiff,0.0092,0.0569
sentence-transformers/all-mpnet-base-v2,ds006239,Sem,ses-11,9,0.75,pair_cos1d,-0.002,0.0187
sentence-transformers/all-mpnet-base-v2,ds006239,Sem,ses-11,10,0.833,pipeline_meanpool,-0.0001,0.0145
sentence-transformers/all-mpnet-base-v2,ds006239,Sem,ses-11,10,0.833,pair_concat,0.0342,0.0425
sentence-transformers/all-mpnet-base-v2,ds006239,Sem,ses-11,10,0.833,pair_absdiff,0.0156,0.0391
sentence-transformers/all-mpnet-base-v2,ds006239,Sem,ses-11,10,0.833,pair_cos1d,-0.0018,0.0109
sentence-transformers/all-mpnet-base-v2,ds006239,Sem,ses-11,11,0.917,pipeline_meanpool,0.0131,0.0157
sentence-transformers/all-mpnet-base-v2,ds006239,Sem,ses-11,11,0.917,pair_concat,0.0454,0.0595
sentence-transformers/all-mpnet-base-v2,ds006239,Sem,ses-11,11,0.917,pair_absdiff,0.0221,0.0564
sentence-transformers/all-mpnet-base-v2,ds006239,Sem,ses-11,11,0.917,pair_cos1d,-0.0017,0.0127
sentence-transformers/all-mpnet-base-v2,ds006239,Sem,ses-11,12,1.0,pipeline_meanpool,0.0189,0.0041
sentence-transformers/all-mpnet-base-v2,ds006239,Sem,ses-11,12,1.0,pair_concat,0.0307,0.038
sentence-transformers/all-mpnet-base-v2,ds006239,Sem,ses-11,12,1.0,pair_absdiff,-0.0191,0.0092
sentence-transformers/all-mpnet-base-v2,ds006239,Sem,ses-11,12,1.0,pair_cos1d,0.0163,0.0344
sentence-transformers/all-mpnet-base-v2,ds006239,SemLocal,ses-11+,0,0.0,pipeline_meanpool,0.0269,0.0583
sentence-transformers/all-mpnet-base-v2,ds006239,SemLocal,ses-11+,0,0.0,pair_concat,0.0346,0.0434
sentence-transformers/all-mpnet-base-v2,ds006239,SemLocal,ses-11+,0,0.0,pair_absdiff,0.0232,0.0197
sentence-transformers/all-mpnet-base-v2,ds006239,SemLocal,ses-11+,0,0.0,pair_cos1d,-0.0038,0.0066
sentence-transformers/all-mpnet-base-v2,ds006239,SemLocal,ses-11+,1,0.083,pipeline_meanpool,0.008,0.0427
sentence-transformers/all-mpnet-base-v2,ds006239,SemLocal,ses-11+,1,0.083,pair_concat,0.0344,0.0389
sentence-transformers/all-mpnet-base-v2,ds006239,SemLocal,ses-11+,1,0.083,pair_absdiff,0.0001,0.0125
sentence-transformers/all-mpnet-base-v2,ds006239,SemLocal,ses-11+,1,0.083,pair_cos1d,-0.0123,-0.0065
sentence-transformers/all-mpnet-base-v2,ds006239,SemLocal,ses-11+,2,0.167,pipeline_meanpool,0.0173,0.045
sentence-transformers/all-mpnet-base-v2,ds006239,SemLocal,ses-11+,2,0.167,pair_concat,0.0417,0.0456
sentence-transformers/all-mpnet-base-v2,ds006239,SemLocal,ses-11+,2,0.167,pair_absdiff,-0.0189,-0.0017
sentence-transformers/all-mpnet-base-v2,ds006239,SemLocal,ses-11+,2,0.167,pair_cos1d,-0.0057,0.0013
sentence-transformers/all-mpnet-base-v2,ds006239,SemLocal,ses-11+,3,0.25,pipeline_meanpool,0.0144,0.0447
sentence-transformers/all-mpnet-base-v2,ds006239,SemLocal,ses-11+,3,0.25,pair_concat,0.0329,0.0374
sentence-transformers/all-mpnet-base-v2,ds006239,SemLocal,ses-11+,3,0.25,pair_absdiff,-0.0193,-0.0148
sentence-transformers/all-mpnet-base-v2,ds006239,SemLocal,ses-11+,3,0.25,pair_cos1d,0.0019,0.0085
sentence-transformers/all-mpnet-base-v2,ds006239,SemLocal,ses-11+,4,0.333,pipeline_meanpool,0.0173,0.0347
sentence-transformers/all-mpnet-base-v2,ds006239,SemLocal,ses-11+,4,0.333,pair_concat,0.0288,0.0227
sentence-transformers/all-mpnet-base-v2,ds006239,SemLocal,ses-11+,4,0.333,pair_absdiff,-0.0212,-0.0313
sentence-transformers/all-mpnet-base-v2,ds006239,SemLocal,ses-11+,4,0.333,pair_cos1d,-0.0089,0.0031
sentence-transformers/all-mpnet-base-v2,ds006239,SemLocal,ses-11+,5,0.417,pipeline_meanpool,0.0093,0.0236
sentence-transformers/all-mpnet-base-v2,ds006239,SemLocal,ses-11+,5,0.417,pair_concat,0.032,0.0284
sentence-transformers/all-mpnet-base-v2,ds006239,SemLocal,ses-11+,5,0.417,pair_absdiff,-0.0248,-0.0326
sentence-transformers/all-mpnet-base-v2,ds006239,SemLocal,ses-11+,5,0.417,pair_cos1d,-0.0053,0.0086
sentence-transformers/all-mpnet-base-v2,ds006239,SemLocal,ses-11+,6,0.5,pipeline_meanpool,0.0084,0.023
sentence-transformers/all-mpnet-base-v2,ds006239,SemLocal,ses-11+,6,0.5,pair_concat,0.0293,0.0244
sentence-transformers/all-mpnet-base-v2,ds006239,SemLocal,ses-11+,6,0.5,pair_absdiff,-0.0266,-0.0421
sentence-transformers/all-mpnet-base-v2,ds006239,SemLocal,ses-11+,6,0.5,pair_cos1d,-0.0151,-0.0024
sentence-transformers/all-mpnet-base-v2,ds006239,SemLocal,ses-11+,7,0.583,pipeline_meanpool,0.0114,0.0219
sentence-transformers/all-mpnet-base-v2,ds006239,SemLocal,ses-11+,7,0.583,pair_concat,0.0228,0.0161
sentence-transformers/all-mpnet-base-v2,ds006239,SemLocal,ses-11+,7,0.583,pair_absdiff,-0.0219,-0.0296
sentence-transformers/all-mpnet-base-v2,ds006239,SemLocal,ses-11+,7,0.583,pair_cos1d,-0.0107,-0.0044
sentence-transformers/all-mpnet-base-v2,ds006239,SemLocal,ses-11+,8,0.667,pipeline_meanpool,0.0159,0.0223
sentence-transformers/all-mpnet-base-v2,ds006239,SemLocal,ses-11+,8,0.667,pair_concat,0.0229,0.0183
sentence-transformers/all-mpnet-base-v2,ds006239,SemLocal,ses-11+,8,0.667,pair_absdiff,-0.0179,-0.0282
sentence-transformers/all-mpnet-base-v2,ds006239,SemLocal,ses-11+,8,0.667,pair_cos1d,-0.0192,-0.003
sentence-transformers/all-mpnet-base-v2,ds006239,SemLocal,ses-11+,9,0.75,pipeline_meanpool,0.0061,0.0247
sentence-transformers/all-mpnet-base-v2,ds006239,SemLocal,ses-11+,9,0.75,pair_concat,0.0182,0.025
sentence-transformers/all-mpnet-base-v2,ds006239,SemLocal,ses-11+,9,0.75,pair_absdiff,-0.0234,-0.0247
sentence-transformers/all-mpnet-base-v2,ds006239,SemLocal,ses-11+,9,0.75,pair_cos1d,-0.028,-0.0138
sentence-transformers/all-mpnet-base-v2,ds006239,SemLocal,ses-11+,10,0.833,pipeline_meanpool,-0.0038,0.0161
sentence-transformers/all-mpnet-base-v2,ds006239,SemLocal,ses-11+,10,0.833,pair_concat,0.0008,0.0005
sentence-transformers/all-mpnet-base-v2,ds006239,SemLocal,ses-11+,10,0.833,pair_absdiff,-0.0257,-0.0269
sentence-transformers/all-mpnet-base-v2,ds006239,SemLocal,ses-11+,10,0.833,pair_cos1d,-0.0117,-0.0089
sentence-transformers/all-mpnet-base-v2,ds006239,SemLocal,ses-11+,11,0.917,pipeline_meanpool,0.0044,0.0123
sentence-transformers/all-mpnet-base-v2,ds006239,SemLocal,ses-11+,11,0.917,pair_concat,0.0085,0.0013
sentence-transformers/all-mpnet-base-v2,ds006239,SemLocal,ses-11+,11,0.917,pair_absdiff,-0.021,-0.0315
sentence-transformers/all-mpnet-base-v2,ds006239,SemLocal,ses-11+,11,0.917,pair_cos1d,-0.0156,-0.0161
sentence-transformers/all-mpnet-base-v2,ds006239,SemLocal,ses-11+,12,1.0,pipeline_meanpool,0.0276,0.0366
sentence-transformers/all-mpnet-base-v2,ds006239,SemLocal,ses-11+,12,1.0,pair_concat,0.0252,0.0206
sentence-transformers/all-mpnet-base-v2,ds006239,SemLocal,ses-11+,12,1.0,pair_absdiff,-0.0278,-0.0262
sentence-transformers/all-mpnet-base-v2,ds006239,SemLocal,ses-11+,12,1.0,pair_cos1d,-0.0093,-0.0147
sentence-transformers/all-mpnet-base-v2,ds006239,SemLocal,ses-11,0,0.0,pipeline_meanpool,0.068,0.0473
sentence-transformers/all-mpnet-base-v2,ds006239,SemLocal,ses-11,0,0.0,pair_concat,0.0719,0.0461
sentence-transformers/all-mpnet-base-v2,ds006239,SemLocal,ses-11,0,0.0,pair_absdiff,0.0654,0.0354
sentence-transformers/all-mpnet-base-v2,ds006239,SemLocal,ses-11,0,0.0,pair_cos1d,0.0315,-0.0087
sentence-transformers/all-mpnet-base-v2,ds006239,SemLocal,ses-11,1,0.083,pipeline_meanpool,0.0566,0.0179
sentence-transformers/all-mpnet-base-v2,ds006239,SemLocal,ses-11,1,0.083,pair_concat,0.074,0.0422
sentence-transformers/all-mpnet-base-v2,ds006239,SemLocal,ses-11,1,0.083,pair_absdiff,0.0268,0.0009
sentence-transformers/all-mpnet-base-v2,ds006239,SemLocal,ses-11,1,0.083,pair_cos1d,0.0364,0.0036
sentence-transformers/all-mpnet-base-v2,ds006239,SemLocal,ses-11,2,0.167,pipeline_meanpool,0.0625,0.0127
sentence-transformers/all-mpnet-base-v2,ds006239,SemLocal,ses-11,2,0.167,pair_concat,0.0731,0.0294
sentence-transformers/all-mpnet-base-v2,ds006239,SemLocal,ses-11,2,0.167,pair_absdiff,0.0319,0.0033
sentence-transformers/all-mpnet-base-v2,ds006239,SemLocal,ses-11,2,0.167,pair_cos1d,0.0324,0.0035
sentence-transformers/all-mpnet-base-v2,ds006239,SemLocal,ses-11,3,0.25,pipeline_meanpool,0.0548,0.0017
sentence-transformers/all-mpnet-base-v2,ds006239,SemLocal,ses-11,3,0.25,pair_concat,0.0656,0.0327
sentence-transformers/all-mpnet-base-v2,ds006239,SemLocal,ses-11,3,0.25,pair_absdiff,0.025,0.01
sentence-transformers/all-mpnet-base-v2,ds006239,SemLocal,ses-11,3,0.25,pair_cos1d,0.0351,0.0101
sentence-transformers/all-mpnet-base-v2,ds006239,SemLocal,ses-11,4,0.333,pipeline_meanpool,0.0466,0.006
sentence-transformers/all-mpnet-base-v2,ds006239,SemLocal,ses-11,4,0.333,pair_concat,0.0579,0.0229
sentence-transformers/all-mpnet-base-v2,ds006239,SemLocal,ses-11,4,0.333,pair_absdiff,0.0326,0.0089
sentence-transformers/all-mpnet-base-v2,ds006239,SemLocal,ses-11,4,0.333,pair_cos1d,0.0249,-0.0055
sentence-transformers/all-mpnet-base-v2,ds006239,SemLocal,ses-11,5,0.417,pipeline_meanpool,0.0407,0.004
sentence-transformers/all-mpnet-base-v2,ds006239,SemLocal,ses-11,5,0.417,pair_concat,0.061,0.0236
sentence-transformers/all-mpnet-base-v2,ds006239,SemLocal,ses-11,5,0.417,pair_absdiff,0.0228,0.0111
sentence-transformers/all-mpnet-base-v2,ds006239,SemLocal,ses-11,5,0.417,pair_cos1d,0.0341,0.0064
sentence-transformers/all-mpnet-base-v2,ds006239,SemLocal,ses-11,6,0.5,pipeline_meanpool,0.0362,0.0047
sentence-transformers/all-mpnet-base-v2,ds006239,SemLocal,ses-11,6,0.5,pair_concat,0.0545,0.0186
sentence-transformers/all-mpnet-base-v2,ds006239,SemLocal,ses-11,6,0.5,pair_absdiff,0.0362,0.0075
sentence-transformers/all-mpnet-base-v2,ds006239,SemLocal,ses-11,6,0.5,pair_cos1d,0.0189,-0.0024
sentence-transformers/all-mpnet-base-v2,ds006239,SemLocal,ses-11,7,0.583,pipeline_meanpool,0.0363,0.0117
sentence-transformers/all-mpnet-base-v2,ds006239,SemLocal,ses-11,7,0.583,pair_concat,0.0383,0.0016
sentence-transformers/all-mpnet-base-v2,ds006239,SemLocal,ses-11,7,0.583,pair_absdiff,0.0455,0.0272
sentence-transformers/all-mpnet-base-v2,ds006239,SemLocal,ses-11,7,0.583,pair_cos1d,0.0092,-0.0058
sentence-transformers/all-mpnet-base-v2,ds006239,SemLocal,ses-11,8,0.667,pipeline_meanpool,0.0468,0.0246
sentence-transformers/all-mpnet-base-v2,ds006239,SemLocal,ses-11,8,0.667,pair_concat,0.032,0.0032
sentence-transformers/all-mpnet-base-v2,ds006239,SemLocal,ses-11,8,0.667,pair_absdiff,0.04,0.0255
sentence-transformers/all-mpnet-base-v2,ds006239,SemLocal,ses-11,8,0.667,pair_cos1d,0.0067,0.0004
sentence-transformers/all-mpnet-base-v2,ds006239,SemLocal,ses-11,9,0.75,pipeline_meanpool,0.0483,0.0148
sentence-transformers/all-mpnet-base-v2,ds006239,SemLocal,ses-11,9,0.75,pair_concat,0.0347,0.0049
sentence-transformers/all-mpnet-base-v2,ds006239,SemLocal,ses-11,9,0.75,pair_absdiff,0.0469,-0.0005
sentence-transformers/all-mpnet-base-v2,ds006239,SemLocal,ses-11,9,0.75,pair_cos1d,-0.0029,0.0044
sentence-transformers/all-mpnet-base-v2,ds006239,SemLocal,ses-11,10,0.833,pipeline_meanpool,0.0303,-0.0013
sentence-transformers/all-mpnet-base-v2,ds006239,SemLocal,ses-11,10,0.833,pair_concat,0.0253,-0.011
sentence-transformers/all-mpnet-base-v2,ds006239,SemLocal,ses-11,10,0.833,pair_absdiff,0.0241,-0.021
sentence-transformers/all-mpnet-base-v2,ds006239,SemLocal,ses-11,10,0.833,pair_cos1d,-0.0101,-0.0021
sentence-transformers/all-mpnet-base-v2,ds006239,SemLocal,ses-11,11,0.917,pipeline_meanpool,0.0318,0.0159
sentence-transformers/all-mpnet-base-v2,ds006239,SemLocal,ses-11,11,0.917,pair_concat,0.03,0.0002
sentence-transformers/all-mpnet-base-v2,ds006239,SemLocal,ses-11,11,0.917,pair_absdiff,0.0229,-0.0013
sentence-transformers/all-mpnet-base-v2,ds006239,SemLocal,ses-11,11,0.917,pair_cos1d,0.0011,0.0059
sentence-transformers/all-mpnet-base-v2,ds006239,SemLocal,ses-11,12,1.0,pipeline_meanpool,0.0601,0.0497
sentence-transformers/all-mpnet-base-v2,ds006239,SemLocal,ses-11,12,1.0,pair_concat,0.0456,0.0188
sentence-transformers/all-mpnet-base-v2,ds006239,SemLocal,ses-11,12,1.0,pair_absdiff,-0.0162,-0.0223
sentence-transformers/all-mpnet-base-v2,ds006239,SemLocal,ses-11,12,1.0,pair_cos1d,-0.0095,-0.0089
gpt2-large,ds002236,Phon,ses-11+,0,0.0,pipeline_meanpool,-0.021,0.0048
gpt2-large,ds002236,Phon,ses-11+,0,0.0,pair_concat,-0.047,-0.0322
gpt2-large,ds002236,Phon,ses-11+,0,0.0,pair_absdiff,-0.0271,-0.0156
gpt2-large,ds002236,Phon,ses-11+,0,0.0,pair_cos1d,-0.0367,-0.0241
gpt2-large,ds002236,Phon,ses-11+,1,0.028,pipeline_meanpool,-0.001,0.0089
gpt2-large,ds002236,Phon,ses-11+,1,0.028,pair_concat,-0.0075,-0.0321
gpt2-large,ds002236,Phon,ses-11+,1,0.028,pair_absdiff,0.0044,0.0109
gpt2-large,ds002236,Phon,ses-11+,1,0.028,pair_cos1d,-0.0196,-0.0254
gpt2-large,ds002236,Phon,ses-11+,2,0.056,pipeline_meanpool,0.0177,0.016
gpt2-large,ds002236,Phon,ses-11+,2,0.056,pair_concat,-0.0213,-0.036
gpt2-large,ds002236,Phon,ses-11+,2,0.056,pair_absdiff,-0.0108,0.0052
gpt2-large,ds002236,Phon,ses-11+,2,0.056,pair_cos1d,-0.0167,-0.0112
gpt2-large,ds002236,Phon,ses-11+,3,0.083,pipeline_meanpool,0.0156,0.0088
gpt2-large,ds002236,Phon,ses-11+,3,0.083,pair_concat,-0.026,-0.0349
gpt2-large,ds002236,Phon,ses-11+,3,0.083,pair_absdiff,-0.0023,0.0011
gpt2-large,ds002236,Phon,ses-11+,3,0.083,pair_cos1d,-0.0051,-0.0037
gpt2-large,ds002236,Phon,ses-11+,4,0.111,pipeline_meanpool,0.0208,0.0055
gpt2-large,ds002236,Phon,ses-11+,4,0.111,pair_concat,-0.0218,-0.0352
gpt2-large,ds002236,Phon,ses-11+,4,0.111,pair_absdiff,0.0053,0.0024
gpt2-large,ds002236,Phon,ses-11+,4,0.111,pair_cos1d,-0.0071,-0.0065
gpt2-large,ds002236,Phon,ses-11+,5,0.139,pipeline_meanpool,0.0271,-0.0004
gpt2-large,ds002236,Phon,ses-11+,5,0.139,pair_concat,-0.0199,-0.0342
gpt2-large,ds002236,Phon,ses-11+,5,0.139,pair_absdiff,0.003,-0.0024
gpt2-large,ds002236,Phon,ses-11+,5,0.139,pair_cos1d,0.0016,-0.0007
gpt2-large,ds002236,Phon,ses-11+,6,0.167,pipeline_meanpool,0.0368,-0.0023
gpt2-large,ds002236,Phon,ses-11+,6,0.167,pair_concat,-0.0249,-0.0305
gpt2-large,ds002236,Phon,ses-11+,6,0.167,pair_absdiff,0.0033,0.001
gpt2-large,ds002236,Phon,ses-11+,6,0.167,pair_cos1d,0.0037,0.0014
gpt2-large,ds002236,Phon,ses-11+,7,0.194,pipeline_meanpool,0.0336,-0.0083
gpt2-large,ds002236,Phon,ses-11+,7,0.194,pair_concat,-0.0362,-0.0338
gpt2-large,ds002236,Phon,ses-11+,7,0.194,pair_absdiff,0.0001,0.0089
gpt2-large,ds002236,Phon,ses-11+,7,0.194,pair_cos1d,-0.0123,-0.0121
gpt2-large,ds002236,Phon,ses-11+,8,0.222,pipeline_meanpool,0.0281,-0.0137
gpt2-large,ds002236,Phon,ses-11+,8,0.222,pair_concat,-0.0402,-0.0348
gpt2-large,ds002236,Phon,ses-11+,8,0.222,pair_absdiff,-0.0138,0.0108
gpt2-large,ds002236,Phon,ses-11+,8,0.222,pair_cos1d,-0.0172,-0.0196
gpt2-large,ds002236,Phon,ses-11+,9,0.25,pipeline_meanpool,0.0269,-0.0134
gpt2-large,ds002236,Phon,ses-11+,9,0.25,pair_concat,-0.0377,-0.0368
gpt2-large,ds002236,Phon,ses-11+,9,0.25,pair_absdiff,-0.0152,0.0109
gpt2-large,ds002236,Phon,ses-11+,9,0.25,pair_cos1d,-0.0216,-0.0238
gpt2-large,ds002236,Phon,ses-11+,10,0.278,pipeline_meanpool,0.0262,-0.0144
gpt2-large,ds002236,Phon,ses-11+,10,0.278,pair_concat,-0.0394,-0.0378
gpt2-large,ds002236,Phon,ses-11+,10,0.278,pair_absdiff,-0.0147,0.0071
gpt2-large,ds002236,Phon,ses-11+,10,0.278,pair_cos1d,-0.0198,-0.025
gpt2-large,ds002236,Phon,ses-11+,11,0.306,pipeline_meanpool,0.023,-0.0143
gpt2-large,ds002236,Phon,ses-11+,11,0.306,pair_concat,-0.0397,-0.0372
gpt2-large,ds002236,Phon,ses-11+,11,0.306,pair_absdiff,-0.0015,0.0079
gpt2-large,ds002236,Phon,ses-11+,11,0.306,pair_cos1d,-0.0193,-0.0267
gpt2-large,ds002236,Phon,ses-11+,12,0.333,pipeline_meanpool,0.0194,-0.0155
gpt2-large,ds002236,Phon,ses-11+,12,0.333,pair_concat,-0.0434,-0.0384
gpt2-large,ds002236,Phon,ses-11+,12,0.333,pair_absdiff,0.0041,0.0089
gpt2-large,ds002236,Phon,ses-11+,12,0.333,pair_cos1d,-0.0228,-0.0302
gpt2-large,ds002236,Phon,ses-11+,13,0.361,pipeline_meanpool,0.0153,-0.0178
gpt2-large,ds002236,Phon,ses-11+,13,0.361,pair_concat,-0.0441,-0.039
gpt2-large,ds002236,Phon,ses-11+,13,0.361,pair_absdiff,0.0002,0.0059
gpt2-large,ds002236,Phon,ses-11+,13,0.361,pair_cos1d,-0.0194,-0.0301
gpt2-large,ds002236,Phon,ses-11+,14,0.389,pipeline_meanpool,0.0155,-0.0187
gpt2-large,ds002236,Phon,ses-11+,14,0.389,pair_concat,-0.0437,-0.0397
gpt2-large,ds002236,Phon,ses-11+,14,0.389,pair_absdiff,-0.0042,0.0032
gpt2-large,ds002236,Phon,ses-11+,14,0.389,pair_cos1d,-0.0121,-0.0297
gpt2-large,ds002236,Phon,ses-11+,15,0.417,pipeline_meanpool,0.0164,-0.0181
gpt2-large,ds002236,Phon,ses-11+,15,0.417,pair_concat,-0.0432,-0.0389
gpt2-large,ds002236,Phon,ses-11+,15,0.417,pair_absdiff,-0.0003,0.0044
gpt2-large,ds002236,Phon,ses-11+,15,0.417,pair_cos1d,-0.0099,-0.028
gpt2-large,ds002236,Phon,ses-11+,16,0.444,pipeline_meanpool,0.0177,-0.0193
gpt2-large,ds002236,Phon,ses-11+,16,0.444,pair_concat,-0.0425,-0.0382
gpt2-large,ds002236,Phon,ses-11+,16,0.444,pair_absdiff,0.0024,0.0051
gpt2-large,ds002236,Phon,ses-11+,16,0.444,pair_cos1d,-0.0032,-0.0239
gpt2-large,ds002236,Phon,ses-11+,17,0.472,pipeline_meanpool,0.0194,-0.0199
gpt2-large,ds002236,Phon,ses-11+,17,0.472,pair_concat,-0.0422,-0.0378
gpt2-large,ds002236,Phon,ses-11+,17,0.472,pair_absdiff,0.0045,0.0067
gpt2-large,ds002236,Phon,ses-11+,17,0.472,pair_cos1d,-0.0023,-0.0235
gpt2-large,ds002236,Phon,ses-11+,18,0.5,pipeline_meanpool,0.0193,-0.0195
gpt2-large,ds002236,Phon,ses-11+,18,0.5,pair_concat,-0.0429,-0.0377
gpt2-large,ds002236,Phon,ses-11+,18,0.5,pair_absdiff,0.0087,0.0076
gpt2-large,ds002236,Phon,ses-11+,18,0.5,pair_cos1d,0.0001,-0.0217
gpt2-large,ds002236,Phon,ses-11+,19,0.528,pipeline_meanpool,0.0206,-0.0185
gpt2-large,ds002236,Phon,ses-11+,19,0.528,pair_concat,-0.0414,-0.0371
gpt2-large,ds002236,Phon,ses-11+,19,0.528,pair_absdiff,0.0107,0.0083
gpt2-large,ds002236,Phon,ses-11+,19,0.528,pair_cos1d,0.004,-0.0197
gpt2-large,ds002236,Phon,ses-11+,20,0.556,pipeline_meanpool,0.0251,-0.0169
gpt2-large,ds002236,Phon,ses-11+,20,0.556,pair_concat,-0.0405,-0.0366
gpt2-large,ds002236,Phon,ses-11+,20,0.556,pair_absdiff,0.0124,0.009
gpt2-large,ds002236,Phon,ses-11+,20,0.556,pair_cos1d,0.0042,-0.0194
gpt2-large,ds002236,Phon,ses-11+,21,0.583,pipeline_meanpool,0.0258,-0.0162
gpt2-large,ds002236,Phon,ses-11+,21,0.583,pair_concat,-0.0409,-0.0362
gpt2-large,ds002236,Phon,ses-11+,21,0.583,pair_absdiff,0.0098,0.0086
gpt2-large,ds002236,Phon,ses-11+,21,0.583,pair_cos1d,0.001,-0.0198
gpt2-large,ds002236,Phon,ses-11+,22,0.611,pipeline_meanpool,0.0279,-0.0154
gpt2-large,ds002236,Phon,ses-11+,22,0.611,pair_concat,-0.0414,-0.0363
gpt2-large,ds002236,Phon,ses-11+,22,0.611,pair_absdiff,0.0094,0.0079
gpt2-large,ds002236,Phon,ses-11+,22,0.611,pair_cos1d,-0.0019,-0.023
gpt2-large,ds002236,Phon,ses-11+,23,0.639,pipeline_meanpool,0.0267,-0.0155
gpt2-large,ds002236,Phon,ses-11+,23,0.639,pair_concat,-0.0421,-0.0361
gpt2-large,ds002236,Phon,ses-11+,23,0.639,pair_absdiff,0.0125,0.0083
gpt2-large,ds002236,Phon,ses-11+,23,0.639,pair_cos1d,-0.0078,-0.029
gpt2-large,ds002236,Phon,ses-11+,24,0.667,pipeline_meanpool,0.0284,-0.014
gpt2-large,ds002236,Phon,ses-11+,24,0.667,pair_concat,-0.0434,-0.0363
gpt2-large,ds002236,Phon,ses-11+,24,0.667,pair_absdiff,0.0132,0.01
gpt2-large,ds002236,Phon,ses-11+,24,0.667,pair_cos1d,-0.0153,-0.0343
gpt2-large,ds002236,Phon,ses-11+,25,0.694,pipeline_meanpool,0.0297,-0.0142
gpt2-large,ds002236,Phon,ses-11+,25,0.694,pair_concat,-0.0439,-0.036
gpt2-large,ds002236,Phon,ses-11+,25,0.694,pair_absdiff,0.0159,0.0102
gpt2-large,ds002236,Phon,ses-11+,25,0.694,pair_cos1d,-0.017,-0.0339
gpt2-large,ds002236,Phon,ses-11+,26,0.722,pipeline_meanpool,0.0314,-0.0134
gpt2-large,ds002236,Phon,ses-11+,26,0.722,pair_concat,-0.0446,-0.0359
gpt2-large,ds002236,Phon,ses-11+,26,0.722,pair_absdiff,0.0181,0.0133
gpt2-large,ds002236,Phon,ses-11+,26,0.722,pair_cos1d,-0.016,-0.0323
gpt2-large,ds002236,Phon,ses-11+,27,0.75,pipeline_meanpool,0.0302,-0.0141
gpt2-large,ds002236,Phon,ses-11+,27,0.75,pair_concat,-0.045,-0.0365
gpt2-large,ds002236,Phon,ses-11+,27,0.75,pair_absdiff,0.0193,0.0138
gpt2-large,ds002236,Phon,ses-11+,27,0.75,pair_cos1d,-0.0191,-0.0354
gpt2-large,ds002236,Phon,ses-11+,28,0.778,pipeline_meanpool,0.0266,-0.014
gpt2-large,ds002236,Phon,ses-11+,28,0.778,pair_concat,-0.0469,-0.0372
gpt2-large,ds002236,Phon,ses-11+,28,0.778,pair_absdiff,0.0185,0.0149
gpt2-large,ds002236,Phon,ses-11+,28,0.778,pair_cos1d,-0.0246,-0.0396
gpt2-large,ds002236,Phon,ses-11+,29,0.806,pipeline_meanpool,0.0274,-0.0129
gpt2-large,ds002236,Phon,ses-11+,29,0.806,pair_concat,-0.0479,-0.0375
gpt2-large,ds002236,Phon,ses-11+,29,0.806,pair_absdiff,0.016,0.015
gpt2-large,ds002236,Phon,ses-11+,29,0.806,pair_cos1d,-0.0216,-0.0384
gpt2-large,ds002236,Phon,ses-11+,30,0.833,pipeline_meanpool,0.0278,-0.0113
gpt2-large,ds002236,Phon,ses-11+,30,0.833,pair_concat,-0.0488,-0.0375
gpt2-large,ds002236,Phon,ses-11+,30,0.833,pair_absdiff,0.0082,0.0138
gpt2-large,ds002236,Phon,ses-11+,30,0.833,pair_cos1d,-0.0226,-0.0384
gpt2-large,ds002236,Phon,ses-11+,31,0.861,pipeline_meanpool,0.0252,-0.012
gpt2-large,ds002236,Phon,ses-11+,31,0.861,pair_concat,-0.0498,-0.0383
gpt2-large,ds002236,Phon,ses-11+,31,0.861,pair_absdiff,0.0034,0.0118
gpt2-large,ds002236,Phon,ses-11+,31,0.861,pair_cos1d,-0.0199,-0.0369
gpt2-large,ds002236,Phon,ses-11+,32,0.889,pipeline_meanpool,0.0244,-0.0105
gpt2-large,ds002236,Phon,ses-11+,32,0.889,pair_concat,-0.0522,-0.0393
gpt2-large,ds002236,Phon,ses-11+,32,0.889,pair_absdiff,-0.003,0.0095
gpt2-large,ds002236,Phon,ses-11+,32,0.889,pair_cos1d,-0.0165,-0.0342
gpt2-large,ds002236,Phon,ses-11+,33,0.917,pipeline_meanpool,0.0139,-0.0113
gpt2-large,ds002236,Phon,ses-11+,33,0.917,pair_concat,-0.0539,-0.0397
gpt2-large,ds002236,Phon,ses-11+,33,0.917,pair_absdiff,-0.0004,0.0011
gpt2-large,ds002236,Phon,ses-11+,33,0.917,pair_cos1d,-0.0148,-0.0352
gpt2-large,ds002236,Phon,ses-11+,34,0.944,pipeline_meanpool,0.0045,-0.0066
gpt2-large,ds002236,Phon,ses-11+,34,0.944,pair_concat,-0.0495,-0.0342
gpt2-large,ds002236,Phon,ses-11+,34,0.944,pair_absdiff,0.0192,0.0115
gpt2-large,ds002236,Phon,ses-11+,34,0.944,pair_cos1d,-0.0141,-0.0344
gpt2-large,ds002236,Phon,ses-11+,35,0.972,pipeline_meanpool,0.0406,-0.0052
gpt2-large,ds002236,Phon,ses-11+,35,0.972,pair_concat,-0.0302,-0.0479
gpt2-large,ds002236,Phon,ses-11+,35,0.972,pair_absdiff,-0.0024,-0.0002
gpt2-large,ds002236,Phon,ses-11+,35,0.972,pair_cos1d,-0.0212,-0.0217
gpt2-large,ds002236,Phon,ses-11+,36,1.0,pipeline_meanpool,0.0296,-0.0056
gpt2-large,ds002236,Phon,ses-11+,36,1.0,pair_concat,0.0316,-0.0079
gpt2-large,ds002236,Phon,ses-11+,36,1.0,pair_absdiff,0.0208,0.0031
gpt2-large,ds002236,Phon,ses-11+,36,1.0,pair_cos1d,-0.0063,0.0119
gpt2-large,ds002236,Phon,ses-11,0,0.0,pipeline_meanpool,-0.0011,0.0156
gpt2-large,ds002236,Phon,ses-11,0,0.0,pair_concat,-0.0123,-0.0122
gpt2-large,ds002236,Phon,ses-11,0,0.0,pair_absdiff,-0.021,-0.006
gpt2-large,ds002236,Phon,ses-11,0,0.0,pair_cos1d,-0.023,-0.0216
gpt2-large,ds002236,Phon,ses-11,1,0.028,pipeline_meanpool,-0.0145,0.023
gpt2-large,ds002236,Phon,ses-11,1,0.028,pair_concat,0.0102,-0.0076
gpt2-large,ds002236,Phon,ses-11,1,0.028,pair_absdiff,0.0088,0.0299
gpt2-large,ds002236,Phon,ses-11,1,0.028,pair_cos1d,-0.0025,-0.0106
gpt2-large,ds002236,Phon,ses-11,2,0.056,pipeline_meanpool,0.0054,0.0258
gpt2-large,ds002236,Phon,ses-11,2,0.056,pair_concat,0.0,-0.0066
gpt2-large,ds002236,Phon,ses-11,2,0.056,pair_absdiff,-0.005,0.0212
gpt2-large,ds002236,Phon,ses-11,2,0.056,pair_cos1d,-0.0115,-0.02
gpt2-large,ds002236,Phon,ses-11,3,0.083,pipeline_meanpool,0.0059,0.02
gpt2-large,ds002236,Phon,ses-11,3,0.083,pair_concat,-0.0039,-0.0026
gpt2-large,ds002236,Phon,ses-11,3,0.083,pair_absdiff,0.0097,0.0193
gpt2-large,ds002236,Phon,ses-11,3,0.083,pair_cos1d,-0.0021,-0.0169
gpt2-large,ds002236,Phon,ses-11,4,0.111,pipeline_meanpool,0.0125,0.0191
gpt2-large,ds002236,Phon,ses-11,4,0.111,pair_concat,-0.0007,-0.0047
gpt2-large,ds002236,Phon,ses-11,4,0.111,pair_absdiff,0.0169,0.0227
gpt2-large,ds002236,Phon,ses-11,4,0.111,pair_cos1d,-0.0015,-0.0165
gpt2-large,ds002236,Phon,ses-11,5,0.139,pipeline_meanpool,0.0181,0.0188
gpt2-large,ds002236,Phon,ses-11,5,0.139,pair_concat,-0.0019,-0.0068
gpt2-large,ds002236,Phon,ses-11,5,0.139,pair_absdiff,0.0131,0.0143
gpt2-large,ds002236,Phon,ses-11,5,0.139,pair_cos1d,0.0062,-0.0111
gpt2-large,ds002236,Phon,ses-11,6,0.167,pipeline_meanpool,0.0297,0.0136
gpt2-large,ds002236,Phon,ses-11,6,0.167,pair_concat,-0.0104,-0.006
gpt2-large,ds002236,Phon,ses-11,6,0.167,pair_absdiff,0.0042,0.0094
gpt2-large,ds002236,Phon,ses-11,6,0.167,pair_cos1d,0.0085,-0.0076
gpt2-large,ds002236,Phon,ses-11,7,0.194,pipeline_meanpool,0.0337,0.0008
gpt2-large,ds002236,Phon,ses-11,7,0.194,pair_concat,-0.0222,-0.0124
gpt2-large,ds002236,Phon,ses-11,7,0.194,pair_absdiff,-0.0087,0.0067
gpt2-large,ds002236,Phon,ses-11,7,0.194,pair_cos1d,0.0065,-0.0088
gpt2-large,ds002236,Phon,ses-11,8,0.222,pipeline_meanpool,0.0231,-0.0041
gpt2-large,ds002236,Phon,ses-11,8,0.222,pair_concat,-0.0251,-0.0153
gpt2-large,ds002236,Phon,ses-11,8,0.222,pair_absdiff,-0.0178,0.0081
gpt2-large,ds002236,Phon,ses-11,8,0.222,pair_cos1d,0.002,-0.017
gpt2-large,ds002236,Phon,ses-11,9,0.25,pipeline_meanpool,0.0205,-0.0053
gpt2-large,ds002236,Phon,ses-11,9,0.25,pair_concat,-0.0202,-0.0142
gpt2-large,ds002236,Phon,ses-11,9,0.25,pair_absdiff,-0.018,-0.0048
gpt2-large,ds002236,Phon,ses-11,9,0.25,pair_cos1d,0.0009,-0.0178
gpt2-large,ds002236,Phon,ses-11,10,0.278,pipeline_meanpool,0.0206,-0.0079
gpt2-large,ds002236,Phon,ses-11,10,0.278,pair_concat,-0.0204,-0.0154
gpt2-large,ds002236,Phon,ses-11,10,0.278,pair_absdiff,-0.0151,-0.003
gpt2-large,ds002236,Phon,ses-11,10,0.278,pair_cos1d,0.0056,-0.0164
gpt2-large,ds002236,Phon,ses-11,11,0.306,pipeline_meanpool,0.0192,-0.0066
gpt2-large,ds002236,Phon,ses-11,11,0.306,pair_concat,-0.0204,-0.0145
gpt2-large,ds002236,Phon,ses-11,11,0.306,pair_absdiff,-0.0056,0.0016
gpt2-large,ds002236,Phon,ses-11,11,0.306,pair_cos1d,0.005,-0.0191
gpt2-large,ds002236,Phon,ses-11,12,0.333,pipeline_meanpool,0.0178,-0.007
gpt2-large,ds002236,Phon,ses-11,12,0.333,pair_concat,-0.0235,-0.015
gpt2-large,ds002236,Phon,ses-11,12,0.333,pair_absdiff,0.0023,-0.0008
gpt2-large,ds002236,Phon,ses-11,12,0.333,pair_cos1d,0.003,-0.0209
gpt2-large,ds002236,Phon,ses-11,13,0.361,pipeline_meanpool,0.0135,-0.0083
gpt2-large,ds002236,Phon,ses-11,13,0.361,pair_concat,-0.0235,-0.0147
gpt2-large,ds002236,Phon,ses-11,13,0.361,pair_absdiff,0.0013,-0.001
gpt2-large,ds002236,Phon,ses-11,13,0.361,pair_cos1d,0.0054,-0.0208
gpt2-large,ds002236,Phon,ses-11,14,0.389,pipeline_meanpool,0.0148,-0.0089
gpt2-large,ds002236,Phon,ses-11,14,0.389,pair_concat,-0.0229,-0.0155
gpt2-large,ds002236,Phon,ses-11,14,0.389,pair_absdiff,-0.0031,-0.0024
gpt2-large,ds002236,Phon,ses-11,14,0.389,pair_cos1d,0.0126,-0.0177
gpt2-large,ds002236,Phon,ses-11,15,0.417,pipeline_meanpool,0.0156,-0.0067
gpt2-large,ds002236,Phon,ses-11,15,0.417,pair_concat,-0.0233,-0.0156
gpt2-large,ds002236,Phon,ses-11,15,0.417,pair_absdiff,-0.0005,-0.0033
gpt2-large,ds002236,Phon,ses-11,15,0.417,pair_cos1d,0.0168,-0.0149
gpt2-large,ds002236,Phon,ses-11,16,0.444,pipeline_meanpool,0.0181,-0.0062
gpt2-large,ds002236,Phon,ses-11,16,0.444,pair_concat,-0.0231,-0.0154
gpt2-large,ds002236,Phon,ses-11,16,0.444,pair_absdiff,0.0009,-0.0039
gpt2-large,ds002236,Phon,ses-11,16,0.444,pair_cos1d,0.0205,-0.0145
gpt2-large,ds002236,Phon,ses-11,17,0.472,pipeline_meanpool,0.0207,-0.007
gpt2-large,ds002236,Phon,ses-11,17,0.472,pair_concat,-0.0231,-0.0156
gpt2-large,ds002236,Phon,ses-11,17,0.472,pair_absdiff,0.0009,-0.0033
gpt2-large,ds002236,Phon,ses-11,17,0.472,pair_cos1d,0.0183,-0.0167
gpt2-large,ds002236,Phon,ses-11,18,0.5,pipeline_meanpool,0.0211,-0.0078
gpt2-large,ds002236,Phon,ses-11,18,0.5,pair_concat,-0.0239,-0.016
gpt2-large,ds002236,Phon,ses-11,18,0.5,pair_absdiff,0.0057,-0.0012
gpt2-large,ds002236,Phon,ses-11,18,0.5,pair_cos1d,0.0213,-0.0153
gpt2-large,ds002236,Phon,ses-11,19,0.528,pipeline_meanpool,0.0217,-0.008
gpt2-large,ds002236,Phon,ses-11,19,0.528,pair_concat,-0.0228,-0.0162
gpt2-large,ds002236,Phon,ses-11,19,0.528,pair_absdiff,0.0082,0.0
gpt2-large,ds002236,Phon,ses-11,19,0.528,pair_cos1d,0.0205,-0.0166
gpt2-large,ds002236,Phon,ses-11,20,0.556,pipeline_meanpool,0.0245,-0.0079
gpt2-large,ds002236,Phon,ses-11,20,0.556,pair_concat,-0.0221,-0.0163
gpt2-large,ds002236,Phon,ses-11,20,0.556,pair_absdiff,0.0096,-0.0013
gpt2-large,ds002236,Phon,ses-11,20,0.556,pair_cos1d,0.0191,-0.0181
gpt2-large,ds002236,Phon,ses-11,21,0.583,pipeline_meanpool,0.0243,-0.008
gpt2-large,ds002236,Phon,ses-11,21,0.583,pair_concat,-0.0226,-0.0166
gpt2-large,ds002236,Phon,ses-11,21,0.583,pair_absdiff,0.0061,-0.0027
gpt2-large,ds002236,Phon,ses-11,21,0.583,pair_cos1d,0.0145,-0.0187
gpt2-large,ds002236,Phon,ses-11,22,0.611,pipeline_meanpool,0.0264,-0.0077
gpt2-large,ds002236,Phon,ses-11,22,0.611,pair_concat,-0.0228,-0.0168
gpt2-large,ds002236,Phon,ses-11,22,0.611,pair_absdiff,0.0072,-0.0026
gpt2-large,ds002236,Phon,ses-11,22,0.611,pair_cos1d,0.0147,-0.0185
gpt2-large,ds002236,Phon,ses-11,23,0.639,pipeline_meanpool,0.0259,-0.0082
gpt2-large,ds002236,Phon,ses-11,23,0.639,pair_concat,-0.0237,-0.0172
gpt2-large,ds002236,Phon,ses-11,23,0.639,pair_absdiff,0.0097,-0.0017
gpt2-large,ds002236,Phon,ses-11,23,0.639,pair_cos1d,0.0122,-0.0196
gpt2-large,ds002236,Phon,ses-11,24,0.667,pipeline_meanpool,0.0266,-0.0072
gpt2-large,ds002236,Phon,ses-11,24,0.667,pair_concat,-0.0244,-0.0174
gpt2-large,ds002236,Phon,ses-11,24,0.667,pair_absdiff,0.0096,-0.0014
gpt2-large,ds002236,Phon,ses-11,24,0.667,pair_cos1d,0.0082,-0.0223
gpt2-large,ds002236,Phon,ses-11,25,0.694,pipeline_meanpool,0.0282,-0.0078
gpt2-large,ds002236,Phon,ses-11,25,0.694,pair_concat,-0.0251,-0.0177
gpt2-large,ds002236,Phon,ses-11,25,0.694,pair_absdiff,0.0126,-0.0031
gpt2-large,ds002236,Phon,ses-11,25,0.694,pair_cos1d,0.0048,-0.0253
gpt2-large,ds002236,Phon,ses-11,26,0.722,pipeline_meanpool,0.0298,-0.0073
gpt2-large,ds002236,Phon,ses-11,26,0.722,pair_concat,-0.0252,-0.0173
gpt2-large,ds002236,Phon,ses-11,26,0.722,pair_absdiff,0.0137,-0.0042
gpt2-large,ds002236,Phon,ses-11,26,0.722,pair_cos1d,0.0071,-0.0231
gpt2-large,ds002236,Phon,ses-11,27,0.75,pipeline_meanpool,0.0299,-0.0065
gpt2-large,ds002236,Phon,ses-11,27,0.75,pair_concat,-0.0252,-0.0176
gpt2-large,ds002236,Phon,ses-11,27,0.75,pair_absdiff,0.0146,-0.0046
gpt2-large,ds002236,Phon,ses-11,27,0.75,pair_cos1d,0.0053,-0.0249
gpt2-large,ds002236,Phon,ses-11,28,0.778,pipeline_meanpool,0.0282,-0.0068
gpt2-large,ds002236,Phon,ses-11,28,0.778,pair_concat,-0.0253,-0.0177
gpt2-large,ds002236,Phon,ses-11,28,0.778,pair_absdiff,0.0138,-0.0034
gpt2-large,ds002236,Phon,ses-11,28,0.778,pair_cos1d,0.0045,-0.0256
gpt2-large,ds002236,Phon,ses-11,29,0.806,pipeline_meanpool,0.03,-0.0059
gpt2-large,ds002236,Phon,ses-11,29,0.806,pair_concat,-0.0252,-0.0179
gpt2-large,ds002236,Phon,ses-11,29,0.806,pair_absdiff,0.0113,-0.002
gpt2-large,ds002236,Phon,ses-11,29,0.806,pair_cos1d,0.0056,-0.0261
gpt2-large,ds002236,Phon,ses-11,30,0.833,pipeline_meanpool,0.032,-0.0048
gpt2-large,ds002236,Phon,ses-11,30,0.833,pair_concat,-0.0249,-0.018
gpt2-large,ds002236,Phon,ses-11,30,0.833,pair_absdiff,0.0051,-0.0029
gpt2-large,ds002236,Phon,ses-11,30,0.833,pair_cos1d,0.0069,-0.0262
gpt2-large,ds002236,Phon,ses-11,31,0.861,pipeline_meanpool,0.0319,-0.0062
gpt2-large,ds002236,Phon,ses-11,31,0.861,pair_concat,-0.0247,-0.0197
gpt2-large,ds002236,Phon,ses-11,31,0.861,pair_absdiff,-0.0002,-0.0043
gpt2-large,ds002236,Phon,ses-11,31,0.861,pair_cos1d,0.0081,-0.0274
gpt2-large,ds002236,Phon,ses-11,32,0.889,pipeline_meanpool,0.0322,-0.0052
gpt2-large,ds002236,Phon,ses-11,32,0.889,pair_concat,-0.0261,-0.0209
gpt2-large,ds002236,Phon,ses-11,32,0.889,pair_absdiff,-0.0062,-0.0043
gpt2-large,ds002236,Phon,ses-11,32,0.889,pair_cos1d,0.0104,-0.0259
gpt2-large,ds002236,Phon,ses-11,33,0.917,pipeline_meanpool,0.0293,-0.0077
gpt2-large,ds002236,Phon,ses-11,33,0.917,pair_concat,-0.0279,-0.025
gpt2-large,ds002236,Phon,ses-11,33,0.917,pair_absdiff,0.001,-0.0008
gpt2-large,ds002236,Phon,ses-11,33,0.917,pair_cos1d,0.0153,-0.0253
gpt2-large,ds002236,Phon,ses-11,34,0.944,pipeline_meanpool,0.0274,-0.0004
gpt2-large,ds002236,Phon,ses-11,34,0.944,pair_concat,-0.0229,-0.0225
gpt2-large,ds002236,Phon,ses-11,34,0.944,pair_absdiff,0.0172,-0.0032
gpt2-large,ds002236,Phon,ses-11,34,0.944,pair_cos1d,0.0182,-0.0255
gpt2-large,ds002236,Phon,ses-11,35,0.972,pipeline_meanpool,0.0266,0.0102
gpt2-large,ds002236,Phon,ses-11,35,0.972,pair_concat,-0.0023,-0.0273
gpt2-large,ds002236,Phon,ses-11,35,0.972,pair_absdiff,-0.0023,0.0094
gpt2-large,ds002236,Phon,ses-11,35,0.972,pair_cos1d,-0.0023,-0.0122
gpt2-large,ds002236,Phon,ses-11,36,1.0,pipeline_meanpool,0.0431,0.0105
gpt2-large,ds002236,Phon,ses-11,36,1.0,pair_concat,0.0388,0.0122
gpt2-large,ds002236,Phon,ses-11,36,1.0,pair_absdiff,0.0171,0.014
gpt2-large,ds002236,Phon,ses-11,36,1.0,pair_cos1d,0.0103,0.0055
gpt2-large,ds002236,Phon,ses-9,0,0.0,pipeline_meanpool,-0.0143,-0.015
gpt2-large,ds002236,Phon,ses-9,0,0.0,pair_concat,-0.0381,-0.0365
gpt2-large,ds002236,Phon,ses-9,0,0.0,pair_absdiff,-0.0325,-0.0221
gpt2-large,ds002236,Phon,ses-9,0,0.0,pair_cos1d,-0.0336,-0.013
gpt2-large,ds002236,Phon,ses-9,1,0.028,pipeline_meanpool,-0.0169,-0.0054
gpt2-large,ds002236,Phon,ses-9,1,0.028,pair_concat,0.0042,-0.0305
gpt2-large,ds002236,Phon,ses-9,1,0.028,pair_absdiff,-0.0106,0.0165
gpt2-large,ds002236,Phon,ses-9,1,0.028,pair_cos1d,-0.0063,0.0199
gpt2-large,ds002236,Phon,ses-9,2,0.056,pipeline_meanpool,0.0083,-0.0021
gpt2-large,ds002236,Phon,ses-9,2,0.056,pair_concat,-0.0146,-0.0282
gpt2-large,ds002236,Phon,ses-9,2,0.056,pair_absdiff,-0.0248,0.0191
gpt2-large,ds002236,Phon,ses-9,2,0.056,pair_cos1d,-0.0183,-0.0005
gpt2-large,ds002236,Phon,ses-9,3,0.083,pipeline_meanpool,0.005,-0.0062
gpt2-large,ds002236,Phon,ses-9,3,0.083,pair_concat,-0.0207,-0.0239
gpt2-large,ds002236,Phon,ses-9,3,0.083,pair_absdiff,-0.0149,0.0191
gpt2-large,ds002236,Phon,ses-9,3,0.083,pair_cos1d,-0.0104,0.0006
gpt2-large,ds002236,Phon,ses-9,4,0.111,pipeline_meanpool,0.0108,-0.0052
gpt2-large,ds002236,Phon,ses-9,4,0.111,pair_concat,-0.0184,-0.0211
gpt2-large,ds002236,Phon,ses-9,4,0.111,pair_absdiff,-0.0202,0.0066
gpt2-large,ds002236,Phon,ses-9,4,0.111,pair_cos1d,-0.0133,-0.0017
gpt2-large,ds002236,Phon,ses-9,5,0.139,pipeline_meanpool,0.0133,-0.0064
gpt2-large,ds002236,Phon,ses-9,5,0.139,pair_concat,-0.0223,-0.0205
gpt2-large,ds002236,Phon,ses-9,5,0.139,pair_absdiff,-0.0229,-0.002
gpt2-large,ds002236,Phon,ses-9,5,0.139,pair_cos1d,-0.0098,0.0049
gpt2-large,ds002236,Phon,ses-9,6,0.167,pipeline_meanpool,0.0237,-0.0039
gpt2-large,ds002236,Phon,ses-9,6,0.167,pair_concat,-0.0288,-0.0208
gpt2-large,ds002236,Phon,ses-9,6,0.167,pair_absdiff,-0.0223,0.0046
gpt2-large,ds002236,Phon,ses-9,6,0.167,pair_cos1d,-0.0124,0.0086
gpt2-large,ds002236,Phon,ses-9,7,0.194,pipeline_meanpool,0.0209,0.0019
gpt2-large,ds002236,Phon,ses-9,7,0.194,pair_concat,-0.0307,-0.029
gpt2-large,ds002236,Phon,ses-9,7,0.194,pair_absdiff,-0.0153,0.0237
gpt2-large,ds002236,Phon,ses-9,7,0.194,pair_cos1d,-0.0204,-0.0016
gpt2-large,ds002236,Phon,ses-9,8,0.222,pipeline_meanpool,0.0179,0.004
gpt2-large,ds002236,Phon,ses-9,8,0.222,pair_concat,-0.0367,-0.0392
gpt2-large,ds002236,Phon,ses-9,8,0.222,pair_absdiff,-0.0342,0.0296
gpt2-large,ds002236,Phon,ses-9,8,0.222,pair_cos1d,-0.0253,-0.0095
gpt2-large,ds002236,Phon,ses-9,9,0.25,pipeline_meanpool,0.0136,0.0058
gpt2-large,ds002236,Phon,ses-9,9,0.25,pair_concat,-0.0359,-0.0421
gpt2-large,ds002236,Phon,ses-9,9,0.25,pair_absdiff,-0.0385,0.0381
gpt2-large,ds002236,Phon,ses-9,9,0.25,pair_cos1d,-0.0281,-0.0129
gpt2-large,ds002236,Phon,ses-9,10,0.278,pipeline_meanpool,0.0101,0.0058
gpt2-large,ds002236,Phon,ses-9,10,0.278,pair_concat,-0.0389,-0.0431
gpt2-large,ds002236,Phon,ses-9,10,0.278,pair_absdiff,-0.0404,0.0343
gpt2-large,ds002236,Phon,ses-9,10,0.278,pair_cos1d,-0.0248,-0.0141
gpt2-large,ds002236,Phon,ses-9,11,0.306,pipeline_meanpool,0.0099,0.0055
gpt2-large,ds002236,Phon,ses-9,11,0.306,pair_concat,-0.0401,-0.043
gpt2-large,ds002236,Phon,ses-9,11,0.306,pair_absdiff,-0.0312,0.0301
gpt2-large,ds002236,Phon,ses-9,11,0.306,pair_cos1d,-0.0239,-0.0173
gpt2-large,ds002236,Phon,ses-9,12,0.333,pipeline_meanpool,0.0084,0.0056
gpt2-large,ds002236,Phon,ses-9,12,0.333,pair_concat,-0.0429,-0.0433
gpt2-large,ds002236,Phon,ses-9,12,0.333,pair_absdiff,-0.028,0.0268
gpt2-large,ds002236,Phon,ses-9,12,0.333,pair_cos1d,-0.0222,-0.0181
gpt2-large,ds002236,Phon,ses-9,13,0.361,pipeline_meanpool,0.0079,0.0045
gpt2-large,ds002236,Phon,ses-9,13,0.361,pair_concat,-0.0431,-0.0429
gpt2-large,ds002236,Phon,ses-9,13,0.361,pair_absdiff,-0.0305,0.0273
gpt2-large,ds002236,Phon,ses-9,13,0.361,pair_cos1d,-0.0193,-0.0185
gpt2-large,ds002236,Phon,ses-9,14,0.389,pipeline_meanpool,0.0095,0.0054
gpt2-large,ds002236,Phon,ses-9,14,0.389,pair_concat,-0.0428,-0.0436
gpt2-large,ds002236,Phon,ses-9,14,0.389,pair_absdiff,-0.0329,0.026
gpt2-large,ds002236,Phon,ses-9,14,0.389,pair_cos1d,-0.014,-0.0207
gpt2-large,ds002236,Phon,ses-9,15,0.417,pipeline_meanpool,0.0111,0.0068
gpt2-large,ds002236,Phon,ses-9,15,0.417,pair_concat,-0.0425,-0.0432
gpt2-large,ds002236,Phon,ses-9,15,0.417,pair_absdiff,-0.03,0.024
gpt2-large,ds002236,Phon,ses-9,15,0.417,pair_cos1d,-0.0093,-0.0173
gpt2-large,ds002236,Phon,ses-9,16,0.444,pipeline_meanpool,0.0135,0.0056
gpt2-large,ds002236,Phon,ses-9,16,0.444,pair_concat,-0.042,-0.0429
gpt2-large,ds002236,Phon,ses-9,16,0.444,pair_absdiff,-0.0279,0.0238
gpt2-large,ds002236,Phon,ses-9,16,0.444,pair_cos1d,-0.0043,-0.0156
gpt2-large,ds002236,Phon,ses-9,17,0.472,pipeline_meanpool,0.0164,0.0048
gpt2-large,ds002236,Phon,ses-9,17,0.472,pair_concat,-0.0421,-0.0427
gpt2-large,ds002236,Phon,ses-9,17,0.472,pair_absdiff,-0.0273,0.0224
gpt2-large,ds002236,Phon,ses-9,17,0.472,pair_cos1d,-0.0041,-0.0176
gpt2-large,ds002236,Phon,ses-9,18,0.5,pipeline_meanpool,0.0166,0.0054
gpt2-large,ds002236,Phon,ses-9,18,0.5,pair_concat,-0.0429,-0.0424
gpt2-large,ds002236,Phon,ses-9,18,0.5,pair_absdiff,-0.0239,0.021
gpt2-large,ds002236,Phon,ses-9,18,0.5,pair_cos1d,-0.0026,-0.0172
gpt2-large,ds002236,Phon,ses-9,19,0.528,pipeline_meanpool,0.017,0.0058
gpt2-large,ds002236,Phon,ses-9,19,0.528,pair_concat,-0.0418,-0.0421
gpt2-large,ds002236,Phon,ses-9,19,0.528,pair_absdiff,-0.0215,0.0206
gpt2-large,ds002236,Phon,ses-9,19,0.528,pair_cos1d,-0.0009,-0.0164
gpt2-large,ds002236,Phon,ses-9,20,0.556,pipeline_meanpool,0.0197,0.0062
gpt2-large,ds002236,Phon,ses-9,20,0.556,pair_concat,-0.0413,-0.0417
gpt2-large,ds002236,Phon,ses-9,20,0.556,pair_absdiff,-0.0195,0.0204
gpt2-large,ds002236,Phon,ses-9,20,0.556,pair_cos1d,-0.0005,-0.0167
gpt2-large,ds002236,Phon,ses-9,21,0.583,pipeline_meanpool,0.0206,0.0073
gpt2-large,ds002236,Phon,ses-9,21,0.583,pair_concat,-0.0418,-0.0412
gpt2-large,ds002236,Phon,ses-9,21,0.583,pair_absdiff,-0.0205,0.0206
gpt2-large,ds002236,Phon,ses-9,21,0.583,pair_cos1d,-0.0035,-0.016
gpt2-large,ds002236,Phon,ses-9,22,0.611,pipeline_meanpool,0.0226,0.0088
gpt2-large,ds002236,Phon,ses-9,22,0.611,pair_concat,-0.0424,-0.0414
gpt2-large,ds002236,Phon,ses-9,22,0.611,pair_absdiff,-0.02,0.0219
gpt2-large,ds002236,Phon,ses-9,22,0.611,pair_cos1d,-0.0075,-0.0217
gpt2-large,ds002236,Phon,ses-9,23,0.639,pipeline_meanpool,0.0213,0.0076
gpt2-large,ds002236,Phon,ses-9,23,0.639,pair_concat,-0.043,-0.0412
gpt2-large,ds002236,Phon,ses-9,23,0.639,pair_absdiff,-0.0174,0.0203
gpt2-large,ds002236,Phon,ses-9,23,0.639,pair_cos1d,-0.013,-0.0265
gpt2-large,ds002236,Phon,ses-9,24,0.667,pipeline_meanpool,0.0232,0.0075
gpt2-large,ds002236,Phon,ses-9,24,0.667,pair_concat,-0.0439,-0.0414
gpt2-large,ds002236,Phon,ses-9,24,0.667,pair_absdiff,-0.0157,0.0206
gpt2-large,ds002236,Phon,ses-9,24,0.667,pair_cos1d,-0.0182,-0.0284
gpt2-large,ds002236,Phon,ses-9,25,0.694,pipeline_meanpool,0.0247,0.007
gpt2-large,ds002236,Phon,ses-9,25,0.694,pair_concat,-0.0446,-0.0418
gpt2-large,ds002236,Phon,ses-9,25,0.694,pair_absdiff,-0.0133,0.0195
gpt2-large,ds002236,Phon,ses-9,25,0.694,pair_cos1d,-0.0192,-0.0288
gpt2-large,ds002236,Phon,ses-9,26,0.722,pipeline_meanpool,0.0262,0.0075
gpt2-large,ds002236,Phon,ses-9,26,0.722,pair_concat,-0.0451,-0.0417
gpt2-large,ds002236,Phon,ses-9,26,0.722,pair_absdiff,-0.0105,0.0219
gpt2-large,ds002236,Phon,ses-9,26,0.722,pair_cos1d,-0.0185,-0.0266
gpt2-large,ds002236,Phon,ses-9,27,0.75,pipeline_meanpool,0.0253,0.0075
gpt2-large,ds002236,Phon,ses-9,27,0.75,pair_concat,-0.0449,-0.0418
gpt2-large,ds002236,Phon,ses-9,27,0.75,pair_absdiff,-0.0091,0.0215
gpt2-large,ds002236,Phon,ses-9,27,0.75,pair_cos1d,-0.0194,-0.0288
gpt2-large,ds002236,Phon,ses-9,28,0.778,pipeline_meanpool,0.0229,0.0079
gpt2-large,ds002236,Phon,ses-9,28,0.778,pair_concat,-0.0466,-0.0425
gpt2-large,ds002236,Phon,ses-9,28,0.778,pair_absdiff,-0.0111,0.022
gpt2-large,ds002236,Phon,ses-9,28,0.778,pair_cos1d,-0.0228,-0.0313
gpt2-large,ds002236,Phon,ses-9,29,0.806,pipeline_meanpool,0.0237,0.0085
gpt2-large,ds002236,Phon,ses-9,29,0.806,pair_concat,-0.0467,-0.0425
gpt2-large,ds002236,Phon,ses-9,29,0.806,pair_absdiff,-0.0119,0.0244
gpt2-large,ds002236,Phon,ses-9,29,0.806,pair_cos1d,-0.0203,-0.032
gpt2-large,ds002236,Phon,ses-9,30,0.833,pipeline_meanpool,0.0245,0.0087
gpt2-large,ds002236,Phon,ses-9,30,0.833,pair_concat,-0.0467,-0.0427
gpt2-large,ds002236,Phon,ses-9,30,0.833,pair_absdiff,-0.0122,0.028
gpt2-large,ds002236,Phon,ses-9,30,0.833,pair_cos1d,-0.0186,-0.0312
gpt2-large,ds002236,Phon,ses-9,31,0.861,pipeline_meanpool,0.0231,0.0084
gpt2-large,ds002236,Phon,ses-9,31,0.861,pair_concat,-0.0476,-0.044
gpt2-large,ds002236,Phon,ses-9,31,0.861,pair_absdiff,-0.0162,0.0285
gpt2-large,ds002236,Phon,ses-9,31,0.861,pair_cos1d,-0.0168,-0.0323
gpt2-large,ds002236,Phon,ses-9,32,0.889,pipeline_meanpool,0.0214,0.0071
gpt2-large,ds002236,Phon,ses-9,32,0.889,pair_concat,-0.048,-0.0437
gpt2-large,ds002236,Phon,ses-9,32,0.889,pair_absdiff,-0.0273,0.0254
gpt2-large,ds002236,Phon,ses-9,32,0.889,pair_cos1d,-0.014,-0.0315
gpt2-large,ds002236,Phon,ses-9,33,0.917,pipeline_meanpool,0.0113,0.0071
gpt2-large,ds002236,Phon,ses-9,33,0.917,pair_concat,-0.0485,-0.0438
gpt2-large,ds002236,Phon,ses-9,33,0.917,pair_absdiff,-0.0225,0.0212
gpt2-large,ds002236,Phon,ses-9,33,0.917,pair_cos1d,-0.0159,-0.0372
gpt2-large,ds002236,Phon,ses-9,34,0.944,pipeline_meanpool,-0.0037,-0.0079
gpt2-large,ds002236,Phon,ses-9,34,0.944,pair_concat,-0.0447,-0.0369
gpt2-large,ds002236,Phon,ses-9,34,0.944,pair_absdiff,-0.0185,0.0203
gpt2-large,ds002236,Phon,ses-9,34,0.944,pair_cos1d,-0.0141,-0.0417
gpt2-large,ds002236,Phon,ses-9,35,0.972,pipeline_meanpool,0.0431,-0.0082
gpt2-large,ds002236,Phon,ses-9,35,0.972,pair_concat,-0.0256,-0.041
gpt2-large,ds002236,Phon,ses-9,35,0.972,pair_absdiff,-0.0193,0.0155
gpt2-large,ds002236,Phon,ses-9,35,0.972,pair_cos1d,-0.006,-0.0266
gpt2-large,ds002236,Phon,ses-9,36,1.0,pipeline_meanpool,0.0484,0.0008
gpt2-large,ds002236,Phon,ses-9,36,1.0,pair_concat,0.0379,-0.0134
gpt2-large,ds002236,Phon,ses-9,36,1.0,pair_absdiff,0.0155,0.0089
gpt2-large,ds002236,Phon,ses-9,36,1.0,pair_cos1d,-0.0012,0.0233
gpt2-large,ds002236,Sem,ses-11+,0,0.0,pipeline_meanpool,-0.0164,-0.012
gpt2-large,ds002236,Sem,ses-11+,0,0.0,pair_concat,-0.0339,-0.0202
gpt2-large,ds002236,Sem,ses-11+,0,0.0,pair_absdiff,0.0686,0.0556
gpt2-large,ds002236,Sem,ses-11+,0,0.0,pair_cos1d,0.0659,0.0479
gpt2-large,ds002236,Sem,ses-11+,1,0.028,pipeline_meanpool,-0.0128,-0.0089
gpt2-large,ds002236,Sem,ses-11+,1,0.028,pair_concat,-0.0189,-0.0355
gpt2-large,ds002236,Sem,ses-11+,1,0.028,pair_absdiff,0.0277,0.0087
gpt2-large,ds002236,Sem,ses-11+,1,0.028,pair_cos1d,0.0259,0.0231
gpt2-large,ds002236,Sem,ses-11+,2,0.056,pipeline_meanpool,-0.0088,-0.0187
gpt2-large,ds002236,Sem,ses-11+,2,0.056,pair_concat,-0.0205,-0.0415
gpt2-large,ds002236,Sem,ses-11+,2,0.056,pair_absdiff,0.04,0.0285
gpt2-large,ds002236,Sem,ses-11+,2,0.056,pair_cos1d,0.0488,0.0463
gpt2-large,ds002236,Sem,ses-11+,3,0.083,pipeline_meanpool,-0.0202,-0.0204
gpt2-large,ds002236,Sem,ses-11+,3,0.083,pair_concat,-0.0184,-0.0376
gpt2-large,ds002236,Sem,ses-11+,3,0.083,pair_absdiff,0.0356,0.0313
gpt2-large,ds002236,Sem,ses-11+,3,0.083,pair_cos1d,0.063,0.0565
gpt2-large,ds002236,Sem,ses-11+,4,0.111,pipeline_meanpool,-0.0254,-0.0102
gpt2-large,ds002236,Sem,ses-11+,4,0.111,pair_concat,-0.0228,-0.0345
gpt2-large,ds002236,Sem,ses-11+,4,0.111,pair_absdiff,0.0265,0.019
gpt2-large,ds002236,Sem,ses-11+,4,0.111,pair_cos1d,0.0666,0.0604
gpt2-large,ds002236,Sem,ses-11+,5,0.139,pipeline_meanpool,-0.0283,-0.0069
gpt2-large,ds002236,Sem,ses-11+,5,0.139,pair_concat,-0.0222,-0.0362
gpt2-large,ds002236,Sem,ses-11+,5,0.139,pair_absdiff,0.029,0.0173
gpt2-large,ds002236,Sem,ses-11+,5,0.139,pair_cos1d,0.0626,0.062
gpt2-large,ds002236,Sem,ses-11+,6,0.167,pipeline_meanpool,-0.0221,0.0032
gpt2-large,ds002236,Sem,ses-11+,6,0.167,pair_concat,-0.0102,-0.0264
gpt2-large,ds002236,Sem,ses-11+,6,0.167,pair_absdiff,0.0129,-0.0102
gpt2-large,ds002236,Sem,ses-11+,6,0.167,pair_cos1d,0.0334,0.0309
gpt2-large,ds002236,Sem,ses-11+,7,0.194,pipeline_meanpool,-0.0132,0.0036
gpt2-large,ds002236,Sem,ses-11+,7,0.194,pair_concat,0.0199,0.0024
gpt2-large,ds002236,Sem,ses-11+,7,0.194,pair_absdiff,0.0115,-0.0126
gpt2-large,ds002236,Sem,ses-11+,7,0.194,pair_cos1d,0.0224,0.0122
gpt2-large,ds002236,Sem,ses-11+,8,0.222,pipeline_meanpool,-0.0084,-0.0066
gpt2-large,ds002236,Sem,ses-11+,8,0.222,pair_concat,0.026,0.0189
gpt2-large,ds002236,Sem,ses-11+,8,0.222,pair_absdiff,0.0131,0.0078
gpt2-large,ds002236,Sem,ses-11+,8,0.222,pair_cos1d,0.0307,0.0165
gpt2-large,ds002236,Sem,ses-11+,9,0.25,pipeline_meanpool,-0.0109,-0.0096
gpt2-large,ds002236,Sem,ses-11+,9,0.25,pair_concat,0.0231,0.0161
gpt2-large,ds002236,Sem,ses-11+,9,0.25,pair_absdiff,0.0013,-0.0204
gpt2-large,ds002236,Sem,ses-11+,9,0.25,pair_cos1d,0.025,0.0112
gpt2-large,ds002236,Sem,ses-11+,10,0.278,pipeline_meanpool,-0.0107,-0.0091
gpt2-large,ds002236,Sem,ses-11+,10,0.278,pair_concat,0.0218,0.0151
gpt2-large,ds002236,Sem,ses-11+,10,0.278,pair_absdiff,0.0033,-0.0262
gpt2-large,ds002236,Sem,ses-11+,10,0.278,pair_cos1d,0.0154,0.0018
gpt2-large,ds002236,Sem,ses-11+,11,0.306,pipeline_meanpool,-0.0124,-0.0095
gpt2-large,ds002236,Sem,ses-11+,11,0.306,pair_concat,0.0198,0.0145
gpt2-large,ds002236,Sem,ses-11+,11,0.306,pair_absdiff,0.0064,-0.0256
gpt2-large,ds002236,Sem,ses-11+,11,0.306,pair_cos1d,0.0171,0.0047
gpt2-large,ds002236,Sem,ses-11+,12,0.333,pipeline_meanpool,-0.013,-0.0101
gpt2-large,ds002236,Sem,ses-11+,12,0.333,pair_concat,0.0195,0.0142
gpt2-large,ds002236,Sem,ses-11+,12,0.333,pair_absdiff,0.0024,-0.0294
gpt2-large,ds002236,Sem,ses-11+,12,0.333,pair_cos1d,0.0165,0.0049
gpt2-large,ds002236,Sem,ses-11+,13,0.361,pipeline_meanpool,-0.0135,-0.0111
gpt2-large,ds002236,Sem,ses-11+,13,0.361,pair_concat,0.02,0.0146
gpt2-large,ds002236,Sem,ses-11+,13,0.361,pair_absdiff,0.0025,-0.0299
gpt2-large,ds002236,Sem,ses-11+,13,0.361,pair_cos1d,0.0131,-0.0004
gpt2-large,ds002236,Sem,ses-11+,14,0.389,pipeline_meanpool,-0.0149,-0.013
gpt2-large,ds002236,Sem,ses-11+,14,0.389,pair_concat,0.0202,0.0146
gpt2-large,ds002236,Sem,ses-11+,14,0.389,pair_absdiff,0.0018,-0.0292
gpt2-large,ds002236,Sem,ses-11+,14,0.389,pair_cos1d,0.011,-0.0041
gpt2-large,ds002236,Sem,ses-11+,15,0.417,pipeline_meanpool,-0.0163,-0.0144
gpt2-large,ds002236,Sem,ses-11+,15,0.417,pair_concat,0.021,0.0151
gpt2-large,ds002236,Sem,ses-11+,15,0.417,pair_absdiff,0.0007,-0.0291
gpt2-large,ds002236,Sem,ses-11+,15,0.417,pair_cos1d,0.0141,-0.0016
gpt2-large,ds002236,Sem,ses-11+,16,0.444,pipeline_meanpool,-0.0164,-0.0155
gpt2-large,ds002236,Sem,ses-11+,16,0.444,pair_concat,0.0211,0.0153
gpt2-large,ds002236,Sem,ses-11+,16,0.444,pair_absdiff,-0.0013,-0.0297
gpt2-large,ds002236,Sem,ses-11+,16,0.444,pair_cos1d,0.0157,-0.0013
gpt2-large,ds002236,Sem,ses-11+,17,0.472,pipeline_meanpool,-0.0172,-0.0162
gpt2-large,ds002236,Sem,ses-11+,17,0.472,pair_concat,0.0207,0.0153
gpt2-large,ds002236,Sem,ses-11+,17,0.472,pair_absdiff,-0.0017,-0.0292
gpt2-large,ds002236,Sem,ses-11+,17,0.472,pair_cos1d,0.0158,-0.0011
gpt2-large,ds002236,Sem,ses-11+,18,0.5,pipeline_meanpool,-0.0187,-0.0178
gpt2-large,ds002236,Sem,ses-11+,18,0.5,pair_concat,0.0209,0.0149
gpt2-large,ds002236,Sem,ses-11+,18,0.5,pair_absdiff,-0.0028,-0.0295
gpt2-large,ds002236,Sem,ses-11+,18,0.5,pair_cos1d,0.0145,-0.0035
gpt2-large,ds002236,Sem,ses-11+,19,0.528,pipeline_meanpool,-0.0198,-0.0185
gpt2-large,ds002236,Sem,ses-11+,19,0.528,pair_concat,0.0215,0.0154
gpt2-large,ds002236,Sem,ses-11+,19,0.528,pair_absdiff,-0.0046,-0.0299
gpt2-large,ds002236,Sem,ses-11+,19,0.528,pair_cos1d,0.0163,-0.0018
gpt2-large,ds002236,Sem,ses-11+,20,0.556,pipeline_meanpool,-0.0206,-0.0189
gpt2-large,ds002236,Sem,ses-11+,20,0.556,pair_concat,0.0208,0.0145
gpt2-large,ds002236,Sem,ses-11+,20,0.556,pair_absdiff,-0.0038,-0.0285
gpt2-large,ds002236,Sem,ses-11+,20,0.556,pair_cos1d,0.0144,-0.0036
gpt2-large,ds002236,Sem,ses-11+,21,0.583,pipeline_meanpool,-0.0218,-0.019
gpt2-large,ds002236,Sem,ses-11+,21,0.583,pair_concat,0.0213,0.015
gpt2-large,ds002236,Sem,ses-11+,21,0.583,pair_absdiff,-0.0042,-0.029
gpt2-large,ds002236,Sem,ses-11+,21,0.583,pair_cos1d,0.0128,-0.0055
gpt2-large,ds002236,Sem,ses-11+,22,0.611,pipeline_meanpool,-0.0219,-0.0196
gpt2-large,ds002236,Sem,ses-11+,22,0.611,pair_concat,0.0213,0.0146
gpt2-large,ds002236,Sem,ses-11+,22,0.611,pair_absdiff,-0.0029,-0.0284
gpt2-large,ds002236,Sem,ses-11+,22,0.611,pair_cos1d,0.0146,-0.0045
gpt2-large,ds002236,Sem,ses-11+,23,0.639,pipeline_meanpool,-0.0228,-0.0201
gpt2-large,ds002236,Sem,ses-11+,23,0.639,pair_concat,0.021,0.0147
gpt2-large,ds002236,Sem,ses-11+,23,0.639,pair_absdiff,-0.0048,-0.0296
gpt2-large,ds002236,Sem,ses-11+,23,0.639,pair_cos1d,0.0144,-0.0046
gpt2-large,ds002236,Sem,ses-11+,24,0.667,pipeline_meanpool,-0.0235,-0.0202
gpt2-large,ds002236,Sem,ses-11+,24,0.667,pair_concat,0.0212,0.0152
gpt2-large,ds002236,Sem,ses-11+,24,0.667,pair_absdiff,-0.0049,-0.0277
gpt2-large,ds002236,Sem,ses-11+,24,0.667,pair_cos1d,0.0114,-0.0073
gpt2-large,ds002236,Sem,ses-11+,25,0.694,pipeline_meanpool,-0.0237,-0.02
gpt2-large,ds002236,Sem,ses-11+,25,0.694,pair_concat,0.0209,0.0149
gpt2-large,ds002236,Sem,ses-11+,25,0.694,pair_absdiff,-0.0033,-0.026
gpt2-large,ds002236,Sem,ses-11+,25,0.694,pair_cos1d,0.0163,-0.0013
gpt2-large,ds002236,Sem,ses-11+,26,0.722,pipeline_meanpool,-0.0234,-0.0199
gpt2-large,ds002236,Sem,ses-11+,26,0.722,pair_concat,0.0207,0.0147
gpt2-large,ds002236,Sem,ses-11+,26,0.722,pair_absdiff,-0.0029,-0.0256
gpt2-large,ds002236,Sem,ses-11+,26,0.722,pair_cos1d,0.0174,-0.0
gpt2-large,ds002236,Sem,ses-11+,27,0.75,pipeline_meanpool,-0.0234,-0.0202
gpt2-large,ds002236,Sem,ses-11+,27,0.75,pair_concat,0.0208,0.0146
gpt2-large,ds002236,Sem,ses-11+,27,0.75,pair_absdiff,-0.0006,-0.0249
gpt2-large,ds002236,Sem,ses-11+,27,0.75,pair_cos1d,0.0164,-0.0007
gpt2-large,ds002236,Sem,ses-11+,28,0.778,pipeline_meanpool,-0.0223,-0.0194
gpt2-large,ds002236,Sem,ses-11+,28,0.778,pair_concat,0.0215,0.0152
gpt2-large,ds002236,Sem,ses-11+,28,0.778,pair_absdiff,-0.0011,-0.0261
gpt2-large,ds002236,Sem,ses-11+,28,0.778,pair_cos1d,0.0152,-0.0022
gpt2-large,ds002236,Sem,ses-11+,29,0.806,pipeline_meanpool,-0.0225,-0.02
gpt2-large,ds002236,Sem,ses-11+,29,0.806,pair_concat,0.0212,0.0148
gpt2-large,ds002236,Sem,ses-11+,29,0.806,pair_absdiff,-0.0013,-0.026
gpt2-large,ds002236,Sem,ses-11+,29,0.806,pair_cos1d,0.0129,-0.0047
gpt2-large,ds002236,Sem,ses-11+,30,0.833,pipeline_meanpool,-0.0217,-0.0186
gpt2-large,ds002236,Sem,ses-11+,30,0.833,pair_concat,0.0224,0.0159
gpt2-large,ds002236,Sem,ses-11+,30,0.833,pair_absdiff,0.0012,-0.022
gpt2-large,ds002236,Sem,ses-11+,30,0.833,pair_cos1d,0.0166,0.0001
gpt2-large,ds002236,Sem,ses-11+,31,0.861,pipeline_meanpool,-0.0197,-0.0165
gpt2-large,ds002236,Sem,ses-11+,31,0.861,pair_concat,0.0242,0.0169
gpt2-large,ds002236,Sem,ses-11+,31,0.861,pair_absdiff,-0.0006,-0.0201
gpt2-large,ds002236,Sem,ses-11+,31,0.861,pair_cos1d,0.0192,0.0035
gpt2-large,ds002236,Sem,ses-11+,32,0.889,pipeline_meanpool,-0.02,-0.0157
gpt2-large,ds002236,Sem,ses-11+,32,0.889,pair_concat,0.0261,0.02
gpt2-large,ds002236,Sem,ses-11+,32,0.889,pair_absdiff,0.0033,-0.0157
gpt2-large,ds002236,Sem,ses-11+,32,0.889,pair_cos1d,0.02,0.0048
gpt2-large,ds002236,Sem,ses-11+,33,0.917,pipeline_meanpool,-0.018,-0.0144
gpt2-large,ds002236,Sem,ses-11+,33,0.917,pair_concat,0.0266,0.0194
gpt2-large,ds002236,Sem,ses-11+,33,0.917,pair_absdiff,0.0032,-0.0176
gpt2-large,ds002236,Sem,ses-11+,33,0.917,pair_cos1d,0.0224,0.0072
gpt2-large,ds002236,Sem,ses-11+,34,0.944,pipeline_meanpool,-0.0179,-0.0129
gpt2-large,ds002236,Sem,ses-11+,34,0.944,pair_concat,0.0203,0.0081
gpt2-large,ds002236,Sem,ses-11+,34,0.944,pair_absdiff,0.004,-0.0263
gpt2-large,ds002236,Sem,ses-11+,34,0.944,pair_cos1d,0.0348,0.018
gpt2-large,ds002236,Sem,ses-11+,35,0.972,pipeline_meanpool,-0.0216,-0.0236
gpt2-large,ds002236,Sem,ses-11+,35,0.972,pair_concat,-0.0302,-0.0228
gpt2-large,ds002236,Sem,ses-11+,35,0.972,pair_absdiff,0.0052,-0.0133
gpt2-large,ds002236,Sem,ses-11+,35,0.972,pair_cos1d,0.0685,0.0685
gpt2-large,ds002236,Sem,ses-11+,36,1.0,pipeline_meanpool,-0.0368,-0.0102
gpt2-large,ds002236,Sem,ses-11+,36,1.0,pair_concat,-0.0501,-0.0239
gpt2-large,ds002236,Sem,ses-11+,36,1.0,pair_absdiff,0.0269,0.0205
gpt2-large,ds002236,Sem,ses-11+,36,1.0,pair_cos1d,-0.0228,-0.0181
gpt2-large,ds002236,Sem,ses-11,0,0.0,pipeline_meanpool,-0.0218,0.0298
gpt2-large,ds002236,Sem,ses-11,0,0.0,pair_concat,-0.0377,-0.0046
gpt2-large,ds002236,Sem,ses-11,0,0.0,pair_absdiff,0.0248,0.0321
gpt2-large,ds002236,Sem,ses-11,0,0.0,pair_cos1d,0.0113,0.0086
gpt2-large,ds002236,Sem,ses-11,1,0.028,pipeline_meanpool,-0.0339,0.0161
gpt2-large,ds002236,Sem,ses-11,1,0.028,pair_concat,-0.0569,-0.0258
gpt2-large,ds002236,Sem,ses-11,1,0.028,pair_absdiff,0.005,-0.0147
gpt2-large,ds002236,Sem,ses-11,1,0.028,pair_cos1d,0.0466,0.021
gpt2-large,ds002236,Sem,ses-11,2,0.056,pipeline_meanpool,-0.0179,0.0174
gpt2-large,ds002236,Sem,ses-11,2,0.056,pair_concat,-0.0375,-0.0178
gpt2-large,ds002236,Sem,ses-11,2,0.056,pair_absdiff,-0.0002,0.0156
gpt2-large,ds002236,Sem,ses-11,2,0.056,pair_cos1d,0.0706,0.0225
gpt2-large,ds002236,Sem,ses-11,3,0.083,pipeline_meanpool,-0.0204,0.0197
gpt2-large,ds002236,Sem,ses-11,3,0.083,pair_concat,-0.0327,-0.0095
gpt2-large,ds002236,Sem,ses-11,3,0.083,pair_absdiff,-0.0071,-0.0038
gpt2-large,ds002236,Sem,ses-11,3,0.083,pair_cos1d,0.0685,0.0134
gpt2-large,ds002236,Sem,ses-11,4,0.111,pipeline_meanpool,-0.0186,0.0207
gpt2-large,ds002236,Sem,ses-11,4,0.111,pair_concat,-0.0369,-0.0103
gpt2-large,ds002236,Sem,ses-11,4,0.111,pair_absdiff,0.0042,-0.0025
gpt2-large,ds002236,Sem,ses-11,4,0.111,pair_cos1d,0.0636,0.0128
gpt2-large,ds002236,Sem,ses-11,5,0.139,pipeline_meanpool,-0.0249,0.0281
gpt2-large,ds002236,Sem,ses-11,5,0.139,pair_concat,-0.0396,-0.012
gpt2-large,ds002236,Sem,ses-11,5,0.139,pair_absdiff,0.008,-0.011
gpt2-large,ds002236,Sem,ses-11,5,0.139,pair_cos1d,0.0532,0.0095
gpt2-large,ds002236,Sem,ses-11,6,0.167,pipeline_meanpool,-0.0355,0.0329
gpt2-large,ds002236,Sem,ses-11,6,0.167,pair_concat,-0.0446,-0.0104
gpt2-large,ds002236,Sem,ses-11,6,0.167,pair_absdiff,-0.0042,-0.0214
gpt2-large,ds002236,Sem,ses-11,6,0.167,pair_cos1d,0.0327,0.0137
gpt2-large,ds002236,Sem,ses-11,7,0.194,pipeline_meanpool,-0.0443,0.029
gpt2-large,ds002236,Sem,ses-11,7,0.194,pair_concat,-0.0291,-0.0004
gpt2-large,ds002236,Sem,ses-11,7,0.194,pair_absdiff,-0.0077,-0.012
gpt2-large,ds002236,Sem,ses-11,7,0.194,pair_cos1d,0.0233,0.022
gpt2-large,ds002236,Sem,ses-11,8,0.222,pipeline_meanpool,-0.0451,0.0258
gpt2-large,ds002236,Sem,ses-11,8,0.222,pair_concat,-0.0175,-0.0053
gpt2-large,ds002236,Sem,ses-11,8,0.222,pair_absdiff,-0.0078,-0.0022
gpt2-large,ds002236,Sem,ses-11,8,0.222,pair_cos1d,0.0225,0.0259
gpt2-large,ds002236,Sem,ses-11,9,0.25,pipeline_meanpool,-0.0468,0.028
gpt2-large,ds002236,Sem,ses-11,9,0.25,pair_concat,-0.0123,-0.0023
gpt2-large,ds002236,Sem,ses-11,9,0.25,pair_absdiff,0.0078,-0.0034
gpt2-large,ds002236,Sem,ses-11,9,0.25,pair_cos1d,0.0195,0.0248
gpt2-large,ds002236,Sem,ses-11,10,0.278,pipeline_meanpool,-0.0461,0.0292
gpt2-large,ds002236,Sem,ses-11,10,0.278,pair_concat,-0.0137,-0.0027
gpt2-large,ds002236,Sem,ses-11,10,0.278,pair_absdiff,0.0096,-0.0068
gpt2-large,ds002236,Sem,ses-11,10,0.278,pair_cos1d,0.0208,0.0213
gpt2-large,ds002236,Sem,ses-11,11,0.306,pipeline_meanpool,-0.0465,0.0292
gpt2-large,ds002236,Sem,ses-11,11,0.306,pair_concat,-0.0152,-0.0033
gpt2-large,ds002236,Sem,ses-11,11,0.306,pair_absdiff,0.0121,-0.0105
gpt2-large,ds002236,Sem,ses-11,11,0.306,pair_cos1d,0.0332,0.0276
gpt2-large,ds002236,Sem,ses-11,12,0.333,pipeline_meanpool,-0.0448,0.028
gpt2-large,ds002236,Sem,ses-11,12,0.333,pair_concat,-0.0148,-0.0022
gpt2-large,ds002236,Sem,ses-11,12,0.333,pair_absdiff,0.0077,-0.0169
gpt2-large,ds002236,Sem,ses-11,12,0.333,pair_cos1d,0.0342,0.0263
gpt2-large,ds002236,Sem,ses-11,13,0.361,pipeline_meanpool,-0.0443,0.0266
gpt2-large,ds002236,Sem,ses-11,13,0.361,pair_concat,-0.0148,-0.0027
gpt2-large,ds002236,Sem,ses-11,13,0.361,pair_absdiff,0.0073,-0.0169
gpt2-large,ds002236,Sem,ses-11,13,0.361,pair_cos1d,0.0323,0.0238
gpt2-large,ds002236,Sem,ses-11,14,0.389,pipeline_meanpool,-0.0427,0.027
gpt2-large,ds002236,Sem,ses-11,14,0.389,pair_concat,-0.0139,-0.0017
gpt2-large,ds002236,Sem,ses-11,14,0.389,pair_absdiff,0.0083,-0.0176
gpt2-large,ds002236,Sem,ses-11,14,0.389,pair_cos1d,0.0276,0.0233
gpt2-large,ds002236,Sem,ses-11,15,0.417,pipeline_meanpool,-0.0424,0.0261
gpt2-large,ds002236,Sem,ses-11,15,0.417,pair_concat,-0.0132,-0.0012
gpt2-large,ds002236,Sem,ses-11,15,0.417,pair_absdiff,0.0049,-0.0201
gpt2-large,ds002236,Sem,ses-11,15,0.417,pair_cos1d,0.0312,0.0303
gpt2-large,ds002236,Sem,ses-11,16,0.444,pipeline_meanpool,-0.0414,0.0257
gpt2-large,ds002236,Sem,ses-11,16,0.444,pair_concat,-0.012,-0.0009
gpt2-large,ds002236,Sem,ses-11,16,0.444,pair_absdiff,0.0036,-0.0227
gpt2-large,ds002236,Sem,ses-11,16,0.444,pair_cos1d,0.0317,0.0321
gpt2-large,ds002236,Sem,ses-11,17,0.472,pipeline_meanpool,-0.0404,0.024
gpt2-large,ds002236,Sem,ses-11,17,0.472,pair_concat,-0.012,-0.0015
gpt2-large,ds002236,Sem,ses-11,17,0.472,pair_absdiff,0.0025,-0.0232
gpt2-large,ds002236,Sem,ses-11,17,0.472,pair_cos1d,0.0301,0.0305
gpt2-large,ds002236,Sem,ses-11,18,0.5,pipeline_meanpool,-0.0412,0.0215
gpt2-large,ds002236,Sem,ses-11,18,0.5,pair_concat,-0.0119,-0.0018
gpt2-large,ds002236,Sem,ses-11,18,0.5,pair_absdiff,0.0011,-0.0237
gpt2-large,ds002236,Sem,ses-11,18,0.5,pair_cos1d,0.0242,0.0252
gpt2-large,ds002236,Sem,ses-11,19,0.528,pipeline_meanpool,-0.0422,0.0208
gpt2-large,ds002236,Sem,ses-11,19,0.528,pair_concat,-0.0118,-0.0019
gpt2-large,ds002236,Sem,ses-11,19,0.528,pair_absdiff,0.0011,-0.0235
gpt2-large,ds002236,Sem,ses-11,19,0.528,pair_cos1d,0.0237,0.0252
gpt2-large,ds002236,Sem,ses-11,20,0.556,pipeline_meanpool,-0.043,0.0184
gpt2-large,ds002236,Sem,ses-11,20,0.556,pair_concat,-0.0119,-0.0025
gpt2-large,ds002236,Sem,ses-11,20,0.556,pair_absdiff,0.0013,-0.0221
gpt2-large,ds002236,Sem,ses-11,20,0.556,pair_cos1d,0.0207,0.0241
gpt2-large,ds002236,Sem,ses-11,21,0.583,pipeline_meanpool,-0.0436,0.0163
gpt2-large,ds002236,Sem,ses-11,21,0.583,pair_concat,-0.0117,-0.0022
gpt2-large,ds002236,Sem,ses-11,21,0.583,pair_absdiff,-0.001,-0.0241
gpt2-large,ds002236,Sem,ses-11,21,0.583,pair_cos1d,0.0149,0.0196
gpt2-large,ds002236,Sem,ses-11,22,0.611,pipeline_meanpool,-0.043,0.0153
gpt2-large,ds002236,Sem,ses-11,22,0.611,pair_concat,-0.012,-0.0028
gpt2-large,ds002236,Sem,ses-11,22,0.611,pair_absdiff,-0.001,-0.0224
gpt2-large,ds002236,Sem,ses-11,22,0.611,pair_cos1d,0.0155,0.0195
gpt2-large,ds002236,Sem,ses-11,23,0.639,pipeline_meanpool,-0.0439,0.0138
gpt2-large,ds002236,Sem,ses-11,23,0.639,pair_concat,-0.0114,-0.0024
gpt2-large,ds002236,Sem,ses-11,23,0.639,pair_absdiff,-0.0031,-0.0234
gpt2-large,ds002236,Sem,ses-11,23,0.639,pair_cos1d,0.0152,0.0198
gpt2-large,ds002236,Sem,ses-11,24,0.667,pipeline_meanpool,-0.0438,0.0124
gpt2-large,ds002236,Sem,ses-11,24,0.667,pair_concat,-0.0116,-0.0026
gpt2-large,ds002236,Sem,ses-11,24,0.667,pair_absdiff,-0.0046,-0.0242
gpt2-large,ds002236,Sem,ses-11,24,0.667,pair_cos1d,0.0132,0.0188
gpt2-large,ds002236,Sem,ses-11,25,0.694,pipeline_meanpool,-0.0445,0.0116
gpt2-large,ds002236,Sem,ses-11,25,0.694,pair_concat,-0.0119,-0.0029
gpt2-large,ds002236,Sem,ses-11,25,0.694,pair_absdiff,-0.0033,-0.0232
gpt2-large,ds002236,Sem,ses-11,25,0.694,pair_cos1d,0.0193,0.0257
gpt2-large,ds002236,Sem,ses-11,26,0.722,pipeline_meanpool,-0.045,0.0115
gpt2-large,ds002236,Sem,ses-11,26,0.722,pair_concat,-0.0124,-0.0036
gpt2-large,ds002236,Sem,ses-11,26,0.722,pair_absdiff,-0.0011,-0.0216
gpt2-large,ds002236,Sem,ses-11,26,0.722,pair_cos1d,0.0252,0.0305
gpt2-large,ds002236,Sem,ses-11,27,0.75,pipeline_meanpool,-0.0449,0.0103
gpt2-large,ds002236,Sem,ses-11,27,0.75,pair_concat,-0.0124,-0.0039
gpt2-large,ds002236,Sem,ses-11,27,0.75,pair_absdiff,0.0005,-0.0194
gpt2-large,ds002236,Sem,ses-11,27,0.75,pair_cos1d,0.0252,0.031
gpt2-large,ds002236,Sem,ses-11,28,0.778,pipeline_meanpool,-0.043,0.0108
gpt2-large,ds002236,Sem,ses-11,28,0.778,pair_concat,-0.0123,-0.0037
gpt2-large,ds002236,Sem,ses-11,28,0.778,pair_absdiff,-0.0026,-0.02
gpt2-large,ds002236,Sem,ses-11,28,0.778,pair_cos1d,0.0238,0.0303
gpt2-large,ds002236,Sem,ses-11,29,0.806,pipeline_meanpool,-0.0441,0.0103
gpt2-large,ds002236,Sem,ses-11,29,0.806,pair_concat,-0.0136,-0.0042
gpt2-large,ds002236,Sem,ses-11,29,0.806,pair_absdiff,-0.0031,-0.0198
gpt2-large,ds002236,Sem,ses-11,29,0.806,pair_cos1d,0.0211,0.0284
gpt2-large,ds002236,Sem,ses-11,30,0.833,pipeline_meanpool,-0.0425,0.0098
gpt2-large,ds002236,Sem,ses-11,30,0.833,pair_concat,-0.0133,-0.0044
gpt2-large,ds002236,Sem,ses-11,30,0.833,pair_absdiff,-0.0011,-0.0156
gpt2-large,ds002236,Sem,ses-11,30,0.833,pair_cos1d,0.0261,0.034
gpt2-large,ds002236,Sem,ses-11,31,0.861,pipeline_meanpool,-0.0406,0.0099
gpt2-large,ds002236,Sem,ses-11,31,0.861,pair_concat,-0.0113,-0.005
gpt2-large,ds002236,Sem,ses-11,31,0.861,pair_absdiff,-0.0065,-0.0191
gpt2-large,ds002236,Sem,ses-11,31,0.861,pair_cos1d,0.0249,0.0333
gpt2-large,ds002236,Sem,ses-11,32,0.889,pipeline_meanpool,-0.0401,0.0085
gpt2-large,ds002236,Sem,ses-11,32,0.889,pair_concat,-0.0123,-0.0055
gpt2-large,ds002236,Sem,ses-11,32,0.889,pair_absdiff,-0.0086,-0.0136
gpt2-large,ds002236,Sem,ses-11,32,0.889,pair_cos1d,0.0243,0.0325
gpt2-large,ds002236,Sem,ses-11,33,0.917,pipeline_meanpool,-0.0341,0.008
gpt2-large,ds002236,Sem,ses-11,33,0.917,pair_concat,-0.0114,-0.0069
gpt2-large,ds002236,Sem,ses-11,33,0.917,pair_absdiff,-0.0104,-0.0096
gpt2-large,ds002236,Sem,ses-11,33,0.917,pair_cos1d,0.0176,0.0258
gpt2-large,ds002236,Sem,ses-11,34,0.944,pipeline_meanpool,-0.0177,0.0092
gpt2-large,ds002236,Sem,ses-11,34,0.944,pair_concat,-0.0098,-0.0034
gpt2-large,ds002236,Sem,ses-11,34,0.944,pair_absdiff,-0.0008,-0.0011
gpt2-large,ds002236,Sem,ses-11,34,0.944,pair_cos1d,0.0154,0.0187
gpt2-large,ds002236,Sem,ses-11,35,0.972,pipeline_meanpool,0.0007,-0.023
gpt2-large,ds002236,Sem,ses-11,35,0.972,pair_concat,-0.0163,-0.0076
gpt2-large,ds002236,Sem,ses-11,35,0.972,pair_absdiff,-0.0236,0.0031
gpt2-large,ds002236,Sem,ses-11,35,0.972,pair_cos1d,0.0042,0.0073
gpt2-large,ds002236,Sem,ses-11,36,1.0,pipeline_meanpool,-0.0122,-0.0292
gpt2-large,ds002236,Sem,ses-11,36,1.0,pair_concat,-0.0283,-0.0148
gpt2-large,ds002236,Sem,ses-11,36,1.0,pair_absdiff,-0.0016,-0.0099
gpt2-large,ds002236,Sem,ses-11,36,1.0,pair_cos1d,0.0157,-0.0014
gpt2-large,ds002236,Sem,ses-9,0,0.0,pipeline_meanpool,-0.0272,-0.011
gpt2-large,ds002236,Sem,ses-9,0,0.0,pair_concat,-0.0257,-0.009
gpt2-large,ds002236,Sem,ses-9,0,0.0,pair_absdiff,0.0735,0.0757
gpt2-large,ds002236,Sem,ses-9,0,0.0,pair_cos1d,0.0523,0.0388
gpt2-large,ds002236,Sem,ses-9,1,0.028,pipeline_meanpool,-0.0289,-0.0043
gpt2-large,ds002236,Sem,ses-9,1,0.028,pair_concat,-0.0345,-0.0283
gpt2-large,ds002236,Sem,ses-9,1,0.028,pair_absdiff,0.0061,0.0067
gpt2-large,ds002236,Sem,ses-9,1,0.028,pair_cos1d,0.0301,0.0724
gpt2-large,ds002236,Sem,ses-9,2,0.056,pipeline_meanpool,-0.0282,-0.0107
gpt2-large,ds002236,Sem,ses-9,2,0.056,pair_concat,-0.0314,-0.022
gpt2-large,ds002236,Sem,ses-9,2,0.056,pair_absdiff,0.019,0.039
gpt2-large,ds002236,Sem,ses-9,2,0.056,pair_cos1d,0.062,0.0622
gpt2-large,ds002236,Sem,ses-9,3,0.083,pipeline_meanpool,-0.0278,0.0005
gpt2-large,ds002236,Sem,ses-9,3,0.083,pair_concat,-0.032,-0.0191
gpt2-large,ds002236,Sem,ses-9,3,0.083,pair_absdiff,0.0233,0.0419
gpt2-large,ds002236,Sem,ses-9,3,0.083,pair_cos1d,0.0674,0.05
gpt2-large,ds002236,Sem,ses-9,4,0.111,pipeline_meanpool,-0.0187,0.0056
gpt2-large,ds002236,Sem,ses-9,4,0.111,pair_concat,-0.0373,-0.0217
gpt2-large,ds002236,Sem,ses-9,4,0.111,pair_absdiff,0.0179,0.0454
gpt2-large,ds002236,Sem,ses-9,4,0.111,pair_cos1d,0.0558,0.0468
gpt2-large,ds002236,Sem,ses-9,5,0.139,pipeline_meanpool,-0.0221,0.0151
gpt2-large,ds002236,Sem,ses-9,5,0.139,pair_concat,-0.0405,-0.0261
gpt2-large,ds002236,Sem,ses-9,5,0.139,pair_absdiff,0.0251,0.0382
gpt2-large,ds002236,Sem,ses-9,5,0.139,pair_cos1d,0.0455,0.0506
gpt2-large,ds002236,Sem,ses-9,6,0.167,pipeline_meanpool,-0.027,0.0198
gpt2-large,ds002236,Sem,ses-9,6,0.167,pair_concat,-0.0401,-0.026
gpt2-large,ds002236,Sem,ses-9,6,0.167,pair_absdiff,0.0034,0.0079
gpt2-large,ds002236,Sem,ses-9,6,0.167,pair_cos1d,0.0056,0.0458
gpt2-large,ds002236,Sem,ses-9,7,0.194,pipeline_meanpool,-0.0367,0.0067
gpt2-large,ds002236,Sem,ses-9,7,0.194,pair_concat,-0.0069,-0.0014
gpt2-large,ds002236,Sem,ses-9,7,0.194,pair_absdiff,0.0049,0.0044
gpt2-large,ds002236,Sem,ses-9,7,0.194,pair_cos1d,0.0018,0.0451
gpt2-large,ds002236,Sem,ses-9,8,0.222,pipeline_meanpool,-0.0393,0.0034
gpt2-large,ds002236,Sem,ses-9,8,0.222,pair_concat,0.0225,0.0024
gpt2-large,ds002236,Sem,ses-9,8,0.222,pair_absdiff,0.0244,0.0325
gpt2-large,ds002236,Sem,ses-9,8,0.222,pair_cos1d,0.0046,0.0449
gpt2-large,ds002236,Sem,ses-9,9,0.25,pipeline_meanpool,-0.0386,0.0055
gpt2-large,ds002236,Sem,ses-9,9,0.25,pair_concat,0.0284,0.0078
gpt2-large,ds002236,Sem,ses-9,9,0.25,pair_absdiff,0.0171,0.0171
gpt2-large,ds002236,Sem,ses-9,9,0.25,pair_cos1d,0.0001,0.0389
gpt2-large,ds002236,Sem,ses-9,10,0.278,pipeline_meanpool,-0.0375,0.0072
gpt2-large,ds002236,Sem,ses-9,10,0.278,pair_concat,0.0283,0.0085
gpt2-large,ds002236,Sem,ses-9,10,0.278,pair_absdiff,0.017,0.0071
gpt2-large,ds002236,Sem,ses-9,10,0.278,pair_cos1d,-0.0048,0.0312
gpt2-large,ds002236,Sem,ses-9,11,0.306,pipeline_meanpool,-0.0364,0.0082
gpt2-large,ds002236,Sem,ses-9,11,0.306,pair_concat,0.0281,0.0098
gpt2-large,ds002236,Sem,ses-9,11,0.306,pair_absdiff,0.0242,0.0157
gpt2-large,ds002236,Sem,ses-9,11,0.306,pair_cos1d,0.0051,0.0387
gpt2-large,ds002236,Sem,ses-9,12,0.333,pipeline_meanpool,-0.0353,0.005
gpt2-large,ds002236,Sem,ses-9,12,0.333,pair_concat,0.0283,0.0103
gpt2-large,ds002236,Sem,ses-9,12,0.333,pair_absdiff,0.02,0.0128
gpt2-large,ds002236,Sem,ses-9,12,0.333,pair_cos1d,0.0084,0.0394
gpt2-large,ds002236,Sem,ses-9,13,0.361,pipeline_meanpool,-0.0365,0.0054
gpt2-large,ds002236,Sem,ses-9,13,0.361,pair_concat,0.0291,0.0107
gpt2-large,ds002236,Sem,ses-9,13,0.361,pair_absdiff,0.02,0.0127
gpt2-large,ds002236,Sem,ses-9,13,0.361,pair_cos1d,0.0075,0.038
gpt2-large,ds002236,Sem,ses-9,14,0.389,pipeline_meanpool,-0.0353,0.0073
gpt2-large,ds002236,Sem,ses-9,14,0.389,pair_concat,0.0292,0.0115
gpt2-large,ds002236,Sem,ses-9,14,0.389,pair_absdiff,0.0192,0.0126
gpt2-large,ds002236,Sem,ses-9,14,0.389,pair_cos1d,0.0052,0.0386
gpt2-large,ds002236,Sem,ses-9,15,0.417,pipeline_meanpool,-0.0358,0.0076
gpt2-large,ds002236,Sem,ses-9,15,0.417,pair_concat,0.0295,0.0122
gpt2-large,ds002236,Sem,ses-9,15,0.417,pair_absdiff,0.0179,0.0138
gpt2-large,ds002236,Sem,ses-9,15,0.417,pair_cos1d,0.0058,0.0396
gpt2-large,ds002236,Sem,ses-9,16,0.444,pipeline_meanpool,-0.0358,0.0059
gpt2-large,ds002236,Sem,ses-9,16,0.444,pair_concat,0.0299,0.0127
gpt2-large,ds002236,Sem,ses-9,16,0.444,pair_absdiff,0.0145,0.0099
gpt2-large,ds002236,Sem,ses-9,16,0.444,pair_cos1d,0.0076,0.0419
gpt2-large,ds002236,Sem,ses-9,17,0.472,pipeline_meanpool,-0.0353,0.0045
gpt2-large,ds002236,Sem,ses-9,17,0.472,pair_concat,0.0292,0.0117
gpt2-large,ds002236,Sem,ses-9,17,0.472,pair_absdiff,0.0149,0.0103
gpt2-large,ds002236,Sem,ses-9,17,0.472,pair_cos1d,0.0116,0.0453
gpt2-large,ds002236,Sem,ses-9,18,0.5,pipeline_meanpool,-0.0361,0.0031
gpt2-large,ds002236,Sem,ses-9,18,0.5,pair_concat,0.0294,0.0115
gpt2-large,ds002236,Sem,ses-9,18,0.5,pair_absdiff,0.0146,0.0111
gpt2-large,ds002236,Sem,ses-9,18,0.5,pair_cos1d,0.0096,0.0431
gpt2-large,ds002236,Sem,ses-9,19,0.528,pipeline_meanpool,-0.0364,0.0034
gpt2-large,ds002236,Sem,ses-9,19,0.528,pair_concat,0.0292,0.0118
gpt2-large,ds002236,Sem,ses-9,19,0.528,pair_absdiff,0.0125,0.0104
gpt2-large,ds002236,Sem,ses-9,19,0.528,pair_cos1d,0.0122,0.0452
gpt2-large,ds002236,Sem,ses-9,20,0.556,pipeline_meanpool,-0.0368,0.0021
gpt2-large,ds002236,Sem,ses-9,20,0.556,pair_concat,0.0285,0.0114
gpt2-large,ds002236,Sem,ses-9,20,0.556,pair_absdiff,0.0127,0.0115
gpt2-large,ds002236,Sem,ses-9,20,0.556,pair_cos1d,0.01,0.0443
gpt2-large,ds002236,Sem,ses-9,21,0.583,pipeline_meanpool,-0.0375,0.0022
gpt2-large,ds002236,Sem,ses-9,21,0.583,pair_concat,0.0281,0.0111
gpt2-large,ds002236,Sem,ses-9,21,0.583,pair_absdiff,0.0119,0.0086
gpt2-large,ds002236,Sem,ses-9,21,0.583,pair_cos1d,0.0082,0.0433
gpt2-large,ds002236,Sem,ses-9,22,0.611,pipeline_meanpool,-0.0373,0.001
gpt2-large,ds002236,Sem,ses-9,22,0.611,pair_concat,0.0279,0.0106
gpt2-large,ds002236,Sem,ses-9,22,0.611,pair_absdiff,0.0122,0.0093
gpt2-large,ds002236,Sem,ses-9,22,0.611,pair_cos1d,0.0084,0.0419
gpt2-large,ds002236,Sem,ses-9,23,0.639,pipeline_meanpool,-0.0395,0.0004
gpt2-large,ds002236,Sem,ses-9,23,0.639,pair_concat,0.0275,0.0112
gpt2-large,ds002236,Sem,ses-9,23,0.639,pair_absdiff,0.0096,0.0089
gpt2-large,ds002236,Sem,ses-9,23,0.639,pair_cos1d,0.0066,0.0414
gpt2-large,ds002236,Sem,ses-9,24,0.667,pipeline_meanpool,-0.0405,-0.0005
gpt2-large,ds002236,Sem,ses-9,24,0.667,pair_concat,0.0268,0.0112
gpt2-large,ds002236,Sem,ses-9,24,0.667,pair_absdiff,0.0093,0.0072
gpt2-large,ds002236,Sem,ses-9,24,0.667,pair_cos1d,0.0044,0.0399
gpt2-large,ds002236,Sem,ses-9,25,0.694,pipeline_meanpool,-0.0409,-0.0016
gpt2-large,ds002236,Sem,ses-9,25,0.694,pair_concat,0.0261,0.011
gpt2-large,ds002236,Sem,ses-9,25,0.694,pair_absdiff,0.0109,0.007
gpt2-large,ds002236,Sem,ses-9,25,0.694,pair_cos1d,0.0094,0.045
gpt2-large,ds002236,Sem,ses-9,26,0.722,pipeline_meanpool,-0.0411,-0.0031
gpt2-large,ds002236,Sem,ses-9,26,0.722,pair_concat,0.0252,0.0103
gpt2-large,ds002236,Sem,ses-9,26,0.722,pair_absdiff,0.0111,0.0046
gpt2-large,ds002236,Sem,ses-9,26,0.722,pair_cos1d,0.0126,0.0449
gpt2-large,ds002236,Sem,ses-9,27,0.75,pipeline_meanpool,-0.0417,-0.0044
gpt2-large,ds002236,Sem,ses-9,27,0.75,pair_concat,0.0251,0.0102
gpt2-large,ds002236,Sem,ses-9,27,0.75,pair_absdiff,0.0111,0.0016
gpt2-large,ds002236,Sem,ses-9,27,0.75,pair_cos1d,0.0134,0.0452
gpt2-large,ds002236,Sem,ses-9,28,0.778,pipeline_meanpool,-0.0405,-0.0046
gpt2-large,ds002236,Sem,ses-9,28,0.778,pair_concat,0.0251,0.0109
gpt2-large,ds002236,Sem,ses-9,28,0.778,pair_absdiff,0.0102,-0.0008
gpt2-large,ds002236,Sem,ses-9,28,0.778,pair_cos1d,0.0093,0.0398
gpt2-large,ds002236,Sem,ses-9,29,0.806,pipeline_meanpool,-0.0404,-0.0046
gpt2-large,ds002236,Sem,ses-9,29,0.806,pair_concat,0.0248,0.0109
gpt2-large,ds002236,Sem,ses-9,29,0.806,pair_absdiff,0.0099,-0.0041
gpt2-large,ds002236,Sem,ses-9,29,0.806,pair_cos1d,0.0077,0.0369
gpt2-large,ds002236,Sem,ses-9,30,0.833,pipeline_meanpool,-0.0397,-0.0049
gpt2-large,ds002236,Sem,ses-9,30,0.833,pair_concat,0.025,0.0106
gpt2-large,ds002236,Sem,ses-9,30,0.833,pair_absdiff,0.0089,-0.0108
gpt2-large,ds002236,Sem,ses-9,30,0.833,pair_cos1d,0.0098,0.0397
gpt2-large,ds002236,Sem,ses-9,31,0.861,pipeline_meanpool,-0.0379,-0.0054
gpt2-large,ds002236,Sem,ses-9,31,0.861,pair_concat,0.0258,0.0094
gpt2-large,ds002236,Sem,ses-9,31,0.861,pair_absdiff,0.0076,-0.0097
gpt2-large,ds002236,Sem,ses-9,31,0.861,pair_cos1d,0.011,0.0391
gpt2-large,ds002236,Sem,ses-9,32,0.889,pipeline_meanpool,-0.0375,-0.0073
gpt2-large,ds002236,Sem,ses-9,32,0.889,pair_concat,0.0259,0.0097
gpt2-large,ds002236,Sem,ses-9,32,0.889,pair_absdiff,0.0006,-0.0237
gpt2-large,ds002236,Sem,ses-9,32,0.889,pair_cos1d,0.0117,0.039
gpt2-large,ds002236,Sem,ses-9,33,0.917,pipeline_meanpool,-0.0352,-0.0087
gpt2-large,ds002236,Sem,ses-9,33,0.917,pair_concat,0.0235,0.0038
gpt2-large,ds002236,Sem,ses-9,33,0.917,pair_absdiff,0.0036,-0.0078
gpt2-large,ds002236,Sem,ses-9,33,0.917,pair_cos1d,0.0137,0.0402
gpt2-large,ds002236,Sem,ses-9,34,0.944,pipeline_meanpool,-0.0354,-0.0194
gpt2-large,ds002236,Sem,ses-9,34,0.944,pair_concat,0.003,-0.0018
gpt2-large,ds002236,Sem,ses-9,34,0.944,pair_absdiff,0.0122,0.0252
gpt2-large,ds002236,Sem,ses-9,34,0.944,pair_cos1d,0.0245,0.0427
gpt2-large,ds002236,Sem,ses-9,35,0.972,pipeline_meanpool,0.0097,-0.0229
gpt2-large,ds002236,Sem,ses-9,35,0.972,pair_concat,-0.0263,-0.0192
gpt2-large,ds002236,Sem,ses-9,35,0.972,pair_absdiff,-0.0023,0.0193
gpt2-large,ds002236,Sem,ses-9,35,0.972,pair_cos1d,0.0465,0.046
gpt2-large,ds002236,Sem,ses-9,36,1.0,pipeline_meanpool,-0.0164,-0.0206
gpt2-large,ds002236,Sem,ses-9,36,1.0,pair_concat,-0.0193,0.0003
gpt2-large,ds002236,Sem,ses-9,36,1.0,pair_absdiff,0.0315,0.039
gpt2-large,ds002236,Sem,ses-9,36,1.0,pair_cos1d,-0.0237,-0.0147
gpt2-large,ds003604,Gram,ses-5,0,0.0,pipeline_meanpool,0.0193,0.0347
gpt2-large,ds003604,Gram,ses-5,0,0.0,pair_concat,0.0374,0.0408
gpt2-large,ds003604,Gram,ses-5,0,0.0,pair_absdiff,0.0465,0.0484
gpt2-large,ds003604,Gram,ses-5,0,0.0,pair_cos1d,0.0058,-0.0072
gpt2-large,ds003604,Gram,ses-5,1,0.028,pipeline_meanpool,0.0288,0.0518
gpt2-large,ds003604,Gram,ses-5,1,0.028,pair_concat,0.0411,0.0513
gpt2-large,ds003604,Gram,ses-5,1,0.028,pair_absdiff,0.0397,0.0421
gpt2-large,ds003604,Gram,ses-5,1,0.028,pair_cos1d,0.0036,0.0031
gpt2-large,ds003604,Gram,ses-5,2,0.056,pipeline_meanpool,0.0328,0.0649
gpt2-large,ds003604,Gram,ses-5,2,0.056,pair_concat,0.0461,0.0616
gpt2-large,ds003604,Gram,ses-5,2,0.056,pair_absdiff,0.045,0.0488
gpt2-large,ds003604,Gram,ses-5,2,0.056,pair_cos1d,0.0076,0.0042
gpt2-large,ds003604,Gram,ses-5,3,0.083,pipeline_meanpool,0.0386,0.0683
gpt2-large,ds003604,Gram,ses-5,3,0.083,pair_concat,0.0453,0.0543
gpt2-large,ds003604,Gram,ses-5,3,0.083,pair_absdiff,0.0427,0.0545
gpt2-large,ds003604,Gram,ses-5,3,0.083,pair_cos1d,-0.0036,-0.0233
gpt2-large,ds003604,Gram,ses-5,4,0.111,pipeline_meanpool,0.0399,0.0704
gpt2-large,ds003604,Gram,ses-5,4,0.111,pair_concat,0.0424,0.0525
gpt2-large,ds003604,Gram,ses-5,4,0.111,pair_absdiff,0.0434,0.049
gpt2-large,ds003604,Gram,ses-5,4,0.111,pair_cos1d,0.0015,-0.0145
gpt2-large,ds003604,Gram,ses-5,5,0.139,pipeline_meanpool,0.0462,0.0718
gpt2-large,ds003604,Gram,ses-5,5,0.139,pair_concat,0.0452,0.055
gpt2-large,ds003604,Gram,ses-5,5,0.139,pair_absdiff,0.0487,0.0592
gpt2-large,ds003604,Gram,ses-5,5,0.139,pair_cos1d,-0.0122,-0.0278
gpt2-large,ds003604,Gram,ses-5,6,0.167,pipeline_meanpool,0.0487,0.0666
gpt2-large,ds003604,Gram,ses-5,6,0.167,pair_concat,0.0474,0.0582
gpt2-large,ds003604,Gram,ses-5,6,0.167,pair_absdiff,0.036,0.053
gpt2-large,ds003604,Gram,ses-5,6,0.167,pair_cos1d,-0.0064,-0.0209
gpt2-large,ds003604,Gram,ses-5,7,0.194,pipeline_meanpool,0.0433,0.0553
gpt2-large,ds003604,Gram,ses-5,7,0.194,pair_concat,0.0491,0.0588
gpt2-large,ds003604,Gram,ses-5,7,0.194,pair_absdiff,0.0241,0.0411
gpt2-large,ds003604,Gram,ses-5,7,0.194,pair_cos1d,-0.0172,-0.0286
gpt2-large,ds003604,Gram,ses-5,8,0.222,pipeline_meanpool,0.037,0.0491
gpt2-large,ds003604,Gram,ses-5,8,0.222,pair_concat,0.046,0.0528
gpt2-large,ds003604,Gram,ses-5,8,0.222,pair_absdiff,0.0088,0.0144
gpt2-large,ds003604,Gram,ses-5,8,0.222,pair_cos1d,-0.0147,-0.0237
gpt2-large,ds003604,Gram,ses-5,9,0.25,pipeline_meanpool,0.035,0.05
gpt2-large,ds003604,Gram,ses-5,9,0.25,pair_concat,0.0432,0.0497
gpt2-large,ds003604,Gram,ses-5,9,0.25,pair_absdiff,0.0065,0.0168
gpt2-large,ds003604,Gram,ses-5,9,0.25,pair_cos1d,-0.0119,-0.0236
gpt2-large,ds003604,Gram,ses-5,10,0.278,pipeline_meanpool,0.0367,0.0506
gpt2-large,ds003604,Gram,ses-5,10,0.278,pair_concat,0.0378,0.0418
gpt2-large,ds003604,Gram,ses-5,10,0.278,pair_absdiff,0.0068,0.016
gpt2-large,ds003604,Gram,ses-5,10,0.278,pair_cos1d,-0.0106,-0.0216
gpt2-large,ds003604,Gram,ses-5,11,0.306,pipeline_meanpool,0.0373,0.051
gpt2-large,ds003604,Gram,ses-5,11,0.306,pair_concat,0.0329,0.0361
gpt2-large,ds003604,Gram,ses-5,11,0.306,pair_absdiff,0.0069,0.016
gpt2-large,ds003604,Gram,ses-5,11,0.306,pair_cos1d,-0.0119,-0.0201
gpt2-large,ds003604,Gram,ses-5,12,0.333,pipeline_meanpool,0.0373,0.0515
gpt2-large,ds003604,Gram,ses-5,12,0.333,pair_concat,0.0294,0.0324
gpt2-large,ds003604,Gram,ses-5,12,0.333,pair_absdiff,0.0063,0.0154
gpt2-large,ds003604,Gram,ses-5,12,0.333,pair_cos1d,-0.0144,-0.0233
gpt2-large,ds003604,Gram,ses-5,13,0.361,pipeline_meanpool,0.0391,0.0503
gpt2-large,ds003604,Gram,ses-5,13,0.361,pair_concat,0.0293,0.0321
gpt2-large,ds003604,Gram,ses-5,13,0.361,pair_absdiff,0.0059,0.0146
gpt2-large,ds003604,Gram,ses-5,13,0.361,pair_cos1d,-0.014,-0.0223
gpt2-large,ds003604,Gram,ses-5,14,0.389,pipeline_meanpool,0.0401,0.0525
gpt2-large,ds003604,Gram,ses-5,14,0.389,pair_concat,0.0265,0.029
gpt2-large,ds003604,Gram,ses-5,14,0.389,pair_absdiff,0.006,0.0146
gpt2-large,ds003604,Gram,ses-5,14,0.389,pair_cos1d,-0.0143,-0.0229
gpt2-large,ds003604,Gram,ses-5,15,0.417,pipeline_meanpool,0.0399,0.051
gpt2-large,ds003604,Gram,ses-5,15,0.417,pair_concat,0.0222,0.0231
gpt2-large,ds003604,Gram,ses-5,15,0.417,pair_absdiff,0.0065,0.0147
gpt2-large,ds003604,Gram,ses-5,15,0.417,pair_cos1d,-0.0151,-0.0232
gpt2-large,ds003604,Gram,ses-5,16,0.444,pipeline_meanpool,0.0391,0.0523
gpt2-large,ds003604,Gram,ses-5,16,0.444,pair_concat,0.0213,0.0221
gpt2-large,ds003604,Gram,ses-5,16,0.444,pair_absdiff,0.0063,0.0145
gpt2-large,ds003604,Gram,ses-5,16,0.444,pair_cos1d,-0.0161,-0.0241
gpt2-large,ds003604,Gram,ses-5,17,0.472,pipeline_meanpool,0.0392,0.0485
gpt2-large,ds003604,Gram,ses-5,17,0.472,pair_concat,0.0207,0.0211
gpt2-large,ds003604,Gram,ses-5,17,0.472,pair_absdiff,0.0064,0.0138
gpt2-large,ds003604,Gram,ses-5,17,0.472,pair_cos1d,-0.0157,-0.0247
gpt2-large,ds003604,Gram,ses-5,18,0.5,pipeline_meanpool,0.0394,0.0511
gpt2-large,ds003604,Gram,ses-5,18,0.5,pair_concat,0.0222,0.0233
gpt2-large,ds003604,Gram,ses-5,18,0.5,pair_absdiff,0.0064,0.0135
gpt2-large,ds003604,Gram,ses-5,18,0.5,pair_cos1d,-0.0153,-0.0244
gpt2-large,ds003604,Gram,ses-5,19,0.528,pipeline_meanpool,0.0411,0.0543
gpt2-large,ds003604,Gram,ses-5,19,0.528,pair_concat,0.0186,0.0193
gpt2-large,ds003604,Gram,ses-5,19,0.528,pair_absdiff,0.0077,0.0159
gpt2-large,ds003604,Gram,ses-5,19,0.528,pair_cos1d,-0.0155,-0.0244
gpt2-large,ds003604,Gram,ses-5,20,0.556,pipeline_meanpool,0.0412,0.0579
gpt2-large,ds003604,Gram,ses-5,20,0.556,pair_concat,0.0184,0.0191
gpt2-large,ds003604,Gram,ses-5,20,0.556,pair_absdiff,0.0065,0.0147
gpt2-large,ds003604,Gram,ses-5,20,0.556,pair_cos1d,-0.0148,-0.0237
gpt2-large,ds003604,Gram,ses-5,21,0.583,pipeline_meanpool,0.0395,0.0557
gpt2-large,ds003604,Gram,ses-5,21,0.583,pair_concat,0.018,0.0188
gpt2-large,ds003604,Gram,ses-5,21,0.583,pair_absdiff,0.0067,0.0147
gpt2-large,ds003604,Gram,ses-5,21,0.583,pair_cos1d,-0.0148,-0.0237
gpt2-large,ds003604,Gram,ses-5,22,0.611,pipeline_meanpool,0.0372,0.0514
gpt2-large,ds003604,Gram,ses-5,22,0.611,pair_concat,0.0181,0.0183
gpt2-large,ds003604,Gram,ses-5,22,0.611,pair_absdiff,0.0072,0.0154
gpt2-large,ds003604,Gram,ses-5,22,0.611,pair_cos1d,-0.0144,-0.0232
gpt2-large,ds003604,Gram,ses-5,23,0.639,pipeline_meanpool,0.0346,0.0492
gpt2-large,ds003604,Gram,ses-5,23,0.639,pair_concat,0.0181,0.0182
gpt2-large,ds003604,Gram,ses-5,23,0.639,pair_absdiff,0.0066,0.0141
gpt2-large,ds003604,Gram,ses-5,23,0.639,pair_cos1d,-0.0131,-0.0238
gpt2-large,ds003604,Gram,ses-5,24,0.667,pipeline_meanpool,0.0326,0.0483
gpt2-large,ds003604,Gram,ses-5,24,0.667,pair_concat,0.0171,0.0168
gpt2-large,ds003604,Gram,ses-5,24,0.667,pair_absdiff,0.0069,0.0149
gpt2-large,ds003604,Gram,ses-5,24,0.667,pair_cos1d,-0.012,-0.0234
gpt2-large,ds003604,Gram,ses-5,25,0.694,pipeline_meanpool,0.0325,0.0489
gpt2-large,ds003604,Gram,ses-5,25,0.694,pair_concat,0.0142,0.0153
gpt2-large,ds003604,Gram,ses-5,25,0.694,pair_absdiff,0.007,0.0151
gpt2-large,ds003604,Gram,ses-5,25,0.694,pair_cos1d,-0.013,-0.025
gpt2-large,ds003604,Gram,ses-5,26,0.722,pipeline_meanpool,0.0316,0.0486
gpt2-large,ds003604,Gram,ses-5,26,0.722,pair_concat,0.015,0.0164
gpt2-large,ds003604,Gram,ses-5,26,0.722,pair_absdiff,0.0064,0.0145
gpt2-large,ds003604,Gram,ses-5,26,0.722,pair_cos1d,-0.0141,-0.025
gpt2-large,ds003604,Gram,ses-5,27,0.75,pipeline_meanpool,0.0298,0.0484
gpt2-large,ds003604,Gram,ses-5,27,0.75,pair_concat,0.0155,0.0176
gpt2-large,ds003604,Gram,ses-5,27,0.75,pair_absdiff,0.0057,0.0135
gpt2-large,ds003604,Gram,ses-5,27,0.75,pair_cos1d,-0.0128,-0.0258
gpt2-large,ds003604,Gram,ses-5,28,0.778,pipeline_meanpool,0.0295,0.0488
gpt2-large,ds003604,Gram,ses-5,28,0.778,pair_concat,0.0147,0.0162
gpt2-large,ds003604,Gram,ses-5,28,0.778,pair_absdiff,0.0056,0.0136
gpt2-large,ds003604,Gram,ses-5,28,0.778,pair_cos1d,-0.0121,-0.0256
gpt2-large,ds003604,Gram,ses-5,29,0.806,pipeline_meanpool,0.0274,0.0459
gpt2-large,ds003604,Gram,ses-5,29,0.806,pair_concat,0.0154,0.0176
gpt2-large,ds003604,Gram,ses-5,29,0.806,pair_absdiff,0.0066,0.0155
gpt2-large,ds003604,Gram,ses-5,29,0.806,pair_cos1d,-0.0126,-0.0257
gpt2-large,ds003604,Gram,ses-5,30,0.833,pipeline_meanpool,0.025,0.0435
gpt2-large,ds003604,Gram,ses-5,30,0.833,pair_concat,0.0142,0.0153
gpt2-large,ds003604,Gram,ses-5,30,0.833,pair_absdiff,0.0063,0.0148
gpt2-large,ds003604,Gram,ses-5,30,0.833,pair_cos1d,-0.0134,-0.0263
gpt2-large,ds003604,Gram,ses-5,31,0.861,pipeline_meanpool,0.021,0.0423
gpt2-large,ds003604,Gram,ses-5,31,0.861,pair_concat,0.0153,0.0169
gpt2-large,ds003604,Gram,ses-5,31,0.861,pair_absdiff,0.0067,0.0156
gpt2-large,ds003604,Gram,ses-5,31,0.861,pair_cos1d,-0.0144,-0.027
gpt2-large,ds003604,Gram,ses-5,32,0.889,pipeline_meanpool,0.0195,0.0466
gpt2-large,ds003604,Gram,ses-5,32,0.889,pair_concat,0.018,0.0192
gpt2-large,ds003604,Gram,ses-5,32,0.889,pair_absdiff,0.0066,0.0145
gpt2-large,ds003604,Gram,ses-5,32,0.889,pair_cos1d,-0.0136,-0.0276
gpt2-large,ds003604,Gram,ses-5,33,0.917,pipeline_meanpool,0.027,0.051
gpt2-large,ds003604,Gram,ses-5,33,0.917,pair_concat,0.0214,0.022
gpt2-large,ds003604,Gram,ses-5,33,0.917,pair_absdiff,0.0066,0.0141
gpt2-large,ds003604,Gram,ses-5,33,0.917,pair_cos1d,-0.0137,-0.0252
gpt2-large,ds003604,Gram,ses-5,34,0.944,pipeline_meanpool,0.0119,0.0385
gpt2-large,ds003604,Gram,ses-5,34,0.944,pair_concat,0.0331,0.0369
gpt2-large,ds003604,Gram,ses-5,34,0.944,pair_absdiff,0.0068,0.0137
gpt2-large,ds003604,Gram,ses-5,34,0.944,pair_cos1d,-0.0097,-0.0147
gpt2-large,ds003604,Gram,ses-5,35,0.972,pipeline_meanpool,0.0109,0.0278
gpt2-large,ds003604,Gram,ses-5,35,0.972,pair_concat,0.046,0.0583
gpt2-large,ds003604,Gram,ses-5,35,0.972,pair_absdiff,0.0492,0.0601
gpt2-large,ds003604,Gram,ses-5,35,0.972,pair_cos1d,0.0267,0.0221
gpt2-large,ds003604,Gram,ses-5,36,1.0,pipeline_meanpool,0.0174,0.0272
gpt2-large,ds003604,Gram,ses-5,36,1.0,pair_concat,0.0476,0.0637
gpt2-large,ds003604,Gram,ses-5,36,1.0,pair_absdiff,0.046,0.0474
gpt2-large,ds003604,Gram,ses-5,36,1.0,pair_cos1d,0.0149,0.0192
gpt2-large,ds003604,Gram,ses-7,0,0.0,pipeline_meanpool,0.0077,0.0322
gpt2-large,ds003604,Gram,ses-7,0,0.0,pair_concat,0.0294,0.0337
gpt2-large,ds003604,Gram,ses-7,0,0.0,pair_absdiff,0.0399,0.0465
gpt2-large,ds003604,Gram,ses-7,0,0.0,pair_cos1d,0.004,-0.0066
gpt2-large,ds003604,Gram,ses-7,1,0.028,pipeline_meanpool,0.0178,0.0487
gpt2-large,ds003604,Gram,ses-7,1,0.028,pair_concat,0.0354,0.0417
gpt2-large,ds003604,Gram,ses-7,1,0.028,pair_absdiff,0.0322,0.0418
gpt2-large,ds003604,Gram,ses-7,1,0.028,pair_cos1d,0.0007,0.0026
gpt2-large,ds003604,Gram,ses-7,2,0.056,pipeline_meanpool,0.0212,0.0604
gpt2-large,ds003604,Gram,ses-7,2,0.056,pair_concat,0.0382,0.0545
gpt2-large,ds003604,Gram,ses-7,2,0.056,pair_absdiff,0.0338,0.0395
gpt2-large,ds003604,Gram,ses-7,2,0.056,pair_cos1d,-0.0002,0.0077
gpt2-large,ds003604,Gram,ses-7,3,0.083,pipeline_meanpool,0.0248,0.0644
gpt2-large,ds003604,Gram,ses-7,3,0.083,pair_concat,0.0344,0.0427
gpt2-large,ds003604,Gram,ses-7,3,0.083,pair_absdiff,0.0316,0.0446
gpt2-large,ds003604,Gram,ses-7,3,0.083,pair_cos1d,-0.0115,-0.0203
gpt2-large,ds003604,Gram,ses-7,4,0.111,pipeline_meanpool,0.0259,0.0661
gpt2-large,ds003604,Gram,ses-7,4,0.111,pair_concat,0.0311,0.0385
gpt2-large,ds003604,Gram,ses-7,4,0.111,pair_absdiff,0.0306,0.0363
gpt2-large,ds003604,Gram,ses-7,4,0.111,pair_cos1d,0.0029,-0.0092
gpt2-large,ds003604,Gram,ses-7,5,0.139,pipeline_meanpool,0.0315,0.0651
gpt2-large,ds003604,Gram,ses-7,5,0.139,pair_concat,0.0326,0.0418
gpt2-large,ds003604,Gram,ses-7,5,0.139,pair_absdiff,0.0345,0.0495
gpt2-large,ds003604,Gram,ses-7,5,0.139,pair_cos1d,-0.0138,-0.0229
gpt2-large,ds003604,Gram,ses-7,6,0.167,pipeline_meanpool,0.0318,0.0549
gpt2-large,ds003604,Gram,ses-7,6,0.167,pair_concat,0.0318,0.0419
gpt2-large,ds003604,Gram,ses-7,6,0.167,pair_absdiff,0.0221,0.0354
gpt2-large,ds003604,Gram,ses-7,6,0.167,pair_cos1d,-0.0075,-0.0147
gpt2-large,ds003604,Gram,ses-7,7,0.194,pipeline_meanpool,0.0263,0.0444
gpt2-large,ds003604,Gram,ses-7,7,0.194,pair_concat,0.0328,0.0438
gpt2-large,ds003604,Gram,ses-7,7,0.194,pair_absdiff,0.0179,0.0332
gpt2-large,ds003604,Gram,ses-7,7,0.194,pair_cos1d,-0.0113,-0.0182
gpt2-large,ds003604,Gram,ses-7,8,0.222,pipeline_meanpool,0.0195,0.0386
gpt2-large,ds003604,Gram,ses-7,8,0.222,pair_concat,0.0353,0.0422
gpt2-large,ds003604,Gram,ses-7,8,0.222,pair_absdiff,0.0061,0.0118
gpt2-large,ds003604,Gram,ses-7,8,0.222,pair_cos1d,-0.0129,-0.0171
gpt2-large,ds003604,Gram,ses-7,9,0.25,pipeline_meanpool,0.019,0.0398
gpt2-large,ds003604,Gram,ses-7,9,0.25,pair_concat,0.0334,0.0387
gpt2-large,ds003604,Gram,ses-7,9,0.25,pair_absdiff,0.0025,0.0157
gpt2-large,ds003604,Gram,ses-7,9,0.25,pair_cos1d,-0.0099,-0.0173
gpt2-large,ds003604,Gram,ses-7,10,0.278,pipeline_meanpool,0.0207,0.0421
gpt2-large,ds003604,Gram,ses-7,10,0.278,pair_concat,0.0278,0.0312
gpt2-large,ds003604,Gram,ses-7,10,0.278,pair_absdiff,0.0024,0.0145
gpt2-large,ds003604,Gram,ses-7,10,0.278,pair_cos1d,-0.0083,-0.0149
gpt2-large,ds003604,Gram,ses-7,11,0.306,pipeline_meanpool,0.0208,0.0434
gpt2-large,ds003604,Gram,ses-7,11,0.306,pair_concat,0.0208,0.0249
gpt2-large,ds003604,Gram,ses-7,11,0.306,pair_absdiff,0.0038,0.0156
gpt2-large,ds003604,Gram,ses-7,11,0.306,pair_cos1d,-0.0082,-0.013
gpt2-large,ds003604,Gram,ses-7,12,0.333,pipeline_meanpool,0.0205,0.0429
gpt2-large,ds003604,Gram,ses-7,12,0.333,pair_concat,0.0162,0.0195
gpt2-large,ds003604,Gram,ses-7,12,0.333,pair_absdiff,0.0016,0.0142
gpt2-large,ds003604,Gram,ses-7,12,0.333,pair_cos1d,-0.0099,-0.0156
gpt2-large,ds003604,Gram,ses-7,13,0.361,pipeline_meanpool,0.022,0.0418
gpt2-large,ds003604,Gram,ses-7,13,0.361,pair_concat,0.0165,0.0197
gpt2-large,ds003604,Gram,ses-7,13,0.361,pair_absdiff,0.0011,0.0133
gpt2-large,ds003604,Gram,ses-7,13,0.361,pair_cos1d,-0.0099,-0.015
gpt2-large,ds003604,Gram,ses-7,14,0.389,pipeline_meanpool,0.0245,0.0464
gpt2-large,ds003604,Gram,ses-7,14,0.389,pair_concat,0.0143,0.0175
gpt2-large,ds003604,Gram,ses-7,14,0.389,pair_absdiff,0.0013,0.0133
gpt2-large,ds003604,Gram,ses-7,14,0.389,pair_cos1d,-0.0107,-0.0158
gpt2-large,ds003604,Gram,ses-7,15,0.417,pipeline_meanpool,0.0243,0.0444
gpt2-large,ds003604,Gram,ses-7,15,0.417,pair_concat,0.0121,0.0121
gpt2-large,ds003604,Gram,ses-7,15,0.417,pair_absdiff,0.0025,0.0138
gpt2-large,ds003604,Gram,ses-7,15,0.417,pair_cos1d,-0.0114,-0.0163
gpt2-large,ds003604,Gram,ses-7,16,0.444,pipeline_meanpool,0.0262,0.0471
gpt2-large,ds003604,Gram,ses-7,16,0.444,pair_concat,0.0104,0.0107
gpt2-large,ds003604,Gram,ses-7,16,0.444,pair_absdiff,0.0024,0.0139
gpt2-large,ds003604,Gram,ses-7,16,0.444,pair_cos1d,-0.0129,-0.0171
gpt2-large,ds003604,Gram,ses-7,17,0.472,pipeline_meanpool,0.0257,0.0442
gpt2-large,ds003604,Gram,ses-7,17,0.472,pair_concat,0.0107,0.0105
gpt2-large,ds003604,Gram,ses-7,17,0.472,pair_absdiff,0.0015,0.0125
gpt2-large,ds003604,Gram,ses-7,17,0.472,pair_cos1d,-0.0129,-0.0176
gpt2-large,ds003604,Gram,ses-7,18,0.5,pipeline_meanpool,0.0255,0.0477
gpt2-large,ds003604,Gram,ses-7,18,0.5,pair_concat,0.0115,0.0123
gpt2-large,ds003604,Gram,ses-7,18,0.5,pair_absdiff,0.0017,0.0124
gpt2-large,ds003604,Gram,ses-7,18,0.5,pair_cos1d,-0.0123,-0.0172
gpt2-large,ds003604,Gram,ses-7,19,0.528,pipeline_meanpool,0.0271,0.0505
gpt2-large,ds003604,Gram,ses-7,19,0.528,pair_concat,0.0084,0.0087
gpt2-large,ds003604,Gram,ses-7,19,0.528,pair_absdiff,0.0029,0.0142
gpt2-large,ds003604,Gram,ses-7,19,0.528,pair_cos1d,-0.0121,-0.0172
gpt2-large,ds003604,Gram,ses-7,20,0.556,pipeline_meanpool,0.0278,0.0541
gpt2-large,ds003604,Gram,ses-7,20,0.556,pair_concat,0.0071,0.0078
gpt2-large,ds003604,Gram,ses-7,20,0.556,pair_absdiff,0.0015,0.0134
gpt2-large,ds003604,Gram,ses-7,20,0.556,pair_cos1d,-0.0111,-0.0162
gpt2-large,ds003604,Gram,ses-7,21,0.583,pipeline_meanpool,0.0277,0.0539
gpt2-large,ds003604,Gram,ses-7,21,0.583,pair_concat,0.0078,0.0084
gpt2-large,ds003604,Gram,ses-7,21,0.583,pair_absdiff,0.0018,0.013
gpt2-large,ds003604,Gram,ses-7,21,0.583,pair_cos1d,-0.0111,-0.0164
gpt2-large,ds003604,Gram,ses-7,22,0.611,pipeline_meanpool,0.0272,0.0498
gpt2-large,ds003604,Gram,ses-7,22,0.611,pair_concat,0.0063,0.0066
gpt2-large,ds003604,Gram,ses-7,22,0.611,pair_absdiff,0.0023,0.0137
gpt2-large,ds003604,Gram,ses-7,22,0.611,pair_cos1d,-0.0108,-0.016
gpt2-large,ds003604,Gram,ses-7,23,0.639,pipeline_meanpool,0.0258,0.0481
gpt2-large,ds003604,Gram,ses-7,23,0.639,pair_concat,0.0076,0.0074
gpt2-large,ds003604,Gram,ses-7,23,0.639,pair_absdiff,0.0013,0.0124
gpt2-large,ds003604,Gram,ses-7,23,0.639,pair_cos1d,-0.0101,-0.0165
gpt2-large,ds003604,Gram,ses-7,24,0.667,pipeline_meanpool,0.0248,0.048
gpt2-large,ds003604,Gram,ses-7,24,0.667,pair_concat,0.0064,0.0061
gpt2-large,ds003604,Gram,ses-7,24,0.667,pair_absdiff,0.0026,0.0135
gpt2-large,ds003604,Gram,ses-7,24,0.667,pair_cos1d,-0.0093,-0.0165
gpt2-large,ds003604,Gram,ses-7,25,0.694,pipeline_meanpool,0.0258,0.0498
gpt2-large,ds003604,Gram,ses-7,25,0.694,pair_concat,0.0021,0.0046
gpt2-large,ds003604,Gram,ses-7,25,0.694,pair_absdiff,0.0023,0.0133
gpt2-large,ds003604,Gram,ses-7,25,0.694,pair_cos1d,-0.0102,-0.018
gpt2-large,ds003604,Gram,ses-7,26,0.722,pipeline_meanpool,0.0256,0.0485
gpt2-large,ds003604,Gram,ses-7,26,0.722,pair_concat,0.0036,0.0059
gpt2-large,ds003604,Gram,ses-7,26,0.722,pair_absdiff,0.0011,0.0129
gpt2-large,ds003604,Gram,ses-7,26,0.722,pair_cos1d,-0.0112,-0.018
gpt2-large,ds003604,Gram,ses-7,27,0.75,pipeline_meanpool,0.025,0.0484
gpt2-large,ds003604,Gram,ses-7,27,0.75,pair_concat,0.003,0.0064
gpt2-large,ds003604,Gram,ses-7,27,0.75,pair_absdiff,0.0009,0.0123
gpt2-large,ds003604,Gram,ses-7,27,0.75,pair_cos1d,-0.0108,-0.0193
gpt2-large,ds003604,Gram,ses-7,28,0.778,pipeline_meanpool,0.025,0.0482
gpt2-large,ds003604,Gram,ses-7,28,0.778,pair_concat,0.0019,0.0049
gpt2-large,ds003604,Gram,ses-7,28,0.778,pair_absdiff,0.0008,0.0124
gpt2-large,ds003604,Gram,ses-7,28,0.778,pair_cos1d,-0.0098,-0.0191
gpt2-large,ds003604,Gram,ses-7,29,0.806,pipeline_meanpool,0.0248,0.0448
gpt2-large,ds003604,Gram,ses-7,29,0.806,pair_concat,0.0027,0.0064
gpt2-large,ds003604,Gram,ses-7,29,0.806,pair_absdiff,0.001,0.0135
gpt2-large,ds003604,Gram,ses-7,29,0.806,pair_cos1d,-0.0113,-0.0195
gpt2-large,ds003604,Gram,ses-7,30,0.833,pipeline_meanpool,0.0232,0.0418
gpt2-large,ds003604,Gram,ses-7,30,0.833,pair_concat,0.0024,0.0048
gpt2-large,ds003604,Gram,ses-7,30,0.833,pair_absdiff,0.0006,0.0129
gpt2-large,ds003604,Gram,ses-7,30,0.833,pair_cos1d,-0.0118,-0.0203
gpt2-large,ds003604,Gram,ses-7,31,0.861,pipeline_meanpool,0.0195,0.04
gpt2-large,ds003604,Gram,ses-7,31,0.861,pair_concat,0.0028,0.0058
gpt2-large,ds003604,Gram,ses-7,31,0.861,pair_absdiff,0.0013,0.0137
gpt2-large,ds003604,Gram,ses-7,31,0.861,pair_cos1d,-0.0126,-0.0206
gpt2-large,ds003604,Gram,ses-7,32,0.889,pipeline_meanpool,0.0187,0.0462
gpt2-large,ds003604,Gram,ses-7,32,0.889,pair_concat,0.0065,0.008
gpt2-large,ds003604,Gram,ses-7,32,0.889,pair_absdiff,0.0003,0.012
gpt2-large,ds003604,Gram,ses-7,32,0.889,pair_cos1d,-0.0124,-0.0211
gpt2-large,ds003604,Gram,ses-7,33,0.917,pipeline_meanpool,0.0179,0.0507
gpt2-large,ds003604,Gram,ses-7,33,0.917,pair_concat,0.0109,0.0113
gpt2-large,ds003604,Gram,ses-7,33,0.917,pair_absdiff,0.0011,0.0122
gpt2-large,ds003604,Gram,ses-7,33,0.917,pair_cos1d,-0.0123,-0.018
gpt2-large,ds003604,Gram,ses-7,34,0.944,pipeline_meanpool,0.0065,0.0366
gpt2-large,ds003604,Gram,ses-7,34,0.944,pair_concat,0.0197,0.0247
gpt2-large,ds003604,Gram,ses-7,34,0.944,pair_absdiff,0.0013,0.0105
gpt2-large,ds003604,Gram,ses-7,34,0.944,pair_cos1d,-0.0126,-0.0091
gpt2-large,ds003604,Gram,ses-7,35,0.972,pipeline_meanpool,0.0122,0.0243
gpt2-large,ds003604,Gram,ses-7,35,0.972,pair_concat,0.0394,0.0494
gpt2-large,ds003604,Gram,ses-7,35,0.972,pair_absdiff,0.0377,0.0474
gpt2-large,ds003604,Gram,ses-7,35,0.972,pair_cos1d,0.0224,0.0258
gpt2-large,ds003604,Gram,ses-7,36,1.0,pipeline_meanpool,0.019,0.018
gpt2-large,ds003604,Gram,ses-7,36,1.0,pair_concat,0.0405,0.0564
gpt2-large,ds003604,Gram,ses-7,36,1.0,pair_absdiff,0.0414,0.0451
gpt2-large,ds003604,Gram,ses-7,36,1.0,pair_cos1d,0.0067,0.0152
gpt2-large,ds003604,Gram,ses-9,0,0.0,pipeline_meanpool,-0.0075,0.029
gpt2-large,ds003604,Gram,ses-9,0,0.0,pair_concat,-0.0017,0.0264
gpt2-large,ds003604,Gram,ses-9,0,0.0,pair_absdiff,0.004,0.0356
gpt2-large,ds003604,Gram,ses-9,0,0.0,pair_cos1d,-0.0055,-0.0088
gpt2-large,ds003604,Gram,ses-9,1,0.028,pipeline_meanpool,0.0061,0.0418
gpt2-large,ds003604,Gram,ses-9,1,0.028,pair_concat,0.0037,0.0315
gpt2-large,ds003604,Gram,ses-9,1,0.028,pair_absdiff,-0.0006,0.0287
gpt2-large,ds003604,Gram,ses-9,1,0.028,pair_cos1d,-0.0135,-0.0035
gpt2-large,ds003604,Gram,ses-9,2,0.056,pipeline_meanpool,0.0032,0.0535
gpt2-large,ds003604,Gram,ses-9,2,0.056,pair_concat,0.0077,0.0443
gpt2-large,ds003604,Gram,ses-9,2,0.056,pair_absdiff,0.0024,0.0274
gpt2-large,ds003604,Gram,ses-9,2,0.056,pair_cos1d,-0.0083,0.0029
gpt2-large,ds003604,Gram,ses-9,3,0.083,pipeline_meanpool,0.0061,0.0567
gpt2-large,ds003604,Gram,ses-9,3,0.083,pair_concat,0.001,0.0322
gpt2-large,ds003604,Gram,ses-9,3,0.083,pair_absdiff,-0.0002,0.0345
gpt2-large,ds003604,Gram,ses-9,3,0.083,pair_cos1d,-0.0209,-0.0296
gpt2-large,ds003604,Gram,ses-9,4,0.111,pipeline_meanpool,0.0061,0.0578
gpt2-large,ds003604,Gram,ses-9,4,0.111,pair_concat,-0.0009,0.0273
gpt2-large,ds003604,Gram,ses-9,4,0.111,pair_absdiff,0.0015,0.0271
gpt2-large,ds003604,Gram,ses-9,4,0.111,pair_cos1d,-0.0151,-0.0209
gpt2-large,ds003604,Gram,ses-9,5,0.139,pipeline_meanpool,0.0104,0.0564
gpt2-large,ds003604,Gram,ses-9,5,0.139,pair_concat,0.0008,0.0309
gpt2-large,ds003604,Gram,ses-9,5,0.139,pair_absdiff,0.0055,0.0399
gpt2-large,ds003604,Gram,ses-9,5,0.139,pair_cos1d,-0.0245,-0.032
gpt2-large,ds003604,Gram,ses-9,6,0.167,pipeline_meanpool,0.0108,0.0455
gpt2-large,ds003604,Gram,ses-9,6,0.167,pair_concat,0.0006,0.0315
gpt2-large,ds003604,Gram,ses-9,6,0.167,pair_absdiff,0.0008,0.0314
gpt2-large,ds003604,Gram,ses-9,6,0.167,pair_cos1d,-0.0159,-0.0206
gpt2-large,ds003604,Gram,ses-9,7,0.194,pipeline_meanpool,0.0036,0.0335
gpt2-large,ds003604,Gram,ses-9,7,0.194,pair_concat,0.0004,0.0329
gpt2-large,ds003604,Gram,ses-9,7,0.194,pair_absdiff,-0.0043,0.0302
gpt2-large,ds003604,Gram,ses-9,7,0.194,pair_cos1d,-0.0212,-0.0241
gpt2-large,ds003604,Gram,ses-9,8,0.222,pipeline_meanpool,-0.0032,0.0286
gpt2-large,ds003604,Gram,ses-9,8,0.222,pair_concat,-0.0016,0.0295
gpt2-large,ds003604,Gram,ses-9,8,0.222,pair_absdiff,-0.0103,0.0151
gpt2-large,ds003604,Gram,ses-9,8,0.222,pair_cos1d,-0.0208,-0.0218
gpt2-large,ds003604,Gram,ses-9,9,0.25,pipeline_meanpool,-0.0035,0.03
gpt2-large,ds003604,Gram,ses-9,9,0.25,pair_concat,-0.0037,0.0277
gpt2-large,ds003604,Gram,ses-9,9,0.25,pair_absdiff,-0.0124,0.02
gpt2-large,ds003604,Gram,ses-9,9,0.25,pair_cos1d,-0.0212,-0.0244
gpt2-large,ds003604,Gram,ses-9,10,0.278,pipeline_meanpool,-0.003,0.0323
gpt2-large,ds003604,Gram,ses-9,10,0.278,pair_concat,-0.0068,0.0214
gpt2-large,ds003604,Gram,ses-9,10,0.278,pair_absdiff,-0.0115,0.0195
gpt2-large,ds003604,Gram,ses-9,10,0.278,pair_cos1d,-0.0193,-0.022
gpt2-large,ds003604,Gram,ses-9,11,0.306,pipeline_meanpool,-0.0029,0.0334
gpt2-large,ds003604,Gram,ses-9,11,0.306,pair_concat,-0.0112,0.0164
gpt2-large,ds003604,Gram,ses-9,11,0.306,pair_absdiff,-0.0099,0.0208
gpt2-large,ds003604,Gram,ses-9,11,0.306,pair_cos1d,-0.0194,-0.0201
gpt2-large,ds003604,Gram,ses-9,12,0.333,pipeline_meanpool,-0.0036,0.0329
gpt2-large,ds003604,Gram,ses-9,12,0.333,pair_concat,-0.0136,0.0123
gpt2-large,ds003604,Gram,ses-9,12,0.333,pair_absdiff,-0.011,0.0201
gpt2-large,ds003604,Gram,ses-9,12,0.333,pair_cos1d,-0.0208,-0.0227
gpt2-large,ds003604,Gram,ses-9,13,0.361,pipeline_meanpool,-0.0027,0.0313
gpt2-large,ds003604,Gram,ses-9,13,0.361,pair_concat,-0.013,0.0124
gpt2-large,ds003604,Gram,ses-9,13,0.361,pair_absdiff,-0.0118,0.019
gpt2-large,ds003604,Gram,ses-9,13,0.361,pair_cos1d,-0.0206,-0.022
gpt2-large,ds003604,Gram,ses-9,14,0.389,pipeline_meanpool,0.0001,0.0351
gpt2-large,ds003604,Gram,ses-9,14,0.389,pair_concat,-0.015,0.0107
gpt2-large,ds003604,Gram,ses-9,14,0.389,pair_absdiff,-0.0115,0.0193
gpt2-large,ds003604,Gram,ses-9,14,0.389,pair_cos1d,-0.0206,-0.0227
gpt2-large,ds003604,Gram,ses-9,15,0.417,pipeline_meanpool,-0.0009,0.0328
gpt2-large,ds003604,Gram,ses-9,15,0.417,pair_concat,-0.0165,0.0053
gpt2-large,ds003604,Gram,ses-9,15,0.417,pair_absdiff,-0.0106,0.0193
gpt2-large,ds003604,Gram,ses-9,15,0.417,pair_cos1d,-0.0209,-0.0231
gpt2-large,ds003604,Gram,ses-9,16,0.444,pipeline_meanpool,-0.0014,0.0345
gpt2-large,ds003604,Gram,ses-9,16,0.444,pair_concat,-0.0178,0.0042
gpt2-large,ds003604,Gram,ses-9,16,0.444,pair_absdiff,-0.0105,0.0194
gpt2-large,ds003604,Gram,ses-9,16,0.444,pair_cos1d,-0.0213,-0.0236
gpt2-large,ds003604,Gram,ses-9,17,0.472,pipeline_meanpool,-0.0019,0.031
gpt2-large,ds003604,Gram,ses-9,17,0.472,pair_concat,-0.018,0.0036
gpt2-large,ds003604,Gram,ses-9,17,0.472,pair_absdiff,-0.011,0.0185
gpt2-large,ds003604,Gram,ses-9,17,0.472,pair_cos1d,-0.022,-0.0243
gpt2-large,ds003604,Gram,ses-9,18,0.5,pipeline_meanpool,-0.001,0.0348
gpt2-large,ds003604,Gram,ses-9,18,0.5,pair_concat,-0.0163,0.0059
gpt2-large,ds003604,Gram,ses-9,18,0.5,pair_absdiff,-0.0113,0.018
gpt2-large,ds003604,Gram,ses-9,18,0.5,pair_cos1d,-0.0218,-0.0241
gpt2-large,ds003604,Gram,ses-9,19,0.528,pipeline_meanpool,-0.0004,0.0367
gpt2-large,ds003604,Gram,ses-9,19,0.528,pair_concat,-0.0176,0.0025
gpt2-large,ds003604,Gram,ses-9,19,0.528,pair_absdiff,-0.0099,0.0201
gpt2-large,ds003604,Gram,ses-9,19,0.528,pair_cos1d,-0.022,-0.0243
gpt2-large,ds003604,Gram,ses-9,20,0.556,pipeline_meanpool,-0.0001,0.04
gpt2-large,ds003604,Gram,ses-9,20,0.556,pair_concat,-0.0184,0.0022
gpt2-large,ds003604,Gram,ses-9,20,0.556,pair_absdiff,-0.0111,0.0193
gpt2-large,ds003604,Gram,ses-9,20,0.556,pair_cos1d,-0.021,-0.0233
gpt2-large,ds003604,Gram,ses-9,21,0.583,pipeline_meanpool,-0.0001,0.0399
gpt2-large,ds003604,Gram,ses-9,21,0.583,pair_concat,-0.018,0.0023
gpt2-large,ds003604,Gram,ses-9,21,0.583,pair_absdiff,-0.011,0.0188
gpt2-large,ds003604,Gram,ses-9,21,0.583,pair_cos1d,-0.0211,-0.0236
gpt2-large,ds003604,Gram,ses-9,22,0.611,pipeline_meanpool,-0.002,0.0363
gpt2-large,ds003604,Gram,ses-9,22,0.611,pair_concat,-0.0189,0.001
gpt2-large,ds003604,Gram,ses-9,22,0.611,pair_absdiff,-0.0105,0.0195
gpt2-large,ds003604,Gram,ses-9,22,0.611,pair_cos1d,-0.021,-0.0231
gpt2-large,ds003604,Gram,ses-9,23,0.639,pipeline_meanpool,-0.0043,0.0341
gpt2-large,ds003604,Gram,ses-9,23,0.639,pair_concat,-0.0184,0.0012
gpt2-large,ds003604,Gram,ses-9,23,0.639,pair_absdiff,-0.0112,0.0184
gpt2-large,ds003604,Gram,ses-9,23,0.639,pair_cos1d,-0.0205,-0.0238
gpt2-large,ds003604,Gram,ses-9,24,0.667,pipeline_meanpool,-0.0043,0.0343
gpt2-large,ds003604,Gram,ses-9,24,0.667,pair_concat,-0.0193,-0.0001
gpt2-large,ds003604,Gram,ses-9,24,0.667,pair_absdiff,-0.0104,0.0192
gpt2-large,ds003604,Gram,ses-9,24,0.667,pair_cos1d,-0.0198,-0.0239
gpt2-large,ds003604,Gram,ses-9,25,0.694,pipeline_meanpool,-0.004,0.0365
gpt2-large,ds003604,Gram,ses-9,25,0.694,pair_concat,-0.0213,-0.0009
gpt2-large,ds003604,Gram,ses-9,25,0.694,pair_absdiff,-0.0108,0.019
gpt2-large,ds003604,Gram,ses-9,25,0.694,pair_cos1d,-0.0206,-0.0253
gpt2-large,ds003604,Gram,ses-9,26,0.722,pipeline_meanpool,-0.0044,0.0354
gpt2-large,ds003604,Gram,ses-9,26,0.722,pair_concat,-0.0202,0.0001
gpt2-large,ds003604,Gram,ses-9,26,0.722,pair_absdiff,-0.0112,0.0189
gpt2-large,ds003604,Gram,ses-9,26,0.722,pair_cos1d,-0.0213,-0.0252
gpt2-large,ds003604,Gram,ses-9,27,0.75,pipeline_meanpool,-0.0058,0.036
gpt2-large,ds003604,Gram,ses-9,27,0.75,pair_concat,-0.0198,0.0012
gpt2-large,ds003604,Gram,ses-9,27,0.75,pair_absdiff,-0.0116,0.0179
gpt2-large,ds003604,Gram,ses-9,27,0.75,pair_cos1d,-0.021,-0.0266
gpt2-large,ds003604,Gram,ses-9,28,0.778,pipeline_meanpool,-0.0054,0.036
gpt2-large,ds003604,Gram,ses-9,28,0.778,pair_concat,-0.0211,-0.0004
gpt2-large,ds003604,Gram,ses-9,28,0.778,pair_absdiff,-0.0116,0.0181
gpt2-large,ds003604,Gram,ses-9,28,0.778,pair_cos1d,-0.0207,-0.0267
gpt2-large,ds003604,Gram,ses-9,29,0.806,pipeline_meanpool,-0.0062,0.033
gpt2-large,ds003604,Gram,ses-9,29,0.806,pair_concat,-0.02,0.0013
gpt2-large,ds003604,Gram,ses-9,29,0.806,pair_absdiff,-0.011,0.0195
gpt2-large,ds003604,Gram,ses-9,29,0.806,pair_cos1d,-0.022,-0.0272
gpt2-large,ds003604,Gram,ses-9,30,0.833,pipeline_meanpool,-0.0073,0.0308
gpt2-large,ds003604,Gram,ses-9,30,0.833,pair_concat,-0.0209,-0.0009
gpt2-large,ds003604,Gram,ses-9,30,0.833,pair_absdiff,-0.0116,0.0188
gpt2-large,ds003604,Gram,ses-9,30,0.833,pair_cos1d,-0.0225,-0.0274
gpt2-large,ds003604,Gram,ses-9,31,0.861,pipeline_meanpool,-0.0096,0.0299
gpt2-large,ds003604,Gram,ses-9,31,0.861,pair_concat,-0.0201,0.0006
gpt2-large,ds003604,Gram,ses-9,31,0.861,pair_absdiff,-0.0107,0.0198
gpt2-large,ds003604,Gram,ses-9,31,0.861,pair_cos1d,-0.0222,-0.0273
gpt2-large,ds003604,Gram,ses-9,32,0.889,pipeline_meanpool,-0.01,0.036
gpt2-large,ds003604,Gram,ses-9,32,0.889,pair_concat,-0.0187,0.0022
gpt2-large,ds003604,Gram,ses-9,32,0.889,pair_absdiff,-0.0114,0.0181
gpt2-large,ds003604,Gram,ses-9,32,0.889,pair_cos1d,-0.0207,-0.0272
gpt2-large,ds003604,Gram,ses-9,33,0.917,pipeline_meanpool,-0.0057,0.044
gpt2-large,ds003604,Gram,ses-9,33,0.917,pair_concat,-0.0176,0.0046
gpt2-large,ds003604,Gram,ses-9,33,0.917,pair_absdiff,-0.0111,0.0177
gpt2-large,ds003604,Gram,ses-9,33,0.917,pair_cos1d,-0.0202,-0.0224
gpt2-large,ds003604,Gram,ses-9,34,0.944,pipeline_meanpool,-0.0108,0.037
gpt2-large,ds003604,Gram,ses-9,34,0.944,pair_concat,-0.0115,0.0163
gpt2-large,ds003604,Gram,ses-9,34,0.944,pair_absdiff,-0.0107,0.0164
gpt2-large,ds003604,Gram,ses-9,34,0.944,pair_cos1d,-0.0167,-0.0099
gpt2-large,ds003604,Gram,ses-9,35,0.972,pipeline_meanpool,-0.0094,0.0247
gpt2-large,ds003604,Gram,ses-9,35,0.972,pair_concat,0.0037,0.036
gpt2-large,ds003604,Gram,ses-9,35,0.972,pair_absdiff,0.0036,0.0366
gpt2-large,ds003604,Gram,ses-9,35,0.972,pair_cos1d,0.0051,0.0276
gpt2-large,ds003604,Gram,ses-9,36,1.0,pipeline_meanpool,-0.0091,0.0103
gpt2-large,ds003604,Gram,ses-9,36,1.0,pair_concat,0.0048,0.0424
gpt2-large,ds003604,Gram,ses-9,36,1.0,pair_absdiff,0.004,0.0273
gpt2-large,ds003604,Gram,ses-9,36,1.0,pair_cos1d,-0.0051,0.0192
gpt2-large,ds003604,Phon,ses-5,0,0.0,pipeline_meanpool,-0.0266,0.013
gpt2-large,ds003604,Phon,ses-5,0,0.0,pair_concat,-0.0013,-0.0138
gpt2-large,ds003604,Phon,ses-5,0,0.0,pair_absdiff,0.0035,0.0079
gpt2-large,ds003604,Phon,ses-5,0,0.0,pair_cos1d,0.0189,-0.014
gpt2-large,ds003604,Phon,ses-5,1,0.028,pipeline_meanpool,-0.0175,0.0045
gpt2-large,ds003604,Phon,ses-5,1,0.028,pair_concat,-0.0027,-0.008
gpt2-large,ds003604,Phon,ses-5,1,0.028,pair_absdiff,0.0104,0.0076
gpt2-large,ds003604,Phon,ses-5,1,0.028,pair_cos1d,-0.0057,-0.0211
gpt2-large,ds003604,Phon,ses-5,2,0.056,pipeline_meanpool,-0.0178,0.0034
gpt2-large,ds003604,Phon,ses-5,2,0.056,pair_concat,0.0055,-0.0194
gpt2-large,ds003604,Phon,ses-5,2,0.056,pair_absdiff,0.0108,-0.0136
gpt2-large,ds003604,Phon,ses-5,2,0.056,pair_cos1d,0.0031,0.0062
gpt2-large,ds003604,Phon,ses-5,3,0.083,pipeline_meanpool,-0.0228,0.0107
gpt2-large,ds003604,Phon,ses-5,3,0.083,pair_concat,0.0015,-0.0242
gpt2-large,ds003604,Phon,ses-5,3,0.083,pair_absdiff,0.0215,-0.0186
gpt2-large,ds003604,Phon,ses-5,3,0.083,pair_cos1d,0.0055,0.0109
gpt2-large,ds003604,Phon,ses-5,4,0.111,pipeline_meanpool,-0.0172,0.0169
gpt2-large,ds003604,Phon,ses-5,4,0.111,pair_concat,0.0024,-0.0304
gpt2-large,ds003604,Phon,ses-5,4,0.111,pair_absdiff,0.0128,-0.0194
gpt2-large,ds003604,Phon,ses-5,4,0.111,pair_cos1d,0.0063,0.0072
gpt2-large,ds003604,Phon,ses-5,5,0.139,pipeline_meanpool,-0.0141,0.0123
gpt2-large,ds003604,Phon,ses-5,5,0.139,pair_concat,0.0016,-0.0388
gpt2-large,ds003604,Phon,ses-5,5,0.139,pair_absdiff,0.0127,-0.0161
gpt2-large,ds003604,Phon,ses-5,5,0.139,pair_cos1d,0.0038,0.0103
gpt2-large,ds003604,Phon,ses-5,6,0.167,pipeline_meanpool,-0.0129,-0.004
gpt2-large,ds003604,Phon,ses-5,6,0.167,pair_concat,0.0034,-0.0454
gpt2-large,ds003604,Phon,ses-5,6,0.167,pair_absdiff,-0.0029,-0.0171
gpt2-large,ds003604,Phon,ses-5,6,0.167,pair_cos1d,-0.0038,0.0125
gpt2-large,ds003604,Phon,ses-5,7,0.194,pipeline_meanpool,-0.0113,-0.0192
gpt2-large,ds003604,Phon,ses-5,7,0.194,pair_concat,0.0031,-0.0363
gpt2-large,ds003604,Phon,ses-5,7,0.194,pair_absdiff,0.0063,-0.0066
gpt2-large,ds003604,Phon,ses-5,7,0.194,pair_cos1d,-0.0004,0.012
gpt2-large,ds003604,Phon,ses-5,8,0.222,pipeline_meanpool,-0.0071,-0.0264
gpt2-large,ds003604,Phon,ses-5,8,0.222,pair_concat,0.0005,-0.0247
gpt2-large,ds003604,Phon,ses-5,8,0.222,pair_absdiff,0.0055,0.0014
gpt2-large,ds003604,Phon,ses-5,8,0.222,pair_cos1d,0.0042,0.0115
gpt2-large,ds003604,Phon,ses-5,9,0.25,pipeline_meanpool,-0.0036,-0.0279
gpt2-large,ds003604,Phon,ses-5,9,0.25,pair_concat,-0.0015,-0.0197
gpt2-large,ds003604,Phon,ses-5,9,0.25,pair_absdiff,0.0032,-0.0181
gpt2-large,ds003604,Phon,ses-5,9,0.25,pair_cos1d,0.0041,0.0119
gpt2-large,ds003604,Phon,ses-5,10,0.278,pipeline_meanpool,-0.0026,-0.0258
gpt2-large,ds003604,Phon,ses-5,10,0.278,pair_concat,-0.0016,-0.0182
gpt2-large,ds003604,Phon,ses-5,10,0.278,pair_absdiff,0.0034,-0.0224
gpt2-large,ds003604,Phon,ses-5,10,0.278,pair_cos1d,0.0092,0.0158
gpt2-large,ds003604,Phon,ses-5,11,0.306,pipeline_meanpool,-0.0023,-0.0267
gpt2-large,ds003604,Phon,ses-5,11,0.306,pair_concat,-0.001,-0.0167
gpt2-large,ds003604,Phon,ses-5,11,0.306,pair_absdiff,0.0043,-0.0232
gpt2-large,ds003604,Phon,ses-5,11,0.306,pair_cos1d,0.0083,0.0137
gpt2-large,ds003604,Phon,ses-5,12,0.333,pipeline_meanpool,-0.0015,-0.0266
gpt2-large,ds003604,Phon,ses-5,12,0.333,pair_concat,-0.0009,-0.016
gpt2-large,ds003604,Phon,ses-5,12,0.333,pair_absdiff,0.0058,-0.022
gpt2-large,ds003604,Phon,ses-5,12,0.333,pair_cos1d,0.0075,0.0093
gpt2-large,ds003604,Phon,ses-5,13,0.361,pipeline_meanpool,-0.0,-0.0246
gpt2-large,ds003604,Phon,ses-5,13,0.361,pair_concat,-0.0008,-0.0154
gpt2-large,ds003604,Phon,ses-5,13,0.361,pair_absdiff,0.006,-0.0184
gpt2-large,ds003604,Phon,ses-5,13,0.361,pair_cos1d,0.0086,0.0084
gpt2-large,ds003604,Phon,ses-5,14,0.389,pipeline_meanpool,-0.0002,-0.024
gpt2-large,ds003604,Phon,ses-5,14,0.389,pair_concat,-0.0002,-0.0147
gpt2-large,ds003604,Phon,ses-5,14,0.389,pair_absdiff,0.0058,-0.0188
gpt2-large,ds003604,Phon,ses-5,14,0.389,pair_cos1d,0.0059,0.0095
gpt2-large,ds003604,Phon,ses-5,15,0.417,pipeline_meanpool,0.001,-0.0202
gpt2-large,ds003604,Phon,ses-5,15,0.417,pair_concat,0.0003,-0.0141
gpt2-large,ds003604,Phon,ses-5,15,0.417,pair_absdiff,0.0076,-0.0186
gpt2-large,ds003604,Phon,ses-5,15,0.417,pair_cos1d,0.0053,0.01
gpt2-large,ds003604,Phon,ses-5,16,0.444,pipeline_meanpool,0.0016,-0.0185
gpt2-large,ds003604,Phon,ses-5,16,0.444,pair_concat,0.0002,-0.0143
gpt2-large,ds003604,Phon,ses-5,16,0.444,pair_absdiff,0.0077,-0.0177
gpt2-large,ds003604,Phon,ses-5,16,0.444,pair_cos1d,0.0041,0.0089
gpt2-large,ds003604,Phon,ses-5,17,0.472,pipeline_meanpool,0.0002,-0.0189
gpt2-large,ds003604,Phon,ses-5,17,0.472,pair_concat,0.0004,-0.0145
gpt2-large,ds003604,Phon,ses-5,17,0.472,pair_absdiff,0.0085,-0.0179
gpt2-large,ds003604,Phon,ses-5,17,0.472,pair_cos1d,0.0083,0.0131
gpt2-large,ds003604,Phon,ses-5,18,0.5,pipeline_meanpool,0.0006,-0.0202
gpt2-large,ds003604,Phon,ses-5,18,0.5,pair_concat,0.0003,-0.0149
gpt2-large,ds003604,Phon,ses-5,18,0.5,pair_absdiff,0.0088,-0.0199
gpt2-large,ds003604,Phon,ses-5,18,0.5,pair_cos1d,0.0154,0.0175
gpt2-large,ds003604,Phon,ses-5,19,0.528,pipeline_meanpool,-0.0005,-0.0189
gpt2-large,ds003604,Phon,ses-5,19,0.528,pair_concat,0.0003,-0.0148
gpt2-large,ds003604,Phon,ses-5,19,0.528,pair_absdiff,0.0107,-0.0198
gpt2-large,ds003604,Phon,ses-5,19,0.528,pair_cos1d,0.0107,0.0142
gpt2-large,ds003604,Phon,ses-5,20,0.556,pipeline_meanpool,0.0,-0.02
gpt2-large,ds003604,Phon,ses-5,20,0.556,pair_concat,0.0004,-0.0147
gpt2-large,ds003604,Phon,ses-5,20,0.556,pair_absdiff,0.0111,-0.0217
gpt2-large,ds003604,Phon,ses-5,20,0.556,pair_cos1d,0.0074,0.0089
gpt2-large,ds003604,Phon,ses-5,21,0.583,pipeline_meanpool,-0.0002,-0.0194
gpt2-large,ds003604,Phon,ses-5,21,0.583,pair_concat,0.0007,-0.0141
gpt2-large,ds003604,Phon,ses-5,21,0.583,pair_absdiff,0.012,-0.021
gpt2-large,ds003604,Phon,ses-5,21,0.583,pair_cos1d,0.0127,0.0121
gpt2-large,ds003604,Phon,ses-5,22,0.611,pipeline_meanpool,-0.001,-0.0183
gpt2-large,ds003604,Phon,ses-5,22,0.611,pair_concat,0.0007,-0.0143
gpt2-large,ds003604,Phon,ses-5,22,0.611,pair_absdiff,0.0113,-0.0245
gpt2-large,ds003604,Phon,ses-5,22,0.611,pair_cos1d,0.0059,0.0069
gpt2-large,ds003604,Phon,ses-5,23,0.639,pipeline_meanpool,-0.001,-0.0207
gpt2-large,ds003604,Phon,ses-5,23,0.639,pair_concat,0.0007,-0.0146
gpt2-large,ds003604,Phon,ses-5,23,0.639,pair_absdiff,0.011,-0.0234
gpt2-large,ds003604,Phon,ses-5,23,0.639,pair_cos1d,0.0046,0.0055
gpt2-large,ds003604,Phon,ses-5,24,0.667,pipeline_meanpool,-0.002,-0.0208
gpt2-large,ds003604,Phon,ses-5,24,0.667,pair_concat,0.0007,-0.0142
gpt2-large,ds003604,Phon,ses-5,24,0.667,pair_absdiff,0.0117,-0.0232
gpt2-large,ds003604,Phon,ses-5,24,0.667,pair_cos1d,0.0046,0.0082
gpt2-large,ds003604,Phon,ses-5,25,0.694,pipeline_meanpool,-0.0011,-0.0179
gpt2-large,ds003604,Phon,ses-5,25,0.694,pair_concat,0.0007,-0.0142
gpt2-large,ds003604,Phon,ses-5,25,0.694,pair_absdiff,0.0111,-0.0249
gpt2-large,ds003604,Phon,ses-5,25,0.694,pair_cos1d,0.0059,0.0096
gpt2-large,ds003604,Phon,ses-5,26,0.722,pipeline_meanpool,-0.0017,-0.0164
gpt2-large,ds003604,Phon,ses-5,26,0.722,pair_concat,0.0007,-0.0142
gpt2-large,ds003604,Phon,ses-5,26,0.722,pair_absdiff,0.0116,-0.0249
gpt2-large,ds003604,Phon,ses-5,26,0.722,pair_cos1d,0.0067,0.0096
gpt2-large,ds003604,Phon,ses-5,27,0.75,pipeline_meanpool,-0.0015,-0.0151
gpt2-large,ds003604,Phon,ses-5,27,0.75,pair_concat,0.0005,-0.0148
gpt2-large,ds003604,Phon,ses-5,27,0.75,pair_absdiff,0.0102,-0.0245
gpt2-large,ds003604,Phon,ses-5,27,0.75,pair_cos1d,0.0063,0.0102
gpt2-large,ds003604,Phon,ses-5,28,0.778,pipeline_meanpool,-0.0012,-0.0156
gpt2-large,ds003604,Phon,ses-5,28,0.778,pair_concat,0.0005,-0.0153
gpt2-large,ds003604,Phon,ses-5,28,0.778,pair_absdiff,0.0103,-0.0248
gpt2-large,ds003604,Phon,ses-5,28,0.778,pair_cos1d,0.0071,0.0129
gpt2-large,ds003604,Phon,ses-5,29,0.806,pipeline_meanpool,-0.0015,-0.0166
gpt2-large,ds003604,Phon,ses-5,29,0.806,pair_concat,0.0004,-0.016
gpt2-large,ds003604,Phon,ses-5,29,0.806,pair_absdiff,0.0092,-0.0245
gpt2-large,ds003604,Phon,ses-5,29,0.806,pair_cos1d,0.0046,0.0111
gpt2-large,ds003604,Phon,ses-5,30,0.833,pipeline_meanpool,-0.0001,-0.0148
gpt2-large,ds003604,Phon,ses-5,30,0.833,pair_concat,-0.0006,-0.0175
gpt2-large,ds003604,Phon,ses-5,30,0.833,pair_absdiff,0.01,-0.0242
gpt2-large,ds003604,Phon,ses-5,30,0.833,pair_cos1d,0.0028,0.0107
gpt2-large,ds003604,Phon,ses-5,31,0.861,pipeline_meanpool,0.0001,-0.0142
gpt2-large,ds003604,Phon,ses-5,31,0.861,pair_concat,-0.0018,-0.0198
gpt2-large,ds003604,Phon,ses-5,31,0.861,pair_absdiff,0.0097,-0.0291
gpt2-large,ds003604,Phon,ses-5,31,0.861,pair_cos1d,0.0003,0.0079
gpt2-large,ds003604,Phon,ses-5,32,0.889,pipeline_meanpool,0.0009,-0.0131
gpt2-large,ds003604,Phon,ses-5,32,0.889,pair_concat,-0.0002,-0.0192
gpt2-large,ds003604,Phon,ses-5,32,0.889,pair_absdiff,0.0087,-0.0261
gpt2-large,ds003604,Phon,ses-5,32,0.889,pair_cos1d,0.0007,0.0083
gpt2-large,ds003604,Phon,ses-5,33,0.917,pipeline_meanpool,-0.0004,-0.0123
gpt2-large,ds003604,Phon,ses-5,33,0.917,pair_concat,-0.0019,-0.0206
gpt2-large,ds003604,Phon,ses-5,33,0.917,pair_absdiff,0.0043,-0.0242
gpt2-large,ds003604,Phon,ses-5,33,0.917,pair_cos1d,0.0058,0.0161
gpt2-large,ds003604,Phon,ses-5,34,0.944,pipeline_meanpool,0.0007,-0.0195
gpt2-large,ds003604,Phon,ses-5,34,0.944,pair_concat,-0.0013,-0.0216
gpt2-large,ds003604,Phon,ses-5,34,0.944,pair_absdiff,0.0061,-0.0182
gpt2-large,ds003604,Phon,ses-5,34,0.944,pair_cos1d,0.0106,0.0214
gpt2-large,ds003604,Phon,ses-5,35,0.972,pipeline_meanpool,-0.0028,0.014
gpt2-large,ds003604,Phon,ses-5,35,0.972,pair_concat,-0.0038,-0.0266
gpt2-large,ds003604,Phon,ses-5,35,0.972,pair_absdiff,-0.0007,-0.0077
gpt2-large,ds003604,Phon,ses-5,35,0.972,pair_cos1d,0.0081,0.0057
gpt2-large,ds003604,Phon,ses-5,36,1.0,pipeline_meanpool,0.007,0.0272
gpt2-large,ds003604,Phon,ses-5,36,1.0,pair_concat,0.0025,-0.0064
gpt2-large,ds003604,Phon,ses-5,36,1.0,pair_absdiff,-0.0222,-0.0175
gpt2-large,ds003604,Phon,ses-5,36,1.0,pair_cos1d,-0.0085,-0.0042
gpt2-large,ds003604,Phon,ses-7,0,0.0,pipeline_meanpool,-0.0266,0.0151
gpt2-large,ds003604,Phon,ses-7,0,0.0,pair_concat,-0.0086,-0.0169
gpt2-large,ds003604,Phon,ses-7,0,0.0,pair_absdiff,-0.0092,0.0051
gpt2-large,ds003604,Phon,ses-7,0,0.0,pair_cos1d,0.0061,-0.0183
gpt2-large,ds003604,Phon,ses-7,1,0.028,pipeline_meanpool,-0.0164,0.0069
gpt2-large,ds003604,Phon,ses-7,1,0.028,pair_concat,-0.0093,-0.0088
gpt2-large,ds003604,Phon,ses-7,1,0.028,pair_absdiff,0.0076,0.0063
gpt2-large,ds003604,Phon,ses-7,1,0.028,pair_cos1d,-0.013,-0.0239
gpt2-large,ds003604,Phon,ses-7,2,0.056,pipeline_meanpool,-0.0168,0.0054
gpt2-large,ds003604,Phon,ses-7,2,0.056,pair_concat,-0.0028,-0.0214
gpt2-large,ds003604,Phon,ses-7,2,0.056,pair_absdiff,0.0093,-0.0157
gpt2-large,ds003604,Phon,ses-7,2,0.056,pair_cos1d,-0.0072,0.0031
gpt2-large,ds003604,Phon,ses-7,3,0.083,pipeline_meanpool,-0.0188,0.0107
gpt2-large,ds003604,Phon,ses-7,3,0.083,pair_concat,-0.0052,-0.0271
gpt2-large,ds003604,Phon,ses-7,3,0.083,pair_absdiff,0.016,-0.0184
gpt2-large,ds003604,Phon,ses-7,3,0.083,pair_cos1d,-0.0055,0.0076
gpt2-large,ds003604,Phon,ses-7,4,0.111,pipeline_meanpool,-0.0149,0.0159
gpt2-large,ds003604,Phon,ses-7,4,0.111,pair_concat,-0.004,-0.0333
gpt2-large,ds003604,Phon,ses-7,4,0.111,pair_absdiff,0.0098,-0.0193
gpt2-large,ds003604,Phon,ses-7,4,0.111,pair_cos1d,-0.0041,0.0041
gpt2-large,ds003604,Phon,ses-7,5,0.139,pipeline_meanpool,-0.0109,0.0114
gpt2-large,ds003604,Phon,ses-7,5,0.139,pair_concat,-0.0031,-0.0413
gpt2-large,ds003604,Phon,ses-7,5,0.139,pair_absdiff,0.0091,-0.017
gpt2-large,ds003604,Phon,ses-7,5,0.139,pair_cos1d,-0.0047,0.0087
gpt2-large,ds003604,Phon,ses-7,6,0.167,pipeline_meanpool,-0.0104,-0.0055
gpt2-large,ds003604,Phon,ses-7,6,0.167,pair_concat,-0.0017,-0.0481
gpt2-large,ds003604,Phon,ses-7,6,0.167,pair_absdiff,-0.0067,-0.0215
gpt2-large,ds003604,Phon,ses-7,6,0.167,pair_cos1d,-0.0081,0.0119
gpt2-large,ds003604,Phon,ses-7,7,0.194,pipeline_meanpool,-0.0099,-0.0221
gpt2-large,ds003604,Phon,ses-7,7,0.194,pair_concat,-0.0033,-0.0381
gpt2-large,ds003604,Phon,ses-7,7,0.194,pair_absdiff,0.0023,-0.0115
gpt2-large,ds003604,Phon,ses-7,7,0.194,pair_cos1d,-0.0041,0.0109
gpt2-large,ds003604,Phon,ses-7,8,0.222,pipeline_meanpool,-0.0066,-0.0305
gpt2-large,ds003604,Phon,ses-7,8,0.222,pair_concat,-0.0051,-0.0261
gpt2-large,ds003604,Phon,ses-7,8,0.222,pair_absdiff,-0.0013,-0.0054
gpt2-large,ds003604,Phon,ses-7,8,0.222,pair_cos1d,0.0023,0.0107
gpt2-large,ds003604,Phon,ses-7,9,0.25,pipeline_meanpool,-0.0045,-0.0326
gpt2-large,ds003604,Phon,ses-7,9,0.25,pair_concat,-0.0049,-0.0201
gpt2-large,ds003604,Phon,ses-7,9,0.25,pair_absdiff,-0.0031,-0.0214
gpt2-large,ds003604,Phon,ses-7,9,0.25,pair_cos1d,0.0021,0.0111
gpt2-large,ds003604,Phon,ses-7,10,0.278,pipeline_meanpool,-0.0036,-0.0304
gpt2-large,ds003604,Phon,ses-7,10,0.278,pair_concat,-0.0042,-0.0186
gpt2-large,ds003604,Phon,ses-7,10,0.278,pair_absdiff,-0.0045,-0.0275
gpt2-large,ds003604,Phon,ses-7,10,0.278,pair_cos1d,0.0063,0.0147
gpt2-large,ds003604,Phon,ses-7,11,0.306,pipeline_meanpool,-0.0033,-0.031
gpt2-large,ds003604,Phon,ses-7,11,0.306,pair_concat,-0.0038,-0.017
gpt2-large,ds003604,Phon,ses-7,11,0.306,pair_absdiff,-0.0015,-0.0279
gpt2-large,ds003604,Phon,ses-7,11,0.306,pair_cos1d,0.0051,0.0127
gpt2-large,ds003604,Phon,ses-7,12,0.333,pipeline_meanpool,-0.0026,-0.0308
gpt2-large,ds003604,Phon,ses-7,12,0.333,pair_concat,-0.0035,-0.0162
gpt2-large,ds003604,Phon,ses-7,12,0.333,pair_absdiff,-0.0002,-0.0268
gpt2-large,ds003604,Phon,ses-7,12,0.333,pair_cos1d,0.0038,0.0077
gpt2-large,ds003604,Phon,ses-7,13,0.361,pipeline_meanpool,-0.001,-0.0283
gpt2-large,ds003604,Phon,ses-7,13,0.361,pair_concat,-0.0035,-0.0154
gpt2-large,ds003604,Phon,ses-7,13,0.361,pair_absdiff,-0.0,-0.0232
gpt2-large,ds003604,Phon,ses-7,13,0.361,pair_cos1d,0.0052,0.0067
gpt2-large,ds003604,Phon,ses-7,14,0.389,pipeline_meanpool,-0.0015,-0.0277
gpt2-large,ds003604,Phon,ses-7,14,0.389,pair_concat,-0.0033,-0.0148
gpt2-large,ds003604,Phon,ses-7,14,0.389,pair_absdiff,0.0002,-0.0236
gpt2-large,ds003604,Phon,ses-7,14,0.389,pair_cos1d,0.0024,0.009
gpt2-large,ds003604,Phon,ses-7,15,0.417,pipeline_meanpool,-0.0006,-0.024
gpt2-large,ds003604,Phon,ses-7,15,0.417,pair_concat,-0.0029,-0.0144
gpt2-large,ds003604,Phon,ses-7,15,0.417,pair_absdiff,0.0014,-0.0239
gpt2-large,ds003604,Phon,ses-7,15,0.417,pair_cos1d,0.0015,0.0091
gpt2-large,ds003604,Phon,ses-7,16,0.444,pipeline_meanpool,0.0001,-0.0223
gpt2-large,ds003604,Phon,ses-7,16,0.444,pair_concat,-0.003,-0.0147
gpt2-large,ds003604,Phon,ses-7,16,0.444,pair_absdiff,0.0017,-0.0226
gpt2-large,ds003604,Phon,ses-7,16,0.444,pair_cos1d,-0.0002,0.0073
gpt2-large,ds003604,Phon,ses-7,17,0.472,pipeline_meanpool,-0.0017,-0.0223
gpt2-large,ds003604,Phon,ses-7,17,0.472,pair_concat,-0.0028,-0.0149
gpt2-large,ds003604,Phon,ses-7,17,0.472,pair_absdiff,0.0019,-0.0234
gpt2-large,ds003604,Phon,ses-7,17,0.472,pair_cos1d,0.0032,0.0113
gpt2-large,ds003604,Phon,ses-7,18,0.5,pipeline_meanpool,-0.0013,-0.0238
gpt2-large,ds003604,Phon,ses-7,18,0.5,pair_concat,-0.0031,-0.0153
gpt2-large,ds003604,Phon,ses-7,18,0.5,pair_absdiff,0.002,-0.0254
gpt2-large,ds003604,Phon,ses-7,18,0.5,pair_cos1d,0.0102,0.0153
gpt2-large,ds003604,Phon,ses-7,19,0.528,pipeline_meanpool,-0.0017,-0.0226
gpt2-large,ds003604,Phon,ses-7,19,0.528,pair_concat,-0.0033,-0.0152
gpt2-large,ds003604,Phon,ses-7,19,0.528,pair_absdiff,0.0031,-0.0259
gpt2-large,ds003604,Phon,ses-7,19,0.528,pair_cos1d,0.0069,0.0123
gpt2-large,ds003604,Phon,ses-7,20,0.556,pipeline_meanpool,-0.0009,-0.0238
gpt2-large,ds003604,Phon,ses-7,20,0.556,pair_concat,-0.0032,-0.0152
gpt2-large,ds003604,Phon,ses-7,20,0.556,pair_absdiff,0.0032,-0.0285
gpt2-large,ds003604,Phon,ses-7,20,0.556,pair_cos1d,0.0038,0.0071
gpt2-large,ds003604,Phon,ses-7,21,0.583,pipeline_meanpool,-0.0009,-0.0233
gpt2-large,ds003604,Phon,ses-7,21,0.583,pair_concat,-0.0033,-0.0147
gpt2-large,ds003604,Phon,ses-7,21,0.583,pair_absdiff,0.0043,-0.0277
gpt2-large,ds003604,Phon,ses-7,21,0.583,pair_cos1d,0.009,0.0099
gpt2-large,ds003604,Phon,ses-7,22,0.611,pipeline_meanpool,-0.0011,-0.0221
gpt2-large,ds003604,Phon,ses-7,22,0.611,pair_concat,-0.0032,-0.0149
gpt2-large,ds003604,Phon,ses-7,22,0.611,pair_absdiff,0.0026,-0.0312
gpt2-large,ds003604,Phon,ses-7,22,0.611,pair_cos1d,0.003,0.0051
gpt2-large,ds003604,Phon,ses-7,23,0.639,pipeline_meanpool,-0.0011,-0.0245
gpt2-large,ds003604,Phon,ses-7,23,0.639,pair_concat,-0.0032,-0.0152
gpt2-large,ds003604,Phon,ses-7,23,0.639,pair_absdiff,0.0029,-0.03
gpt2-large,ds003604,Phon,ses-7,23,0.639,pair_cos1d,0.001,0.004
gpt2-large,ds003604,Phon,ses-7,24,0.667,pipeline_meanpool,-0.0018,-0.0248
gpt2-large,ds003604,Phon,ses-7,24,0.667,pair_concat,-0.0033,-0.0148
gpt2-large,ds003604,Phon,ses-7,24,0.667,pair_absdiff,0.0035,-0.0299
gpt2-large,ds003604,Phon,ses-7,24,0.667,pair_cos1d,0.0013,0.0071
gpt2-large,ds003604,Phon,ses-7,25,0.694,pipeline_meanpool,-0.0006,-0.0217
gpt2-large,ds003604,Phon,ses-7,25,0.694,pair_concat,-0.0032,-0.0148
gpt2-large,ds003604,Phon,ses-7,25,0.694,pair_absdiff,0.0026,-0.0318
gpt2-large,ds003604,Phon,ses-7,25,0.694,pair_cos1d,0.0023,0.008
gpt2-large,ds003604,Phon,ses-7,26,0.722,pipeline_meanpool,-0.0009,-0.0199
gpt2-large,ds003604,Phon,ses-7,26,0.722,pair_concat,-0.0034,-0.015
gpt2-large,ds003604,Phon,ses-7,26,0.722,pair_absdiff,0.0028,-0.0317
gpt2-large,ds003604,Phon,ses-7,26,0.722,pair_cos1d,0.0032,0.0081
gpt2-large,ds003604,Phon,ses-7,27,0.75,pipeline_meanpool,-0.0002,-0.0186
gpt2-large,ds003604,Phon,ses-7,27,0.75,pair_concat,-0.0035,-0.0157
gpt2-large,ds003604,Phon,ses-7,27,0.75,pair_absdiff,0.002,-0.031
gpt2-large,ds003604,Phon,ses-7,27,0.75,pair_cos1d,0.0032,0.0085
gpt2-large,ds003604,Phon,ses-7,28,0.778,pipeline_meanpool,0.0004,-0.0189
gpt2-large,ds003604,Phon,ses-7,28,0.778,pair_concat,-0.0036,-0.0162
gpt2-large,ds003604,Phon,ses-7,28,0.778,pair_absdiff,0.0022,-0.0311
gpt2-large,ds003604,Phon,ses-7,28,0.778,pair_cos1d,0.0043,0.0114
gpt2-large,ds003604,Phon,ses-7,29,0.806,pipeline_meanpool,0.0008,-0.0193
gpt2-large,ds003604,Phon,ses-7,29,0.806,pair_concat,-0.0035,-0.0169
gpt2-large,ds003604,Phon,ses-7,29,0.806,pair_absdiff,0.0011,-0.0306
gpt2-large,ds003604,Phon,ses-7,29,0.806,pair_cos1d,0.001,0.0095
gpt2-large,ds003604,Phon,ses-7,30,0.833,pipeline_meanpool,0.0024,-0.0172
gpt2-large,ds003604,Phon,ses-7,30,0.833,pair_concat,-0.0043,-0.0183
gpt2-large,ds003604,Phon,ses-7,30,0.833,pair_absdiff,0.002,-0.0301
gpt2-large,ds003604,Phon,ses-7,30,0.833,pair_cos1d,-0.001,0.0091
gpt2-large,ds003604,Phon,ses-7,31,0.861,pipeline_meanpool,0.0025,-0.0163
gpt2-large,ds003604,Phon,ses-7,31,0.861,pair_concat,-0.0053,-0.0205
gpt2-large,ds003604,Phon,ses-7,31,0.861,pair_absdiff,0.0016,-0.0348
gpt2-large,ds003604,Phon,ses-7,31,0.861,pair_cos1d,-0.0026,0.0066
gpt2-large,ds003604,Phon,ses-7,32,0.889,pipeline_meanpool,0.0038,-0.015
gpt2-large,ds003604,Phon,ses-7,32,0.889,pair_concat,-0.0042,-0.0203
gpt2-large,ds003604,Phon,ses-7,32,0.889,pair_absdiff,0.0016,-0.0313
gpt2-large,ds003604,Phon,ses-7,32,0.889,pair_cos1d,-0.0027,0.0069
gpt2-large,ds003604,Phon,ses-7,33,0.917,pipeline_meanpool,0.0023,-0.0137
gpt2-large,ds003604,Phon,ses-7,33,0.917,pair_concat,-0.0064,-0.0218
gpt2-large,ds003604,Phon,ses-7,33,0.917,pair_absdiff,-0.0012,-0.0289
gpt2-large,ds003604,Phon,ses-7,33,0.917,pair_cos1d,0.0017,0.0154
gpt2-large,ds003604,Phon,ses-7,34,0.944,pipeline_meanpool,0.0017,-0.0203
gpt2-large,ds003604,Phon,ses-7,34,0.944,pair_concat,-0.0065,-0.0226
gpt2-large,ds003604,Phon,ses-7,34,0.944,pair_absdiff,0.0038,-0.0218
gpt2-large,ds003604,Phon,ses-7,34,0.944,pair_cos1d,0.0045,0.0217
gpt2-large,ds003604,Phon,ses-7,35,0.972,pipeline_meanpool,-0.0007,0.011
gpt2-large,ds003604,Phon,ses-7,35,0.972,pair_concat,-0.0038,-0.0292
gpt2-large,ds003604,Phon,ses-7,35,0.972,pair_absdiff,-0.0028,-0.0055
gpt2-large,ds003604,Phon,ses-7,35,0.972,pair_cos1d,-0.0017,0.0052
gpt2-large,ds003604,Phon,ses-7,36,1.0,pipeline_meanpool,0.0069,0.025
gpt2-large,ds003604,Phon,ses-7,36,1.0,pair_concat,0.0027,-0.009
gpt2-large,ds003604,Phon,ses-7,36,1.0,pair_absdiff,-0.0254,-0.016
gpt2-large,ds003604,Phon,ses-7,36,1.0,pair_cos1d,-0.012,-0.0052
gpt2-large,ds003604,Phon,ses-9,0,0.0,pipeline_meanpool,-0.0234,0.016
gpt2-large,ds003604,Phon,ses-9,0,0.0,pair_concat,-0.0031,-0.0128
gpt2-large,ds003604,Phon,ses-9,0,0.0,pair_absdiff,0.0089,0.0077
gpt2-large,ds003604,Phon,ses-9,0,0.0,pair_cos1d,0.0255,-0.0143
gpt2-large,ds003604,Phon,ses-9,1,0.028,pipeline_meanpool,-0.0175,0.0064
gpt2-large,ds003604,Phon,ses-9,1,0.028,pair_concat,-0.0055,-0.0067
gpt2-large,ds003604,Phon,ses-9,1,0.028,pair_absdiff,0.0095,0.0042
gpt2-large,ds003604,Phon,ses-9,1,0.028,pair_cos1d,-0.0065,-0.0209
gpt2-large,ds003604,Phon,ses-9,2,0.056,pipeline_meanpool,-0.0187,0.0051
gpt2-large,ds003604,Phon,ses-9,2,0.056,pair_concat,0.0023,-0.0181
gpt2-large,ds003604,Phon,ses-9,2,0.056,pair_absdiff,0.0104,-0.0166
gpt2-large,ds003604,Phon,ses-9,2,0.056,pair_cos1d,0.0082,0.0068
gpt2-large,ds003604,Phon,ses-9,3,0.083,pipeline_meanpool,-0.0207,0.0102
gpt2-large,ds003604,Phon,ses-9,3,0.083,pair_concat,-0.0012,-0.0238
gpt2-large,ds003604,Phon,ses-9,3,0.083,pair_absdiff,0.024,-0.0186
gpt2-large,ds003604,Phon,ses-9,3,0.083,pair_cos1d,0.0121,0.0116
gpt2-large,ds003604,Phon,ses-9,4,0.111,pipeline_meanpool,-0.014,0.0155
gpt2-large,ds003604,Phon,ses-9,4,0.111,pair_concat,0.0006,-0.0299
gpt2-large,ds003604,Phon,ses-9,4,0.111,pair_absdiff,0.0175,-0.0188
gpt2-large,ds003604,Phon,ses-9,4,0.111,pair_cos1d,0.0113,0.0081
gpt2-large,ds003604,Phon,ses-9,5,0.139,pipeline_meanpool,-0.0086,0.0113
gpt2-large,ds003604,Phon,ses-9,5,0.139,pair_concat,0.0006,-0.0381
gpt2-large,ds003604,Phon,ses-9,5,0.139,pair_absdiff,0.0147,-0.0173
gpt2-large,ds003604,Phon,ses-9,5,0.139,pair_cos1d,0.0112,0.0121
gpt2-large,ds003604,Phon,ses-9,6,0.167,pipeline_meanpool,-0.0087,-0.0066
gpt2-large,ds003604,Phon,ses-9,6,0.167,pair_concat,0.0028,-0.0444
gpt2-large,ds003604,Phon,ses-9,6,0.167,pair_absdiff,-0.0032,-0.0232
gpt2-large,ds003604,Phon,ses-9,6,0.167,pair_cos1d,0.004,0.0135
gpt2-large,ds003604,Phon,ses-9,7,0.194,pipeline_meanpool,-0.0087,-0.0233
gpt2-large,ds003604,Phon,ses-9,7,0.194,pair_concat,0.0053,-0.0331
gpt2-large,ds003604,Phon,ses-9,7,0.194,pair_absdiff,0.008,-0.0128
gpt2-large,ds003604,Phon,ses-9,7,0.194,pair_cos1d,0.0058,0.0122
gpt2-large,ds003604,Phon,ses-9,8,0.222,pipeline_meanpool,-0.0063,-0.0307
gpt2-large,ds003604,Phon,ses-9,8,0.222,pair_concat,0.0033,-0.0209
gpt2-large,ds003604,Phon,ses-9,8,0.222,pair_absdiff,0.0092,-0.0051
gpt2-large,ds003604,Phon,ses-9,8,0.222,pair_cos1d,0.0099,0.0119
gpt2-large,ds003604,Phon,ses-9,9,0.25,pipeline_meanpool,-0.0033,-0.0321
gpt2-large,ds003604,Phon,ses-9,9,0.25,pair_concat,0.0028,-0.0148
gpt2-large,ds003604,Phon,ses-9,9,0.25,pair_absdiff,0.0071,-0.0204
gpt2-large,ds003604,Phon,ses-9,9,0.25,pair_cos1d,0.0105,0.0125
gpt2-large,ds003604,Phon,ses-9,10,0.278,pipeline_meanpool,-0.0028,-0.03
gpt2-large,ds003604,Phon,ses-9,10,0.278,pair_concat,0.0022,-0.0134
gpt2-large,ds003604,Phon,ses-9,10,0.278,pair_absdiff,0.0048,-0.0262
gpt2-large,ds003604,Phon,ses-9,10,0.278,pair_cos1d,0.0168,0.0165
gpt2-large,ds003604,Phon,ses-9,11,0.306,pipeline_meanpool,-0.0024,-0.0306
gpt2-large,ds003604,Phon,ses-9,11,0.306,pair_concat,0.003,-0.0118
gpt2-large,ds003604,Phon,ses-9,11,0.306,pair_absdiff,0.0057,-0.0268
gpt2-large,ds003604,Phon,ses-9,11,0.306,pair_cos1d,0.0151,0.0142
gpt2-large,ds003604,Phon,ses-9,12,0.333,pipeline_meanpool,-0.0015,-0.0303
gpt2-large,ds003604,Phon,ses-9,12,0.333,pair_concat,0.0033,-0.011
gpt2-large,ds003604,Phon,ses-9,12,0.333,pair_absdiff,0.0072,-0.0255
gpt2-large,ds003604,Phon,ses-9,12,0.333,pair_cos1d,0.013,0.0093
gpt2-large,ds003604,Phon,ses-9,13,0.361,pipeline_meanpool,0.0003,-0.0277
gpt2-large,ds003604,Phon,ses-9,13,0.361,pair_concat,0.0034,-0.0102
gpt2-large,ds003604,Phon,ses-9,13,0.361,pair_absdiff,0.0077,-0.0218
gpt2-large,ds003604,Phon,ses-9,13,0.361,pair_cos1d,0.0131,0.0082
gpt2-large,ds003604,Phon,ses-9,14,0.389,pipeline_meanpool,0.0003,-0.0271
gpt2-large,ds003604,Phon,ses-9,14,0.389,pair_concat,0.0039,-0.0096
gpt2-large,ds003604,Phon,ses-9,14,0.389,pair_absdiff,0.0073,-0.0225
gpt2-large,ds003604,Phon,ses-9,14,0.389,pair_cos1d,0.011,0.0104
gpt2-large,ds003604,Phon,ses-9,15,0.417,pipeline_meanpool,0.0016,-0.0234
gpt2-large,ds003604,Phon,ses-9,15,0.417,pair_concat,0.0046,-0.0092
gpt2-large,ds003604,Phon,ses-9,15,0.417,pair_absdiff,0.0085,-0.023
gpt2-large,ds003604,Phon,ses-9,15,0.417,pair_cos1d,0.0101,0.0105
gpt2-large,ds003604,Phon,ses-9,16,0.444,pipeline_meanpool,0.002,-0.0218
gpt2-large,ds003604,Phon,ses-9,16,0.444,pair_concat,0.0046,-0.0094
gpt2-large,ds003604,Phon,ses-9,16,0.444,pair_absdiff,0.0088,-0.0218
gpt2-large,ds003604,Phon,ses-9,16,0.444,pair_cos1d,0.0079,0.0086
gpt2-large,ds003604,Phon,ses-9,17,0.472,pipeline_meanpool,0.0008,-0.0218
gpt2-large,ds003604,Phon,ses-9,17,0.472,pair_concat,0.0046,-0.0096
gpt2-large,ds003604,Phon,ses-9,17,0.472,pair_absdiff,0.009,-0.0225
gpt2-large,ds003604,Phon,ses-9,17,0.472,pair_cos1d,0.0116,0.0127
gpt2-large,ds003604,Phon,ses-9,18,0.5,pipeline_meanpool,0.0009,-0.0233
gpt2-large,ds003604,Phon,ses-9,18,0.5,pair_concat,0.0045,-0.01
gpt2-large,ds003604,Phon,ses-9,18,0.5,pair_absdiff,0.0092,-0.0244
gpt2-large,ds003604,Phon,ses-9,18,0.5,pair_cos1d,0.0181,0.017
gpt2-large,ds003604,Phon,ses-9,19,0.528,pipeline_meanpool,-0.0,-0.0222
gpt2-large,ds003604,Phon,ses-9,19,0.528,pair_concat,0.0043,-0.0099
gpt2-large,ds003604,Phon,ses-9,19,0.528,pair_absdiff,0.0105,-0.0249
gpt2-large,ds003604,Phon,ses-9,19,0.528,pair_cos1d,0.0133,0.0138
gpt2-large,ds003604,Phon,ses-9,20,0.556,pipeline_meanpool,0.0004,-0.0232
gpt2-large,ds003604,Phon,ses-9,20,0.556,pair_concat,0.0044,-0.0099
gpt2-large,ds003604,Phon,ses-9,20,0.556,pair_absdiff,0.01,-0.0274
gpt2-large,ds003604,Phon,ses-9,20,0.556,pair_cos1d,0.0104,0.0085
gpt2-large,ds003604,Phon,ses-9,21,0.583,pipeline_meanpool,0.0005,-0.0227
gpt2-large,ds003604,Phon,ses-9,21,0.583,pair_concat,0.0048,-0.0094
gpt2-large,ds003604,Phon,ses-9,21,0.583,pair_absdiff,0.0108,-0.0267
gpt2-large,ds003604,Phon,ses-9,21,0.583,pair_cos1d,0.0145,0.0111
gpt2-large,ds003604,Phon,ses-9,22,0.611,pipeline_meanpool,-0.0,-0.0215
gpt2-large,ds003604,Phon,ses-9,22,0.611,pair_concat,0.0049,-0.0096
gpt2-large,ds003604,Phon,ses-9,22,0.611,pair_absdiff,0.0105,-0.0299
gpt2-large,ds003604,Phon,ses-9,22,0.611,pair_cos1d,0.0096,0.0063
gpt2-large,ds003604,Phon,ses-9,23,0.639,pipeline_meanpool,0.0,-0.0238
gpt2-large,ds003604,Phon,ses-9,23,0.639,pair_concat,0.0049,-0.0098
gpt2-large,ds003604,Phon,ses-9,23,0.639,pair_absdiff,0.0105,-0.0288
gpt2-large,ds003604,Phon,ses-9,23,0.639,pair_cos1d,0.0099,0.0056
gpt2-large,ds003604,Phon,ses-9,24,0.667,pipeline_meanpool,-0.0013,-0.0241
gpt2-large,ds003604,Phon,ses-9,24,0.667,pair_concat,0.005,-0.0094
gpt2-large,ds003604,Phon,ses-9,24,0.667,pair_absdiff,0.0112,-0.0287
gpt2-large,ds003604,Phon,ses-9,24,0.667,pair_cos1d,0.0116,0.009
gpt2-large,ds003604,Phon,ses-9,25,0.694,pipeline_meanpool,-0.0,-0.0213
gpt2-large,ds003604,Phon,ses-9,25,0.694,pair_concat,0.0053,-0.0094
gpt2-large,ds003604,Phon,ses-9,25,0.694,pair_absdiff,0.0098,-0.0305
gpt2-large,ds003604,Phon,ses-9,25,0.694,pair_cos1d,0.0129,0.0099
gpt2-large,ds003604,Phon,ses-9,26,0.722,pipeline_meanpool,-0.0005,-0.0194
gpt2-large,ds003604,Phon,ses-9,26,0.722,pair_concat,0.0052,-0.0096
gpt2-large,ds003604,Phon,ses-9,26,0.722,pair_absdiff,0.0106,-0.0305
gpt2-large,ds003604,Phon,ses-9,26,0.722,pair_cos1d,0.0142,0.01
gpt2-large,ds003604,Phon,ses-9,27,0.75,pipeline_meanpool,0.0001,-0.0182
gpt2-large,ds003604,Phon,ses-9,27,0.75,pair_concat,0.0052,-0.0102
gpt2-large,ds003604,Phon,ses-9,27,0.75,pair_absdiff,0.0094,-0.0298
gpt2-large,ds003604,Phon,ses-9,27,0.75,pair_cos1d,0.0148,0.0104
gpt2-large,ds003604,Phon,ses-9,28,0.778,pipeline_meanpool,0.0009,-0.0185
gpt2-large,ds003604,Phon,ses-9,28,0.778,pair_concat,0.0054,-0.0107
gpt2-large,ds003604,Phon,ses-9,28,0.778,pair_absdiff,0.0098,-0.0299
gpt2-large,ds003604,Phon,ses-9,28,0.778,pair_cos1d,0.0171,0.0138
gpt2-large,ds003604,Phon,ses-9,29,0.806,pipeline_meanpool,0.0006,-0.019
gpt2-large,ds003604,Phon,ses-9,29,0.806,pair_concat,0.0056,-0.0113
gpt2-large,ds003604,Phon,ses-9,29,0.806,pair_absdiff,0.0088,-0.0293
gpt2-large,ds003604,Phon,ses-9,29,0.806,pair_cos1d,0.0149,0.012
gpt2-large,ds003604,Phon,ses-9,30,0.833,pipeline_meanpool,0.002,-0.0169
gpt2-large,ds003604,Phon,ses-9,30,0.833,pair_concat,0.0045,-0.0128
gpt2-large,ds003604,Phon,ses-9,30,0.833,pair_absdiff,0.0098,-0.0287
gpt2-large,ds003604,Phon,ses-9,30,0.833,pair_cos1d,0.0128,0.0116
gpt2-large,ds003604,Phon,ses-9,31,0.861,pipeline_meanpool,0.0023,-0.0161
gpt2-large,ds003604,Phon,ses-9,31,0.861,pair_concat,0.0034,-0.0151
gpt2-large,ds003604,Phon,ses-9,31,0.861,pair_absdiff,0.0095,-0.0334
gpt2-large,ds003604,Phon,ses-9,31,0.861,pair_cos1d,0.0094,0.0087
gpt2-large,ds003604,Phon,ses-9,32,0.889,pipeline_meanpool,0.0034,-0.0151
gpt2-large,ds003604,Phon,ses-9,32,0.889,pair_concat,0.0048,-0.0149
gpt2-large,ds003604,Phon,ses-9,32,0.889,pair_absdiff,0.0091,-0.0299
gpt2-large,ds003604,Phon,ses-9,32,0.889,pair_cos1d,0.0099,0.0092
gpt2-large,ds003604,Phon,ses-9,33,0.917,pipeline_meanpool,0.0026,-0.0139
gpt2-large,ds003604,Phon,ses-9,33,0.917,pair_concat,0.0022,-0.0167
gpt2-large,ds003604,Phon,ses-9,33,0.917,pair_absdiff,0.0054,-0.0279
gpt2-large,ds003604,Phon,ses-9,33,0.917,pair_cos1d,0.0165,0.0183
gpt2-large,ds003604,Phon,ses-9,34,0.944,pipeline_meanpool,0.0043,-0.0187
gpt2-large,ds003604,Phon,ses-9,34,0.944,pair_concat,0.0024,-0.0175
gpt2-large,ds003604,Phon,ses-9,34,0.944,pair_absdiff,0.0071,-0.0222
gpt2-large,ds003604,Phon,ses-9,34,0.944,pair_cos1d,0.0238,0.0259
gpt2-large,ds003604,Phon,ses-9,35,0.972,pipeline_meanpool,-0.0014,0.0122
gpt2-large,ds003604,Phon,ses-9,35,0.972,pair_concat,-0.0041,-0.0262
gpt2-large,ds003604,Phon,ses-9,35,0.972,pair_absdiff,0.0038,-0.0073
gpt2-large,ds003604,Phon,ses-9,35,0.972,pair_cos1d,0.0196,0.0101
gpt2-large,ds003604,Phon,ses-9,36,1.0,pipeline_meanpool,0.0122,0.0241
gpt2-large,ds003604,Phon,ses-9,36,1.0,pair_concat,0.0001,-0.0122
gpt2-large,ds003604,Phon,ses-9,36,1.0,pair_absdiff,-0.0091,-0.0151
gpt2-large,ds003604,Phon,ses-9,36,1.0,pair_cos1d,-0.0028,-0.0035
gpt2-large,ds003604,Plaus,ses-5,0,0.0,pipeline_meanpool,-0.0161,0.0123
gpt2-large,ds003604,Plaus,ses-5,0,0.0,pair_concat,-0.0032,-0.0272
gpt2-large,ds003604,Plaus,ses-5,0,0.0,pair_absdiff,0.0157,-0.0002
gpt2-large,ds003604,Plaus,ses-5,0,0.0,pair_cos1d,-0.0067,-0.0079
gpt2-large,ds003604,Plaus,ses-5,1,0.028,pipeline_meanpool,-0.013,0.0154
gpt2-large,ds003604,Plaus,ses-5,1,0.028,pair_concat,-0.0006,-0.0142
gpt2-large,ds003604,Plaus,ses-5,1,0.028,pair_absdiff,0.0108,-0.0002
gpt2-large,ds003604,Plaus,ses-5,1,0.028,pair_cos1d,0.0034,-0.0141
gpt2-large,ds003604,Plaus,ses-5,2,0.056,pipeline_meanpool,-0.0092,0.0033
gpt2-large,ds003604,Plaus,ses-5,2,0.056,pair_concat,-0.0012,-0.0192
gpt2-large,ds003604,Plaus,ses-5,2,0.056,pair_absdiff,0.0088,0.0036
gpt2-large,ds003604,Plaus,ses-5,2,0.056,pair_cos1d,-0.0029,-0.0275
gpt2-large,ds003604,Plaus,ses-5,3,0.083,pipeline_meanpool,-0.002,0.0091
gpt2-large,ds003604,Plaus,ses-5,3,0.083,pair_concat,0.0021,-0.0091
gpt2-large,ds003604,Plaus,ses-5,3,0.083,pair_absdiff,0.0013,-0.0132
gpt2-large,ds003604,Plaus,ses-5,3,0.083,pair_cos1d,-0.0019,0.0104
gpt2-large,ds003604,Plaus,ses-5,4,0.111,pipeline_meanpool,-0.0034,0.0034
gpt2-large,ds003604,Plaus,ses-5,4,0.111,pair_concat,-0.0026,-0.0106
gpt2-large,ds003604,Plaus,ses-5,4,0.111,pair_absdiff,-0.0003,-0.0155
gpt2-large,ds003604,Plaus,ses-5,4,0.111,pair_cos1d,-0.0033,0.0191
gpt2-large,ds003604,Plaus,ses-5,5,0.139,pipeline_meanpool,-0.0051,0.0063
gpt2-large,ds003604,Plaus,ses-5,5,0.139,pair_concat,0.0007,-0.0034
gpt2-large,ds003604,Plaus,ses-5,5,0.139,pair_absdiff,0.0108,-0.0078
gpt2-large,ds003604,Plaus,ses-5,5,0.139,pair_cos1d,-0.0041,0.0102
gpt2-large,ds003604,Plaus,ses-5,6,0.167,pipeline_meanpool,-0.0055,0.0147
gpt2-large,ds003604,Plaus,ses-5,6,0.167,pair_concat,-0.0006,-0.0067
gpt2-large,ds003604,Plaus,ses-5,6,0.167,pair_absdiff,0.001,-0.0113
gpt2-large,ds003604,Plaus,ses-5,6,0.167,pair_cos1d,0.0083,0.0115
gpt2-large,ds003604,Plaus,ses-5,7,0.194,pipeline_meanpool,-0.0055,0.0237
gpt2-large,ds003604,Plaus,ses-5,7,0.194,pair_concat,-0.0002,-0.0066
gpt2-large,ds003604,Plaus,ses-5,7,0.194,pair_absdiff,-0.0072,-0.0205
gpt2-large,ds003604,Plaus,ses-5,7,0.194,pair_cos1d,0.0088,0.004
gpt2-large,ds003604,Plaus,ses-5,8,0.222,pipeline_meanpool,-0.0121,0.04
gpt2-large,ds003604,Plaus,ses-5,8,0.222,pair_concat,-0.0027,-0.0075
gpt2-large,ds003604,Plaus,ses-5,8,0.222,pair_absdiff,-0.0028,-0.0319
gpt2-large,ds003604,Plaus,ses-5,8,0.222,pair_cos1d,0.0033,-0.0137
gpt2-large,ds003604,Plaus,ses-5,9,0.25,pipeline_meanpool,-0.0122,0.0431
gpt2-large,ds003604,Plaus,ses-5,9,0.25,pair_concat,-0.0,-0.0151
gpt2-large,ds003604,Plaus,ses-5,9,0.25,pair_absdiff,-0.0022,-0.0377
gpt2-large,ds003604,Plaus,ses-5,9,0.25,pair_cos1d,0.0013,-0.0019
gpt2-large,ds003604,Plaus,ses-5,10,0.278,pipeline_meanpool,-0.009,0.046
gpt2-large,ds003604,Plaus,ses-5,10,0.278,pair_concat,-0.0041,-0.0191
gpt2-large,ds003604,Plaus,ses-5,10,0.278,pair_absdiff,-0.0013,-0.0373
gpt2-large,ds003604,Plaus,ses-5,10,0.278,pair_cos1d,-0.0001,-0.005
gpt2-large,ds003604,Plaus,ses-5,11,0.306,pipeline_meanpool,-0.0084,0.0445
gpt2-large,ds003604,Plaus,ses-5,11,0.306,pair_concat,-0.0026,-0.0227
gpt2-large,ds003604,Plaus,ses-5,11,0.306,pair_absdiff,-0.0042,-0.0388
gpt2-large,ds003604,Plaus,ses-5,11,0.306,pair_cos1d,-0.0011,-0.0076
gpt2-large,ds003604,Plaus,ses-5,12,0.333,pipeline_meanpool,-0.0078,0.0466
gpt2-large,ds003604,Plaus,ses-5,12,0.333,pair_concat,-0.0051,-0.0247
gpt2-large,ds003604,Plaus,ses-5,12,0.333,pair_absdiff,-0.0015,-0.0409
gpt2-large,ds003604,Plaus,ses-5,12,0.333,pair_cos1d,-0.0006,-0.0067
gpt2-large,ds003604,Plaus,ses-5,13,0.361,pipeline_meanpool,-0.0067,0.0462
gpt2-large,ds003604,Plaus,ses-5,13,0.361,pair_concat,-0.0058,-0.0236
gpt2-large,ds003604,Plaus,ses-5,13,0.361,pair_absdiff,-0.0013,-0.04
gpt2-large,ds003604,Plaus,ses-5,13,0.361,pair_cos1d,-0.0013,-0.0067
gpt2-large,ds003604,Plaus,ses-5,14,0.389,pipeline_meanpool,-0.0054,0.0471
gpt2-large,ds003604,Plaus,ses-5,14,0.389,pair_concat,-0.0032,-0.0246
gpt2-large,ds003604,Plaus,ses-5,14,0.389,pair_absdiff,-0.0015,-0.0407
gpt2-large,ds003604,Plaus,ses-5,14,0.389,pair_cos1d,-0.0021,-0.0067
gpt2-large,ds003604,Plaus,ses-5,15,0.417,pipeline_meanpool,-0.0061,0.043
gpt2-large,ds003604,Plaus,ses-5,15,0.417,pair_concat,-0.0057,-0.0228
gpt2-large,ds003604,Plaus,ses-5,15,0.417,pair_absdiff,-0.0024,-0.038
gpt2-large,ds003604,Plaus,ses-5,15,0.417,pair_cos1d,-0.0021,-0.0067
gpt2-large,ds003604,Plaus,ses-5,16,0.444,pipeline_meanpool,-0.0069,0.0436
gpt2-large,ds003604,Plaus,ses-5,16,0.444,pair_concat,-0.0038,-0.0226
gpt2-large,ds003604,Plaus,ses-5,16,0.444,pair_absdiff,-0.0038,-0.0395
gpt2-large,ds003604,Plaus,ses-5,16,0.444,pair_cos1d,-0.0015,-0.0063
gpt2-large,ds003604,Plaus,ses-5,17,0.472,pipeline_meanpool,-0.0072,0.0433
gpt2-large,ds003604,Plaus,ses-5,17,0.472,pair_concat,-0.0054,-0.0203
gpt2-large,ds003604,Plaus,ses-5,17,0.472,pair_absdiff,-0.002,-0.0405
gpt2-large,ds003604,Plaus,ses-5,17,0.472,pair_cos1d,-0.0007,-0.0053
gpt2-large,ds003604,Plaus,ses-5,18,0.5,pipeline_meanpool,-0.0075,0.0442
gpt2-large,ds003604,Plaus,ses-5,18,0.5,pair_concat,-0.0061,-0.0238
gpt2-large,ds003604,Plaus,ses-5,18,0.5,pair_absdiff,-0.0033,-0.0395
gpt2-large,ds003604,Plaus,ses-5,18,0.5,pair_cos1d,-0.001,-0.0053
gpt2-large,ds003604,Plaus,ses-5,19,0.528,pipeline_meanpool,-0.0067,0.0457
gpt2-large,ds003604,Plaus,ses-5,19,0.528,pair_concat,-0.0065,-0.0222
gpt2-large,ds003604,Plaus,ses-5,19,0.528,pair_absdiff,-0.002,-0.041
gpt2-large,ds003604,Plaus,ses-5,19,0.528,pair_cos1d,-0.0011,-0.0055
gpt2-large,ds003604,Plaus,ses-5,20,0.556,pipeline_meanpool,-0.0085,0.0475
gpt2-large,ds003604,Plaus,ses-5,20,0.556,pair_concat,-0.0042,-0.0234
gpt2-large,ds003604,Plaus,ses-5,20,0.556,pair_absdiff,-0.0012,-0.0407
gpt2-large,ds003604,Plaus,ses-5,20,0.556,pair_cos1d,-0.001,-0.0044
gpt2-large,ds003604,Plaus,ses-5,21,0.583,pipeline_meanpool,-0.009,0.0478
gpt2-large,ds003604,Plaus,ses-5,21,0.583,pair_concat,-0.0059,-0.0215
gpt2-large,ds003604,Plaus,ses-5,21,0.583,pair_absdiff,-0.0008,-0.0393
gpt2-large,ds003604,Plaus,ses-5,21,0.583,pair_cos1d,-0.0017,-0.0059
gpt2-large,ds003604,Plaus,ses-5,22,0.611,pipeline_meanpool,-0.01,0.0471
gpt2-large,ds003604,Plaus,ses-5,22,0.611,pair_concat,-0.0042,-0.0232
gpt2-large,ds003604,Plaus,ses-5,22,0.611,pair_absdiff,-0.001,-0.0398
gpt2-large,ds003604,Plaus,ses-5,22,0.611,pair_cos1d,-0.0017,-0.0059
gpt2-large,ds003604,Plaus,ses-5,23,0.639,pipeline_meanpool,-0.01,0.0492
gpt2-large,ds003604,Plaus,ses-5,23,0.639,pair_concat,-0.0049,-0.0207
gpt2-large,ds003604,Plaus,ses-5,23,0.639,pair_absdiff,-0.0014,-0.0413
gpt2-large,ds003604,Plaus,ses-5,23,0.639,pair_cos1d,-0.0009,-0.0035
gpt2-large,ds003604,Plaus,ses-5,24,0.667,pipeline_meanpool,-0.01,0.0476
gpt2-large,ds003604,Plaus,ses-5,24,0.667,pair_concat,-0.0045,-0.0202
gpt2-large,ds003604,Plaus,ses-5,24,0.667,pair_absdiff,-0.0028,-0.0402
gpt2-large,ds003604,Plaus,ses-5,24,0.667,pair_cos1d,0.0021,0.0012
gpt2-large,ds003604,Plaus,ses-5,25,0.694,pipeline_meanpool,-0.0107,0.0472
gpt2-large,ds003604,Plaus,ses-5,25,0.694,pair_concat,-0.0036,-0.0209
gpt2-large,ds003604,Plaus,ses-5,25,0.694,pair_absdiff,-0.0015,-0.0395
gpt2-large,ds003604,Plaus,ses-5,25,0.694,pair_cos1d,0.0025,0.0008
gpt2-large,ds003604,Plaus,ses-5,26,0.722,pipeline_meanpool,-0.0114,0.0463
gpt2-large,ds003604,Plaus,ses-5,26,0.722,pair_concat,-0.0056,-0.0204
gpt2-large,ds003604,Plaus,ses-5,26,0.722,pair_absdiff,-0.0018,-0.0419
gpt2-large,ds003604,Plaus,ses-5,26,0.722,pair_cos1d,-0.0009,-0.0035
gpt2-large,ds003604,Plaus,ses-5,27,0.75,pipeline_meanpool,-0.0122,0.0452
gpt2-large,ds003604,Plaus,ses-5,27,0.75,pair_concat,-0.0041,-0.0223
gpt2-large,ds003604,Plaus,ses-5,27,0.75,pair_absdiff,-0.0028,-0.0385
gpt2-large,ds003604,Plaus,ses-5,27,0.75,pair_cos1d,0.0013,0.0003
gpt2-large,ds003604,Plaus,ses-5,28,0.778,pipeline_meanpool,-0.0133,0.0423
gpt2-large,ds003604,Plaus,ses-5,28,0.778,pair_concat,-0.0032,-0.0215
gpt2-large,ds003604,Plaus,ses-5,28,0.778,pair_absdiff,-0.0029,-0.0388
gpt2-large,ds003604,Plaus,ses-5,28,0.778,pair_cos1d,0.0011,-0.0011
gpt2-large,ds003604,Plaus,ses-5,29,0.806,pipeline_meanpool,-0.0157,0.0371
gpt2-large,ds003604,Plaus,ses-5,29,0.806,pair_concat,-0.0036,-0.0226
gpt2-large,ds003604,Plaus,ses-5,29,0.806,pair_absdiff,-0.0015,-0.0407
gpt2-large,ds003604,Plaus,ses-5,29,0.806,pair_cos1d,0.0011,-0.0011
gpt2-large,ds003604,Plaus,ses-5,30,0.833,pipeline_meanpool,-0.0167,0.0353
gpt2-large,ds003604,Plaus,ses-5,30,0.833,pair_concat,-0.0053,-0.0203
gpt2-large,ds003604,Plaus,ses-5,30,0.833,pair_absdiff,-0.0004,-0.0389
gpt2-large,ds003604,Plaus,ses-5,30,0.833,pair_cos1d,0.0017,-0.0015
gpt2-large,ds003604,Plaus,ses-5,31,0.861,pipeline_meanpool,-0.0142,0.0367
gpt2-large,ds003604,Plaus,ses-5,31,0.861,pair_concat,-0.0051,-0.0243
gpt2-large,ds003604,Plaus,ses-5,31,0.861,pair_absdiff,-0.0018,-0.0409
gpt2-large,ds003604,Plaus,ses-5,31,0.861,pair_cos1d,0.0028,-0.0019
gpt2-large,ds003604,Plaus,ses-5,32,0.889,pipeline_meanpool,-0.0151,0.0385
gpt2-large,ds003604,Plaus,ses-5,32,0.889,pair_concat,-0.0035,-0.0226
gpt2-large,ds003604,Plaus,ses-5,32,0.889,pair_absdiff,-0.0013,-0.0403
gpt2-large,ds003604,Plaus,ses-5,32,0.889,pair_cos1d,0.0038,-0.0051
gpt2-large,ds003604,Plaus,ses-5,33,0.917,pipeline_meanpool,-0.0107,0.0145
gpt2-large,ds003604,Plaus,ses-5,33,0.917,pair_concat,-0.0042,-0.0206
gpt2-large,ds003604,Plaus,ses-5,33,0.917,pair_absdiff,-0.0032,-0.0395
gpt2-large,ds003604,Plaus,ses-5,33,0.917,pair_cos1d,0.0088,-0.0141
gpt2-large,ds003604,Plaus,ses-5,34,0.944,pipeline_meanpool,-0.0093,-0.0427
gpt2-large,ds003604,Plaus,ses-5,34,0.944,pair_concat,0.0003,-0.0203
gpt2-large,ds003604,Plaus,ses-5,34,0.944,pair_absdiff,-0.0006,-0.0404
gpt2-large,ds003604,Plaus,ses-5,34,0.944,pair_cos1d,0.0209,-0.01
gpt2-large,ds003604,Plaus,ses-5,35,0.972,pipeline_meanpool,-0.0163,-0.0262
gpt2-large,ds003604,Plaus,ses-5,35,0.972,pair_concat,0.0009,-0.0116
gpt2-large,ds003604,Plaus,ses-5,35,0.972,pair_absdiff,-0.0029,-0.0133
gpt2-large,ds003604,Plaus,ses-5,35,0.972,pair_cos1d,0.0151,-0.0304
gpt2-large,ds003604,Plaus,ses-5,36,1.0,pipeline_meanpool,-0.0203,-0.0046
gpt2-large,ds003604,Plaus,ses-5,36,1.0,pair_concat,-0.0019,-0.0154
gpt2-large,ds003604,Plaus,ses-5,36,1.0,pair_absdiff,0.0005,-0.0015
gpt2-large,ds003604,Plaus,ses-5,36,1.0,pair_cos1d,-0.003,-0.0348
gpt2-large,ds003604,Plaus,ses-7,0,0.0,pipeline_meanpool,-0.0197,0.0143
gpt2-large,ds003604,Plaus,ses-7,0,0.0,pair_concat,-0.002,-0.0245
gpt2-large,ds003604,Plaus,ses-7,0,0.0,pair_absdiff,0.0078,-0.002
gpt2-large,ds003604,Plaus,ses-7,0,0.0,pair_cos1d,-0.0036,-0.0088
gpt2-large,ds003604,Plaus,ses-7,1,0.028,pipeline_meanpool,-0.0181,0.0164
gpt2-large,ds003604,Plaus,ses-7,1,0.028,pair_concat,0.0021,-0.0109
gpt2-large,ds003604,Plaus,ses-7,1,0.028,pair_absdiff,0.0005,-0.0013
gpt2-large,ds003604,Plaus,ses-7,1,0.028,pair_cos1d,-0.0001,-0.0159
gpt2-large,ds003604,Plaus,ses-7,2,0.056,pipeline_meanpool,-0.0187,0.0041
gpt2-large,ds003604,Plaus,ses-7,2,0.056,pair_concat,0.0013,-0.0159
gpt2-large,ds003604,Plaus,ses-7,2,0.056,pair_absdiff,0.0062,0.0052
gpt2-large,ds003604,Plaus,ses-7,2,0.056,pair_cos1d,-0.0026,-0.0305
gpt2-large,ds003604,Plaus,ses-7,3,0.083,pipeline_meanpool,-0.0107,0.0113
gpt2-large,ds003604,Plaus,ses-7,3,0.083,pair_concat,0.0025,-0.0076
gpt2-large,ds003604,Plaus,ses-7,3,0.083,pair_absdiff,-0.0007,-0.0135
gpt2-large,ds003604,Plaus,ses-7,3,0.083,pair_cos1d,-0.0005,0.0095
gpt2-large,ds003604,Plaus,ses-7,4,0.111,pipeline_meanpool,-0.0125,0.0064
gpt2-large,ds003604,Plaus,ses-7,4,0.111,pair_concat,-0.0005,-0.0083
gpt2-large,ds003604,Plaus,ses-7,4,0.111,pair_absdiff,0.0013,-0.0133
gpt2-large,ds003604,Plaus,ses-7,4,0.111,pair_cos1d,-0.0029,0.0191
gpt2-large,ds003604,Plaus,ses-7,5,0.139,pipeline_meanpool,-0.0144,0.009
gpt2-large,ds003604,Plaus,ses-7,5,0.139,pair_concat,0.0015,-0.0023
gpt2-large,ds003604,Plaus,ses-7,5,0.139,pair_absdiff,0.007,-0.0056
gpt2-large,ds003604,Plaus,ses-7,5,0.139,pair_cos1d,-0.0037,0.0094
gpt2-large,ds003604,Plaus,ses-7,6,0.167,pipeline_meanpool,-0.013,0.0178
gpt2-large,ds003604,Plaus,ses-7,6,0.167,pair_concat,0.0005,-0.0049
gpt2-large,ds003604,Plaus,ses-7,6,0.167,pair_absdiff,0.0046,-0.007
gpt2-large,ds003604,Plaus,ses-7,6,0.167,pair_cos1d,0.0043,0.0096
gpt2-large,ds003604,Plaus,ses-7,7,0.194,pipeline_meanpool,-0.0127,0.0263
gpt2-large,ds003604,Plaus,ses-7,7,0.194,pair_concat,0.0009,-0.0049
gpt2-large,ds003604,Plaus,ses-7,7,0.194,pair_absdiff,-0.0014,-0.0188
gpt2-large,ds003604,Plaus,ses-7,7,0.194,pair_cos1d,0.0048,0.0019
gpt2-large,ds003604,Plaus,ses-7,8,0.222,pipeline_meanpool,-0.0177,0.0416
gpt2-large,ds003604,Plaus,ses-7,8,0.222,pair_concat,-0.0002,-0.0062
gpt2-large,ds003604,Plaus,ses-7,8,0.222,pair_absdiff,0.0016,-0.0338
gpt2-large,ds003604,Plaus,ses-7,8,0.222,pair_cos1d,0.0009,-0.0156
gpt2-large,ds003604,Plaus,ses-7,9,0.25,pipeline_meanpool,-0.0189,0.0439
gpt2-large,ds003604,Plaus,ses-7,9,0.25,pair_concat,0.0025,-0.0139
gpt2-large,ds003604,Plaus,ses-7,9,0.25,pair_absdiff,0.0024,-0.0395
gpt2-large,ds003604,Plaus,ses-7,9,0.25,pair_cos1d,-0.0023,-0.0035
gpt2-large,ds003604,Plaus,ses-7,10,0.278,pipeline_meanpool,-0.0163,0.0466
gpt2-large,ds003604,Plaus,ses-7,10,0.278,pair_concat,0.0002,-0.0177
gpt2-large,ds003604,Plaus,ses-7,10,0.278,pair_absdiff,0.0045,-0.0391
gpt2-large,ds003604,Plaus,ses-7,10,0.278,pair_cos1d,-0.0038,-0.0065
gpt2-large,ds003604,Plaus,ses-7,11,0.306,pipeline_meanpool,-0.0157,0.045
gpt2-large,ds003604,Plaus,ses-7,11,0.306,pair_concat,0.0026,-0.0212
gpt2-large,ds003604,Plaus,ses-7,11,0.306,pair_absdiff,0.0029,-0.0403
gpt2-large,ds003604,Plaus,ses-7,11,0.306,pair_cos1d,-0.0052,-0.0092
gpt2-large,ds003604,Plaus,ses-7,12,0.333,pipeline_meanpool,-0.0155,0.047
gpt2-large,ds003604,Plaus,ses-7,12,0.333,pair_concat,0.0043,-0.0228
gpt2-large,ds003604,Plaus,ses-7,12,0.333,pair_absdiff,0.0039,-0.0429
gpt2-large,ds003604,Plaus,ses-7,12,0.333,pair_cos1d,-0.004,-0.0082
gpt2-large,ds003604,Plaus,ses-7,13,0.361,pipeline_meanpool,-0.0143,0.0464
gpt2-large,ds003604,Plaus,ses-7,13,0.361,pair_concat,0.0043,-0.0215
gpt2-large,ds003604,Plaus,ses-7,13,0.361,pair_absdiff,0.0041,-0.042
gpt2-large,ds003604,Plaus,ses-7,13,0.361,pair_cos1d,-0.0045,-0.0081
gpt2-large,ds003604,Plaus,ses-7,14,0.389,pipeline_meanpool,-0.0124,0.0478
gpt2-large,ds003604,Plaus,ses-7,14,0.389,pair_concat,0.0053,-0.0229
gpt2-large,ds003604,Plaus,ses-7,14,0.389,pair_absdiff,0.0047,-0.0427
gpt2-large,ds003604,Plaus,ses-7,14,0.389,pair_cos1d,-0.005,-0.008
gpt2-large,ds003604,Plaus,ses-7,15,0.417,pipeline_meanpool,-0.0124,0.0441
gpt2-large,ds003604,Plaus,ses-7,15,0.417,pair_concat,0.0041,-0.0209
gpt2-large,ds003604,Plaus,ses-7,15,0.417,pair_absdiff,0.0034,-0.04
gpt2-large,ds003604,Plaus,ses-7,15,0.417,pair_cos1d,-0.005,-0.008
gpt2-large,ds003604,Plaus,ses-7,16,0.444,pipeline_meanpool,-0.0135,0.0446
gpt2-large,ds003604,Plaus,ses-7,16,0.444,pair_concat,0.0045,-0.0211
gpt2-large,ds003604,Plaus,ses-7,16,0.444,pair_absdiff,0.0034,-0.0412
gpt2-large,ds003604,Plaus,ses-7,16,0.444,pair_cos1d,-0.0045,-0.0078
gpt2-large,ds003604,Plaus,ses-7,17,0.472,pipeline_meanpool,-0.0132,0.0446
gpt2-large,ds003604,Plaus,ses-7,17,0.472,pair_concat,0.0043,-0.0187
gpt2-large,ds003604,Plaus,ses-7,17,0.472,pair_absdiff,0.004,-0.0428
gpt2-large,ds003604,Plaus,ses-7,17,0.472,pair_cos1d,-0.0038,-0.0068
gpt2-large,ds003604,Plaus,ses-7,18,0.5,pipeline_meanpool,-0.0133,0.0454
gpt2-large,ds003604,Plaus,ses-7,18,0.5,pair_concat,0.0037,-0.0219
gpt2-large,ds003604,Plaus,ses-7,18,0.5,pair_absdiff,0.0033,-0.0416
gpt2-large,ds003604,Plaus,ses-7,18,0.5,pair_cos1d,-0.004,-0.0067
gpt2-large,ds003604,Plaus,ses-7,19,0.528,pipeline_meanpool,-0.0117,0.0469
gpt2-large,ds003604,Plaus,ses-7,19,0.528,pair_concat,0.0032,-0.0204
gpt2-large,ds003604,Plaus,ses-7,19,0.528,pair_absdiff,0.0043,-0.0426
gpt2-large,ds003604,Plaus,ses-7,19,0.528,pair_cos1d,-0.0042,-0.007
gpt2-large,ds003604,Plaus,ses-7,20,0.556,pipeline_meanpool,-0.0135,0.0492
gpt2-large,ds003604,Plaus,ses-7,20,0.556,pair_concat,0.0049,-0.022
gpt2-large,ds003604,Plaus,ses-7,20,0.556,pair_absdiff,0.005,-0.0428
gpt2-large,ds003604,Plaus,ses-7,20,0.556,pair_cos1d,-0.0038,-0.0058
gpt2-large,ds003604,Plaus,ses-7,21,0.583,pipeline_meanpool,-0.0134,0.0491
gpt2-large,ds003604,Plaus,ses-7,21,0.583,pair_concat,0.0034,-0.0198
gpt2-large,ds003604,Plaus,ses-7,21,0.583,pair_absdiff,0.0044,-0.0414
gpt2-large,ds003604,Plaus,ses-7,21,0.583,pair_cos1d,-0.0051,-0.0073
gpt2-large,ds003604,Plaus,ses-7,22,0.611,pipeline_meanpool,-0.0141,0.0483
gpt2-large,ds003604,Plaus,ses-7,22,0.611,pair_concat,0.0051,-0.0217
gpt2-large,ds003604,Plaus,ses-7,22,0.611,pair_absdiff,0.0048,-0.0417
gpt2-large,ds003604,Plaus,ses-7,22,0.611,pair_cos1d,-0.0051,-0.0073
gpt2-large,ds003604,Plaus,ses-7,23,0.639,pipeline_meanpool,-0.0139,0.0506
gpt2-large,ds003604,Plaus,ses-7,23,0.639,pair_concat,0.005,-0.0192
gpt2-large,ds003604,Plaus,ses-7,23,0.639,pair_absdiff,0.0045,-0.0436
gpt2-large,ds003604,Plaus,ses-7,23,0.639,pair_cos1d,-0.0038,-0.0047
gpt2-large,ds003604,Plaus,ses-7,24,0.667,pipeline_meanpool,-0.0123,0.0494
gpt2-large,ds003604,Plaus,ses-7,24,0.667,pair_concat,0.0048,-0.019
gpt2-large,ds003604,Plaus,ses-7,24,0.667,pair_absdiff,0.0036,-0.042
gpt2-large,ds003604,Plaus,ses-7,24,0.667,pair_cos1d,-0.0011,-0.0002
gpt2-large,ds003604,Plaus,ses-7,25,0.694,pipeline_meanpool,-0.013,0.0491
gpt2-large,ds003604,Plaus,ses-7,25,0.694,pair_concat,0.0058,-0.0197
gpt2-large,ds003604,Plaus,ses-7,25,0.694,pair_absdiff,0.0045,-0.0413
gpt2-large,ds003604,Plaus,ses-7,25,0.694,pair_cos1d,-0.0007,-0.0008
gpt2-large,ds003604,Plaus,ses-7,26,0.722,pipeline_meanpool,-0.013,0.0485
gpt2-large,ds003604,Plaus,ses-7,26,0.722,pair_concat,0.0048,-0.0187
gpt2-large,ds003604,Plaus,ses-7,26,0.722,pair_absdiff,0.0044,-0.044
gpt2-large,ds003604,Plaus,ses-7,26,0.722,pair_cos1d,-0.0038,-0.0047
gpt2-large,ds003604,Plaus,ses-7,27,0.75,pipeline_meanpool,-0.0129,0.0475
gpt2-large,ds003604,Plaus,ses-7,27,0.75,pair_concat,0.0051,-0.0205
gpt2-large,ds003604,Plaus,ses-7,27,0.75,pair_absdiff,0.0037,-0.0407
gpt2-large,ds003604,Plaus,ses-7,27,0.75,pair_cos1d,-0.0013,-0.001
gpt2-large,ds003604,Plaus,ses-7,28,0.778,pipeline_meanpool,-0.0132,0.0448
gpt2-large,ds003604,Plaus,ses-7,28,0.778,pair_concat,0.0056,-0.0201
gpt2-large,ds003604,Plaus,ses-7,28,0.778,pair_absdiff,0.0035,-0.041
gpt2-large,ds003604,Plaus,ses-7,28,0.778,pair_cos1d,-0.0023,-0.0026
gpt2-large,ds003604,Plaus,ses-7,29,0.806,pipeline_meanpool,-0.0151,0.0393
gpt2-large,ds003604,Plaus,ses-7,29,0.806,pair_concat,0.0057,-0.021
gpt2-large,ds003604,Plaus,ses-7,29,0.806,pair_absdiff,0.0044,-0.0426
gpt2-large,ds003604,Plaus,ses-7,29,0.806,pair_cos1d,-0.0023,-0.0026
gpt2-large,ds003604,Plaus,ses-7,30,0.833,pipeline_meanpool,-0.0165,0.0375
gpt2-large,ds003604,Plaus,ses-7,30,0.833,pair_concat,0.0046,-0.0188
gpt2-large,ds003604,Plaus,ses-7,30,0.833,pair_absdiff,0.005,-0.0411
gpt2-large,ds003604,Plaus,ses-7,30,0.833,pair_cos1d,-0.0016,-0.0031
gpt2-large,ds003604,Plaus,ses-7,31,0.861,pipeline_meanpool,-0.0145,0.0382
gpt2-large,ds003604,Plaus,ses-7,31,0.861,pair_concat,0.0048,-0.0226
gpt2-large,ds003604,Plaus,ses-7,31,0.861,pair_absdiff,0.0043,-0.0427
gpt2-large,ds003604,Plaus,ses-7,31,0.861,pair_cos1d,-0.0009,-0.0038
gpt2-large,ds003604,Plaus,ses-7,32,0.889,pipeline_meanpool,-0.016,0.0397
gpt2-large,ds003604,Plaus,ses-7,32,0.889,pair_concat,0.0052,-0.0211
gpt2-large,ds003604,Plaus,ses-7,32,0.889,pair_absdiff,0.0046,-0.0422
gpt2-large,ds003604,Plaus,ses-7,32,0.889,pair_cos1d,-0.0003,-0.0069
gpt2-large,ds003604,Plaus,ses-7,33,0.917,pipeline_meanpool,-0.0155,0.0147
gpt2-large,ds003604,Plaus,ses-7,33,0.917,pair_concat,0.0051,-0.0192
gpt2-large,ds003604,Plaus,ses-7,33,0.917,pair_absdiff,0.0032,-0.0415
gpt2-large,ds003604,Plaus,ses-7,33,0.917,pair_cos1d,0.0047,-0.0166
gpt2-large,ds003604,Plaus,ses-7,34,0.944,pipeline_meanpool,-0.0161,-0.0461
gpt2-large,ds003604,Plaus,ses-7,34,0.944,pair_concat,0.0053,-0.0193
gpt2-large,ds003604,Plaus,ses-7,34,0.944,pair_absdiff,0.0046,-0.0426
gpt2-large,ds003604,Plaus,ses-7,34,0.944,pair_cos1d,0.0099,-0.0141
gpt2-large,ds003604,Plaus,ses-7,35,0.972,pipeline_meanpool,-0.0167,-0.0278
gpt2-large,ds003604,Plaus,ses-7,35,0.972,pair_concat,0.002,-0.0095
gpt2-large,ds003604,Plaus,ses-7,35,0.972,pair_absdiff,0.0024,-0.0106
gpt2-large,ds003604,Plaus,ses-7,35,0.972,pair_cos1d,0.0074,-0.0384
gpt2-large,ds003604,Plaus,ses-7,36,1.0,pipeline_meanpool,-0.0181,-0.002
gpt2-large,ds003604,Plaus,ses-7,36,1.0,pair_concat,0.0001,-0.013
gpt2-large,ds003604,Plaus,ses-7,36,1.0,pair_absdiff,-0.004,0.0007
gpt2-large,ds003604,Plaus,ses-7,36,1.0,pair_cos1d,-0.0042,-0.0419
gpt2-large,ds003604,Plaus,ses-9,0,0.0,pipeline_meanpool,-0.0172,0.0144
gpt2-large,ds003604,Plaus,ses-9,0,0.0,pair_concat,0.0072,-0.0216
gpt2-large,ds003604,Plaus,ses-9,0,0.0,pair_absdiff,0.0226,0.0016
gpt2-large,ds003604,Plaus,ses-9,0,0.0,pair_cos1d,-0.001,-0.0061
gpt2-large,ds003604,Plaus,ses-9,1,0.028,pipeline_meanpool,-0.0115,0.018
gpt2-large,ds003604,Plaus,ses-9,1,0.028,pair_concat,0.0116,-0.008
gpt2-large,ds003604,Plaus,ses-9,1,0.028,pair_absdiff,0.0127,0.0022
gpt2-large,ds003604,Plaus,ses-9,1,0.028,pair_cos1d,0.0042,-0.0139
gpt2-large,ds003604,Plaus,ses-9,2,0.056,pipeline_meanpool,-0.0102,0.0068
gpt2-large,ds003604,Plaus,ses-9,2,0.056,pair_concat,0.0109,-0.0128
gpt2-large,ds003604,Plaus,ses-9,2,0.056,pair_absdiff,0.019,0.0089
gpt2-large,ds003604,Plaus,ses-9,2,0.056,pair_cos1d,0.0016,-0.0272
gpt2-large,ds003604,Plaus,ses-9,3,0.083,pipeline_meanpool,-0.0014,0.0143
gpt2-large,ds003604,Plaus,ses-9,3,0.083,pair_concat,0.0149,-0.0038
gpt2-large,ds003604,Plaus,ses-9,3,0.083,pair_absdiff,0.0106,-0.0092
gpt2-large,ds003604,Plaus,ses-9,3,0.083,pair_cos1d,0.0055,0.0124
gpt2-large,ds003604,Plaus,ses-9,4,0.111,pipeline_meanpool,-0.0032,0.0095
gpt2-large,ds003604,Plaus,ses-9,4,0.111,pair_concat,0.0117,-0.0045
gpt2-large,ds003604,Plaus,ses-9,4,0.111,pair_absdiff,0.0099,-0.0102
gpt2-large,ds003604,Plaus,ses-9,4,0.111,pair_cos1d,0.0041,0.0215
gpt2-large,ds003604,Plaus,ses-9,5,0.139,pipeline_meanpool,-0.0042,0.0121
gpt2-large,ds003604,Plaus,ses-9,5,0.139,pair_concat,0.0152,0.0017
gpt2-large,ds003604,Plaus,ses-9,5,0.139,pair_absdiff,0.0179,-0.0024
gpt2-large,ds003604,Plaus,ses-9,5,0.139,pair_cos1d,0.0016,0.0122
gpt2-large,ds003604,Plaus,ses-9,6,0.167,pipeline_meanpool,-0.0012,0.0207
gpt2-large,ds003604,Plaus,ses-9,6,0.167,pair_concat,0.0141,-0.0009
gpt2-large,ds003604,Plaus,ses-9,6,0.167,pair_absdiff,0.0124,-0.0042
gpt2-large,ds003604,Plaus,ses-9,6,0.167,pair_cos1d,0.0101,0.0125
gpt2-large,ds003604,Plaus,ses-9,7,0.194,pipeline_meanpool,-0.001,0.0291
gpt2-large,ds003604,Plaus,ses-9,7,0.194,pair_concat,0.0149,-0.0007
gpt2-large,ds003604,Plaus,ses-9,7,0.194,pair_absdiff,0.0072,-0.0144
gpt2-large,ds003604,Plaus,ses-9,7,0.194,pair_cos1d,0.0098,0.0047
gpt2-large,ds003604,Plaus,ses-9,8,0.222,pipeline_meanpool,-0.0099,0.0426
gpt2-large,ds003604,Plaus,ses-9,8,0.222,pair_concat,0.0123,-0.0023
gpt2-large,ds003604,Plaus,ses-9,8,0.222,pair_absdiff,0.0104,-0.0279
gpt2-large,ds003604,Plaus,ses-9,8,0.222,pair_cos1d,0.0046,-0.0124
gpt2-large,ds003604,Plaus,ses-9,9,0.25,pipeline_meanpool,-0.0121,0.0443
gpt2-large,ds003604,Plaus,ses-9,9,0.25,pair_concat,0.0145,-0.0095
gpt2-large,ds003604,Plaus,ses-9,9,0.25,pair_absdiff,0.0105,-0.0335
gpt2-large,ds003604,Plaus,ses-9,9,0.25,pair_cos1d,0.0012,-0.0006
gpt2-large,ds003604,Plaus,ses-9,10,0.278,pipeline_meanpool,-0.01,0.0465
gpt2-large,ds003604,Plaus,ses-9,10,0.278,pair_concat,0.0105,-0.0132
gpt2-large,ds003604,Plaus,ses-9,10,0.278,pair_absdiff,0.0117,-0.0332
gpt2-large,ds003604,Plaus,ses-9,10,0.278,pair_cos1d,-0.0011,-0.0037
gpt2-large,ds003604,Plaus,ses-9,11,0.306,pipeline_meanpool,-0.0092,0.0451
gpt2-large,ds003604,Plaus,ses-9,11,0.306,pair_concat,0.012,-0.0167
gpt2-large,ds003604,Plaus,ses-9,11,0.306,pair_absdiff,0.0097,-0.0346
gpt2-large,ds003604,Plaus,ses-9,11,0.306,pair_cos1d,-0.0018,-0.0064
gpt2-large,ds003604,Plaus,ses-9,12,0.333,pipeline_meanpool,-0.0086,0.047
gpt2-large,ds003604,Plaus,ses-9,12,0.333,pair_concat,0.0118,-0.0185
gpt2-large,ds003604,Plaus,ses-9,12,0.333,pair_absdiff,0.0108,-0.0371
gpt2-large,ds003604,Plaus,ses-9,12,0.333,pair_cos1d,-0.0006,-0.0053
gpt2-large,ds003604,Plaus,ses-9,13,0.361,pipeline_meanpool,-0.0075,0.0463
gpt2-large,ds003604,Plaus,ses-9,13,0.361,pair_concat,0.0115,-0.0173
gpt2-large,ds003604,Plaus,ses-9,13,0.361,pair_absdiff,0.0111,-0.0362
gpt2-large,ds003604,Plaus,ses-9,13,0.361,pair_cos1d,-0.0011,-0.0052
gpt2-large,ds003604,Plaus,ses-9,14,0.389,pipeline_meanpool,-0.0057,0.0478
gpt2-large,ds003604,Plaus,ses-9,14,0.389,pair_concat,0.0127,-0.0187
gpt2-large,ds003604,Plaus,ses-9,14,0.389,pair_absdiff,0.012,-0.0367
gpt2-large,ds003604,Plaus,ses-9,14,0.389,pair_cos1d,-0.0018,-0.0052
gpt2-large,ds003604,Plaus,ses-9,15,0.417,pipeline_meanpool,-0.0053,0.0444
gpt2-large,ds003604,Plaus,ses-9,15,0.417,pair_concat,0.0115,-0.0167
gpt2-large,ds003604,Plaus,ses-9,15,0.417,pair_absdiff,0.0099,-0.0343
gpt2-large,ds003604,Plaus,ses-9,15,0.417,pair_cos1d,-0.0018,-0.0052
gpt2-large,ds003604,Plaus,ses-9,16,0.444,pipeline_meanpool,-0.0059,0.0451
gpt2-large,ds003604,Plaus,ses-9,16,0.444,pair_concat,0.0119,-0.0169
gpt2-large,ds003604,Plaus,ses-9,16,0.444,pair_absdiff,0.01,-0.0354
gpt2-large,ds003604,Plaus,ses-9,16,0.444,pair_cos1d,-0.0013,-0.005
gpt2-large,ds003604,Plaus,ses-9,17,0.472,pipeline_meanpool,-0.0052,0.045
gpt2-large,ds003604,Plaus,ses-9,17,0.472,pair_concat,0.0116,-0.0146
gpt2-large,ds003604,Plaus,ses-9,17,0.472,pair_absdiff,0.0107,-0.0369
gpt2-large,ds003604,Plaus,ses-9,17,0.472,pair_cos1d,-0.0003,-0.004
gpt2-large,ds003604,Plaus,ses-9,18,0.5,pipeline_meanpool,-0.0051,0.0459
gpt2-large,ds003604,Plaus,ses-9,18,0.5,pair_concat,0.0109,-0.0177
gpt2-large,ds003604,Plaus,ses-9,18,0.5,pair_absdiff,0.0099,-0.0357
gpt2-large,ds003604,Plaus,ses-9,18,0.5,pair_cos1d,-0.0007,-0.004
gpt2-large,ds003604,Plaus,ses-9,19,0.528,pipeline_meanpool,-0.0037,0.0472
gpt2-large,ds003604,Plaus,ses-9,19,0.528,pair_concat,0.01,-0.0164
gpt2-large,ds003604,Plaus,ses-9,19,0.528,pair_absdiff,0.0111,-0.0368
gpt2-large,ds003604,Plaus,ses-9,19,0.528,pair_cos1d,-0.0009,-0.0042
gpt2-large,ds003604,Plaus,ses-9,20,0.556,pipeline_meanpool,-0.0056,0.0493
gpt2-large,ds003604,Plaus,ses-9,20,0.556,pair_concat,0.0125,-0.0176
gpt2-large,ds003604,Plaus,ses-9,20,0.556,pair_absdiff,0.0123,-0.0368
gpt2-large,ds003604,Plaus,ses-9,20,0.556,pair_cos1d,-0.0005,-0.003
gpt2-large,ds003604,Plaus,ses-9,21,0.583,pipeline_meanpool,-0.0057,0.0492
gpt2-large,ds003604,Plaus,ses-9,21,0.583,pair_concat,0.0104,-0.0158
gpt2-large,ds003604,Plaus,ses-9,21,0.583,pair_absdiff,0.0111,-0.0356
gpt2-large,ds003604,Plaus,ses-9,21,0.583,pair_cos1d,-0.0017,-0.0046
gpt2-large,ds003604,Plaus,ses-9,22,0.611,pipeline_meanpool,-0.0065,0.0483
gpt2-large,ds003604,Plaus,ses-9,22,0.611,pair_concat,0.0128,-0.0174
gpt2-large,ds003604,Plaus,ses-9,22,0.611,pair_absdiff,0.0117,-0.0359
gpt2-large,ds003604,Plaus,ses-9,22,0.611,pair_cos1d,-0.0017,-0.0046
gpt2-large,ds003604,Plaus,ses-9,23,0.639,pipeline_meanpool,-0.006,0.0505
gpt2-large,ds003604,Plaus,ses-9,23,0.639,pair_concat,0.0123,-0.015
gpt2-large,ds003604,Plaus,ses-9,23,0.639,pair_absdiff,0.0115,-0.0376
gpt2-large,ds003604,Plaus,ses-9,23,0.639,pair_cos1d,-0.0002,-0.0019
gpt2-large,ds003604,Plaus,ses-9,24,0.667,pipeline_meanpool,-0.0046,0.0494
gpt2-large,ds003604,Plaus,ses-9,24,0.667,pair_concat,0.012,-0.0148
gpt2-large,ds003604,Plaus,ses-9,24,0.667,pair_absdiff,0.01,-0.0362
gpt2-large,ds003604,Plaus,ses-9,24,0.667,pair_cos1d,0.0028,0.0027
gpt2-large,ds003604,Plaus,ses-9,25,0.694,pipeline_meanpool,-0.0052,0.0489
gpt2-large,ds003604,Plaus,ses-9,25,0.694,pair_concat,0.0129,-0.0155
gpt2-large,ds003604,Plaus,ses-9,25,0.694,pair_absdiff,0.0114,-0.0354
gpt2-large,ds003604,Plaus,ses-9,25,0.694,pair_cos1d,0.0032,0.0021
gpt2-large,ds003604,Plaus,ses-9,26,0.722,pipeline_meanpool,-0.0048,0.0487
gpt2-large,ds003604,Plaus,ses-9,26,0.722,pair_concat,0.0114,-0.0146
gpt2-large,ds003604,Plaus,ses-9,26,0.722,pair_absdiff,0.0116,-0.038
gpt2-large,ds003604,Plaus,ses-9,26,0.722,pair_cos1d,-0.0002,-0.0019
gpt2-large,ds003604,Plaus,ses-9,27,0.75,pipeline_meanpool,-0.0053,0.0473
gpt2-large,ds003604,Plaus,ses-9,27,0.75,pair_concat,0.0116,-0.0164
gpt2-large,ds003604,Plaus,ses-9,27,0.75,pair_absdiff,0.0103,-0.0349
gpt2-large,ds003604,Plaus,ses-9,27,0.75,pair_cos1d,0.0021,0.0019
gpt2-large,ds003604,Plaus,ses-9,28,0.778,pipeline_meanpool,-0.0058,0.0446
gpt2-large,ds003604,Plaus,ses-9,28,0.778,pair_concat,0.0121,-0.016
gpt2-large,ds003604,Plaus,ses-9,28,0.778,pair_absdiff,0.01,-0.0352
gpt2-large,ds003604,Plaus,ses-9,28,0.778,pair_cos1d,0.0013,0.0003
gpt2-large,ds003604,Plaus,ses-9,29,0.806,pipeline_meanpool,-0.008,0.0392
gpt2-large,ds003604,Plaus,ses-9,29,0.806,pair_concat,0.0124,-0.0169
gpt2-large,ds003604,Plaus,ses-9,29,0.806,pair_absdiff,0.0113,-0.0367
gpt2-large,ds003604,Plaus,ses-9,29,0.806,pair_cos1d,0.0013,0.0003
gpt2-large,ds003604,Plaus,ses-9,30,0.833,pipeline_meanpool,-0.0091,0.0373
gpt2-large,ds003604,Plaus,ses-9,30,0.833,pair_concat,0.011,-0.0147
gpt2-large,ds003604,Plaus,ses-9,30,0.833,pair_absdiff,0.0119,-0.0352
gpt2-large,ds003604,Plaus,ses-9,30,0.833,pair_cos1d,0.0019,-0.0002
gpt2-large,ds003604,Plaus,ses-9,31,0.861,pipeline_meanpool,-0.0075,0.0382
gpt2-large,ds003604,Plaus,ses-9,31,0.861,pair_concat,0.0116,-0.0183
gpt2-large,ds003604,Plaus,ses-9,31,0.861,pair_absdiff,0.0109,-0.0368
gpt2-large,ds003604,Plaus,ses-9,31,0.861,pair_cos1d,0.0023,-0.0009
gpt2-large,ds003604,Plaus,ses-9,32,0.889,pipeline_meanpool,-0.009,0.0395
gpt2-large,ds003604,Plaus,ses-9,32,0.889,pair_concat,0.0127,-0.0169
gpt2-large,ds003604,Plaus,ses-9,32,0.889,pair_absdiff,0.0116,-0.0363
gpt2-large,ds003604,Plaus,ses-9,32,0.889,pair_cos1d,0.0026,-0.004
gpt2-large,ds003604,Plaus,ses-9,33,0.917,pipeline_meanpool,-0.0047,0.0163
gpt2-large,ds003604,Plaus,ses-9,33,0.917,pair_concat,0.0129,-0.0149
gpt2-large,ds003604,Plaus,ses-9,33,0.917,pair_absdiff,0.0093,-0.0357
gpt2-large,ds003604,Plaus,ses-9,33,0.917,pair_cos1d,0.0076,-0.0135
gpt2-large,ds003604,Plaus,ses-9,34,0.944,pipeline_meanpool,-0.0041,-0.0422
gpt2-large,ds003604,Plaus,ses-9,34,0.944,pair_concat,0.0149,-0.0147
gpt2-large,ds003604,Plaus,ses-9,34,0.944,pair_absdiff,0.0113,-0.0367
gpt2-large,ds003604,Plaus,ses-9,34,0.944,pair_cos1d,0.015,-0.0105
gpt2-large,ds003604,Plaus,ses-9,35,0.972,pipeline_meanpool,-0.0057,-0.0258
gpt2-large,ds003604,Plaus,ses-9,35,0.972,pair_concat,0.0137,-0.0062
gpt2-large,ds003604,Plaus,ses-9,35,0.972,pair_absdiff,0.0128,-0.0069
gpt2-large,ds003604,Plaus,ses-9,35,0.972,pair_cos1d,0.0196,-0.0324
gpt2-large,ds003604,Plaus,ses-9,36,1.0,pipeline_meanpool,-0.0091,-0.0008
gpt2-large,ds003604,Plaus,ses-9,36,1.0,pair_concat,0.0119,-0.0095
gpt2-large,ds003604,Plaus,ses-9,36,1.0,pair_absdiff,0.0085,0.0035
gpt2-large,ds003604,Plaus,ses-9,36,1.0,pair_cos1d,0.0061,-0.0365
gpt2-large,ds003604,Sem,ses-5,0,0.0,pipeline_meanpool,-0.005,-0.012
gpt2-large,ds003604,Sem,ses-5,0,0.0,pair_concat,-0.0007,0.0164
gpt2-large,ds003604,Sem,ses-5,0,0.0,pair_absdiff,-0.0197,-0.0077
gpt2-large,ds003604,Sem,ses-5,0,0.0,pair_cos1d,-0.0125,-0.0342
gpt2-large,ds003604,Sem,ses-5,1,0.028,pipeline_meanpool,0.0141,-0.0191
gpt2-large,ds003604,Sem,ses-5,1,0.028,pair_concat,-0.0025,0.0062
gpt2-large,ds003604,Sem,ses-5,1,0.028,pair_absdiff,0.0009,0.0119
gpt2-large,ds003604,Sem,ses-5,1,0.028,pair_cos1d,-0.0154,-0.0027
gpt2-large,ds003604,Sem,ses-5,2,0.056,pipeline_meanpool,0.0001,-0.0206
gpt2-large,ds003604,Sem,ses-5,2,0.056,pair_concat,-0.0039,0.0125
gpt2-large,ds003604,Sem,ses-5,2,0.056,pair_absdiff,-0.0017,0.0111
gpt2-large,ds003604,Sem,ses-5,2,0.056,pair_cos1d,-0.0226,-0.0119
gpt2-large,ds003604,Sem,ses-5,3,0.083,pipeline_meanpool,-0.0016,-0.0158
gpt2-large,ds003604,Sem,ses-5,3,0.083,pair_concat,0.0003,0.0264
gpt2-large,ds003604,Sem,ses-5,3,0.083,pair_absdiff,-0.0033,-0.0125
gpt2-large,ds003604,Sem,ses-5,3,0.083,pair_cos1d,-0.0281,-0.0195
gpt2-large,ds003604,Sem,ses-5,4,0.111,pipeline_meanpool,-0.0038,-0.0132
gpt2-large,ds003604,Sem,ses-5,4,0.111,pair_concat,-0.0005,0.0297
gpt2-large,ds003604,Sem,ses-5,4,0.111,pair_absdiff,-0.0033,-0.0214
gpt2-large,ds003604,Sem,ses-5,4,0.111,pair_cos1d,-0.0244,-0.0177
gpt2-large,ds003604,Sem,ses-5,5,0.139,pipeline_meanpool,-0.0048,-0.0116
gpt2-large,ds003604,Sem,ses-5,5,0.139,pair_concat,-0.0011,0.0341
gpt2-large,ds003604,Sem,ses-5,5,0.139,pair_absdiff,-0.0081,-0.0045
gpt2-large,ds003604,Sem,ses-5,5,0.139,pair_cos1d,-0.0206,-0.0135
gpt2-large,ds003604,Sem,ses-5,6,0.167,pipeline_meanpool,-0.0141,0.0042
gpt2-large,ds003604,Sem,ses-5,6,0.167,pair_concat,0.0012,0.0419
gpt2-large,ds003604,Sem,ses-5,6,0.167,pair_absdiff,-0.0038,0.014
gpt2-large,ds003604,Sem,ses-5,6,0.167,pair_cos1d,-0.0161,-0.0027
gpt2-large,ds003604,Sem,ses-5,7,0.194,pipeline_meanpool,-0.0133,0.0268
gpt2-large,ds003604,Sem,ses-5,7,0.194,pair_concat,0.0032,0.0251
gpt2-large,ds003604,Sem,ses-5,7,0.194,pair_absdiff,0.0037,0.023
gpt2-large,ds003604,Sem,ses-5,7,0.194,pair_cos1d,-0.0174,0.0026
gpt2-large,ds003604,Sem,ses-5,8,0.222,pipeline_meanpool,-0.0112,0.0312
gpt2-large,ds003604,Sem,ses-5,8,0.222,pair_concat,-0.0017,0.0
gpt2-large,ds003604,Sem,ses-5,8,0.222,pair_absdiff,0.0036,0.0155
gpt2-large,ds003604,Sem,ses-5,8,0.222,pair_cos1d,-0.0183,0.0056
gpt2-large,ds003604,Sem,ses-5,9,0.25,pipeline_meanpool,-0.0106,0.0318
gpt2-large,ds003604,Sem,ses-5,9,0.25,pair_concat,-0.0048,-0.0042
gpt2-large,ds003604,Sem,ses-5,9,0.25,pair_absdiff,0.0071,0.0078
gpt2-large,ds003604,Sem,ses-5,9,0.25,pair_cos1d,-0.0189,0.0065
gpt2-large,ds003604,Sem,ses-5,10,0.278,pipeline_meanpool,-0.0109,0.0325
gpt2-large,ds003604,Sem,ses-5,10,0.278,pair_concat,-0.0047,-0.0037
gpt2-large,ds003604,Sem,ses-5,10,0.278,pair_absdiff,0.0055,0.0087
gpt2-large,ds003604,Sem,ses-5,10,0.278,pair_cos1d,-0.0179,0.0059
gpt2-large,ds003604,Sem,ses-5,11,0.306,pipeline_meanpool,-0.011,0.0319
gpt2-large,ds003604,Sem,ses-5,11,0.306,pair_concat,-0.0045,-0.0037
gpt2-large,ds003604,Sem,ses-5,11,0.306,pair_absdiff,0.0057,0.0102
gpt2-large,ds003604,Sem,ses-5,11,0.306,pair_cos1d,-0.0192,0.0029
gpt2-large,ds003604,Sem,ses-5,12,0.333,pipeline_meanpool,-0.0109,0.0323
gpt2-large,ds003604,Sem,ses-5,12,0.333,pair_concat,-0.0041,-0.0034
gpt2-large,ds003604,Sem,ses-5,12,0.333,pair_absdiff,0.0075,0.009
gpt2-large,ds003604,Sem,ses-5,12,0.333,pair_cos1d,-0.023,-0.0032
gpt2-large,ds003604,Sem,ses-5,13,0.361,pipeline_meanpool,-0.0111,0.0326
gpt2-large,ds003604,Sem,ses-5,13,0.361,pair_concat,-0.0041,-0.0033
gpt2-large,ds003604,Sem,ses-5,13,0.361,pair_absdiff,0.0074,0.0134
gpt2-large,ds003604,Sem,ses-5,13,0.361,pair_cos1d,-0.023,-0.0039
gpt2-large,ds003604,Sem,ses-5,14,0.389,pipeline_meanpool,-0.0108,0.034
gpt2-large,ds003604,Sem,ses-5,14,0.389,pair_concat,-0.0036,-0.0032
gpt2-large,ds003604,Sem,ses-5,14,0.389,pair_absdiff,0.0061,0.0114
gpt2-large,ds003604,Sem,ses-5,14,0.389,pair_cos1d,-0.0247,-0.008
gpt2-large,ds003604,Sem,ses-5,15,0.417,pipeline_meanpool,-0.0104,0.0342
gpt2-large,ds003604,Sem,ses-5,15,0.417,pair_concat,-0.003,-0.0031
gpt2-large,ds003604,Sem,ses-5,15,0.417,pair_absdiff,0.0062,0.0131
gpt2-large,ds003604,Sem,ses-5,15,0.417,pair_cos1d,-0.0251,-0.0072
gpt2-large,ds003604,Sem,ses-5,16,0.444,pipeline_meanpool,-0.0091,0.036
gpt2-large,ds003604,Sem,ses-5,16,0.444,pair_concat,-0.0021,-0.0025
gpt2-large,ds003604,Sem,ses-5,16,0.444,pair_absdiff,0.0077,0.0133
gpt2-large,ds003604,Sem,ses-5,16,0.444,pair_cos1d,-0.0275,-0.0082
gpt2-large,ds003604,Sem,ses-5,17,0.472,pipeline_meanpool,-0.0079,0.037
gpt2-large,ds003604,Sem,ses-5,17,0.472,pair_concat,-0.0024,-0.0023
gpt2-large,ds003604,Sem,ses-5,17,0.472,pair_absdiff,0.0074,0.0129
gpt2-large,ds003604,Sem,ses-5,17,0.472,pair_cos1d,-0.0282,-0.0055
gpt2-large,ds003604,Sem,ses-5,18,0.5,pipeline_meanpool,-0.0072,0.0366
gpt2-large,ds003604,Sem,ses-5,18,0.5,pair_concat,-0.0022,-0.0026
gpt2-large,ds003604,Sem,ses-5,18,0.5,pair_absdiff,0.0064,0.0136
gpt2-large,ds003604,Sem,ses-5,18,0.5,pair_cos1d,-0.0281,-0.004
gpt2-large,ds003604,Sem,ses-5,19,0.528,pipeline_meanpool,-0.0064,0.038
gpt2-large,ds003604,Sem,ses-5,19,0.528,pair_concat,-0.0021,-0.0022
gpt2-large,ds003604,Sem,ses-5,19,0.528,pair_absdiff,0.0068,0.0145
gpt2-large,ds003604,Sem,ses-5,19,0.528,pair_cos1d,-0.0272,-0.0019
gpt2-large,ds003604,Sem,ses-5,20,0.556,pipeline_meanpool,-0.0047,0.0404
gpt2-large,ds003604,Sem,ses-5,20,0.556,pair_concat,-0.0017,-0.0011
gpt2-large,ds003604,Sem,ses-5,20,0.556,pair_absdiff,0.0061,0.0136
gpt2-large,ds003604,Sem,ses-5,20,0.556,pair_cos1d,-0.028,-0.0001
gpt2-large,ds003604,Sem,ses-5,21,0.583,pipeline_meanpool,-0.0049,0.0387
gpt2-large,ds003604,Sem,ses-5,21,0.583,pair_concat,-0.0017,-0.0013
gpt2-large,ds003604,Sem,ses-5,21,0.583,pair_absdiff,0.0055,0.0132
gpt2-large,ds003604,Sem,ses-5,21,0.583,pair_cos1d,-0.0272,0.0016
gpt2-large,ds003604,Sem,ses-5,22,0.611,pipeline_meanpool,-0.0069,0.0376
gpt2-large,ds003604,Sem,ses-5,22,0.611,pair_concat,-0.002,-0.0013
gpt2-large,ds003604,Sem,ses-5,22,0.611,pair_absdiff,0.0057,0.0125
gpt2-large,ds003604,Sem,ses-5,22,0.611,pair_cos1d,-0.0296,-0.0003
gpt2-large,ds003604,Sem,ses-5,23,0.639,pipeline_meanpool,-0.0076,0.038
gpt2-large,ds003604,Sem,ses-5,23,0.639,pair_concat,-0.0021,-0.0012
gpt2-large,ds003604,Sem,ses-5,23,0.639,pair_absdiff,0.0048,0.0121
gpt2-large,ds003604,Sem,ses-5,23,0.639,pair_cos1d,-0.0291,0.0002
gpt2-large,ds003604,Sem,ses-5,24,0.667,pipeline_meanpool,-0.0074,0.0385
gpt2-large,ds003604,Sem,ses-5,24,0.667,pair_concat,-0.002,-0.0007
gpt2-large,ds003604,Sem,ses-5,24,0.667,pair_absdiff,0.004,0.012
gpt2-large,ds003604,Sem,ses-5,24,0.667,pair_cos1d,-0.03,-0.0004
gpt2-large,ds003604,Sem,ses-5,25,0.694,pipeline_meanpool,-0.0075,0.0381
gpt2-large,ds003604,Sem,ses-5,25,0.694,pair_concat,-0.0018,-0.0006
gpt2-large,ds003604,Sem,ses-5,25,0.694,pair_absdiff,0.0046,0.0123
gpt2-large,ds003604,Sem,ses-5,25,0.694,pair_cos1d,-0.0302,-0.0005
gpt2-large,ds003604,Sem,ses-5,26,0.722,pipeline_meanpool,-0.0079,0.0381
gpt2-large,ds003604,Sem,ses-5,26,0.722,pair_concat,-0.0019,-0.0001
gpt2-large,ds003604,Sem,ses-5,26,0.722,pair_absdiff,0.0049,0.0142
gpt2-large,ds003604,Sem,ses-5,26,0.722,pair_cos1d,-0.0295,-0.0002
gpt2-large,ds003604,Sem,ses-5,27,0.75,pipeline_meanpool,-0.0079,0.0386
gpt2-large,ds003604,Sem,ses-5,27,0.75,pair_concat,-0.0021,0.0004
gpt2-large,ds003604,Sem,ses-5,27,0.75,pair_absdiff,0.0042,0.0135
gpt2-large,ds003604,Sem,ses-5,27,0.75,pair_cos1d,-0.0309,-0.0019
gpt2-large,ds003604,Sem,ses-5,28,0.778,pipeline_meanpool,-0.008,0.0395
gpt2-large,ds003604,Sem,ses-5,28,0.778,pair_concat,-0.0019,0.0006
gpt2-large,ds003604,Sem,ses-5,28,0.778,pair_absdiff,0.001,0.0133
gpt2-large,ds003604,Sem,ses-5,28,0.778,pair_cos1d,-0.033,-0.0051
gpt2-large,ds003604,Sem,ses-5,29,0.806,pipeline_meanpool,-0.0082,0.0407
gpt2-large,ds003604,Sem,ses-5,29,0.806,pair_concat,-0.0023,-0.0001
gpt2-large,ds003604,Sem,ses-5,29,0.806,pair_absdiff,0.0001,0.0131
gpt2-large,ds003604,Sem,ses-5,29,0.806,pair_cos1d,-0.0337,-0.0064
gpt2-large,ds003604,Sem,ses-5,30,0.833,pipeline_meanpool,-0.0087,0.0413
gpt2-large,ds003604,Sem,ses-5,30,0.833,pair_concat,-0.0026,-0.0003
gpt2-large,ds003604,Sem,ses-5,30,0.833,pair_absdiff,-0.0017,0.0126
gpt2-large,ds003604,Sem,ses-5,30,0.833,pair_cos1d,-0.0327,-0.0064
gpt2-large,ds003604,Sem,ses-5,31,0.861,pipeline_meanpool,-0.0096,0.0408
gpt2-large,ds003604,Sem,ses-5,31,0.861,pair_concat,-0.0029,-0.0008
gpt2-large,ds003604,Sem,ses-5,31,0.861,pair_absdiff,-0.0014,0.0042
gpt2-large,ds003604,Sem,ses-5,31,0.861,pair_cos1d,-0.0345,-0.0079
gpt2-large,ds003604,Sem,ses-5,32,0.889,pipeline_meanpool,-0.0101,0.0411
gpt2-large,ds003604,Sem,ses-5,32,0.889,pair_concat,-0.0028,-0.0008
gpt2-large,ds003604,Sem,ses-5,32,0.889,pair_absdiff,-0.0037,0.0055
gpt2-large,ds003604,Sem,ses-5,32,0.889,pair_cos1d,-0.0343,-0.0081
gpt2-large,ds003604,Sem,ses-5,33,0.917,pipeline_meanpool,-0.011,0.0446
gpt2-large,ds003604,Sem,ses-5,33,0.917,pair_concat,-0.0027,-0.0004
gpt2-large,ds003604,Sem,ses-5,33,0.917,pair_absdiff,-0.0048,0.0053
gpt2-large,ds003604,Sem,ses-5,33,0.917,pair_cos1d,-0.032,-0.0045
gpt2-large,ds003604,Sem,ses-5,34,0.944,pipeline_meanpool,-0.0044,0.0425
gpt2-large,ds003604,Sem,ses-5,34,0.944,pair_concat,-0.0049,0.0143
gpt2-large,ds003604,Sem,ses-5,34,0.944,pair_absdiff,-0.0041,-0.0034
gpt2-large,ds003604,Sem,ses-5,34,0.944,pair_cos1d,-0.0353,-0.0076
gpt2-large,ds003604,Sem,ses-5,35,0.972,pipeline_meanpool,-0.0004,-0.0155
gpt2-large,ds003604,Sem,ses-5,35,0.972,pair_concat,-0.0071,-0.0042
gpt2-large,ds003604,Sem,ses-5,35,0.972,pair_absdiff,-0.0051,-0.0155
gpt2-large,ds003604,Sem,ses-5,35,0.972,pair_cos1d,-0.0305,-0.0333
gpt2-large,ds003604,Sem,ses-5,36,1.0,pipeline_meanpool,-0.0009,-0.0255
gpt2-large,ds003604,Sem,ses-5,36,1.0,pair_concat,-0.0006,0.002
gpt2-large,ds003604,Sem,ses-5,36,1.0,pair_absdiff,-0.0021,-0.0017
gpt2-large,ds003604,Sem,ses-5,36,1.0,pair_cos1d,-0.0302,-0.0229
gpt2-large,ds003604,Sem,ses-7,0,0.0,pipeline_meanpool,-0.0036,-0.0113
gpt2-large,ds003604,Sem,ses-7,0,0.0,pair_concat,0.0094,0.0137
gpt2-large,ds003604,Sem,ses-7,0,0.0,pair_absdiff,-0.016,-0.0055
gpt2-large,ds003604,Sem,ses-7,0,0.0,pair_cos1d,0.001,-0.0294
gpt2-large,ds003604,Sem,ses-7,1,0.028,pipeline_meanpool,0.0033,-0.0283
gpt2-large,ds003604,Sem,ses-7,1,0.028,pair_concat,0.0064,0.0036
gpt2-large,ds003604,Sem,ses-7,1,0.028,pair_absdiff,-0.0045,0.0098
gpt2-large,ds003604,Sem,ses-7,1,0.028,pair_cos1d,-0.0095,-0.001
gpt2-large,ds003604,Sem,ses-7,2,0.056,pipeline_meanpool,-0.0034,-0.025
gpt2-large,ds003604,Sem,ses-7,2,0.056,pair_concat,0.0062,0.0091
gpt2-large,ds003604,Sem,ses-7,2,0.056,pair_absdiff,-0.0022,0.0121
gpt2-large,ds003604,Sem,ses-7,2,0.056,pair_cos1d,-0.0188,-0.0101
gpt2-large,ds003604,Sem,ses-7,3,0.083,pipeline_meanpool,-0.0031,-0.0169
gpt2-large,ds003604,Sem,ses-7,3,0.083,pair_concat,0.0081,0.0221
gpt2-large,ds003604,Sem,ses-7,3,0.083,pair_absdiff,-0.0085,-0.016
gpt2-large,ds003604,Sem,ses-7,3,0.083,pair_cos1d,-0.0263,-0.0187
gpt2-large,ds003604,Sem,ses-7,4,0.111,pipeline_meanpool,-0.0048,-0.0131
gpt2-large,ds003604,Sem,ses-7,4,0.111,pair_concat,0.007,0.0243
gpt2-large,ds003604,Sem,ses-7,4,0.111,pair_absdiff,-0.0071,-0.0244
gpt2-large,ds003604,Sem,ses-7,4,0.111,pair_cos1d,-0.0236,-0.0175
gpt2-large,ds003604,Sem,ses-7,5,0.139,pipeline_meanpool,-0.0055,-0.011
gpt2-large,ds003604,Sem,ses-7,5,0.139,pair_concat,0.0059,0.0279
gpt2-large,ds003604,Sem,ses-7,5,0.139,pair_absdiff,-0.0142,-0.0067
gpt2-large,ds003604,Sem,ses-7,5,0.139,pair_cos1d,-0.0227,-0.0143
gpt2-large,ds003604,Sem,ses-7,6,0.167,pipeline_meanpool,-0.0093,0.0043
gpt2-large,ds003604,Sem,ses-7,6,0.167,pair_concat,0.0067,0.0359
gpt2-large,ds003604,Sem,ses-7,6,0.167,pair_absdiff,-0.0073,0.0122
gpt2-large,ds003604,Sem,ses-7,6,0.167,pair_cos1d,-0.0092,-0.003
gpt2-large,ds003604,Sem,ses-7,7,0.194,pipeline_meanpool,-0.0053,0.0244
gpt2-large,ds003604,Sem,ses-7,7,0.194,pair_concat,0.0093,0.0216
gpt2-large,ds003604,Sem,ses-7,7,0.194,pair_absdiff,0.0013,0.0207
gpt2-large,ds003604,Sem,ses-7,7,0.194,pair_cos1d,-0.0086,0.0022
gpt2-large,ds003604,Sem,ses-7,8,0.222,pipeline_meanpool,-0.0068,0.0273
gpt2-large,ds003604,Sem,ses-7,8,0.222,pair_concat,0.0078,-0.0002
gpt2-large,ds003604,Sem,ses-7,8,0.222,pair_absdiff,0.0023,0.0104
gpt2-large,ds003604,Sem,ses-7,8,0.222,pair_cos1d,-0.0109,0.0046
gpt2-large,ds003604,Sem,ses-7,9,0.25,pipeline_meanpool,-0.0068,0.028
gpt2-large,ds003604,Sem,ses-7,9,0.25,pair_concat,0.005,-0.0037
gpt2-large,ds003604,Sem,ses-7,9,0.25,pair_absdiff,0.0014,0.0013
gpt2-large,ds003604,Sem,ses-7,9,0.25,pair_cos1d,-0.0124,0.0052
gpt2-large,ds003604,Sem,ses-7,10,0.278,pipeline_meanpool,-0.0074,0.0289
gpt2-large,ds003604,Sem,ses-7,10,0.278,pair_concat,0.0048,-0.003
gpt2-large,ds003604,Sem,ses-7,10,0.278,pair_absdiff,-0.001,0.0028
gpt2-large,ds003604,Sem,ses-7,10,0.278,pair_cos1d,-0.0109,0.0053
gpt2-large,ds003604,Sem,ses-7,11,0.306,pipeline_meanpool,-0.008,0.0282
gpt2-large,ds003604,Sem,ses-7,11,0.306,pair_concat,0.0045,-0.0031
gpt2-large,ds003604,Sem,ses-7,11,0.306,pair_absdiff,-0.0019,0.0043
gpt2-large,ds003604,Sem,ses-7,11,0.306,pair_cos1d,-0.0126,0.0021
gpt2-large,ds003604,Sem,ses-7,12,0.333,pipeline_meanpool,-0.0081,0.0283
gpt2-large,ds003604,Sem,ses-7,12,0.333,pair_concat,0.0054,-0.0027
gpt2-large,ds003604,Sem,ses-7,12,0.333,pair_absdiff,-0.0018,0.0027
gpt2-large,ds003604,Sem,ses-7,12,0.333,pair_cos1d,-0.0167,-0.0042
gpt2-large,ds003604,Sem,ses-7,13,0.361,pipeline_meanpool,-0.0082,0.0283
gpt2-large,ds003604,Sem,ses-7,13,0.361,pair_concat,0.0054,-0.0026
gpt2-large,ds003604,Sem,ses-7,13,0.361,pair_absdiff,-0.002,0.0073
gpt2-large,ds003604,Sem,ses-7,13,0.361,pair_cos1d,-0.0189,-0.0054
gpt2-large,ds003604,Sem,ses-7,14,0.389,pipeline_meanpool,-0.0084,0.0295
gpt2-large,ds003604,Sem,ses-7,14,0.389,pair_concat,0.0055,-0.0027
gpt2-large,ds003604,Sem,ses-7,14,0.389,pair_absdiff,-0.0023,0.0052
gpt2-large,ds003604,Sem,ses-7,14,0.389,pair_cos1d,-0.0236,-0.0104
gpt2-large,ds003604,Sem,ses-7,15,0.417,pipeline_meanpool,-0.008,0.0298
gpt2-large,ds003604,Sem,ses-7,15,0.417,pair_concat,0.0058,-0.0029
gpt2-large,ds003604,Sem,ses-7,15,0.417,pair_absdiff,-0.0017,0.0069
gpt2-large,ds003604,Sem,ses-7,15,0.417,pair_cos1d,-0.0257,-0.0102
gpt2-large,ds003604,Sem,ses-7,16,0.444,pipeline_meanpool,-0.007,0.0316
gpt2-large,ds003604,Sem,ses-7,16,0.444,pair_concat,0.0065,-0.0024
gpt2-large,ds003604,Sem,ses-7,16,0.444,pair_absdiff,0.0001,0.0069
gpt2-large,ds003604,Sem,ses-7,16,0.444,pair_cos1d,-0.0287,-0.0111
gpt2-large,ds003604,Sem,ses-7,17,0.472,pipeline_meanpool,-0.0059,0.0328
gpt2-large,ds003604,Sem,ses-7,17,0.472,pair_concat,0.0061,-0.0023
gpt2-large,ds003604,Sem,ses-7,17,0.472,pair_absdiff,-0.0004,0.0066
gpt2-large,ds003604,Sem,ses-7,17,0.472,pair_cos1d,-0.0288,-0.008
gpt2-large,ds003604,Sem,ses-7,18,0.5,pipeline_meanpool,-0.0054,0.0324
gpt2-large,ds003604,Sem,ses-7,18,0.5,pair_concat,0.0064,-0.0026
gpt2-large,ds003604,Sem,ses-7,18,0.5,pair_absdiff,-0.0011,0.0074
gpt2-large,ds003604,Sem,ses-7,18,0.5,pair_cos1d,-0.0287,-0.0065
gpt2-large,ds003604,Sem,ses-7,19,0.528,pipeline_meanpool,-0.005,0.0338
gpt2-large,ds003604,Sem,ses-7,19,0.528,pair_concat,0.0062,-0.0022
gpt2-large,ds003604,Sem,ses-7,19,0.528,pair_absdiff,-0.0003,0.0085
gpt2-large,ds003604,Sem,ses-7,19,0.528,pair_cos1d,-0.0274,-0.0044
gpt2-large,ds003604,Sem,ses-7,20,0.556,pipeline_meanpool,-0.004,0.0362
gpt2-large,ds003604,Sem,ses-7,20,0.556,pair_concat,0.0064,-0.0012
gpt2-large,ds003604,Sem,ses-7,20,0.556,pair_absdiff,-0.0003,0.0077
gpt2-large,ds003604,Sem,ses-7,20,0.556,pair_cos1d,-0.028,-0.0026
gpt2-large,ds003604,Sem,ses-7,21,0.583,pipeline_meanpool,-0.004,0.0346
gpt2-large,ds003604,Sem,ses-7,21,0.583,pair_concat,0.0064,-0.0015
gpt2-large,ds003604,Sem,ses-7,21,0.583,pair_absdiff,-0.0002,0.0073
gpt2-large,ds003604,Sem,ses-7,21,0.583,pair_cos1d,-0.0283,-0.0013
gpt2-large,ds003604,Sem,ses-7,22,0.611,pipeline_meanpool,-0.0062,0.0337
gpt2-large,ds003604,Sem,ses-7,22,0.611,pair_concat,0.006,-0.0015
gpt2-large,ds003604,Sem,ses-7,22,0.611,pair_absdiff,-0.0002,0.0065
gpt2-large,ds003604,Sem,ses-7,22,0.611,pair_cos1d,-0.0304,-0.003
gpt2-large,ds003604,Sem,ses-7,23,0.639,pipeline_meanpool,-0.0067,0.0344
gpt2-large,ds003604,Sem,ses-7,23,0.639,pair_concat,0.0058,-0.0014
gpt2-large,ds003604,Sem,ses-7,23,0.639,pair_absdiff,-0.0008,0.0063
gpt2-large,ds003604,Sem,ses-7,23,0.639,pair_cos1d,-0.0302,-0.0024
gpt2-large,ds003604,Sem,ses-7,24,0.667,pipeline_meanpool,-0.0066,0.0349
gpt2-large,ds003604,Sem,ses-7,24,0.667,pair_concat,0.006,-0.001
gpt2-large,ds003604,Sem,ses-7,24,0.667,pair_absdiff,-0.0016,0.0064
gpt2-large,ds003604,Sem,ses-7,24,0.667,pair_cos1d,-0.0309,-0.0031
gpt2-large,ds003604,Sem,ses-7,25,0.694,pipeline_meanpool,-0.0064,0.0347
gpt2-large,ds003604,Sem,ses-7,25,0.694,pair_concat,0.0063,-0.0008
gpt2-large,ds003604,Sem,ses-7,25,0.694,pair_absdiff,-0.0009,0.0067
gpt2-large,ds003604,Sem,ses-7,25,0.694,pair_cos1d,-0.0313,-0.0033
gpt2-large,ds003604,Sem,ses-7,26,0.722,pipeline_meanpool,-0.0066,0.0348
gpt2-large,ds003604,Sem,ses-7,26,0.722,pair_concat,0.0063,-0.0003
gpt2-large,ds003604,Sem,ses-7,26,0.722,pair_absdiff,-0.0007,0.0088
gpt2-large,ds003604,Sem,ses-7,26,0.722,pair_cos1d,-0.0317,-0.0031
gpt2-large,ds003604,Sem,ses-7,27,0.75,pipeline_meanpool,-0.0069,0.0352
gpt2-large,ds003604,Sem,ses-7,27,0.75,pair_concat,0.0062,0.0003
gpt2-large,ds003604,Sem,ses-7,27,0.75,pair_absdiff,-0.0015,0.0081
gpt2-large,ds003604,Sem,ses-7,27,0.75,pair_cos1d,-0.0323,-0.0048
gpt2-large,ds003604,Sem,ses-7,28,0.778,pipeline_meanpool,-0.0068,0.0362
gpt2-large,ds003604,Sem,ses-7,28,0.778,pair_concat,0.0064,0.0004
gpt2-large,ds003604,Sem,ses-7,28,0.778,pair_absdiff,-0.0042,0.0083
gpt2-large,ds003604,Sem,ses-7,28,0.778,pair_cos1d,-0.0339,-0.0078
gpt2-large,ds003604,Sem,ses-7,29,0.806,pipeline_meanpool,-0.0068,0.0375
gpt2-large,ds003604,Sem,ses-7,29,0.806,pair_concat,0.0062,-0.0004
gpt2-large,ds003604,Sem,ses-7,29,0.806,pair_absdiff,-0.0058,0.008
gpt2-large,ds003604,Sem,ses-7,29,0.806,pair_cos1d,-0.0347,-0.0091
gpt2-large,ds003604,Sem,ses-7,30,0.833,pipeline_meanpool,-0.0074,0.0382
gpt2-large,ds003604,Sem,ses-7,30,0.833,pair_concat,0.0056,-0.0005
gpt2-large,ds003604,Sem,ses-7,30,0.833,pair_absdiff,-0.0064,0.0079
gpt2-large,ds003604,Sem,ses-7,30,0.833,pair_cos1d,-0.0334,-0.0091
gpt2-large,ds003604,Sem,ses-7,31,0.861,pipeline_meanpool,-0.0083,0.0378
gpt2-large,ds003604,Sem,ses-7,31,0.861,pair_concat,0.0055,-0.001
gpt2-large,ds003604,Sem,ses-7,31,0.861,pair_absdiff,-0.0069,-0.0013
gpt2-large,ds003604,Sem,ses-7,31,0.861,pair_cos1d,-0.0346,-0.0103
gpt2-large,ds003604,Sem,ses-7,32,0.889,pipeline_meanpool,-0.0086,0.0383
gpt2-large,ds003604,Sem,ses-7,32,0.889,pair_concat,0.0048,-0.0015
gpt2-large,ds003604,Sem,ses-7,32,0.889,pair_absdiff,-0.0078,0.0006
gpt2-large,ds003604,Sem,ses-7,32,0.889,pair_cos1d,-0.0343,-0.0106
gpt2-large,ds003604,Sem,ses-7,33,0.917,pipeline_meanpool,-0.0094,0.0423
gpt2-large,ds003604,Sem,ses-7,33,0.917,pair_concat,0.0042,-0.0012
gpt2-large,ds003604,Sem,ses-7,33,0.917,pair_absdiff,-0.0068,0.001
gpt2-large,ds003604,Sem,ses-7,33,0.917,pair_cos1d,-0.0311,-0.0069
gpt2-large,ds003604,Sem,ses-7,34,0.944,pipeline_meanpool,-0.0012,0.041
gpt2-large,ds003604,Sem,ses-7,34,0.944,pair_concat,-0.0023,0.0109
gpt2-large,ds003604,Sem,ses-7,34,0.944,pair_absdiff,-0.0044,-0.0078
gpt2-large,ds003604,Sem,ses-7,34,0.944,pair_cos1d,-0.0333,-0.0099
gpt2-large,ds003604,Sem,ses-7,35,0.972,pipeline_meanpool,-0.0035,-0.0182
gpt2-large,ds003604,Sem,ses-7,35,0.972,pair_concat,-0.002,-0.0098
gpt2-large,ds003604,Sem,ses-7,35,0.972,pair_absdiff,-0.0085,-0.0198
gpt2-large,ds003604,Sem,ses-7,35,0.972,pair_cos1d,-0.0262,-0.0323
gpt2-large,ds003604,Sem,ses-7,36,1.0,pipeline_meanpool,-0.0008,-0.0273
gpt2-large,ds003604,Sem,ses-7,36,1.0,pair_concat,0.0189,0.0011
gpt2-large,ds003604,Sem,ses-7,36,1.0,pair_absdiff,0.0092,-0.0029
gpt2-large,ds003604,Sem,ses-7,36,1.0,pair_cos1d,-0.0291,-0.0227
gpt2-large,ds003604,Sem,ses-9,0,0.0,pipeline_meanpool,-0.0062,-0.0107
gpt2-large,ds003604,Sem,ses-9,0,0.0,pair_concat,0.0001,0.0111
gpt2-large,ds003604,Sem,ses-9,0,0.0,pair_absdiff,-0.0136,-0.0044
gpt2-large,ds003604,Sem,ses-9,0,0.0,pair_cos1d,-0.005,-0.028
gpt2-large,ds003604,Sem,ses-9,1,0.028,pipeline_meanpool,0.0131,-0.0157
gpt2-large,ds003604,Sem,ses-9,1,0.028,pair_concat,0.0001,0.0049
gpt2-large,ds003604,Sem,ses-9,1,0.028,pair_absdiff,-0.0027,0.012
gpt2-large,ds003604,Sem,ses-9,1,0.028,pair_cos1d,-0.0137,-0.0048
gpt2-large,ds003604,Sem,ses-9,2,0.056,pipeline_meanpool,0.0006,-0.0165
gpt2-large,ds003604,Sem,ses-9,2,0.056,pair_concat,-0.0038,0.0092
gpt2-large,ds003604,Sem,ses-9,2,0.056,pair_absdiff,0.0043,0.0142
gpt2-large,ds003604,Sem,ses-9,2,0.056,pair_cos1d,-0.0206,-0.0108
gpt2-large,ds003604,Sem,ses-9,3,0.083,pipeline_meanpool,0.0023,-0.0102
gpt2-large,ds003604,Sem,ses-9,3,0.083,pair_concat,-0.0016,0.0214
gpt2-large,ds003604,Sem,ses-9,3,0.083,pair_absdiff,-0.0026,-0.012
gpt2-large,ds003604,Sem,ses-9,3,0.083,pair_cos1d,-0.029,-0.0194
gpt2-large,ds003604,Sem,ses-9,4,0.111,pipeline_meanpool,0.0009,-0.0074
gpt2-large,ds003604,Sem,ses-9,4,0.111,pair_concat,-0.004,0.0231
gpt2-large,ds003604,Sem,ses-9,4,0.111,pair_absdiff,0.0022,-0.0184
gpt2-large,ds003604,Sem,ses-9,4,0.111,pair_cos1d,-0.0254,-0.0182
gpt2-large,ds003604,Sem,ses-9,5,0.139,pipeline_meanpool,0.0012,-0.0051
gpt2-large,ds003604,Sem,ses-9,5,0.139,pair_concat,-0.0048,0.0267
gpt2-large,ds003604,Sem,ses-9,5,0.139,pair_absdiff,-0.0086,-0.0046
gpt2-large,ds003604,Sem,ses-9,5,0.139,pair_cos1d,-0.0221,-0.0146
gpt2-large,ds003604,Sem,ses-9,6,0.167,pipeline_meanpool,-0.0076,0.0081
gpt2-large,ds003604,Sem,ses-9,6,0.167,pair_concat,-0.0028,0.0344
gpt2-large,ds003604,Sem,ses-9,6,0.167,pair_absdiff,-0.002,0.0158
gpt2-large,ds003604,Sem,ses-9,6,0.167,pair_cos1d,-0.0132,-0.0046
gpt2-large,ds003604,Sem,ses-9,7,0.194,pipeline_meanpool,-0.0075,0.026
gpt2-large,ds003604,Sem,ses-9,7,0.194,pair_concat,0.0009,0.0207
gpt2-large,ds003604,Sem,ses-9,7,0.194,pair_absdiff,0.0067,0.025
gpt2-large,ds003604,Sem,ses-9,7,0.194,pair_cos1d,-0.0133,0.0021
gpt2-large,ds003604,Sem,ses-9,8,0.222,pipeline_meanpool,-0.008,0.0284
gpt2-large,ds003604,Sem,ses-9,8,0.222,pair_concat,0.0,-0.0008
gpt2-large,ds003604,Sem,ses-9,8,0.222,pair_absdiff,0.0088,0.0172
gpt2-large,ds003604,Sem,ses-9,8,0.222,pair_cos1d,-0.0148,0.0052
gpt2-large,ds003604,Sem,ses-9,9,0.25,pipeline_meanpool,-0.0077,0.0286
gpt2-large,ds003604,Sem,ses-9,9,0.25,pair_concat,-0.003,-0.0047
gpt2-large,ds003604,Sem,ses-9,9,0.25,pair_absdiff,0.0064,0.0066
gpt2-large,ds003604,Sem,ses-9,9,0.25,pair_cos1d,-0.0164,0.0055
gpt2-large,ds003604,Sem,ses-9,10,0.278,pipeline_meanpool,-0.0077,0.0297
gpt2-large,ds003604,Sem,ses-9,10,0.278,pair_concat,-0.0032,-0.0043
gpt2-large,ds003604,Sem,ses-9,10,0.278,pair_absdiff,0.0041,0.007
gpt2-large,ds003604,Sem,ses-9,10,0.278,pair_cos1d,-0.0153,0.0055
gpt2-large,ds003604,Sem,ses-9,11,0.306,pipeline_meanpool,-0.0082,0.0289
gpt2-large,ds003604,Sem,ses-9,11,0.306,pair_concat,-0.003,-0.0043
gpt2-large,ds003604,Sem,ses-9,11,0.306,pair_absdiff,0.0043,0.0087
gpt2-large,ds003604,Sem,ses-9,11,0.306,pair_cos1d,-0.0172,0.0021
gpt2-large,ds003604,Sem,ses-9,12,0.333,pipeline_meanpool,-0.0086,0.0288
gpt2-large,ds003604,Sem,ses-9,12,0.333,pair_concat,-0.0023,-0.004
gpt2-large,ds003604,Sem,ses-9,12,0.333,pair_absdiff,0.0049,0.0076
gpt2-large,ds003604,Sem,ses-9,12,0.333,pair_cos1d,-0.0217,-0.0044
gpt2-large,ds003604,Sem,ses-9,13,0.361,pipeline_meanpool,-0.0084,0.0289
gpt2-large,ds003604,Sem,ses-9,13,0.361,pair_concat,-0.0023,-0.004
gpt2-large,ds003604,Sem,ses-9,13,0.361,pair_absdiff,0.0046,0.0117
gpt2-large,ds003604,Sem,ses-9,13,0.361,pair_cos1d,-0.0232,-0.0053
gpt2-large,ds003604,Sem,ses-9,14,0.389,pipeline_meanpool,-0.0088,0.0297
gpt2-large,ds003604,Sem,ses-9,14,0.389,pair_concat,-0.0023,-0.0042
gpt2-large,ds003604,Sem,ses-9,14,0.389,pair_absdiff,0.0036,0.0096
gpt2-large,ds003604,Sem,ses-9,14,0.389,pair_cos1d,-0.0258,-0.0095
gpt2-large,ds003604,Sem,ses-9,15,0.417,pipeline_meanpool,-0.0079,0.0301
gpt2-large,ds003604,Sem,ses-9,15,0.417,pair_concat,-0.0022,-0.0044
gpt2-large,ds003604,Sem,ses-9,15,0.417,pair_absdiff,0.0042,0.0113
gpt2-large,ds003604,Sem,ses-9,15,0.417,pair_cos1d,-0.0263,-0.0087
gpt2-large,ds003604,Sem,ses-9,16,0.444,pipeline_meanpool,-0.007,0.0316
gpt2-large,ds003604,Sem,ses-9,16,0.444,pair_concat,-0.0016,-0.0039
gpt2-large,ds003604,Sem,ses-9,16,0.444,pair_absdiff,0.0054,0.0114
gpt2-large,ds003604,Sem,ses-9,16,0.444,pair_cos1d,-0.0293,-0.0095
gpt2-large,ds003604,Sem,ses-9,17,0.472,pipeline_meanpool,-0.0059,0.0324
gpt2-large,ds003604,Sem,ses-9,17,0.472,pair_concat,-0.0018,-0.0038
gpt2-large,ds003604,Sem,ses-9,17,0.472,pair_absdiff,0.0049,0.011
gpt2-large,ds003604,Sem,ses-9,17,0.472,pair_cos1d,-0.0292,-0.0063
gpt2-large,ds003604,Sem,ses-9,18,0.5,pipeline_meanpool,-0.0057,0.0317
gpt2-large,ds003604,Sem,ses-9,18,0.5,pair_concat,-0.0016,-0.004
gpt2-large,ds003604,Sem,ses-9,18,0.5,pair_absdiff,0.004,0.0115
gpt2-large,ds003604,Sem,ses-9,18,0.5,pair_cos1d,-0.028,-0.0044
gpt2-large,ds003604,Sem,ses-9,19,0.528,pipeline_meanpool,-0.0053,0.0328
gpt2-large,ds003604,Sem,ses-9,19,0.528,pair_concat,-0.0017,-0.0037
gpt2-large,ds003604,Sem,ses-9,19,0.528,pair_absdiff,0.0046,0.0124
gpt2-large,ds003604,Sem,ses-9,19,0.528,pair_cos1d,-0.0278,-0.0026
gpt2-large,ds003604,Sem,ses-9,20,0.556,pipeline_meanpool,-0.0043,0.0347
gpt2-large,ds003604,Sem,ses-9,20,0.556,pair_concat,-0.0016,-0.0029
gpt2-large,ds003604,Sem,ses-9,20,0.556,pair_absdiff,0.0045,0.0118
gpt2-large,ds003604,Sem,ses-9,20,0.556,pair_cos1d,-0.029,-0.0014
gpt2-large,ds003604,Sem,ses-9,21,0.583,pipeline_meanpool,-0.0048,0.0332
gpt2-large,ds003604,Sem,ses-9,21,0.583,pair_concat,-0.0012,-0.0029
gpt2-large,ds003604,Sem,ses-9,21,0.583,pair_absdiff,0.0045,0.0113
gpt2-large,ds003604,Sem,ses-9,21,0.583,pair_cos1d,-0.0289,0.0001
gpt2-large,ds003604,Sem,ses-9,22,0.611,pipeline_meanpool,-0.0072,0.0319
gpt2-large,ds003604,Sem,ses-9,22,0.611,pair_concat,-0.0014,-0.0028
gpt2-large,ds003604,Sem,ses-9,22,0.611,pair_absdiff,0.0047,0.0108
gpt2-large,ds003604,Sem,ses-9,22,0.611,pair_cos1d,-0.0308,-0.0018
gpt2-large,ds003604,Sem,ses-9,23,0.639,pipeline_meanpool,-0.0082,0.0322
gpt2-large,ds003604,Sem,ses-9,23,0.639,pair_concat,-0.0016,-0.0028
gpt2-large,ds003604,Sem,ses-9,23,0.639,pair_absdiff,0.0037,0.0103
gpt2-large,ds003604,Sem,ses-9,23,0.639,pair_cos1d,-0.0304,-0.001
gpt2-large,ds003604,Sem,ses-9,24,0.667,pipeline_meanpool,-0.0083,0.0325
gpt2-large,ds003604,Sem,ses-9,24,0.667,pair_concat,-0.0015,-0.0024
gpt2-large,ds003604,Sem,ses-9,24,0.667,pair_absdiff,0.0026,0.0101
gpt2-large,ds003604,Sem,ses-9,24,0.667,pair_cos1d,-0.0304,-0.0016
gpt2-large,ds003604,Sem,ses-9,25,0.694,pipeline_meanpool,-0.0081,0.0323
gpt2-large,ds003604,Sem,ses-9,25,0.694,pair_concat,-0.0012,-0.0023
gpt2-large,ds003604,Sem,ses-9,25,0.694,pair_absdiff,0.0031,0.0103
gpt2-large,ds003604,Sem,ses-9,25,0.694,pair_cos1d,-0.0308,-0.0019
gpt2-large,ds003604,Sem,ses-9,26,0.722,pipeline_meanpool,-0.0088,0.0321
gpt2-large,ds003604,Sem,ses-9,26,0.722,pair_concat,-0.0011,-0.0018
gpt2-large,ds003604,Sem,ses-9,26,0.722,pair_absdiff,0.0032,0.0121
gpt2-large,ds003604,Sem,ses-9,26,0.722,pair_cos1d,-0.0299,-0.0016
gpt2-large,ds003604,Sem,ses-9,27,0.75,pipeline_meanpool,-0.009,0.0324
gpt2-large,ds003604,Sem,ses-9,27,0.75,pair_concat,-0.0011,-0.0013
gpt2-large,ds003604,Sem,ses-9,27,0.75,pair_absdiff,0.0019,0.0112
gpt2-large,ds003604,Sem,ses-9,27,0.75,pair_cos1d,-0.0305,-0.0034
gpt2-large,ds003604,Sem,ses-9,28,0.778,pipeline_meanpool,-0.0097,0.033
gpt2-large,ds003604,Sem,ses-9,28,0.778,pair_concat,-0.0012,-0.0014
gpt2-large,ds003604,Sem,ses-9,28,0.778,pair_absdiff,-0.0008,0.0112
gpt2-large,ds003604,Sem,ses-9,28,0.778,pair_cos1d,-0.0324,-0.0065
gpt2-large,ds003604,Sem,ses-9,29,0.806,pipeline_meanpool,-0.0096,0.0341
gpt2-large,ds003604,Sem,ses-9,29,0.806,pair_concat,-0.0013,-0.002
gpt2-large,ds003604,Sem,ses-9,29,0.806,pair_absdiff,-0.0018,0.011
gpt2-large,ds003604,Sem,ses-9,29,0.806,pair_cos1d,-0.0335,-0.008
gpt2-large,ds003604,Sem,ses-9,30,0.833,pipeline_meanpool,-0.0105,0.0345
gpt2-large,ds003604,Sem,ses-9,30,0.833,pair_concat,-0.0017,-0.0022
gpt2-large,ds003604,Sem,ses-9,30,0.833,pair_absdiff,-0.003,0.0105
gpt2-large,ds003604,Sem,ses-9,30,0.833,pair_cos1d,-0.0321,-0.008
gpt2-large,ds003604,Sem,ses-9,31,0.861,pipeline_meanpool,-0.0117,0.0339
gpt2-large,ds003604,Sem,ses-9,31,0.861,pair_concat,-0.002,-0.0026
gpt2-large,ds003604,Sem,ses-9,31,0.861,pair_absdiff,-0.0023,0.0025
gpt2-large,ds003604,Sem,ses-9,31,0.861,pair_cos1d,-0.0337,-0.0092
gpt2-large,ds003604,Sem,ses-9,32,0.889,pipeline_meanpool,-0.012,0.0343
gpt2-large,ds003604,Sem,ses-9,32,0.889,pair_concat,-0.0022,-0.0029
gpt2-large,ds003604,Sem,ses-9,32,0.889,pair_absdiff,-0.004,0.0034
gpt2-large,ds003604,Sem,ses-9,32,0.889,pair_cos1d,-0.0337,-0.0096
gpt2-large,ds003604,Sem,ses-9,33,0.917,pipeline_meanpool,-0.0134,0.0374
gpt2-large,ds003604,Sem,ses-9,33,0.917,pair_concat,-0.0028,-0.0024
gpt2-large,ds003604,Sem,ses-9,33,0.917,pair_absdiff,-0.0036,0.0029
gpt2-large,ds003604,Sem,ses-9,33,0.917,pair_cos1d,-0.0307,-0.0058
gpt2-large,ds003604,Sem,ses-9,34,0.944,pipeline_meanpool,-0.0104,0.034
gpt2-large,ds003604,Sem,ses-9,34,0.944,pair_concat,-0.0077,0.0102
gpt2-large,ds003604,Sem,ses-9,34,0.944,pair_absdiff,0.0005,-0.0047
gpt2-large,ds003604,Sem,ses-9,34,0.944,pair_cos1d,-0.0316,-0.0077
gpt2-large,ds003604,Sem,ses-9,35,0.972,pipeline_meanpool,-0.0005,-0.0144
gpt2-large,ds003604,Sem,ses-9,35,0.972,pair_concat,-0.0122,-0.0114
gpt2-large,ds003604,Sem,ses-9,35,0.972,pair_absdiff,-0.0004,-0.013
gpt2-large,ds003604,Sem,ses-9,35,0.972,pair_cos1d,-0.0258,-0.0313
gpt2-large,ds003604,Sem,ses-9,36,1.0,pipeline_meanpool,0.0012,-0.0238
gpt2-large,ds003604,Sem,ses-9,36,1.0,pair_concat,0.0119,0.0029
gpt2-large,ds003604,Sem,ses-9,36,1.0,pair_absdiff,0.0076,0.0006
gpt2-large,ds003604,Sem,ses-9,36,1.0,pair_cos1d,-0.03,-0.0227
gpt2-large,ds006239,Orth,ses-11+,0,0.0,pipeline_meanpool,-0.0071,0.005
gpt2-large,ds006239,Orth,ses-11+,0,0.0,pair_concat,0.0064,0.0146
gpt2-large,ds006239,Orth,ses-11+,0,0.0,pair_absdiff,0.0104,-0.0114
gpt2-large,ds006239,Orth,ses-11+,0,0.0,pair_cos1d,-0.0202,0.0109
gpt2-large,ds006239,Orth,ses-11+,1,0.028,pipeline_meanpool,-0.0129,0.0181
gpt2-large,ds006239,Orth,ses-11+,1,0.028,pair_concat,0.0129,0.0168
gpt2-large,ds006239,Orth,ses-11+,1,0.028,pair_absdiff,0.0128,-0.0217
gpt2-large,ds006239,Orth,ses-11+,1,0.028,pair_cos1d,-0.0512,0.0075
gpt2-large,ds006239,Orth,ses-11+,2,0.056,pipeline_meanpool,-0.0032,0.0283
gpt2-large,ds006239,Orth,ses-11+,2,0.056,pair_concat,0.0143,0.0126
gpt2-large,ds006239,Orth,ses-11+,2,0.056,pair_absdiff,-0.006,-0.0365
gpt2-large,ds006239,Orth,ses-11+,2,0.056,pair_cos1d,-0.03,0.0086
gpt2-large,ds006239,Orth,ses-11+,3,0.083,pipeline_meanpool,-0.0036,0.0281
gpt2-large,ds006239,Orth,ses-11+,3,0.083,pair_concat,0.0115,0.0084
gpt2-large,ds006239,Orth,ses-11+,3,0.083,pair_absdiff,-0.0183,-0.0285
gpt2-large,ds006239,Orth,ses-11+,3,0.083,pair_cos1d,-0.0288,-0.0015
gpt2-large,ds006239,Orth,ses-11+,4,0.111,pipeline_meanpool,-0.002,0.0269
gpt2-large,ds006239,Orth,ses-11+,4,0.111,pair_concat,0.0087,0.0075
gpt2-large,ds006239,Orth,ses-11+,4,0.111,pair_absdiff,-0.012,-0.0198
gpt2-large,ds006239,Orth,ses-11+,4,0.111,pair_cos1d,-0.0272,-0.0025
gpt2-large,ds006239,Orth,ses-11+,5,0.139,pipeline_meanpool,0.0065,0.0288
gpt2-large,ds006239,Orth,ses-11+,5,0.139,pair_concat,0.0095,0.0081
gpt2-large,ds006239,Orth,ses-11+,5,0.139,pair_absdiff,-0.0089,-0.0146
gpt2-large,ds006239,Orth,ses-11+,5,0.139,pair_cos1d,-0.031,-0.009
gpt2-large,ds006239,Orth,ses-11+,6,0.167,pipeline_meanpool,-0.004,0.0271
gpt2-large,ds006239,Orth,ses-11+,6,0.167,pair_concat,-0.0005,0.0069
gpt2-large,ds006239,Orth,ses-11+,6,0.167,pair_absdiff,0.011,-0.0178
gpt2-large,ds006239,Orth,ses-11+,6,0.167,pair_cos1d,-0.0141,-0.011
gpt2-large,ds006239,Orth,ses-11+,7,0.194,pipeline_meanpool,-0.0063,0.0241
gpt2-large,ds006239,Orth,ses-11+,7,0.194,pair_concat,-0.0088,0.0044
gpt2-large,ds006239,Orth,ses-11+,7,0.194,pair_absdiff,-0.0125,-0.0271
gpt2-large,ds006239,Orth,ses-11+,7,0.194,pair_cos1d,0.017,-0.0028
gpt2-large,ds006239,Orth,ses-11+,8,0.222,pipeline_meanpool,-0.0081,0.0151
gpt2-large,ds006239,Orth,ses-11+,8,0.222,pair_concat,-0.0077,0.0063
gpt2-large,ds006239,Orth,ses-11+,8,0.222,pair_absdiff,-0.0116,-0.0227
gpt2-large,ds006239,Orth,ses-11+,8,0.222,pair_cos1d,0.0327,0.0036
gpt2-large,ds006239,Orth,ses-11+,9,0.25,pipeline_meanpool,-0.0059,0.0139
gpt2-large,ds006239,Orth,ses-11+,9,0.25,pair_concat,-0.0073,0.0047
gpt2-large,ds006239,Orth,ses-11+,9,0.25,pair_absdiff,-0.0058,-0.0144
gpt2-large,ds006239,Orth,ses-11+,9,0.25,pair_cos1d,0.0367,0.0034
gpt2-large,ds006239,Orth,ses-11+,10,0.278,pipeline_meanpool,-0.0054,0.0127
gpt2-large,ds006239,Orth,ses-11+,10,0.278,pair_concat,-0.008,0.0042
gpt2-large,ds006239,Orth,ses-11+,10,0.278,pair_absdiff,0.0002,-0.0064
gpt2-large,ds006239,Orth,ses-11+,10,0.278,pair_cos1d,0.0352,0.003
gpt2-large,ds006239,Orth,ses-11+,11,0.306,pipeline_meanpool,-0.0061,0.0126
gpt2-large,ds006239,Orth,ses-11+,11,0.306,pair_concat,-0.0084,0.0037
gpt2-large,ds006239,Orth,ses-11+,11,0.306,pair_absdiff,-0.0002,-0.0047
gpt2-large,ds006239,Orth,ses-11+,11,0.306,pair_cos1d,0.0343,0.0062
gpt2-large,ds006239,Orth,ses-11+,12,0.333,pipeline_meanpool,-0.0088,0.0138
gpt2-large,ds006239,Orth,ses-11+,12,0.333,pair_concat,-0.0092,0.004
gpt2-large,ds006239,Orth,ses-11+,12,0.333,pair_absdiff,-0.0022,-0.0059
gpt2-large,ds006239,Orth,ses-11+,12,0.333,pair_cos1d,0.0328,0.0059
gpt2-large,ds006239,Orth,ses-11+,13,0.361,pipeline_meanpool,-0.0084,0.0135
gpt2-large,ds006239,Orth,ses-11+,13,0.361,pair_concat,-0.0095,0.0031
gpt2-large,ds006239,Orth,ses-11+,13,0.361,pair_absdiff,-0.0071,-0.0068
gpt2-large,ds006239,Orth,ses-11+,13,0.361,pair_cos1d,0.0364,0.0072
gpt2-large,ds006239,Orth,ses-11+,14,0.389,pipeline_meanpool,-0.0124,0.0135
gpt2-large,ds006239,Orth,ses-11+,14,0.389,pair_concat,-0.0096,0.0037
gpt2-large,ds006239,Orth,ses-11+,14,0.389,pair_absdiff,-0.0088,-0.0108
gpt2-large,ds006239,Orth,ses-11+,14,0.389,pair_cos1d,0.0323,0.0032
gpt2-large,ds006239,Orth,ses-11+,15,0.417,pipeline_meanpool,-0.0142,0.0124
gpt2-large,ds006239,Orth,ses-11+,15,0.417,pair_concat,-0.0105,0.0036
gpt2-large,ds006239,Orth,ses-11+,15,0.417,pair_absdiff,-0.0015,-0.008
gpt2-large,ds006239,Orth,ses-11+,15,0.417,pair_cos1d,0.0339,0.0047
gpt2-large,ds006239,Orth,ses-11+,16,0.444,pipeline_meanpool,-0.0146,0.0141
gpt2-large,ds006239,Orth,ses-11+,16,0.444,pair_concat,-0.0102,0.0042
gpt2-large,ds006239,Orth,ses-11+,16,0.444,pair_absdiff,-0.0052,-0.0101
gpt2-large,ds006239,Orth,ses-11+,16,0.444,pair_cos1d,0.0327,0.0065
gpt2-large,ds006239,Orth,ses-11+,17,0.472,pipeline_meanpool,-0.0176,0.0146
gpt2-large,ds006239,Orth,ses-11+,17,0.472,pair_concat,-0.0107,0.0044
gpt2-large,ds006239,Orth,ses-11+,17,0.472,pair_absdiff,-0.0059,-0.0107
gpt2-large,ds006239,Orth,ses-11+,17,0.472,pair_cos1d,0.0323,0.0056
gpt2-large,ds006239,Orth,ses-11+,18,0.5,pipeline_meanpool,-0.0188,0.0155
gpt2-large,ds006239,Orth,ses-11+,18,0.5,pair_concat,-0.0109,0.0045
gpt2-large,ds006239,Orth,ses-11+,18,0.5,pair_absdiff,-0.0091,-0.0121
gpt2-large,ds006239,Orth,ses-11+,18,0.5,pair_cos1d,0.0341,0.0061
gpt2-large,ds006239,Orth,ses-11+,19,0.528,pipeline_meanpool,-0.0175,0.0164
gpt2-large,ds006239,Orth,ses-11+,19,0.528,pair_concat,-0.0112,0.0047
gpt2-large,ds006239,Orth,ses-11+,19,0.528,pair_absdiff,-0.0069,-0.012
gpt2-large,ds006239,Orth,ses-11+,19,0.528,pair_cos1d,0.0331,0.0052
gpt2-large,ds006239,Orth,ses-11+,20,0.556,pipeline_meanpool,-0.0186,0.0155
gpt2-large,ds006239,Orth,ses-11+,20,0.556,pair_concat,-0.0119,0.0055
gpt2-large,ds006239,Orth,ses-11+,20,0.556,pair_absdiff,-0.0057,-0.0121
gpt2-large,ds006239,Orth,ses-11+,20,0.556,pair_cos1d,0.0307,0.0044
gpt2-large,ds006239,Orth,ses-11+,21,0.583,pipeline_meanpool,-0.0188,0.0148
gpt2-large,ds006239,Orth,ses-11+,21,0.583,pair_concat,-0.0123,0.0055
gpt2-large,ds006239,Orth,ses-11+,21,0.583,pair_absdiff,-0.0044,-0.0139
gpt2-large,ds006239,Orth,ses-11+,21,0.583,pair_cos1d,0.0307,0.0025
gpt2-large,ds006239,Orth,ses-11+,22,0.611,pipeline_meanpool,-0.018,0.0133
gpt2-large,ds006239,Orth,ses-11+,22,0.611,pair_concat,-0.0123,0.0049
gpt2-large,ds006239,Orth,ses-11+,22,0.611,pair_absdiff,-0.0028,-0.0131
gpt2-large,ds006239,Orth,ses-11+,22,0.611,pair_cos1d,0.032,0.001
gpt2-large,ds006239,Orth,ses-11+,23,0.639,pipeline_meanpool,-0.0166,0.0134
gpt2-large,ds006239,Orth,ses-11+,23,0.639,pair_concat,-0.0119,0.0051
gpt2-large,ds006239,Orth,ses-11+,23,0.639,pair_absdiff,0.0003,-0.0143
gpt2-large,ds006239,Orth,ses-11+,23,0.639,pair_cos1d,0.0341,-0.0004
gpt2-large,ds006239,Orth,ses-11+,24,0.667,pipeline_meanpool,-0.0165,0.0132
gpt2-large,ds006239,Orth,ses-11+,24,0.667,pair_concat,-0.0125,0.0046
gpt2-large,ds006239,Orth,ses-11+,24,0.667,pair_absdiff,0.005,-0.0128
gpt2-large,ds006239,Orth,ses-11+,24,0.667,pair_cos1d,0.0354,-0.0003
gpt2-large,ds006239,Orth,ses-11+,25,0.694,pipeline_meanpool,-0.0167,0.0133
gpt2-large,ds006239,Orth,ses-11+,25,0.694,pair_concat,-0.0122,0.0044
gpt2-large,ds006239,Orth,ses-11+,25,0.694,pair_absdiff,0.0039,-0.0149
gpt2-large,ds006239,Orth,ses-11+,25,0.694,pair_cos1d,0.0354,-0.0015
gpt2-large,ds006239,Orth,ses-11+,26,0.722,pipeline_meanpool,-0.0181,0.0123
gpt2-large,ds006239,Orth,ses-11+,26,0.722,pair_concat,-0.013,0.004
gpt2-large,ds006239,Orth,ses-11+,26,0.722,pair_absdiff,-0.0004,-0.0193
gpt2-large,ds006239,Orth,ses-11+,26,0.722,pair_cos1d,0.0353,-0.0022
gpt2-large,ds006239,Orth,ses-11+,27,0.75,pipeline_meanpool,-0.0206,0.0131
gpt2-large,ds006239,Orth,ses-11+,27,0.75,pair_concat,-0.013,0.004
gpt2-large,ds006239,Orth,ses-11+,27,0.75,pair_absdiff,-0.0004,-0.02
gpt2-large,ds006239,Orth,ses-11+,27,0.75,pair_cos1d,0.0331,-0.0023
gpt2-large,ds006239,Orth,ses-11+,28,0.778,pipeline_meanpool,-0.0235,0.0142
gpt2-large,ds006239,Orth,ses-11+,28,0.778,pair_concat,-0.0138,0.0036
gpt2-large,ds006239,Orth,ses-11+,28,0.778,pair_absdiff,0.0075,-0.0164
gpt2-large,ds006239,Orth,ses-11+,28,0.778,pair_cos1d,0.0295,-0.0027
gpt2-large,ds006239,Orth,ses-11+,29,0.806,pipeline_meanpool,-0.0268,0.0132
gpt2-large,ds006239,Orth,ses-11+,29,0.806,pair_concat,-0.0144,0.0032
gpt2-large,ds006239,Orth,ses-11+,29,0.806,pair_absdiff,0.0035,-0.0189
gpt2-large,ds006239,Orth,ses-11+,29,0.806,pair_cos1d,0.0289,-0.0031
gpt2-large,ds006239,Orth,ses-11+,30,0.833,pipeline_meanpool,-0.027,0.0128
gpt2-large,ds006239,Orth,ses-11+,30,0.833,pair_concat,-0.0142,0.0032
gpt2-large,ds006239,Orth,ses-11+,30,0.833,pair_absdiff,0.0045,-0.0186
gpt2-large,ds006239,Orth,ses-11+,30,0.833,pair_cos1d,0.0269,-0.0052
gpt2-large,ds006239,Orth,ses-11+,31,0.861,pipeline_meanpool,-0.0281,0.0134
gpt2-large,ds006239,Orth,ses-11+,31,0.861,pair_concat,-0.0138,0.004
gpt2-large,ds006239,Orth,ses-11+,31,0.861,pair_absdiff,0.0026,-0.0155
gpt2-large,ds006239,Orth,ses-11+,31,0.861,pair_cos1d,0.0241,-0.0054
gpt2-large,ds006239,Orth,ses-11+,32,0.889,pipeline_meanpool,-0.0322,0.0146
gpt2-large,ds006239,Orth,ses-11+,32,0.889,pair_concat,-0.0152,0.0048
gpt2-large,ds006239,Orth,ses-11+,32,0.889,pair_absdiff,-0.0071,-0.0141
gpt2-large,ds006239,Orth,ses-11+,32,0.889,pair_cos1d,0.0217,-0.0054
gpt2-large,ds006239,Orth,ses-11+,33,0.917,pipeline_meanpool,-0.0345,0.0104
gpt2-large,ds006239,Orth,ses-11+,33,0.917,pair_concat,-0.0144,0.0065
gpt2-large,ds006239,Orth,ses-11+,33,0.917,pair_absdiff,-0.0065,-0.018
gpt2-large,ds006239,Orth,ses-11+,33,0.917,pair_cos1d,0.0171,-0.0045
gpt2-large,ds006239,Orth,ses-11+,34,0.944,pipeline_meanpool,-0.0221,0.0014
gpt2-large,ds006239,Orth,ses-11+,34,0.944,pair_concat,-0.0152,0.0057
gpt2-large,ds006239,Orth,ses-11+,34,0.944,pair_absdiff,-0.0134,-0.0183
gpt2-large,ds006239,Orth,ses-11+,34,0.944,pair_cos1d,0.0107,-0.006
gpt2-large,ds006239,Orth,ses-11+,35,0.972,pipeline_meanpool,-0.0187,0.0101
gpt2-large,ds006239,Orth,ses-11+,35,0.972,pair_concat,0.0067,0.011
gpt2-large,ds006239,Orth,ses-11+,35,0.972,pair_absdiff,0.0299,-0.023
gpt2-large,ds006239,Orth,ses-11+,35,0.972,pair_cos1d,0.0094,-0.0013
gpt2-large,ds006239,Orth,ses-11+,36,1.0,pipeline_meanpool,-0.0092,0.0156
gpt2-large,ds006239,Orth,ses-11+,36,1.0,pair_concat,0.0027,-0.001
gpt2-large,ds006239,Orth,ses-11+,36,1.0,pair_absdiff,-0.0134,-0.0152
gpt2-large,ds006239,Orth,ses-11+,36,1.0,pair_cos1d,-0.031,-0.0062
gpt2-large,ds006239,Orth,ses-11,0,0.0,pipeline_meanpool,-0.0228,-0.012
gpt2-large,ds006239,Orth,ses-11,0,0.0,pair_concat,0.0017,0.0094
gpt2-large,ds006239,Orth,ses-11,0,0.0,pair_absdiff,-0.0023,-0.0099
gpt2-large,ds006239,Orth,ses-11,0,0.0,pair_cos1d,-0.0176,0.0158
gpt2-large,ds006239,Orth,ses-11,1,0.028,pipeline_meanpool,-0.0169,0.0051
gpt2-large,ds006239,Orth,ses-11,1,0.028,pair_concat,0.0095,0.0157
gpt2-large,ds006239,Orth,ses-11,1,0.028,pair_absdiff,0.0124,-0.0155
gpt2-large,ds006239,Orth,ses-11,1,0.028,pair_cos1d,-0.0261,0.0204
gpt2-large,ds006239,Orth,ses-11,2,0.056,pipeline_meanpool,-0.0199,0.0051
gpt2-large,ds006239,Orth,ses-11,2,0.056,pair_concat,0.01,0.0084
gpt2-large,ds006239,Orth,ses-11,2,0.056,pair_absdiff,0.0108,-0.0161
gpt2-large,ds006239,Orth,ses-11,2,0.056,pair_cos1d,-0.0169,0.0133
gpt2-large,ds006239,Orth,ses-11,3,0.083,pipeline_meanpool,-0.0196,0.0059
gpt2-large,ds006239,Orth,ses-11,3,0.083,pair_concat,0.0109,0.0055
gpt2-large,ds006239,Orth,ses-11,3,0.083,pair_absdiff,-0.0065,-0.0131
gpt2-large,ds006239,Orth,ses-11,3,0.083,pair_cos1d,-0.0194,0.0003
gpt2-large,ds006239,Orth,ses-11,4,0.111,pipeline_meanpool,-0.0173,0.0062
gpt2-large,ds006239,Orth,ses-11,4,0.111,pair_concat,0.011,0.0065
gpt2-large,ds006239,Orth,ses-11,4,0.111,pair_absdiff,-0.0069,-0.0104
gpt2-large,ds006239,Orth,ses-11,4,0.111,pair_cos1d,-0.0179,0.0007
gpt2-large,ds006239,Orth,ses-11,5,0.139,pipeline_meanpool,-0.0107,0.0083
gpt2-large,ds006239,Orth,ses-11,5,0.139,pair_concat,0.0137,0.0075
gpt2-large,ds006239,Orth,ses-11,5,0.139,pair_absdiff,-0.0024,-0.0046
gpt2-large,ds006239,Orth,ses-11,5,0.139,pair_cos1d,-0.0251,-0.0098
gpt2-large,ds006239,Orth,ses-11,6,0.167,pipeline_meanpool,-0.0158,0.0122
gpt2-large,ds006239,Orth,ses-11,6,0.167,pair_concat,0.0114,0.0101
gpt2-large,ds006239,Orth,ses-11,6,0.167,pair_absdiff,0.0108,-0.0053
gpt2-large,ds006239,Orth,ses-11,6,0.167,pair_cos1d,-0.0167,-0.0168
gpt2-large,ds006239,Orth,ses-11,7,0.194,pipeline_meanpool,-0.013,0.0161
gpt2-large,ds006239,Orth,ses-11,7,0.194,pair_concat,0.0032,0.0097
gpt2-large,ds006239,Orth,ses-11,7,0.194,pair_absdiff,-0.0085,-0.0177
gpt2-large,ds006239,Orth,ses-11,7,0.194,pair_cos1d,0.0062,-0.0167
gpt2-large,ds006239,Orth,ses-11,8,0.222,pipeline_meanpool,-0.012,0.0109
gpt2-large,ds006239,Orth,ses-11,8,0.222,pair_concat,-0.0019,0.0091
gpt2-large,ds006239,Orth,ses-11,8,0.222,pair_absdiff,-0.0001,-0.0068
gpt2-large,ds006239,Orth,ses-11,8,0.222,pair_cos1d,0.0167,-0.0143
gpt2-large,ds006239,Orth,ses-11,9,0.25,pipeline_meanpool,-0.0128,0.0114
gpt2-large,ds006239,Orth,ses-11,9,0.25,pair_concat,-0.0053,0.0043
gpt2-large,ds006239,Orth,ses-11,9,0.25,pair_absdiff,0.002,-0.0078
gpt2-large,ds006239,Orth,ses-11,9,0.25,pair_cos1d,0.0181,-0.016
gpt2-large,ds006239,Orth,ses-11,10,0.278,pipeline_meanpool,-0.0122,0.0115
gpt2-large,ds006239,Orth,ses-11,10,0.278,pair_concat,-0.0069,0.0033
gpt2-large,ds006239,Orth,ses-11,10,0.278,pair_absdiff,0.0023,-0.0058
gpt2-large,ds006239,Orth,ses-11,10,0.278,pair_cos1d,0.0163,-0.0165
gpt2-large,ds006239,Orth,ses-11,11,0.306,pipeline_meanpool,-0.0127,0.011
gpt2-large,ds006239,Orth,ses-11,11,0.306,pair_concat,-0.0069,0.0031
gpt2-large,ds006239,Orth,ses-11,11,0.306,pair_absdiff,0.005,-0.0014
gpt2-large,ds006239,Orth,ses-11,11,0.306,pair_cos1d,0.0158,-0.0131
gpt2-large,ds006239,Orth,ses-11,12,0.333,pipeline_meanpool,-0.0131,0.0125
gpt2-large,ds006239,Orth,ses-11,12,0.333,pair_concat,-0.0072,0.003
gpt2-large,ds006239,Orth,ses-11,12,0.333,pair_absdiff,-0.0055,-0.005
gpt2-large,ds006239,Orth,ses-11,12,0.333,pair_cos1d,0.0147,-0.0122
gpt2-large,ds006239,Orth,ses-11,13,0.361,pipeline_meanpool,-0.013,0.0136
gpt2-large,ds006239,Orth,ses-11,13,0.361,pair_concat,-0.007,0.0026
gpt2-large,ds006239,Orth,ses-11,13,0.361,pair_absdiff,-0.0074,-0.0052
gpt2-large,ds006239,Orth,ses-11,13,0.361,pair_cos1d,0.0179,-0.0112
gpt2-large,ds006239,Orth,ses-11,14,0.389,pipeline_meanpool,-0.0163,0.0122
gpt2-large,ds006239,Orth,ses-11,14,0.389,pair_concat,-0.0068,0.0035
gpt2-large,ds006239,Orth,ses-11,14,0.389,pair_absdiff,-0.0069,-0.008
gpt2-large,ds006239,Orth,ses-11,14,0.389,pair_cos1d,0.0128,-0.015
gpt2-large,ds006239,Orth,ses-11,15,0.417,pipeline_meanpool,-0.0172,0.0119
gpt2-large,ds006239,Orth,ses-11,15,0.417,pair_concat,-0.0077,0.0033
gpt2-large,ds006239,Orth,ses-11,15,0.417,pair_absdiff,-0.0023,-0.006
gpt2-large,ds006239,Orth,ses-11,15,0.417,pair_cos1d,0.0147,-0.0136
gpt2-large,ds006239,Orth,ses-11,16,0.444,pipeline_meanpool,-0.018,0.0125
gpt2-large,ds006239,Orth,ses-11,16,0.444,pair_concat,-0.0068,0.0042
gpt2-large,ds006239,Orth,ses-11,16,0.444,pair_absdiff,-0.0039,-0.0054
gpt2-large,ds006239,Orth,ses-11,16,0.444,pair_cos1d,0.0131,-0.0123
gpt2-large,ds006239,Orth,ses-11,17,0.472,pipeline_meanpool,-0.0221,0.0121
gpt2-large,ds006239,Orth,ses-11,17,0.472,pair_concat,-0.0072,0.004
gpt2-large,ds006239,Orth,ses-11,17,0.472,pair_absdiff,-0.0033,-0.0061
gpt2-large,ds006239,Orth,ses-11,17,0.472,pair_cos1d,0.0127,-0.0133
gpt2-large,ds006239,Orth,ses-11,18,0.5,pipeline_meanpool,-0.0242,0.0114
gpt2-large,ds006239,Orth,ses-11,18,0.5,pair_concat,-0.0077,0.004
gpt2-large,ds006239,Orth,ses-11,18,0.5,pair_absdiff,-0.007,-0.0076
gpt2-large,ds006239,Orth,ses-11,18,0.5,pair_cos1d,0.014,-0.0125
gpt2-large,ds006239,Orth,ses-11,19,0.528,pipeline_meanpool,-0.0229,0.0117
gpt2-large,ds006239,Orth,ses-11,19,0.528,pair_concat,-0.0083,0.0039
gpt2-large,ds006239,Orth,ses-11,19,0.528,pair_absdiff,-0.0063,-0.0084
gpt2-large,ds006239,Orth,ses-11,19,0.528,pair_cos1d,0.012,-0.0141
gpt2-large,ds006239,Orth,ses-11,20,0.556,pipeline_meanpool,-0.0243,0.0105
gpt2-large,ds006239,Orth,ses-11,20,0.556,pair_concat,-0.0087,0.0051
gpt2-large,ds006239,Orth,ses-11,20,0.556,pair_absdiff,-0.0041,-0.0082
gpt2-large,ds006239,Orth,ses-11,20,0.556,pair_cos1d,0.0098,-0.0142
gpt2-large,ds006239,Orth,ses-11,21,0.583,pipeline_meanpool,-0.0235,0.0103
gpt2-large,ds006239,Orth,ses-11,21,0.583,pair_concat,-0.0086,0.0053
gpt2-large,ds006239,Orth,ses-11,21,0.583,pair_absdiff,-0.0025,-0.0097
gpt2-large,ds006239,Orth,ses-11,21,0.583,pair_cos1d,0.0108,-0.0157
gpt2-large,ds006239,Orth,ses-11,22,0.611,pipeline_meanpool,-0.0235,0.0089
gpt2-large,ds006239,Orth,ses-11,22,0.611,pair_concat,-0.0086,0.0047
gpt2-large,ds006239,Orth,ses-11,22,0.611,pair_absdiff,-0.0021,-0.0089
gpt2-large,ds006239,Orth,ses-11,22,0.611,pair_cos1d,0.0104,-0.018
gpt2-large,ds006239,Orth,ses-11,23,0.639,pipeline_meanpool,-0.024,0.0082
gpt2-large,ds006239,Orth,ses-11,23,0.639,pair_concat,-0.0085,0.005
gpt2-large,ds006239,Orth,ses-11,23,0.639,pair_absdiff,-0.0025,-0.0111
gpt2-large,ds006239,Orth,ses-11,23,0.639,pair_cos1d,0.012,-0.0191
gpt2-large,ds006239,Orth,ses-11,24,0.667,pipeline_meanpool,-0.0249,0.0074
gpt2-large,ds006239,Orth,ses-11,24,0.667,pair_concat,-0.0092,0.0044
gpt2-large,ds006239,Orth,ses-11,24,0.667,pair_absdiff,0.0012,-0.0095
gpt2-large,ds006239,Orth,ses-11,24,0.667,pair_cos1d,0.014,-0.0177
gpt2-large,ds006239,Orth,ses-11,25,0.694,pipeline_meanpool,-0.0253,0.0079
gpt2-large,ds006239,Orth,ses-11,25,0.694,pair_concat,-0.0087,0.0044
gpt2-large,ds006239,Orth,ses-11,25,0.694,pair_absdiff,0.0004,-0.0108
gpt2-large,ds006239,Orth,ses-11,25,0.694,pair_cos1d,0.0142,-0.019
gpt2-large,ds006239,Orth,ses-11,26,0.722,pipeline_meanpool,-0.0271,0.0074
gpt2-large,ds006239,Orth,ses-11,26,0.722,pair_concat,-0.0095,0.0042
gpt2-large,ds006239,Orth,ses-11,26,0.722,pair_absdiff,-0.003,-0.014
gpt2-large,ds006239,Orth,ses-11,26,0.722,pair_cos1d,0.0148,-0.0188
gpt2-large,ds006239,Orth,ses-11,27,0.75,pipeline_meanpool,-0.0289,0.0078
gpt2-large,ds006239,Orth,ses-11,27,0.75,pair_concat,-0.0096,0.0042
gpt2-large,ds006239,Orth,ses-11,27,0.75,pair_absdiff,-0.0035,-0.0137
gpt2-large,ds006239,Orth,ses-11,27,0.75,pair_cos1d,0.0133,-0.0194
gpt2-large,ds006239,Orth,ses-11,28,0.778,pipeline_meanpool,-0.0314,0.0089
gpt2-large,ds006239,Orth,ses-11,28,0.778,pair_concat,-0.0105,0.0035
gpt2-large,ds006239,Orth,ses-11,28,0.778,pair_absdiff,0.003,-0.0116
gpt2-large,ds006239,Orth,ses-11,28,0.778,pair_cos1d,0.011,-0.0195
gpt2-large,ds006239,Orth,ses-11,29,0.806,pipeline_meanpool,-0.034,0.0093
gpt2-large,ds006239,Orth,ses-11,29,0.806,pair_concat,-0.0111,0.003
gpt2-large,ds006239,Orth,ses-11,29,0.806,pair_absdiff,-0.0004,-0.0139
gpt2-large,ds006239,Orth,ses-11,29,0.806,pair_cos1d,0.0099,-0.0196
gpt2-large,ds006239,Orth,ses-11,30,0.833,pipeline_meanpool,-0.0343,0.0092
gpt2-large,ds006239,Orth,ses-11,30,0.833,pair_concat,-0.0106,0.0029
gpt2-large,ds006239,Orth,ses-11,30,0.833,pair_absdiff,0.0031,-0.0138
gpt2-large,ds006239,Orth,ses-11,30,0.833,pair_cos1d,0.0083,-0.0222
gpt2-large,ds006239,Orth,ses-11,31,0.861,pipeline_meanpool,-0.0366,0.0103
gpt2-large,ds006239,Orth,ses-11,31,0.861,pair_concat,-0.0101,0.0043
gpt2-large,ds006239,Orth,ses-11,31,0.861,pair_absdiff,0.0069,-0.0095
gpt2-large,ds006239,Orth,ses-11,31,0.861,pair_cos1d,0.0045,-0.0228
gpt2-large,ds006239,Orth,ses-11,32,0.889,pipeline_meanpool,-0.0389,0.0116
gpt2-large,ds006239,Orth,ses-11,32,0.889,pair_concat,-0.0108,0.0058
gpt2-large,ds006239,Orth,ses-11,32,0.889,pair_absdiff,0.0006,-0.0065
gpt2-large,ds006239,Orth,ses-11,32,0.889,pair_cos1d,0.0012,-0.0237
gpt2-large,ds006239,Orth,ses-11,33,0.917,pipeline_meanpool,-0.0403,0.0099
gpt2-large,ds006239,Orth,ses-11,33,0.917,pair_concat,-0.0084,0.0085
gpt2-large,ds006239,Orth,ses-11,33,0.917,pair_absdiff,0.0066,-0.006
gpt2-large,ds006239,Orth,ses-11,33,0.917,pair_cos1d,-0.0016,-0.0218
gpt2-large,ds006239,Orth,ses-11,34,0.944,pipeline_meanpool,-0.0349,-0.0076
gpt2-large,ds006239,Orth,ses-11,34,0.944,pair_concat,-0.0077,0.0066
gpt2-large,ds006239,Orth,ses-11,34,0.944,pair_absdiff,0.001,-0.0045
gpt2-large,ds006239,Orth,ses-11,34,0.944,pair_cos1d,-0.0044,-0.0207
gpt2-large,ds006239,Orth,ses-11,35,0.972,pipeline_meanpool,-0.0346,-0.0057
gpt2-large,ds006239,Orth,ses-11,35,0.972,pair_concat,-0.0075,-0.0001
gpt2-large,ds006239,Orth,ses-11,35,0.972,pair_absdiff,0.0365,-0.017
gpt2-large,ds006239,Orth,ses-11,35,0.972,pair_cos1d,0.0042,-0.0117
gpt2-large,ds006239,Orth,ses-11,36,1.0,pipeline_meanpool,-0.0329,-0.0075
gpt2-large,ds006239,Orth,ses-11,36,1.0,pair_concat,-0.0034,-0.0108
gpt2-large,ds006239,Orth,ses-11,36,1.0,pair_absdiff,-0.0083,-0.0053
gpt2-large,ds006239,Orth,ses-11,36,1.0,pair_cos1d,-0.0335,-0.0153
gpt2-large,ds006239,Phon,ses-11+,0,0.0,pipeline_meanpool,-0.0071,0.005
gpt2-large,ds006239,Phon,ses-11+,0,0.0,pair_concat,0.0064,0.0146
gpt2-large,ds006239,Phon,ses-11+,0,0.0,pair_absdiff,0.0104,-0.0114
gpt2-large,ds006239,Phon,ses-11+,0,0.0,pair_cos1d,-0.0202,0.0109
gpt2-large,ds006239,Phon,ses-11+,1,0.028,pipeline_meanpool,-0.0129,0.0181
gpt2-large,ds006239,Phon,ses-11+,1,0.028,pair_concat,0.0129,0.0168
gpt2-large,ds006239,Phon,ses-11+,1,0.028,pair_absdiff,0.0128,-0.0217
gpt2-large,ds006239,Phon,ses-11+,1,0.028,pair_cos1d,-0.0512,0.0075
gpt2-large,ds006239,Phon,ses-11+,2,0.056,pipeline_meanpool,-0.0032,0.0283
gpt2-large,ds006239,Phon,ses-11+,2,0.056,pair_concat,0.0143,0.0126
gpt2-large,ds006239,Phon,ses-11+,2,0.056,pair_absdiff,-0.006,-0.0365
gpt2-large,ds006239,Phon,ses-11+,2,0.056,pair_cos1d,-0.03,0.0086
gpt2-large,ds006239,Phon,ses-11+,3,0.083,pipeline_meanpool,-0.0036,0.0281
gpt2-large,ds006239,Phon,ses-11+,3,0.083,pair_concat,0.0115,0.0084
gpt2-large,ds006239,Phon,ses-11+,3,0.083,pair_absdiff,-0.0183,-0.0285
gpt2-large,ds006239,Phon,ses-11+,3,0.083,pair_cos1d,-0.0288,-0.0015
gpt2-large,ds006239,Phon,ses-11+,4,0.111,pipeline_meanpool,-0.002,0.0269
gpt2-large,ds006239,Phon,ses-11+,4,0.111,pair_concat,0.0087,0.0075
gpt2-large,ds006239,Phon,ses-11+,4,0.111,pair_absdiff,-0.012,-0.0198
gpt2-large,ds006239,Phon,ses-11+,4,0.111,pair_cos1d,-0.0272,-0.0025
gpt2-large,ds006239,Phon,ses-11+,5,0.139,pipeline_meanpool,0.0065,0.0288
gpt2-large,ds006239,Phon,ses-11+,5,0.139,pair_concat,0.0095,0.0081
gpt2-large,ds006239,Phon,ses-11+,5,0.139,pair_absdiff,-0.0089,-0.0146
gpt2-large,ds006239,Phon,ses-11+,5,0.139,pair_cos1d,-0.031,-0.009
gpt2-large,ds006239,Phon,ses-11+,6,0.167,pipeline_meanpool,-0.004,0.0271
gpt2-large,ds006239,Phon,ses-11+,6,0.167,pair_concat,-0.0005,0.0069
gpt2-large,ds006239,Phon,ses-11+,6,0.167,pair_absdiff,0.011,-0.0178
gpt2-large,ds006239,Phon,ses-11+,6,0.167,pair_cos1d,-0.0141,-0.011
gpt2-large,ds006239,Phon,ses-11+,7,0.194,pipeline_meanpool,-0.0063,0.0241
gpt2-large,ds006239,Phon,ses-11+,7,0.194,pair_concat,-0.0088,0.0044
gpt2-large,ds006239,Phon,ses-11+,7,0.194,pair_absdiff,-0.0125,-0.0271
gpt2-large,ds006239,Phon,ses-11+,7,0.194,pair_cos1d,0.017,-0.0028
gpt2-large,ds006239,Phon,ses-11+,8,0.222,pipeline_meanpool,-0.0081,0.0151
gpt2-large,ds006239,Phon,ses-11+,8,0.222,pair_concat,-0.0077,0.0063
gpt2-large,ds006239,Phon,ses-11+,8,0.222,pair_absdiff,-0.0116,-0.0227
gpt2-large,ds006239,Phon,ses-11+,8,0.222,pair_cos1d,0.0327,0.0036
gpt2-large,ds006239,Phon,ses-11+,9,0.25,pipeline_meanpool,-0.0059,0.0139
gpt2-large,ds006239,Phon,ses-11+,9,0.25,pair_concat,-0.0073,0.0047
gpt2-large,ds006239,Phon,ses-11+,9,0.25,pair_absdiff,-0.0058,-0.0144
gpt2-large,ds006239,Phon,ses-11+,9,0.25,pair_cos1d,0.0367,0.0034
gpt2-large,ds006239,Phon,ses-11+,10,0.278,pipeline_meanpool,-0.0054,0.0127
gpt2-large,ds006239,Phon,ses-11+,10,0.278,pair_concat,-0.008,0.0042
gpt2-large,ds006239,Phon,ses-11+,10,0.278,pair_absdiff,0.0002,-0.0064
gpt2-large,ds006239,Phon,ses-11+,10,0.278,pair_cos1d,0.0352,0.003
gpt2-large,ds006239,Phon,ses-11+,11,0.306,pipeline_meanpool,-0.0061,0.0126
gpt2-large,ds006239,Phon,ses-11+,11,0.306,pair_concat,-0.0084,0.0037
gpt2-large,ds006239,Phon,ses-11+,11,0.306,pair_absdiff,-0.0002,-0.0047
gpt2-large,ds006239,Phon,ses-11+,11,0.306,pair_cos1d,0.0343,0.0062
gpt2-large,ds006239,Phon,ses-11+,12,0.333,pipeline_meanpool,-0.0088,0.0138
gpt2-large,ds006239,Phon,ses-11+,12,0.333,pair_concat,-0.0092,0.004
gpt2-large,ds006239,Phon,ses-11+,12,0.333,pair_absdiff,-0.0022,-0.0059
gpt2-large,ds006239,Phon,ses-11+,12,0.333,pair_cos1d,0.0328,0.0059
gpt2-large,ds006239,Phon,ses-11+,13,0.361,pipeline_meanpool,-0.0084,0.0135
gpt2-large,ds006239,Phon,ses-11+,13,0.361,pair_concat,-0.0095,0.0031
gpt2-large,ds006239,Phon,ses-11+,13,0.361,pair_absdiff,-0.0071,-0.0068
gpt2-large,ds006239,Phon,ses-11+,13,0.361,pair_cos1d,0.0364,0.0072
gpt2-large,ds006239,Phon,ses-11+,14,0.389,pipeline_meanpool,-0.0124,0.0135
gpt2-large,ds006239,Phon,ses-11+,14,0.389,pair_concat,-0.0096,0.0037
gpt2-large,ds006239,Phon,ses-11+,14,0.389,pair_absdiff,-0.0088,-0.0108
gpt2-large,ds006239,Phon,ses-11+,14,0.389,pair_cos1d,0.0323,0.0032
gpt2-large,ds006239,Phon,ses-11+,15,0.417,pipeline_meanpool,-0.0142,0.0124
gpt2-large,ds006239,Phon,ses-11+,15,0.417,pair_concat,-0.0105,0.0036
gpt2-large,ds006239,Phon,ses-11+,15,0.417,pair_absdiff,-0.0015,-0.008
gpt2-large,ds006239,Phon,ses-11+,15,0.417,pair_cos1d,0.0339,0.0047
gpt2-large,ds006239,Phon,ses-11+,16,0.444,pipeline_meanpool,-0.0146,0.0141
gpt2-large,ds006239,Phon,ses-11+,16,0.444,pair_concat,-0.0102,0.0042
gpt2-large,ds006239,Phon,ses-11+,16,0.444,pair_absdiff,-0.0052,-0.0101
gpt2-large,ds006239,Phon,ses-11+,16,0.444,pair_cos1d,0.0327,0.0065
gpt2-large,ds006239,Phon,ses-11+,17,0.472,pipeline_meanpool,-0.0176,0.0146
gpt2-large,ds006239,Phon,ses-11+,17,0.472,pair_concat,-0.0107,0.0044
gpt2-large,ds006239,Phon,ses-11+,17,0.472,pair_absdiff,-0.0059,-0.0107
gpt2-large,ds006239,Phon,ses-11+,17,0.472,pair_cos1d,0.0323,0.0056
gpt2-large,ds006239,Phon,ses-11+,18,0.5,pipeline_meanpool,-0.0188,0.0155
gpt2-large,ds006239,Phon,ses-11+,18,0.5,pair_concat,-0.0109,0.0045
gpt2-large,ds006239,Phon,ses-11+,18,0.5,pair_absdiff,-0.0091,-0.0121
gpt2-large,ds006239,Phon,ses-11+,18,0.5,pair_cos1d,0.0341,0.0061
gpt2-large,ds006239,Phon,ses-11+,19,0.528,pipeline_meanpool,-0.0175,0.0164
gpt2-large,ds006239,Phon,ses-11+,19,0.528,pair_concat,-0.0112,0.0047
gpt2-large,ds006239,Phon,ses-11+,19,0.528,pair_absdiff,-0.0069,-0.012
gpt2-large,ds006239,Phon,ses-11+,19,0.528,pair_cos1d,0.0331,0.0052
gpt2-large,ds006239,Phon,ses-11+,20,0.556,pipeline_meanpool,-0.0186,0.0155
gpt2-large,ds006239,Phon,ses-11+,20,0.556,pair_concat,-0.0119,0.0055
gpt2-large,ds006239,Phon,ses-11+,20,0.556,pair_absdiff,-0.0057,-0.0121
gpt2-large,ds006239,Phon,ses-11+,20,0.556,pair_cos1d,0.0307,0.0044
gpt2-large,ds006239,Phon,ses-11+,21,0.583,pipeline_meanpool,-0.0188,0.0148
gpt2-large,ds006239,Phon,ses-11+,21,0.583,pair_concat,-0.0123,0.0055
gpt2-large,ds006239,Phon,ses-11+,21,0.583,pair_absdiff,-0.0044,-0.0139
gpt2-large,ds006239,Phon,ses-11+,21,0.583,pair_cos1d,0.0307,0.0025
gpt2-large,ds006239,Phon,ses-11+,22,0.611,pipeline_meanpool,-0.018,0.0133
gpt2-large,ds006239,Phon,ses-11+,22,0.611,pair_concat,-0.0123,0.0049
gpt2-large,ds006239,Phon,ses-11+,22,0.611,pair_absdiff,-0.0028,-0.0131
gpt2-large,ds006239,Phon,ses-11+,22,0.611,pair_cos1d,0.032,0.001
gpt2-large,ds006239,Phon,ses-11+,23,0.639,pipeline_meanpool,-0.0166,0.0134
gpt2-large,ds006239,Phon,ses-11+,23,0.639,pair_concat,-0.0119,0.0051
gpt2-large,ds006239,Phon,ses-11+,23,0.639,pair_absdiff,0.0003,-0.0143
gpt2-large,ds006239,Phon,ses-11+,23,0.639,pair_cos1d,0.0341,-0.0004
gpt2-large,ds006239,Phon,ses-11+,24,0.667,pipeline_meanpool,-0.0165,0.0132
gpt2-large,ds006239,Phon,ses-11+,24,0.667,pair_concat,-0.0125,0.0046
gpt2-large,ds006239,Phon,ses-11+,24,0.667,pair_absdiff,0.005,-0.0128
gpt2-large,ds006239,Phon,ses-11+,24,0.667,pair_cos1d,0.0354,-0.0003
gpt2-large,ds006239,Phon,ses-11+,25,0.694,pipeline_meanpool,-0.0167,0.0133
gpt2-large,ds006239,Phon,ses-11+,25,0.694,pair_concat,-0.0122,0.0044
gpt2-large,ds006239,Phon,ses-11+,25,0.694,pair_absdiff,0.0039,-0.0149
gpt2-large,ds006239,Phon,ses-11+,25,0.694,pair_cos1d,0.0354,-0.0015
gpt2-large,ds006239,Phon,ses-11+,26,0.722,pipeline_meanpool,-0.0181,0.0123
gpt2-large,ds006239,Phon,ses-11+,26,0.722,pair_concat,-0.013,0.004
gpt2-large,ds006239,Phon,ses-11+,26,0.722,pair_absdiff,-0.0004,-0.0193
gpt2-large,ds006239,Phon,ses-11+,26,0.722,pair_cos1d,0.0353,-0.0022
gpt2-large,ds006239,Phon,ses-11+,27,0.75,pipeline_meanpool,-0.0206,0.0131
gpt2-large,ds006239,Phon,ses-11+,27,0.75,pair_concat,-0.013,0.004
gpt2-large,ds006239,Phon,ses-11+,27,0.75,pair_absdiff,-0.0004,-0.02
gpt2-large,ds006239,Phon,ses-11+,27,0.75,pair_cos1d,0.0331,-0.0023
gpt2-large,ds006239,Phon,ses-11+,28,0.778,pipeline_meanpool,-0.0235,0.0142
gpt2-large,ds006239,Phon,ses-11+,28,0.778,pair_concat,-0.0138,0.0036
gpt2-large,ds006239,Phon,ses-11+,28,0.778,pair_absdiff,0.0075,-0.0164
gpt2-large,ds006239,Phon,ses-11+,28,0.778,pair_cos1d,0.0295,-0.0027
gpt2-large,ds006239,Phon,ses-11+,29,0.806,pipeline_meanpool,-0.0268,0.0132
gpt2-large,ds006239,Phon,ses-11+,29,0.806,pair_concat,-0.0144,0.0032
gpt2-large,ds006239,Phon,ses-11+,29,0.806,pair_absdiff,0.0035,-0.0189
gpt2-large,ds006239,Phon,ses-11+,29,0.806,pair_cos1d,0.0289,-0.0031
gpt2-large,ds006239,Phon,ses-11+,30,0.833,pipeline_meanpool,-0.027,0.0128
gpt2-large,ds006239,Phon,ses-11+,30,0.833,pair_concat,-0.0142,0.0032
gpt2-large,ds006239,Phon,ses-11+,30,0.833,pair_absdiff,0.0045,-0.0186
gpt2-large,ds006239,Phon,ses-11+,30,0.833,pair_cos1d,0.0269,-0.0052
gpt2-large,ds006239,Phon,ses-11+,31,0.861,pipeline_meanpool,-0.0281,0.0134
gpt2-large,ds006239,Phon,ses-11+,31,0.861,pair_concat,-0.0138,0.004
gpt2-large,ds006239,Phon,ses-11+,31,0.861,pair_absdiff,0.0026,-0.0155
gpt2-large,ds006239,Phon,ses-11+,31,0.861,pair_cos1d,0.0241,-0.0054
gpt2-large,ds006239,Phon,ses-11+,32,0.889,pipeline_meanpool,-0.0322,0.0146
gpt2-large,ds006239,Phon,ses-11+,32,0.889,pair_concat,-0.0152,0.0048
gpt2-large,ds006239,Phon,ses-11+,32,0.889,pair_absdiff,-0.0071,-0.0141
gpt2-large,ds006239,Phon,ses-11+,32,0.889,pair_cos1d,0.0217,-0.0054
gpt2-large,ds006239,Phon,ses-11+,33,0.917,pipeline_meanpool,-0.0345,0.0104
gpt2-large,ds006239,Phon,ses-11+,33,0.917,pair_concat,-0.0144,0.0065
gpt2-large,ds006239,Phon,ses-11+,33,0.917,pair_absdiff,-0.0065,-0.018
gpt2-large,ds006239,Phon,ses-11+,33,0.917,pair_cos1d,0.0171,-0.0045
gpt2-large,ds006239,Phon,ses-11+,34,0.944,pipeline_meanpool,-0.0221,0.0014
gpt2-large,ds006239,Phon,ses-11+,34,0.944,pair_concat,-0.0152,0.0057
gpt2-large,ds006239,Phon,ses-11+,34,0.944,pair_absdiff,-0.0134,-0.0183
gpt2-large,ds006239,Phon,ses-11+,34,0.944,pair_cos1d,0.0107,-0.006
gpt2-large,ds006239,Phon,ses-11+,35,0.972,pipeline_meanpool,-0.0187,0.0101
gpt2-large,ds006239,Phon,ses-11+,35,0.972,pair_concat,0.0067,0.011
gpt2-large,ds006239,Phon,ses-11+,35,0.972,pair_absdiff,0.0299,-0.023
gpt2-large,ds006239,Phon,ses-11+,35,0.972,pair_cos1d,0.0094,-0.0013
gpt2-large,ds006239,Phon,ses-11+,36,1.0,pipeline_meanpool,-0.0092,0.0156
gpt2-large,ds006239,Phon,ses-11+,36,1.0,pair_concat,0.0027,-0.001
gpt2-large,ds006239,Phon,ses-11+,36,1.0,pair_absdiff,-0.0134,-0.0152
gpt2-large,ds006239,Phon,ses-11+,36,1.0,pair_cos1d,-0.031,-0.0062
gpt2-large,ds006239,Phon,ses-11,0,0.0,pipeline_meanpool,-0.0228,-0.012
gpt2-large,ds006239,Phon,ses-11,0,0.0,pair_concat,0.0017,0.0094
gpt2-large,ds006239,Phon,ses-11,0,0.0,pair_absdiff,-0.0023,-0.0099
gpt2-large,ds006239,Phon,ses-11,0,0.0,pair_cos1d,-0.0176,0.0158
gpt2-large,ds006239,Phon,ses-11,1,0.028,pipeline_meanpool,-0.0169,0.0051
gpt2-large,ds006239,Phon,ses-11,1,0.028,pair_concat,0.0095,0.0157
gpt2-large,ds006239,Phon,ses-11,1,0.028,pair_absdiff,0.0124,-0.0155
gpt2-large,ds006239,Phon,ses-11,1,0.028,pair_cos1d,-0.0261,0.0204
gpt2-large,ds006239,Phon,ses-11,2,0.056,pipeline_meanpool,-0.0199,0.0051
gpt2-large,ds006239,Phon,ses-11,2,0.056,pair_concat,0.01,0.0084
gpt2-large,ds006239,Phon,ses-11,2,0.056,pair_absdiff,0.0108,-0.0161
gpt2-large,ds006239,Phon,ses-11,2,0.056,pair_cos1d,-0.0169,0.0133
gpt2-large,ds006239,Phon,ses-11,3,0.083,pipeline_meanpool,-0.0196,0.0059
gpt2-large,ds006239,Phon,ses-11,3,0.083,pair_concat,0.0109,0.0055
gpt2-large,ds006239,Phon,ses-11,3,0.083,pair_absdiff,-0.0065,-0.0131
gpt2-large,ds006239,Phon,ses-11,3,0.083,pair_cos1d,-0.0194,0.0003
gpt2-large,ds006239,Phon,ses-11,4,0.111,pipeline_meanpool,-0.0173,0.0062
gpt2-large,ds006239,Phon,ses-11,4,0.111,pair_concat,0.011,0.0065
gpt2-large,ds006239,Phon,ses-11,4,0.111,pair_absdiff,-0.0069,-0.0104
gpt2-large,ds006239,Phon,ses-11,4,0.111,pair_cos1d,-0.0179,0.0007
gpt2-large,ds006239,Phon,ses-11,5,0.139,pipeline_meanpool,-0.0107,0.0083
gpt2-large,ds006239,Phon,ses-11,5,0.139,pair_concat,0.0137,0.0075
gpt2-large,ds006239,Phon,ses-11,5,0.139,pair_absdiff,-0.0024,-0.0046
gpt2-large,ds006239,Phon,ses-11,5,0.139,pair_cos1d,-0.0251,-0.0098
gpt2-large,ds006239,Phon,ses-11,6,0.167,pipeline_meanpool,-0.0158,0.0122
gpt2-large,ds006239,Phon,ses-11,6,0.167,pair_concat,0.0114,0.0101
gpt2-large,ds006239,Phon,ses-11,6,0.167,pair_absdiff,0.0108,-0.0053
gpt2-large,ds006239,Phon,ses-11,6,0.167,pair_cos1d,-0.0167,-0.0168
gpt2-large,ds006239,Phon,ses-11,7,0.194,pipeline_meanpool,-0.013,0.0161
gpt2-large,ds006239,Phon,ses-11,7,0.194,pair_concat,0.0032,0.0097
gpt2-large,ds006239,Phon,ses-11,7,0.194,pair_absdiff,-0.0085,-0.0177
gpt2-large,ds006239,Phon,ses-11,7,0.194,pair_cos1d,0.0062,-0.0167
gpt2-large,ds006239,Phon,ses-11,8,0.222,pipeline_meanpool,-0.012,0.0109
gpt2-large,ds006239,Phon,ses-11,8,0.222,pair_concat,-0.0019,0.0091
gpt2-large,ds006239,Phon,ses-11,8,0.222,pair_absdiff,-0.0001,-0.0068
gpt2-large,ds006239,Phon,ses-11,8,0.222,pair_cos1d,0.0167,-0.0143
gpt2-large,ds006239,Phon,ses-11,9,0.25,pipeline_meanpool,-0.0128,0.0114
gpt2-large,ds006239,Phon,ses-11,9,0.25,pair_concat,-0.0053,0.0043
gpt2-large,ds006239,Phon,ses-11,9,0.25,pair_absdiff,0.002,-0.0078
gpt2-large,ds006239,Phon,ses-11,9,0.25,pair_cos1d,0.0181,-0.016
gpt2-large,ds006239,Phon,ses-11,10,0.278,pipeline_meanpool,-0.0122,0.0115
gpt2-large,ds006239,Phon,ses-11,10,0.278,pair_concat,-0.0069,0.0033
gpt2-large,ds006239,Phon,ses-11,10,0.278,pair_absdiff,0.0023,-0.0058
gpt2-large,ds006239,Phon,ses-11,10,0.278,pair_cos1d,0.0163,-0.0165
gpt2-large,ds006239,Phon,ses-11,11,0.306,pipeline_meanpool,-0.0127,0.011
gpt2-large,ds006239,Phon,ses-11,11,0.306,pair_concat,-0.0069,0.0031
gpt2-large,ds006239,Phon,ses-11,11,0.306,pair_absdiff,0.005,-0.0014
gpt2-large,ds006239,Phon,ses-11,11,0.306,pair_cos1d,0.0158,-0.0131
gpt2-large,ds006239,Phon,ses-11,12,0.333,pipeline_meanpool,-0.0131,0.0125
gpt2-large,ds006239,Phon,ses-11,12,0.333,pair_concat,-0.0072,0.003
gpt2-large,ds006239,Phon,ses-11,12,0.333,pair_absdiff,-0.0055,-0.005
gpt2-large,ds006239,Phon,ses-11,12,0.333,pair_cos1d,0.0147,-0.0122
gpt2-large,ds006239,Phon,ses-11,13,0.361,pipeline_meanpool,-0.013,0.0136
gpt2-large,ds006239,Phon,ses-11,13,0.361,pair_concat,-0.007,0.0026
gpt2-large,ds006239,Phon,ses-11,13,0.361,pair_absdiff,-0.0074,-0.0052
gpt2-large,ds006239,Phon,ses-11,13,0.361,pair_cos1d,0.0179,-0.0112
gpt2-large,ds006239,Phon,ses-11,14,0.389,pipeline_meanpool,-0.0163,0.0122
gpt2-large,ds006239,Phon,ses-11,14,0.389,pair_concat,-0.0068,0.0035
gpt2-large,ds006239,Phon,ses-11,14,0.389,pair_absdiff,-0.0069,-0.008
gpt2-large,ds006239,Phon,ses-11,14,0.389,pair_cos1d,0.0128,-0.015
gpt2-large,ds006239,Phon,ses-11,15,0.417,pipeline_meanpool,-0.0172,0.0119
gpt2-large,ds006239,Phon,ses-11,15,0.417,pair_concat,-0.0077,0.0033
gpt2-large,ds006239,Phon,ses-11,15,0.417,pair_absdiff,-0.0023,-0.006
gpt2-large,ds006239,Phon,ses-11,15,0.417,pair_cos1d,0.0147,-0.0136
gpt2-large,ds006239,Phon,ses-11,16,0.444,pipeline_meanpool,-0.018,0.0125
gpt2-large,ds006239,Phon,ses-11,16,0.444,pair_concat,-0.0068,0.0042
gpt2-large,ds006239,Phon,ses-11,16,0.444,pair_absdiff,-0.0039,-0.0054
gpt2-large,ds006239,Phon,ses-11,16,0.444,pair_cos1d,0.0131,-0.0123
gpt2-large,ds006239,Phon,ses-11,17,0.472,pipeline_meanpool,-0.0221,0.0121
gpt2-large,ds006239,Phon,ses-11,17,0.472,pair_concat,-0.0072,0.004
gpt2-large,ds006239,Phon,ses-11,17,0.472,pair_absdiff,-0.0033,-0.0061
gpt2-large,ds006239,Phon,ses-11,17,0.472,pair_cos1d,0.0127,-0.0133
gpt2-large,ds006239,Phon,ses-11,18,0.5,pipeline_meanpool,-0.0242,0.0114
gpt2-large,ds006239,Phon,ses-11,18,0.5,pair_concat,-0.0077,0.004
gpt2-large,ds006239,Phon,ses-11,18,0.5,pair_absdiff,-0.007,-0.0076
gpt2-large,ds006239,Phon,ses-11,18,0.5,pair_cos1d,0.014,-0.0125
gpt2-large,ds006239,Phon,ses-11,19,0.528,pipeline_meanpool,-0.0229,0.0117
gpt2-large,ds006239,Phon,ses-11,19,0.528,pair_concat,-0.0083,0.0039
gpt2-large,ds006239,Phon,ses-11,19,0.528,pair_absdiff,-0.0063,-0.0084
gpt2-large,ds006239,Phon,ses-11,19,0.528,pair_cos1d,0.012,-0.0141
gpt2-large,ds006239,Phon,ses-11,20,0.556,pipeline_meanpool,-0.0243,0.0105
gpt2-large,ds006239,Phon,ses-11,20,0.556,pair_concat,-0.0087,0.0051
gpt2-large,ds006239,Phon,ses-11,20,0.556,pair_absdiff,-0.0041,-0.0082
gpt2-large,ds006239,Phon,ses-11,20,0.556,pair_cos1d,0.0098,-0.0142
gpt2-large,ds006239,Phon,ses-11,21,0.583,pipeline_meanpool,-0.0235,0.0103
gpt2-large,ds006239,Phon,ses-11,21,0.583,pair_concat,-0.0086,0.0053
gpt2-large,ds006239,Phon,ses-11,21,0.583,pair_absdiff,-0.0025,-0.0097
gpt2-large,ds006239,Phon,ses-11,21,0.583,pair_cos1d,0.0108,-0.0157
gpt2-large,ds006239,Phon,ses-11,22,0.611,pipeline_meanpool,-0.0235,0.0089
gpt2-large,ds006239,Phon,ses-11,22,0.611,pair_concat,-0.0086,0.0047
gpt2-large,ds006239,Phon,ses-11,22,0.611,pair_absdiff,-0.0021,-0.0089
gpt2-large,ds006239,Phon,ses-11,22,0.611,pair_cos1d,0.0104,-0.018
gpt2-large,ds006239,Phon,ses-11,23,0.639,pipeline_meanpool,-0.024,0.0082
gpt2-large,ds006239,Phon,ses-11,23,0.639,pair_concat,-0.0085,0.005
gpt2-large,ds006239,Phon,ses-11,23,0.639,pair_absdiff,-0.0025,-0.0111
gpt2-large,ds006239,Phon,ses-11,23,0.639,pair_cos1d,0.012,-0.0191
gpt2-large,ds006239,Phon,ses-11,24,0.667,pipeline_meanpool,-0.0249,0.0074
gpt2-large,ds006239,Phon,ses-11,24,0.667,pair_concat,-0.0092,0.0044
gpt2-large,ds006239,Phon,ses-11,24,0.667,pair_absdiff,0.0012,-0.0095
gpt2-large,ds006239,Phon,ses-11,24,0.667,pair_cos1d,0.014,-0.0177
gpt2-large,ds006239,Phon,ses-11,25,0.694,pipeline_meanpool,-0.0253,0.0079
gpt2-large,ds006239,Phon,ses-11,25,0.694,pair_concat,-0.0087,0.0044
gpt2-large,ds006239,Phon,ses-11,25,0.694,pair_absdiff,0.0004,-0.0108
gpt2-large,ds006239,Phon,ses-11,25,0.694,pair_cos1d,0.0142,-0.019
gpt2-large,ds006239,Phon,ses-11,26,0.722,pipeline_meanpool,-0.0271,0.0074
gpt2-large,ds006239,Phon,ses-11,26,0.722,pair_concat,-0.0095,0.0042
gpt2-large,ds006239,Phon,ses-11,26,0.722,pair_absdiff,-0.003,-0.014
gpt2-large,ds006239,Phon,ses-11,26,0.722,pair_cos1d,0.0148,-0.0188
gpt2-large,ds006239,Phon,ses-11,27,0.75,pipeline_meanpool,-0.0289,0.0078
gpt2-large,ds006239,Phon,ses-11,27,0.75,pair_concat,-0.0096,0.0042
gpt2-large,ds006239,Phon,ses-11,27,0.75,pair_absdiff,-0.0035,-0.0137
gpt2-large,ds006239,Phon,ses-11,27,0.75,pair_cos1d,0.0133,-0.0194
gpt2-large,ds006239,Phon,ses-11,28,0.778,pipeline_meanpool,-0.0314,0.0089
gpt2-large,ds006239,Phon,ses-11,28,0.778,pair_concat,-0.0105,0.0035
gpt2-large,ds006239,Phon,ses-11,28,0.778,pair_absdiff,0.003,-0.0116
gpt2-large,ds006239,Phon,ses-11,28,0.778,pair_cos1d,0.011,-0.0195
gpt2-large,ds006239,Phon,ses-11,29,0.806,pipeline_meanpool,-0.034,0.0093
gpt2-large,ds006239,Phon,ses-11,29,0.806,pair_concat,-0.0111,0.003
gpt2-large,ds006239,Phon,ses-11,29,0.806,pair_absdiff,-0.0004,-0.0139
gpt2-large,ds006239,Phon,ses-11,29,0.806,pair_cos1d,0.0099,-0.0196
gpt2-large,ds006239,Phon,ses-11,30,0.833,pipeline_meanpool,-0.0343,0.0092
gpt2-large,ds006239,Phon,ses-11,30,0.833,pair_concat,-0.0106,0.0029
gpt2-large,ds006239,Phon,ses-11,30,0.833,pair_absdiff,0.0031,-0.0138
gpt2-large,ds006239,Phon,ses-11,30,0.833,pair_cos1d,0.0083,-0.0222
gpt2-large,ds006239,Phon,ses-11,31,0.861,pipeline_meanpool,-0.0366,0.0103
gpt2-large,ds006239,Phon,ses-11,31,0.861,pair_concat,-0.0101,0.0043
gpt2-large,ds006239,Phon,ses-11,31,0.861,pair_absdiff,0.0069,-0.0095
gpt2-large,ds006239,Phon,ses-11,31,0.861,pair_cos1d,0.0045,-0.0228
gpt2-large,ds006239,Phon,ses-11,32,0.889,pipeline_meanpool,-0.0389,0.0116
gpt2-large,ds006239,Phon,ses-11,32,0.889,pair_concat,-0.0108,0.0058
gpt2-large,ds006239,Phon,ses-11,32,0.889,pair_absdiff,0.0006,-0.0065
gpt2-large,ds006239,Phon,ses-11,32,0.889,pair_cos1d,0.0012,-0.0237
gpt2-large,ds006239,Phon,ses-11,33,0.917,pipeline_meanpool,-0.0403,0.0099
gpt2-large,ds006239,Phon,ses-11,33,0.917,pair_concat,-0.0084,0.0085
gpt2-large,ds006239,Phon,ses-11,33,0.917,pair_absdiff,0.0066,-0.006
gpt2-large,ds006239,Phon,ses-11,33,0.917,pair_cos1d,-0.0016,-0.0218
gpt2-large,ds006239,Phon,ses-11,34,0.944,pipeline_meanpool,-0.0349,-0.0076
gpt2-large,ds006239,Phon,ses-11,34,0.944,pair_concat,-0.0077,0.0066
gpt2-large,ds006239,Phon,ses-11,34,0.944,pair_absdiff,0.001,-0.0045
gpt2-large,ds006239,Phon,ses-11,34,0.944,pair_cos1d,-0.0044,-0.0207
gpt2-large,ds006239,Phon,ses-11,35,0.972,pipeline_meanpool,-0.0346,-0.0057
gpt2-large,ds006239,Phon,ses-11,35,0.972,pair_concat,-0.0075,-0.0001
gpt2-large,ds006239,Phon,ses-11,35,0.972,pair_absdiff,0.0365,-0.017
gpt2-large,ds006239,Phon,ses-11,35,0.972,pair_cos1d,0.0042,-0.0117
gpt2-large,ds006239,Phon,ses-11,36,1.0,pipeline_meanpool,-0.0329,-0.0075
gpt2-large,ds006239,Phon,ses-11,36,1.0,pair_concat,-0.0034,-0.0108
gpt2-large,ds006239,Phon,ses-11,36,1.0,pair_absdiff,-0.0083,-0.0053
gpt2-large,ds006239,Phon,ses-11,36,1.0,pair_cos1d,-0.0335,-0.0153
gpt2-large,ds006239,Sem,ses-11+,0,0.0,pipeline_meanpool,-0.0201,0.002
gpt2-large,ds006239,Sem,ses-11+,0,0.0,pair_concat,-0.0277,-0.023
gpt2-large,ds006239,Sem,ses-11+,0,0.0,pair_absdiff,-0.0156,-0.0013
gpt2-large,ds006239,Sem,ses-11+,0,0.0,pair_cos1d,0.0005,-0.0099
gpt2-large,ds006239,Sem,ses-11+,1,0.028,pipeline_meanpool,-0.0207,-0.0115
gpt2-large,ds006239,Sem,ses-11+,1,0.028,pair_concat,-0.0426,-0.0434
gpt2-large,ds006239,Sem,ses-11+,1,0.028,pair_absdiff,-0.0288,-0.0141
gpt2-large,ds006239,Sem,ses-11+,1,0.028,pair_cos1d,0.0028,-0.0303
gpt2-large,ds006239,Sem,ses-11+,2,0.056,pipeline_meanpool,-0.0226,-0.014
gpt2-large,ds006239,Sem,ses-11+,2,0.056,pair_concat,-0.0357,-0.0382
gpt2-large,ds006239,Sem,ses-11+,2,0.056,pair_absdiff,-0.0442,-0.0098
gpt2-large,ds006239,Sem,ses-11+,2,0.056,pair_cos1d,-0.0045,-0.0136
gpt2-large,ds006239,Sem,ses-11+,3,0.083,pipeline_meanpool,-0.027,-0.0133
gpt2-large,ds006239,Sem,ses-11+,3,0.083,pair_concat,-0.0356,-0.0394
gpt2-large,ds006239,Sem,ses-11+,3,0.083,pair_absdiff,-0.0368,0.0135
gpt2-large,ds006239,Sem,ses-11+,3,0.083,pair_cos1d,-0.0089,-0.0196
gpt2-large,ds006239,Sem,ses-11+,4,0.111,pipeline_meanpool,-0.0216,-0.0095
gpt2-large,ds006239,Sem,ses-11+,4,0.111,pair_concat,-0.0351,-0.037
gpt2-large,ds006239,Sem,ses-11+,4,0.111,pair_absdiff,-0.0327,0.0106
gpt2-large,ds006239,Sem,ses-11+,4,0.111,pair_cos1d,-0.0101,-0.021
gpt2-large,ds006239,Sem,ses-11+,5,0.139,pipeline_meanpool,-0.0259,-0.0067
gpt2-large,ds006239,Sem,ses-11+,5,0.139,pair_concat,-0.0379,-0.0388
gpt2-large,ds006239,Sem,ses-11+,5,0.139,pair_absdiff,-0.0302,0.0128
gpt2-large,ds006239,Sem,ses-11+,5,0.139,pair_cos1d,-0.006,-0.0141
gpt2-large,ds006239,Sem,ses-11+,6,0.167,pipeline_meanpool,-0.0182,0.01
gpt2-large,ds006239,Sem,ses-11+,6,0.167,pair_concat,-0.0285,-0.0361
gpt2-large,ds006239,Sem,ses-11+,6,0.167,pair_absdiff,-0.0464,0.002
gpt2-large,ds006239,Sem,ses-11+,6,0.167,pair_cos1d,-0.039,-0.0426
gpt2-large,ds006239,Sem,ses-11+,7,0.194,pipeline_meanpool,-0.0142,0.0203
gpt2-large,ds006239,Sem,ses-11+,7,0.194,pair_concat,-0.026,-0.0445
gpt2-large,ds006239,Sem,ses-11+,7,0.194,pair_absdiff,-0.0439,0.0075
gpt2-large,ds006239,Sem,ses-11+,7,0.194,pair_cos1d,-0.046,-0.0425
gpt2-large,ds006239,Sem,ses-11+,8,0.222,pipeline_meanpool,-0.0047,0.0185
gpt2-large,ds006239,Sem,ses-11+,8,0.222,pair_concat,-0.0269,-0.0516
gpt2-large,ds006239,Sem,ses-11+,8,0.222,pair_absdiff,-0.0356,0.0048
gpt2-large,ds006239,Sem,ses-11+,8,0.222,pair_cos1d,-0.0309,-0.0262
gpt2-large,ds006239,Sem,ses-11+,9,0.25,pipeline_meanpool,-0.0045,0.0133
gpt2-large,ds006239,Sem,ses-11+,9,0.25,pair_concat,-0.0352,-0.0579
gpt2-large,ds006239,Sem,ses-11+,9,0.25,pair_absdiff,-0.0299,0.0138
gpt2-large,ds006239,Sem,ses-11+,9,0.25,pair_cos1d,-0.0277,-0.0229
gpt2-large,ds006239,Sem,ses-11+,10,0.278,pipeline_meanpool,-0.0053,0.0108
gpt2-large,ds006239,Sem,ses-11+,10,0.278,pair_concat,-0.037,-0.0598
gpt2-large,ds006239,Sem,ses-11+,10,0.278,pair_absdiff,-0.0322,0.0104
gpt2-large,ds006239,Sem,ses-11+,10,0.278,pair_cos1d,-0.0264,-0.0233
gpt2-large,ds006239,Sem,ses-11+,11,0.306,pipeline_meanpool,-0.005,0.01
gpt2-large,ds006239,Sem,ses-11+,11,0.306,pair_concat,-0.0387,-0.0625
gpt2-large,ds006239,Sem,ses-11+,11,0.306,pair_absdiff,-0.0277,0.0182
gpt2-large,ds006239,Sem,ses-11+,11,0.306,pair_cos1d,-0.0244,-0.0231
gpt2-large,ds006239,Sem,ses-11+,12,0.333,pipeline_meanpool,-0.0044,0.0088
gpt2-large,ds006239,Sem,ses-11+,12,0.333,pair_concat,-0.0395,-0.0622
gpt2-large,ds006239,Sem,ses-11+,12,0.333,pair_absdiff,-0.0329,0.0099
gpt2-large,ds006239,Sem,ses-11+,12,0.333,pair_cos1d,-0.0241,-0.022
gpt2-large,ds006239,Sem,ses-11+,13,0.361,pipeline_meanpool,-0.0045,0.0099
gpt2-large,ds006239,Sem,ses-11+,13,0.361,pair_concat,-0.0396,-0.0615
gpt2-large,ds006239,Sem,ses-11+,13,0.361,pair_absdiff,-0.0299,0.0072
gpt2-large,ds006239,Sem,ses-11+,13,0.361,pair_cos1d,-0.0253,-0.0217
gpt2-large,ds006239,Sem,ses-11+,14,0.389,pipeline_meanpool,-0.0038,0.0076
gpt2-large,ds006239,Sem,ses-11+,14,0.389,pair_concat,-0.0389,-0.0604
gpt2-large,ds006239,Sem,ses-11+,14,0.389,pair_absdiff,-0.0373,0.0061
gpt2-large,ds006239,Sem,ses-11+,14,0.389,pair_cos1d,-0.0242,-0.0185
gpt2-large,ds006239,Sem,ses-11+,15,0.417,pipeline_meanpool,-0.0027,0.008
gpt2-large,ds006239,Sem,ses-11+,15,0.417,pair_concat,-0.0387,-0.0599
gpt2-large,ds006239,Sem,ses-11+,15,0.417,pair_absdiff,-0.039,0.001
gpt2-large,ds006239,Sem,ses-11+,15,0.417,pair_cos1d,-0.0263,-0.0171
gpt2-large,ds006239,Sem,ses-11+,16,0.444,pipeline_meanpool,-0.0013,0.0098
gpt2-large,ds006239,Sem,ses-11+,16,0.444,pair_concat,-0.0381,-0.0592
gpt2-large,ds006239,Sem,ses-11+,16,0.444,pair_absdiff,-0.039,0.0024
gpt2-large,ds006239,Sem,ses-11+,16,0.444,pair_cos1d,-0.0235,-0.0131
gpt2-large,ds006239,Sem,ses-11+,17,0.472,pipeline_meanpool,-0.0013,0.0082
gpt2-large,ds006239,Sem,ses-11+,17,0.472,pair_concat,-0.0378,-0.0595
gpt2-large,ds006239,Sem,ses-11+,17,0.472,pair_absdiff,-0.0343,0.0072
gpt2-large,ds006239,Sem,ses-11+,17,0.472,pair_cos1d,-0.023,-0.0133
gpt2-large,ds006239,Sem,ses-11+,18,0.5,pipeline_meanpool,-0.001,0.0078
gpt2-large,ds006239,Sem,ses-11+,18,0.5,pair_concat,-0.0372,-0.059
gpt2-large,ds006239,Sem,ses-11+,18,0.5,pair_absdiff,-0.0351,0.0068
gpt2-large,ds006239,Sem,ses-11+,18,0.5,pair_cos1d,-0.0266,-0.0161
gpt2-large,ds006239,Sem,ses-11+,19,0.528,pipeline_meanpool,-0.0008,0.0087
gpt2-large,ds006239,Sem,ses-11+,19,0.528,pair_concat,-0.037,-0.059
gpt2-large,ds006239,Sem,ses-11+,19,0.528,pair_absdiff,-0.0376,0.0042
gpt2-large,ds006239,Sem,ses-11+,19,0.528,pair_cos1d,-0.0287,-0.018
gpt2-large,ds006239,Sem,ses-11+,20,0.556,pipeline_meanpool,-0.0003,0.0086
gpt2-large,ds006239,Sem,ses-11+,20,0.556,pair_concat,-0.0375,-0.0597
gpt2-large,ds006239,Sem,ses-11+,20,0.556,pair_absdiff,-0.0384,0.0035
gpt2-large,ds006239,Sem,ses-11+,20,0.556,pair_cos1d,-0.0254,-0.0163
gpt2-large,ds006239,Sem,ses-11+,21,0.583,pipeline_meanpool,0.0001,0.0094
gpt2-large,ds006239,Sem,ses-11+,21,0.583,pair_concat,-0.037,-0.0594
gpt2-large,ds006239,Sem,ses-11+,21,0.583,pair_absdiff,-0.0398,0.0009
gpt2-large,ds006239,Sem,ses-11+,21,0.583,pair_cos1d,-0.0207,-0.0125
gpt2-large,ds006239,Sem,ses-11+,22,0.611,pipeline_meanpool,0.0001,0.0106
gpt2-large,ds006239,Sem,ses-11+,22,0.611,pair_concat,-0.0373,-0.0598
gpt2-large,ds006239,Sem,ses-11+,22,0.611,pair_absdiff,-0.0394,0.0009
gpt2-large,ds006239,Sem,ses-11+,22,0.611,pair_cos1d,-0.0247,-0.0167
gpt2-large,ds006239,Sem,ses-11+,23,0.639,pipeline_meanpool,0.0008,0.0105
gpt2-large,ds006239,Sem,ses-11+,23,0.639,pair_concat,-0.0372,-0.0602
gpt2-large,ds006239,Sem,ses-11+,23,0.639,pair_absdiff,-0.04,0.0006
gpt2-large,ds006239,Sem,ses-11+,23,0.639,pair_cos1d,-0.0226,-0.0141
gpt2-large,ds006239,Sem,ses-11+,24,0.667,pipeline_meanpool,0.0002,0.0101
gpt2-large,ds006239,Sem,ses-11+,24,0.667,pair_concat,-0.0376,-0.0605
gpt2-large,ds006239,Sem,ses-11+,24,0.667,pair_absdiff,-0.0396,0.0011
gpt2-large,ds006239,Sem,ses-11+,24,0.667,pair_cos1d,-0.0228,-0.0141
gpt2-large,ds006239,Sem,ses-11+,25,0.694,pipeline_meanpool,0.002,0.0099
gpt2-large,ds006239,Sem,ses-11+,25,0.694,pair_concat,-0.0369,-0.06
gpt2-large,ds006239,Sem,ses-11+,25,0.694,pair_absdiff,-0.0392,0.0031
gpt2-large,ds006239,Sem,ses-11+,25,0.694,pair_cos1d,-0.0224,-0.014
gpt2-large,ds006239,Sem,ses-11+,26,0.722,pipeline_meanpool,0.0031,0.0101
gpt2-large,ds006239,Sem,ses-11+,26,0.722,pair_concat,-0.037,-0.0598
gpt2-large,ds006239,Sem,ses-11+,26,0.722,pair_absdiff,-0.0393,0.0004
gpt2-large,ds006239,Sem,ses-11+,26,0.722,pair_cos1d,-0.0243,-0.0166
gpt2-large,ds006239,Sem,ses-11+,27,0.75,pipeline_meanpool,0.0055,0.0114
gpt2-large,ds006239,Sem,ses-11+,27,0.75,pair_concat,-0.0358,-0.0584
gpt2-large,ds006239,Sem,ses-11+,27,0.75,pair_absdiff,-0.0378,0.0042
gpt2-large,ds006239,Sem,ses-11+,27,0.75,pair_cos1d,-0.0284,-0.0211
gpt2-large,ds006239,Sem,ses-11+,28,0.778,pipeline_meanpool,0.0053,0.0103
gpt2-large,ds006239,Sem,ses-11+,28,0.778,pair_concat,-0.035,-0.0578
gpt2-large,ds006239,Sem,ses-11+,28,0.778,pair_absdiff,-0.0352,0.0048
gpt2-large,ds006239,Sem,ses-11+,28,0.778,pair_cos1d,-0.0268,-0.0199
gpt2-large,ds006239,Sem,ses-11+,29,0.806,pipeline_meanpool,0.0052,0.01
gpt2-large,ds006239,Sem,ses-11+,29,0.806,pair_concat,-0.0355,-0.0578
gpt2-large,ds006239,Sem,ses-11+,29,0.806,pair_absdiff,-0.035,0.0024
gpt2-large,ds006239,Sem,ses-11+,29,0.806,pair_cos1d,-0.0294,-0.0218
gpt2-large,ds006239,Sem,ses-11+,30,0.833,pipeline_meanpool,0.0055,0.0102
gpt2-large,ds006239,Sem,ses-11+,30,0.833,pair_concat,-0.0345,-0.0565
gpt2-large,ds006239,Sem,ses-11+,30,0.833,pair_absdiff,-0.0377,0.001
gpt2-large,ds006239,Sem,ses-11+,30,0.833,pair_cos1d,-0.0303,-0.0226
gpt2-large,ds006239,Sem,ses-11+,31,0.861,pipeline_meanpool,0.0081,0.011
gpt2-large,ds006239,Sem,ses-11+,31,0.861,pair_concat,-0.0329,-0.0559
gpt2-large,ds006239,Sem,ses-11+,31,0.861,pair_absdiff,-0.0361,0.0068
gpt2-large,ds006239,Sem,ses-11+,31,0.861,pair_cos1d,-0.031,-0.0239
gpt2-large,ds006239,Sem,ses-11+,32,0.889,pipeline_meanpool,0.0075,0.0085
gpt2-large,ds006239,Sem,ses-11+,32,0.889,pair_concat,-0.0319,-0.0547
gpt2-large,ds006239,Sem,ses-11+,32,0.889,pair_absdiff,-0.0338,0.0093
gpt2-large,ds006239,Sem,ses-11+,32,0.889,pair_cos1d,-0.027,-0.0207
gpt2-large,ds006239,Sem,ses-11+,33,0.917,pipeline_meanpool,0.0138,0.0083
gpt2-large,ds006239,Sem,ses-11+,33,0.917,pair_concat,-0.0275,-0.0518
gpt2-large,ds006239,Sem,ses-11+,33,0.917,pair_absdiff,-0.0438,-0.0026
gpt2-large,ds006239,Sem,ses-11+,33,0.917,pair_cos1d,-0.0267,-0.0217
gpt2-large,ds006239,Sem,ses-11+,34,0.944,pipeline_meanpool,0.0185,0.0116
gpt2-large,ds006239,Sem,ses-11+,34,0.944,pair_concat,-0.0138,-0.0332
gpt2-large,ds006239,Sem,ses-11+,34,0.944,pair_absdiff,-0.0361,0.0063
gpt2-large,ds006239,Sem,ses-11+,34,0.944,pair_cos1d,-0.0229,-0.0237
gpt2-large,ds006239,Sem,ses-11+,35,0.972,pipeline_meanpool,-0.0013,0.0394
gpt2-large,ds006239,Sem,ses-11+,35,0.972,pair_concat,-0.0488,-0.0428
gpt2-large,ds006239,Sem,ses-11+,35,0.972,pair_absdiff,-0.0538,-0.0039
gpt2-large,ds006239,Sem,ses-11+,35,0.972,pair_cos1d,-0.0167,-0.0242
gpt2-large,ds006239,Sem,ses-11+,36,1.0,pipeline_meanpool,-0.0172,0.0255
gpt2-large,ds006239,Sem,ses-11+,36,1.0,pair_concat,-0.0365,-0.0028
gpt2-large,ds006239,Sem,ses-11+,36,1.0,pair_absdiff,-0.0545,-0.0201
gpt2-large,ds006239,Sem,ses-11+,36,1.0,pair_cos1d,-0.0399,-0.0466
gpt2-large,ds006239,Sem,ses-11,0,0.0,pipeline_meanpool,-0.0299,0.0172
gpt2-large,ds006239,Sem,ses-11,0,0.0,pair_concat,-0.0119,-0.0145
gpt2-large,ds006239,Sem,ses-11,0,0.0,pair_absdiff,0.0029,0.0318
gpt2-large,ds006239,Sem,ses-11,0,0.0,pair_cos1d,0.0148,0.0243
gpt2-large,ds006239,Sem,ses-11,1,0.028,pipeline_meanpool,-0.0324,-0.0073
gpt2-large,ds006239,Sem,ses-11,1,0.028,pair_concat,-0.0221,-0.0196
gpt2-large,ds006239,Sem,ses-11,1,0.028,pair_absdiff,0.0043,0.004
gpt2-large,ds006239,Sem,ses-11,1,0.028,pair_cos1d,0.0112,0.0161
gpt2-large,ds006239,Sem,ses-11,2,0.056,pipeline_meanpool,-0.0318,0.0216
gpt2-large,ds006239,Sem,ses-11,2,0.056,pair_concat,-0.0181,-0.0217
gpt2-large,ds006239,Sem,ses-11,2,0.056,pair_absdiff,-0.0072,0.0054
gpt2-large,ds006239,Sem,ses-11,2,0.056,pair_cos1d,0.0008,0.0064
gpt2-large,ds006239,Sem,ses-11,3,0.083,pipeline_meanpool,-0.0343,0.0301
gpt2-large,ds006239,Sem,ses-11,3,0.083,pair_concat,-0.0112,-0.0193
gpt2-large,ds006239,Sem,ses-11,3,0.083,pair_absdiff,-0.0146,0.0046
gpt2-large,ds006239,Sem,ses-11,3,0.083,pair_cos1d,0.0067,0.0024
gpt2-large,ds006239,Sem,ses-11,4,0.111,pipeline_meanpool,-0.0273,0.03
gpt2-large,ds006239,Sem,ses-11,4,0.111,pair_concat,-0.0093,-0.0222
gpt2-large,ds006239,Sem,ses-11,4,0.111,pair_absdiff,-0.0113,0.0163
gpt2-large,ds006239,Sem,ses-11,4,0.111,pair_cos1d,-0.0001,-0.0037
gpt2-large,ds006239,Sem,ses-11,5,0.139,pipeline_meanpool,-0.0269,0.0286
gpt2-large,ds006239,Sem,ses-11,5,0.139,pair_concat,-0.0079,-0.0241
gpt2-large,ds006239,Sem,ses-11,5,0.139,pair_absdiff,-0.0122,0.0153
gpt2-large,ds006239,Sem,ses-11,5,0.139,pair_cos1d,0.0123,0.0049
gpt2-large,ds006239,Sem,ses-11,6,0.167,pipeline_meanpool,-0.0219,0.0186
gpt2-large,ds006239,Sem,ses-11,6,0.167,pair_concat,-0.0077,-0.0298
gpt2-large,ds006239,Sem,ses-11,6,0.167,pair_absdiff,-0.0351,0.0065
gpt2-large,ds006239,Sem,ses-11,6,0.167,pair_cos1d,0.0141,-0.0153
gpt2-large,ds006239,Sem,ses-11,7,0.194,pipeline_meanpool,-0.0198,-0.0033
gpt2-large,ds006239,Sem,ses-11,7,0.194,pair_concat,-0.009,-0.0362
gpt2-large,ds006239,Sem,ses-11,7,0.194,pair_absdiff,-0.0396,0.0043
gpt2-large,ds006239,Sem,ses-11,7,0.194,pair_cos1d,0.0041,-0.0227
gpt2-large,ds006239,Sem,ses-11,8,0.222,pipeline_meanpool,-0.008,-0.0195
gpt2-large,ds006239,Sem,ses-11,8,0.222,pair_concat,-0.0098,-0.0296
gpt2-large,ds006239,Sem,ses-11,8,0.222,pair_absdiff,-0.0194,0.002
gpt2-large,ds006239,Sem,ses-11,8,0.222,pair_cos1d,0.007,-0.0234
gpt2-large,ds006239,Sem,ses-11,9,0.25,pipeline_meanpool,-0.0038,-0.0248
gpt2-large,ds006239,Sem,ses-11,9,0.25,pair_concat,-0.0081,-0.0306
gpt2-large,ds006239,Sem,ses-11,9,0.25,pair_absdiff,-0.037,0.0131
gpt2-large,ds006239,Sem,ses-11,9,0.25,pair_cos1d,0.0061,-0.0238
gpt2-large,ds006239,Sem,ses-11,10,0.278,pipeline_meanpool,-0.0021,-0.0297
gpt2-large,ds006239,Sem,ses-11,10,0.278,pair_concat,-0.0078,-0.0306
gpt2-large,ds006239,Sem,ses-11,10,0.278,pair_absdiff,-0.0317,0.0196
gpt2-large,ds006239,Sem,ses-11,10,0.278,pair_cos1d,0.0033,-0.0286
gpt2-large,ds006239,Sem,ses-11,11,0.306,pipeline_meanpool,-0.0006,-0.0299
gpt2-large,ds006239,Sem,ses-11,11,0.306,pair_concat,-0.0101,-0.0325
gpt2-large,ds006239,Sem,ses-11,11,0.306,pair_absdiff,-0.0306,0.0309
gpt2-large,ds006239,Sem,ses-11,11,0.306,pair_cos1d,0.0028,-0.0289
gpt2-large,ds006239,Sem,ses-11,12,0.333,pipeline_meanpool,-0.0002,-0.0285
gpt2-large,ds006239,Sem,ses-11,12,0.333,pair_concat,-0.0109,-0.0326
gpt2-large,ds006239,Sem,ses-11,12,0.333,pair_absdiff,-0.0323,0.017
gpt2-large,ds006239,Sem,ses-11,12,0.333,pair_cos1d,0.0004,-0.031
gpt2-large,ds006239,Sem,ses-11,13,0.361,pipeline_meanpool,0.001,-0.0277
gpt2-large,ds006239,Sem,ses-11,13,0.361,pair_concat,-0.0113,-0.0321
gpt2-large,ds006239,Sem,ses-11,13,0.361,pair_absdiff,-0.0284,0.0236
gpt2-large,ds006239,Sem,ses-11,13,0.361,pair_cos1d,0.0025,-0.0282
gpt2-large,ds006239,Sem,ses-11,14,0.389,pipeline_meanpool,0.0016,-0.029
gpt2-large,ds006239,Sem,ses-11,14,0.389,pair_concat,-0.0116,-0.032
gpt2-large,ds006239,Sem,ses-11,14,0.389,pair_absdiff,-0.0331,0.0158
gpt2-large,ds006239,Sem,ses-11,14,0.389,pair_cos1d,0.0056,-0.0242
gpt2-large,ds006239,Sem,ses-11,15,0.417,pipeline_meanpool,0.0028,-0.0268
gpt2-large,ds006239,Sem,ses-11,15,0.417,pair_concat,-0.0117,-0.0312
gpt2-large,ds006239,Sem,ses-11,15,0.417,pair_absdiff,-0.0318,0.0126
gpt2-large,ds006239,Sem,ses-11,15,0.417,pair_cos1d,0.0017,-0.0245
gpt2-large,ds006239,Sem,ses-11,16,0.444,pipeline_meanpool,0.0056,-0.0243
gpt2-large,ds006239,Sem,ses-11,16,0.444,pair_concat,-0.0108,-0.0302
gpt2-large,ds006239,Sem,ses-11,16,0.444,pair_absdiff,-0.0313,0.0164
gpt2-large,ds006239,Sem,ses-11,16,0.444,pair_cos1d,0.0022,-0.0221
gpt2-large,ds006239,Sem,ses-11,17,0.472,pipeline_meanpool,0.0065,-0.0222
gpt2-large,ds006239,Sem,ses-11,17,0.472,pair_concat,-0.0102,-0.03
gpt2-large,ds006239,Sem,ses-11,17,0.472,pair_absdiff,-0.0306,0.02
gpt2-large,ds006239,Sem,ses-11,17,0.472,pair_cos1d,0.0036,-0.0207
gpt2-large,ds006239,Sem,ses-11,18,0.5,pipeline_meanpool,0.008,-0.0214
gpt2-large,ds006239,Sem,ses-11,18,0.5,pair_concat,-0.0096,-0.0297
gpt2-large,ds006239,Sem,ses-11,18,0.5,pair_absdiff,-0.0313,0.0194
gpt2-large,ds006239,Sem,ses-11,18,0.5,pair_cos1d,0.0002,-0.025
gpt2-large,ds006239,Sem,ses-11,19,0.528,pipeline_meanpool,0.0086,-0.0201
gpt2-large,ds006239,Sem,ses-11,19,0.528,pair_concat,-0.01,-0.0305
gpt2-large,ds006239,Sem,ses-11,19,0.528,pair_absdiff,-0.03,0.0173
gpt2-large,ds006239,Sem,ses-11,19,0.528,pair_cos1d,-0.0037,-0.0292
gpt2-large,ds006239,Sem,ses-11,20,0.556,pipeline_meanpool,0.0102,-0.0197
gpt2-large,ds006239,Sem,ses-11,20,0.556,pair_concat,-0.0102,-0.031
gpt2-large,ds006239,Sem,ses-11,20,0.556,pair_absdiff,-0.0308,0.0171
gpt2-large,ds006239,Sem,ses-11,20,0.556,pair_cos1d,-0.0036,-0.0297
gpt2-large,ds006239,Sem,ses-11,21,0.583,pipeline_meanpool,0.0106,-0.0199
gpt2-large,ds006239,Sem,ses-11,21,0.583,pair_concat,-0.0102,-0.0312
gpt2-large,ds006239,Sem,ses-11,21,0.583,pair_absdiff,-0.0298,0.0169
gpt2-large,ds006239,Sem,ses-11,21,0.583,pair_cos1d,0.0022,-0.0252
gpt2-large,ds006239,Sem,ses-11,22,0.611,pipeline_meanpool,0.0105,-0.0193
gpt2-large,ds006239,Sem,ses-11,22,0.611,pair_concat,-0.0105,-0.0317
gpt2-large,ds006239,Sem,ses-11,22,0.611,pair_absdiff,-0.0324,0.0132
gpt2-large,ds006239,Sem,ses-11,22,0.611,pair_cos1d,-0.0016,-0.0299
gpt2-large,ds006239,Sem,ses-11,23,0.639,pipeline_meanpool,0.0108,-0.0197
gpt2-large,ds006239,Sem,ses-11,23,0.639,pair_concat,-0.0105,-0.0324
gpt2-large,ds006239,Sem,ses-11,23,0.639,pair_absdiff,-0.0301,0.0153
gpt2-large,ds006239,Sem,ses-11,23,0.639,pair_cos1d,-0.0023,-0.0311
gpt2-large,ds006239,Sem,ses-11,24,0.667,pipeline_meanpool,0.0094,-0.0218
gpt2-large,ds006239,Sem,ses-11,24,0.667,pair_concat,-0.0109,-0.0323
gpt2-large,ds006239,Sem,ses-11,24,0.667,pair_absdiff,-0.0329,0.0163
gpt2-large,ds006239,Sem,ses-11,24,0.667,pair_cos1d,0.0003,-0.0289
gpt2-large,ds006239,Sem,ses-11,25,0.694,pipeline_meanpool,0.0098,-0.0231
gpt2-large,ds006239,Sem,ses-11,25,0.694,pair_concat,-0.0103,-0.0318
gpt2-large,ds006239,Sem,ses-11,25,0.694,pair_absdiff,-0.0343,0.0186
gpt2-large,ds006239,Sem,ses-11,25,0.694,pair_cos1d,0.0032,-0.026
gpt2-large,ds006239,Sem,ses-11,26,0.722,pipeline_meanpool,0.0099,-0.0224
gpt2-large,ds006239,Sem,ses-11,26,0.722,pair_concat,-0.0103,-0.0314
gpt2-large,ds006239,Sem,ses-11,26,0.722,pair_absdiff,-0.0366,0.0142
gpt2-large,ds006239,Sem,ses-11,26,0.722,pair_cos1d,0.0015,-0.0284
gpt2-large,ds006239,Sem,ses-11,27,0.75,pipeline_meanpool,0.0109,-0.0219
gpt2-large,ds006239,Sem,ses-11,27,0.75,pair_concat,-0.0095,-0.0306
gpt2-large,ds006239,Sem,ses-11,27,0.75,pair_absdiff,-0.0382,0.0156
gpt2-large,ds006239,Sem,ses-11,27,0.75,pair_cos1d,-0.0017,-0.0331
gpt2-large,ds006239,Sem,ses-11,28,0.778,pipeline_meanpool,0.011,-0.0229
gpt2-large,ds006239,Sem,ses-11,28,0.778,pair_concat,-0.0091,-0.0309
gpt2-large,ds006239,Sem,ses-11,28,0.778,pair_absdiff,-0.0391,0.0194
gpt2-large,ds006239,Sem,ses-11,28,0.778,pair_cos1d,-0.0,-0.0323
gpt2-large,ds006239,Sem,ses-11,29,0.806,pipeline_meanpool,0.0116,-0.026
gpt2-large,ds006239,Sem,ses-11,29,0.806,pair_concat,-0.0095,-0.0315
gpt2-large,ds006239,Sem,ses-11,29,0.806,pair_absdiff,-0.0374,0.0186
gpt2-large,ds006239,Sem,ses-11,29,0.806,pair_cos1d,-0.0001,-0.0342
gpt2-large,ds006239,Sem,ses-11,30,0.833,pipeline_meanpool,0.0104,-0.0252
gpt2-large,ds006239,Sem,ses-11,30,0.833,pair_concat,-0.0088,-0.0312
gpt2-large,ds006239,Sem,ses-11,30,0.833,pair_absdiff,-0.0395,0.017
gpt2-large,ds006239,Sem,ses-11,30,0.833,pair_cos1d,0.0012,-0.0333
gpt2-large,ds006239,Sem,ses-11,31,0.861,pipeline_meanpool,0.0105,-0.0245
gpt2-large,ds006239,Sem,ses-11,31,0.861,pair_concat,-0.0091,-0.0312
gpt2-large,ds006239,Sem,ses-11,31,0.861,pair_absdiff,-0.0369,0.0231
gpt2-large,ds006239,Sem,ses-11,31,0.861,pair_cos1d,0.0011,-0.0338
gpt2-large,ds006239,Sem,ses-11,32,0.889,pipeline_meanpool,0.01,-0.027
gpt2-large,ds006239,Sem,ses-11,32,0.889,pair_concat,-0.0086,-0.0313
gpt2-large,ds006239,Sem,ses-11,32,0.889,pair_absdiff,-0.0337,0.0291
gpt2-large,ds006239,Sem,ses-11,32,0.889,pair_cos1d,0.005,-0.0312
gpt2-large,ds006239,Sem,ses-11,33,0.917,pipeline_meanpool,0.0133,-0.0254
gpt2-large,ds006239,Sem,ses-11,33,0.917,pair_concat,-0.0097,-0.0326
gpt2-large,ds006239,Sem,ses-11,33,0.917,pair_absdiff,-0.0299,0.0161
gpt2-large,ds006239,Sem,ses-11,33,0.917,pair_cos1d,0.005,-0.0354
gpt2-large,ds006239,Sem,ses-11,34,0.944,pipeline_meanpool,0.0068,-0.0189
gpt2-large,ds006239,Sem,ses-11,34,0.944,pair_concat,0.0023,-0.0305
gpt2-large,ds006239,Sem,ses-11,34,0.944,pair_absdiff,-0.02,0.0244
gpt2-large,ds006239,Sem,ses-11,34,0.944,pair_cos1d,0.0078,-0.031
gpt2-large,ds006239,Sem,ses-11,35,0.972,pipeline_meanpool,-0.0324,0.0243
gpt2-large,ds006239,Sem,ses-11,35,0.972,pair_concat,-0.0177,-0.0228
gpt2-large,ds006239,Sem,ses-11,35,0.972,pair_absdiff,-0.0173,-0.0083
gpt2-large,ds006239,Sem,ses-11,35,0.972,pair_cos1d,0.012,0.0117
gpt2-large,ds006239,Sem,ses-11,36,1.0,pipeline_meanpool,-0.0433,0.0286
gpt2-large,ds006239,Sem,ses-11,36,1.0,pair_concat,-0.036,0.0337
gpt2-large,ds006239,Sem,ses-11,36,1.0,pair_absdiff,-0.0279,0.0102
gpt2-large,ds006239,Sem,ses-11,36,1.0,pair_cos1d,-0.0375,-0.0331
gpt2-large,ds006239,SemLocal,ses-11+,0,0.0,pipeline_meanpool,0.0032,-0.0021
gpt2-large,ds006239,SemLocal,ses-11+,0,0.0,pair_concat,-0.0277,-0.0138
gpt2-large,ds006239,SemLocal,ses-11+,0,0.0,pair_absdiff,-0.0051,-0.0056
gpt2-large,ds006239,SemLocal,ses-11+,0,0.0,pair_cos1d,0.0028,-0.0014
gpt2-large,ds006239,SemLocal,ses-11+,1,0.028,pipeline_meanpool,0.0002,-0.0207
gpt2-large,ds006239,SemLocal,ses-11+,1,0.028,pair_concat,-0.0139,-0.0331
gpt2-large,ds006239,SemLocal,ses-11+,1,0.028,pair_absdiff,-0.0256,0.004
gpt2-large,ds006239,SemLocal,ses-11+,1,0.028,pair_cos1d,0.0317,0.0224
gpt2-large,ds006239,SemLocal,ses-11+,2,0.056,pipeline_meanpool,0.0029,-0.0199
gpt2-large,ds006239,SemLocal,ses-11+,2,0.056,pair_concat,-0.0175,-0.0166
gpt2-large,ds006239,SemLocal,ses-11+,2,0.056,pair_absdiff,-0.0226,-0.0033
gpt2-large,ds006239,SemLocal,ses-11+,2,0.056,pair_cos1d,0.0087,-0.0034
gpt2-large,ds006239,SemLocal,ses-11+,3,0.083,pipeline_meanpool,0.0068,-0.0038
gpt2-large,ds006239,SemLocal,ses-11+,3,0.083,pair_concat,-0.0171,-0.0114
gpt2-large,ds006239,SemLocal,ses-11+,3,0.083,pair_absdiff,-0.0237,-0.0058
gpt2-large,ds006239,SemLocal,ses-11+,3,0.083,pair_cos1d,0.0035,-0.0125
gpt2-large,ds006239,SemLocal,ses-11+,4,0.111,pipeline_meanpool,0.0134,0.011
gpt2-large,ds006239,SemLocal,ses-11+,4,0.111,pair_concat,-0.0172,-0.0053
gpt2-large,ds006239,SemLocal,ses-11+,4,0.111,pair_absdiff,-0.0089,0.0009
gpt2-large,ds006239,SemLocal,ses-11+,4,0.111,pair_cos1d,-0.0062,-0.0167
gpt2-large,ds006239,SemLocal,ses-11+,5,0.139,pipeline_meanpool,0.0146,0.0126
gpt2-large,ds006239,SemLocal,ses-11+,5,0.139,pair_concat,-0.0175,-0.0025
gpt2-large,ds006239,SemLocal,ses-11+,5,0.139,pair_absdiff,-0.0144,0.0105
gpt2-large,ds006239,SemLocal,ses-11+,5,0.139,pair_cos1d,-0.0152,-0.0194
gpt2-large,ds006239,SemLocal,ses-11+,6,0.167,pipeline_meanpool,0.0135,0.0118
gpt2-large,ds006239,SemLocal,ses-11+,6,0.167,pair_concat,-0.0124,0.0059
gpt2-large,ds006239,SemLocal,ses-11+,6,0.167,pair_absdiff,-0.0232,0.002
gpt2-large,ds006239,SemLocal,ses-11+,6,0.167,pair_cos1d,-0.004,-0.0013
gpt2-large,ds006239,SemLocal,ses-11+,7,0.194,pipeline_meanpool,0.0071,0.0157
gpt2-large,ds006239,SemLocal,ses-11+,7,0.194,pair_concat,-0.0028,0.0019
gpt2-large,ds006239,SemLocal,ses-11+,7,0.194,pair_absdiff,-0.0166,0.0127
gpt2-large,ds006239,SemLocal,ses-11+,7,0.194,pair_cos1d,0.0042,0.0141
gpt2-large,ds006239,SemLocal,ses-11+,8,0.222,pipeline_meanpool,0.0124,0.0232
gpt2-large,ds006239,SemLocal,ses-11+,8,0.222,pair_concat,-0.0042,-0.0109
gpt2-large,ds006239,SemLocal,ses-11+,8,0.222,pair_absdiff,-0.0038,0.0355
gpt2-large,ds006239,SemLocal,ses-11+,8,0.222,pair_cos1d,0.0,0.0108
gpt2-large,ds006239,SemLocal,ses-11+,9,0.25,pipeline_meanpool,0.0135,0.0257
gpt2-large,ds006239,SemLocal,ses-11+,9,0.25,pair_concat,-0.0076,-0.0169
gpt2-large,ds006239,SemLocal,ses-11+,9,0.25,pair_absdiff,-0.0157,0.0247
gpt2-large,ds006239,SemLocal,ses-11+,9,0.25,pair_cos1d,0.002,0.0126
gpt2-large,ds006239,SemLocal,ses-11+,10,0.278,pipeline_meanpool,0.0169,0.0316
gpt2-large,ds006239,SemLocal,ses-11+,10,0.278,pair_concat,-0.0097,-0.0186
gpt2-large,ds006239,SemLocal,ses-11+,10,0.278,pair_absdiff,-0.0168,0.0278
gpt2-large,ds006239,SemLocal,ses-11+,10,0.278,pair_cos1d,0.0028,0.0145
gpt2-large,ds006239,SemLocal,ses-11+,11,0.306,pipeline_meanpool,0.0169,0.0359
gpt2-large,ds006239,SemLocal,ses-11+,11,0.306,pair_concat,-0.0104,-0.0197
gpt2-large,ds006239,SemLocal,ses-11+,11,0.306,pair_absdiff,-0.0186,0.0271
gpt2-large,ds006239,SemLocal,ses-11+,11,0.306,pair_cos1d,0.0075,0.0201
gpt2-large,ds006239,SemLocal,ses-11+,12,0.333,pipeline_meanpool,0.0194,0.0402
gpt2-large,ds006239,SemLocal,ses-11+,12,0.333,pair_concat,-0.0084,-0.0178
gpt2-large,ds006239,SemLocal,ses-11+,12,0.333,pair_absdiff,-0.0196,0.0246
gpt2-large,ds006239,SemLocal,ses-11+,12,0.333,pair_cos1d,0.005,0.0204
gpt2-large,ds006239,SemLocal,ses-11+,13,0.361,pipeline_meanpool,0.0194,0.0414
gpt2-large,ds006239,SemLocal,ses-11+,13,0.361,pair_concat,-0.0071,-0.017
gpt2-large,ds006239,SemLocal,ses-11+,13,0.361,pair_absdiff,-0.021,0.0254
gpt2-large,ds006239,SemLocal,ses-11+,13,0.361,pair_cos1d,0.0028,0.017
gpt2-large,ds006239,SemLocal,ses-11+,14,0.389,pipeline_meanpool,0.02,0.0432
gpt2-large,ds006239,SemLocal,ses-11+,14,0.389,pair_concat,-0.0081,-0.0185
gpt2-large,ds006239,SemLocal,ses-11+,14,0.389,pair_absdiff,-0.0205,0.0259
gpt2-large,ds006239,SemLocal,ses-11+,14,0.389,pair_cos1d,0.0049,0.0152
gpt2-large,ds006239,SemLocal,ses-11+,15,0.417,pipeline_meanpool,0.019,0.043
gpt2-large,ds006239,SemLocal,ses-11+,15,0.417,pair_concat,-0.0075,-0.0182
gpt2-large,ds006239,SemLocal,ses-11+,15,0.417,pair_absdiff,-0.0197,0.0263
gpt2-large,ds006239,SemLocal,ses-11+,15,0.417,pair_cos1d,0.0094,0.0207
gpt2-large,ds006239,SemLocal,ses-11+,16,0.444,pipeline_meanpool,0.0182,0.0408
gpt2-large,ds006239,SemLocal,ses-11+,16,0.444,pair_concat,-0.0069,-0.0173
gpt2-large,ds006239,SemLocal,ses-11+,16,0.444,pair_absdiff,-0.0203,0.0255
gpt2-large,ds006239,SemLocal,ses-11+,16,0.444,pair_cos1d,0.0113,0.0204
gpt2-large,ds006239,SemLocal,ses-11+,17,0.472,pipeline_meanpool,0.0165,0.0389
gpt2-large,ds006239,SemLocal,ses-11+,17,0.472,pair_concat,-0.0059,-0.0157
gpt2-large,ds006239,SemLocal,ses-11+,17,0.472,pair_absdiff,-0.0189,0.0271
gpt2-large,ds006239,SemLocal,ses-11+,17,0.472,pair_cos1d,0.0091,0.0194
gpt2-large,ds006239,SemLocal,ses-11+,18,0.5,pipeline_meanpool,0.017,0.0378
gpt2-large,ds006239,SemLocal,ses-11+,18,0.5,pair_concat,-0.0048,-0.0149
gpt2-large,ds006239,SemLocal,ses-11+,18,0.5,pair_absdiff,-0.0194,0.0263
gpt2-large,ds006239,SemLocal,ses-11+,18,0.5,pair_cos1d,0.008,0.0181
gpt2-large,ds006239,SemLocal,ses-11+,19,0.528,pipeline_meanpool,0.018,0.0385
gpt2-large,ds006239,SemLocal,ses-11+,19,0.528,pair_concat,-0.0031,-0.0137
gpt2-large,ds006239,SemLocal,ses-11+,19,0.528,pair_absdiff,-0.0179,0.0279
gpt2-large,ds006239,SemLocal,ses-11+,19,0.528,pair_cos1d,0.0051,0.0139
gpt2-large,ds006239,SemLocal,ses-11+,20,0.556,pipeline_meanpool,0.0161,0.0336
gpt2-large,ds006239,SemLocal,ses-11+,20,0.556,pair_concat,-0.0035,-0.0136
gpt2-large,ds006239,SemLocal,ses-11+,20,0.556,pair_absdiff,-0.0182,0.0281
gpt2-large,ds006239,SemLocal,ses-11+,20,0.556,pair_cos1d,0.0041,0.0134
gpt2-large,ds006239,SemLocal,ses-11+,21,0.583,pipeline_meanpool,0.0153,0.0307
gpt2-large,ds006239,SemLocal,ses-11+,21,0.583,pair_concat,-0.0039,-0.0141
gpt2-large,ds006239,SemLocal,ses-11+,21,0.583,pair_absdiff,-0.0173,0.0297
gpt2-large,ds006239,SemLocal,ses-11+,21,0.583,pair_cos1d,-0.0,0.0094
gpt2-large,ds006239,SemLocal,ses-11+,22,0.611,pipeline_meanpool,0.0151,0.0279
gpt2-large,ds006239,SemLocal,ses-11+,22,0.611,pair_concat,-0.0033,-0.0136
gpt2-large,ds006239,SemLocal,ses-11+,22,0.611,pair_absdiff,-0.0169,0.03
gpt2-large,ds006239,SemLocal,ses-11+,22,0.611,pair_cos1d,0.0001,0.0056
gpt2-large,ds006239,SemLocal,ses-11+,23,0.639,pipeline_meanpool,0.0168,0.0303
gpt2-large,ds006239,SemLocal,ses-11+,23,0.639,pair_concat,-0.0023,-0.0128
gpt2-large,ds006239,SemLocal,ses-11+,23,0.639,pair_absdiff,-0.0178,0.0283
gpt2-large,ds006239,SemLocal,ses-11+,23,0.639,pair_cos1d,-0.0007,0.0052
gpt2-large,ds006239,SemLocal,ses-11+,24,0.667,pipeline_meanpool,0.0159,0.0295
gpt2-large,ds006239,SemLocal,ses-11+,24,0.667,pair_concat,-0.0007,-0.0114
gpt2-large,ds006239,SemLocal,ses-11+,24,0.667,pair_absdiff,-0.0187,0.0264
gpt2-large,ds006239,SemLocal,ses-11+,24,0.667,pair_cos1d,-0.0001,0.0048
gpt2-large,ds006239,SemLocal,ses-11+,25,0.694,pipeline_meanpool,0.0178,0.0312
gpt2-large,ds006239,SemLocal,ses-11+,25,0.694,pair_concat,-0.0004,-0.0106
gpt2-large,ds006239,SemLocal,ses-11+,25,0.694,pair_absdiff,-0.0195,0.0251
gpt2-large,ds006239,SemLocal,ses-11+,25,0.694,pair_cos1d,-0.0027,-0.0001
gpt2-large,ds006239,SemLocal,ses-11+,26,0.722,pipeline_meanpool,0.0184,0.0324
gpt2-large,ds006239,SemLocal,ses-11+,26,0.722,pair_concat,0.0001,-0.0099
gpt2-large,ds006239,SemLocal,ses-11+,26,0.722,pair_absdiff,-0.0186,0.0254
gpt2-large,ds006239,SemLocal,ses-11+,26,0.722,pair_cos1d,-0.0005,0.002
gpt2-large,ds006239,SemLocal,ses-11+,27,0.75,pipeline_meanpool,0.0181,0.0309
gpt2-large,ds006239,SemLocal,ses-11+,27,0.75,pair_concat,0.0005,-0.0092
gpt2-large,ds006239,SemLocal,ses-11+,27,0.75,pair_absdiff,-0.0189,0.0244
gpt2-large,ds006239,SemLocal,ses-11+,27,0.75,pair_cos1d,0.0009,0.0007
gpt2-large,ds006239,SemLocal,ses-11+,28,0.778,pipeline_meanpool,0.0175,0.0324
gpt2-large,ds006239,SemLocal,ses-11+,28,0.778,pair_concat,0.0009,-0.008
gpt2-large,ds006239,SemLocal,ses-11+,28,0.778,pair_absdiff,-0.0204,0.0231
gpt2-large,ds006239,SemLocal,ses-11+,28,0.778,pair_cos1d,-0.0006,-0.0015
gpt2-large,ds006239,SemLocal,ses-11+,29,0.806,pipeline_meanpool,0.0176,0.0344
gpt2-large,ds006239,SemLocal,ses-11+,29,0.806,pair_concat,0.0006,-0.0082
gpt2-large,ds006239,SemLocal,ses-11+,29,0.806,pair_absdiff,-0.0213,0.0223
gpt2-large,ds006239,SemLocal,ses-11+,29,0.806,pair_cos1d,-0.0004,-0.0035
gpt2-large,ds006239,SemLocal,ses-11+,30,0.833,pipeline_meanpool,0.0176,0.0366
gpt2-large,ds006239,SemLocal,ses-11+,30,0.833,pair_concat,0.0017,-0.006
gpt2-large,ds006239,SemLocal,ses-11+,30,0.833,pair_absdiff,-0.0209,0.0222
gpt2-large,ds006239,SemLocal,ses-11+,30,0.833,pair_cos1d,0.0031,-0.0003
gpt2-large,ds006239,SemLocal,ses-11+,31,0.861,pipeline_meanpool,0.0198,0.0417
gpt2-large,ds006239,SemLocal,ses-11+,31,0.861,pair_concat,0.0025,-0.0048
gpt2-large,ds006239,SemLocal,ses-11+,31,0.861,pair_absdiff,-0.0219,0.0208
gpt2-large,ds006239,SemLocal,ses-11+,31,0.861,pair_cos1d,0.0038,0.0007
gpt2-large,ds006239,SemLocal,ses-11+,32,0.889,pipeline_meanpool,0.0191,0.0415
gpt2-large,ds006239,SemLocal,ses-11+,32,0.889,pair_concat,0.0029,-0.0039
gpt2-large,ds006239,SemLocal,ses-11+,32,0.889,pair_absdiff,-0.0232,0.0183
gpt2-large,ds006239,SemLocal,ses-11+,32,0.889,pair_cos1d,0.004,0.0013
gpt2-large,ds006239,SemLocal,ses-11+,33,0.917,pipeline_meanpool,0.0188,0.0456
gpt2-large,ds006239,SemLocal,ses-11+,33,0.917,pair_concat,0.0035,-0.0039
gpt2-large,ds006239,SemLocal,ses-11+,33,0.917,pair_absdiff,-0.0214,0.0199
gpt2-large,ds006239,SemLocal,ses-11+,33,0.917,pair_cos1d,0.0029,0.0023
gpt2-large,ds006239,SemLocal,ses-11+,34,0.944,pipeline_meanpool,0.0165,0.0397
gpt2-large,ds006239,SemLocal,ses-11+,34,0.944,pair_concat,-0.002,0.007
gpt2-large,ds006239,SemLocal,ses-11+,34,0.944,pair_absdiff,-0.0128,0.0198
gpt2-large,ds006239,SemLocal,ses-11+,34,0.944,pair_cos1d,0.0071,0.0186
gpt2-large,ds006239,SemLocal,ses-11+,35,0.972,pipeline_meanpool,0.0233,-0.0106
gpt2-large,ds006239,SemLocal,ses-11+,35,0.972,pair_concat,-0.0052,-0.0007
gpt2-large,ds006239,SemLocal,ses-11+,35,0.972,pair_absdiff,-0.022,0.0036
gpt2-large,ds006239,SemLocal,ses-11+,35,0.972,pair_cos1d,0.012,-0.0115
gpt2-large,ds006239,SemLocal,ses-11+,36,1.0,pipeline_meanpool,0.0225,-0.0161
gpt2-large,ds006239,SemLocal,ses-11+,36,1.0,pair_concat,-0.0055,-0.0273
gpt2-large,ds006239,SemLocal,ses-11+,36,1.0,pair_absdiff,-0.0293,-0.0053
gpt2-large,ds006239,SemLocal,ses-11+,36,1.0,pair_cos1d,0.0123,0.0017
gpt2-large,ds006239,SemLocal,ses-11,0,0.0,pipeline_meanpool,0.0321,-0.0036
gpt2-large,ds006239,SemLocal,ses-11,0,0.0,pair_concat,-0.0021,0.009
gpt2-large,ds006239,SemLocal,ses-11,0,0.0,pair_absdiff,-0.0058,-0.0065
gpt2-large,ds006239,SemLocal,ses-11,0,0.0,pair_cos1d,-0.007,-0.0207
gpt2-large,ds006239,SemLocal,ses-11,1,0.028,pipeline_meanpool,-0.0032,-0.0028
gpt2-large,ds006239,SemLocal,ses-11,1,0.028,pair_concat,-0.0169,-0.0178
gpt2-large,ds006239,SemLocal,ses-11,1,0.028,pair_absdiff,0.0041,-0.0177
gpt2-large,ds006239,SemLocal,ses-11,1,0.028,pair_cos1d,0.032,0.006
gpt2-large,ds006239,SemLocal,ses-11,2,0.056,pipeline_meanpool,-0.0036,-0.0236
gpt2-large,ds006239,SemLocal,ses-11,2,0.056,pair_concat,-0.0128,-0.0038
gpt2-large,ds006239,SemLocal,ses-11,2,0.056,pair_absdiff,-0.0175,-0.0302
gpt2-large,ds006239,SemLocal,ses-11,2,0.056,pair_cos1d,0.0184,0.0114
gpt2-large,ds006239,SemLocal,ses-11,3,0.083,pipeline_meanpool,0.0042,-0.0274
gpt2-large,ds006239,SemLocal,ses-11,3,0.083,pair_concat,-0.016,-0.0053
gpt2-large,ds006239,SemLocal,ses-11,3,0.083,pair_absdiff,-0.0387,-0.0497
gpt2-large,ds006239,SemLocal,ses-11,3,0.083,pair_cos1d,0.011,0.0037
gpt2-large,ds006239,SemLocal,ses-11,4,0.111,pipeline_meanpool,0.0115,-0.0303
gpt2-large,ds006239,SemLocal,ses-11,4,0.111,pair_concat,-0.0145,-0.002
gpt2-large,ds006239,SemLocal,ses-11,4,0.111,pair_absdiff,-0.032,-0.0579
gpt2-large,ds006239,SemLocal,ses-11,4,0.111,pair_cos1d,0.0034,-0.0076
gpt2-large,ds006239,SemLocal,ses-11,5,0.139,pipeline_meanpool,0.0095,-0.0389
gpt2-large,ds006239,SemLocal,ses-11,5,0.139,pair_concat,-0.0172,-0.0006
gpt2-large,ds006239,SemLocal,ses-11,5,0.139,pair_absdiff,-0.0192,-0.0423
gpt2-large,ds006239,SemLocal,ses-11,5,0.139,pair_cos1d,-0.0006,-0.0156
gpt2-large,ds006239,SemLocal,ses-11,6,0.167,pipeline_meanpool,0.0066,-0.0283
gpt2-large,ds006239,SemLocal,ses-11,6,0.167,pair_concat,-0.0176,0.003
gpt2-large,ds006239,SemLocal,ses-11,6,0.167,pair_absdiff,-0.0181,-0.0242
gpt2-large,ds006239,SemLocal,ses-11,6,0.167,pair_cos1d,0.005,-0.0075
gpt2-large,ds006239,SemLocal,ses-11,7,0.194,pipeline_meanpool,-0.0052,-0.0208
gpt2-large,ds006239,SemLocal,ses-11,7,0.194,pair_concat,-0.0146,0.0027
gpt2-large,ds006239,SemLocal,ses-11,7,0.194,pair_absdiff,-0.0067,-0.0163
gpt2-large,ds006239,SemLocal,ses-11,7,0.194,pair_cos1d,0.0169,0.0037
gpt2-large,ds006239,SemLocal,ses-11,8,0.222,pipeline_meanpool,-0.008,-0.0091
gpt2-large,ds006239,SemLocal,ses-11,8,0.222,pair_concat,-0.0152,0.0019
gpt2-large,ds006239,SemLocal,ses-11,8,0.222,pair_absdiff,0.0077,0.0016
gpt2-large,ds006239,SemLocal,ses-11,8,0.222,pair_cos1d,0.0213,0.0113
gpt2-large,ds006239,SemLocal,ses-11,9,0.25,pipeline_meanpool,-0.0092,-0.0102
gpt2-large,ds006239,SemLocal,ses-11,9,0.25,pair_concat,-0.0088,0.0091
gpt2-large,ds006239,SemLocal,ses-11,9,0.25,pair_absdiff,0.0193,-0.0146
gpt2-large,ds006239,SemLocal,ses-11,9,0.25,pair_cos1d,0.0239,0.0137
gpt2-large,ds006239,SemLocal,ses-11,10,0.278,pipeline_meanpool,-0.0095,-0.0054
gpt2-large,ds006239,SemLocal,ses-11,10,0.278,pair_concat,-0.0111,0.0079
gpt2-large,ds006239,SemLocal,ses-11,10,0.278,pair_absdiff,0.0111,-0.0158
gpt2-large,ds006239,SemLocal,ses-11,10,0.278,pair_cos1d,0.0229,0.0147
gpt2-large,ds006239,SemLocal,ses-11,11,0.306,pipeline_meanpool,-0.0083,-0.0072
gpt2-large,ds006239,SemLocal,ses-11,11,0.306,pair_concat,-0.0107,0.0084
gpt2-large,ds006239,SemLocal,ses-11,11,0.306,pair_absdiff,0.008,-0.0186
gpt2-large,ds006239,SemLocal,ses-11,11,0.306,pair_cos1d,0.0303,0.0199
gpt2-large,ds006239,SemLocal,ses-11,12,0.333,pipeline_meanpool,-0.0058,-0.0071
gpt2-large,ds006239,SemLocal,ses-11,12,0.333,pair_concat,-0.0092,0.0104
gpt2-large,ds006239,SemLocal,ses-11,12,0.333,pair_absdiff,0.005,-0.0218
gpt2-large,ds006239,SemLocal,ses-11,12,0.333,pair_cos1d,0.0316,0.0212
gpt2-large,ds006239,SemLocal,ses-11,13,0.361,pipeline_meanpool,-0.0063,-0.0064
gpt2-large,ds006239,SemLocal,ses-11,13,0.361,pair_concat,-0.0095,0.0104
gpt2-large,ds006239,SemLocal,ses-11,13,0.361,pair_absdiff,0.004,-0.0176
gpt2-large,ds006239,SemLocal,ses-11,13,0.361,pair_cos1d,0.0312,0.0193
gpt2-large,ds006239,SemLocal,ses-11,14,0.389,pipeline_meanpool,-0.0061,-0.0032
gpt2-large,ds006239,SemLocal,ses-11,14,0.389,pair_concat,-0.0109,0.0094
gpt2-large,ds006239,SemLocal,ses-11,14,0.389,pair_absdiff,0.0024,-0.0164
gpt2-large,ds006239,SemLocal,ses-11,14,0.389,pair_cos1d,0.0403,0.026
gpt2-large,ds006239,SemLocal,ses-11,15,0.417,pipeline_meanpool,-0.0051,-0.0004
gpt2-large,ds006239,SemLocal,ses-11,15,0.417,pair_concat,-0.0106,0.0097
gpt2-large,ds006239,SemLocal,ses-11,15,0.417,pair_absdiff,0.0026,-0.0167
gpt2-large,ds006239,SemLocal,ses-11,15,0.417,pair_cos1d,0.0415,0.0286
gpt2-large,ds006239,SemLocal,ses-11,16,0.444,pipeline_meanpool,-0.0043,0.0013
gpt2-large,ds006239,SemLocal,ses-11,16,0.444,pair_concat,-0.0106,0.0097
gpt2-large,ds006239,SemLocal,ses-11,16,0.444,pair_absdiff,0.002,-0.0174
gpt2-large,ds006239,SemLocal,ses-11,16,0.444,pair_cos1d,0.045,0.034
gpt2-large,ds006239,SemLocal,ses-11,17,0.472,pipeline_meanpool,-0.0025,-0.0002
gpt2-large,ds006239,SemLocal,ses-11,17,0.472,pair_concat,-0.0102,0.0106
gpt2-large,ds006239,SemLocal,ses-11,17,0.472,pair_absdiff,0.0024,-0.018
gpt2-large,ds006239,SemLocal,ses-11,17,0.472,pair_cos1d,0.0436,0.0297
gpt2-large,ds006239,SemLocal,ses-11,18,0.5,pipeline_meanpool,-0.0005,0.0019
gpt2-large,ds006239,SemLocal,ses-11,18,0.5,pair_concat,-0.0095,0.0119
gpt2-large,ds006239,SemLocal,ses-11,18,0.5,pair_absdiff,0.003,-0.0185
gpt2-large,ds006239,SemLocal,ses-11,18,0.5,pair_cos1d,0.0387,0.0263
gpt2-large,ds006239,SemLocal,ses-11,19,0.528,pipeline_meanpool,-0.0003,0.0008
gpt2-large,ds006239,SemLocal,ses-11,19,0.528,pair_concat,-0.0082,0.0131
gpt2-large,ds006239,SemLocal,ses-11,19,0.528,pair_absdiff,0.0041,-0.0174
gpt2-large,ds006239,SemLocal,ses-11,19,0.528,pair_cos1d,0.0384,0.0265
gpt2-large,ds006239,SemLocal,ses-11,20,0.556,pipeline_meanpool,-0.0031,0.0004
gpt2-large,ds006239,SemLocal,ses-11,20,0.556,pair_concat,-0.0092,0.0126
gpt2-large,ds006239,SemLocal,ses-11,20,0.556,pair_absdiff,0.0049,-0.017
gpt2-large,ds006239,SemLocal,ses-11,20,0.556,pair_cos1d,0.038,0.0275
gpt2-large,ds006239,SemLocal,ses-11,21,0.583,pipeline_meanpool,-0.0045,-0.0009
gpt2-large,ds006239,SemLocal,ses-11,21,0.583,pair_concat,-0.0099,0.0118
gpt2-large,ds006239,SemLocal,ses-11,21,0.583,pair_absdiff,0.0049,-0.0163
gpt2-large,ds006239,SemLocal,ses-11,21,0.583,pair_cos1d,0.0357,0.0256
gpt2-large,ds006239,SemLocal,ses-11,22,0.611,pipeline_meanpool,-0.0066,-0.0017
gpt2-large,ds006239,SemLocal,ses-11,22,0.611,pair_concat,-0.0101,0.012
gpt2-large,ds006239,SemLocal,ses-11,22,0.611,pair_absdiff,0.0041,-0.017
gpt2-large,ds006239,SemLocal,ses-11,22,0.611,pair_cos1d,0.0318,0.0223
gpt2-large,ds006239,SemLocal,ses-11,23,0.639,pipeline_meanpool,-0.0045,0.0
gpt2-large,ds006239,SemLocal,ses-11,23,0.639,pair_concat,-0.0091,0.0131
gpt2-large,ds006239,SemLocal,ses-11,23,0.639,pair_absdiff,0.0043,-0.0173
gpt2-large,ds006239,SemLocal,ses-11,23,0.639,pair_cos1d,0.0253,0.0187
gpt2-large,ds006239,SemLocal,ses-11,24,0.667,pipeline_meanpool,-0.0044,0.0024
gpt2-large,ds006239,SemLocal,ses-11,24,0.667,pair_concat,-0.0091,0.0131
gpt2-large,ds006239,SemLocal,ses-11,24,0.667,pair_absdiff,0.0037,-0.018
gpt2-large,ds006239,SemLocal,ses-11,24,0.667,pair_cos1d,0.0198,0.0158
gpt2-large,ds006239,SemLocal,ses-11,25,0.694,pipeline_meanpool,-0.0021,0.008
gpt2-large,ds006239,SemLocal,ses-11,25,0.694,pair_concat,-0.0099,0.0129
gpt2-large,ds006239,SemLocal,ses-11,25,0.694,pair_absdiff,0.0031,-0.0185
gpt2-large,ds006239,SemLocal,ses-11,25,0.694,pair_cos1d,0.015,0.0162
gpt2-large,ds006239,SemLocal,ses-11,26,0.722,pipeline_meanpool,0.0007,0.0114
gpt2-large,ds006239,SemLocal,ses-11,26,0.722,pair_concat,-0.0103,0.0129
gpt2-large,ds006239,SemLocal,ses-11,26,0.722,pair_absdiff,0.0042,-0.0178
gpt2-large,ds006239,SemLocal,ses-11,26,0.722,pair_cos1d,0.018,0.022
gpt2-large,ds006239,SemLocal,ses-11,27,0.75,pipeline_meanpool,0.0003,0.0119
gpt2-large,ds006239,SemLocal,ses-11,27,0.75,pair_concat,-0.0098,0.0138
gpt2-large,ds006239,SemLocal,ses-11,27,0.75,pair_absdiff,0.0052,-0.017
gpt2-large,ds006239,SemLocal,ses-11,27,0.75,pair_cos1d,0.0133,0.0181
gpt2-large,ds006239,SemLocal,ses-11,28,0.778,pipeline_meanpool,0.0015,0.0143
gpt2-large,ds006239,SemLocal,ses-11,28,0.778,pair_concat,-0.0105,0.0137
gpt2-large,ds006239,SemLocal,ses-11,28,0.778,pair_absdiff,0.0048,-0.0168
gpt2-large,ds006239,SemLocal,ses-11,28,0.778,pair_cos1d,0.0121,0.0197
gpt2-large,ds006239,SemLocal,ses-11,29,0.806,pipeline_meanpool,0.0014,0.0164
gpt2-large,ds006239,SemLocal,ses-11,29,0.806,pair_concat,-0.0112,0.0139
gpt2-large,ds006239,SemLocal,ses-11,29,0.806,pair_absdiff,0.0049,-0.0164
gpt2-large,ds006239,SemLocal,ses-11,29,0.806,pair_cos1d,0.0099,0.0206
gpt2-large,ds006239,SemLocal,ses-11,30,0.833,pipeline_meanpool,0.0022,0.0183
gpt2-large,ds006239,SemLocal,ses-11,30,0.833,pair_concat,-0.0107,0.0148
gpt2-large,ds006239,SemLocal,ses-11,30,0.833,pair_absdiff,0.0065,-0.0154
gpt2-large,ds006239,SemLocal,ses-11,30,0.833,pair_cos1d,0.0161,0.0271
gpt2-large,ds006239,SemLocal,ses-11,31,0.861,pipeline_meanpool,0.0041,0.0211
gpt2-large,ds006239,SemLocal,ses-11,31,0.861,pair_concat,-0.009,0.0171
gpt2-large,ds006239,SemLocal,ses-11,31,0.861,pair_absdiff,0.004,-0.0164
gpt2-large,ds006239,SemLocal,ses-11,31,0.861,pair_cos1d,0.0157,0.0265
gpt2-large,ds006239,SemLocal,ses-11,32,0.889,pipeline_meanpool,0.0056,0.023
gpt2-large,ds006239,SemLocal,ses-11,32,0.889,pair_concat,-0.0105,0.0169
gpt2-large,ds006239,SemLocal,ses-11,32,0.889,pair_absdiff,0.0044,-0.0163
gpt2-large,ds006239,SemLocal,ses-11,32,0.889,pair_cos1d,0.0178,0.0291
gpt2-large,ds006239,SemLocal,ses-11,33,0.917,pipeline_meanpool,0.0094,0.0247
gpt2-large,ds006239,SemLocal,ses-11,33,0.917,pair_concat,-0.0097,0.0187
gpt2-large,ds006239,SemLocal,ses-11,33,0.917,pair_absdiff,0.0067,-0.021
gpt2-large,ds006239,SemLocal,ses-11,33,0.917,pair_cos1d,0.0189,0.0304
gpt2-large,ds006239,SemLocal,ses-11,34,0.944,pipeline_meanpool,0.0108,0.0177
gpt2-large,ds006239,SemLocal,ses-11,34,0.944,pair_concat,-0.0121,0.021
gpt2-large,ds006239,SemLocal,ses-11,34,0.944,pair_absdiff,0.0115,-0.0201
gpt2-large,ds006239,SemLocal,ses-11,34,0.944,pair_cos1d,0.0228,0.0374
gpt2-large,ds006239,SemLocal,ses-11,35,0.972,pipeline_meanpool,0.0116,-0.0035
gpt2-large,ds006239,SemLocal,ses-11,35,0.972,pair_concat,0.0033,0.0274
gpt2-large,ds006239,SemLocal,ses-11,35,0.972,pair_absdiff,-0.0236,-0.0067
gpt2-large,ds006239,SemLocal,ses-11,35,0.972,pair_cos1d,0.0171,0.0103
gpt2-large,ds006239,SemLocal,ses-11,36,1.0,pipeline_meanpool,0.0276,-0.0158
gpt2-large,ds006239,SemLocal,ses-11,36,1.0,pair_concat,-0.0039,-0.0451
gpt2-large,ds006239,SemLocal,ses-11,36,1.0,pair_absdiff,-0.0204,-0.033
gpt2-large,ds006239,SemLocal,ses-11,36,1.0,pair_cos1d,-0.0052,-0.05
EleutherAI/pythia-410m,ds002236,Phon,ses-11+,0,0.0,pipeline_meanpool,0.0296,0.0223
EleutherAI/pythia-410m,ds002236,Phon,ses-11+,0,0.0,pair_concat,0.0212,-0.0012
EleutherAI/pythia-410m,ds002236,Phon,ses-11+,0,0.0,pair_absdiff,0.0075,-0.0029
EleutherAI/pythia-410m,ds002236,Phon,ses-11+,0,0.0,pair_cos1d,0.0171,-0.0037
EleutherAI/pythia-410m,ds002236,Phon,ses-11+,1,0.042,pipeline_meanpool,0.0201,0.0201
EleutherAI/pythia-410m,ds002236,Phon,ses-11+,1,0.042,pair_concat,0.0119,-0.0116
EleutherAI/pythia-410m,ds002236,Phon,ses-11+,1,0.042,pair_absdiff,0.0118,-0.0047
EleutherAI/pythia-410m,ds002236,Phon,ses-11+,1,0.042,pair_cos1d,-0.0165,-0.0185
EleutherAI/pythia-410m,ds002236,Phon,ses-11+,2,0.083,pipeline_meanpool,0.0338,0.0159
EleutherAI/pythia-410m,ds002236,Phon,ses-11+,2,0.083,pair_concat,0.0079,-0.0157
EleutherAI/pythia-410m,ds002236,Phon,ses-11+,2,0.083,pair_absdiff,0.0111,0.0048
EleutherAI/pythia-410m,ds002236,Phon,ses-11+,2,0.083,pair_cos1d,0.001,-0.024
EleutherAI/pythia-410m,ds002236,Phon,ses-11+,3,0.125,pipeline_meanpool,0.0403,0.0086
EleutherAI/pythia-410m,ds002236,Phon,ses-11+,3,0.125,pair_concat,-0.0051,-0.0183
EleutherAI/pythia-410m,ds002236,Phon,ses-11+,3,0.125,pair_absdiff,0.0538,0.0013
EleutherAI/pythia-410m,ds002236,Phon,ses-11+,3,0.125,pair_cos1d,-0.0059,-0.0322
EleutherAI/pythia-410m,ds002236,Phon,ses-11+,4,0.167,pipeline_meanpool,0.0243,-0.0082
EleutherAI/pythia-410m,ds002236,Phon,ses-11+,4,0.167,pair_concat,-0.037,-0.0293
EleutherAI/pythia-410m,ds002236,Phon,ses-11+,4,0.167,pair_absdiff,0.0582,-0.0017
EleutherAI/pythia-410m,ds002236,Phon,ses-11+,4,0.167,pair_cos1d,0.0255,-0.0147
EleutherAI/pythia-410m,ds002236,Phon,ses-11+,5,0.208,pipeline_meanpool,0.0213,-0.0189
EleutherAI/pythia-410m,ds002236,Phon,ses-11+,5,0.208,pair_concat,-0.0391,-0.0243
EleutherAI/pythia-410m,ds002236,Phon,ses-11+,5,0.208,pair_absdiff,0.0296,-0.0064
EleutherAI/pythia-410m,ds002236,Phon,ses-11+,5,0.208,pair_cos1d,-0.0033,-0.0139
EleutherAI/pythia-410m,ds002236,Phon,ses-11+,6,0.25,pipeline_meanpool,0.0083,-0.0138
EleutherAI/pythia-410m,ds002236,Phon,ses-11+,6,0.25,pair_concat,-0.0476,-0.0215
EleutherAI/pythia-410m,ds002236,Phon,ses-11+,6,0.25,pair_absdiff,0.0411,-0.0061
EleutherAI/pythia-410m,ds002236,Phon,ses-11+,6,0.25,pair_cos1d,-0.0116,-0.0164
EleutherAI/pythia-410m,ds002236,Phon,ses-11+,7,0.292,pipeline_meanpool,0.0007,-0.0152
EleutherAI/pythia-410m,ds002236,Phon,ses-11+,7,0.292,pair_concat,-0.0465,-0.0215
EleutherAI/pythia-410m,ds002236,Phon,ses-11+,7,0.292,pair_absdiff,0.0426,-0.007
EleutherAI/pythia-410m,ds002236,Phon,ses-11+,7,0.292,pair_cos1d,-0.0176,-0.0184
EleutherAI/pythia-410m,ds002236,Phon,ses-11+,8,0.333,pipeline_meanpool,0.0037,-0.0118
EleutherAI/pythia-410m,ds002236,Phon,ses-11+,8,0.333,pair_concat,-0.0457,-0.0214
EleutherAI/pythia-410m,ds002236,Phon,ses-11+,8,0.333,pair_absdiff,0.0366,-0.0082
EleutherAI/pythia-410m,ds002236,Phon,ses-11+,8,0.333,pair_cos1d,-0.0174,-0.0179
EleutherAI/pythia-410m,ds002236,Phon,ses-11+,9,0.375,pipeline_meanpool,-0.0093,-0.0149
EleutherAI/pythia-410m,ds002236,Phon,ses-11+,9,0.375,pair_concat,-0.0448,-0.021
EleutherAI/pythia-410m,ds002236,Phon,ses-11+,9,0.375,pair_absdiff,0.0405,-0.006
EleutherAI/pythia-410m,ds002236,Phon,ses-11+,9,0.375,pair_cos1d,-0.0207,-0.0169
EleutherAI/pythia-410m,ds002236,Phon,ses-11+,10,0.417,pipeline_meanpool,-0.005,-0.0145
EleutherAI/pythia-410m,ds002236,Phon,ses-11+,10,0.417,pair_concat,-0.0444,-0.0211
EleutherAI/pythia-410m,ds002236,Phon,ses-11+,10,0.417,pair_absdiff,0.0384,-0.0074
EleutherAI/pythia-410m,ds002236,Phon,ses-11+,10,0.417,pair_cos1d,-0.0201,-0.017
EleutherAI/pythia-410m,ds002236,Phon,ses-11+,11,0.458,pipeline_meanpool,-0.0025,-0.0143
EleutherAI/pythia-410m,ds002236,Phon,ses-11+,11,0.458,pair_concat,-0.0446,-0.0212
EleutherAI/pythia-410m,ds002236,Phon,ses-11+,11,0.458,pair_absdiff,0.0411,-0.0073
EleutherAI/pythia-410m,ds002236,Phon,ses-11+,11,0.458,pair_cos1d,-0.0205,-0.0181
EleutherAI/pythia-410m,ds002236,Phon,ses-11+,12,0.5,pipeline_meanpool,0.008,-0.0096
EleutherAI/pythia-410m,ds002236,Phon,ses-11+,12,0.5,pair_concat,-0.0436,-0.0214
EleutherAI/pythia-410m,ds002236,Phon,ses-11+,12,0.5,pair_absdiff,0.0422,-0.0069
EleutherAI/pythia-410m,ds002236,Phon,ses-11+,12,0.5,pair_cos1d,-0.0222,-0.0198
EleutherAI/pythia-410m,ds002236,Phon,ses-11+,13,0.542,pipeline_meanpool,0.0136,-0.0084
EleutherAI/pythia-410m,ds002236,Phon,ses-11+,13,0.542,pair_concat,-0.0441,-0.0215
EleutherAI/pythia-410m,ds002236,Phon,ses-11+,13,0.542,pair_absdiff,0.0448,-0.0057
EleutherAI/pythia-410m,ds002236,Phon,ses-11+,13,0.542,pair_cos1d,-0.0231,-0.0233
EleutherAI/pythia-410m,ds002236,Phon,ses-11+,14,0.583,pipeline_meanpool,0.0191,-0.0044
EleutherAI/pythia-410m,ds002236,Phon,ses-11+,14,0.583,pair_concat,-0.0442,-0.0222
EleutherAI/pythia-410m,ds002236,Phon,ses-11+,14,0.583,pair_absdiff,0.0462,-0.0053
EleutherAI/pythia-410m,ds002236,Phon,ses-11+,14,0.583,pair_cos1d,-0.0225,-0.0186
EleutherAI/pythia-410m,ds002236,Phon,ses-11+,15,0.625,pipeline_meanpool,0.0204,-0.0027
EleutherAI/pythia-410m,ds002236,Phon,ses-11+,15,0.625,pair_concat,-0.0437,-0.0218
EleutherAI/pythia-410m,ds002236,Phon,ses-11+,15,0.625,pair_absdiff,0.0454,-0.0064
EleutherAI/pythia-410m,ds002236,Phon,ses-11+,15,0.625,pair_cos1d,-0.018,-0.0176
EleutherAI/pythia-410m,ds002236,Phon,ses-11+,16,0.667,pipeline_meanpool,0.0253,-0.001
EleutherAI/pythia-410m,ds002236,Phon,ses-11+,16,0.667,pair_concat,-0.0439,-0.0222
EleutherAI/pythia-410m,ds002236,Phon,ses-11+,16,0.667,pair_absdiff,0.0476,-0.0057
EleutherAI/pythia-410m,ds002236,Phon,ses-11+,16,0.667,pair_cos1d,-0.0185,-0.0177
EleutherAI/pythia-410m,ds002236,Phon,ses-11+,17,0.708,pipeline_meanpool,0.0317,0.0034
EleutherAI/pythia-410m,ds002236,Phon,ses-11+,17,0.708,pair_concat,-0.0434,-0.0219
EleutherAI/pythia-410m,ds002236,Phon,ses-11+,17,0.708,pair_absdiff,0.0465,-0.0059
EleutherAI/pythia-410m,ds002236,Phon,ses-11+,17,0.708,pair_cos1d,-0.021,-0.0202
EleutherAI/pythia-410m,ds002236,Phon,ses-11+,18,0.75,pipeline_meanpool,0.0269,0.0067
EleutherAI/pythia-410m,ds002236,Phon,ses-11+,18,0.75,pair_concat,-0.0433,-0.0214
EleutherAI/pythia-410m,ds002236,Phon,ses-11+,18,0.75,pair_absdiff,0.0472,-0.0056
EleutherAI/pythia-410m,ds002236,Phon,ses-11+,18,0.75,pair_cos1d,-0.0312,-0.0222
EleutherAI/pythia-410m,ds002236,Phon,ses-11+,19,0.792,pipeline_meanpool,0.0209,0.0091
EleutherAI/pythia-410m,ds002236,Phon,ses-11+,19,0.792,pair_concat,-0.0428,-0.0209
EleutherAI/pythia-410m,ds002236,Phon,ses-11+,19,0.792,pair_absdiff,0.0477,-0.0045
EleutherAI/pythia-410m,ds002236,Phon,ses-11+,19,0.792,pair_cos1d,-0.0324,-0.0238
EleutherAI/pythia-410m,ds002236,Phon,ses-11+,20,0.833,pipeline_meanpool,0.0173,0.0095
EleutherAI/pythia-410m,ds002236,Phon,ses-11+,20,0.833,pair_concat,-0.0433,-0.0207
EleutherAI/pythia-410m,ds002236,Phon,ses-11+,20,0.833,pair_absdiff,0.0452,-0.0055
EleutherAI/pythia-410m,ds002236,Phon,ses-11+,20,0.833,pair_cos1d,-0.0332,-0.0232
EleutherAI/pythia-410m,ds002236,Phon,ses-11+,21,0.875,pipeline_meanpool,0.0145,0.0095
EleutherAI/pythia-410m,ds002236,Phon,ses-11+,21,0.875,pair_concat,-0.0435,-0.0203
EleutherAI/pythia-410m,ds002236,Phon,ses-11+,21,0.875,pair_absdiff,0.0406,-0.0059
EleutherAI/pythia-410m,ds002236,Phon,ses-11+,21,0.875,pair_cos1d,-0.0379,-0.0258
EleutherAI/pythia-410m,ds002236,Phon,ses-11+,22,0.917,pipeline_meanpool,0.0052,0.0078
EleutherAI/pythia-410m,ds002236,Phon,ses-11+,22,0.917,pair_concat,-0.0444,-0.0202
EleutherAI/pythia-410m,ds002236,Phon,ses-11+,22,0.917,pair_absdiff,0.0391,-0.0075
EleutherAI/pythia-410m,ds002236,Phon,ses-11+,22,0.917,pair_cos1d,-0.0401,-0.0273
EleutherAI/pythia-410m,ds002236,Phon,ses-11+,23,0.958,pipeline_meanpool,0.0049,0.0057
EleutherAI/pythia-410m,ds002236,Phon,ses-11+,23,0.958,pair_concat,-0.0457,-0.0202
EleutherAI/pythia-410m,ds002236,Phon,ses-11+,23,0.958,pair_absdiff,0.0331,-0.009
EleutherAI/pythia-410m,ds002236,Phon,ses-11+,23,0.958,pair_cos1d,-0.0366,-0.0302
EleutherAI/pythia-410m,ds002236,Phon,ses-11+,24,1.0,pipeline_meanpool,0.0416,0.0134
EleutherAI/pythia-410m,ds002236,Phon,ses-11+,24,1.0,pair_concat,0.0121,-0.0057
EleutherAI/pythia-410m,ds002236,Phon,ses-11+,24,1.0,pair_absdiff,0.0059,0.0023
EleutherAI/pythia-410m,ds002236,Phon,ses-11+,24,1.0,pair_cos1d,-0.0066,-0.0087
EleutherAI/pythia-410m,ds002236,Phon,ses-11,0,0.0,pipeline_meanpool,0.0144,-0.0016
EleutherAI/pythia-410m,ds002236,Phon,ses-11,0,0.0,pair_concat,0.0337,0.0121
EleutherAI/pythia-410m,ds002236,Phon,ses-11,0,0.0,pair_absdiff,-0.0172,-0.0146
EleutherAI/pythia-410m,ds002236,Phon,ses-11,0,0.0,pair_cos1d,0.0212,0.0035
EleutherAI/pythia-410m,ds002236,Phon,ses-11,1,0.042,pipeline_meanpool,0.0021,0.0271
EleutherAI/pythia-410m,ds002236,Phon,ses-11,1,0.042,pair_concat,0.0107,0.0189
EleutherAI/pythia-410m,ds002236,Phon,ses-11,1,0.042,pair_absdiff,0.0112,-0.0128
EleutherAI/pythia-410m,ds002236,Phon,ses-11,1,0.042,pair_cos1d,-0.0037,0.0069
EleutherAI/pythia-410m,ds002236,Phon,ses-11,2,0.083,pipeline_meanpool,0.0137,0.0263
EleutherAI/pythia-410m,ds002236,Phon,ses-11,2,0.083,pair_concat,0.0075,-0.0034
EleutherAI/pythia-410m,ds002236,Phon,ses-11,2,0.083,pair_absdiff,0.0067,0.012
EleutherAI/pythia-410m,ds002236,Phon,ses-11,2,0.083,pair_cos1d,0.0091,-0.0024
EleutherAI/pythia-410m,ds002236,Phon,ses-11,3,0.125,pipeline_meanpool,0.0181,0.0184
EleutherAI/pythia-410m,ds002236,Phon,ses-11,3,0.125,pair_concat,-0.0038,-0.0028
EleutherAI/pythia-410m,ds002236,Phon,ses-11,3,0.125,pair_absdiff,0.0282,0.0013
EleutherAI/pythia-410m,ds002236,Phon,ses-11,3,0.125,pair_cos1d,0.0043,-0.0112
EleutherAI/pythia-410m,ds002236,Phon,ses-11,4,0.167,pipeline_meanpool,0.0181,0.0044
EleutherAI/pythia-410m,ds002236,Phon,ses-11,4,0.167,pair_concat,-0.0405,-0.0172
EleutherAI/pythia-410m,ds002236,Phon,ses-11,4,0.167,pair_absdiff,0.0434,-0.0084
EleutherAI/pythia-410m,ds002236,Phon,ses-11,4,0.167,pair_cos1d,0.0558,-0.0027
EleutherAI/pythia-410m,ds002236,Phon,ses-11,5,0.208,pipeline_meanpool,0.0334,-0.0027
EleutherAI/pythia-410m,ds002236,Phon,ses-11,5,0.208,pair_concat,-0.04,-0.0161
EleutherAI/pythia-410m,ds002236,Phon,ses-11,5,0.208,pair_absdiff,0.0383,-0.0138
EleutherAI/pythia-410m,ds002236,Phon,ses-11,5,0.208,pair_cos1d,0.0064,-0.0265
EleutherAI/pythia-410m,ds002236,Phon,ses-11,6,0.25,pipeline_meanpool,0.0093,0.0058
EleutherAI/pythia-410m,ds002236,Phon,ses-11,6,0.25,pair_concat,-0.0493,-0.0257
EleutherAI/pythia-410m,ds002236,Phon,ses-11,6,0.25,pair_absdiff,0.0407,0.0216
EleutherAI/pythia-410m,ds002236,Phon,ses-11,6,0.25,pair_cos1d,-0.0064,-0.0234
EleutherAI/pythia-410m,ds002236,Phon,ses-11,7,0.292,pipeline_meanpool,0.0037,0.0039
EleutherAI/pythia-410m,ds002236,Phon,ses-11,7,0.292,pair_concat,-0.0488,-0.0274
EleutherAI/pythia-410m,ds002236,Phon,ses-11,7,0.292,pair_absdiff,0.0397,0.017
EleutherAI/pythia-410m,ds002236,Phon,ses-11,7,0.292,pair_cos1d,-0.0156,-0.0284
EleutherAI/pythia-410m,ds002236,Phon,ses-11,8,0.333,pipeline_meanpool,0.0054,0.0049
EleutherAI/pythia-410m,ds002236,Phon,ses-11,8,0.333,pair_concat,-0.0483,-0.0281
EleutherAI/pythia-410m,ds002236,Phon,ses-11,8,0.333,pair_absdiff,0.0345,0.0144
EleutherAI/pythia-410m,ds002236,Phon,ses-11,8,0.333,pair_cos1d,-0.0145,-0.0281
EleutherAI/pythia-410m,ds002236,Phon,ses-11,9,0.375,pipeline_meanpool,-0.0056,0.002
EleutherAI/pythia-410m,ds002236,Phon,ses-11,9,0.375,pair_concat,-0.0472,-0.0277
EleutherAI/pythia-410m,ds002236,Phon,ses-11,9,0.375,pair_absdiff,0.0373,0.0152
EleutherAI/pythia-410m,ds002236,Phon,ses-11,9,0.375,pair_cos1d,-0.019,-0.0282
EleutherAI/pythia-410m,ds002236,Phon,ses-11,10,0.417,pipeline_meanpool,-0.0005,0.0024
EleutherAI/pythia-410m,ds002236,Phon,ses-11,10,0.417,pair_concat,-0.0462,-0.0275
EleutherAI/pythia-410m,ds002236,Phon,ses-11,10,0.417,pair_absdiff,0.0369,0.0156
EleutherAI/pythia-410m,ds002236,Phon,ses-11,10,0.417,pair_cos1d,-0.0213,-0.0297
EleutherAI/pythia-410m,ds002236,Phon,ses-11,11,0.458,pipeline_meanpool,0.0004,0.0023
EleutherAI/pythia-410m,ds002236,Phon,ses-11,11,0.458,pair_concat,-0.0464,-0.0276
EleutherAI/pythia-410m,ds002236,Phon,ses-11,11,0.458,pair_absdiff,0.0396,0.016
EleutherAI/pythia-410m,ds002236,Phon,ses-11,11,0.458,pair_cos1d,-0.02,-0.0288
EleutherAI/pythia-410m,ds002236,Phon,ses-11,12,0.5,pipeline_meanpool,0.0099,0.0035
EleutherAI/pythia-410m,ds002236,Phon,ses-11,12,0.5,pair_concat,-0.0454,-0.0271
EleutherAI/pythia-410m,ds002236,Phon,ses-11,12,0.5,pair_absdiff,0.0399,0.0165
EleutherAI/pythia-410m,ds002236,Phon,ses-11,12,0.5,pair_cos1d,-0.0217,-0.0297
EleutherAI/pythia-410m,ds002236,Phon,ses-11,13,0.542,pipeline_meanpool,0.0156,0.0032
EleutherAI/pythia-410m,ds002236,Phon,ses-11,13,0.542,pair_concat,-0.0459,-0.0268
EleutherAI/pythia-410m,ds002236,Phon,ses-11,13,0.542,pair_absdiff,0.0422,0.0183
EleutherAI/pythia-410m,ds002236,Phon,ses-11,13,0.542,pair_cos1d,-0.0214,-0.0312
EleutherAI/pythia-410m,ds002236,Phon,ses-11,14,0.583,pipeline_meanpool,0.0196,0.0042
EleutherAI/pythia-410m,ds002236,Phon,ses-11,14,0.583,pair_concat,-0.0462,-0.0273
EleutherAI/pythia-410m,ds002236,Phon,ses-11,14,0.583,pair_absdiff,0.0431,0.0181
EleutherAI/pythia-410m,ds002236,Phon,ses-11,14,0.583,pair_cos1d,-0.0251,-0.0346
EleutherAI/pythia-410m,ds002236,Phon,ses-11,15,0.625,pipeline_meanpool,0.0216,0.0027
EleutherAI/pythia-410m,ds002236,Phon,ses-11,15,0.625,pair_concat,-0.0456,-0.0268
EleutherAI/pythia-410m,ds002236,Phon,ses-11,15,0.625,pair_absdiff,0.0433,0.0192
EleutherAI/pythia-410m,ds002236,Phon,ses-11,15,0.625,pair_cos1d,-0.0204,-0.0342
EleutherAI/pythia-410m,ds002236,Phon,ses-11,16,0.667,pipeline_meanpool,0.0234,0.0031
EleutherAI/pythia-410m,ds002236,Phon,ses-11,16,0.667,pair_concat,-0.0459,-0.0274
EleutherAI/pythia-410m,ds002236,Phon,ses-11,16,0.667,pair_absdiff,0.0457,0.0206
EleutherAI/pythia-410m,ds002236,Phon,ses-11,16,0.667,pair_cos1d,-0.021,-0.0352
EleutherAI/pythia-410m,ds002236,Phon,ses-11,17,0.708,pipeline_meanpool,0.0325,0.0075
EleutherAI/pythia-410m,ds002236,Phon,ses-11,17,0.708,pair_concat,-0.0451,-0.0272
EleutherAI/pythia-410m,ds002236,Phon,ses-11,17,0.708,pair_absdiff,0.0437,0.0202
EleutherAI/pythia-410m,ds002236,Phon,ses-11,17,0.708,pair_cos1d,-0.02,-0.0321
EleutherAI/pythia-410m,ds002236,Phon,ses-11,18,0.75,pipeline_meanpool,0.0308,0.0051
EleutherAI/pythia-410m,ds002236,Phon,ses-11,18,0.75,pair_concat,-0.0458,-0.0279
EleutherAI/pythia-410m,ds002236,Phon,ses-11,18,0.75,pair_absdiff,0.0444,0.02
EleutherAI/pythia-410m,ds002236,Phon,ses-11,18,0.75,pair_cos1d,-0.0344,-0.0372
EleutherAI/pythia-410m,ds002236,Phon,ses-11,19,0.792,pipeline_meanpool,0.0206,0.0039
EleutherAI/pythia-410m,ds002236,Phon,ses-11,19,0.792,pair_concat,-0.0453,-0.0276
EleutherAI/pythia-410m,ds002236,Phon,ses-11,19,0.792,pair_absdiff,0.0434,0.0201
EleutherAI/pythia-410m,ds002236,Phon,ses-11,19,0.792,pair_cos1d,-0.0365,-0.0383
EleutherAI/pythia-410m,ds002236,Phon,ses-11,20,0.833,pipeline_meanpool,0.0191,0.0047
EleutherAI/pythia-410m,ds002236,Phon,ses-11,20,0.833,pair_concat,-0.0454,-0.027
EleutherAI/pythia-410m,ds002236,Phon,ses-11,20,0.833,pair_absdiff,0.0408,0.02
EleutherAI/pythia-410m,ds002236,Phon,ses-11,20,0.833,pair_cos1d,-0.0376,-0.0366
EleutherAI/pythia-410m,ds002236,Phon,ses-11,21,0.875,pipeline_meanpool,0.0178,0.0027
EleutherAI/pythia-410m,ds002236,Phon,ses-11,21,0.875,pair_concat,-0.0456,-0.0268
EleutherAI/pythia-410m,ds002236,Phon,ses-11,21,0.875,pair_absdiff,0.0348,0.0188
EleutherAI/pythia-410m,ds002236,Phon,ses-11,21,0.875,pair_cos1d,-0.0422,-0.0391
EleutherAI/pythia-410m,ds002236,Phon,ses-11,22,0.917,pipeline_meanpool,0.0111,-0.0012
EleutherAI/pythia-410m,ds002236,Phon,ses-11,22,0.917,pair_concat,-0.0467,-0.027
EleutherAI/pythia-410m,ds002236,Phon,ses-11,22,0.917,pair_absdiff,0.0354,0.0184
EleutherAI/pythia-410m,ds002236,Phon,ses-11,22,0.917,pair_cos1d,-0.0439,-0.0391
EleutherAI/pythia-410m,ds002236,Phon,ses-11,23,0.958,pipeline_meanpool,0.0108,0.0007
EleutherAI/pythia-410m,ds002236,Phon,ses-11,23,0.958,pair_concat,-0.0476,-0.0255
EleutherAI/pythia-410m,ds002236,Phon,ses-11,23,0.958,pair_absdiff,0.0277,0.0129
EleutherAI/pythia-410m,ds002236,Phon,ses-11,23,0.958,pair_cos1d,-0.0404,-0.0421
EleutherAI/pythia-410m,ds002236,Phon,ses-11,24,1.0,pipeline_meanpool,0.0455,0.0121
EleutherAI/pythia-410m,ds002236,Phon,ses-11,24,1.0,pair_concat,0.0017,0.0027
EleutherAI/pythia-410m,ds002236,Phon,ses-11,24,1.0,pair_absdiff,0.0167,0.0085
EleutherAI/pythia-410m,ds002236,Phon,ses-11,24,1.0,pair_cos1d,-0.0119,-0.0152
EleutherAI/pythia-410m,ds002236,Phon,ses-9,0,0.0,pipeline_meanpool,0.0171,0.0167
EleutherAI/pythia-410m,ds002236,Phon,ses-9,0,0.0,pair_concat,0.0137,0.002
EleutherAI/pythia-410m,ds002236,Phon,ses-9,0,0.0,pair_absdiff,-0.0075,-0.0128
EleutherAI/pythia-410m,ds002236,Phon,ses-9,0,0.0,pair_cos1d,0.0029,-0.0022
EleutherAI/pythia-410m,ds002236,Phon,ses-9,1,0.042,pipeline_meanpool,0.0149,0.0104
EleutherAI/pythia-410m,ds002236,Phon,ses-9,1,0.042,pair_concat,0.0128,-0.0029
EleutherAI/pythia-410m,ds002236,Phon,ses-9,1,0.042,pair_absdiff,0.0205,0.009
EleutherAI/pythia-410m,ds002236,Phon,ses-9,1,0.042,pair_cos1d,-0.0173,0.0048
EleutherAI/pythia-410m,ds002236,Phon,ses-9,2,0.083,pipeline_meanpool,0.0043,-0.0029
EleutherAI/pythia-410m,ds002236,Phon,ses-9,2,0.083,pair_concat,-0.0002,-0.0067
EleutherAI/pythia-410m,ds002236,Phon,ses-9,2,0.083,pair_absdiff,0.0081,-0.0081
EleutherAI/pythia-410m,ds002236,Phon,ses-9,2,0.083,pair_cos1d,0.0077,-0.0019
EleutherAI/pythia-410m,ds002236,Phon,ses-9,3,0.125,pipeline_meanpool,0.007,-0.0043
EleutherAI/pythia-410m,ds002236,Phon,ses-9,3,0.125,pair_concat,-0.0201,-0.0121
EleutherAI/pythia-410m,ds002236,Phon,ses-9,3,0.125,pair_absdiff,0.0379,-0.0197
EleutherAI/pythia-410m,ds002236,Phon,ses-9,3,0.125,pair_cos1d,0.006,-0.0099
EleutherAI/pythia-410m,ds002236,Phon,ses-9,4,0.167,pipeline_meanpool,0.0021,-0.0165
EleutherAI/pythia-410m,ds002236,Phon,ses-9,4,0.167,pair_concat,-0.0474,-0.033
EleutherAI/pythia-410m,ds002236,Phon,ses-9,4,0.167,pair_absdiff,0.0382,0.0033
EleutherAI/pythia-410m,ds002236,Phon,ses-9,4,0.167,pair_cos1d,0.0261,0.0031
EleutherAI/pythia-410m,ds002236,Phon,ses-9,5,0.208,pipeline_meanpool,0.0206,-0.0215
EleutherAI/pythia-410m,ds002236,Phon,ses-9,5,0.208,pair_concat,-0.0503,-0.0327
EleutherAI/pythia-410m,ds002236,Phon,ses-9,5,0.208,pair_absdiff,0.0251,-0.0045
EleutherAI/pythia-410m,ds002236,Phon,ses-9,5,0.208,pair_cos1d,-0.0109,-0.0093
EleutherAI/pythia-410m,ds002236,Phon,ses-9,6,0.25,pipeline_meanpool,0.0182,0.0027
EleutherAI/pythia-410m,ds002236,Phon,ses-9,6,0.25,pair_concat,-0.0575,-0.0431
EleutherAI/pythia-410m,ds002236,Phon,ses-9,6,0.25,pair_absdiff,0.0372,-0.0008
EleutherAI/pythia-410m,ds002236,Phon,ses-9,6,0.25,pair_cos1d,-0.0019,-0.0183
EleutherAI/pythia-410m,ds002236,Phon,ses-9,7,0.292,pipeline_meanpool,0.0166,-0.0005
EleutherAI/pythia-410m,ds002236,Phon,ses-9,7,0.292,pair_concat,-0.0548,-0.0432
EleutherAI/pythia-410m,ds002236,Phon,ses-9,7,0.292,pair_absdiff,0.0401,-0.0021
EleutherAI/pythia-410m,ds002236,Phon,ses-9,7,0.292,pair_cos1d,-0.0131,-0.0237
EleutherAI/pythia-410m,ds002236,Phon,ses-9,8,0.333,pipeline_meanpool,0.0192,-0.0018
EleutherAI/pythia-410m,ds002236,Phon,ses-9,8,0.333,pair_concat,-0.0535,-0.0427
EleutherAI/pythia-410m,ds002236,Phon,ses-9,8,0.333,pair_absdiff,0.0344,-0.001
EleutherAI/pythia-410m,ds002236,Phon,ses-9,8,0.333,pair_cos1d,-0.0137,-0.0247
EleutherAI/pythia-410m,ds002236,Phon,ses-9,9,0.375,pipeline_meanpool,0.0073,-0.0058
EleutherAI/pythia-410m,ds002236,Phon,ses-9,9,0.375,pair_concat,-0.0526,-0.0422
EleutherAI/pythia-410m,ds002236,Phon,ses-9,9,0.375,pair_absdiff,0.0377,-0.0007
EleutherAI/pythia-410m,ds002236,Phon,ses-9,9,0.375,pair_cos1d,-0.02,-0.027
EleutherAI/pythia-410m,ds002236,Phon,ses-9,10,0.417,pipeline_meanpool,0.0114,-0.0077
EleutherAI/pythia-410m,ds002236,Phon,ses-9,10,0.417,pair_concat,-0.0518,-0.042
EleutherAI/pythia-410m,ds002236,Phon,ses-9,10,0.417,pair_absdiff,0.0367,-0.0007
EleutherAI/pythia-410m,ds002236,Phon,ses-9,10,0.417,pair_cos1d,-0.02,-0.0276
EleutherAI/pythia-410m,ds002236,Phon,ses-9,11,0.458,pipeline_meanpool,0.0136,-0.0069
EleutherAI/pythia-410m,ds002236,Phon,ses-9,11,0.458,pair_concat,-0.0516,-0.0418
EleutherAI/pythia-410m,ds002236,Phon,ses-9,11,0.458,pair_absdiff,0.0402,-0.0008
EleutherAI/pythia-410m,ds002236,Phon,ses-9,11,0.458,pair_cos1d,-0.0194,-0.0262
EleutherAI/pythia-410m,ds002236,Phon,ses-9,12,0.5,pipeline_meanpool,0.0206,-0.0048
EleutherAI/pythia-410m,ds002236,Phon,ses-9,12,0.5,pair_concat,-0.0507,-0.0418
EleutherAI/pythia-410m,ds002236,Phon,ses-9,12,0.5,pair_absdiff,0.0412,-0.0003
EleutherAI/pythia-410m,ds002236,Phon,ses-9,12,0.5,pair_cos1d,-0.0184,-0.0273
EleutherAI/pythia-410m,ds002236,Phon,ses-9,13,0.542,pipeline_meanpool,0.0271,-0.003
EleutherAI/pythia-410m,ds002236,Phon,ses-9,13,0.542,pair_concat,-0.051,-0.0419
EleutherAI/pythia-410m,ds002236,Phon,ses-9,13,0.542,pair_absdiff,0.0446,-0.0008
EleutherAI/pythia-410m,ds002236,Phon,ses-9,13,0.542,pair_cos1d,-0.0146,-0.026
EleutherAI/pythia-410m,ds002236,Phon,ses-9,14,0.583,pipeline_meanpool,0.0298,-0.0063
EleutherAI/pythia-410m,ds002236,Phon,ses-9,14,0.583,pair_concat,-0.0509,-0.0422
EleutherAI/pythia-410m,ds002236,Phon,ses-9,14,0.583,pair_absdiff,0.0468,-0.0002
EleutherAI/pythia-410m,ds002236,Phon,ses-9,14,0.583,pair_cos1d,-0.0184,-0.0278
EleutherAI/pythia-410m,ds002236,Phon,ses-9,15,0.625,pipeline_meanpool,0.0315,-0.0041
EleutherAI/pythia-410m,ds002236,Phon,ses-9,15,0.625,pair_concat,-0.0501,-0.0418
EleutherAI/pythia-410m,ds002236,Phon,ses-9,15,0.625,pair_absdiff,0.0443,-0.0016
EleutherAI/pythia-410m,ds002236,Phon,ses-9,15,0.625,pair_cos1d,-0.0157,-0.0282
EleutherAI/pythia-410m,ds002236,Phon,ses-9,16,0.667,pipeline_meanpool,0.0337,-0.0042
EleutherAI/pythia-410m,ds002236,Phon,ses-9,16,0.667,pair_concat,-0.05,-0.0417
EleutherAI/pythia-410m,ds002236,Phon,ses-9,16,0.667,pair_absdiff,0.0471,-0.0019
EleutherAI/pythia-410m,ds002236,Phon,ses-9,16,0.667,pair_cos1d,-0.0144,-0.025
EleutherAI/pythia-410m,ds002236,Phon,ses-9,17,0.708,pipeline_meanpool,0.0378,-0.0004
EleutherAI/pythia-410m,ds002236,Phon,ses-9,17,0.708,pair_concat,-0.0507,-0.0422
EleutherAI/pythia-410m,ds002236,Phon,ses-9,17,0.708,pair_absdiff,0.0437,-0.0022
EleutherAI/pythia-410m,ds002236,Phon,ses-9,17,0.708,pair_cos1d,-0.0232,-0.0356
EleutherAI/pythia-410m,ds002236,Phon,ses-9,18,0.75,pipeline_meanpool,0.0348,-0.0021
EleutherAI/pythia-410m,ds002236,Phon,ses-9,18,0.75,pair_concat,-0.0511,-0.0421
EleutherAI/pythia-410m,ds002236,Phon,ses-9,18,0.75,pair_absdiff,0.0447,-0.0021
EleutherAI/pythia-410m,ds002236,Phon,ses-9,18,0.75,pair_cos1d,-0.0327,-0.0436
EleutherAI/pythia-410m,ds002236,Phon,ses-9,19,0.792,pipeline_meanpool,0.0257,-0.0046
EleutherAI/pythia-410m,ds002236,Phon,ses-9,19,0.792,pair_concat,-0.0508,-0.0417
EleutherAI/pythia-410m,ds002236,Phon,ses-9,19,0.792,pair_absdiff,0.0444,-0.0026
EleutherAI/pythia-410m,ds002236,Phon,ses-9,19,0.792,pair_cos1d,-0.0325,-0.0421
EleutherAI/pythia-410m,ds002236,Phon,ses-9,20,0.833,pipeline_meanpool,0.0209,-0.0049
EleutherAI/pythia-410m,ds002236,Phon,ses-9,20,0.833,pair_concat,-0.0512,-0.0413
EleutherAI/pythia-410m,ds002236,Phon,ses-9,20,0.833,pair_absdiff,0.0417,-0.003
EleutherAI/pythia-410m,ds002236,Phon,ses-9,20,0.833,pair_cos1d,-0.0329,-0.0409
EleutherAI/pythia-410m,ds002236,Phon,ses-9,21,0.875,pipeline_meanpool,0.018,-0.0061
EleutherAI/pythia-410m,ds002236,Phon,ses-9,21,0.875,pair_concat,-0.0514,-0.0412
EleutherAI/pythia-410m,ds002236,Phon,ses-9,21,0.875,pair_absdiff,0.0365,-0.0036
EleutherAI/pythia-410m,ds002236,Phon,ses-9,21,0.875,pair_cos1d,-0.0348,-0.0429
EleutherAI/pythia-410m,ds002236,Phon,ses-9,22,0.917,pipeline_meanpool,0.0076,-0.0058
EleutherAI/pythia-410m,ds002236,Phon,ses-9,22,0.917,pair_concat,-0.0518,-0.0406
EleutherAI/pythia-410m,ds002236,Phon,ses-9,22,0.917,pair_absdiff,0.0333,-0.0042
EleutherAI/pythia-410m,ds002236,Phon,ses-9,22,0.917,pair_cos1d,-0.0353,-0.0452
EleutherAI/pythia-410m,ds002236,Phon,ses-9,23,0.958,pipeline_meanpool,0.0065,-0.0079
EleutherAI/pythia-410m,ds002236,Phon,ses-9,23,0.958,pair_concat,-0.0546,-0.0414
EleutherAI/pythia-410m,ds002236,Phon,ses-9,23,0.958,pair_absdiff,0.0281,-0.0061
EleutherAI/pythia-410m,ds002236,Phon,ses-9,23,0.958,pair_cos1d,-0.0333,-0.0472
EleutherAI/pythia-410m,ds002236,Phon,ses-9,24,1.0,pipeline_meanpool,0.044,0.0085
EleutherAI/pythia-410m,ds002236,Phon,ses-9,24,1.0,pair_concat,0.0115,0.0016
EleutherAI/pythia-410m,ds002236,Phon,ses-9,24,1.0,pair_absdiff,0.0172,-0.0063
EleutherAI/pythia-410m,ds002236,Phon,ses-9,24,1.0,pair_cos1d,0.0028,0.0132
EleutherAI/pythia-410m,ds002236,Sem,ses-11+,0,0.0,pipeline_meanpool,-0.0075,-0.0233
EleutherAI/pythia-410m,ds002236,Sem,ses-11+,0,0.0,pair_concat,-0.0234,-0.0247
EleutherAI/pythia-410m,ds002236,Sem,ses-11+,0,0.0,pair_absdiff,0.0103,0.0003
EleutherAI/pythia-410m,ds002236,Sem,ses-11+,0,0.0,pair_cos1d,0.0076,0.0336
EleutherAI/pythia-410m,ds002236,Sem,ses-11+,1,0.042,pipeline_meanpool,0.0277,0.0101
EleutherAI/pythia-410m,ds002236,Sem,ses-11+,1,0.042,pair_concat,0.0049,0.0082
EleutherAI/pythia-410m,ds002236,Sem,ses-11+,1,0.042,pair_absdiff,-0.0,0.0008
EleutherAI/pythia-410m,ds002236,Sem,ses-11+,1,0.042,pair_cos1d,0.0143,0.0086
EleutherAI/pythia-410m,ds002236,Sem,ses-11+,2,0.083,pipeline_meanpool,0.0362,0.0005
EleutherAI/pythia-410m,ds002236,Sem,ses-11+,2,0.083,pair_concat,0.0168,0.012
EleutherAI/pythia-410m,ds002236,Sem,ses-11+,2,0.083,pair_absdiff,0.0101,-0.0003
EleutherAI/pythia-410m,ds002236,Sem,ses-11+,2,0.083,pair_cos1d,0.0306,0.0314
EleutherAI/pythia-410m,ds002236,Sem,ses-11+,3,0.125,pipeline_meanpool,0.0174,-0.0239
EleutherAI/pythia-410m,ds002236,Sem,ses-11+,3,0.125,pair_concat,0.0026,-0.0104
EleutherAI/pythia-410m,ds002236,Sem,ses-11+,3,0.125,pair_absdiff,0.0072,-0.0012
EleutherAI/pythia-410m,ds002236,Sem,ses-11+,3,0.125,pair_cos1d,0.0272,0.0238
EleutherAI/pythia-410m,ds002236,Sem,ses-11+,4,0.167,pipeline_meanpool,0.0195,-0.0265
EleutherAI/pythia-410m,ds002236,Sem,ses-11+,4,0.167,pair_concat,-0.0082,-0.0231
EleutherAI/pythia-410m,ds002236,Sem,ses-11+,4,0.167,pair_absdiff,0.0216,0.0173
EleutherAI/pythia-410m,ds002236,Sem,ses-11+,4,0.167,pair_cos1d,-0.0045,-0.0043
EleutherAI/pythia-410m,ds002236,Sem,ses-11+,5,0.208,pipeline_meanpool,0.0157,-0.0171
EleutherAI/pythia-410m,ds002236,Sem,ses-11+,5,0.208,pair_concat,0.0017,-0.0087
EleutherAI/pythia-410m,ds002236,Sem,ses-11+,5,0.208,pair_absdiff,0.0036,-0.0157
EleutherAI/pythia-410m,ds002236,Sem,ses-11+,5,0.208,pair_cos1d,-0.0032,-0.0016
EleutherAI/pythia-410m,ds002236,Sem,ses-11+,6,0.25,pipeline_meanpool,-0.0027,-0.0086
EleutherAI/pythia-410m,ds002236,Sem,ses-11+,6,0.25,pair_concat,0.0392,0.0371
EleutherAI/pythia-410m,ds002236,Sem,ses-11+,6,0.25,pair_absdiff,0.0213,0.0138
EleutherAI/pythia-410m,ds002236,Sem,ses-11+,6,0.25,pair_cos1d,0.0296,0.004
EleutherAI/pythia-410m,ds002236,Sem,ses-11+,7,0.292,pipeline_meanpool,-0.0033,-0.0053
EleutherAI/pythia-410m,ds002236,Sem,ses-11+,7,0.292,pair_concat,0.0385,0.0359
EleutherAI/pythia-410m,ds002236,Sem,ses-11+,7,0.292,pair_absdiff,0.0238,0.0191
EleutherAI/pythia-410m,ds002236,Sem,ses-11+,7,0.292,pair_cos1d,0.0232,0.0006
EleutherAI/pythia-410m,ds002236,Sem,ses-11+,8,0.333,pipeline_meanpool,-0.0098,-0.0082
EleutherAI/pythia-410m,ds002236,Sem,ses-11+,8,0.333,pair_concat,0.0382,0.0359
EleutherAI/pythia-410m,ds002236,Sem,ses-11+,8,0.333,pair_absdiff,0.0216,0.0168
EleutherAI/pythia-410m,ds002236,Sem,ses-11+,8,0.333,pair_cos1d,0.0224,0.0011
EleutherAI/pythia-410m,ds002236,Sem,ses-11+,9,0.375,pipeline_meanpool,-0.0133,-0.0137
EleutherAI/pythia-410m,ds002236,Sem,ses-11+,9,0.375,pair_concat,0.0389,0.0365
EleutherAI/pythia-410m,ds002236,Sem,ses-11+,9,0.375,pair_absdiff,0.0241,0.0193
EleutherAI/pythia-410m,ds002236,Sem,ses-11+,9,0.375,pair_cos1d,0.0154,-0.0038
EleutherAI/pythia-410m,ds002236,Sem,ses-11+,10,0.417,pipeline_meanpool,-0.0121,-0.0149
EleutherAI/pythia-410m,ds002236,Sem,ses-11+,10,0.417,pair_concat,0.0387,0.0365
EleutherAI/pythia-410m,ds002236,Sem,ses-11+,10,0.417,pair_absdiff,0.0258,0.0208
EleutherAI/pythia-410m,ds002236,Sem,ses-11+,10,0.417,pair_cos1d,0.0155,-0.0057
EleutherAI/pythia-410m,ds002236,Sem,ses-11+,11,0.458,pipeline_meanpool,-0.0145,-0.0163
EleutherAI/pythia-410m,ds002236,Sem,ses-11+,11,0.458,pair_concat,0.0388,0.0367
EleutherAI/pythia-410m,ds002236,Sem,ses-11+,11,0.458,pair_absdiff,0.0257,0.0203
EleutherAI/pythia-410m,ds002236,Sem,ses-11+,11,0.458,pair_cos1d,0.0103,-0.0101
EleutherAI/pythia-410m,ds002236,Sem,ses-11+,12,0.5,pipeline_meanpool,-0.0135,-0.0164
EleutherAI/pythia-410m,ds002236,Sem,ses-11+,12,0.5,pair_concat,0.0392,0.0372
EleutherAI/pythia-410m,ds002236,Sem,ses-11+,12,0.5,pair_absdiff,0.0258,0.0211
EleutherAI/pythia-410m,ds002236,Sem,ses-11+,12,0.5,pair_cos1d,0.0155,-0.002
EleutherAI/pythia-410m,ds002236,Sem,ses-11+,13,0.542,pipeline_meanpool,-0.0178,-0.0179
EleutherAI/pythia-410m,ds002236,Sem,ses-11+,13,0.542,pair_concat,0.0391,0.0372
EleutherAI/pythia-410m,ds002236,Sem,ses-11+,13,0.542,pair_absdiff,0.0227,0.0192
EleutherAI/pythia-410m,ds002236,Sem,ses-11+,13,0.542,pair_cos1d,0.0153,-0.0009
EleutherAI/pythia-410m,ds002236,Sem,ses-11+,14,0.583,pipeline_meanpool,-0.0162,-0.0163
EleutherAI/pythia-410m,ds002236,Sem,ses-11+,14,0.583,pair_concat,0.0389,0.0374
EleutherAI/pythia-410m,ds002236,Sem,ses-11+,14,0.583,pair_absdiff,0.0249,0.0243
EleutherAI/pythia-410m,ds002236,Sem,ses-11+,14,0.583,pair_cos1d,0.0137,-0.0026
EleutherAI/pythia-410m,ds002236,Sem,ses-11+,15,0.625,pipeline_meanpool,-0.0154,-0.0168
EleutherAI/pythia-410m,ds002236,Sem,ses-11+,15,0.625,pair_concat,0.0391,0.0374
EleutherAI/pythia-410m,ds002236,Sem,ses-11+,15,0.625,pair_absdiff,0.0234,0.0214
EleutherAI/pythia-410m,ds002236,Sem,ses-11+,15,0.625,pair_cos1d,0.0193,0.0029
EleutherAI/pythia-410m,ds002236,Sem,ses-11+,16,0.667,pipeline_meanpool,-0.0154,-0.0172
EleutherAI/pythia-410m,ds002236,Sem,ses-11+,16,0.667,pair_concat,0.0397,0.038
EleutherAI/pythia-410m,ds002236,Sem,ses-11+,16,0.667,pair_absdiff,0.0228,0.0229
EleutherAI/pythia-410m,ds002236,Sem,ses-11+,16,0.667,pair_cos1d,0.0217,0.0069
EleutherAI/pythia-410m,ds002236,Sem,ses-11+,17,0.708,pipeline_meanpool,-0.0134,-0.0193
EleutherAI/pythia-410m,ds002236,Sem,ses-11+,17,0.708,pair_concat,0.0398,0.0381
EleutherAI/pythia-410m,ds002236,Sem,ses-11+,17,0.708,pair_absdiff,0.0216,0.0217
EleutherAI/pythia-410m,ds002236,Sem,ses-11+,17,0.708,pair_cos1d,0.0222,0.0047
EleutherAI/pythia-410m,ds002236,Sem,ses-11+,18,0.75,pipeline_meanpool,0.0007,-0.012
EleutherAI/pythia-410m,ds002236,Sem,ses-11+,18,0.75,pair_concat,0.0408,0.0389
EleutherAI/pythia-410m,ds002236,Sem,ses-11+,18,0.75,pair_absdiff,0.0206,0.0232
EleutherAI/pythia-410m,ds002236,Sem,ses-11+,18,0.75,pair_cos1d,0.0355,0.0201
EleutherAI/pythia-410m,ds002236,Sem,ses-11+,19,0.792,pipeline_meanpool,0.0087,-0.0042
EleutherAI/pythia-410m,ds002236,Sem,ses-11+,19,0.792,pair_concat,0.0405,0.0389
EleutherAI/pythia-410m,ds002236,Sem,ses-11+,19,0.792,pair_absdiff,0.021,0.0239
EleutherAI/pythia-410m,ds002236,Sem,ses-11+,19,0.792,pair_cos1d,0.0374,0.0235
EleutherAI/pythia-410m,ds002236,Sem,ses-11+,20,0.833,pipeline_meanpool,0.0162,0.0024
EleutherAI/pythia-410m,ds002236,Sem,ses-11+,20,0.833,pair_concat,0.0389,0.0386
EleutherAI/pythia-410m,ds002236,Sem,ses-11+,20,0.833,pair_absdiff,0.0215,0.0228
EleutherAI/pythia-410m,ds002236,Sem,ses-11+,20,0.833,pair_cos1d,0.0396,0.0231
EleutherAI/pythia-410m,ds002236,Sem,ses-11+,21,0.875,pipeline_meanpool,0.0221,0.0068
EleutherAI/pythia-410m,ds002236,Sem,ses-11+,21,0.875,pair_concat,0.0387,0.0387
EleutherAI/pythia-410m,ds002236,Sem,ses-11+,21,0.875,pair_absdiff,0.0196,0.0202
EleutherAI/pythia-410m,ds002236,Sem,ses-11+,21,0.875,pair_cos1d,0.0369,0.0213
EleutherAI/pythia-410m,ds002236,Sem,ses-11+,22,0.917,pipeline_meanpool,0.0231,0.0067
EleutherAI/pythia-410m,ds002236,Sem,ses-11+,22,0.917,pair_concat,0.0376,0.038
EleutherAI/pythia-410m,ds002236,Sem,ses-11+,22,0.917,pair_absdiff,0.0251,0.0207
EleutherAI/pythia-410m,ds002236,Sem,ses-11+,22,0.917,pair_cos1d,0.0328,0.0147
EleutherAI/pythia-410m,ds002236,Sem,ses-11+,23,0.958,pipeline_meanpool,0.0161,0.0011
EleutherAI/pythia-410m,ds002236,Sem,ses-11+,23,0.958,pair_concat,0.0367,0.038
EleutherAI/pythia-410m,ds002236,Sem,ses-11+,23,0.958,pair_absdiff,0.0255,0.0162
EleutherAI/pythia-410m,ds002236,Sem,ses-11+,23,0.958,pair_cos1d,0.0299,0.0138
EleutherAI/pythia-410m,ds002236,Sem,ses-11+,24,1.0,pipeline_meanpool,-0.0031,-0.0012
EleutherAI/pythia-410m,ds002236,Sem,ses-11+,24,1.0,pair_concat,0.0067,0.0141
EleutherAI/pythia-410m,ds002236,Sem,ses-11+,24,1.0,pair_absdiff,0.0277,0.0168
EleutherAI/pythia-410m,ds002236,Sem,ses-11+,24,1.0,pair_cos1d,-0.0151,-0.0159
EleutherAI/pythia-410m,ds002236,Sem,ses-11,0,0.0,pipeline_meanpool,-0.0072,-0.0231
EleutherAI/pythia-410m,ds002236,Sem,ses-11,0,0.0,pair_concat,0.0046,-0.0104
EleutherAI/pythia-410m,ds002236,Sem,ses-11,0,0.0,pair_absdiff,0.0194,0.0155
EleutherAI/pythia-410m,ds002236,Sem,ses-11,0,0.0,pair_cos1d,0.01,0.0147
EleutherAI/pythia-410m,ds002236,Sem,ses-11,1,0.042,pipeline_meanpool,0.044,0.0107
EleutherAI/pythia-410m,ds002236,Sem,ses-11,1,0.042,pair_concat,0.0445,0.0102
EleutherAI/pythia-410m,ds002236,Sem,ses-11,1,0.042,pair_absdiff,0.0053,0.0309
EleutherAI/pythia-410m,ds002236,Sem,ses-11,1,0.042,pair_cos1d,-0.0038,-0.0174
EleutherAI/pythia-410m,ds002236,Sem,ses-11,2,0.083,pipeline_meanpool,0.0278,0.0248
EleutherAI/pythia-410m,ds002236,Sem,ses-11,2,0.083,pair_concat,0.0404,0.0205
EleutherAI/pythia-410m,ds002236,Sem,ses-11,2,0.083,pair_absdiff,-0.0016,0.0311
EleutherAI/pythia-410m,ds002236,Sem,ses-11,2,0.083,pair_cos1d,0.0513,0.0336
EleutherAI/pythia-410m,ds002236,Sem,ses-11,3,0.125,pipeline_meanpool,0.0058,0.0125
EleutherAI/pythia-410m,ds002236,Sem,ses-11,3,0.125,pair_concat,0.0311,0.0243
EleutherAI/pythia-410m,ds002236,Sem,ses-11,3,0.125,pair_absdiff,0.0027,0.0315
EleutherAI/pythia-410m,ds002236,Sem,ses-11,3,0.125,pair_cos1d,0.0333,0.0194
EleutherAI/pythia-410m,ds002236,Sem,ses-11,4,0.167,pipeline_meanpool,0.0154,0.008
EleutherAI/pythia-410m,ds002236,Sem,ses-11,4,0.167,pair_concat,0.0065,-0.0078
EleutherAI/pythia-410m,ds002236,Sem,ses-11,4,0.167,pair_absdiff,0.0098,0.0469
EleutherAI/pythia-410m,ds002236,Sem,ses-11,4,0.167,pair_cos1d,0.0043,-0.0121
EleutherAI/pythia-410m,ds002236,Sem,ses-11,5,0.208,pipeline_meanpool,0.0332,0.0072
EleutherAI/pythia-410m,ds002236,Sem,ses-11,5,0.208,pair_concat,0.0043,-0.002
EleutherAI/pythia-410m,ds002236,Sem,ses-11,5,0.208,pair_absdiff,-0.0323,0.006
EleutherAI/pythia-410m,ds002236,Sem,ses-11,5,0.208,pair_cos1d,0.0196,0.0017
EleutherAI/pythia-410m,ds002236,Sem,ses-11,6,0.25,pipeline_meanpool,-0.0148,0.0359
EleutherAI/pythia-410m,ds002236,Sem,ses-11,6,0.25,pair_concat,-0.0044,-0.0143
EleutherAI/pythia-410m,ds002236,Sem,ses-11,6,0.25,pair_absdiff,-0.0105,0.0067
EleutherAI/pythia-410m,ds002236,Sem,ses-11,6,0.25,pair_cos1d,0.0123,0.033
EleutherAI/pythia-410m,ds002236,Sem,ses-11,7,0.292,pipeline_meanpool,-0.0161,0.0352
EleutherAI/pythia-410m,ds002236,Sem,ses-11,7,0.292,pair_concat,-0.0055,-0.0152
EleutherAI/pythia-410m,ds002236,Sem,ses-11,7,0.292,pair_absdiff,-0.0117,0.0111
EleutherAI/pythia-410m,ds002236,Sem,ses-11,7,0.292,pair_cos1d,0.0102,0.0326
EleutherAI/pythia-410m,ds002236,Sem,ses-11,8,0.333,pipeline_meanpool,-0.0205,0.0287
EleutherAI/pythia-410m,ds002236,Sem,ses-11,8,0.333,pair_concat,-0.0063,-0.0152
EleutherAI/pythia-410m,ds002236,Sem,ses-11,8,0.333,pair_absdiff,-0.0129,0.0104
EleutherAI/pythia-410m,ds002236,Sem,ses-11,8,0.333,pair_cos1d,0.0131,0.0311
EleutherAI/pythia-410m,ds002236,Sem,ses-11,9,0.375,pipeline_meanpool,-0.0258,0.0273
EleutherAI/pythia-410m,ds002236,Sem,ses-11,9,0.375,pair_concat,-0.0062,-0.0149
EleutherAI/pythia-410m,ds002236,Sem,ses-11,9,0.375,pair_absdiff,-0.0104,0.0124
EleutherAI/pythia-410m,ds002236,Sem,ses-11,9,0.375,pair_cos1d,0.0069,0.0266
EleutherAI/pythia-410m,ds002236,Sem,ses-11,10,0.417,pipeline_meanpool,-0.0254,0.0257
EleutherAI/pythia-410m,ds002236,Sem,ses-11,10,0.417,pair_concat,-0.0058,-0.0147
EleutherAI/pythia-410m,ds002236,Sem,ses-11,10,0.417,pair_absdiff,-0.0081,0.0136
EleutherAI/pythia-410m,ds002236,Sem,ses-11,10,0.417,pair_cos1d,0.0052,0.0259
EleutherAI/pythia-410m,ds002236,Sem,ses-11,11,0.458,pipeline_meanpool,-0.0298,0.0227
EleutherAI/pythia-410m,ds002236,Sem,ses-11,11,0.458,pair_concat,-0.0058,-0.0147
EleutherAI/pythia-410m,ds002236,Sem,ses-11,11,0.458,pair_absdiff,-0.0091,0.0133
EleutherAI/pythia-410m,ds002236,Sem,ses-11,11,0.458,pair_cos1d,0.0013,0.0233
EleutherAI/pythia-410m,ds002236,Sem,ses-11,12,0.5,pipeline_meanpool,-0.0272,0.0199
EleutherAI/pythia-410m,ds002236,Sem,ses-11,12,0.5,pair_concat,-0.0055,-0.0146
EleutherAI/pythia-410m,ds002236,Sem,ses-11,12,0.5,pair_absdiff,-0.0097,0.0141
EleutherAI/pythia-410m,ds002236,Sem,ses-11,12,0.5,pair_cos1d,-0.0,0.0228
EleutherAI/pythia-410m,ds002236,Sem,ses-11,13,0.542,pipeline_meanpool,-0.0311,0.0174
EleutherAI/pythia-410m,ds002236,Sem,ses-11,13,0.542,pair_concat,-0.0058,-0.0149
EleutherAI/pythia-410m,ds002236,Sem,ses-11,13,0.542,pair_absdiff,-0.0121,0.0122
EleutherAI/pythia-410m,ds002236,Sem,ses-11,13,0.542,pair_cos1d,0.0035,0.025
EleutherAI/pythia-410m,ds002236,Sem,ses-11,14,0.583,pipeline_meanpool,-0.0334,0.0181
EleutherAI/pythia-410m,ds002236,Sem,ses-11,14,0.583,pair_concat,-0.0057,-0.0147
EleutherAI/pythia-410m,ds002236,Sem,ses-11,14,0.583,pair_absdiff,-0.0119,0.0151
EleutherAI/pythia-410m,ds002236,Sem,ses-11,14,0.583,pair_cos1d,-0.0021,0.0188
EleutherAI/pythia-410m,ds002236,Sem,ses-11,15,0.625,pipeline_meanpool,-0.0335,0.0149
EleutherAI/pythia-410m,ds002236,Sem,ses-11,15,0.625,pair_concat,-0.0058,-0.0145
EleutherAI/pythia-410m,ds002236,Sem,ses-11,15,0.625,pair_absdiff,-0.0123,0.0133
EleutherAI/pythia-410m,ds002236,Sem,ses-11,15,0.625,pair_cos1d,0.0014,0.0206
EleutherAI/pythia-410m,ds002236,Sem,ses-11,16,0.667,pipeline_meanpool,-0.032,0.0124
EleutherAI/pythia-410m,ds002236,Sem,ses-11,16,0.667,pair_concat,-0.0051,-0.0143
EleutherAI/pythia-410m,ds002236,Sem,ses-11,16,0.667,pair_absdiff,-0.0134,0.0118
EleutherAI/pythia-410m,ds002236,Sem,ses-11,16,0.667,pair_cos1d,0.0017,0.0215
EleutherAI/pythia-410m,ds002236,Sem,ses-11,17,0.708,pipeline_meanpool,-0.0304,0.0131
EleutherAI/pythia-410m,ds002236,Sem,ses-11,17,0.708,pair_concat,-0.005,-0.0137
EleutherAI/pythia-410m,ds002236,Sem,ses-11,17,0.708,pair_absdiff,-0.0137,0.0124
EleutherAI/pythia-410m,ds002236,Sem,ses-11,17,0.708,pair_cos1d,0.0008,0.0145
EleutherAI/pythia-410m,ds002236,Sem,ses-11,18,0.75,pipeline_meanpool,-0.0145,0.0187
EleutherAI/pythia-410m,ds002236,Sem,ses-11,18,0.75,pair_concat,-0.005,-0.0142
EleutherAI/pythia-410m,ds002236,Sem,ses-11,18,0.75,pair_absdiff,-0.0156,0.0122
EleutherAI/pythia-410m,ds002236,Sem,ses-11,18,0.75,pair_cos1d,-0.0007,0.0096
EleutherAI/pythia-410m,ds002236,Sem,ses-11,19,0.792,pipeline_meanpool,-0.0105,0.0253
EleutherAI/pythia-410m,ds002236,Sem,ses-11,19,0.792,pair_concat,-0.0051,-0.0143
EleutherAI/pythia-410m,ds002236,Sem,ses-11,19,0.792,pair_absdiff,-0.0156,0.0124
EleutherAI/pythia-410m,ds002236,Sem,ses-11,19,0.792,pair_cos1d,-0.0029,0.0036
EleutherAI/pythia-410m,ds002236,Sem,ses-11,20,0.833,pipeline_meanpool,-0.0078,0.0254
EleutherAI/pythia-410m,ds002236,Sem,ses-11,20,0.833,pair_concat,-0.0052,-0.0136
EleutherAI/pythia-410m,ds002236,Sem,ses-11,20,0.833,pair_absdiff,-0.0146,0.0128
EleutherAI/pythia-410m,ds002236,Sem,ses-11,20,0.833,pair_cos1d,-0.0014,0.0019
EleutherAI/pythia-410m,ds002236,Sem,ses-11,21,0.875,pipeline_meanpool,-0.0024,0.0297
EleutherAI/pythia-410m,ds002236,Sem,ses-11,21,0.875,pair_concat,-0.0043,-0.0127
EleutherAI/pythia-410m,ds002236,Sem,ses-11,21,0.875,pair_absdiff,-0.0163,0.0104
EleutherAI/pythia-410m,ds002236,Sem,ses-11,21,0.875,pair_cos1d,-0.0062,-0.0054
EleutherAI/pythia-410m,ds002236,Sem,ses-11,22,0.917,pipeline_meanpool,-0.0039,0.028
EleutherAI/pythia-410m,ds002236,Sem,ses-11,22,0.917,pair_concat,-0.0047,-0.0123
EleutherAI/pythia-410m,ds002236,Sem,ses-11,22,0.917,pair_absdiff,-0.0137,0.0126
EleutherAI/pythia-410m,ds002236,Sem,ses-11,22,0.917,pair_cos1d,-0.0078,-0.0069
EleutherAI/pythia-410m,ds002236,Sem,ses-11,23,0.958,pipeline_meanpool,-0.0074,0.0198
EleutherAI/pythia-410m,ds002236,Sem,ses-11,23,0.958,pair_concat,-0.0059,-0.0123
EleutherAI/pythia-410m,ds002236,Sem,ses-11,23,0.958,pair_absdiff,-0.0077,0.009
EleutherAI/pythia-410m,ds002236,Sem,ses-11,23,0.958,pair_cos1d,-0.0056,-0.0061
EleutherAI/pythia-410m,ds002236,Sem,ses-11,24,1.0,pipeline_meanpool,0.0043,-0.0311
EleutherAI/pythia-410m,ds002236,Sem,ses-11,24,1.0,pair_concat,0.029,-0.0164
EleutherAI/pythia-410m,ds002236,Sem,ses-11,24,1.0,pair_absdiff,-0.0047,0.0055
EleutherAI/pythia-410m,ds002236,Sem,ses-11,24,1.0,pair_cos1d,-0.0173,-0.0255
EleutherAI/pythia-410m,ds002236,Sem,ses-9,0,0.0,pipeline_meanpool,-0.0065,-0.0471
EleutherAI/pythia-410m,ds002236,Sem,ses-9,0,0.0,pair_concat,-0.0189,-0.0121
EleutherAI/pythia-410m,ds002236,Sem,ses-9,0,0.0,pair_absdiff,0.0155,0.0009
EleutherAI/pythia-410m,ds002236,Sem,ses-9,0,0.0,pair_cos1d,-0.0214,0.0149
EleutherAI/pythia-410m,ds002236,Sem,ses-9,1,0.042,pipeline_meanpool,0.0289,-0.0017
EleutherAI/pythia-410m,ds002236,Sem,ses-9,1,0.042,pair_concat,0.0294,0.0329
EleutherAI/pythia-410m,ds002236,Sem,ses-9,1,0.042,pair_absdiff,0.0381,0.036
EleutherAI/pythia-410m,ds002236,Sem,ses-9,1,0.042,pair_cos1d,0.0196,0.0324
EleutherAI/pythia-410m,ds002236,Sem,ses-9,2,0.083,pipeline_meanpool,0.0255,0.0174
EleutherAI/pythia-410m,ds002236,Sem,ses-9,2,0.083,pair_concat,0.0269,0.0232
EleutherAI/pythia-410m,ds002236,Sem,ses-9,2,0.083,pair_absdiff,0.015,0.015
EleutherAI/pythia-410m,ds002236,Sem,ses-9,2,0.083,pair_cos1d,0.0263,0.0398
EleutherAI/pythia-410m,ds002236,Sem,ses-9,3,0.125,pipeline_meanpool,0.0078,0.0092
EleutherAI/pythia-410m,ds002236,Sem,ses-9,3,0.125,pair_concat,0.0156,0.0196
EleutherAI/pythia-410m,ds002236,Sem,ses-9,3,0.125,pair_absdiff,-0.0116,0.0163
EleutherAI/pythia-410m,ds002236,Sem,ses-9,3,0.125,pair_cos1d,0.0292,0.0374
EleutherAI/pythia-410m,ds002236,Sem,ses-9,4,0.167,pipeline_meanpool,0.0128,0.0075
EleutherAI/pythia-410m,ds002236,Sem,ses-9,4,0.167,pair_concat,-0.0043,-0.0061
EleutherAI/pythia-410m,ds002236,Sem,ses-9,4,0.167,pair_absdiff,-0.0118,-0.0035
EleutherAI/pythia-410m,ds002236,Sem,ses-9,4,0.167,pair_cos1d,-0.0222,0.0278
EleutherAI/pythia-410m,ds002236,Sem,ses-9,5,0.208,pipeline_meanpool,0.0141,-0.0015
EleutherAI/pythia-410m,ds002236,Sem,ses-9,5,0.208,pair_concat,-0.0042,-0.0034
EleutherAI/pythia-410m,ds002236,Sem,ses-9,5,0.208,pair_absdiff,-0.0296,-0.0369
EleutherAI/pythia-410m,ds002236,Sem,ses-9,5,0.208,pair_cos1d,-0.0262,0.0288
EleutherAI/pythia-410m,ds002236,Sem,ses-9,6,0.25,pipeline_meanpool,-0.023,0.0157
EleutherAI/pythia-410m,ds002236,Sem,ses-9,6,0.25,pair_concat,0.0332,0.0123
EleutherAI/pythia-410m,ds002236,Sem,ses-9,6,0.25,pair_absdiff,-0.0143,-0.0273
EleutherAI/pythia-410m,ds002236,Sem,ses-9,6,0.25,pair_cos1d,-0.0097,0.038
EleutherAI/pythia-410m,ds002236,Sem,ses-9,7,0.292,pipeline_meanpool,-0.0198,0.0158
EleutherAI/pythia-410m,ds002236,Sem,ses-9,7,0.292,pair_concat,0.0348,0.0109
EleutherAI/pythia-410m,ds002236,Sem,ses-9,7,0.292,pair_absdiff,-0.0106,-0.0177
EleutherAI/pythia-410m,ds002236,Sem,ses-9,7,0.292,pair_cos1d,-0.0115,0.0347
EleutherAI/pythia-410m,ds002236,Sem,ses-9,8,0.333,pipeline_meanpool,-0.021,0.0072
EleutherAI/pythia-410m,ds002236,Sem,ses-9,8,0.333,pair_concat,0.0349,0.011
EleutherAI/pythia-410m,ds002236,Sem,ses-9,8,0.333,pair_absdiff,-0.0093,-0.0183
EleutherAI/pythia-410m,ds002236,Sem,ses-9,8,0.333,pair_cos1d,-0.0088,0.0395
EleutherAI/pythia-410m,ds002236,Sem,ses-9,9,0.375,pipeline_meanpool,-0.0208,0.0058
EleutherAI/pythia-410m,ds002236,Sem,ses-9,9,0.375,pair_concat,0.0349,0.0111
EleutherAI/pythia-410m,ds002236,Sem,ses-9,9,0.375,pair_absdiff,-0.0088,-0.0179
EleutherAI/pythia-410m,ds002236,Sem,ses-9,9,0.375,pair_cos1d,-0.0101,0.036
EleutherAI/pythia-410m,ds002236,Sem,ses-9,10,0.417,pipeline_meanpool,-0.0217,0.0014
EleutherAI/pythia-410m,ds002236,Sem,ses-9,10,0.417,pair_concat,0.0351,0.0115
EleutherAI/pythia-410m,ds002236,Sem,ses-9,10,0.417,pair_absdiff,-0.0087,-0.019
EleutherAI/pythia-410m,ds002236,Sem,ses-9,10,0.417,pair_cos1d,-0.0101,0.036
EleutherAI/pythia-410m,ds002236,Sem,ses-9,11,0.458,pipeline_meanpool,-0.023,0.0022
EleutherAI/pythia-410m,ds002236,Sem,ses-9,11,0.458,pair_concat,0.035,0.0114
EleutherAI/pythia-410m,ds002236,Sem,ses-9,11,0.458,pair_absdiff,-0.0079,-0.0167
EleutherAI/pythia-410m,ds002236,Sem,ses-9,11,0.458,pair_cos1d,-0.0172,0.0288
EleutherAI/pythia-410m,ds002236,Sem,ses-9,12,0.5,pipeline_meanpool,-0.0192,0.0013
EleutherAI/pythia-410m,ds002236,Sem,ses-9,12,0.5,pair_concat,0.0356,0.0123
EleutherAI/pythia-410m,ds002236,Sem,ses-9,12,0.5,pair_absdiff,-0.0064,-0.0126
EleutherAI/pythia-410m,ds002236,Sem,ses-9,12,0.5,pair_cos1d,-0.0144,0.0324
EleutherAI/pythia-410m,ds002236,Sem,ses-9,13,0.542,pipeline_meanpool,-0.0199,0.0023
EleutherAI/pythia-410m,ds002236,Sem,ses-9,13,0.542,pair_concat,0.0356,0.0124
EleutherAI/pythia-410m,ds002236,Sem,ses-9,13,0.542,pair_absdiff,-0.0093,-0.0152
EleutherAI/pythia-410m,ds002236,Sem,ses-9,13,0.542,pair_cos1d,-0.0139,0.0336
EleutherAI/pythia-410m,ds002236,Sem,ses-9,14,0.583,pipeline_meanpool,-0.0205,0.0013
EleutherAI/pythia-410m,ds002236,Sem,ses-9,14,0.583,pair_concat,0.0362,0.0132
EleutherAI/pythia-410m,ds002236,Sem,ses-9,14,0.583,pair_absdiff,-0.0079,-0.011
EleutherAI/pythia-410m,ds002236,Sem,ses-9,14,0.583,pair_cos1d,-0.0156,0.0287
EleutherAI/pythia-410m,ds002236,Sem,ses-9,15,0.625,pipeline_meanpool,-0.0194,-0.0009
EleutherAI/pythia-410m,ds002236,Sem,ses-9,15,0.625,pair_concat,0.0363,0.0132
EleutherAI/pythia-410m,ds002236,Sem,ses-9,15,0.625,pair_absdiff,-0.0087,-0.0127
EleutherAI/pythia-410m,ds002236,Sem,ses-9,15,0.625,pair_cos1d,-0.0156,0.0254
EleutherAI/pythia-410m,ds002236,Sem,ses-9,16,0.667,pipeline_meanpool,-0.0189,-0.0002
EleutherAI/pythia-410m,ds002236,Sem,ses-9,16,0.667,pair_concat,0.0369,0.0137
EleutherAI/pythia-410m,ds002236,Sem,ses-9,16,0.667,pair_absdiff,-0.0089,-0.0138
EleutherAI/pythia-410m,ds002236,Sem,ses-9,16,0.667,pair_cos1d,-0.0198,0.0213
EleutherAI/pythia-410m,ds002236,Sem,ses-9,17,0.708,pipeline_meanpool,-0.0204,0.0008
EleutherAI/pythia-410m,ds002236,Sem,ses-9,17,0.708,pair_concat,0.0371,0.0137
EleutherAI/pythia-410m,ds002236,Sem,ses-9,17,0.708,pair_absdiff,-0.0099,-0.0137
EleutherAI/pythia-410m,ds002236,Sem,ses-9,17,0.708,pair_cos1d,-0.0183,0.0152
EleutherAI/pythia-410m,ds002236,Sem,ses-9,18,0.75,pipeline_meanpool,-0.016,0.0004
EleutherAI/pythia-410m,ds002236,Sem,ses-9,18,0.75,pair_concat,0.0378,0.0134
EleutherAI/pythia-410m,ds002236,Sem,ses-9,18,0.75,pair_absdiff,-0.0102,-0.0116
EleutherAI/pythia-410m,ds002236,Sem,ses-9,18,0.75,pair_cos1d,-0.0066,0.015
EleutherAI/pythia-410m,ds002236,Sem,ses-9,19,0.792,pipeline_meanpool,-0.0136,0.0052
EleutherAI/pythia-410m,ds002236,Sem,ses-9,19,0.792,pair_concat,0.0373,0.0129
EleutherAI/pythia-410m,ds002236,Sem,ses-9,19,0.792,pair_absdiff,-0.012,-0.0119
EleutherAI/pythia-410m,ds002236,Sem,ses-9,19,0.792,pair_cos1d,-0.0041,0.0088
EleutherAI/pythia-410m,ds002236,Sem,ses-9,20,0.833,pipeline_meanpool,-0.0113,0.0021
EleutherAI/pythia-410m,ds002236,Sem,ses-9,20,0.833,pair_concat,0.0367,0.0125
EleutherAI/pythia-410m,ds002236,Sem,ses-9,20,0.833,pair_absdiff,-0.0093,-0.0109
EleutherAI/pythia-410m,ds002236,Sem,ses-9,20,0.833,pair_cos1d,0.0018,0.0096
EleutherAI/pythia-410m,ds002236,Sem,ses-9,21,0.875,pipeline_meanpool,-0.0085,0.0007
EleutherAI/pythia-410m,ds002236,Sem,ses-9,21,0.875,pair_concat,0.0368,0.0121
EleutherAI/pythia-410m,ds002236,Sem,ses-9,21,0.875,pair_absdiff,-0.0106,-0.0133
EleutherAI/pythia-410m,ds002236,Sem,ses-9,21,0.875,pair_cos1d,-0.0013,0.0038
EleutherAI/pythia-410m,ds002236,Sem,ses-9,22,0.917,pipeline_meanpool,-0.0092,-0.0034
EleutherAI/pythia-410m,ds002236,Sem,ses-9,22,0.917,pair_concat,0.036,0.0111
EleutherAI/pythia-410m,ds002236,Sem,ses-9,22,0.917,pair_absdiff,-0.0086,-0.0102
EleutherAI/pythia-410m,ds002236,Sem,ses-9,22,0.917,pair_cos1d,-0.0046,-0.0027
EleutherAI/pythia-410m,ds002236,Sem,ses-9,23,0.958,pipeline_meanpool,-0.0116,-0.0077
EleutherAI/pythia-410m,ds002236,Sem,ses-9,23,0.958,pair_concat,0.0373,0.0119
EleutherAI/pythia-410m,ds002236,Sem,ses-9,23,0.958,pair_absdiff,-0.0048,-0.0126
EleutherAI/pythia-410m,ds002236,Sem,ses-9,23,0.958,pair_cos1d,-0.0056,-0.0024
EleutherAI/pythia-410m,ds002236,Sem,ses-9,24,1.0,pipeline_meanpool,0.0008,-0.0109
EleutherAI/pythia-410m,ds002236,Sem,ses-9,24,1.0,pair_concat,0.0191,0.0418
EleutherAI/pythia-410m,ds002236,Sem,ses-9,24,1.0,pair_absdiff,-0.0211,-0.0145
EleutherAI/pythia-410m,ds002236,Sem,ses-9,24,1.0,pair_cos1d,-0.0115,-0.0197
EleutherAI/pythia-410m,ds003604,Gram,ses-5,0,0.0,pipeline_meanpool,0.0308,0.0344
EleutherAI/pythia-410m,ds003604,Gram,ses-5,0,0.0,pair_concat,0.0385,0.0434
EleutherAI/pythia-410m,ds003604,Gram,ses-5,0,0.0,pair_absdiff,0.05,0.0434
EleutherAI/pythia-410m,ds003604,Gram,ses-5,0,0.0,pair_cos1d,-0.0086,0.0013
EleutherAI/pythia-410m,ds003604,Gram,ses-5,1,0.042,pipeline_meanpool,0.0461,0.0649
EleutherAI/pythia-410m,ds003604,Gram,ses-5,1,0.042,pair_concat,0.0439,0.0497
EleutherAI/pythia-410m,ds003604,Gram,ses-5,1,0.042,pair_absdiff,0.0513,0.0493
EleutherAI/pythia-410m,ds003604,Gram,ses-5,1,0.042,pair_cos1d,-0.0044,-0.0069
EleutherAI/pythia-410m,ds003604,Gram,ses-5,2,0.083,pipeline_meanpool,0.0483,0.0551
EleutherAI/pythia-410m,ds003604,Gram,ses-5,2,0.083,pair_concat,0.0444,0.0477
EleutherAI/pythia-410m,ds003604,Gram,ses-5,2,0.083,pair_absdiff,0.0518,0.0508
EleutherAI/pythia-410m,ds003604,Gram,ses-5,2,0.083,pair_cos1d,0.0173,0.0203
EleutherAI/pythia-410m,ds003604,Gram,ses-5,3,0.125,pipeline_meanpool,0.0515,0.0591
EleutherAI/pythia-410m,ds003604,Gram,ses-5,3,0.125,pair_concat,0.0441,0.0474
EleutherAI/pythia-410m,ds003604,Gram,ses-5,3,0.125,pair_absdiff,0.0568,0.0553
EleutherAI/pythia-410m,ds003604,Gram,ses-5,3,0.125,pair_cos1d,0.0086,0.0085
EleutherAI/pythia-410m,ds003604,Gram,ses-5,4,0.167,pipeline_meanpool,0.0585,0.0654
EleutherAI/pythia-410m,ds003604,Gram,ses-5,4,0.167,pair_concat,0.0463,0.052
EleutherAI/pythia-410m,ds003604,Gram,ses-5,4,0.167,pair_absdiff,0.0374,0.0356
EleutherAI/pythia-410m,ds003604,Gram,ses-5,4,0.167,pair_cos1d,0.0113,0.011
EleutherAI/pythia-410m,ds003604,Gram,ses-5,5,0.208,pipeline_meanpool,0.0581,0.0585
EleutherAI/pythia-410m,ds003604,Gram,ses-5,5,0.208,pair_concat,0.0475,0.0545
EleutherAI/pythia-410m,ds003604,Gram,ses-5,5,0.208,pair_absdiff,0.044,0.0529
EleutherAI/pythia-410m,ds003604,Gram,ses-5,5,0.208,pair_cos1d,0.0237,0.0255
EleutherAI/pythia-410m,ds003604,Gram,ses-5,6,0.25,pipeline_meanpool,0.0326,0.0238
EleutherAI/pythia-410m,ds003604,Gram,ses-5,6,0.25,pair_concat,0.033,0.0381
EleutherAI/pythia-410m,ds003604,Gram,ses-5,6,0.25,pair_absdiff,0.0148,0.0034
EleutherAI/pythia-410m,ds003604,Gram,ses-5,6,0.25,pair_cos1d,0.0192,0.0192
EleutherAI/pythia-410m,ds003604,Gram,ses-5,7,0.292,pipeline_meanpool,0.0371,0.0333
EleutherAI/pythia-410m,ds003604,Gram,ses-5,7,0.292,pair_concat,0.0351,0.0418
EleutherAI/pythia-410m,ds003604,Gram,ses-5,7,0.292,pair_absdiff,0.007,0.0066
EleutherAI/pythia-410m,ds003604,Gram,ses-5,7,0.292,pair_cos1d,0.0162,0.0165
EleutherAI/pythia-410m,ds003604,Gram,ses-5,8,0.333,pipeline_meanpool,0.037,0.0373
EleutherAI/pythia-410m,ds003604,Gram,ses-5,8,0.333,pair_concat,0.0342,0.0406
EleutherAI/pythia-410m,ds003604,Gram,ses-5,8,0.333,pair_absdiff,0.0048,0.0079
EleutherAI/pythia-410m,ds003604,Gram,ses-5,8,0.333,pair_cos1d,0.0158,0.0161
EleutherAI/pythia-410m,ds003604,Gram,ses-5,9,0.375,pipeline_meanpool,0.0392,0.0395
EleutherAI/pythia-410m,ds003604,Gram,ses-5,9,0.375,pair_concat,0.0336,0.0394
EleutherAI/pythia-410m,ds003604,Gram,ses-5,9,0.375,pair_absdiff,0.0057,0.0088
EleutherAI/pythia-410m,ds003604,Gram,ses-5,9,0.375,pair_cos1d,0.0157,0.016
EleutherAI/pythia-410m,ds003604,Gram,ses-5,10,0.417,pipeline_meanpool,0.0384,0.0418
EleutherAI/pythia-410m,ds003604,Gram,ses-5,10,0.417,pair_concat,0.034,0.0407
EleutherAI/pythia-410m,ds003604,Gram,ses-5,10,0.417,pair_absdiff,0.0059,0.0099
EleutherAI/pythia-410m,ds003604,Gram,ses-5,10,0.417,pair_cos1d,0.0156,0.0159
EleutherAI/pythia-410m,ds003604,Gram,ses-5,11,0.458,pipeline_meanpool,0.0384,0.0422
EleutherAI/pythia-410m,ds003604,Gram,ses-5,11,0.458,pair_concat,0.0346,0.0414
EleutherAI/pythia-410m,ds003604,Gram,ses-5,11,0.458,pair_absdiff,0.0056,0.0093
EleutherAI/pythia-410m,ds003604,Gram,ses-5,11,0.458,pair_cos1d,0.0154,0.0154
EleutherAI/pythia-410m,ds003604,Gram,ses-5,12,0.5,pipeline_meanpool,0.0365,0.0444
EleutherAI/pythia-410m,ds003604,Gram,ses-5,12,0.5,pair_concat,0.0344,0.0414
EleutherAI/pythia-410m,ds003604,Gram,ses-5,12,0.5,pair_absdiff,0.0041,0.0099
EleutherAI/pythia-410m,ds003604,Gram,ses-5,12,0.5,pair_cos1d,0.0155,0.0156
EleutherAI/pythia-410m,ds003604,Gram,ses-5,13,0.542,pipeline_meanpool,0.0351,0.0434
EleutherAI/pythia-410m,ds003604,Gram,ses-5,13,0.542,pair_concat,0.0337,0.04
EleutherAI/pythia-410m,ds003604,Gram,ses-5,13,0.542,pair_absdiff,0.0046,0.0108
EleutherAI/pythia-410m,ds003604,Gram,ses-5,13,0.542,pair_cos1d,0.0156,0.0156
EleutherAI/pythia-410m,ds003604,Gram,ses-5,14,0.583,pipeline_meanpool,0.04,0.0537
EleutherAI/pythia-410m,ds003604,Gram,ses-5,14,0.583,pair_concat,0.0352,0.0423
EleutherAI/pythia-410m,ds003604,Gram,ses-5,14,0.583,pair_absdiff,0.0064,0.0112
EleutherAI/pythia-410m,ds003604,Gram,ses-5,14,0.583,pair_cos1d,0.016,0.0161
EleutherAI/pythia-410m,ds003604,Gram,ses-5,15,0.625,pipeline_meanpool,0.0369,0.051
EleutherAI/pythia-410m,ds003604,Gram,ses-5,15,0.625,pair_concat,0.0347,0.041
EleutherAI/pythia-410m,ds003604,Gram,ses-5,15,0.625,pair_absdiff,0.0053,0.0124
EleutherAI/pythia-410m,ds003604,Gram,ses-5,15,0.625,pair_cos1d,0.0159,0.0161
EleutherAI/pythia-410m,ds003604,Gram,ses-5,16,0.667,pipeline_meanpool,0.0371,0.0528
EleutherAI/pythia-410m,ds003604,Gram,ses-5,16,0.667,pair_concat,0.0357,0.0425
EleutherAI/pythia-410m,ds003604,Gram,ses-5,16,0.667,pair_absdiff,0.0035,0.0092
EleutherAI/pythia-410m,ds003604,Gram,ses-5,16,0.667,pair_cos1d,0.0161,0.0164
EleutherAI/pythia-410m,ds003604,Gram,ses-5,17,0.708,pipeline_meanpool,0.0333,0.0502
EleutherAI/pythia-410m,ds003604,Gram,ses-5,17,0.708,pair_concat,0.0356,0.043
EleutherAI/pythia-410m,ds003604,Gram,ses-5,17,0.708,pair_absdiff,0.0037,0.0102
EleutherAI/pythia-410m,ds003604,Gram,ses-5,17,0.708,pair_cos1d,0.016,0.0164
EleutherAI/pythia-410m,ds003604,Gram,ses-5,18,0.75,pipeline_meanpool,0.0266,0.0481
EleutherAI/pythia-410m,ds003604,Gram,ses-5,18,0.75,pair_concat,0.0338,0.0407
EleutherAI/pythia-410m,ds003604,Gram,ses-5,18,0.75,pair_absdiff,0.0044,0.0113
EleutherAI/pythia-410m,ds003604,Gram,ses-5,18,0.75,pair_cos1d,0.0165,0.0172
EleutherAI/pythia-410m,ds003604,Gram,ses-5,19,0.792,pipeline_meanpool,0.0262,0.0514
EleutherAI/pythia-410m,ds003604,Gram,ses-5,19,0.792,pair_concat,0.0345,0.0413
EleutherAI/pythia-410m,ds003604,Gram,ses-5,19,0.792,pair_absdiff,0.005,0.0097
EleutherAI/pythia-410m,ds003604,Gram,ses-5,19,0.792,pair_cos1d,0.0168,0.0174
EleutherAI/pythia-410m,ds003604,Gram,ses-5,20,0.833,pipeline_meanpool,0.0332,0.059
EleutherAI/pythia-410m,ds003604,Gram,ses-5,20,0.833,pair_concat,0.0345,0.0417
EleutherAI/pythia-410m,ds003604,Gram,ses-5,20,0.833,pair_absdiff,0.003,0.0098
EleutherAI/pythia-410m,ds003604,Gram,ses-5,20,0.833,pair_cos1d,0.0154,0.0166
EleutherAI/pythia-410m,ds003604,Gram,ses-5,21,0.875,pipeline_meanpool,0.0276,0.054
EleutherAI/pythia-410m,ds003604,Gram,ses-5,21,0.875,pair_concat,0.0344,0.0419
EleutherAI/pythia-410m,ds003604,Gram,ses-5,21,0.875,pair_absdiff,0.004,0.009
EleutherAI/pythia-410m,ds003604,Gram,ses-5,21,0.875,pair_cos1d,0.0143,0.0156
EleutherAI/pythia-410m,ds003604,Gram,ses-5,22,0.917,pipeline_meanpool,0.0243,0.0546
EleutherAI/pythia-410m,ds003604,Gram,ses-5,22,0.917,pair_concat,0.0343,0.0409
EleutherAI/pythia-410m,ds003604,Gram,ses-5,22,0.917,pair_absdiff,0.0053,0.0104
EleutherAI/pythia-410m,ds003604,Gram,ses-5,22,0.917,pair_cos1d,0.0153,0.0168
EleutherAI/pythia-410m,ds003604,Gram,ses-5,23,0.958,pipeline_meanpool,0.0215,0.053
EleutherAI/pythia-410m,ds003604,Gram,ses-5,23,0.958,pair_concat,0.0349,0.0416
EleutherAI/pythia-410m,ds003604,Gram,ses-5,23,0.958,pair_absdiff,0.0098,0.0144
EleutherAI/pythia-410m,ds003604,Gram,ses-5,23,0.958,pair_cos1d,0.0143,0.0154
EleutherAI/pythia-410m,ds003604,Gram,ses-5,24,1.0,pipeline_meanpool,0.0278,0.0574
EleutherAI/pythia-410m,ds003604,Gram,ses-5,24,1.0,pair_concat,0.0448,0.0458
EleutherAI/pythia-410m,ds003604,Gram,ses-5,24,1.0,pair_absdiff,0.0377,0.0408
EleutherAI/pythia-410m,ds003604,Gram,ses-5,24,1.0,pair_cos1d,-0.0084,-0.0092
EleutherAI/pythia-410m,ds003604,Gram,ses-7,0,0.0,pipeline_meanpool,0.0189,0.0278
EleutherAI/pythia-410m,ds003604,Gram,ses-7,0,0.0,pair_concat,0.0326,0.0344
EleutherAI/pythia-410m,ds003604,Gram,ses-7,0,0.0,pair_absdiff,0.037,0.0296
EleutherAI/pythia-410m,ds003604,Gram,ses-7,0,0.0,pair_cos1d,-0.0052,-0.0006
EleutherAI/pythia-410m,ds003604,Gram,ses-7,1,0.042,pipeline_meanpool,0.0402,0.0548
EleutherAI/pythia-410m,ds003604,Gram,ses-7,1,0.042,pair_concat,0.0352,0.0382
EleutherAI/pythia-410m,ds003604,Gram,ses-7,1,0.042,pair_absdiff,0.0412,0.0413
EleutherAI/pythia-410m,ds003604,Gram,ses-7,1,0.042,pair_cos1d,-0.0117,-0.0093
EleutherAI/pythia-410m,ds003604,Gram,ses-7,2,0.083,pipeline_meanpool,0.0401,0.048
EleutherAI/pythia-410m,ds003604,Gram,ses-7,2,0.083,pair_concat,0.0355,0.0367
EleutherAI/pythia-410m,ds003604,Gram,ses-7,2,0.083,pair_absdiff,0.0403,0.0381
EleutherAI/pythia-410m,ds003604,Gram,ses-7,2,0.083,pair_cos1d,0.019,0.0164
EleutherAI/pythia-410m,ds003604,Gram,ses-7,3,0.125,pipeline_meanpool,0.0428,0.0543
EleutherAI/pythia-410m,ds003604,Gram,ses-7,3,0.125,pair_concat,0.0342,0.0355
EleutherAI/pythia-410m,ds003604,Gram,ses-7,3,0.125,pair_absdiff,0.0436,0.047
EleutherAI/pythia-410m,ds003604,Gram,ses-7,3,0.125,pair_cos1d,0.0052,0.0038
EleutherAI/pythia-410m,ds003604,Gram,ses-7,4,0.167,pipeline_meanpool,0.0492,0.0615
EleutherAI/pythia-410m,ds003604,Gram,ses-7,4,0.167,pair_concat,0.0353,0.0393
EleutherAI/pythia-410m,ds003604,Gram,ses-7,4,0.167,pair_absdiff,0.0248,0.0209
EleutherAI/pythia-410m,ds003604,Gram,ses-7,4,0.167,pair_cos1d,0.0167,0.0147
EleutherAI/pythia-410m,ds003604,Gram,ses-7,5,0.208,pipeline_meanpool,0.0465,0.0537
EleutherAI/pythia-410m,ds003604,Gram,ses-7,5,0.208,pair_concat,0.0358,0.0409
EleutherAI/pythia-410m,ds003604,Gram,ses-7,5,0.208,pair_absdiff,0.0337,0.0374
EleutherAI/pythia-410m,ds003604,Gram,ses-7,5,0.208,pair_cos1d,0.0279,0.032
EleutherAI/pythia-410m,ds003604,Gram,ses-7,6,0.25,pipeline_meanpool,0.023,0.0188
EleutherAI/pythia-410m,ds003604,Gram,ses-7,6,0.25,pair_concat,0.0298,0.0322
EleutherAI/pythia-410m,ds003604,Gram,ses-7,6,0.25,pair_absdiff,0.0142,0.0031
EleutherAI/pythia-410m,ds003604,Gram,ses-7,6,0.25,pair_cos1d,0.0192,0.0187
EleutherAI/pythia-410m,ds003604,Gram,ses-7,7,0.292,pipeline_meanpool,0.026,0.0287
EleutherAI/pythia-410m,ds003604,Gram,ses-7,7,0.292,pair_concat,0.0304,0.035
EleutherAI/pythia-410m,ds003604,Gram,ses-7,7,0.292,pair_absdiff,0.017,0.0089
EleutherAI/pythia-410m,ds003604,Gram,ses-7,7,0.292,pair_cos1d,0.0157,0.0153
EleutherAI/pythia-410m,ds003604,Gram,ses-7,8,0.333,pipeline_meanpool,0.0271,0.0327
EleutherAI/pythia-410m,ds003604,Gram,ses-7,8,0.333,pair_concat,0.0295,0.0343
EleutherAI/pythia-410m,ds003604,Gram,ses-7,8,0.333,pair_absdiff,0.0138,0.0074
EleutherAI/pythia-410m,ds003604,Gram,ses-7,8,0.333,pair_cos1d,0.0153,0.0149
EleutherAI/pythia-410m,ds003604,Gram,ses-7,9,0.375,pipeline_meanpool,0.0278,0.0352
EleutherAI/pythia-410m,ds003604,Gram,ses-7,9,0.375,pair_concat,0.0293,0.0333
EleutherAI/pythia-410m,ds003604,Gram,ses-7,9,0.375,pair_absdiff,0.0163,0.0091
EleutherAI/pythia-410m,ds003604,Gram,ses-7,9,0.375,pair_cos1d,0.0153,0.0148
EleutherAI/pythia-410m,ds003604,Gram,ses-7,10,0.417,pipeline_meanpool,0.0281,0.0404
EleutherAI/pythia-410m,ds003604,Gram,ses-7,10,0.417,pair_concat,0.0291,0.0339
EleutherAI/pythia-410m,ds003604,Gram,ses-7,10,0.417,pair_absdiff,0.0153,0.0096
EleutherAI/pythia-410m,ds003604,Gram,ses-7,10,0.417,pair_cos1d,0.0154,0.0148
EleutherAI/pythia-410m,ds003604,Gram,ses-7,11,0.458,pipeline_meanpool,0.0278,0.0424
EleutherAI/pythia-410m,ds003604,Gram,ses-7,11,0.458,pair_concat,0.0301,0.035
EleutherAI/pythia-410m,ds003604,Gram,ses-7,11,0.458,pair_absdiff,0.0147,0.009
EleutherAI/pythia-410m,ds003604,Gram,ses-7,11,0.458,pair_cos1d,0.0156,0.0145
EleutherAI/pythia-410m,ds003604,Gram,ses-7,12,0.5,pipeline_meanpool,0.0257,0.0425
EleutherAI/pythia-410m,ds003604,Gram,ses-7,12,0.5,pair_concat,0.0295,0.0343
EleutherAI/pythia-410m,ds003604,Gram,ses-7,12,0.5,pair_absdiff,0.013,0.0104
EleutherAI/pythia-410m,ds003604,Gram,ses-7,12,0.5,pair_cos1d,0.016,0.0149
EleutherAI/pythia-410m,ds003604,Gram,ses-7,13,0.542,pipeline_meanpool,0.0257,0.0439
EleutherAI/pythia-410m,ds003604,Gram,ses-7,13,0.542,pair_concat,0.0287,0.0331
EleutherAI/pythia-410m,ds003604,Gram,ses-7,13,0.542,pair_absdiff,0.0143,0.0115
EleutherAI/pythia-410m,ds003604,Gram,ses-7,13,0.542,pair_cos1d,0.016,0.0148
EleutherAI/pythia-410m,ds003604,Gram,ses-7,14,0.583,pipeline_meanpool,0.0294,0.0561
EleutherAI/pythia-410m,ds003604,Gram,ses-7,14,0.583,pair_concat,0.03,0.0349
EleutherAI/pythia-410m,ds003604,Gram,ses-7,14,0.583,pair_absdiff,0.0153,0.0103
EleutherAI/pythia-410m,ds003604,Gram,ses-7,14,0.583,pair_cos1d,0.0164,0.0153
EleutherAI/pythia-410m,ds003604,Gram,ses-7,15,0.625,pipeline_meanpool,0.0269,0.0522
EleutherAI/pythia-410m,ds003604,Gram,ses-7,15,0.625,pair_concat,0.0298,0.0337
EleutherAI/pythia-410m,ds003604,Gram,ses-7,15,0.625,pair_absdiff,0.0136,0.0118
EleutherAI/pythia-410m,ds003604,Gram,ses-7,15,0.625,pair_cos1d,0.0163,0.0153
EleutherAI/pythia-410m,ds003604,Gram,ses-7,16,0.667,pipeline_meanpool,0.0289,0.0556
EleutherAI/pythia-410m,ds003604,Gram,ses-7,16,0.667,pair_concat,0.0317,0.0358
EleutherAI/pythia-410m,ds003604,Gram,ses-7,16,0.667,pair_absdiff,0.0124,0.009
EleutherAI/pythia-410m,ds003604,Gram,ses-7,16,0.667,pair_cos1d,0.0163,0.0156
EleutherAI/pythia-410m,ds003604,Gram,ses-7,17,0.708,pipeline_meanpool,0.0228,0.0522
EleutherAI/pythia-410m,ds003604,Gram,ses-7,17,0.708,pair_concat,0.0305,0.0357
EleutherAI/pythia-410m,ds003604,Gram,ses-7,17,0.708,pair_absdiff,0.0126,0.0105
EleutherAI/pythia-410m,ds003604,Gram,ses-7,17,0.708,pair_cos1d,0.0164,0.0157
EleutherAI/pythia-410m,ds003604,Gram,ses-7,18,0.75,pipeline_meanpool,0.0141,0.0467
EleutherAI/pythia-410m,ds003604,Gram,ses-7,18,0.75,pair_concat,0.0288,0.0337
EleutherAI/pythia-410m,ds003604,Gram,ses-7,18,0.75,pair_absdiff,0.0124,0.011
EleutherAI/pythia-410m,ds003604,Gram,ses-7,18,0.75,pair_cos1d,0.0165,0.0163
EleutherAI/pythia-410m,ds003604,Gram,ses-7,19,0.792,pipeline_meanpool,0.0125,0.0493
EleutherAI/pythia-410m,ds003604,Gram,ses-7,19,0.792,pair_concat,0.03,0.035
EleutherAI/pythia-410m,ds003604,Gram,ses-7,19,0.792,pair_absdiff,0.014,0.0093
EleutherAI/pythia-410m,ds003604,Gram,ses-7,19,0.792,pair_cos1d,0.0163,0.0162
EleutherAI/pythia-410m,ds003604,Gram,ses-7,20,0.833,pipeline_meanpool,0.0191,0.0551
EleutherAI/pythia-410m,ds003604,Gram,ses-7,20,0.833,pair_concat,0.0303,0.0355
EleutherAI/pythia-410m,ds003604,Gram,ses-7,20,0.833,pair_absdiff,0.0117,0.0101
EleutherAI/pythia-410m,ds003604,Gram,ses-7,20,0.833,pair_cos1d,0.0153,0.0156
EleutherAI/pythia-410m,ds003604,Gram,ses-7,21,0.875,pipeline_meanpool,0.0141,0.0514
EleutherAI/pythia-410m,ds003604,Gram,ses-7,21,0.875,pair_concat,0.0304,0.0358
EleutherAI/pythia-410m,ds003604,Gram,ses-7,21,0.875,pair_absdiff,0.014,0.0092
EleutherAI/pythia-410m,ds003604,Gram,ses-7,21,0.875,pair_cos1d,0.0142,0.0148
EleutherAI/pythia-410m,ds003604,Gram,ses-7,22,0.917,pipeline_meanpool,0.0093,0.0492
EleutherAI/pythia-410m,ds003604,Gram,ses-7,22,0.917,pair_concat,0.0305,0.0353
EleutherAI/pythia-410m,ds003604,Gram,ses-7,22,0.917,pair_absdiff,0.0145,0.0101
EleutherAI/pythia-410m,ds003604,Gram,ses-7,22,0.917,pair_cos1d,0.0152,0.0161
EleutherAI/pythia-410m,ds003604,Gram,ses-7,23,0.958,pipeline_meanpool,0.0097,0.0534
EleutherAI/pythia-410m,ds003604,Gram,ses-7,23,0.958,pair_concat,0.03,0.035
EleutherAI/pythia-410m,ds003604,Gram,ses-7,23,0.958,pair_absdiff,0.0172,0.0113
EleutherAI/pythia-410m,ds003604,Gram,ses-7,23,0.958,pair_cos1d,0.0137,0.0143
EleutherAI/pythia-410m,ds003604,Gram,ses-7,24,1.0,pipeline_meanpool,0.0248,0.0607
EleutherAI/pythia-410m,ds003604,Gram,ses-7,24,1.0,pair_concat,0.0378,0.0364
EleutherAI/pythia-410m,ds003604,Gram,ses-7,24,1.0,pair_absdiff,0.0279,0.0332
EleutherAI/pythia-410m,ds003604,Gram,ses-7,24,1.0,pair_cos1d,-0.0052,-0.0069
EleutherAI/pythia-410m,ds003604,Gram,ses-9,0,0.0,pipeline_meanpool,-0.0039,0.0191
EleutherAI/pythia-410m,ds003604,Gram,ses-9,0,0.0,pair_concat,-0.001,0.0225
EleutherAI/pythia-410m,ds003604,Gram,ses-9,0,0.0,pair_absdiff,0.0035,0.0186
EleutherAI/pythia-410m,ds003604,Gram,ses-9,0,0.0,pair_cos1d,-0.0053,-0.001
EleutherAI/pythia-410m,ds003604,Gram,ses-9,1,0.042,pipeline_meanpool,0.0102,0.0416
EleutherAI/pythia-410m,ds003604,Gram,ses-9,1,0.042,pair_concat,0.0028,0.0262
EleutherAI/pythia-410m,ds003604,Gram,ses-9,1,0.042,pair_absdiff,0.0033,0.0264
EleutherAI/pythia-410m,ds003604,Gram,ses-9,1,0.042,pair_cos1d,-0.0211,-0.0152
EleutherAI/pythia-410m,ds003604,Gram,ses-9,2,0.083,pipeline_meanpool,0.0114,0.0331
EleutherAI/pythia-410m,ds003604,Gram,ses-9,2,0.083,pair_concat,0.0026,0.0249
EleutherAI/pythia-410m,ds003604,Gram,ses-9,2,0.083,pair_absdiff,0.0041,0.0236
EleutherAI/pythia-410m,ds003604,Gram,ses-9,2,0.083,pair_cos1d,-0.0055,0.0044
EleutherAI/pythia-410m,ds003604,Gram,ses-9,3,0.125,pipeline_meanpool,0.0133,0.0413
EleutherAI/pythia-410m,ds003604,Gram,ses-9,3,0.125,pair_concat,0.002,0.0243
EleutherAI/pythia-410m,ds003604,Gram,ses-9,3,0.125,pair_absdiff,0.007,0.0318
EleutherAI/pythia-410m,ds003604,Gram,ses-9,3,0.125,pair_cos1d,-0.013,-0.007
EleutherAI/pythia-410m,ds003604,Gram,ses-9,4,0.167,pipeline_meanpool,0.0146,0.0472
EleutherAI/pythia-410m,ds003604,Gram,ses-9,4,0.167,pair_concat,0.005,0.0283
EleutherAI/pythia-410m,ds003604,Gram,ses-9,4,0.167,pair_absdiff,-0.0051,0.0102
EleutherAI/pythia-410m,ds003604,Gram,ses-9,4,0.167,pair_cos1d,-0.0034,0.0048
EleutherAI/pythia-410m,ds003604,Gram,ses-9,5,0.208,pipeline_meanpool,0.0115,0.0401
EleutherAI/pythia-410m,ds003604,Gram,ses-9,5,0.208,pair_concat,0.0032,0.03
EleutherAI/pythia-410m,ds003604,Gram,ses-9,5,0.208,pair_absdiff,0.0011,0.0276
EleutherAI/pythia-410m,ds003604,Gram,ses-9,5,0.208,pair_cos1d,0.0014,0.0235
EleutherAI/pythia-410m,ds003604,Gram,ses-9,6,0.25,pipeline_meanpool,-0.005,0.0055
EleutherAI/pythia-410m,ds003604,Gram,ses-9,6,0.25,pair_concat,0.0017,0.0258
EleutherAI/pythia-410m,ds003604,Gram,ses-9,6,0.25,pair_absdiff,-0.0104,-0.0095
EleutherAI/pythia-410m,ds003604,Gram,ses-9,6,0.25,pair_cos1d,-0.002,0.0117
EleutherAI/pythia-410m,ds003604,Gram,ses-9,7,0.292,pipeline_meanpool,-0.0028,0.0158
EleutherAI/pythia-410m,ds003604,Gram,ses-9,7,0.292,pair_concat,0.003,0.0293
EleutherAI/pythia-410m,ds003604,Gram,ses-9,7,0.292,pair_absdiff,-0.0125,-0.0043
EleutherAI/pythia-410m,ds003604,Gram,ses-9,7,0.292,pair_cos1d,-0.0039,0.0086
EleutherAI/pythia-410m,ds003604,Gram,ses-9,8,0.333,pipeline_meanpool,-0.0024,0.0185
EleutherAI/pythia-410m,ds003604,Gram,ses-9,8,0.333,pair_concat,0.0021,0.0282
EleutherAI/pythia-410m,ds003604,Gram,ses-9,8,0.333,pair_absdiff,-0.0143,-0.0038
EleutherAI/pythia-410m,ds003604,Gram,ses-9,8,0.333,pair_cos1d,-0.0041,0.0081
EleutherAI/pythia-410m,ds003604,Gram,ses-9,9,0.375,pipeline_meanpool,-0.0015,0.0201
EleutherAI/pythia-410m,ds003604,Gram,ses-9,9,0.375,pair_concat,0.0016,0.027
EleutherAI/pythia-410m,ds003604,Gram,ses-9,9,0.375,pair_absdiff,-0.0126,-0.0028
EleutherAI/pythia-410m,ds003604,Gram,ses-9,9,0.375,pair_cos1d,-0.0041,0.0081
EleutherAI/pythia-410m,ds003604,Gram,ses-9,10,0.417,pipeline_meanpool,-0.0012,0.025
EleutherAI/pythia-410m,ds003604,Gram,ses-9,10,0.417,pair_concat,0.0017,0.0279
EleutherAI/pythia-410m,ds003604,Gram,ses-9,10,0.417,pair_absdiff,-0.0129,-0.0017
EleutherAI/pythia-410m,ds003604,Gram,ses-9,10,0.417,pair_cos1d,-0.0041,0.008
EleutherAI/pythia-410m,ds003604,Gram,ses-9,11,0.458,pipeline_meanpool,-0.0016,0.0272
EleutherAI/pythia-410m,ds003604,Gram,ses-9,11,0.458,pair_concat,0.0026,0.0289
EleutherAI/pythia-410m,ds003604,Gram,ses-9,11,0.458,pair_absdiff,-0.0132,-0.0023
EleutherAI/pythia-410m,ds003604,Gram,ses-9,11,0.458,pair_cos1d,-0.0045,0.0076
EleutherAI/pythia-410m,ds003604,Gram,ses-9,12,0.5,pipeline_meanpool,-0.0038,0.0277
EleutherAI/pythia-410m,ds003604,Gram,ses-9,12,0.5,pair_concat,0.0019,0.0282
EleutherAI/pythia-410m,ds003604,Gram,ses-9,12,0.5,pair_absdiff,-0.0125,-0.0002
EleutherAI/pythia-410m,ds003604,Gram,ses-9,12,0.5,pair_cos1d,-0.0046,0.0077
EleutherAI/pythia-410m,ds003604,Gram,ses-9,13,0.542,pipeline_meanpool,-0.0057,0.0285
EleutherAI/pythia-410m,ds003604,Gram,ses-9,13,0.542,pair_concat,0.0009,0.0269
EleutherAI/pythia-410m,ds003604,Gram,ses-9,13,0.542,pair_absdiff,-0.0123,0.0004
EleutherAI/pythia-410m,ds003604,Gram,ses-9,13,0.542,pair_cos1d,-0.0047,0.0075
EleutherAI/pythia-410m,ds003604,Gram,ses-9,14,0.583,pipeline_meanpool,-0.0013,0.0405
EleutherAI/pythia-410m,ds003604,Gram,ses-9,14,0.583,pair_concat,0.0024,0.0291
EleutherAI/pythia-410m,ds003604,Gram,ses-9,14,0.583,pair_absdiff,-0.0127,-0.0007
EleutherAI/pythia-410m,ds003604,Gram,ses-9,14,0.583,pair_cos1d,-0.0043,0.0081
EleutherAI/pythia-410m,ds003604,Gram,ses-9,15,0.625,pipeline_meanpool,-0.0039,0.0374
EleutherAI/pythia-410m,ds003604,Gram,ses-9,15,0.625,pair_concat,0.0019,0.0277
EleutherAI/pythia-410m,ds003604,Gram,ses-9,15,0.625,pair_absdiff,-0.012,0.0016
EleutherAI/pythia-410m,ds003604,Gram,ses-9,15,0.625,pair_cos1d,-0.0044,0.0081
EleutherAI/pythia-410m,ds003604,Gram,ses-9,16,0.667,pipeline_meanpool,-0.0038,0.041
EleutherAI/pythia-410m,ds003604,Gram,ses-9,16,0.667,pair_concat,0.0037,0.0297
EleutherAI/pythia-410m,ds003604,Gram,ses-9,16,0.667,pair_absdiff,-0.0131,-0.0014
EleutherAI/pythia-410m,ds003604,Gram,ses-9,16,0.667,pair_cos1d,-0.0043,0.0084
EleutherAI/pythia-410m,ds003604,Gram,ses-9,17,0.708,pipeline_meanpool,-0.0073,0.0402
EleutherAI/pythia-410m,ds003604,Gram,ses-9,17,0.708,pair_concat,0.003,0.0299
EleutherAI/pythia-410m,ds003604,Gram,ses-9,17,0.708,pair_absdiff,-0.0129,-0.0002
EleutherAI/pythia-410m,ds003604,Gram,ses-9,17,0.708,pair_cos1d,-0.0044,0.0084
EleutherAI/pythia-410m,ds003604,Gram,ses-9,18,0.75,pipeline_meanpool,-0.0098,0.036
EleutherAI/pythia-410m,ds003604,Gram,ses-9,18,0.75,pair_concat,0.0016,0.0281
EleutherAI/pythia-410m,ds003604,Gram,ses-9,18,0.75,pair_absdiff,-0.0128,0.0009
EleutherAI/pythia-410m,ds003604,Gram,ses-9,18,0.75,pair_cos1d,-0.0036,0.0091
EleutherAI/pythia-410m,ds003604,Gram,ses-9,19,0.792,pipeline_meanpool,-0.011,0.0394
EleutherAI/pythia-410m,ds003604,Gram,ses-9,19,0.792,pair_concat,0.0025,0.0292
EleutherAI/pythia-410m,ds003604,Gram,ses-9,19,0.792,pair_absdiff,-0.0139,-0.0015
EleutherAI/pythia-410m,ds003604,Gram,ses-9,19,0.792,pair_cos1d,-0.0029,0.0095
EleutherAI/pythia-410m,ds003604,Gram,ses-9,20,0.833,pipeline_meanpool,-0.0055,0.0458
EleutherAI/pythia-410m,ds003604,Gram,ses-9,20,0.833,pair_concat,0.0025,0.0295
EleutherAI/pythia-410m,ds003604,Gram,ses-9,20,0.833,pair_absdiff,-0.0141,-0.0004
EleutherAI/pythia-410m,ds003604,Gram,ses-9,20,0.833,pair_cos1d,-0.0048,0.0086
EleutherAI/pythia-410m,ds003604,Gram,ses-9,21,0.875,pipeline_meanpool,-0.0079,0.0428
EleutherAI/pythia-410m,ds003604,Gram,ses-9,21,0.875,pair_concat,0.0027,0.0296
EleutherAI/pythia-410m,ds003604,Gram,ses-9,21,0.875,pair_absdiff,-0.0143,-0.0021
EleutherAI/pythia-410m,ds003604,Gram,ses-9,21,0.875,pair_cos1d,-0.0053,0.0079
EleutherAI/pythia-410m,ds003604,Gram,ses-9,22,0.917,pipeline_meanpool,-0.0099,0.0437
EleutherAI/pythia-410m,ds003604,Gram,ses-9,22,0.917,pair_concat,0.0026,0.0289
EleutherAI/pythia-410m,ds003604,Gram,ses-9,22,0.917,pair_absdiff,-0.0136,-0.0009
EleutherAI/pythia-410m,ds003604,Gram,ses-9,22,0.917,pair_cos1d,-0.0045,0.0091
EleutherAI/pythia-410m,ds003604,Gram,ses-9,23,0.958,pipeline_meanpool,-0.0124,0.0469
EleutherAI/pythia-410m,ds003604,Gram,ses-9,23,0.958,pair_concat,0.0024,0.0289
EleutherAI/pythia-410m,ds003604,Gram,ses-9,23,0.958,pair_absdiff,-0.012,0.0007
EleutherAI/pythia-410m,ds003604,Gram,ses-9,23,0.958,pair_cos1d,-0.0056,0.0074
EleutherAI/pythia-410m,ds003604,Gram,ses-9,24,1.0,pipeline_meanpool,0.0009,0.0529
EleutherAI/pythia-410m,ds003604,Gram,ses-9,24,1.0,pair_concat,0.0037,0.0237
EleutherAI/pythia-410m,ds003604,Gram,ses-9,24,1.0,pair_absdiff,0.0014,0.0215
EleutherAI/pythia-410m,ds003604,Gram,ses-9,24,1.0,pair_cos1d,-0.0129,-0.0109
EleutherAI/pythia-410m,ds003604,Phon,ses-5,0,0.0,pipeline_meanpool,0.0047,-0.0055
EleutherAI/pythia-410m,ds003604,Phon,ses-5,0,0.0,pair_concat,-0.0338,-0.0114
EleutherAI/pythia-410m,ds003604,Phon,ses-5,0,0.0,pair_absdiff,-0.0004,-0.0104
EleutherAI/pythia-410m,ds003604,Phon,ses-5,0,0.0,pair_cos1d,0.0044,-0.0177
EleutherAI/pythia-410m,ds003604,Phon,ses-5,1,0.042,pipeline_meanpool,-0.0062,0.0099
EleutherAI/pythia-410m,ds003604,Phon,ses-5,1,0.042,pair_concat,-0.0209,0.0237
EleutherAI/pythia-410m,ds003604,Phon,ses-5,1,0.042,pair_absdiff,-0.0231,-0.0111
EleutherAI/pythia-410m,ds003604,Phon,ses-5,1,0.042,pair_cos1d,0.037,0.0115
EleutherAI/pythia-410m,ds003604,Phon,ses-5,2,0.083,pipeline_meanpool,-0.0069,-0.0033
EleutherAI/pythia-410m,ds003604,Phon,ses-5,2,0.083,pair_concat,-0.0168,0.0018
EleutherAI/pythia-410m,ds003604,Phon,ses-5,2,0.083,pair_absdiff,-0.0184,0.0008
EleutherAI/pythia-410m,ds003604,Phon,ses-5,2,0.083,pair_cos1d,0.0275,0.0165
EleutherAI/pythia-410m,ds003604,Phon,ses-5,3,0.125,pipeline_meanpool,-0.0036,0.002
EleutherAI/pythia-410m,ds003604,Phon,ses-5,3,0.125,pair_concat,-0.0071,-0.0019
EleutherAI/pythia-410m,ds003604,Phon,ses-5,3,0.125,pair_absdiff,-0.0273,-0.0407
EleutherAI/pythia-410m,ds003604,Phon,ses-5,3,0.125,pair_cos1d,-0.0,-0.0073
EleutherAI/pythia-410m,ds003604,Phon,ses-5,4,0.167,pipeline_meanpool,-0.0131,-0.0253
EleutherAI/pythia-410m,ds003604,Phon,ses-5,4,0.167,pair_concat,-0.0149,-0.0351
EleutherAI/pythia-410m,ds003604,Phon,ses-5,4,0.167,pair_absdiff,-0.0184,-0.0009
EleutherAI/pythia-410m,ds003604,Phon,ses-5,4,0.167,pair_cos1d,0.0038,-0.0082
EleutherAI/pythia-410m,ds003604,Phon,ses-5,5,0.208,pipeline_meanpool,-0.015,-0.0329
EleutherAI/pythia-410m,ds003604,Phon,ses-5,5,0.208,pair_concat,-0.0133,-0.0419
EleutherAI/pythia-410m,ds003604,Phon,ses-5,5,0.208,pair_absdiff,-0.0042,-0.0114
EleutherAI/pythia-410m,ds003604,Phon,ses-5,5,0.208,pair_cos1d,-0.0089,-0.0162
EleutherAI/pythia-410m,ds003604,Phon,ses-5,6,0.25,pipeline_meanpool,-0.0097,-0.0263
EleutherAI/pythia-410m,ds003604,Phon,ses-5,6,0.25,pair_concat,-0.0123,-0.008
EleutherAI/pythia-410m,ds003604,Phon,ses-5,6,0.25,pair_absdiff,-0.0041,-0.0326
EleutherAI/pythia-410m,ds003604,Phon,ses-5,6,0.25,pair_cos1d,-0.0136,-0.0074
EleutherAI/pythia-410m,ds003604,Phon,ses-5,7,0.292,pipeline_meanpool,-0.0065,-0.0186
EleutherAI/pythia-410m,ds003604,Phon,ses-5,7,0.292,pair_concat,-0.0132,-0.0067
EleutherAI/pythia-410m,ds003604,Phon,ses-5,7,0.292,pair_absdiff,0.0035,-0.0475
EleutherAI/pythia-410m,ds003604,Phon,ses-5,7,0.292,pair_cos1d,-0.0125,-0.0063
EleutherAI/pythia-410m,ds003604,Phon,ses-5,8,0.333,pipeline_meanpool,-0.0053,-0.0133
EleutherAI/pythia-410m,ds003604,Phon,ses-5,8,0.333,pair_concat,-0.0126,-0.0055
EleutherAI/pythia-410m,ds003604,Phon,ses-5,8,0.333,pair_absdiff,0.0076,-0.0472
EleutherAI/pythia-410m,ds003604,Phon,ses-5,8,0.333,pair_cos1d,-0.0144,-0.006
EleutherAI/pythia-410m,ds003604,Phon,ses-5,9,0.375,pipeline_meanpool,-0.0053,-0.0097
EleutherAI/pythia-410m,ds003604,Phon,ses-5,9,0.375,pair_concat,-0.0128,-0.0059
EleutherAI/pythia-410m,ds003604,Phon,ses-5,9,0.375,pair_absdiff,0.0074,-0.0487
EleutherAI/pythia-410m,ds003604,Phon,ses-5,9,0.375,pair_cos1d,-0.0153,-0.0044
EleutherAI/pythia-410m,ds003604,Phon,ses-5,10,0.417,pipeline_meanpool,-0.0041,-0.0129
EleutherAI/pythia-410m,ds003604,Phon,ses-5,10,0.417,pair_concat,-0.0131,-0.006
EleutherAI/pythia-410m,ds003604,Phon,ses-5,10,0.417,pair_absdiff,0.0074,-0.0485
EleutherAI/pythia-410m,ds003604,Phon,ses-5,10,0.417,pair_cos1d,-0.0141,-0.0055
EleutherAI/pythia-410m,ds003604,Phon,ses-5,11,0.458,pipeline_meanpool,-0.0041,-0.0153
EleutherAI/pythia-410m,ds003604,Phon,ses-5,11,0.458,pair_concat,-0.013,-0.0058
EleutherAI/pythia-410m,ds003604,Phon,ses-5,11,0.458,pair_absdiff,0.007,-0.0507
EleutherAI/pythia-410m,ds003604,Phon,ses-5,11,0.458,pair_cos1d,-0.0098,-0.0042
EleutherAI/pythia-410m,ds003604,Phon,ses-5,12,0.5,pipeline_meanpool,-0.0032,-0.0184
EleutherAI/pythia-410m,ds003604,Phon,ses-5,12,0.5,pair_concat,-0.0134,-0.0065
EleutherAI/pythia-410m,ds003604,Phon,ses-5,12,0.5,pair_absdiff,0.0065,-0.0505
EleutherAI/pythia-410m,ds003604,Phon,ses-5,12,0.5,pair_cos1d,-0.0097,-0.0069
EleutherAI/pythia-410m,ds003604,Phon,ses-5,13,0.542,pipeline_meanpool,-0.0003,-0.0196
EleutherAI/pythia-410m,ds003604,Phon,ses-5,13,0.542,pair_concat,-0.0136,-0.0068
EleutherAI/pythia-410m,ds003604,Phon,ses-5,13,0.542,pair_absdiff,0.0066,-0.0511
EleutherAI/pythia-410m,ds003604,Phon,ses-5,13,0.542,pair_cos1d,-0.0127,-0.0109
EleutherAI/pythia-410m,ds003604,Phon,ses-5,14,0.583,pipeline_meanpool,-0.0026,-0.0195
EleutherAI/pythia-410m,ds003604,Phon,ses-5,14,0.583,pair_concat,-0.0131,-0.006
EleutherAI/pythia-410m,ds003604,Phon,ses-5,14,0.583,pair_absdiff,0.0075,-0.0526
EleutherAI/pythia-410m,ds003604,Phon,ses-5,14,0.583,pair_cos1d,-0.0142,-0.0116
EleutherAI/pythia-410m,ds003604,Phon,ses-5,15,0.625,pipeline_meanpool,-0.003,-0.0192
EleutherAI/pythia-410m,ds003604,Phon,ses-5,15,0.625,pair_concat,-0.0129,-0.0054
EleutherAI/pythia-410m,ds003604,Phon,ses-5,15,0.625,pair_absdiff,0.0092,-0.0519
EleutherAI/pythia-410m,ds003604,Phon,ses-5,15,0.625,pair_cos1d,-0.0195,-0.0162
EleutherAI/pythia-410m,ds003604,Phon,ses-5,16,0.667,pipeline_meanpool,-0.0041,-0.023
EleutherAI/pythia-410m,ds003604,Phon,ses-5,16,0.667,pair_concat,-0.0128,-0.0048
EleutherAI/pythia-410m,ds003604,Phon,ses-5,16,0.667,pair_absdiff,0.0093,-0.0516
EleutherAI/pythia-410m,ds003604,Phon,ses-5,16,0.667,pair_cos1d,-0.0202,-0.0172
EleutherAI/pythia-410m,ds003604,Phon,ses-5,17,0.708,pipeline_meanpool,-0.0102,-0.0215
EleutherAI/pythia-410m,ds003604,Phon,ses-5,17,0.708,pair_concat,-0.0124,-0.0035
EleutherAI/pythia-410m,ds003604,Phon,ses-5,17,0.708,pair_absdiff,0.0095,-0.0536
EleutherAI/pythia-410m,ds003604,Phon,ses-5,17,0.708,pair_cos1d,-0.0176,-0.0169
EleutherAI/pythia-410m,ds003604,Phon,ses-5,18,0.75,pipeline_meanpool,-0.0157,-0.0268
EleutherAI/pythia-410m,ds003604,Phon,ses-5,18,0.75,pair_concat,-0.012,-0.0029
EleutherAI/pythia-410m,ds003604,Phon,ses-5,18,0.75,pair_absdiff,0.0098,-0.0567
EleutherAI/pythia-410m,ds003604,Phon,ses-5,18,0.75,pair_cos1d,-0.0125,-0.0128
EleutherAI/pythia-410m,ds003604,Phon,ses-5,19,0.792,pipeline_meanpool,-0.0179,-0.0202
EleutherAI/pythia-410m,ds003604,Phon,ses-5,19,0.792,pair_concat,-0.012,-0.0022
EleutherAI/pythia-410m,ds003604,Phon,ses-5,19,0.792,pair_absdiff,0.009,-0.0546
EleutherAI/pythia-410m,ds003604,Phon,ses-5,19,0.792,pair_cos1d,-0.013,-0.011
EleutherAI/pythia-410m,ds003604,Phon,ses-5,20,0.833,pipeline_meanpool,-0.0195,-0.0173
EleutherAI/pythia-410m,ds003604,Phon,ses-5,20,0.833,pair_concat,-0.0121,-0.0021
EleutherAI/pythia-410m,ds003604,Phon,ses-5,20,0.833,pair_absdiff,0.0097,-0.0553
EleutherAI/pythia-410m,ds003604,Phon,ses-5,20,0.833,pair_cos1d,-0.0132,-0.0134
EleutherAI/pythia-410m,ds003604,Phon,ses-5,21,0.875,pipeline_meanpool,-0.022,-0.0177
EleutherAI/pythia-410m,ds003604,Phon,ses-5,21,0.875,pair_concat,-0.012,-0.0019
EleutherAI/pythia-410m,ds003604,Phon,ses-5,21,0.875,pair_absdiff,0.0094,-0.0538
EleutherAI/pythia-410m,ds003604,Phon,ses-5,21,0.875,pair_cos1d,-0.0097,-0.0086
EleutherAI/pythia-410m,ds003604,Phon,ses-5,22,0.917,pipeline_meanpool,-0.0231,-0.0204
EleutherAI/pythia-410m,ds003604,Phon,ses-5,22,0.917,pair_concat,-0.0118,-0.0033
EleutherAI/pythia-410m,ds003604,Phon,ses-5,22,0.917,pair_absdiff,0.0083,-0.049
EleutherAI/pythia-410m,ds003604,Phon,ses-5,22,0.917,pair_cos1d,-0.0124,-0.007
EleutherAI/pythia-410m,ds003604,Phon,ses-5,23,0.958,pipeline_meanpool,-0.0238,-0.0218
EleutherAI/pythia-410m,ds003604,Phon,ses-5,23,0.958,pair_concat,-0.0104,-0.0007
EleutherAI/pythia-410m,ds003604,Phon,ses-5,23,0.958,pair_absdiff,0.0081,-0.048
EleutherAI/pythia-410m,ds003604,Phon,ses-5,23,0.958,pair_cos1d,-0.0135,-0.0089
EleutherAI/pythia-410m,ds003604,Phon,ses-5,24,1.0,pipeline_meanpool,-0.016,-0.0195
EleutherAI/pythia-410m,ds003604,Phon,ses-5,24,1.0,pair_concat,-0.0142,0.0061
EleutherAI/pythia-410m,ds003604,Phon,ses-5,24,1.0,pair_absdiff,-0.0118,-0.0608
EleutherAI/pythia-410m,ds003604,Phon,ses-5,24,1.0,pair_cos1d,0.0039,-0.0138
EleutherAI/pythia-410m,ds003604,Phon,ses-7,0,0.0,pipeline_meanpool,0.0042,-0.0083
EleutherAI/pythia-410m,ds003604,Phon,ses-7,0,0.0,pair_concat,-0.0335,-0.0134
EleutherAI/pythia-410m,ds003604,Phon,ses-7,0,0.0,pair_absdiff,-0.0056,-0.0109
EleutherAI/pythia-410m,ds003604,Phon,ses-7,0,0.0,pair_cos1d,-0.0062,-0.0172
EleutherAI/pythia-410m,ds003604,Phon,ses-7,1,0.042,pipeline_meanpool,-0.0043,0.0064
EleutherAI/pythia-410m,ds003604,Phon,ses-7,1,0.042,pair_concat,-0.0185,0.021
EleutherAI/pythia-410m,ds003604,Phon,ses-7,1,0.042,pair_absdiff,-0.0321,-0.0123
EleutherAI/pythia-410m,ds003604,Phon,ses-7,1,0.042,pair_cos1d,0.0135,0.0101
EleutherAI/pythia-410m,ds003604,Phon,ses-7,2,0.083,pipeline_meanpool,-0.008,-0.0095
EleutherAI/pythia-410m,ds003604,Phon,ses-7,2,0.083,pair_concat,-0.017,-0.0044
EleutherAI/pythia-410m,ds003604,Phon,ses-7,2,0.083,pair_absdiff,-0.0264,-0.003
EleutherAI/pythia-410m,ds003604,Phon,ses-7,2,0.083,pair_cos1d,0.0143,0.0169
EleutherAI/pythia-410m,ds003604,Phon,ses-7,3,0.125,pipeline_meanpool,-0.0061,-0.0052
EleutherAI/pythia-410m,ds003604,Phon,ses-7,3,0.125,pair_concat,-0.0071,-0.0088
EleutherAI/pythia-410m,ds003604,Phon,ses-7,3,0.125,pair_absdiff,-0.031,-0.0405
EleutherAI/pythia-410m,ds003604,Phon,ses-7,3,0.125,pair_cos1d,-0.0091,-0.0083
EleutherAI/pythia-410m,ds003604,Phon,ses-7,4,0.167,pipeline_meanpool,-0.0144,-0.0288
EleutherAI/pythia-410m,ds003604,Phon,ses-7,4,0.167,pair_concat,-0.0165,-0.0374
EleutherAI/pythia-410m,ds003604,Phon,ses-7,4,0.167,pair_absdiff,-0.0179,0.0015
EleutherAI/pythia-410m,ds003604,Phon,ses-7,4,0.167,pair_cos1d,0.0035,-0.0098
EleutherAI/pythia-410m,ds003604,Phon,ses-7,5,0.208,pipeline_meanpool,-0.017,-0.0348
EleutherAI/pythia-410m,ds003604,Phon,ses-7,5,0.208,pair_concat,-0.0211,-0.0444
EleutherAI/pythia-410m,ds003604,Phon,ses-7,5,0.208,pair_absdiff,-0.0047,-0.0131
EleutherAI/pythia-410m,ds003604,Phon,ses-7,5,0.208,pair_cos1d,-0.0094,-0.0184
EleutherAI/pythia-410m,ds003604,Phon,ses-7,6,0.25,pipeline_meanpool,-0.0155,-0.0287
EleutherAI/pythia-410m,ds003604,Phon,ses-7,6,0.25,pair_concat,-0.02,-0.0115
EleutherAI/pythia-410m,ds003604,Phon,ses-7,6,0.25,pair_absdiff,-0.0058,-0.037
EleutherAI/pythia-410m,ds003604,Phon,ses-7,6,0.25,pair_cos1d,-0.0133,-0.0075
EleutherAI/pythia-410m,ds003604,Phon,ses-7,7,0.292,pipeline_meanpool,-0.0129,-0.0213
EleutherAI/pythia-410m,ds003604,Phon,ses-7,7,0.292,pair_concat,-0.0205,-0.0102
EleutherAI/pythia-410m,ds003604,Phon,ses-7,7,0.292,pair_absdiff,-0.0021,-0.0519
EleutherAI/pythia-410m,ds003604,Phon,ses-7,7,0.292,pair_cos1d,-0.0144,-0.0068
EleutherAI/pythia-410m,ds003604,Phon,ses-7,8,0.333,pipeline_meanpool,-0.0111,-0.0158
EleutherAI/pythia-410m,ds003604,Phon,ses-7,8,0.333,pair_concat,-0.0201,-0.0089
EleutherAI/pythia-410m,ds003604,Phon,ses-7,8,0.333,pair_absdiff,0.0019,-0.0513
EleutherAI/pythia-410m,ds003604,Phon,ses-7,8,0.333,pair_cos1d,-0.0176,-0.0065
EleutherAI/pythia-410m,ds003604,Phon,ses-7,9,0.375,pipeline_meanpool,-0.0104,-0.012
EleutherAI/pythia-410m,ds003604,Phon,ses-7,9,0.375,pair_concat,-0.0201,-0.0093
EleutherAI/pythia-410m,ds003604,Phon,ses-7,9,0.375,pair_absdiff,0.0019,-0.0528
EleutherAI/pythia-410m,ds003604,Phon,ses-7,9,0.375,pair_cos1d,-0.0182,-0.005
EleutherAI/pythia-410m,ds003604,Phon,ses-7,10,0.417,pipeline_meanpool,-0.0094,-0.0152
EleutherAI/pythia-410m,ds003604,Phon,ses-7,10,0.417,pair_concat,-0.0202,-0.0093
EleutherAI/pythia-410m,ds003604,Phon,ses-7,10,0.417,pair_absdiff,0.0022,-0.0523
EleutherAI/pythia-410m,ds003604,Phon,ses-7,10,0.417,pair_cos1d,-0.0167,-0.0055
EleutherAI/pythia-410m,ds003604,Phon,ses-7,11,0.458,pipeline_meanpool,-0.01,-0.0178
EleutherAI/pythia-410m,ds003604,Phon,ses-7,11,0.458,pair_concat,-0.0202,-0.0093
EleutherAI/pythia-410m,ds003604,Phon,ses-7,11,0.458,pair_absdiff,0.0014,-0.0545
EleutherAI/pythia-410m,ds003604,Phon,ses-7,11,0.458,pair_cos1d,-0.0142,-0.0048
EleutherAI/pythia-410m,ds003604,Phon,ses-7,12,0.5,pipeline_meanpool,-0.0091,-0.0212
EleutherAI/pythia-410m,ds003604,Phon,ses-7,12,0.5,pair_concat,-0.0206,-0.01
EleutherAI/pythia-410m,ds003604,Phon,ses-7,12,0.5,pair_absdiff,0.0013,-0.0541
EleutherAI/pythia-410m,ds003604,Phon,ses-7,12,0.5,pair_cos1d,-0.0136,-0.0074
EleutherAI/pythia-410m,ds003604,Phon,ses-7,13,0.542,pipeline_meanpool,-0.0064,-0.0228
EleutherAI/pythia-410m,ds003604,Phon,ses-7,13,0.542,pair_concat,-0.0206,-0.0103
EleutherAI/pythia-410m,ds003604,Phon,ses-7,13,0.542,pair_absdiff,0.001,-0.0547
EleutherAI/pythia-410m,ds003604,Phon,ses-7,13,0.542,pair_cos1d,-0.0147,-0.0114
EleutherAI/pythia-410m,ds003604,Phon,ses-7,14,0.583,pipeline_meanpool,-0.0072,-0.0225
EleutherAI/pythia-410m,ds003604,Phon,ses-7,14,0.583,pair_concat,-0.0205,-0.0095
EleutherAI/pythia-410m,ds003604,Phon,ses-7,14,0.583,pair_absdiff,0.0017,-0.0562
EleutherAI/pythia-410m,ds003604,Phon,ses-7,14,0.583,pair_cos1d,-0.0159,-0.0119
EleutherAI/pythia-410m,ds003604,Phon,ses-7,15,0.625,pipeline_meanpool,-0.0071,-0.0221
EleutherAI/pythia-410m,ds003604,Phon,ses-7,15,0.625,pair_concat,-0.0203,-0.0089
EleutherAI/pythia-410m,ds003604,Phon,ses-7,15,0.625,pair_absdiff,0.0029,-0.0557
EleutherAI/pythia-410m,ds003604,Phon,ses-7,15,0.625,pair_cos1d,-0.0206,-0.0166
EleutherAI/pythia-410m,ds003604,Phon,ses-7,16,0.667,pipeline_meanpool,-0.0079,-0.0258
EleutherAI/pythia-410m,ds003604,Phon,ses-7,16,0.667,pair_concat,-0.0201,-0.0082
EleutherAI/pythia-410m,ds003604,Phon,ses-7,16,0.667,pair_absdiff,0.003,-0.0552
EleutherAI/pythia-410m,ds003604,Phon,ses-7,16,0.667,pair_cos1d,-0.0204,-0.0174
EleutherAI/pythia-410m,ds003604,Phon,ses-7,17,0.708,pipeline_meanpool,-0.0135,-0.0235
EleutherAI/pythia-410m,ds003604,Phon,ses-7,17,0.708,pair_concat,-0.0199,-0.007
EleutherAI/pythia-410m,ds003604,Phon,ses-7,17,0.708,pair_absdiff,0.0024,-0.0577
EleutherAI/pythia-410m,ds003604,Phon,ses-7,17,0.708,pair_cos1d,-0.0191,-0.0171
EleutherAI/pythia-410m,ds003604,Phon,ses-7,18,0.75,pipeline_meanpool,-0.0192,-0.0286
EleutherAI/pythia-410m,ds003604,Phon,ses-7,18,0.75,pair_concat,-0.0198,-0.0064
EleutherAI/pythia-410m,ds003604,Phon,ses-7,18,0.75,pair_absdiff,0.0033,-0.0609
EleutherAI/pythia-410m,ds003604,Phon,ses-7,18,0.75,pair_cos1d,-0.0158,-0.0133
EleutherAI/pythia-410m,ds003604,Phon,ses-7,19,0.792,pipeline_meanpool,-0.0205,-0.0215
EleutherAI/pythia-410m,ds003604,Phon,ses-7,19,0.792,pair_concat,-0.0199,-0.0056
EleutherAI/pythia-410m,ds003604,Phon,ses-7,19,0.792,pair_absdiff,0.0023,-0.0586
EleutherAI/pythia-410m,ds003604,Phon,ses-7,19,0.792,pair_cos1d,-0.0162,-0.0114
EleutherAI/pythia-410m,ds003604,Phon,ses-7,20,0.833,pipeline_meanpool,-0.0217,-0.019
EleutherAI/pythia-410m,ds003604,Phon,ses-7,20,0.833,pair_concat,-0.02,-0.0054
EleutherAI/pythia-410m,ds003604,Phon,ses-7,20,0.833,pair_absdiff,0.003,-0.0598
EleutherAI/pythia-410m,ds003604,Phon,ses-7,20,0.833,pair_cos1d,-0.0157,-0.0137
EleutherAI/pythia-410m,ds003604,Phon,ses-7,21,0.875,pipeline_meanpool,-0.0234,-0.0192
EleutherAI/pythia-410m,ds003604,Phon,ses-7,21,0.875,pair_concat,-0.0199,-0.0051
EleutherAI/pythia-410m,ds003604,Phon,ses-7,21,0.875,pair_absdiff,0.0031,-0.0577
EleutherAI/pythia-410m,ds003604,Phon,ses-7,21,0.875,pair_cos1d,-0.0121,-0.0092
EleutherAI/pythia-410m,ds003604,Phon,ses-7,22,0.917,pipeline_meanpool,-0.0245,-0.0219
EleutherAI/pythia-410m,ds003604,Phon,ses-7,22,0.917,pair_concat,-0.0198,-0.0066
EleutherAI/pythia-410m,ds003604,Phon,ses-7,22,0.917,pair_absdiff,0.0014,-0.0533
EleutherAI/pythia-410m,ds003604,Phon,ses-7,22,0.917,pair_cos1d,-0.0158,-0.0074
EleutherAI/pythia-410m,ds003604,Phon,ses-7,23,0.958,pipeline_meanpool,-0.025,-0.0235
EleutherAI/pythia-410m,ds003604,Phon,ses-7,23,0.958,pair_concat,-0.019,-0.0038
EleutherAI/pythia-410m,ds003604,Phon,ses-7,23,0.958,pair_absdiff,0.0018,-0.0521
EleutherAI/pythia-410m,ds003604,Phon,ses-7,23,0.958,pair_cos1d,-0.0166,-0.0094
EleutherAI/pythia-410m,ds003604,Phon,ses-7,24,1.0,pipeline_meanpool,-0.0139,-0.0222
EleutherAI/pythia-410m,ds003604,Phon,ses-7,24,1.0,pair_concat,-0.0114,0.0021
EleutherAI/pythia-410m,ds003604,Phon,ses-7,24,1.0,pair_absdiff,-0.0085,-0.0643
EleutherAI/pythia-410m,ds003604,Phon,ses-7,24,1.0,pair_cos1d,-0.0076,-0.0165
EleutherAI/pythia-410m,ds003604,Phon,ses-9,0,0.0,pipeline_meanpool,-0.0007,-0.0083
EleutherAI/pythia-410m,ds003604,Phon,ses-9,0,0.0,pair_concat,-0.0366,-0.0138
EleutherAI/pythia-410m,ds003604,Phon,ses-9,0,0.0,pair_absdiff,-0.0094,-0.0134
EleutherAI/pythia-410m,ds003604,Phon,ses-9,0,0.0,pair_cos1d,0.0036,-0.0172
EleutherAI/pythia-410m,ds003604,Phon,ses-9,1,0.042,pipeline_meanpool,-0.0062,0.0062
EleutherAI/pythia-410m,ds003604,Phon,ses-9,1,0.042,pair_concat,-0.0192,0.0217
EleutherAI/pythia-410m,ds003604,Phon,ses-9,1,0.042,pair_absdiff,-0.0274,-0.0115
EleutherAI/pythia-410m,ds003604,Phon,ses-9,1,0.042,pair_cos1d,0.0338,0.0106
EleutherAI/pythia-410m,ds003604,Phon,ses-9,2,0.083,pipeline_meanpool,-0.0078,-0.011
EleutherAI/pythia-410m,ds003604,Phon,ses-9,2,0.083,pair_concat,-0.0201,-0.0033
EleutherAI/pythia-410m,ds003604,Phon,ses-9,2,0.083,pair_absdiff,-0.0211,-0.0011
EleutherAI/pythia-410m,ds003604,Phon,ses-9,2,0.083,pair_cos1d,0.0308,0.0156
EleutherAI/pythia-410m,ds003604,Phon,ses-9,3,0.125,pipeline_meanpool,-0.0041,-0.0062
EleutherAI/pythia-410m,ds003604,Phon,ses-9,3,0.125,pair_concat,-0.0124,-0.0074
EleutherAI/pythia-410m,ds003604,Phon,ses-9,3,0.125,pair_absdiff,-0.0325,-0.042
EleutherAI/pythia-410m,ds003604,Phon,ses-9,3,0.125,pair_cos1d,0.0014,-0.0084
EleutherAI/pythia-410m,ds003604,Phon,ses-9,4,0.167,pipeline_meanpool,-0.0143,-0.0299
EleutherAI/pythia-410m,ds003604,Phon,ses-9,4,0.167,pair_concat,-0.0163,-0.0352
EleutherAI/pythia-410m,ds003604,Phon,ses-9,4,0.167,pair_absdiff,-0.0097,-0.0021
EleutherAI/pythia-410m,ds003604,Phon,ses-9,4,0.167,pair_cos1d,0.0144,-0.0061
EleutherAI/pythia-410m,ds003604,Phon,ses-9,5,0.208,pipeline_meanpool,-0.0168,-0.0352
EleutherAI/pythia-410m,ds003604,Phon,ses-9,5,0.208,pair_concat,-0.0171,-0.0423
EleutherAI/pythia-410m,ds003604,Phon,ses-9,5,0.208,pair_absdiff,-0.0084,-0.0178
EleutherAI/pythia-410m,ds003604,Phon,ses-9,5,0.208,pair_cos1d,-0.0033,-0.0156
EleutherAI/pythia-410m,ds003604,Phon,ses-9,6,0.25,pipeline_meanpool,-0.0134,-0.0293
EleutherAI/pythia-410m,ds003604,Phon,ses-9,6,0.25,pair_concat,-0.0152,-0.0086
EleutherAI/pythia-410m,ds003604,Phon,ses-9,6,0.25,pair_absdiff,-0.0056,-0.0364
EleutherAI/pythia-410m,ds003604,Phon,ses-9,6,0.25,pair_cos1d,-0.0114,-0.0059
EleutherAI/pythia-410m,ds003604,Phon,ses-9,7,0.292,pipeline_meanpool,-0.0106,-0.022
EleutherAI/pythia-410m,ds003604,Phon,ses-9,7,0.292,pair_concat,-0.0166,-0.0073
EleutherAI/pythia-410m,ds003604,Phon,ses-9,7,0.292,pair_absdiff,0.0008,-0.0517
EleutherAI/pythia-410m,ds003604,Phon,ses-9,7,0.292,pair_cos1d,-0.0111,-0.0054
EleutherAI/pythia-410m,ds003604,Phon,ses-9,8,0.333,pipeline_meanpool,-0.0096,-0.0174
EleutherAI/pythia-410m,ds003604,Phon,ses-9,8,0.333,pair_concat,-0.0161,-0.006
EleutherAI/pythia-410m,ds003604,Phon,ses-9,8,0.333,pair_absdiff,0.0052,-0.0512
EleutherAI/pythia-410m,ds003604,Phon,ses-9,8,0.333,pair_cos1d,-0.0106,-0.0047
EleutherAI/pythia-410m,ds003604,Phon,ses-9,9,0.375,pipeline_meanpool,-0.0093,-0.0135
EleutherAI/pythia-410m,ds003604,Phon,ses-9,9,0.375,pair_concat,-0.0162,-0.0064
EleutherAI/pythia-410m,ds003604,Phon,ses-9,9,0.375,pair_absdiff,0.0048,-0.0527
EleutherAI/pythia-410m,ds003604,Phon,ses-9,9,0.375,pair_cos1d,-0.0117,-0.0032
EleutherAI/pythia-410m,ds003604,Phon,ses-9,10,0.417,pipeline_meanpool,-0.0077,-0.0168
EleutherAI/pythia-410m,ds003604,Phon,ses-9,10,0.417,pair_concat,-0.0165,-0.0065
EleutherAI/pythia-410m,ds003604,Phon,ses-9,10,0.417,pair_absdiff,0.005,-0.0523
EleutherAI/pythia-410m,ds003604,Phon,ses-9,10,0.417,pair_cos1d,-0.0087,-0.0035
EleutherAI/pythia-410m,ds003604,Phon,ses-9,11,0.458,pipeline_meanpool,-0.0076,-0.0192
EleutherAI/pythia-410m,ds003604,Phon,ses-9,11,0.458,pair_concat,-0.0166,-0.0065
EleutherAI/pythia-410m,ds003604,Phon,ses-9,11,0.458,pair_absdiff,0.0046,-0.0543
EleutherAI/pythia-410m,ds003604,Phon,ses-9,11,0.458,pair_cos1d,-0.0028,-0.0018
EleutherAI/pythia-410m,ds003604,Phon,ses-9,12,0.5,pipeline_meanpool,-0.0069,-0.0226
EleutherAI/pythia-410m,ds003604,Phon,ses-9,12,0.5,pair_concat,-0.0169,-0.0072
EleutherAI/pythia-410m,ds003604,Phon,ses-9,12,0.5,pair_absdiff,0.0043,-0.054
EleutherAI/pythia-410m,ds003604,Phon,ses-9,12,0.5,pair_cos1d,-0.0036,-0.0047
EleutherAI/pythia-410m,ds003604,Phon,ses-9,13,0.542,pipeline_meanpool,-0.0054,-0.0238
EleutherAI/pythia-410m,ds003604,Phon,ses-9,13,0.542,pair_concat,-0.0171,-0.0074
EleutherAI/pythia-410m,ds003604,Phon,ses-9,13,0.542,pair_absdiff,0.004,-0.0547
EleutherAI/pythia-410m,ds003604,Phon,ses-9,13,0.542,pair_cos1d,-0.0086,-0.0093
EleutherAI/pythia-410m,ds003604,Phon,ses-9,14,0.583,pipeline_meanpool,-0.0079,-0.0239
EleutherAI/pythia-410m,ds003604,Phon,ses-9,14,0.583,pair_concat,-0.0165,-0.0066
EleutherAI/pythia-410m,ds003604,Phon,ses-9,14,0.583,pair_absdiff,0.0049,-0.0561
EleutherAI/pythia-410m,ds003604,Phon,ses-9,14,0.583,pair_cos1d,-0.0112,-0.0096
EleutherAI/pythia-410m,ds003604,Phon,ses-9,15,0.625,pipeline_meanpool,-0.0076,-0.0235
EleutherAI/pythia-410m,ds003604,Phon,ses-9,15,0.625,pair_concat,-0.0163,-0.006
EleutherAI/pythia-410m,ds003604,Phon,ses-9,15,0.625,pair_absdiff,0.0069,-0.0554
EleutherAI/pythia-410m,ds003604,Phon,ses-9,15,0.625,pair_cos1d,-0.0164,-0.0143
EleutherAI/pythia-410m,ds003604,Phon,ses-9,16,0.667,pipeline_meanpool,-0.0086,-0.027
EleutherAI/pythia-410m,ds003604,Phon,ses-9,16,0.667,pair_concat,-0.0161,-0.0053
EleutherAI/pythia-410m,ds003604,Phon,ses-9,16,0.667,pair_absdiff,0.0071,-0.055
EleutherAI/pythia-410m,ds003604,Phon,ses-9,16,0.667,pair_cos1d,-0.0168,-0.0156
EleutherAI/pythia-410m,ds003604,Phon,ses-9,17,0.708,pipeline_meanpool,-0.0131,-0.0251
EleutherAI/pythia-410m,ds003604,Phon,ses-9,17,0.708,pair_concat,-0.0155,-0.0041
EleutherAI/pythia-410m,ds003604,Phon,ses-9,17,0.708,pair_absdiff,0.0072,-0.0573
EleutherAI/pythia-410m,ds003604,Phon,ses-9,17,0.708,pair_cos1d,-0.0135,-0.015
EleutherAI/pythia-410m,ds003604,Phon,ses-9,18,0.75,pipeline_meanpool,-0.0182,-0.0298
EleutherAI/pythia-410m,ds003604,Phon,ses-9,18,0.75,pair_concat,-0.015,-0.0036
EleutherAI/pythia-410m,ds003604,Phon,ses-9,18,0.75,pair_absdiff,0.0072,-0.0606
EleutherAI/pythia-410m,ds003604,Phon,ses-9,18,0.75,pair_cos1d,-0.0088,-0.0112
EleutherAI/pythia-410m,ds003604,Phon,ses-9,19,0.792,pipeline_meanpool,-0.0199,-0.0236
EleutherAI/pythia-410m,ds003604,Phon,ses-9,19,0.792,pair_concat,-0.015,-0.0028
EleutherAI/pythia-410m,ds003604,Phon,ses-9,19,0.792,pair_absdiff,0.0065,-0.0584
EleutherAI/pythia-410m,ds003604,Phon,ses-9,19,0.792,pair_cos1d,-0.0088,-0.0095
EleutherAI/pythia-410m,ds003604,Phon,ses-9,20,0.833,pipeline_meanpool,-0.0202,-0.0212
EleutherAI/pythia-410m,ds003604,Phon,ses-9,20,0.833,pair_concat,-0.015,-0.0026
EleutherAI/pythia-410m,ds003604,Phon,ses-9,20,0.833,pair_absdiff,0.0075,-0.0593
EleutherAI/pythia-410m,ds003604,Phon,ses-9,20,0.833,pair_cos1d,-0.0102,-0.0121
EleutherAI/pythia-410m,ds003604,Phon,ses-9,21,0.875,pipeline_meanpool,-0.0218,-0.0215
EleutherAI/pythia-410m,ds003604,Phon,ses-9,21,0.875,pair_concat,-0.0147,-0.0023
EleutherAI/pythia-410m,ds003604,Phon,ses-9,21,0.875,pair_absdiff,0.0074,-0.0573
EleutherAI/pythia-410m,ds003604,Phon,ses-9,21,0.875,pair_cos1d,-0.0075,-0.0079
EleutherAI/pythia-410m,ds003604,Phon,ses-9,22,0.917,pipeline_meanpool,-0.0234,-0.0244
EleutherAI/pythia-410m,ds003604,Phon,ses-9,22,0.917,pair_concat,-0.0145,-0.0036
EleutherAI/pythia-410m,ds003604,Phon,ses-9,22,0.917,pair_absdiff,0.0072,-0.0526
EleutherAI/pythia-410m,ds003604,Phon,ses-9,22,0.917,pair_cos1d,-0.0095,-0.0061
EleutherAI/pythia-410m,ds003604,Phon,ses-9,23,0.958,pipeline_meanpool,-0.0246,-0.0263
EleutherAI/pythia-410m,ds003604,Phon,ses-9,23,0.958,pair_concat,-0.0132,-0.001
EleutherAI/pythia-410m,ds003604,Phon,ses-9,23,0.958,pair_absdiff,0.0074,-0.0513
EleutherAI/pythia-410m,ds003604,Phon,ses-9,23,0.958,pair_cos1d,-0.0112,-0.0084
EleutherAI/pythia-410m,ds003604,Phon,ses-9,24,1.0,pipeline_meanpool,-0.0163,-0.0215
EleutherAI/pythia-410m,ds003604,Phon,ses-9,24,1.0,pair_concat,-0.0155,0.0012
EleutherAI/pythia-410m,ds003604,Phon,ses-9,24,1.0,pair_absdiff,-0.0099,-0.0622
EleutherAI/pythia-410m,ds003604,Phon,ses-9,24,1.0,pair_cos1d,-0.0032,-0.0172
EleutherAI/pythia-410m,ds003604,Plaus,ses-5,0,0.0,pipeline_meanpool,-0.016,-0.0243
EleutherAI/pythia-410m,ds003604,Plaus,ses-5,0,0.0,pair_concat,-0.0049,-0.02
EleutherAI/pythia-410m,ds003604,Plaus,ses-5,0,0.0,pair_absdiff,0.0106,0.0096
EleutherAI/pythia-410m,ds003604,Plaus,ses-5,0,0.0,pair_cos1d,-0.0087,-0.0358
EleutherAI/pythia-410m,ds003604,Plaus,ses-5,1,0.042,pipeline_meanpool,0.0018,-0.0296
EleutherAI/pythia-410m,ds003604,Plaus,ses-5,1,0.042,pair_concat,-0.0003,-0.0138
EleutherAI/pythia-410m,ds003604,Plaus,ses-5,1,0.042,pair_absdiff,0.0008,0.0108
EleutherAI/pythia-410m,ds003604,Plaus,ses-5,1,0.042,pair_cos1d,-0.0016,-0.0215
EleutherAI/pythia-410m,ds003604,Plaus,ses-5,2,0.083,pipeline_meanpool,-0.0029,-0.0141
EleutherAI/pythia-410m,ds003604,Plaus,ses-5,2,0.083,pair_concat,-0.0027,-0.0143
EleutherAI/pythia-410m,ds003604,Plaus,ses-5,2,0.083,pair_absdiff,0.0076,0.022
EleutherAI/pythia-410m,ds003604,Plaus,ses-5,2,0.083,pair_cos1d,0.0021,-0.0035
EleutherAI/pythia-410m,ds003604,Plaus,ses-5,3,0.125,pipeline_meanpool,-0.0058,-0.0194
EleutherAI/pythia-410m,ds003604,Plaus,ses-5,3,0.125,pair_concat,0.0025,-0.0134
EleutherAI/pythia-410m,ds003604,Plaus,ses-5,3,0.125,pair_absdiff,0.0183,0.0187
EleutherAI/pythia-410m,ds003604,Plaus,ses-5,3,0.125,pair_cos1d,0.0007,-0.0097
EleutherAI/pythia-410m,ds003604,Plaus,ses-5,4,0.167,pipeline_meanpool,-0.0034,-0.0118
EleutherAI/pythia-410m,ds003604,Plaus,ses-5,4,0.167,pair_concat,0.0027,-0.0078
EleutherAI/pythia-410m,ds003604,Plaus,ses-5,4,0.167,pair_absdiff,0.013,0.008
EleutherAI/pythia-410m,ds003604,Plaus,ses-5,4,0.167,pair_cos1d,-0.0073,-0.0177
EleutherAI/pythia-410m,ds003604,Plaus,ses-5,5,0.208,pipeline_meanpool,-0.0016,-0.006
EleutherAI/pythia-410m,ds003604,Plaus,ses-5,5,0.208,pair_concat,0.0015,-0.0055
EleutherAI/pythia-410m,ds003604,Plaus,ses-5,5,0.208,pair_absdiff,0.0053,-0.012
EleutherAI/pythia-410m,ds003604,Plaus,ses-5,5,0.208,pair_cos1d,-0.0009,-0.017
EleutherAI/pythia-410m,ds003604,Plaus,ses-5,6,0.25,pipeline_meanpool,-0.0104,0.0437
EleutherAI/pythia-410m,ds003604,Plaus,ses-5,6,0.25,pair_concat,-0.0,-0.0053
EleutherAI/pythia-410m,ds003604,Plaus,ses-5,6,0.25,pair_absdiff,-0.0059,0.0097
EleutherAI/pythia-410m,ds003604,Plaus,ses-5,6,0.25,pair_cos1d,0.0046,-0.0016
EleutherAI/pythia-410m,ds003604,Plaus,ses-5,7,0.292,pipeline_meanpool,-0.012,0.0444
EleutherAI/pythia-410m,ds003604,Plaus,ses-5,7,0.292,pair_concat,0.001,-0.0086
EleutherAI/pythia-410m,ds003604,Plaus,ses-5,7,0.292,pair_absdiff,0.0047,0.006
EleutherAI/pythia-410m,ds003604,Plaus,ses-5,7,0.292,pair_cos1d,0.0019,-0.0052
EleutherAI/pythia-410m,ds003604,Plaus,ses-5,8,0.333,pipeline_meanpool,-0.0154,0.0395
EleutherAI/pythia-410m,ds003604,Plaus,ses-5,8,0.333,pair_concat,0.0002,-0.0083
EleutherAI/pythia-410m,ds003604,Plaus,ses-5,8,0.333,pair_absdiff,0.005,0.0029
EleutherAI/pythia-410m,ds003604,Plaus,ses-5,8,0.333,pair_cos1d,0.0013,-0.0063
EleutherAI/pythia-410m,ds003604,Plaus,ses-5,9,0.375,pipeline_meanpool,-0.0143,0.0401
EleutherAI/pythia-410m,ds003604,Plaus,ses-5,9,0.375,pair_concat,-0.0018,-0.008
EleutherAI/pythia-410m,ds003604,Plaus,ses-5,9,0.375,pair_absdiff,0.0027,0.0052
EleutherAI/pythia-410m,ds003604,Plaus,ses-5,9,0.375,pair_cos1d,0.0013,-0.0063
EleutherAI/pythia-410m,ds003604,Plaus,ses-5,10,0.417,pipeline_meanpool,-0.0127,0.0403
EleutherAI/pythia-410m,ds003604,Plaus,ses-5,10,0.417,pair_concat,0.0008,-0.0075
EleutherAI/pythia-410m,ds003604,Plaus,ses-5,10,0.417,pair_absdiff,0.0038,0.0017
EleutherAI/pythia-410m,ds003604,Plaus,ses-5,10,0.417,pair_cos1d,0.0011,-0.007
EleutherAI/pythia-410m,ds003604,Plaus,ses-5,11,0.458,pipeline_meanpool,-0.0155,0.036
EleutherAI/pythia-410m,ds003604,Plaus,ses-5,11,0.458,pair_concat,-0.0,-0.0076
EleutherAI/pythia-410m,ds003604,Plaus,ses-5,11,0.458,pair_absdiff,0.0046,0.0022
EleutherAI/pythia-410m,ds003604,Plaus,ses-5,11,0.458,pair_cos1d,0.0011,-0.007
EleutherAI/pythia-410m,ds003604,Plaus,ses-5,12,0.5,pipeline_meanpool,-0.0134,0.0367
EleutherAI/pythia-410m,ds003604,Plaus,ses-5,12,0.5,pair_concat,0.001,-0.0074
EleutherAI/pythia-410m,ds003604,Plaus,ses-5,12,0.5,pair_absdiff,0.0064,0.0025
EleutherAI/pythia-410m,ds003604,Plaus,ses-5,12,0.5,pair_cos1d,0.0011,-0.007
EleutherAI/pythia-410m,ds003604,Plaus,ses-5,13,0.542,pipeline_meanpool,-0.0146,0.039
EleutherAI/pythia-410m,ds003604,Plaus,ses-5,13,0.542,pair_concat,0.0014,-0.0071
EleutherAI/pythia-410m,ds003604,Plaus,ses-5,13,0.542,pair_absdiff,0.0063,0.0056
EleutherAI/pythia-410m,ds003604,Plaus,ses-5,13,0.542,pair_cos1d,0.0011,-0.007
EleutherAI/pythia-410m,ds003604,Plaus,ses-5,14,0.583,pipeline_meanpool,-0.0129,0.0411
EleutherAI/pythia-410m,ds003604,Plaus,ses-5,14,0.583,pair_concat,0.0016,-0.0077
EleutherAI/pythia-410m,ds003604,Plaus,ses-5,14,0.583,pair_absdiff,0.0038,0.0016
EleutherAI/pythia-410m,ds003604,Plaus,ses-5,14,0.583,pair_cos1d,0.0011,-0.0075
EleutherAI/pythia-410m,ds003604,Plaus,ses-5,15,0.625,pipeline_meanpool,-0.0086,0.0409
EleutherAI/pythia-410m,ds003604,Plaus,ses-5,15,0.625,pair_concat,-0.0001,-0.0073
EleutherAI/pythia-410m,ds003604,Plaus,ses-5,15,0.625,pair_absdiff,0.0046,0.0001
EleutherAI/pythia-410m,ds003604,Plaus,ses-5,15,0.625,pair_cos1d,0.0011,-0.0075
EleutherAI/pythia-410m,ds003604,Plaus,ses-5,16,0.667,pipeline_meanpool,-0.0085,0.0409
EleutherAI/pythia-410m,ds003604,Plaus,ses-5,16,0.667,pair_concat,-0.0015,-0.0082
EleutherAI/pythia-410m,ds003604,Plaus,ses-5,16,0.667,pair_absdiff,0.0044,0.0013
EleutherAI/pythia-410m,ds003604,Plaus,ses-5,16,0.667,pair_cos1d,0.0011,-0.007
EleutherAI/pythia-410m,ds003604,Plaus,ses-5,17,0.708,pipeline_meanpool,-0.0087,0.0479
EleutherAI/pythia-410m,ds003604,Plaus,ses-5,17,0.708,pair_concat,0.0008,-0.0078
EleutherAI/pythia-410m,ds003604,Plaus,ses-5,17,0.708,pair_absdiff,0.0056,0.005
EleutherAI/pythia-410m,ds003604,Plaus,ses-5,17,0.708,pair_cos1d,0.0011,-0.007
EleutherAI/pythia-410m,ds003604,Plaus,ses-5,18,0.75,pipeline_meanpool,-0.0083,0.0357
EleutherAI/pythia-410m,ds003604,Plaus,ses-5,18,0.75,pair_concat,0.0014,-0.0078
EleutherAI/pythia-410m,ds003604,Plaus,ses-5,18,0.75,pair_absdiff,0.0052,-0.0009
EleutherAI/pythia-410m,ds003604,Plaus,ses-5,18,0.75,pair_cos1d,0.0009,-0.0076
EleutherAI/pythia-410m,ds003604,Plaus,ses-5,19,0.792,pipeline_meanpool,-0.0078,0.0253
EleutherAI/pythia-410m,ds003604,Plaus,ses-5,19,0.792,pair_concat,-0.0002,-0.0079
EleutherAI/pythia-410m,ds003604,Plaus,ses-5,19,0.792,pair_absdiff,0.0039,0.0008
EleutherAI/pythia-410m,ds003604,Plaus,ses-5,19,0.792,pair_cos1d,0.0016,-0.0079
EleutherAI/pythia-410m,ds003604,Plaus,ses-5,20,0.833,pipeline_meanpool,-0.0053,0.0155
EleutherAI/pythia-410m,ds003604,Plaus,ses-5,20,0.833,pair_concat,0.0003,-0.0059
EleutherAI/pythia-410m,ds003604,Plaus,ses-5,20,0.833,pair_absdiff,0.0056,0.0036
EleutherAI/pythia-410m,ds003604,Plaus,ses-5,20,0.833,pair_cos1d,0.0019,-0.0073
EleutherAI/pythia-410m,ds003604,Plaus,ses-5,21,0.875,pipeline_meanpool,-0.0051,0.0067
EleutherAI/pythia-410m,ds003604,Plaus,ses-5,21,0.875,pair_concat,-0.0005,-0.0063
EleutherAI/pythia-410m,ds003604,Plaus,ses-5,21,0.875,pair_absdiff,0.0024,0.0035
EleutherAI/pythia-410m,ds003604,Plaus,ses-5,21,0.875,pair_cos1d,0.0007,-0.0093
EleutherAI/pythia-410m,ds003604,Plaus,ses-5,22,0.917,pipeline_meanpool,0.0001,0.0028
EleutherAI/pythia-410m,ds003604,Plaus,ses-5,22,0.917,pair_concat,-0.001,-0.0081
EleutherAI/pythia-410m,ds003604,Plaus,ses-5,22,0.917,pair_absdiff,0.0032,0.0019
EleutherAI/pythia-410m,ds003604,Plaus,ses-5,22,0.917,pair_cos1d,0.0007,-0.0093
EleutherAI/pythia-410m,ds003604,Plaus,ses-5,23,0.958,pipeline_meanpool,-0.0064,0.0047
EleutherAI/pythia-410m,ds003604,Plaus,ses-5,23,0.958,pair_concat,0.0011,-0.0089
EleutherAI/pythia-410m,ds003604,Plaus,ses-5,23,0.958,pair_absdiff,0.0046,-0.0012
EleutherAI/pythia-410m,ds003604,Plaus,ses-5,23,0.958,pair_cos1d,0.0016,-0.0088
EleutherAI/pythia-410m,ds003604,Plaus,ses-5,24,1.0,pipeline_meanpool,-0.0149,0.005
EleutherAI/pythia-410m,ds003604,Plaus,ses-5,24,1.0,pair_concat,-0.0009,-0.0109
EleutherAI/pythia-410m,ds003604,Plaus,ses-5,24,1.0,pair_absdiff,0.0084,0.0034
EleutherAI/pythia-410m,ds003604,Plaus,ses-5,24,1.0,pair_cos1d,-0.0087,-0.0326
EleutherAI/pythia-410m,ds003604,Plaus,ses-7,0,0.0,pipeline_meanpool,-0.0186,-0.0227
EleutherAI/pythia-410m,ds003604,Plaus,ses-7,0,0.0,pair_concat,-0.0048,-0.0173
EleutherAI/pythia-410m,ds003604,Plaus,ses-7,0,0.0,pair_absdiff,0.0035,0.0082
EleutherAI/pythia-410m,ds003604,Plaus,ses-7,0,0.0,pair_cos1d,-0.0045,-0.0349
EleutherAI/pythia-410m,ds003604,Plaus,ses-7,1,0.042,pipeline_meanpool,0.0055,-0.0236
EleutherAI/pythia-410m,ds003604,Plaus,ses-7,1,0.042,pair_concat,0.0015,-0.0101
EleutherAI/pythia-410m,ds003604,Plaus,ses-7,1,0.042,pair_absdiff,-0.0029,0.0113
EleutherAI/pythia-410m,ds003604,Plaus,ses-7,1,0.042,pair_cos1d,-0.0014,-0.02
EleutherAI/pythia-410m,ds003604,Plaus,ses-7,2,0.083,pipeline_meanpool,-0.0049,-0.0092
EleutherAI/pythia-410m,ds003604,Plaus,ses-7,2,0.083,pair_concat,0.0002,-0.0103
EleutherAI/pythia-410m,ds003604,Plaus,ses-7,2,0.083,pair_absdiff,0.0062,0.0228
EleutherAI/pythia-410m,ds003604,Plaus,ses-7,2,0.083,pair_cos1d,0.0067,0.0022
EleutherAI/pythia-410m,ds003604,Plaus,ses-7,3,0.125,pipeline_meanpool,-0.0079,-0.018
EleutherAI/pythia-410m,ds003604,Plaus,ses-7,3,0.125,pair_concat,0.0021,-0.0103
EleutherAI/pythia-410m,ds003604,Plaus,ses-7,3,0.125,pair_absdiff,0.0119,0.0199
EleutherAI/pythia-410m,ds003604,Plaus,ses-7,3,0.125,pair_cos1d,0.003,-0.0052
EleutherAI/pythia-410m,ds003604,Plaus,ses-7,4,0.167,pipeline_meanpool,-0.0054,-0.0116
EleutherAI/pythia-410m,ds003604,Plaus,ses-7,4,0.167,pair_concat,0.0035,-0.0047
EleutherAI/pythia-410m,ds003604,Plaus,ses-7,4,0.167,pair_absdiff,0.0125,0.0104
EleutherAI/pythia-410m,ds003604,Plaus,ses-7,4,0.167,pair_cos1d,-0.0056,-0.0141
EleutherAI/pythia-410m,ds003604,Plaus,ses-7,5,0.208,pipeline_meanpool,-0.0026,-0.0058
EleutherAI/pythia-410m,ds003604,Plaus,ses-7,5,0.208,pair_concat,0.0009,-0.0035
EleutherAI/pythia-410m,ds003604,Plaus,ses-7,5,0.208,pair_absdiff,0.0071,-0.0112
EleutherAI/pythia-410m,ds003604,Plaus,ses-7,5,0.208,pair_cos1d,-0.0037,-0.0153
EleutherAI/pythia-410m,ds003604,Plaus,ses-7,6,0.25,pipeline_meanpool,-0.0135,0.046
EleutherAI/pythia-410m,ds003604,Plaus,ses-7,6,0.25,pair_concat,0.0023,-0.0029
EleutherAI/pythia-410m,ds003604,Plaus,ses-7,6,0.25,pair_absdiff,-0.0068,0.0128
EleutherAI/pythia-410m,ds003604,Plaus,ses-7,6,0.25,pair_cos1d,0.0043,0.0026
EleutherAI/pythia-410m,ds003604,Plaus,ses-7,7,0.292,pipeline_meanpool,-0.0151,0.0471
EleutherAI/pythia-410m,ds003604,Plaus,ses-7,7,0.292,pair_concat,0.0027,-0.006
EleutherAI/pythia-410m,ds003604,Plaus,ses-7,7,0.292,pair_absdiff,0.0066,0.0093
EleutherAI/pythia-410m,ds003604,Plaus,ses-7,7,0.292,pair_cos1d,0.0028,-0.0006
EleutherAI/pythia-410m,ds003604,Plaus,ses-7,8,0.333,pipeline_meanpool,-0.018,0.0422
EleutherAI/pythia-410m,ds003604,Plaus,ses-7,8,0.333,pair_concat,0.0022,-0.0059
EleutherAI/pythia-410m,ds003604,Plaus,ses-7,8,0.333,pair_absdiff,0.0078,0.0072
EleutherAI/pythia-410m,ds003604,Plaus,ses-7,8,0.333,pair_cos1d,0.0022,-0.0016
EleutherAI/pythia-410m,ds003604,Plaus,ses-7,9,0.375,pipeline_meanpool,-0.0156,0.0429
EleutherAI/pythia-410m,ds003604,Plaus,ses-7,9,0.375,pair_concat,0.001,-0.0055
EleutherAI/pythia-410m,ds003604,Plaus,ses-7,9,0.375,pair_absdiff,0.0074,0.0098
EleutherAI/pythia-410m,ds003604,Plaus,ses-7,9,0.375,pair_cos1d,0.0022,-0.0016
EleutherAI/pythia-410m,ds003604,Plaus,ses-7,10,0.417,pipeline_meanpool,-0.0148,0.0432
EleutherAI/pythia-410m,ds003604,Plaus,ses-7,10,0.417,pair_concat,0.0016,-0.0049
EleutherAI/pythia-410m,ds003604,Plaus,ses-7,10,0.417,pair_absdiff,0.0076,0.0064
EleutherAI/pythia-410m,ds003604,Plaus,ses-7,10,0.417,pair_cos1d,0.002,-0.0024
EleutherAI/pythia-410m,ds003604,Plaus,ses-7,11,0.458,pipeline_meanpool,-0.0172,0.039
EleutherAI/pythia-410m,ds003604,Plaus,ses-7,11,0.458,pair_concat,0.0011,-0.005
EleutherAI/pythia-410m,ds003604,Plaus,ses-7,11,0.458,pair_absdiff,0.0078,0.0065
EleutherAI/pythia-410m,ds003604,Plaus,ses-7,11,0.458,pair_cos1d,0.002,-0.0024
EleutherAI/pythia-410m,ds003604,Plaus,ses-7,12,0.5,pipeline_meanpool,-0.0143,0.0408
EleutherAI/pythia-410m,ds003604,Plaus,ses-7,12,0.5,pair_concat,0.0016,-0.0049
EleutherAI/pythia-410m,ds003604,Plaus,ses-7,12,0.5,pair_absdiff,0.0105,0.0071
EleutherAI/pythia-410m,ds003604,Plaus,ses-7,12,0.5,pair_cos1d,0.002,-0.0024
EleutherAI/pythia-410m,ds003604,Plaus,ses-7,13,0.542,pipeline_meanpool,-0.0162,0.0433
EleutherAI/pythia-410m,ds003604,Plaus,ses-7,13,0.542,pair_concat,0.0024,-0.0049
EleutherAI/pythia-410m,ds003604,Plaus,ses-7,13,0.542,pair_absdiff,0.011,0.0105
EleutherAI/pythia-410m,ds003604,Plaus,ses-7,13,0.542,pair_cos1d,0.002,-0.0024
EleutherAI/pythia-410m,ds003604,Plaus,ses-7,14,0.583,pipeline_meanpool,-0.0153,0.0453
EleutherAI/pythia-410m,ds003604,Plaus,ses-7,14,0.583,pair_concat,0.0034,-0.0052
EleutherAI/pythia-410m,ds003604,Plaus,ses-7,14,0.583,pair_absdiff,0.0081,0.0062
EleutherAI/pythia-410m,ds003604,Plaus,ses-7,14,0.583,pair_cos1d,0.002,-0.0029
EleutherAI/pythia-410m,ds003604,Plaus,ses-7,15,0.625,pipeline_meanpool,-0.0111,0.0448
EleutherAI/pythia-410m,ds003604,Plaus,ses-7,15,0.625,pair_concat,0.0021,-0.0046
EleutherAI/pythia-410m,ds003604,Plaus,ses-7,15,0.625,pair_absdiff,0.0092,0.0054
EleutherAI/pythia-410m,ds003604,Plaus,ses-7,15,0.625,pair_cos1d,0.002,-0.0029
EleutherAI/pythia-410m,ds003604,Plaus,ses-7,16,0.667,pipeline_meanpool,-0.0106,0.0453
EleutherAI/pythia-410m,ds003604,Plaus,ses-7,16,0.667,pair_concat,0.0016,-0.0053
EleutherAI/pythia-410m,ds003604,Plaus,ses-7,16,0.667,pair_absdiff,0.01,0.0062
EleutherAI/pythia-410m,ds003604,Plaus,ses-7,16,0.667,pair_cos1d,0.002,-0.0024
EleutherAI/pythia-410m,ds003604,Plaus,ses-7,17,0.708,pipeline_meanpool,-0.0142,0.0504
EleutherAI/pythia-410m,ds003604,Plaus,ses-7,17,0.708,pair_concat,0.0023,-0.0051
EleutherAI/pythia-410m,ds003604,Plaus,ses-7,17,0.708,pair_absdiff,0.0102,0.0097
EleutherAI/pythia-410m,ds003604,Plaus,ses-7,17,0.708,pair_cos1d,0.002,-0.0024
EleutherAI/pythia-410m,ds003604,Plaus,ses-7,18,0.75,pipeline_meanpool,-0.0143,0.0383
EleutherAI/pythia-410m,ds003604,Plaus,ses-7,18,0.75,pair_concat,0.0028,-0.0055
EleutherAI/pythia-410m,ds003604,Plaus,ses-7,18,0.75,pair_absdiff,0.0099,0.0039
EleutherAI/pythia-410m,ds003604,Plaus,ses-7,18,0.75,pair_cos1d,0.0018,-0.003
EleutherAI/pythia-410m,ds003604,Plaus,ses-7,19,0.792,pipeline_meanpool,-0.0143,0.0273
EleutherAI/pythia-410m,ds003604,Plaus,ses-7,19,0.792,pair_concat,0.0023,-0.0057
EleutherAI/pythia-410m,ds003604,Plaus,ses-7,19,0.792,pair_absdiff,0.0074,0.005
EleutherAI/pythia-410m,ds003604,Plaus,ses-7,19,0.792,pair_cos1d,0.0024,-0.0034
EleutherAI/pythia-410m,ds003604,Plaus,ses-7,20,0.833,pipeline_meanpool,-0.0128,0.0187
EleutherAI/pythia-410m,ds003604,Plaus,ses-7,20,0.833,pair_concat,0.0019,-0.0036
EleutherAI/pythia-410m,ds003604,Plaus,ses-7,20,0.833,pair_absdiff,0.0093,0.0083
EleutherAI/pythia-410m,ds003604,Plaus,ses-7,20,0.833,pair_cos1d,0.0026,-0.0028
EleutherAI/pythia-410m,ds003604,Plaus,ses-7,21,0.875,pipeline_meanpool,-0.0148,0.0097
EleutherAI/pythia-410m,ds003604,Plaus,ses-7,21,0.875,pair_concat,0.0021,-0.0037
EleutherAI/pythia-410m,ds003604,Plaus,ses-7,21,0.875,pair_absdiff,0.0064,0.0078
EleutherAI/pythia-410m,ds003604,Plaus,ses-7,21,0.875,pair_cos1d,0.0017,-0.0048
EleutherAI/pythia-410m,ds003604,Plaus,ses-7,22,0.917,pipeline_meanpool,-0.0109,0.0042
EleutherAI/pythia-410m,ds003604,Plaus,ses-7,22,0.917,pair_concat,0.0018,-0.0057
EleutherAI/pythia-410m,ds003604,Plaus,ses-7,22,0.917,pair_absdiff,0.0067,0.0064
EleutherAI/pythia-410m,ds003604,Plaus,ses-7,22,0.917,pair_cos1d,0.0017,-0.0048
EleutherAI/pythia-410m,ds003604,Plaus,ses-7,23,0.958,pipeline_meanpool,-0.0147,0.0046
EleutherAI/pythia-410m,ds003604,Plaus,ses-7,23,0.958,pair_concat,0.002,-0.0065
EleutherAI/pythia-410m,ds003604,Plaus,ses-7,23,0.958,pair_absdiff,0.0079,0.0026
EleutherAI/pythia-410m,ds003604,Plaus,ses-7,23,0.958,pair_cos1d,0.0023,-0.0044
EleutherAI/pythia-410m,ds003604,Plaus,ses-7,24,1.0,pipeline_meanpool,-0.0208,0.0078
EleutherAI/pythia-410m,ds003604,Plaus,ses-7,24,1.0,pair_concat,0.0014,-0.0067
EleutherAI/pythia-410m,ds003604,Plaus,ses-7,24,1.0,pair_absdiff,0.0013,0.0063
EleutherAI/pythia-410m,ds003604,Plaus,ses-7,24,1.0,pair_cos1d,-0.0059,-0.0312
EleutherAI/pythia-410m,ds003604,Plaus,ses-9,0,0.0,pipeline_meanpool,-0.0126,-0.0207
EleutherAI/pythia-410m,ds003604,Plaus,ses-9,0,0.0,pair_concat,0.0059,-0.0142
EleutherAI/pythia-410m,ds003604,Plaus,ses-9,0,0.0,pair_absdiff,0.0177,0.0114
EleutherAI/pythia-410m,ds003604,Plaus,ses-9,0,0.0,pair_cos1d,-0.0034,-0.0317
EleutherAI/pythia-410m,ds003604,Plaus,ses-9,1,0.042,pipeline_meanpool,0.0125,-0.0206
EleutherAI/pythia-410m,ds003604,Plaus,ses-9,1,0.042,pair_concat,0.0114,-0.0073
EleutherAI/pythia-410m,ds003604,Plaus,ses-9,1,0.042,pair_absdiff,0.0111,0.0146
EleutherAI/pythia-410m,ds003604,Plaus,ses-9,1,0.042,pair_cos1d,0.0011,-0.0174
EleutherAI/pythia-410m,ds003604,Plaus,ses-9,2,0.083,pipeline_meanpool,0.002,-0.0067
EleutherAI/pythia-410m,ds003604,Plaus,ses-9,2,0.083,pair_concat,0.0098,-0.0077
EleutherAI/pythia-410m,ds003604,Plaus,ses-9,2,0.083,pair_absdiff,0.0203,0.0261
EleutherAI/pythia-410m,ds003604,Plaus,ses-9,2,0.083,pair_cos1d,0.012,0.0039
EleutherAI/pythia-410m,ds003604,Plaus,ses-9,3,0.125,pipeline_meanpool,0.0002,-0.0151
EleutherAI/pythia-410m,ds003604,Plaus,ses-9,3,0.125,pair_concat,0.0132,-0.0074
EleutherAI/pythia-410m,ds003604,Plaus,ses-9,3,0.125,pair_absdiff,0.0245,0.0228
EleutherAI/pythia-410m,ds003604,Plaus,ses-9,3,0.125,pair_cos1d,0.0082,-0.0035
EleutherAI/pythia-410m,ds003604,Plaus,ses-9,4,0.167,pipeline_meanpool,0.0036,-0.0094
EleutherAI/pythia-410m,ds003604,Plaus,ses-9,4,0.167,pair_concat,0.0136,-0.002
EleutherAI/pythia-410m,ds003604,Plaus,ses-9,4,0.167,pair_absdiff,0.0204,0.0121
EleutherAI/pythia-410m,ds003604,Plaus,ses-9,4,0.167,pair_cos1d,-0.0022,-0.0123
EleutherAI/pythia-410m,ds003604,Plaus,ses-9,5,0.208,pipeline_meanpool,0.0075,-0.0036
EleutherAI/pythia-410m,ds003604,Plaus,ses-9,5,0.208,pair_concat,0.0128,-0.0002
EleutherAI/pythia-410m,ds003604,Plaus,ses-9,5,0.208,pair_absdiff,0.0166,-0.0076
EleutherAI/pythia-410m,ds003604,Plaus,ses-9,5,0.208,pair_cos1d,0.0041,-0.0126
EleutherAI/pythia-410m,ds003604,Plaus,ses-9,6,0.25,pipeline_meanpool,-0.0057,0.046
EleutherAI/pythia-410m,ds003604,Plaus,ses-9,6,0.25,pair_concat,0.013,0.0002
EleutherAI/pythia-410m,ds003604,Plaus,ses-9,6,0.25,pair_absdiff,0.0019,0.014
EleutherAI/pythia-410m,ds003604,Plaus,ses-9,6,0.25,pair_cos1d,0.0118,0.0044
EleutherAI/pythia-410m,ds003604,Plaus,ses-9,7,0.292,pipeline_meanpool,-0.0076,0.0466
EleutherAI/pythia-410m,ds003604,Plaus,ses-9,7,0.292,pair_concat,0.0143,-0.0025
EleutherAI/pythia-410m,ds003604,Plaus,ses-9,7,0.292,pair_absdiff,0.0151,0.0108
EleutherAI/pythia-410m,ds003604,Plaus,ses-9,7,0.292,pair_cos1d,0.0087,0.0012
EleutherAI/pythia-410m,ds003604,Plaus,ses-9,8,0.333,pipeline_meanpool,-0.0116,0.0414
EleutherAI/pythia-410m,ds003604,Plaus,ses-9,8,0.333,pair_concat,0.0139,-0.0023
EleutherAI/pythia-410m,ds003604,Plaus,ses-9,8,0.333,pair_absdiff,0.0156,0.0086
EleutherAI/pythia-410m,ds003604,Plaus,ses-9,8,0.333,pair_cos1d,0.0079,0.0001
EleutherAI/pythia-410m,ds003604,Plaus,ses-9,9,0.375,pipeline_meanpool,-0.01,0.0421
EleutherAI/pythia-410m,ds003604,Plaus,ses-9,9,0.375,pair_concat,0.0123,-0.002
EleutherAI/pythia-410m,ds003604,Plaus,ses-9,9,0.375,pair_absdiff,0.0148,0.0109
EleutherAI/pythia-410m,ds003604,Plaus,ses-9,9,0.375,pair_cos1d,0.0079,0.0001
EleutherAI/pythia-410m,ds003604,Plaus,ses-9,10,0.417,pipeline_meanpool,-0.0089,0.0423
EleutherAI/pythia-410m,ds003604,Plaus,ses-9,10,0.417,pair_concat,0.0129,-0.0015
EleutherAI/pythia-410m,ds003604,Plaus,ses-9,10,0.417,pair_absdiff,0.0153,0.0077
EleutherAI/pythia-410m,ds003604,Plaus,ses-9,10,0.417,pair_cos1d,0.0077,-0.0007
EleutherAI/pythia-410m,ds003604,Plaus,ses-9,11,0.458,pipeline_meanpool,-0.0119,0.0382
EleutherAI/pythia-410m,ds003604,Plaus,ses-9,11,0.458,pair_concat,0.0124,-0.0016
EleutherAI/pythia-410m,ds003604,Plaus,ses-9,11,0.458,pair_absdiff,0.0157,0.0078
EleutherAI/pythia-410m,ds003604,Plaus,ses-9,11,0.458,pair_cos1d,0.0077,-0.0007
EleutherAI/pythia-410m,ds003604,Plaus,ses-9,12,0.5,pipeline_meanpool,-0.0085,0.0399
EleutherAI/pythia-410m,ds003604,Plaus,ses-9,12,0.5,pair_concat,0.0128,-0.0014
EleutherAI/pythia-410m,ds003604,Plaus,ses-9,12,0.5,pair_absdiff,0.0174,0.0083
EleutherAI/pythia-410m,ds003604,Plaus,ses-9,12,0.5,pair_cos1d,0.0077,-0.0007
EleutherAI/pythia-410m,ds003604,Plaus,ses-9,13,0.542,pipeline_meanpool,-0.0095,0.0426
EleutherAI/pythia-410m,ds003604,Plaus,ses-9,13,0.542,pair_concat,0.014,-0.0013
EleutherAI/pythia-410m,ds003604,Plaus,ses-9,13,0.542,pair_absdiff,0.0178,0.0116
EleutherAI/pythia-410m,ds003604,Plaus,ses-9,13,0.542,pair_cos1d,0.0077,-0.0007
EleutherAI/pythia-410m,ds003604,Plaus,ses-9,14,0.583,pipeline_meanpool,-0.0083,0.045
EleutherAI/pythia-410m,ds003604,Plaus,ses-9,14,0.583,pair_concat,0.0153,-0.0016
EleutherAI/pythia-410m,ds003604,Plaus,ses-9,14,0.583,pair_absdiff,0.016,0.0077
EleutherAI/pythia-410m,ds003604,Plaus,ses-9,14,0.583,pair_cos1d,0.0075,-0.0011
EleutherAI/pythia-410m,ds003604,Plaus,ses-9,15,0.625,pipeline_meanpool,-0.0042,0.0443
EleutherAI/pythia-410m,ds003604,Plaus,ses-9,15,0.625,pair_concat,0.0134,-0.0012
EleutherAI/pythia-410m,ds003604,Plaus,ses-9,15,0.625,pair_absdiff,0.0158,0.0064
EleutherAI/pythia-410m,ds003604,Plaus,ses-9,15,0.625,pair_cos1d,0.0075,-0.0011
EleutherAI/pythia-410m,ds003604,Plaus,ses-9,16,0.667,pipeline_meanpool,-0.0032,0.0452
EleutherAI/pythia-410m,ds003604,Plaus,ses-9,16,0.667,pair_concat,0.0127,-0.0019
EleutherAI/pythia-410m,ds003604,Plaus,ses-9,16,0.667,pair_absdiff,0.0169,0.0073
EleutherAI/pythia-410m,ds003604,Plaus,ses-9,16,0.667,pair_cos1d,0.0077,-0.0007
EleutherAI/pythia-410m,ds003604,Plaus,ses-9,17,0.708,pipeline_meanpool,-0.0067,0.0499
EleutherAI/pythia-410m,ds003604,Plaus,ses-9,17,0.708,pair_concat,0.0137,-0.0017
EleutherAI/pythia-410m,ds003604,Plaus,ses-9,17,0.708,pair_absdiff,0.0168,0.0107
EleutherAI/pythia-410m,ds003604,Plaus,ses-9,17,0.708,pair_cos1d,0.0077,-0.0007
EleutherAI/pythia-410m,ds003604,Plaus,ses-9,18,0.75,pipeline_meanpool,-0.0073,0.0385
EleutherAI/pythia-410m,ds003604,Plaus,ses-9,18,0.75,pair_concat,0.0144,-0.002
EleutherAI/pythia-410m,ds003604,Plaus,ses-9,18,0.75,pair_absdiff,0.0168,0.0051
EleutherAI/pythia-410m,ds003604,Plaus,ses-9,18,0.75,pair_cos1d,0.0074,-0.0013
EleutherAI/pythia-410m,ds003604,Plaus,ses-9,19,0.792,pipeline_meanpool,-0.0079,0.0277
EleutherAI/pythia-410m,ds003604,Plaus,ses-9,19,0.792,pair_concat,0.0138,-0.0022
EleutherAI/pythia-410m,ds003604,Plaus,ses-9,19,0.792,pair_absdiff,0.0155,0.0065
EleutherAI/pythia-410m,ds003604,Plaus,ses-9,19,0.792,pair_cos1d,0.0078,-0.0017
EleutherAI/pythia-410m,ds003604,Plaus,ses-9,20,0.833,pipeline_meanpool,-0.0068,0.0194
EleutherAI/pythia-410m,ds003604,Plaus,ses-9,20,0.833,pair_concat,0.0132,-0.0003
EleutherAI/pythia-410m,ds003604,Plaus,ses-9,20,0.833,pair_absdiff,0.0162,0.0093
EleutherAI/pythia-410m,ds003604,Plaus,ses-9,20,0.833,pair_cos1d,0.0081,-0.001
EleutherAI/pythia-410m,ds003604,Plaus,ses-9,21,0.875,pipeline_meanpool,-0.0092,0.0105
EleutherAI/pythia-410m,ds003604,Plaus,ses-9,21,0.875,pair_concat,0.0134,-0.0003
EleutherAI/pythia-410m,ds003604,Plaus,ses-9,21,0.875,pair_absdiff,0.0141,0.009
EleutherAI/pythia-410m,ds003604,Plaus,ses-9,21,0.875,pair_cos1d,0.0069,-0.0031
EleutherAI/pythia-410m,ds003604,Plaus,ses-9,22,0.917,pipeline_meanpool,-0.0045,0.0052
EleutherAI/pythia-410m,ds003604,Plaus,ses-9,22,0.917,pair_concat,0.0132,-0.0021
EleutherAI/pythia-410m,ds003604,Plaus,ses-9,22,0.917,pair_absdiff,0.0146,0.0078
EleutherAI/pythia-410m,ds003604,Plaus,ses-9,22,0.917,pair_cos1d,0.0069,-0.0031
EleutherAI/pythia-410m,ds003604,Plaus,ses-9,23,0.958,pipeline_meanpool,-0.0076,0.0049
EleutherAI/pythia-410m,ds003604,Plaus,ses-9,23,0.958,pair_concat,0.0135,-0.0029
EleutherAI/pythia-410m,ds003604,Plaus,ses-9,23,0.958,pair_absdiff,0.0167,0.0047
EleutherAI/pythia-410m,ds003604,Plaus,ses-9,23,0.958,pair_cos1d,0.0073,-0.0027
EleutherAI/pythia-410m,ds003604,Plaus,ses-9,24,1.0,pipeline_meanpool,-0.0178,0.0061
EleutherAI/pythia-410m,ds003604,Plaus,ses-9,24,1.0,pair_concat,0.0099,-0.0044
EleutherAI/pythia-410m,ds003604,Plaus,ses-9,24,1.0,pair_absdiff,0.0134,0.0087
EleutherAI/pythia-410m,ds003604,Plaus,ses-9,24,1.0,pair_cos1d,-0.008,-0.0293
EleutherAI/pythia-410m,ds003604,Sem,ses-5,0,0.0,pipeline_meanpool,-0.0005,-0.0195
EleutherAI/pythia-410m,ds003604,Sem,ses-5,0,0.0,pair_concat,0.0102,-0.0011
EleutherAI/pythia-410m,ds003604,Sem,ses-5,0,0.0,pair_absdiff,-0.0105,-0.0068
EleutherAI/pythia-410m,ds003604,Sem,ses-5,0,0.0,pair_cos1d,-0.0057,-0.0123
EleutherAI/pythia-410m,ds003604,Sem,ses-5,1,0.042,pipeline_meanpool,0.0069,-0.0163
EleutherAI/pythia-410m,ds003604,Sem,ses-5,1,0.042,pair_concat,0.0044,-0.0193
EleutherAI/pythia-410m,ds003604,Sem,ses-5,1,0.042,pair_absdiff,-0.0011,0.0047
EleutherAI/pythia-410m,ds003604,Sem,ses-5,1,0.042,pair_cos1d,-0.0077,0.0083
EleutherAI/pythia-410m,ds003604,Sem,ses-5,2,0.083,pipeline_meanpool,0.0031,0.0121
EleutherAI/pythia-410m,ds003604,Sem,ses-5,2,0.083,pair_concat,-0.0055,0.0274
EleutherAI/pythia-410m,ds003604,Sem,ses-5,2,0.083,pair_absdiff,0.0086,0.035
EleutherAI/pythia-410m,ds003604,Sem,ses-5,2,0.083,pair_cos1d,-0.007,0.0035
EleutherAI/pythia-410m,ds003604,Sem,ses-5,3,0.125,pipeline_meanpool,0.0068,0.0078
EleutherAI/pythia-410m,ds003604,Sem,ses-5,3,0.125,pair_concat,-0.001,0.0004
EleutherAI/pythia-410m,ds003604,Sem,ses-5,3,0.125,pair_absdiff,0.0263,0.0812
EleutherAI/pythia-410m,ds003604,Sem,ses-5,3,0.125,pair_cos1d,-0.0194,-0.0097
EleutherAI/pythia-410m,ds003604,Sem,ses-5,4,0.167,pipeline_meanpool,0.0099,0.0044
EleutherAI/pythia-410m,ds003604,Sem,ses-5,4,0.167,pair_concat,0.0256,0.0054
EleutherAI/pythia-410m,ds003604,Sem,ses-5,4,0.167,pair_absdiff,0.0025,0.0595
EleutherAI/pythia-410m,ds003604,Sem,ses-5,4,0.167,pair_cos1d,0.0106,0.0305
EleutherAI/pythia-410m,ds003604,Sem,ses-5,5,0.208,pipeline_meanpool,0.0043,-0.0047
EleutherAI/pythia-410m,ds003604,Sem,ses-5,5,0.208,pair_concat,0.004,-0.0005
EleutherAI/pythia-410m,ds003604,Sem,ses-5,5,0.208,pair_absdiff,0.0003,0.0377
EleutherAI/pythia-410m,ds003604,Sem,ses-5,5,0.208,pair_cos1d,0.0141,0.0453
EleutherAI/pythia-410m,ds003604,Sem,ses-5,6,0.25,pipeline_meanpool,0.003,0.0199
EleutherAI/pythia-410m,ds003604,Sem,ses-5,6,0.25,pair_concat,0.0144,0.0057
EleutherAI/pythia-410m,ds003604,Sem,ses-5,6,0.25,pair_absdiff,-0.0022,0.0021
EleutherAI/pythia-410m,ds003604,Sem,ses-5,6,0.25,pair_cos1d,-0.0149,0.0273
EleutherAI/pythia-410m,ds003604,Sem,ses-5,7,0.292,pipeline_meanpool,0.0034,0.0157
EleutherAI/pythia-410m,ds003604,Sem,ses-5,7,0.292,pair_concat,0.0142,0.0043
EleutherAI/pythia-410m,ds003604,Sem,ses-5,7,0.292,pair_absdiff,-0.0036,-0.0008
EleutherAI/pythia-410m,ds003604,Sem,ses-5,7,0.292,pair_cos1d,-0.0145,0.0286
EleutherAI/pythia-410m,ds003604,Sem,ses-5,8,0.333,pipeline_meanpool,0.0023,0.0087
EleutherAI/pythia-410m,ds003604,Sem,ses-5,8,0.333,pair_concat,0.0137,0.0043
EleutherAI/pythia-410m,ds003604,Sem,ses-5,8,0.333,pair_absdiff,-0.005,-0.0002
EleutherAI/pythia-410m,ds003604,Sem,ses-5,8,0.333,pair_cos1d,-0.0135,0.0271
EleutherAI/pythia-410m,ds003604,Sem,ses-5,9,0.375,pipeline_meanpool,0.002,0.0055
EleutherAI/pythia-410m,ds003604,Sem,ses-5,9,0.375,pair_concat,0.0142,0.0045
EleutherAI/pythia-410m,ds003604,Sem,ses-5,9,0.375,pair_absdiff,-0.0043,-0.0017
EleutherAI/pythia-410m,ds003604,Sem,ses-5,9,0.375,pair_cos1d,-0.0124,0.0277
EleutherAI/pythia-410m,ds003604,Sem,ses-5,10,0.417,pipeline_meanpool,0.0026,0.0083
EleutherAI/pythia-410m,ds003604,Sem,ses-5,10,0.417,pair_concat,0.014,0.0046
EleutherAI/pythia-410m,ds003604,Sem,ses-5,10,0.417,pair_absdiff,-0.0047,-0.0043
EleutherAI/pythia-410m,ds003604,Sem,ses-5,10,0.417,pair_cos1d,-0.0114,0.0286
EleutherAI/pythia-410m,ds003604,Sem,ses-5,11,0.458,pipeline_meanpool,0.0022,0.0084
EleutherAI/pythia-410m,ds003604,Sem,ses-5,11,0.458,pair_concat,0.0145,0.0052
EleutherAI/pythia-410m,ds003604,Sem,ses-5,11,0.458,pair_absdiff,-0.0047,-0.0041
EleutherAI/pythia-410m,ds003604,Sem,ses-5,11,0.458,pair_cos1d,-0.0111,0.03
EleutherAI/pythia-410m,ds003604,Sem,ses-5,12,0.5,pipeline_meanpool,0.0008,0.0039
EleutherAI/pythia-410m,ds003604,Sem,ses-5,12,0.5,pair_concat,0.0139,0.004
EleutherAI/pythia-410m,ds003604,Sem,ses-5,12,0.5,pair_absdiff,-0.0052,-0.0018
EleutherAI/pythia-410m,ds003604,Sem,ses-5,12,0.5,pair_cos1d,-0.0107,0.03
EleutherAI/pythia-410m,ds003604,Sem,ses-5,13,0.542,pipeline_meanpool,0.001,0.0059
EleutherAI/pythia-410m,ds003604,Sem,ses-5,13,0.542,pair_concat,0.0139,0.0039
EleutherAI/pythia-410m,ds003604,Sem,ses-5,13,0.542,pair_absdiff,-0.0053,-0.0007
EleutherAI/pythia-410m,ds003604,Sem,ses-5,13,0.542,pair_cos1d,-0.0133,0.0261
EleutherAI/pythia-410m,ds003604,Sem,ses-5,14,0.583,pipeline_meanpool,0.0004,0.0045
EleutherAI/pythia-410m,ds003604,Sem,ses-5,14,0.583,pair_concat,0.0134,0.0029
EleutherAI/pythia-410m,ds003604,Sem,ses-5,14,0.583,pair_absdiff,-0.0056,0.0009
EleutherAI/pythia-410m,ds003604,Sem,ses-5,14,0.583,pair_cos1d,-0.012,0.0224
EleutherAI/pythia-410m,ds003604,Sem,ses-5,15,0.625,pipeline_meanpool,0.0012,0.0042
EleutherAI/pythia-410m,ds003604,Sem,ses-5,15,0.625,pair_concat,0.0133,0.0025
EleutherAI/pythia-410m,ds003604,Sem,ses-5,15,0.625,pair_absdiff,-0.0063,-0.0001
EleutherAI/pythia-410m,ds003604,Sem,ses-5,15,0.625,pair_cos1d,-0.0143,0.0152
EleutherAI/pythia-410m,ds003604,Sem,ses-5,16,0.667,pipeline_meanpool,0.0016,0.0048
EleutherAI/pythia-410m,ds003604,Sem,ses-5,16,0.667,pair_concat,0.0136,0.0024
EleutherAI/pythia-410m,ds003604,Sem,ses-5,16,0.667,pair_absdiff,-0.0078,-0.0
EleutherAI/pythia-410m,ds003604,Sem,ses-5,16,0.667,pair_cos1d,-0.0122,0.0158
EleutherAI/pythia-410m,ds003604,Sem,ses-5,17,0.708,pipeline_meanpool,0.0018,0.0122
EleutherAI/pythia-410m,ds003604,Sem,ses-5,17,0.708,pair_concat,0.0126,0.0016
EleutherAI/pythia-410m,ds003604,Sem,ses-5,17,0.708,pair_absdiff,-0.0065,0.004
EleutherAI/pythia-410m,ds003604,Sem,ses-5,17,0.708,pair_cos1d,-0.0114,0.0128
EleutherAI/pythia-410m,ds003604,Sem,ses-5,18,0.75,pipeline_meanpool,0.0025,0.0121
EleutherAI/pythia-410m,ds003604,Sem,ses-5,18,0.75,pair_concat,0.0117,0.0003
EleutherAI/pythia-410m,ds003604,Sem,ses-5,18,0.75,pair_absdiff,-0.0077,0.0054
EleutherAI/pythia-410m,ds003604,Sem,ses-5,18,0.75,pair_cos1d,-0.0034,0.0105
EleutherAI/pythia-410m,ds003604,Sem,ses-5,19,0.792,pipeline_meanpool,-0.0012,0.0103
EleutherAI/pythia-410m,ds003604,Sem,ses-5,19,0.792,pair_concat,0.011,-0.0003
EleutherAI/pythia-410m,ds003604,Sem,ses-5,19,0.792,pair_absdiff,-0.0074,0.0037
EleutherAI/pythia-410m,ds003604,Sem,ses-5,19,0.792,pair_cos1d,-0.0047,0.0065
EleutherAI/pythia-410m,ds003604,Sem,ses-5,20,0.833,pipeline_meanpool,-0.0019,0.0102
EleutherAI/pythia-410m,ds003604,Sem,ses-5,20,0.833,pair_concat,0.009,-0.0025
EleutherAI/pythia-410m,ds003604,Sem,ses-5,20,0.833,pair_absdiff,-0.0091,0.0025
EleutherAI/pythia-410m,ds003604,Sem,ses-5,20,0.833,pair_cos1d,-0.0042,0.0034
EleutherAI/pythia-410m,ds003604,Sem,ses-5,21,0.875,pipeline_meanpool,-0.0021,0.0102
EleutherAI/pythia-410m,ds003604,Sem,ses-5,21,0.875,pair_concat,0.0083,-0.0028
EleutherAI/pythia-410m,ds003604,Sem,ses-5,21,0.875,pair_absdiff,-0.0082,0.0043
EleutherAI/pythia-410m,ds003604,Sem,ses-5,21,0.875,pair_cos1d,-0.0025,0.0041
EleutherAI/pythia-410m,ds003604,Sem,ses-5,22,0.917,pipeline_meanpool,-0.0027,0.0109
EleutherAI/pythia-410m,ds003604,Sem,ses-5,22,0.917,pair_concat,0.008,-0.0027
EleutherAI/pythia-410m,ds003604,Sem,ses-5,22,0.917,pair_absdiff,-0.0078,0.0035
EleutherAI/pythia-410m,ds003604,Sem,ses-5,22,0.917,pair_cos1d,-0.0012,0.0055
EleutherAI/pythia-410m,ds003604,Sem,ses-5,23,0.958,pipeline_meanpool,-0.0039,0.0079
EleutherAI/pythia-410m,ds003604,Sem,ses-5,23,0.958,pair_concat,0.0072,-0.0032
EleutherAI/pythia-410m,ds003604,Sem,ses-5,23,0.958,pair_absdiff,-0.0041,-0.0019
EleutherAI/pythia-410m,ds003604,Sem,ses-5,23,0.958,pair_cos1d,-0.0016,0.0062
EleutherAI/pythia-410m,ds003604,Sem,ses-5,24,1.0,pipeline_meanpool,0.0057,-0.0203
EleutherAI/pythia-410m,ds003604,Sem,ses-5,24,1.0,pair_concat,0.0051,0.0007
EleutherAI/pythia-410m,ds003604,Sem,ses-5,24,1.0,pair_absdiff,0.0144,-0.0243
EleutherAI/pythia-410m,ds003604,Sem,ses-5,24,1.0,pair_cos1d,-0.0011,-0.0069
EleutherAI/pythia-410m,ds003604,Sem,ses-7,0,0.0,pipeline_meanpool,0.0042,-0.0183
EleutherAI/pythia-410m,ds003604,Sem,ses-7,0,0.0,pair_concat,0.0114,0.0015
EleutherAI/pythia-410m,ds003604,Sem,ses-7,0,0.0,pair_absdiff,0.0066,-0.001
EleutherAI/pythia-410m,ds003604,Sem,ses-7,0,0.0,pair_cos1d,-0.0052,-0.0141
EleutherAI/pythia-410m,ds003604,Sem,ses-7,1,0.042,pipeline_meanpool,0.0117,-0.0126
EleutherAI/pythia-410m,ds003604,Sem,ses-7,1,0.042,pair_concat,0.0157,-0.013
EleutherAI/pythia-410m,ds003604,Sem,ses-7,1,0.042,pair_absdiff,0.0184,0.0079
EleutherAI/pythia-410m,ds003604,Sem,ses-7,1,0.042,pair_cos1d,-0.0138,0.006
EleutherAI/pythia-410m,ds003604,Sem,ses-7,2,0.083,pipeline_meanpool,0.0077,0.0195
EleutherAI/pythia-410m,ds003604,Sem,ses-7,2,0.083,pair_concat,0.0014,0.035
EleutherAI/pythia-410m,ds003604,Sem,ses-7,2,0.083,pair_absdiff,0.0075,0.0361
EleutherAI/pythia-410m,ds003604,Sem,ses-7,2,0.083,pair_cos1d,-0.0144,0.0032
EleutherAI/pythia-410m,ds003604,Sem,ses-7,3,0.125,pipeline_meanpool,0.0108,0.0111
EleutherAI/pythia-410m,ds003604,Sem,ses-7,3,0.125,pair_concat,0.0071,0.0025
EleutherAI/pythia-410m,ds003604,Sem,ses-7,3,0.125,pair_absdiff,0.0269,0.0832
EleutherAI/pythia-410m,ds003604,Sem,ses-7,3,0.125,pair_cos1d,-0.0161,-0.0073
EleutherAI/pythia-410m,ds003604,Sem,ses-7,4,0.167,pipeline_meanpool,0.0114,0.0026
EleutherAI/pythia-410m,ds003604,Sem,ses-7,4,0.167,pair_concat,0.0147,-0.0031
EleutherAI/pythia-410m,ds003604,Sem,ses-7,4,0.167,pair_absdiff,0.0043,0.0613
EleutherAI/pythia-410m,ds003604,Sem,ses-7,4,0.167,pair_cos1d,-0.0001,0.0313
EleutherAI/pythia-410m,ds003604,Sem,ses-7,5,0.208,pipeline_meanpool,0.0039,-0.0058
EleutherAI/pythia-410m,ds003604,Sem,ses-7,5,0.208,pair_concat,-0.0004,-0.0082
EleutherAI/pythia-410m,ds003604,Sem,ses-7,5,0.208,pair_absdiff,0.0014,0.0391
EleutherAI/pythia-410m,ds003604,Sem,ses-7,5,0.208,pair_cos1d,-0.0071,0.043
EleutherAI/pythia-410m,ds003604,Sem,ses-7,6,0.25,pipeline_meanpool,0.0012,0.013
EleutherAI/pythia-410m,ds003604,Sem,ses-7,6,0.25,pair_concat,0.0077,0.003
EleutherAI/pythia-410m,ds003604,Sem,ses-7,6,0.25,pair_absdiff,-0.0048,-0.0002
EleutherAI/pythia-410m,ds003604,Sem,ses-7,6,0.25,pair_cos1d,-0.0174,0.0305
EleutherAI/pythia-410m,ds003604,Sem,ses-7,7,0.292,pipeline_meanpool,0.0018,0.0081
EleutherAI/pythia-410m,ds003604,Sem,ses-7,7,0.292,pair_concat,0.0076,0.0018
EleutherAI/pythia-410m,ds003604,Sem,ses-7,7,0.292,pair_absdiff,-0.0064,-0.0038
EleutherAI/pythia-410m,ds003604,Sem,ses-7,7,0.292,pair_cos1d,-0.0154,0.0324
EleutherAI/pythia-410m,ds003604,Sem,ses-7,8,0.333,pipeline_meanpool,0.0006,0.0001
EleutherAI/pythia-410m,ds003604,Sem,ses-7,8,0.333,pair_concat,0.0072,0.0018
EleutherAI/pythia-410m,ds003604,Sem,ses-7,8,0.333,pair_absdiff,-0.0075,-0.0036
EleutherAI/pythia-410m,ds003604,Sem,ses-7,8,0.333,pair_cos1d,-0.0161,0.0302
EleutherAI/pythia-410m,ds003604,Sem,ses-7,9,0.375,pipeline_meanpool,-0.0,-0.0037
EleutherAI/pythia-410m,ds003604,Sem,ses-7,9,0.375,pair_concat,0.0073,0.002
EleutherAI/pythia-410m,ds003604,Sem,ses-7,9,0.375,pair_absdiff,-0.0069,-0.0051
EleutherAI/pythia-410m,ds003604,Sem,ses-7,9,0.375,pair_cos1d,-0.0158,0.0308
EleutherAI/pythia-410m,ds003604,Sem,ses-7,10,0.417,pipeline_meanpool,0.0005,-0.0008
EleutherAI/pythia-410m,ds003604,Sem,ses-7,10,0.417,pair_concat,0.0072,0.0021
EleutherAI/pythia-410m,ds003604,Sem,ses-7,10,0.417,pair_absdiff,-0.0074,-0.0076
EleutherAI/pythia-410m,ds003604,Sem,ses-7,10,0.417,pair_cos1d,-0.0158,0.0313
EleutherAI/pythia-410m,ds003604,Sem,ses-7,11,0.458,pipeline_meanpool,-0.0004,-0.0007
EleutherAI/pythia-410m,ds003604,Sem,ses-7,11,0.458,pair_concat,0.0077,0.0027
EleutherAI/pythia-410m,ds003604,Sem,ses-7,11,0.458,pair_absdiff,-0.0072,-0.0075
EleutherAI/pythia-410m,ds003604,Sem,ses-7,11,0.458,pair_cos1d,-0.0136,0.0331
EleutherAI/pythia-410m,ds003604,Sem,ses-7,12,0.5,pipeline_meanpool,-0.0015,-0.0054
EleutherAI/pythia-410m,ds003604,Sem,ses-7,12,0.5,pair_concat,0.0067,0.0014
EleutherAI/pythia-410m,ds003604,Sem,ses-7,12,0.5,pair_absdiff,-0.0066,-0.0046
EleutherAI/pythia-410m,ds003604,Sem,ses-7,12,0.5,pair_cos1d,-0.0137,0.0331
EleutherAI/pythia-410m,ds003604,Sem,ses-7,13,0.542,pipeline_meanpool,-0.001,-0.0033
EleutherAI/pythia-410m,ds003604,Sem,ses-7,13,0.542,pair_concat,0.0068,0.0014
EleutherAI/pythia-410m,ds003604,Sem,ses-7,13,0.542,pair_absdiff,-0.0077,-0.0039
EleutherAI/pythia-410m,ds003604,Sem,ses-7,13,0.542,pair_cos1d,-0.0163,0.0286
EleutherAI/pythia-410m,ds003604,Sem,ses-7,14,0.583,pipeline_meanpool,-0.0011,-0.0047
EleutherAI/pythia-410m,ds003604,Sem,ses-7,14,0.583,pair_concat,0.0064,0.0004
EleutherAI/pythia-410m,ds003604,Sem,ses-7,14,0.583,pair_absdiff,-0.0082,-0.0022
EleutherAI/pythia-410m,ds003604,Sem,ses-7,14,0.583,pair_cos1d,-0.0164,0.0243
EleutherAI/pythia-410m,ds003604,Sem,ses-7,15,0.625,pipeline_meanpool,-0.0012,-0.0055
EleutherAI/pythia-410m,ds003604,Sem,ses-7,15,0.625,pair_concat,0.0062,-0.0001
EleutherAI/pythia-410m,ds003604,Sem,ses-7,15,0.625,pair_absdiff,-0.0086,-0.0031
EleutherAI/pythia-410m,ds003604,Sem,ses-7,15,0.625,pair_cos1d,-0.0206,0.0164
EleutherAI/pythia-410m,ds003604,Sem,ses-7,16,0.667,pipeline_meanpool,-0.0004,-0.0045
EleutherAI/pythia-410m,ds003604,Sem,ses-7,16,0.667,pair_concat,0.0065,-0.0002
EleutherAI/pythia-410m,ds003604,Sem,ses-7,16,0.667,pair_absdiff,-0.0104,-0.003
EleutherAI/pythia-410m,ds003604,Sem,ses-7,16,0.667,pair_cos1d,-0.0201,0.0163
EleutherAI/pythia-410m,ds003604,Sem,ses-7,17,0.708,pipeline_meanpool,-0.0,0.0031
EleutherAI/pythia-410m,ds003604,Sem,ses-7,17,0.708,pair_concat,0.0059,-0.0009
EleutherAI/pythia-410m,ds003604,Sem,ses-7,17,0.708,pair_absdiff,-0.0094,0.0009
EleutherAI/pythia-410m,ds003604,Sem,ses-7,17,0.708,pair_cos1d,-0.0222,0.0119
EleutherAI/pythia-410m,ds003604,Sem,ses-7,18,0.75,pipeline_meanpool,-0.0004,0.0035
EleutherAI/pythia-410m,ds003604,Sem,ses-7,18,0.75,pair_concat,0.0052,-0.0022
EleutherAI/pythia-410m,ds003604,Sem,ses-7,18,0.75,pair_absdiff,-0.0107,0.0026
EleutherAI/pythia-410m,ds003604,Sem,ses-7,18,0.75,pair_cos1d,-0.0209,0.0074
EleutherAI/pythia-410m,ds003604,Sem,ses-7,19,0.792,pipeline_meanpool,-0.0043,0.0024
EleutherAI/pythia-410m,ds003604,Sem,ses-7,19,0.792,pair_concat,0.0046,-0.0029
EleutherAI/pythia-410m,ds003604,Sem,ses-7,19,0.792,pair_absdiff,-0.01,0.0014
EleutherAI/pythia-410m,ds003604,Sem,ses-7,19,0.792,pair_cos1d,-0.0185,0.0047
EleutherAI/pythia-410m,ds003604,Sem,ses-7,20,0.833,pipeline_meanpool,-0.0053,0.0027
EleutherAI/pythia-410m,ds003604,Sem,ses-7,20,0.833,pair_concat,0.0037,-0.0049
EleutherAI/pythia-410m,ds003604,Sem,ses-7,20,0.833,pair_absdiff,-0.0117,-0.0003
EleutherAI/pythia-410m,ds003604,Sem,ses-7,20,0.833,pair_cos1d,-0.0164,0.002
EleutherAI/pythia-410m,ds003604,Sem,ses-7,21,0.875,pipeline_meanpool,-0.0053,0.003
EleutherAI/pythia-410m,ds003604,Sem,ses-7,21,0.875,pair_concat,0.0033,-0.0052
EleutherAI/pythia-410m,ds003604,Sem,ses-7,21,0.875,pair_absdiff,-0.0111,0.0012
EleutherAI/pythia-410m,ds003604,Sem,ses-7,21,0.875,pair_cos1d,-0.0117,0.0035
EleutherAI/pythia-410m,ds003604,Sem,ses-7,22,0.917,pipeline_meanpool,-0.0059,0.0039
EleutherAI/pythia-410m,ds003604,Sem,ses-7,22,0.917,pair_concat,0.0031,-0.0051
EleutherAI/pythia-410m,ds003604,Sem,ses-7,22,0.917,pair_absdiff,-0.0107,0.0006
EleutherAI/pythia-410m,ds003604,Sem,ses-7,22,0.917,pair_cos1d,-0.0079,0.0057
EleutherAI/pythia-410m,ds003604,Sem,ses-7,23,0.958,pipeline_meanpool,-0.0059,0.0014
EleutherAI/pythia-410m,ds003604,Sem,ses-7,23,0.958,pair_concat,0.0021,-0.0059
EleutherAI/pythia-410m,ds003604,Sem,ses-7,23,0.958,pair_absdiff,-0.0075,-0.0059
EleutherAI/pythia-410m,ds003604,Sem,ses-7,23,0.958,pair_cos1d,-0.01,0.0062
EleutherAI/pythia-410m,ds003604,Sem,ses-7,24,1.0,pipeline_meanpool,-0.0045,-0.0194
EleutherAI/pythia-410m,ds003604,Sem,ses-7,24,1.0,pair_concat,0.002,0.0031
EleutherAI/pythia-410m,ds003604,Sem,ses-7,24,1.0,pair_absdiff,0.0017,-0.0332
EleutherAI/pythia-410m,ds003604,Sem,ses-7,24,1.0,pair_cos1d,-0.0113,-0.0073
EleutherAI/pythia-410m,ds003604,Sem,ses-9,0,0.0,pipeline_meanpool,0.0063,-0.0151
EleutherAI/pythia-410m,ds003604,Sem,ses-9,0,0.0,pair_concat,0.0087,0.0002
EleutherAI/pythia-410m,ds003604,Sem,ses-9,0,0.0,pair_absdiff,0.0027,-0.002
EleutherAI/pythia-410m,ds003604,Sem,ses-9,0,0.0,pair_cos1d,-0.0102,-0.0156
EleutherAI/pythia-410m,ds003604,Sem,ses-9,1,0.042,pipeline_meanpool,0.0107,-0.0137
EleutherAI/pythia-410m,ds003604,Sem,ses-9,1,0.042,pair_concat,0.0122,-0.0159
EleutherAI/pythia-410m,ds003604,Sem,ses-9,1,0.042,pair_absdiff,0.0134,0.0093
EleutherAI/pythia-410m,ds003604,Sem,ses-9,1,0.042,pair_cos1d,-0.0089,0.0053
EleutherAI/pythia-410m,ds003604,Sem,ses-9,2,0.083,pipeline_meanpool,0.0085,0.0164
EleutherAI/pythia-410m,ds003604,Sem,ses-9,2,0.083,pair_concat,0.0057,0.0306
EleutherAI/pythia-410m,ds003604,Sem,ses-9,2,0.083,pair_absdiff,0.0173,0.0394
EleutherAI/pythia-410m,ds003604,Sem,ses-9,2,0.083,pair_cos1d,-0.0088,0.0037
EleutherAI/pythia-410m,ds003604,Sem,ses-9,3,0.125,pipeline_meanpool,0.0102,0.0098
EleutherAI/pythia-410m,ds003604,Sem,ses-9,3,0.125,pair_concat,0.0071,0.0009
EleutherAI/pythia-410m,ds003604,Sem,ses-9,3,0.125,pair_absdiff,0.0271,0.0804
EleutherAI/pythia-410m,ds003604,Sem,ses-9,3,0.125,pair_cos1d,-0.017,-0.0098
EleutherAI/pythia-410m,ds003604,Sem,ses-9,4,0.167,pipeline_meanpool,0.0105,0.0045
EleutherAI/pythia-410m,ds003604,Sem,ses-9,4,0.167,pair_concat,0.0147,0.0014
EleutherAI/pythia-410m,ds003604,Sem,ses-9,4,0.167,pair_absdiff,0.0041,0.0571
EleutherAI/pythia-410m,ds003604,Sem,ses-9,4,0.167,pair_cos1d,0.0054,0.0305
EleutherAI/pythia-410m,ds003604,Sem,ses-9,5,0.208,pipeline_meanpool,0.0066,-0.0041
EleutherAI/pythia-410m,ds003604,Sem,ses-9,5,0.208,pair_concat,-0.0043,-0.0053
EleutherAI/pythia-410m,ds003604,Sem,ses-9,5,0.208,pair_absdiff,-0.0016,0.0332
EleutherAI/pythia-410m,ds003604,Sem,ses-9,5,0.208,pair_cos1d,-0.0001,0.0417
EleutherAI/pythia-410m,ds003604,Sem,ses-9,6,0.25,pipeline_meanpool,0.0034,0.0179
EleutherAI/pythia-410m,ds003604,Sem,ses-9,6,0.25,pair_concat,0.0043,0.0058
EleutherAI/pythia-410m,ds003604,Sem,ses-9,6,0.25,pair_absdiff,-0.0051,0.0002
EleutherAI/pythia-410m,ds003604,Sem,ses-9,6,0.25,pair_cos1d,-0.0159,0.0283
EleutherAI/pythia-410m,ds003604,Sem,ses-9,7,0.292,pipeline_meanpool,0.0042,0.0135
EleutherAI/pythia-410m,ds003604,Sem,ses-9,7,0.292,pair_concat,0.0049,0.005
EleutherAI/pythia-410m,ds003604,Sem,ses-9,7,0.292,pair_absdiff,-0.0058,-0.001
EleutherAI/pythia-410m,ds003604,Sem,ses-9,7,0.292,pair_cos1d,-0.0153,0.0301
EleutherAI/pythia-410m,ds003604,Sem,ses-9,8,0.333,pipeline_meanpool,0.0021,0.0058
EleutherAI/pythia-410m,ds003604,Sem,ses-9,8,0.333,pair_concat,0.0045,0.0048
EleutherAI/pythia-410m,ds003604,Sem,ses-9,8,0.333,pair_absdiff,-0.007,-0.0013
EleutherAI/pythia-410m,ds003604,Sem,ses-9,8,0.333,pair_cos1d,-0.017,0.0272
EleutherAI/pythia-410m,ds003604,Sem,ses-9,9,0.375,pipeline_meanpool,0.0012,0.0021
EleutherAI/pythia-410m,ds003604,Sem,ses-9,9,0.375,pair_concat,0.0047,0.005
EleutherAI/pythia-410m,ds003604,Sem,ses-9,9,0.375,pair_absdiff,-0.0068,-0.0028
EleutherAI/pythia-410m,ds003604,Sem,ses-9,9,0.375,pair_cos1d,-0.0158,0.028
EleutherAI/pythia-410m,ds003604,Sem,ses-9,10,0.417,pipeline_meanpool,0.0015,0.0044
EleutherAI/pythia-410m,ds003604,Sem,ses-9,10,0.417,pair_concat,0.0043,0.005
EleutherAI/pythia-410m,ds003604,Sem,ses-9,10,0.417,pair_absdiff,-0.0073,-0.0054
EleutherAI/pythia-410m,ds003604,Sem,ses-9,10,0.417,pair_cos1d,-0.0163,0.0281
EleutherAI/pythia-410m,ds003604,Sem,ses-9,11,0.458,pipeline_meanpool,0.0012,0.0048
EleutherAI/pythia-410m,ds003604,Sem,ses-9,11,0.458,pair_concat,0.0047,0.0056
EleutherAI/pythia-410m,ds003604,Sem,ses-9,11,0.458,pair_absdiff,-0.0072,-0.0051
EleutherAI/pythia-410m,ds003604,Sem,ses-9,11,0.458,pair_cos1d,-0.0137,0.0306
EleutherAI/pythia-410m,ds003604,Sem,ses-9,12,0.5,pipeline_meanpool,-0.0012,-0.0004
EleutherAI/pythia-410m,ds003604,Sem,ses-9,12,0.5,pair_concat,0.004,0.0043
EleutherAI/pythia-410m,ds003604,Sem,ses-9,12,0.5,pair_absdiff,-0.0066,-0.0025
EleutherAI/pythia-410m,ds003604,Sem,ses-9,12,0.5,pair_cos1d,-0.0148,0.0298
EleutherAI/pythia-410m,ds003604,Sem,ses-9,13,0.542,pipeline_meanpool,-0.0018,0.0012
EleutherAI/pythia-410m,ds003604,Sem,ses-9,13,0.542,pair_concat,0.004,0.0042
EleutherAI/pythia-410m,ds003604,Sem,ses-9,13,0.542,pair_absdiff,-0.0068,-0.0017
EleutherAI/pythia-410m,ds003604,Sem,ses-9,13,0.542,pair_cos1d,-0.0162,0.0262
EleutherAI/pythia-410m,ds003604,Sem,ses-9,14,0.583,pipeline_meanpool,-0.0027,-0.0007
EleutherAI/pythia-410m,ds003604,Sem,ses-9,14,0.583,pair_concat,0.0037,0.0032
EleutherAI/pythia-410m,ds003604,Sem,ses-9,14,0.583,pair_absdiff,-0.0077,-0.0005
EleutherAI/pythia-410m,ds003604,Sem,ses-9,14,0.583,pair_cos1d,-0.0144,0.0222
EleutherAI/pythia-410m,ds003604,Sem,ses-9,15,0.625,pipeline_meanpool,-0.0035,-0.0018
EleutherAI/pythia-410m,ds003604,Sem,ses-9,15,0.625,pair_concat,0.0038,0.0029
EleutherAI/pythia-410m,ds003604,Sem,ses-9,15,0.625,pair_absdiff,-0.0086,-0.0015
EleutherAI/pythia-410m,ds003604,Sem,ses-9,15,0.625,pair_cos1d,-0.0173,0.0147
EleutherAI/pythia-410m,ds003604,Sem,ses-9,16,0.667,pipeline_meanpool,-0.0029,-0.0011
EleutherAI/pythia-410m,ds003604,Sem,ses-9,16,0.667,pair_concat,0.0041,0.0028
EleutherAI/pythia-410m,ds003604,Sem,ses-9,16,0.667,pair_absdiff,-0.0103,-0.0016
EleutherAI/pythia-410m,ds003604,Sem,ses-9,16,0.667,pair_cos1d,-0.0156,0.0151
EleutherAI/pythia-410m,ds003604,Sem,ses-9,17,0.708,pipeline_meanpool,-0.0029,0.0059
EleutherAI/pythia-410m,ds003604,Sem,ses-9,17,0.708,pair_concat,0.0036,0.0022
EleutherAI/pythia-410m,ds003604,Sem,ses-9,17,0.708,pair_absdiff,-0.0088,0.0025
EleutherAI/pythia-410m,ds003604,Sem,ses-9,17,0.708,pair_cos1d,-0.0161,0.0112
EleutherAI/pythia-410m,ds003604,Sem,ses-9,18,0.75,pipeline_meanpool,-0.0041,0.0052
EleutherAI/pythia-410m,ds003604,Sem,ses-9,18,0.75,pair_concat,0.0027,0.0008
EleutherAI/pythia-410m,ds003604,Sem,ses-9,18,0.75,pair_absdiff,-0.0102,0.0039
EleutherAI/pythia-410m,ds003604,Sem,ses-9,18,0.75,pair_cos1d,-0.012,0.008
EleutherAI/pythia-410m,ds003604,Sem,ses-9,19,0.792,pipeline_meanpool,-0.0076,0.0038
EleutherAI/pythia-410m,ds003604,Sem,ses-9,19,0.792,pair_concat,0.002,0.0001
EleutherAI/pythia-410m,ds003604,Sem,ses-9,19,0.792,pair_absdiff,-0.0097,0.0029
EleutherAI/pythia-410m,ds003604,Sem,ses-9,19,0.792,pair_cos1d,-0.0108,0.0054
EleutherAI/pythia-410m,ds003604,Sem,ses-9,20,0.833,pipeline_meanpool,-0.0095,0.003
EleutherAI/pythia-410m,ds003604,Sem,ses-9,20,0.833,pair_concat,0.0005,-0.002
EleutherAI/pythia-410m,ds003604,Sem,ses-9,20,0.833,pair_absdiff,-0.011,0.0015
EleutherAI/pythia-410m,ds003604,Sem,ses-9,20,0.833,pair_cos1d,-0.0101,0.0032
EleutherAI/pythia-410m,ds003604,Sem,ses-9,21,0.875,pipeline_meanpool,-0.0106,0.0024
EleutherAI/pythia-410m,ds003604,Sem,ses-9,21,0.875,pair_concat,-0.0002,-0.0024
EleutherAI/pythia-410m,ds003604,Sem,ses-9,21,0.875,pair_absdiff,-0.0107,0.0028
EleutherAI/pythia-410m,ds003604,Sem,ses-9,21,0.875,pair_cos1d,-0.0068,0.005
EleutherAI/pythia-410m,ds003604,Sem,ses-9,22,0.917,pipeline_meanpool,-0.011,0.0032
EleutherAI/pythia-410m,ds003604,Sem,ses-9,22,0.917,pair_concat,-0.0006,-0.0024
EleutherAI/pythia-410m,ds003604,Sem,ses-9,22,0.917,pair_absdiff,-0.0105,0.0021
EleutherAI/pythia-410m,ds003604,Sem,ses-9,22,0.917,pair_cos1d,-0.0044,0.0068
EleutherAI/pythia-410m,ds003604,Sem,ses-9,23,0.958,pipeline_meanpool,-0.012,0.0001
EleutherAI/pythia-410m,ds003604,Sem,ses-9,23,0.958,pair_concat,-0.0012,-0.0027
EleutherAI/pythia-410m,ds003604,Sem,ses-9,23,0.958,pair_absdiff,-0.0073,-0.0039
EleutherAI/pythia-410m,ds003604,Sem,ses-9,23,0.958,pair_cos1d,-0.0065,0.0068
EleutherAI/pythia-410m,ds003604,Sem,ses-9,24,1.0,pipeline_meanpool,0.0073,-0.0158
EleutherAI/pythia-410m,ds003604,Sem,ses-9,24,1.0,pair_concat,0.0118,0.0028
EleutherAI/pythia-410m,ds003604,Sem,ses-9,24,1.0,pair_absdiff,0.0043,-0.0274
EleutherAI/pythia-410m,ds003604,Sem,ses-9,24,1.0,pair_cos1d,-0.0046,-0.0059
EleutherAI/pythia-410m,ds006239,Orth,ses-11+,0,0.0,pipeline_meanpool,-0.0007,0.0232
EleutherAI/pythia-410m,ds006239,Orth,ses-11+,0,0.0,pair_concat,-0.0022,0.0014
EleutherAI/pythia-410m,ds006239,Orth,ses-11+,0,0.0,pair_absdiff,0.019,0.0158
EleutherAI/pythia-410m,ds006239,Orth,ses-11+,0,0.0,pair_cos1d,-0.0244,0.0241
EleutherAI/pythia-410m,ds006239,Orth,ses-11+,1,0.042,pipeline_meanpool,0.0042,0.0222
EleutherAI/pythia-410m,ds006239,Orth,ses-11+,1,0.042,pair_concat,0.0124,0.0049
EleutherAI/pythia-410m,ds006239,Orth,ses-11+,1,0.042,pair_absdiff,0.0394,0.0127
EleutherAI/pythia-410m,ds006239,Orth,ses-11+,1,0.042,pair_cos1d,-0.021,0.0023
EleutherAI/pythia-410m,ds006239,Orth,ses-11+,2,0.083,pipeline_meanpool,-0.0123,0.006
EleutherAI/pythia-410m,ds006239,Orth,ses-11+,2,0.083,pair_concat,-0.0247,-0.0048
EleutherAI/pythia-410m,ds006239,Orth,ses-11+,2,0.083,pair_absdiff,0.0138,0.0022
EleutherAI/pythia-410m,ds006239,Orth,ses-11+,2,0.083,pair_cos1d,-0.0294,0.0032
EleutherAI/pythia-410m,ds006239,Orth,ses-11+,3,0.125,pipeline_meanpool,-0.018,0.0026
EleutherAI/pythia-410m,ds006239,Orth,ses-11+,3,0.125,pair_concat,-0.0323,-0.0023
EleutherAI/pythia-410m,ds006239,Orth,ses-11+,3,0.125,pair_absdiff,0.0286,0.0018
EleutherAI/pythia-410m,ds006239,Orth,ses-11+,3,0.125,pair_cos1d,-0.0341,-0.004
EleutherAI/pythia-410m,ds006239,Orth,ses-11+,4,0.167,pipeline_meanpool,-0.0235,0.0081
EleutherAI/pythia-410m,ds006239,Orth,ses-11+,4,0.167,pair_concat,-0.0251,0.0044
EleutherAI/pythia-410m,ds006239,Orth,ses-11+,4,0.167,pair_absdiff,0.0134,-0.0068
EleutherAI/pythia-410m,ds006239,Orth,ses-11+,4,0.167,pair_cos1d,-0.0168,-0.0021
EleutherAI/pythia-410m,ds006239,Orth,ses-11+,5,0.208,pipeline_meanpool,-0.0228,0.0099
EleutherAI/pythia-410m,ds006239,Orth,ses-11+,5,0.208,pair_concat,-0.0164,0.0034
EleutherAI/pythia-410m,ds006239,Orth,ses-11+,5,0.208,pair_absdiff,0.0162,-0.0227
EleutherAI/pythia-410m,ds006239,Orth,ses-11+,5,0.208,pair_cos1d,-0.0079,-0.0103
EleutherAI/pythia-410m,ds006239,Orth,ses-11+,6,0.25,pipeline_meanpool,-0.0068,0.0083
EleutherAI/pythia-410m,ds006239,Orth,ses-11+,6,0.25,pair_concat,0.0083,0.0302
EleutherAI/pythia-410m,ds006239,Orth,ses-11+,6,0.25,pair_absdiff,0.027,-0.002
EleutherAI/pythia-410m,ds006239,Orth,ses-11+,6,0.25,pair_cos1d,0.0162,-0.001
EleutherAI/pythia-410m,ds006239,Orth,ses-11+,7,0.292,pipeline_meanpool,-0.0004,0.0147
EleutherAI/pythia-410m,ds006239,Orth,ses-11+,7,0.292,pair_concat,0.0092,0.0284
EleutherAI/pythia-410m,ds006239,Orth,ses-11+,7,0.292,pair_absdiff,0.0233,-0.0036
EleutherAI/pythia-410m,ds006239,Orth,ses-11+,7,0.292,pair_cos1d,0.017,-0.0008
EleutherAI/pythia-410m,ds006239,Orth,ses-11+,8,0.333,pipeline_meanpool,-0.0032,0.0175
EleutherAI/pythia-410m,ds006239,Orth,ses-11+,8,0.333,pair_concat,0.0091,0.0281
EleutherAI/pythia-410m,ds006239,Orth,ses-11+,8,0.333,pair_absdiff,0.0264,-0.001
EleutherAI/pythia-410m,ds006239,Orth,ses-11+,8,0.333,pair_cos1d,0.0159,-0.0039
EleutherAI/pythia-410m,ds006239,Orth,ses-11+,9,0.375,pipeline_meanpool,0.0033,0.0185
EleutherAI/pythia-410m,ds006239,Orth,ses-11+,9,0.375,pair_concat,0.0094,0.028
EleutherAI/pythia-410m,ds006239,Orth,ses-11+,9,0.375,pair_absdiff,0.0243,-0.0031
EleutherAI/pythia-410m,ds006239,Orth,ses-11+,9,0.375,pair_cos1d,0.0207,-0.0018
EleutherAI/pythia-410m,ds006239,Orth,ses-11+,10,0.417,pipeline_meanpool,0.0017,0.0178
EleutherAI/pythia-410m,ds006239,Orth,ses-11+,10,0.417,pair_concat,0.0097,0.0284
EleutherAI/pythia-410m,ds006239,Orth,ses-11+,10,0.417,pair_absdiff,0.0224,-0.004
EleutherAI/pythia-410m,ds006239,Orth,ses-11+,10,0.417,pair_cos1d,0.0199,-0.0019
EleutherAI/pythia-410m,ds006239,Orth,ses-11+,11,0.458,pipeline_meanpool,0.0081,0.0157
EleutherAI/pythia-410m,ds006239,Orth,ses-11+,11,0.458,pair_concat,0.0096,0.0277
EleutherAI/pythia-410m,ds006239,Orth,ses-11+,11,0.458,pair_absdiff,0.0234,-0.0031
EleutherAI/pythia-410m,ds006239,Orth,ses-11+,11,0.458,pair_cos1d,0.0201,-0.0032
EleutherAI/pythia-410m,ds006239,Orth,ses-11+,12,0.5,pipeline_meanpool,0.0021,0.0146
EleutherAI/pythia-410m,ds006239,Orth,ses-11+,12,0.5,pair_concat,0.0097,0.028
EleutherAI/pythia-410m,ds006239,Orth,ses-11+,12,0.5,pair_absdiff,0.0279,0.0007
EleutherAI/pythia-410m,ds006239,Orth,ses-11+,12,0.5,pair_cos1d,0.0226,-0.0014
EleutherAI/pythia-410m,ds006239,Orth,ses-11+,13,0.542,pipeline_meanpool,0.0024,0.0159
EleutherAI/pythia-410m,ds006239,Orth,ses-11+,13,0.542,pair_concat,0.0089,0.0278
EleutherAI/pythia-410m,ds006239,Orth,ses-11+,13,0.542,pair_absdiff,0.0301,-0.0002
EleutherAI/pythia-410m,ds006239,Orth,ses-11+,13,0.542,pair_cos1d,0.0209,-0.0024
EleutherAI/pythia-410m,ds006239,Orth,ses-11+,14,0.583,pipeline_meanpool,0.002,0.018
EleutherAI/pythia-410m,ds006239,Orth,ses-11+,14,0.583,pair_concat,0.0099,0.0282
EleutherAI/pythia-410m,ds006239,Orth,ses-11+,14,0.583,pair_absdiff,0.0292,-0.0001
EleutherAI/pythia-410m,ds006239,Orth,ses-11+,14,0.583,pair_cos1d,0.0192,-0.0034
EleutherAI/pythia-410m,ds006239,Orth,ses-11+,15,0.625,pipeline_meanpool,0.0042,0.0211
EleutherAI/pythia-410m,ds006239,Orth,ses-11+,15,0.625,pair_concat,0.0092,0.0277
EleutherAI/pythia-410m,ds006239,Orth,ses-11+,15,0.625,pair_absdiff,0.0333,0.0011
EleutherAI/pythia-410m,ds006239,Orth,ses-11+,15,0.625,pair_cos1d,0.021,-0.0033
EleutherAI/pythia-410m,ds006239,Orth,ses-11+,16,0.667,pipeline_meanpool,0.0011,0.0163
EleutherAI/pythia-410m,ds006239,Orth,ses-11+,16,0.667,pair_concat,0.0087,0.0272
EleutherAI/pythia-410m,ds006239,Orth,ses-11+,16,0.667,pair_absdiff,0.0351,0.0018
EleutherAI/pythia-410m,ds006239,Orth,ses-11+,16,0.667,pair_cos1d,0.0204,-0.0039
EleutherAI/pythia-410m,ds006239,Orth,ses-11+,17,0.708,pipeline_meanpool,0.0018,0.0151
EleutherAI/pythia-410m,ds006239,Orth,ses-11+,17,0.708,pair_concat,0.01,0.0273
EleutherAI/pythia-410m,ds006239,Orth,ses-11+,17,0.708,pair_absdiff,0.0347,0.0029
EleutherAI/pythia-410m,ds006239,Orth,ses-11+,17,0.708,pair_cos1d,0.0174,-0.0051
EleutherAI/pythia-410m,ds006239,Orth,ses-11+,18,0.75,pipeline_meanpool,-0.003,0.0155
EleutherAI/pythia-410m,ds006239,Orth,ses-11+,18,0.75,pair_concat,0.0097,0.0272
EleutherAI/pythia-410m,ds006239,Orth,ses-11+,18,0.75,pair_absdiff,0.0265,0.0014
EleutherAI/pythia-410m,ds006239,Orth,ses-11+,18,0.75,pair_cos1d,0.0147,-0.0009
EleutherAI/pythia-410m,ds006239,Orth,ses-11+,19,0.792,pipeline_meanpool,-0.0075,0.015
EleutherAI/pythia-410m,ds006239,Orth,ses-11+,19,0.792,pair_concat,0.0094,0.0274
EleutherAI/pythia-410m,ds006239,Orth,ses-11+,19,0.792,pair_absdiff,0.0247,0.0003
EleutherAI/pythia-410m,ds006239,Orth,ses-11+,19,0.792,pair_cos1d,0.0138,-0.0008
EleutherAI/pythia-410m,ds006239,Orth,ses-11+,20,0.833,pipeline_meanpool,-0.0071,0.0135
EleutherAI/pythia-410m,ds006239,Orth,ses-11+,20,0.833,pair_concat,0.009,0.0272
EleutherAI/pythia-410m,ds006239,Orth,ses-11+,20,0.833,pair_absdiff,0.0211,-0.0002
EleutherAI/pythia-410m,ds006239,Orth,ses-11+,20,0.833,pair_cos1d,0.0137,0.0005
EleutherAI/pythia-410m,ds006239,Orth,ses-11+,21,0.875,pipeline_meanpool,-0.0086,0.0116
EleutherAI/pythia-410m,ds006239,Orth,ses-11+,21,0.875,pair_concat,0.0083,0.0264
EleutherAI/pythia-410m,ds006239,Orth,ses-11+,21,0.875,pair_absdiff,0.0239,-0.0007
EleutherAI/pythia-410m,ds006239,Orth,ses-11+,21,0.875,pair_cos1d,0.0126,0.0015
EleutherAI/pythia-410m,ds006239,Orth,ses-11+,22,0.917,pipeline_meanpool,-0.0097,0.0102
EleutherAI/pythia-410m,ds006239,Orth,ses-11+,22,0.917,pair_concat,0.0073,0.0259
EleutherAI/pythia-410m,ds006239,Orth,ses-11+,22,0.917,pair_absdiff,0.0258,-0.0013
EleutherAI/pythia-410m,ds006239,Orth,ses-11+,22,0.917,pair_cos1d,0.012,0.0017
EleutherAI/pythia-410m,ds006239,Orth,ses-11+,23,0.958,pipeline_meanpool,-0.007,0.0116
EleutherAI/pythia-410m,ds006239,Orth,ses-11+,23,0.958,pair_concat,0.0059,0.0249
EleutherAI/pythia-410m,ds006239,Orth,ses-11+,23,0.958,pair_absdiff,0.0178,-0.0097
EleutherAI/pythia-410m,ds006239,Orth,ses-11+,23,0.958,pair_cos1d,0.0164,0.0028
EleutherAI/pythia-410m,ds006239,Orth,ses-11+,24,1.0,pipeline_meanpool,-0.0103,0.0135
EleutherAI/pythia-410m,ds006239,Orth,ses-11+,24,1.0,pair_concat,-0.0103,0.0056
EleutherAI/pythia-410m,ds006239,Orth,ses-11+,24,1.0,pair_absdiff,0.0288,-0.0006
EleutherAI/pythia-410m,ds006239,Orth,ses-11+,24,1.0,pair_cos1d,0.0047,-0.0031
EleutherAI/pythia-410m,ds006239,Orth,ses-11,0,0.0,pipeline_meanpool,-0.0047,0.0186
EleutherAI/pythia-410m,ds006239,Orth,ses-11,0,0.0,pair_concat,-0.0024,0.0008
EleutherAI/pythia-410m,ds006239,Orth,ses-11,0,0.0,pair_absdiff,0.0307,0.0224
EleutherAI/pythia-410m,ds006239,Orth,ses-11,0,0.0,pair_cos1d,-0.0172,0.0181
EleutherAI/pythia-410m,ds006239,Orth,ses-11,1,0.042,pipeline_meanpool,-0.0133,0.0103
EleutherAI/pythia-410m,ds006239,Orth,ses-11,1,0.042,pair_concat,-0.0013,-0.0027
EleutherAI/pythia-410m,ds006239,Orth,ses-11,1,0.042,pair_absdiff,0.044,0.019
EleutherAI/pythia-410m,ds006239,Orth,ses-11,1,0.042,pair_cos1d,-0.0199,-0.0068
EleutherAI/pythia-410m,ds006239,Orth,ses-11,2,0.083,pipeline_meanpool,-0.0056,0.0159
EleutherAI/pythia-410m,ds006239,Orth,ses-11,2,0.083,pair_concat,-0.0276,0.0045
EleutherAI/pythia-410m,ds006239,Orth,ses-11,2,0.083,pair_absdiff,0.0137,0.0022
EleutherAI/pythia-410m,ds006239,Orth,ses-11,2,0.083,pair_cos1d,-0.0146,-0.005
EleutherAI/pythia-410m,ds006239,Orth,ses-11,3,0.125,pipeline_meanpool,-0.0026,0.0169
EleutherAI/pythia-410m,ds006239,Orth,ses-11,3,0.125,pair_concat,-0.0298,0.0118
EleutherAI/pythia-410m,ds006239,Orth,ses-11,3,0.125,pair_absdiff,0.0064,-0.0071
EleutherAI/pythia-410m,ds006239,Orth,ses-11,3,0.125,pair_cos1d,-0.0183,-0.0092
EleutherAI/pythia-410m,ds006239,Orth,ses-11,4,0.167,pipeline_meanpool,-0.0079,0.0211
EleutherAI/pythia-410m,ds006239,Orth,ses-11,4,0.167,pair_concat,-0.0229,0.0059
EleutherAI/pythia-410m,ds006239,Orth,ses-11,4,0.167,pair_absdiff,0.0277,-0.0095
EleutherAI/pythia-410m,ds006239,Orth,ses-11,4,0.167,pair_cos1d,-0.0271,-0.0122
EleutherAI/pythia-410m,ds006239,Orth,ses-11,5,0.208,pipeline_meanpool,-0.0163,0.012
EleutherAI/pythia-410m,ds006239,Orth,ses-11,5,0.208,pair_concat,-0.019,-0.0023
EleutherAI/pythia-410m,ds006239,Orth,ses-11,5,0.208,pair_absdiff,0.0481,-0.0146
EleutherAI/pythia-410m,ds006239,Orth,ses-11,5,0.208,pair_cos1d,-0.0123,-0.0138
EleutherAI/pythia-410m,ds006239,Orth,ses-11,6,0.25,pipeline_meanpool,0.0056,0.0153
EleutherAI/pythia-410m,ds006239,Orth,ses-11,6,0.25,pair_concat,-0.0045,0.0237
EleutherAI/pythia-410m,ds006239,Orth,ses-11,6,0.25,pair_absdiff,0.0393,-0.0033
EleutherAI/pythia-410m,ds006239,Orth,ses-11,6,0.25,pair_cos1d,0.0114,-0.0137
EleutherAI/pythia-410m,ds006239,Orth,ses-11,7,0.292,pipeline_meanpool,0.0147,0.0219
EleutherAI/pythia-410m,ds006239,Orth,ses-11,7,0.292,pair_concat,-0.0026,0.0232
EleutherAI/pythia-410m,ds006239,Orth,ses-11,7,0.292,pair_absdiff,0.0284,-0.0079
EleutherAI/pythia-410m,ds006239,Orth,ses-11,7,0.292,pair_cos1d,0.0148,-0.0114
EleutherAI/pythia-410m,ds006239,Orth,ses-11,8,0.333,pipeline_meanpool,0.0111,0.0249
EleutherAI/pythia-410m,ds006239,Orth,ses-11,8,0.333,pair_concat,-0.0027,0.0232
EleutherAI/pythia-410m,ds006239,Orth,ses-11,8,0.333,pair_absdiff,0.0287,-0.0076
EleutherAI/pythia-410m,ds006239,Orth,ses-11,8,0.333,pair_cos1d,0.0146,-0.014
EleutherAI/pythia-410m,ds006239,Orth,ses-11,9,0.375,pipeline_meanpool,0.0177,0.0253
EleutherAI/pythia-410m,ds006239,Orth,ses-11,9,0.375,pair_concat,-0.0028,0.0229
EleutherAI/pythia-410m,ds006239,Orth,ses-11,9,0.375,pair_absdiff,0.0288,-0.0087
EleutherAI/pythia-410m,ds006239,Orth,ses-11,9,0.375,pair_cos1d,0.0203,-0.0118
EleutherAI/pythia-410m,ds006239,Orth,ses-11,10,0.417,pipeline_meanpool,0.0185,0.0256
EleutherAI/pythia-410m,ds006239,Orth,ses-11,10,0.417,pair_concat,-0.0026,0.0232
EleutherAI/pythia-410m,ds006239,Orth,ses-11,10,0.417,pair_absdiff,0.0286,-0.0094
EleutherAI/pythia-410m,ds006239,Orth,ses-11,10,0.417,pair_cos1d,0.0203,-0.0113
EleutherAI/pythia-410m,ds006239,Orth,ses-11,11,0.458,pipeline_meanpool,0.0271,0.0236
EleutherAI/pythia-410m,ds006239,Orth,ses-11,11,0.458,pair_concat,-0.0022,0.023
EleutherAI/pythia-410m,ds006239,Orth,ses-11,11,0.458,pair_absdiff,0.0294,-0.0086
EleutherAI/pythia-410m,ds006239,Orth,ses-11,11,0.458,pair_cos1d,0.0174,-0.0147
EleutherAI/pythia-410m,ds006239,Orth,ses-11,12,0.5,pipeline_meanpool,0.0201,0.0225
EleutherAI/pythia-410m,ds006239,Orth,ses-11,12,0.5,pair_concat,-0.0022,0.0231
EleutherAI/pythia-410m,ds006239,Orth,ses-11,12,0.5,pair_absdiff,0.0323,-0.0062
EleutherAI/pythia-410m,ds006239,Orth,ses-11,12,0.5,pair_cos1d,0.0201,-0.0136
EleutherAI/pythia-410m,ds006239,Orth,ses-11,13,0.542,pipeline_meanpool,0.0201,0.0241
EleutherAI/pythia-410m,ds006239,Orth,ses-11,13,0.542,pair_concat,-0.0026,0.0229
EleutherAI/pythia-410m,ds006239,Orth,ses-11,13,0.542,pair_absdiff,0.0363,-0.0055
EleutherAI/pythia-410m,ds006239,Orth,ses-11,13,0.542,pair_cos1d,0.0205,-0.0145
EleutherAI/pythia-410m,ds006239,Orth,ses-11,14,0.583,pipeline_meanpool,0.018,0.0229
EleutherAI/pythia-410m,ds006239,Orth,ses-11,14,0.583,pair_concat,-0.0027,0.0226
EleutherAI/pythia-410m,ds006239,Orth,ses-11,14,0.583,pair_absdiff,0.0355,-0.0061
EleutherAI/pythia-410m,ds006239,Orth,ses-11,14,0.583,pair_cos1d,0.021,-0.0145
EleutherAI/pythia-410m,ds006239,Orth,ses-11,15,0.625,pipeline_meanpool,0.0167,0.0238
EleutherAI/pythia-410m,ds006239,Orth,ses-11,15,0.625,pair_concat,-0.0031,0.0222
EleutherAI/pythia-410m,ds006239,Orth,ses-11,15,0.625,pair_absdiff,0.0378,-0.0043
EleutherAI/pythia-410m,ds006239,Orth,ses-11,15,0.625,pair_cos1d,0.0235,-0.0147
EleutherAI/pythia-410m,ds006239,Orth,ses-11,16,0.667,pipeline_meanpool,0.0142,0.0193
EleutherAI/pythia-410m,ds006239,Orth,ses-11,16,0.667,pair_concat,-0.0033,0.0218
EleutherAI/pythia-410m,ds006239,Orth,ses-11,16,0.667,pair_absdiff,0.0393,-0.0043
EleutherAI/pythia-410m,ds006239,Orth,ses-11,16,0.667,pair_cos1d,0.0199,-0.0176
EleutherAI/pythia-410m,ds006239,Orth,ses-11,17,0.708,pipeline_meanpool,0.0093,0.0163
EleutherAI/pythia-410m,ds006239,Orth,ses-11,17,0.708,pair_concat,-0.003,0.0213
EleutherAI/pythia-410m,ds006239,Orth,ses-11,17,0.708,pair_absdiff,0.0361,-0.0039
EleutherAI/pythia-410m,ds006239,Orth,ses-11,17,0.708,pair_cos1d,0.0181,-0.016
EleutherAI/pythia-410m,ds006239,Orth,ses-11,18,0.75,pipeline_meanpool,0.0024,0.0137
EleutherAI/pythia-410m,ds006239,Orth,ses-11,18,0.75,pair_concat,-0.0025,0.0209
EleutherAI/pythia-410m,ds006239,Orth,ses-11,18,0.75,pair_absdiff,0.0258,-0.0056
EleutherAI/pythia-410m,ds006239,Orth,ses-11,18,0.75,pair_cos1d,0.0138,-0.0089
EleutherAI/pythia-410m,ds006239,Orth,ses-11,19,0.792,pipeline_meanpool,-0.0033,0.0126
EleutherAI/pythia-410m,ds006239,Orth,ses-11,19,0.792,pair_concat,-0.0031,0.021
EleutherAI/pythia-410m,ds006239,Orth,ses-11,19,0.792,pair_absdiff,0.0233,-0.0068
EleutherAI/pythia-410m,ds006239,Orth,ses-11,19,0.792,pair_cos1d,0.0123,-0.0078
EleutherAI/pythia-410m,ds006239,Orth,ses-11,20,0.833,pipeline_meanpool,-0.0041,0.0112
EleutherAI/pythia-410m,ds006239,Orth,ses-11,20,0.833,pair_concat,-0.0033,0.0211
EleutherAI/pythia-410m,ds006239,Orth,ses-11,20,0.833,pair_absdiff,0.0235,-0.0066
EleutherAI/pythia-410m,ds006239,Orth,ses-11,20,0.833,pair_cos1d,0.0123,-0.0074
EleutherAI/pythia-410m,ds006239,Orth,ses-11,21,0.875,pipeline_meanpool,-0.0066,0.0084
EleutherAI/pythia-410m,ds006239,Orth,ses-11,21,0.875,pair_concat,-0.004,0.0204
EleutherAI/pythia-410m,ds006239,Orth,ses-11,21,0.875,pair_absdiff,0.0289,-0.0064
EleutherAI/pythia-410m,ds006239,Orth,ses-11,21,0.875,pair_cos1d,0.0108,-0.0068
EleutherAI/pythia-410m,ds006239,Orth,ses-11,22,0.917,pipeline_meanpool,-0.0102,0.0072
EleutherAI/pythia-410m,ds006239,Orth,ses-11,22,0.917,pair_concat,-0.0046,0.0204
EleutherAI/pythia-410m,ds006239,Orth,ses-11,22,0.917,pair_absdiff,0.0277,-0.0076
EleutherAI/pythia-410m,ds006239,Orth,ses-11,22,0.917,pair_cos1d,0.011,-0.006
EleutherAI/pythia-410m,ds006239,Orth,ses-11,23,0.958,pipeline_meanpool,-0.0063,0.0096
EleutherAI/pythia-410m,ds006239,Orth,ses-11,23,0.958,pair_concat,-0.0058,0.0196
EleutherAI/pythia-410m,ds006239,Orth,ses-11,23,0.958,pair_absdiff,0.0172,-0.018
EleutherAI/pythia-410m,ds006239,Orth,ses-11,23,0.958,pair_cos1d,0.0167,-0.004
EleutherAI/pythia-410m,ds006239,Orth,ses-11,24,1.0,pipeline_meanpool,-0.0185,0.0116
EleutherAI/pythia-410m,ds006239,Orth,ses-11,24,1.0,pair_concat,-0.0096,0.0038
EleutherAI/pythia-410m,ds006239,Orth,ses-11,24,1.0,pair_absdiff,0.0398,0.004
EleutherAI/pythia-410m,ds006239,Orth,ses-11,24,1.0,pair_cos1d,0.0079,-0.0119
EleutherAI/pythia-410m,ds006239,Phon,ses-11+,0,0.0,pipeline_meanpool,-0.0007,0.0232
EleutherAI/pythia-410m,ds006239,Phon,ses-11+,0,0.0,pair_concat,-0.0022,0.0014
EleutherAI/pythia-410m,ds006239,Phon,ses-11+,0,0.0,pair_absdiff,0.019,0.0158
EleutherAI/pythia-410m,ds006239,Phon,ses-11+,0,0.0,pair_cos1d,-0.0244,0.0241
EleutherAI/pythia-410m,ds006239,Phon,ses-11+,1,0.042,pipeline_meanpool,0.0042,0.0222
EleutherAI/pythia-410m,ds006239,Phon,ses-11+,1,0.042,pair_concat,0.0124,0.0049
EleutherAI/pythia-410m,ds006239,Phon,ses-11+,1,0.042,pair_absdiff,0.0394,0.0127
EleutherAI/pythia-410m,ds006239,Phon,ses-11+,1,0.042,pair_cos1d,-0.021,0.0023
EleutherAI/pythia-410m,ds006239,Phon,ses-11+,2,0.083,pipeline_meanpool,-0.0123,0.006
EleutherAI/pythia-410m,ds006239,Phon,ses-11+,2,0.083,pair_concat,-0.0247,-0.0048
EleutherAI/pythia-410m,ds006239,Phon,ses-11+,2,0.083,pair_absdiff,0.0138,0.0022
EleutherAI/pythia-410m,ds006239,Phon,ses-11+,2,0.083,pair_cos1d,-0.0294,0.0032
EleutherAI/pythia-410m,ds006239,Phon,ses-11+,3,0.125,pipeline_meanpool,-0.018,0.0026
EleutherAI/pythia-410m,ds006239,Phon,ses-11+,3,0.125,pair_concat,-0.0323,-0.0023
EleutherAI/pythia-410m,ds006239,Phon,ses-11+,3,0.125,pair_absdiff,0.0286,0.0018
EleutherAI/pythia-410m,ds006239,Phon,ses-11+,3,0.125,pair_cos1d,-0.0341,-0.004
EleutherAI/pythia-410m,ds006239,Phon,ses-11+,4,0.167,pipeline_meanpool,-0.0235,0.0081
EleutherAI/pythia-410m,ds006239,Phon,ses-11+,4,0.167,pair_concat,-0.0251,0.0044
EleutherAI/pythia-410m,ds006239,Phon,ses-11+,4,0.167,pair_absdiff,0.0134,-0.0068
EleutherAI/pythia-410m,ds006239,Phon,ses-11+,4,0.167,pair_cos1d,-0.0168,-0.0021
EleutherAI/pythia-410m,ds006239,Phon,ses-11+,5,0.208,pipeline_meanpool,-0.0228,0.0099
EleutherAI/pythia-410m,ds006239,Phon,ses-11+,5,0.208,pair_concat,-0.0164,0.0034
EleutherAI/pythia-410m,ds006239,Phon,ses-11+,5,0.208,pair_absdiff,0.0162,-0.0227
EleutherAI/pythia-410m,ds006239,Phon,ses-11+,5,0.208,pair_cos1d,-0.0079,-0.0103
EleutherAI/pythia-410m,ds006239,Phon,ses-11+,6,0.25,pipeline_meanpool,-0.0068,0.0083
EleutherAI/pythia-410m,ds006239,Phon,ses-11+,6,0.25,pair_concat,0.0083,0.0302
EleutherAI/pythia-410m,ds006239,Phon,ses-11+,6,0.25,pair_absdiff,0.027,-0.002
EleutherAI/pythia-410m,ds006239,Phon,ses-11+,6,0.25,pair_cos1d,0.0162,-0.001
EleutherAI/pythia-410m,ds006239,Phon,ses-11+,7,0.292,pipeline_meanpool,-0.0004,0.0147
EleutherAI/pythia-410m,ds006239,Phon,ses-11+,7,0.292,pair_concat,0.0092,0.0284
EleutherAI/pythia-410m,ds006239,Phon,ses-11+,7,0.292,pair_absdiff,0.0233,-0.0036
EleutherAI/pythia-410m,ds006239,Phon,ses-11+,7,0.292,pair_cos1d,0.017,-0.0008
EleutherAI/pythia-410m,ds006239,Phon,ses-11+,8,0.333,pipeline_meanpool,-0.0032,0.0175
EleutherAI/pythia-410m,ds006239,Phon,ses-11+,8,0.333,pair_concat,0.0091,0.0281
EleutherAI/pythia-410m,ds006239,Phon,ses-11+,8,0.333,pair_absdiff,0.0264,-0.001
EleutherAI/pythia-410m,ds006239,Phon,ses-11+,8,0.333,pair_cos1d,0.0159,-0.0039
EleutherAI/pythia-410m,ds006239,Phon,ses-11+,9,0.375,pipeline_meanpool,0.0033,0.0185
EleutherAI/pythia-410m,ds006239,Phon,ses-11+,9,0.375,pair_concat,0.0094,0.028
EleutherAI/pythia-410m,ds006239,Phon,ses-11+,9,0.375,pair_absdiff,0.0243,-0.0031
EleutherAI/pythia-410m,ds006239,Phon,ses-11+,9,0.375,pair_cos1d,0.0207,-0.0018
EleutherAI/pythia-410m,ds006239,Phon,ses-11+,10,0.417,pipeline_meanpool,0.0017,0.0178
EleutherAI/pythia-410m,ds006239,Phon,ses-11+,10,0.417,pair_concat,0.0097,0.0284
EleutherAI/pythia-410m,ds006239,Phon,ses-11+,10,0.417,pair_absdiff,0.0224,-0.004
EleutherAI/pythia-410m,ds006239,Phon,ses-11+,10,0.417,pair_cos1d,0.0199,-0.0019
EleutherAI/pythia-410m,ds006239,Phon,ses-11+,11,0.458,pipeline_meanpool,0.0081,0.0157
EleutherAI/pythia-410m,ds006239,Phon,ses-11+,11,0.458,pair_concat,0.0096,0.0277
EleutherAI/pythia-410m,ds006239,Phon,ses-11+,11,0.458,pair_absdiff,0.0234,-0.0031
EleutherAI/pythia-410m,ds006239,Phon,ses-11+,11,0.458,pair_cos1d,0.0201,-0.0032
EleutherAI/pythia-410m,ds006239,Phon,ses-11+,12,0.5,pipeline_meanpool,0.0021,0.0146
EleutherAI/pythia-410m,ds006239,Phon,ses-11+,12,0.5,pair_concat,0.0097,0.028
EleutherAI/pythia-410m,ds006239,Phon,ses-11+,12,0.5,pair_absdiff,0.0279,0.0007
EleutherAI/pythia-410m,ds006239,Phon,ses-11+,12,0.5,pair_cos1d,0.0226,-0.0014
EleutherAI/pythia-410m,ds006239,Phon,ses-11+,13,0.542,pipeline_meanpool,0.0024,0.0159
EleutherAI/pythia-410m,ds006239,Phon,ses-11+,13,0.542,pair_concat,0.0089,0.0278
EleutherAI/pythia-410m,ds006239,Phon,ses-11+,13,0.542,pair_absdiff,0.0301,-0.0002
EleutherAI/pythia-410m,ds006239,Phon,ses-11+,13,0.542,pair_cos1d,0.0209,-0.0024
EleutherAI/pythia-410m,ds006239,Phon,ses-11+,14,0.583,pipeline_meanpool,0.002,0.018
EleutherAI/pythia-410m,ds006239,Phon,ses-11+,14,0.583,pair_concat,0.0099,0.0282
EleutherAI/pythia-410m,ds006239,Phon,ses-11+,14,0.583,pair_absdiff,0.0292,-0.0001
EleutherAI/pythia-410m,ds006239,Phon,ses-11+,14,0.583,pair_cos1d,0.0192,-0.0034
EleutherAI/pythia-410m,ds006239,Phon,ses-11+,15,0.625,pipeline_meanpool,0.0042,0.0211
EleutherAI/pythia-410m,ds006239,Phon,ses-11+,15,0.625,pair_concat,0.0092,0.0277
EleutherAI/pythia-410m,ds006239,Phon,ses-11+,15,0.625,pair_absdiff,0.0333,0.0011
EleutherAI/pythia-410m,ds006239,Phon,ses-11+,15,0.625,pair_cos1d,0.021,-0.0033
EleutherAI/pythia-410m,ds006239,Phon,ses-11+,16,0.667,pipeline_meanpool,0.0011,0.0163
EleutherAI/pythia-410m,ds006239,Phon,ses-11+,16,0.667,pair_concat,0.0087,0.0272
EleutherAI/pythia-410m,ds006239,Phon,ses-11+,16,0.667,pair_absdiff,0.0351,0.0018
EleutherAI/pythia-410m,ds006239,Phon,ses-11+,16,0.667,pair_cos1d,0.0204,-0.0039
EleutherAI/pythia-410m,ds006239,Phon,ses-11+,17,0.708,pipeline_meanpool,0.0018,0.0151
EleutherAI/pythia-410m,ds006239,Phon,ses-11+,17,0.708,pair_concat,0.01,0.0273
EleutherAI/pythia-410m,ds006239,Phon,ses-11+,17,0.708,pair_absdiff,0.0347,0.0029
EleutherAI/pythia-410m,ds006239,Phon,ses-11+,17,0.708,pair_cos1d,0.0174,-0.0051
EleutherAI/pythia-410m,ds006239,Phon,ses-11+,18,0.75,pipeline_meanpool,-0.003,0.0155
EleutherAI/pythia-410m,ds006239,Phon,ses-11+,18,0.75,pair_concat,0.0097,0.0272
EleutherAI/pythia-410m,ds006239,Phon,ses-11+,18,0.75,pair_absdiff,0.0265,0.0014
EleutherAI/pythia-410m,ds006239,Phon,ses-11+,18,0.75,pair_cos1d,0.0147,-0.0009
EleutherAI/pythia-410m,ds006239,Phon,ses-11+,19,0.792,pipeline_meanpool,-0.0075,0.015
EleutherAI/pythia-410m,ds006239,Phon,ses-11+,19,0.792,pair_concat,0.0094,0.0274
EleutherAI/pythia-410m,ds006239,Phon,ses-11+,19,0.792,pair_absdiff,0.0247,0.0003
EleutherAI/pythia-410m,ds006239,Phon,ses-11+,19,0.792,pair_cos1d,0.0138,-0.0008
EleutherAI/pythia-410m,ds006239,Phon,ses-11+,20,0.833,pipeline_meanpool,-0.0071,0.0135
EleutherAI/pythia-410m,ds006239,Phon,ses-11+,20,0.833,pair_concat,0.009,0.0272
EleutherAI/pythia-410m,ds006239,Phon,ses-11+,20,0.833,pair_absdiff,0.0211,-0.0002
EleutherAI/pythia-410m,ds006239,Phon,ses-11+,20,0.833,pair_cos1d,0.0137,0.0005
EleutherAI/pythia-410m,ds006239,Phon,ses-11+,21,0.875,pipeline_meanpool,-0.0086,0.0116
EleutherAI/pythia-410m,ds006239,Phon,ses-11+,21,0.875,pair_concat,0.0083,0.0264
EleutherAI/pythia-410m,ds006239,Phon,ses-11+,21,0.875,pair_absdiff,0.0239,-0.0007
EleutherAI/pythia-410m,ds006239,Phon,ses-11+,21,0.875,pair_cos1d,0.0126,0.0015
EleutherAI/pythia-410m,ds006239,Phon,ses-11+,22,0.917,pipeline_meanpool,-0.0097,0.0102
EleutherAI/pythia-410m,ds006239,Phon,ses-11+,22,0.917,pair_concat,0.0073,0.0259
EleutherAI/pythia-410m,ds006239,Phon,ses-11+,22,0.917,pair_absdiff,0.0258,-0.0013
EleutherAI/pythia-410m,ds006239,Phon,ses-11+,22,0.917,pair_cos1d,0.012,0.0017
EleutherAI/pythia-410m,ds006239,Phon,ses-11+,23,0.958,pipeline_meanpool,-0.007,0.0116
EleutherAI/pythia-410m,ds006239,Phon,ses-11+,23,0.958,pair_concat,0.0059,0.0249
EleutherAI/pythia-410m,ds006239,Phon,ses-11+,23,0.958,pair_absdiff,0.0178,-0.0097
EleutherAI/pythia-410m,ds006239,Phon,ses-11+,23,0.958,pair_cos1d,0.0164,0.0028
EleutherAI/pythia-410m,ds006239,Phon,ses-11+,24,1.0,pipeline_meanpool,-0.0103,0.0135
EleutherAI/pythia-410m,ds006239,Phon,ses-11+,24,1.0,pair_concat,-0.0103,0.0056
EleutherAI/pythia-410m,ds006239,Phon,ses-11+,24,1.0,pair_absdiff,0.0288,-0.0006
EleutherAI/pythia-410m,ds006239,Phon,ses-11+,24,1.0,pair_cos1d,0.0047,-0.0031
EleutherAI/pythia-410m,ds006239,Phon,ses-11,0,0.0,pipeline_meanpool,-0.0047,0.0186
EleutherAI/pythia-410m,ds006239,Phon,ses-11,0,0.0,pair_concat,-0.0024,0.0008
EleutherAI/pythia-410m,ds006239,Phon,ses-11,0,0.0,pair_absdiff,0.0307,0.0224
EleutherAI/pythia-410m,ds006239,Phon,ses-11,0,0.0,pair_cos1d,-0.0172,0.0181
EleutherAI/pythia-410m,ds006239,Phon,ses-11,1,0.042,pipeline_meanpool,-0.0133,0.0103
EleutherAI/pythia-410m,ds006239,Phon,ses-11,1,0.042,pair_concat,-0.0013,-0.0027
EleutherAI/pythia-410m,ds006239,Phon,ses-11,1,0.042,pair_absdiff,0.044,0.019
EleutherAI/pythia-410m,ds006239,Phon,ses-11,1,0.042,pair_cos1d,-0.0199,-0.0068
EleutherAI/pythia-410m,ds006239,Phon,ses-11,2,0.083,pipeline_meanpool,-0.0056,0.0159
EleutherAI/pythia-410m,ds006239,Phon,ses-11,2,0.083,pair_concat,-0.0276,0.0045
EleutherAI/pythia-410m,ds006239,Phon,ses-11,2,0.083,pair_absdiff,0.0137,0.0022
EleutherAI/pythia-410m,ds006239,Phon,ses-11,2,0.083,pair_cos1d,-0.0146,-0.005
EleutherAI/pythia-410m,ds006239,Phon,ses-11,3,0.125,pipeline_meanpool,-0.0026,0.0169
EleutherAI/pythia-410m,ds006239,Phon,ses-11,3,0.125,pair_concat,-0.0298,0.0118
EleutherAI/pythia-410m,ds006239,Phon,ses-11,3,0.125,pair_absdiff,0.0064,-0.0071
EleutherAI/pythia-410m,ds006239,Phon,ses-11,3,0.125,pair_cos1d,-0.0183,-0.0092
EleutherAI/pythia-410m,ds006239,Phon,ses-11,4,0.167,pipeline_meanpool,-0.0079,0.0211
EleutherAI/pythia-410m,ds006239,Phon,ses-11,4,0.167,pair_concat,-0.0229,0.0059
EleutherAI/pythia-410m,ds006239,Phon,ses-11,4,0.167,pair_absdiff,0.0277,-0.0095
EleutherAI/pythia-410m,ds006239,Phon,ses-11,4,0.167,pair_cos1d,-0.0271,-0.0122
EleutherAI/pythia-410m,ds006239,Phon,ses-11,5,0.208,pipeline_meanpool,-0.0163,0.012
EleutherAI/pythia-410m,ds006239,Phon,ses-11,5,0.208,pair_concat,-0.019,-0.0023
EleutherAI/pythia-410m,ds006239,Phon,ses-11,5,0.208,pair_absdiff,0.0481,-0.0146
EleutherAI/pythia-410m,ds006239,Phon,ses-11,5,0.208,pair_cos1d,-0.0123,-0.0138
EleutherAI/pythia-410m,ds006239,Phon,ses-11,6,0.25,pipeline_meanpool,0.0056,0.0153
EleutherAI/pythia-410m,ds006239,Phon,ses-11,6,0.25,pair_concat,-0.0045,0.0237
EleutherAI/pythia-410m,ds006239,Phon,ses-11,6,0.25,pair_absdiff,0.0393,-0.0033
EleutherAI/pythia-410m,ds006239,Phon,ses-11,6,0.25,pair_cos1d,0.0114,-0.0137
EleutherAI/pythia-410m,ds006239,Phon,ses-11,7,0.292,pipeline_meanpool,0.0147,0.0219
EleutherAI/pythia-410m,ds006239,Phon,ses-11,7,0.292,pair_concat,-0.0026,0.0232
EleutherAI/pythia-410m,ds006239,Phon,ses-11,7,0.292,pair_absdiff,0.0284,-0.0079
EleutherAI/pythia-410m,ds006239,Phon,ses-11,7,0.292,pair_cos1d,0.0148,-0.0114
EleutherAI/pythia-410m,ds006239,Phon,ses-11,8,0.333,pipeline_meanpool,0.0111,0.0249
EleutherAI/pythia-410m,ds006239,Phon,ses-11,8,0.333,pair_concat,-0.0027,0.0232
EleutherAI/pythia-410m,ds006239,Phon,ses-11,8,0.333,pair_absdiff,0.0287,-0.0076
EleutherAI/pythia-410m,ds006239,Phon,ses-11,8,0.333,pair_cos1d,0.0146,-0.014
EleutherAI/pythia-410m,ds006239,Phon,ses-11,9,0.375,pipeline_meanpool,0.0177,0.0253
EleutherAI/pythia-410m,ds006239,Phon,ses-11,9,0.375,pair_concat,-0.0028,0.0229
EleutherAI/pythia-410m,ds006239,Phon,ses-11,9,0.375,pair_absdiff,0.0288,-0.0087
EleutherAI/pythia-410m,ds006239,Phon,ses-11,9,0.375,pair_cos1d,0.0203,-0.0118
EleutherAI/pythia-410m,ds006239,Phon,ses-11,10,0.417,pipeline_meanpool,0.0185,0.0256
EleutherAI/pythia-410m,ds006239,Phon,ses-11,10,0.417,pair_concat,-0.0026,0.0232
EleutherAI/pythia-410m,ds006239,Phon,ses-11,10,0.417,pair_absdiff,0.0286,-0.0094
EleutherAI/pythia-410m,ds006239,Phon,ses-11,10,0.417,pair_cos1d,0.0203,-0.0113
EleutherAI/pythia-410m,ds006239,Phon,ses-11,11,0.458,pipeline_meanpool,0.0271,0.0236
EleutherAI/pythia-410m,ds006239,Phon,ses-11,11,0.458,pair_concat,-0.0022,0.023
EleutherAI/pythia-410m,ds006239,Phon,ses-11,11,0.458,pair_absdiff,0.0294,-0.0086
EleutherAI/pythia-410m,ds006239,Phon,ses-11,11,0.458,pair_cos1d,0.0174,-0.0147
EleutherAI/pythia-410m,ds006239,Phon,ses-11,12,0.5,pipeline_meanpool,0.0201,0.0225
EleutherAI/pythia-410m,ds006239,Phon,ses-11,12,0.5,pair_concat,-0.0022,0.0231
EleutherAI/pythia-410m,ds006239,Phon,ses-11,12,0.5,pair_absdiff,0.0323,-0.0062
EleutherAI/pythia-410m,ds006239,Phon,ses-11,12,0.5,pair_cos1d,0.0201,-0.0136
EleutherAI/pythia-410m,ds006239,Phon,ses-11,13,0.542,pipeline_meanpool,0.0201,0.0241
EleutherAI/pythia-410m,ds006239,Phon,ses-11,13,0.542,pair_concat,-0.0026,0.0229
EleutherAI/pythia-410m,ds006239,Phon,ses-11,13,0.542,pair_absdiff,0.0363,-0.0055
EleutherAI/pythia-410m,ds006239,Phon,ses-11,13,0.542,pair_cos1d,0.0205,-0.0145
EleutherAI/pythia-410m,ds006239,Phon,ses-11,14,0.583,pipeline_meanpool,0.018,0.0229
EleutherAI/pythia-410m,ds006239,Phon,ses-11,14,0.583,pair_concat,-0.0027,0.0226
EleutherAI/pythia-410m,ds006239,Phon,ses-11,14,0.583,pair_absdiff,0.0355,-0.0061
EleutherAI/pythia-410m,ds006239,Phon,ses-11,14,0.583,pair_cos1d,0.021,-0.0145
EleutherAI/pythia-410m,ds006239,Phon,ses-11,15,0.625,pipeline_meanpool,0.0167,0.0238
EleutherAI/pythia-410m,ds006239,Phon,ses-11,15,0.625,pair_concat,-0.0031,0.0222
EleutherAI/pythia-410m,ds006239,Phon,ses-11,15,0.625,pair_absdiff,0.0378,-0.0043
EleutherAI/pythia-410m,ds006239,Phon,ses-11,15,0.625,pair_cos1d,0.0235,-0.0147
EleutherAI/pythia-410m,ds006239,Phon,ses-11,16,0.667,pipeline_meanpool,0.0142,0.0193
EleutherAI/pythia-410m,ds006239,Phon,ses-11,16,0.667,pair_concat,-0.0033,0.0218
EleutherAI/pythia-410m,ds006239,Phon,ses-11,16,0.667,pair_absdiff,0.0393,-0.0043
EleutherAI/pythia-410m,ds006239,Phon,ses-11,16,0.667,pair_cos1d,0.0199,-0.0176
EleutherAI/pythia-410m,ds006239,Phon,ses-11,17,0.708,pipeline_meanpool,0.0093,0.0163
EleutherAI/pythia-410m,ds006239,Phon,ses-11,17,0.708,pair_concat,-0.003,0.0213
EleutherAI/pythia-410m,ds006239,Phon,ses-11,17,0.708,pair_absdiff,0.0361,-0.0039
EleutherAI/pythia-410m,ds006239,Phon,ses-11,17,0.708,pair_cos1d,0.0181,-0.016
EleutherAI/pythia-410m,ds006239,Phon,ses-11,18,0.75,pipeline_meanpool,0.0024,0.0137
EleutherAI/pythia-410m,ds006239,Phon,ses-11,18,0.75,pair_concat,-0.0025,0.0209
EleutherAI/pythia-410m,ds006239,Phon,ses-11,18,0.75,pair_absdiff,0.0258,-0.0056
EleutherAI/pythia-410m,ds006239,Phon,ses-11,18,0.75,pair_cos1d,0.0138,-0.0089
EleutherAI/pythia-410m,ds006239,Phon,ses-11,19,0.792,pipeline_meanpool,-0.0033,0.0126
EleutherAI/pythia-410m,ds006239,Phon,ses-11,19,0.792,pair_concat,-0.0031,0.021
EleutherAI/pythia-410m,ds006239,Phon,ses-11,19,0.792,pair_absdiff,0.0233,-0.0068
EleutherAI/pythia-410m,ds006239,Phon,ses-11,19,0.792,pair_cos1d,0.0123,-0.0078
EleutherAI/pythia-410m,ds006239,Phon,ses-11,20,0.833,pipeline_meanpool,-0.0041,0.0112
EleutherAI/pythia-410m,ds006239,Phon,ses-11,20,0.833,pair_concat,-0.0033,0.0211
EleutherAI/pythia-410m,ds006239,Phon,ses-11,20,0.833,pair_absdiff,0.0235,-0.0066
EleutherAI/pythia-410m,ds006239,Phon,ses-11,20,0.833,pair_cos1d,0.0123,-0.0074
EleutherAI/pythia-410m,ds006239,Phon,ses-11,21,0.875,pipeline_meanpool,-0.0066,0.0084
EleutherAI/pythia-410m,ds006239,Phon,ses-11,21,0.875,pair_concat,-0.004,0.0204
EleutherAI/pythia-410m,ds006239,Phon,ses-11,21,0.875,pair_absdiff,0.0289,-0.0064
EleutherAI/pythia-410m,ds006239,Phon,ses-11,21,0.875,pair_cos1d,0.0108,-0.0068
EleutherAI/pythia-410m,ds006239,Phon,ses-11,22,0.917,pipeline_meanpool,-0.0102,0.0072
EleutherAI/pythia-410m,ds006239,Phon,ses-11,22,0.917,pair_concat,-0.0046,0.0204
EleutherAI/pythia-410m,ds006239,Phon,ses-11,22,0.917,pair_absdiff,0.0277,-0.0076
EleutherAI/pythia-410m,ds006239,Phon,ses-11,22,0.917,pair_cos1d,0.011,-0.006
EleutherAI/pythia-410m,ds006239,Phon,ses-11,23,0.958,pipeline_meanpool,-0.0063,0.0096
EleutherAI/pythia-410m,ds006239,Phon,ses-11,23,0.958,pair_concat,-0.0058,0.0196
EleutherAI/pythia-410m,ds006239,Phon,ses-11,23,0.958,pair_absdiff,0.0172,-0.018
EleutherAI/pythia-410m,ds006239,Phon,ses-11,23,0.958,pair_cos1d,0.0167,-0.004
EleutherAI/pythia-410m,ds006239,Phon,ses-11,24,1.0,pipeline_meanpool,-0.0185,0.0116
EleutherAI/pythia-410m,ds006239,Phon,ses-11,24,1.0,pair_concat,-0.0096,0.0038
EleutherAI/pythia-410m,ds006239,Phon,ses-11,24,1.0,pair_absdiff,0.0398,0.004
EleutherAI/pythia-410m,ds006239,Phon,ses-11,24,1.0,pair_cos1d,0.0079,-0.0119
EleutherAI/pythia-410m,ds006239,Sem,ses-11+,0,0.0,pipeline_meanpool,-0.0108,-0.0169
EleutherAI/pythia-410m,ds006239,Sem,ses-11+,0,0.0,pair_concat,-0.0109,-0.0166
EleutherAI/pythia-410m,ds006239,Sem,ses-11+,0,0.0,pair_absdiff,0.0675,0.0594
EleutherAI/pythia-410m,ds006239,Sem,ses-11+,0,0.0,pair_cos1d,-0.0125,0.0059
EleutherAI/pythia-410m,ds006239,Sem,ses-11+,1,0.042,pipeline_meanpool,-0.0199,-0.0179
EleutherAI/pythia-410m,ds006239,Sem,ses-11+,1,0.042,pair_concat,-0.0064,-0.0189
EleutherAI/pythia-410m,ds006239,Sem,ses-11+,1,0.042,pair_absdiff,0.0422,0.0504
EleutherAI/pythia-410m,ds006239,Sem,ses-11+,1,0.042,pair_cos1d,0.0057,0.0355
EleutherAI/pythia-410m,ds006239,Sem,ses-11+,2,0.083,pipeline_meanpool,-0.0117,-0.0242
EleutherAI/pythia-410m,ds006239,Sem,ses-11+,2,0.083,pair_concat,0.0171,-0.0099
EleutherAI/pythia-410m,ds006239,Sem,ses-11+,2,0.083,pair_absdiff,0.0293,0.0344
EleutherAI/pythia-410m,ds006239,Sem,ses-11+,2,0.083,pair_cos1d,-0.0047,0.0125
EleutherAI/pythia-410m,ds006239,Sem,ses-11+,3,0.125,pipeline_meanpool,-0.0131,-0.0219
EleutherAI/pythia-410m,ds006239,Sem,ses-11+,3,0.125,pair_concat,-0.0007,-0.0211
EleutherAI/pythia-410m,ds006239,Sem,ses-11+,3,0.125,pair_absdiff,0.0325,0.0122
EleutherAI/pythia-410m,ds006239,Sem,ses-11+,3,0.125,pair_cos1d,-0.0211,-0.0047
EleutherAI/pythia-410m,ds006239,Sem,ses-11+,4,0.167,pipeline_meanpool,-0.0082,-0.0131
EleutherAI/pythia-410m,ds006239,Sem,ses-11+,4,0.167,pair_concat,-0.021,-0.0392
EleutherAI/pythia-410m,ds006239,Sem,ses-11+,4,0.167,pair_absdiff,0.0107,0.0114
EleutherAI/pythia-410m,ds006239,Sem,ses-11+,4,0.167,pair_cos1d,-0.0314,-0.0364
EleutherAI/pythia-410m,ds006239,Sem,ses-11+,5,0.208,pipeline_meanpool,-0.0111,-0.0148
EleutherAI/pythia-410m,ds006239,Sem,ses-11+,5,0.208,pair_concat,-0.0333,-0.0386
EleutherAI/pythia-410m,ds006239,Sem,ses-11+,5,0.208,pair_absdiff,0.0185,0.0213
EleutherAI/pythia-410m,ds006239,Sem,ses-11+,5,0.208,pair_cos1d,-0.0126,-0.0198
EleutherAI/pythia-410m,ds006239,Sem,ses-11+,6,0.25,pipeline_meanpool,-0.0154,0.0169
EleutherAI/pythia-410m,ds006239,Sem,ses-11+,6,0.25,pair_concat,-0.0447,-0.0643
EleutherAI/pythia-410m,ds006239,Sem,ses-11+,6,0.25,pair_absdiff,-0.0134,0.0161
EleutherAI/pythia-410m,ds006239,Sem,ses-11+,6,0.25,pair_cos1d,0.0028,0.0129
EleutherAI/pythia-410m,ds006239,Sem,ses-11+,7,0.292,pipeline_meanpool,-0.0167,0.0174
EleutherAI/pythia-410m,ds006239,Sem,ses-11+,7,0.292,pair_concat,-0.0419,-0.0611
EleutherAI/pythia-410m,ds006239,Sem,ses-11+,7,0.292,pair_absdiff,-0.0217,0.0109
EleutherAI/pythia-410m,ds006239,Sem,ses-11+,7,0.292,pair_cos1d,-0.0022,0.0099
EleutherAI/pythia-410m,ds006239,Sem,ses-11+,8,0.333,pipeline_meanpool,-0.0221,0.016
EleutherAI/pythia-410m,ds006239,Sem,ses-11+,8,0.333,pair_concat,-0.0417,-0.061
EleutherAI/pythia-410m,ds006239,Sem,ses-11+,8,0.333,pair_absdiff,-0.018,0.0101
EleutherAI/pythia-410m,ds006239,Sem,ses-11+,8,0.333,pair_cos1d,-0.0073,0.009
EleutherAI/pythia-410m,ds006239,Sem,ses-11+,9,0.375,pipeline_meanpool,-0.0229,0.017
EleutherAI/pythia-410m,ds006239,Sem,ses-11+,9,0.375,pair_concat,-0.0423,-0.0615
EleutherAI/pythia-410m,ds006239,Sem,ses-11+,9,0.375,pair_absdiff,-0.0185,0.0089
EleutherAI/pythia-410m,ds006239,Sem,ses-11+,9,0.375,pair_cos1d,-0.0038,0.0117
EleutherAI/pythia-410m,ds006239,Sem,ses-11+,10,0.417,pipeline_meanpool,-0.0227,0.0181
EleutherAI/pythia-410m,ds006239,Sem,ses-11+,10,0.417,pair_concat,-0.042,-0.061
EleutherAI/pythia-410m,ds006239,Sem,ses-11+,10,0.417,pair_absdiff,-0.0182,0.0108
EleutherAI/pythia-410m,ds006239,Sem,ses-11+,10,0.417,pair_cos1d,-0.0017,0.0163
EleutherAI/pythia-410m,ds006239,Sem,ses-11+,11,0.458,pipeline_meanpool,-0.0198,0.0212
EleutherAI/pythia-410m,ds006239,Sem,ses-11+,11,0.458,pair_concat,-0.0412,-0.0604
EleutherAI/pythia-410m,ds006239,Sem,ses-11+,11,0.458,pair_absdiff,-0.0186,0.0091
EleutherAI/pythia-410m,ds006239,Sem,ses-11+,11,0.458,pair_cos1d,-0.0109,0.0087
EleutherAI/pythia-410m,ds006239,Sem,ses-11+,12,0.5,pipeline_meanpool,-0.0214,0.0247
EleutherAI/pythia-410m,ds006239,Sem,ses-11+,12,0.5,pair_concat,-0.0414,-0.0605
EleutherAI/pythia-410m,ds006239,Sem,ses-11+,12,0.5,pair_absdiff,-0.0203,0.0059
EleutherAI/pythia-410m,ds006239,Sem,ses-11+,12,0.5,pair_cos1d,-0.0135,0.0064
EleutherAI/pythia-410m,ds006239,Sem,ses-11+,13,0.542,pipeline_meanpool,-0.0193,0.0256
EleutherAI/pythia-410m,ds006239,Sem,ses-11+,13,0.542,pair_concat,-0.0409,-0.0597
EleutherAI/pythia-410m,ds006239,Sem,ses-11+,13,0.542,pair_absdiff,-0.0187,0.0073
EleutherAI/pythia-410m,ds006239,Sem,ses-11+,13,0.542,pair_cos1d,-0.0065,0.015
EleutherAI/pythia-410m,ds006239,Sem,ses-11+,14,0.583,pipeline_meanpool,-0.0218,0.0233
EleutherAI/pythia-410m,ds006239,Sem,ses-11+,14,0.583,pair_concat,-0.0409,-0.0593
EleutherAI/pythia-410m,ds006239,Sem,ses-11+,14,0.583,pair_absdiff,-0.0198,0.0078
EleutherAI/pythia-410m,ds006239,Sem,ses-11+,14,0.583,pair_cos1d,-0.005,0.0145
EleutherAI/pythia-410m,ds006239,Sem,ses-11+,15,0.625,pipeline_meanpool,-0.0195,0.0253
EleutherAI/pythia-410m,ds006239,Sem,ses-11+,15,0.625,pair_concat,-0.0406,-0.0591
EleutherAI/pythia-410m,ds006239,Sem,ses-11+,15,0.625,pair_absdiff,-0.0173,0.0098
EleutherAI/pythia-410m,ds006239,Sem,ses-11+,15,0.625,pair_cos1d,0.0017,0.0192
EleutherAI/pythia-410m,ds006239,Sem,ses-11+,16,0.667,pipeline_meanpool,-0.0213,0.0228
EleutherAI/pythia-410m,ds006239,Sem,ses-11+,16,0.667,pair_concat,-0.0405,-0.0589
EleutherAI/pythia-410m,ds006239,Sem,ses-11+,16,0.667,pair_absdiff,-0.0174,0.0124
EleutherAI/pythia-410m,ds006239,Sem,ses-11+,16,0.667,pair_cos1d,0.0052,0.019
EleutherAI/pythia-410m,ds006239,Sem,ses-11+,17,0.708,pipeline_meanpool,-0.0215,0.022
EleutherAI/pythia-410m,ds006239,Sem,ses-11+,17,0.708,pair_concat,-0.0393,-0.0584
EleutherAI/pythia-410m,ds006239,Sem,ses-11+,17,0.708,pair_absdiff,-0.0155,0.0111
EleutherAI/pythia-410m,ds006239,Sem,ses-11+,17,0.708,pair_cos1d,0.0103,0.0176
EleutherAI/pythia-410m,ds006239,Sem,ses-11+,18,0.75,pipeline_meanpool,-0.0177,0.0248
EleutherAI/pythia-410m,ds006239,Sem,ses-11+,18,0.75,pair_concat,-0.0387,-0.0578
EleutherAI/pythia-410m,ds006239,Sem,ses-11+,18,0.75,pair_absdiff,-0.0159,0.0107
EleutherAI/pythia-410m,ds006239,Sem,ses-11+,18,0.75,pair_cos1d,0.011,0.0114
EleutherAI/pythia-410m,ds006239,Sem,ses-11+,19,0.792,pipeline_meanpool,-0.0174,0.0213
EleutherAI/pythia-410m,ds006239,Sem,ses-11+,19,0.792,pair_concat,-0.0387,-0.0579
EleutherAI/pythia-410m,ds006239,Sem,ses-11+,19,0.792,pair_absdiff,-0.0152,0.012
EleutherAI/pythia-410m,ds006239,Sem,ses-11+,19,0.792,pair_cos1d,0.0131,0.0128
EleutherAI/pythia-410m,ds006239,Sem,ses-11+,20,0.833,pipeline_meanpool,-0.0105,0.025
EleutherAI/pythia-410m,ds006239,Sem,ses-11+,20,0.833,pair_concat,-0.0384,-0.0574
EleutherAI/pythia-410m,ds006239,Sem,ses-11+,20,0.833,pair_absdiff,-0.0185,0.0099
EleutherAI/pythia-410m,ds006239,Sem,ses-11+,20,0.833,pair_cos1d,0.0056,0.0044
EleutherAI/pythia-410m,ds006239,Sem,ses-11+,21,0.875,pipeline_meanpool,-0.0057,0.0264
EleutherAI/pythia-410m,ds006239,Sem,ses-11+,21,0.875,pair_concat,-0.0387,-0.0576
EleutherAI/pythia-410m,ds006239,Sem,ses-11+,21,0.875,pair_absdiff,-0.0177,0.0105
EleutherAI/pythia-410m,ds006239,Sem,ses-11+,21,0.875,pair_cos1d,0.0044,0.0024
EleutherAI/pythia-410m,ds006239,Sem,ses-11+,22,0.917,pipeline_meanpool,-0.0028,0.0291
EleutherAI/pythia-410m,ds006239,Sem,ses-11+,22,0.917,pair_concat,-0.0392,-0.0579
EleutherAI/pythia-410m,ds006239,Sem,ses-11+,22,0.917,pair_absdiff,-0.0206,0.004
EleutherAI/pythia-410m,ds006239,Sem,ses-11+,22,0.917,pair_cos1d,0.0042,0.003
EleutherAI/pythia-410m,ds006239,Sem,ses-11+,23,0.958,pipeline_meanpool,-0.0075,0.0213
EleutherAI/pythia-410m,ds006239,Sem,ses-11+,23,0.958,pair_concat,-0.0397,-0.057
EleutherAI/pythia-410m,ds006239,Sem,ses-11+,23,0.958,pair_absdiff,-0.0217,0.0025
EleutherAI/pythia-410m,ds006239,Sem,ses-11+,23,0.958,pair_cos1d,0.006,0.0067
EleutherAI/pythia-410m,ds006239,Sem,ses-11+,24,1.0,pipeline_meanpool,-0.0176,0.0092
EleutherAI/pythia-410m,ds006239,Sem,ses-11+,24,1.0,pair_concat,0.0094,0.0078
EleutherAI/pythia-410m,ds006239,Sem,ses-11+,24,1.0,pair_absdiff,-0.045,-0.0215
EleutherAI/pythia-410m,ds006239,Sem,ses-11+,24,1.0,pair_cos1d,-0.007,0.0077
EleutherAI/pythia-410m,ds006239,Sem,ses-11,0,0.0,pipeline_meanpool,0.0035,0.0286
EleutherAI/pythia-410m,ds006239,Sem,ses-11,0,0.0,pair_concat,0.0049,0.0257
EleutherAI/pythia-410m,ds006239,Sem,ses-11,0,0.0,pair_absdiff,0.0044,-0.0111
EleutherAI/pythia-410m,ds006239,Sem,ses-11,0,0.0,pair_cos1d,-0.031,0.0192
EleutherAI/pythia-410m,ds006239,Sem,ses-11,1,0.042,pipeline_meanpool,-0.0039,0.0311
EleutherAI/pythia-410m,ds006239,Sem,ses-11,1,0.042,pair_concat,0.0052,0.0239
EleutherAI/pythia-410m,ds006239,Sem,ses-11,1,0.042,pair_absdiff,0.0155,0.0135
EleutherAI/pythia-410m,ds006239,Sem,ses-11,1,0.042,pair_cos1d,-0.0161,0.0287
EleutherAI/pythia-410m,ds006239,Sem,ses-11,2,0.083,pipeline_meanpool,-0.0118,0.02
EleutherAI/pythia-410m,ds006239,Sem,ses-11,2,0.083,pair_concat,0.0146,0.0129
EleutherAI/pythia-410m,ds006239,Sem,ses-11,2,0.083,pair_absdiff,0.0468,0.0394
EleutherAI/pythia-410m,ds006239,Sem,ses-11,2,0.083,pair_cos1d,-0.0356,0.0199
EleutherAI/pythia-410m,ds006239,Sem,ses-11,3,0.125,pipeline_meanpool,-0.0156,0.0284
EleutherAI/pythia-410m,ds006239,Sem,ses-11,3,0.125,pair_concat,0.0089,0.0161
EleutherAI/pythia-410m,ds006239,Sem,ses-11,3,0.125,pair_absdiff,0.0267,0.0087
EleutherAI/pythia-410m,ds006239,Sem,ses-11,3,0.125,pair_cos1d,-0.0186,0.0171
EleutherAI/pythia-410m,ds006239,Sem,ses-11,4,0.167,pipeline_meanpool,-0.0278,0.0095
EleutherAI/pythia-410m,ds006239,Sem,ses-11,4,0.167,pair_concat,-0.0193,-0.032
EleutherAI/pythia-410m,ds006239,Sem,ses-11,4,0.167,pair_absdiff,0.0263,0.0164
EleutherAI/pythia-410m,ds006239,Sem,ses-11,4,0.167,pair_cos1d,-0.0004,0.008
EleutherAI/pythia-410m,ds006239,Sem,ses-11,5,0.208,pipeline_meanpool,-0.0322,0.0101
EleutherAI/pythia-410m,ds006239,Sem,ses-11,5,0.208,pair_concat,-0.0316,-0.0374
EleutherAI/pythia-410m,ds006239,Sem,ses-11,5,0.208,pair_absdiff,0.0198,0.0027
EleutherAI/pythia-410m,ds006239,Sem,ses-11,5,0.208,pair_cos1d,-0.0224,0.008
EleutherAI/pythia-410m,ds006239,Sem,ses-11,6,0.25,pipeline_meanpool,-0.0179,0.0005
EleutherAI/pythia-410m,ds006239,Sem,ses-11,6,0.25,pair_concat,-0.0484,-0.0361
EleutherAI/pythia-410m,ds006239,Sem,ses-11,6,0.25,pair_absdiff,-0.0023,-0.0139
EleutherAI/pythia-410m,ds006239,Sem,ses-11,6,0.25,pair_cos1d,0.0015,0.0189
EleutherAI/pythia-410m,ds006239,Sem,ses-11,7,0.292,pipeline_meanpool,-0.0217,0.001
EleutherAI/pythia-410m,ds006239,Sem,ses-11,7,0.292,pair_concat,-0.0452,-0.0324
EleutherAI/pythia-410m,ds006239,Sem,ses-11,7,0.292,pair_absdiff,0.0072,-0.0267
EleutherAI/pythia-410m,ds006239,Sem,ses-11,7,0.292,pair_cos1d,-0.0069,0.0098
EleutherAI/pythia-410m,ds006239,Sem,ses-11,8,0.333,pipeline_meanpool,-0.0276,-0.0023
EleutherAI/pythia-410m,ds006239,Sem,ses-11,8,0.333,pair_concat,-0.0443,-0.0315
EleutherAI/pythia-410m,ds006239,Sem,ses-11,8,0.333,pair_absdiff,0.0126,-0.0243
EleutherAI/pythia-410m,ds006239,Sem,ses-11,8,0.333,pair_cos1d,-0.0091,0.0081
EleutherAI/pythia-410m,ds006239,Sem,ses-11,9,0.375,pipeline_meanpool,-0.0257,0.0003
EleutherAI/pythia-410m,ds006239,Sem,ses-11,9,0.375,pair_concat,-0.0453,-0.0321
EleutherAI/pythia-410m,ds006239,Sem,ses-11,9,0.375,pair_absdiff,0.0116,-0.0267
EleutherAI/pythia-410m,ds006239,Sem,ses-11,9,0.375,pair_cos1d,-0.0072,0.0096
EleutherAI/pythia-410m,ds006239,Sem,ses-11,10,0.417,pipeline_meanpool,-0.0241,0.0003
EleutherAI/pythia-410m,ds006239,Sem,ses-11,10,0.417,pair_concat,-0.0451,-0.0317
EleutherAI/pythia-410m,ds006239,Sem,ses-11,10,0.417,pair_absdiff,0.0118,-0.0272
EleutherAI/pythia-410m,ds006239,Sem,ses-11,10,0.417,pair_cos1d,-0.0077,0.0105
EleutherAI/pythia-410m,ds006239,Sem,ses-11,11,0.458,pipeline_meanpool,-0.0226,-0.0001
EleutherAI/pythia-410m,ds006239,Sem,ses-11,11,0.458,pair_concat,-0.0447,-0.0313
EleutherAI/pythia-410m,ds006239,Sem,ses-11,11,0.458,pair_absdiff,0.0121,-0.0266
EleutherAI/pythia-410m,ds006239,Sem,ses-11,11,0.458,pair_cos1d,-0.0101,0.0056
EleutherAI/pythia-410m,ds006239,Sem,ses-11,12,0.5,pipeline_meanpool,-0.0263,-0.0004
EleutherAI/pythia-410m,ds006239,Sem,ses-11,12,0.5,pair_concat,-0.0447,-0.0315
EleutherAI/pythia-410m,ds006239,Sem,ses-11,12,0.5,pair_absdiff,0.0103,-0.0304
EleutherAI/pythia-410m,ds006239,Sem,ses-11,12,0.5,pair_cos1d,-0.0136,-0.0023
EleutherAI/pythia-410m,ds006239,Sem,ses-11,13,0.542,pipeline_meanpool,-0.0245,-0.002
EleutherAI/pythia-410m,ds006239,Sem,ses-11,13,0.542,pair_concat,-0.0445,-0.0308
EleutherAI/pythia-410m,ds006239,Sem,ses-11,13,0.542,pair_absdiff,0.0112,-0.0307
EleutherAI/pythia-410m,ds006239,Sem,ses-11,13,0.542,pair_cos1d,-0.0114,0.0003
EleutherAI/pythia-410m,ds006239,Sem,ses-11,14,0.583,pipeline_meanpool,-0.0282,-0.0059
EleutherAI/pythia-410m,ds006239,Sem,ses-11,14,0.583,pair_concat,-0.0443,-0.0305
EleutherAI/pythia-410m,ds006239,Sem,ses-11,14,0.583,pair_absdiff,0.0117,-0.0315
EleutherAI/pythia-410m,ds006239,Sem,ses-11,14,0.583,pair_cos1d,-0.0153,-0.0066
EleutherAI/pythia-410m,ds006239,Sem,ses-11,15,0.625,pipeline_meanpool,-0.0279,-0.007
EleutherAI/pythia-410m,ds006239,Sem,ses-11,15,0.625,pair_concat,-0.0443,-0.0307
EleutherAI/pythia-410m,ds006239,Sem,ses-11,15,0.625,pair_absdiff,0.0116,-0.036
EleutherAI/pythia-410m,ds006239,Sem,ses-11,15,0.625,pair_cos1d,-0.0125,-0.0057
EleutherAI/pythia-410m,ds006239,Sem,ses-11,16,0.667,pipeline_meanpool,-0.0278,-0.0083
EleutherAI/pythia-410m,ds006239,Sem,ses-11,16,0.667,pair_concat,-0.0436,-0.0303
EleutherAI/pythia-410m,ds006239,Sem,ses-11,16,0.667,pair_absdiff,0.0108,-0.0379
EleutherAI/pythia-410m,ds006239,Sem,ses-11,16,0.667,pair_cos1d,-0.0143,-0.0083
EleutherAI/pythia-410m,ds006239,Sem,ses-11,17,0.708,pipeline_meanpool,-0.0268,-0.0085
EleutherAI/pythia-410m,ds006239,Sem,ses-11,17,0.708,pair_concat,-0.0413,-0.0292
EleutherAI/pythia-410m,ds006239,Sem,ses-11,17,0.708,pair_absdiff,0.0097,-0.0347
EleutherAI/pythia-410m,ds006239,Sem,ses-11,17,0.708,pair_cos1d,-0.0086,0.0004
EleutherAI/pythia-410m,ds006239,Sem,ses-11,18,0.75,pipeline_meanpool,-0.0219,-0.0062
EleutherAI/pythia-410m,ds006239,Sem,ses-11,18,0.75,pair_concat,-0.0399,-0.0281
EleutherAI/pythia-410m,ds006239,Sem,ses-11,18,0.75,pair_absdiff,0.0084,-0.0361
EleutherAI/pythia-410m,ds006239,Sem,ses-11,18,0.75,pair_cos1d,-0.001,0.0132
EleutherAI/pythia-410m,ds006239,Sem,ses-11,19,0.792,pipeline_meanpool,-0.0235,-0.0117
EleutherAI/pythia-410m,ds006239,Sem,ses-11,19,0.792,pair_concat,-0.0393,-0.0278
EleutherAI/pythia-410m,ds006239,Sem,ses-11,19,0.792,pair_absdiff,0.0096,-0.035
EleutherAI/pythia-410m,ds006239,Sem,ses-11,19,0.792,pair_cos1d,0.0094,0.0265
EleutherAI/pythia-410m,ds006239,Sem,ses-11,20,0.833,pipeline_meanpool,-0.0196,-0.0084
EleutherAI/pythia-410m,ds006239,Sem,ses-11,20,0.833,pair_concat,-0.039,-0.0274
EleutherAI/pythia-410m,ds006239,Sem,ses-11,20,0.833,pair_absdiff,0.0027,-0.0395
EleutherAI/pythia-410m,ds006239,Sem,ses-11,20,0.833,pair_cos1d,0.016,0.0366
EleutherAI/pythia-410m,ds006239,Sem,ses-11,21,0.875,pipeline_meanpool,-0.0159,-0.0075
EleutherAI/pythia-410m,ds006239,Sem,ses-11,21,0.875,pair_concat,-0.039,-0.0274
EleutherAI/pythia-410m,ds006239,Sem,ses-11,21,0.875,pair_absdiff,0.0079,-0.0331
EleutherAI/pythia-410m,ds006239,Sem,ses-11,21,0.875,pair_cos1d,0.0187,0.0392
EleutherAI/pythia-410m,ds006239,Sem,ses-11,22,0.917,pipeline_meanpool,-0.0153,-0.0083
EleutherAI/pythia-410m,ds006239,Sem,ses-11,22,0.917,pair_concat,-0.0384,-0.0268
EleutherAI/pythia-410m,ds006239,Sem,ses-11,22,0.917,pair_absdiff,0.0057,-0.0288
EleutherAI/pythia-410m,ds006239,Sem,ses-11,22,0.917,pair_cos1d,0.0172,0.04
EleutherAI/pythia-410m,ds006239,Sem,ses-11,23,0.958,pipeline_meanpool,-0.0183,-0.0119
EleutherAI/pythia-410m,ds006239,Sem,ses-11,23,0.958,pair_concat,-0.0381,-0.0271
EleutherAI/pythia-410m,ds006239,Sem,ses-11,23,0.958,pair_absdiff,0.0085,-0.0262
EleutherAI/pythia-410m,ds006239,Sem,ses-11,23,0.958,pair_cos1d,0.024,0.0456
EleutherAI/pythia-410m,ds006239,Sem,ses-11,24,1.0,pipeline_meanpool,-0.0203,0.0155
EleutherAI/pythia-410m,ds006239,Sem,ses-11,24,1.0,pair_concat,0.0144,0.0122
EleutherAI/pythia-410m,ds006239,Sem,ses-11,24,1.0,pair_absdiff,-0.0275,-0.0341
EleutherAI/pythia-410m,ds006239,Sem,ses-11,24,1.0,pair_cos1d,-0.0559,-0.0187
EleutherAI/pythia-410m,ds006239,SemLocal,ses-11+,0,0.0,pipeline_meanpool,-0.0001,0.0113
EleutherAI/pythia-410m,ds006239,SemLocal,ses-11+,0,0.0,pair_concat,0.0025,-0.0007
EleutherAI/pythia-410m,ds006239,SemLocal,ses-11+,0,0.0,pair_absdiff,0.0234,0.0061
EleutherAI/pythia-410m,ds006239,SemLocal,ses-11+,0,0.0,pair_cos1d,0.0123,-0.0092
EleutherAI/pythia-410m,ds006239,SemLocal,ses-11+,1,0.042,pipeline_meanpool,-0.0028,0.0158
EleutherAI/pythia-410m,ds006239,SemLocal,ses-11+,1,0.042,pair_concat,0.0113,0.0249
EleutherAI/pythia-410m,ds006239,SemLocal,ses-11+,1,0.042,pair_absdiff,-0.0003,0.0109
EleutherAI/pythia-410m,ds006239,SemLocal,ses-11+,1,0.042,pair_cos1d,-0.0201,-0.0445
EleutherAI/pythia-410m,ds006239,SemLocal,ses-11+,2,0.083,pipeline_meanpool,0.0044,0.0038
EleutherAI/pythia-410m,ds006239,SemLocal,ses-11+,2,0.083,pair_concat,0.0035,0.012
EleutherAI/pythia-410m,ds006239,SemLocal,ses-11+,2,0.083,pair_absdiff,-0.0159,-0.0134
EleutherAI/pythia-410m,ds006239,SemLocal,ses-11+,2,0.083,pair_cos1d,0.0283,0.0021
EleutherAI/pythia-410m,ds006239,SemLocal,ses-11+,3,0.125,pipeline_meanpool,0.0133,0.0122
EleutherAI/pythia-410m,ds006239,SemLocal,ses-11+,3,0.125,pair_concat,-0.0019,0.0069
EleutherAI/pythia-410m,ds006239,SemLocal,ses-11+,3,0.125,pair_absdiff,-0.0269,-0.0329
EleutherAI/pythia-410m,ds006239,SemLocal,ses-11+,3,0.125,pair_cos1d,-0.0018,-0.0206
EleutherAI/pythia-410m,ds006239,SemLocal,ses-11+,4,0.167,pipeline_meanpool,0.0271,0.0161
EleutherAI/pythia-410m,ds006239,SemLocal,ses-11+,4,0.167,pair_concat,-0.0183,-0.0278
EleutherAI/pythia-410m,ds006239,SemLocal,ses-11+,4,0.167,pair_absdiff,-0.0289,-0.0421
EleutherAI/pythia-410m,ds006239,SemLocal,ses-11+,4,0.167,pair_cos1d,-0.0118,-0.0139
EleutherAI/pythia-410m,ds006239,SemLocal,ses-11+,5,0.208,pipeline_meanpool,0.0391,0.0205
EleutherAI/pythia-410m,ds006239,SemLocal,ses-11+,5,0.208,pair_concat,-0.026,-0.0422
EleutherAI/pythia-410m,ds006239,SemLocal,ses-11+,5,0.208,pair_absdiff,-0.046,-0.0651
EleutherAI/pythia-410m,ds006239,SemLocal,ses-11+,5,0.208,pair_cos1d,0.0101,-0.0043
EleutherAI/pythia-410m,ds006239,SemLocal,ses-11+,6,0.25,pipeline_meanpool,0.0343,-0.0222
EleutherAI/pythia-410m,ds006239,SemLocal,ses-11+,6,0.25,pair_concat,-0.0114,-0.0212
EleutherAI/pythia-410m,ds006239,SemLocal,ses-11+,6,0.25,pair_absdiff,-0.0123,-0.0054
EleutherAI/pythia-410m,ds006239,SemLocal,ses-11+,6,0.25,pair_cos1d,-0.0128,-0.0155
EleutherAI/pythia-410m,ds006239,SemLocal,ses-11+,7,0.292,pipeline_meanpool,0.0329,-0.025
EleutherAI/pythia-410m,ds006239,SemLocal,ses-11+,7,0.292,pair_concat,-0.0106,-0.0225
EleutherAI/pythia-410m,ds006239,SemLocal,ses-11+,7,0.292,pair_absdiff,-0.0081,0.0042
EleutherAI/pythia-410m,ds006239,SemLocal,ses-11+,7,0.292,pair_cos1d,-0.015,-0.0139
EleutherAI/pythia-410m,ds006239,SemLocal,ses-11+,8,0.333,pipeline_meanpool,0.0353,-0.0249
EleutherAI/pythia-410m,ds006239,SemLocal,ses-11+,8,0.333,pair_concat,-0.0096,-0.0221
EleutherAI/pythia-410m,ds006239,SemLocal,ses-11+,8,0.333,pair_absdiff,-0.0094,0.005
EleutherAI/pythia-410m,ds006239,SemLocal,ses-11+,8,0.333,pair_cos1d,-0.0105,-0.0115
EleutherAI/pythia-410m,ds006239,SemLocal,ses-11+,9,0.375,pipeline_meanpool,0.0379,-0.0229
EleutherAI/pythia-410m,ds006239,SemLocal,ses-11+,9,0.375,pair_concat,-0.0096,-0.0226
EleutherAI/pythia-410m,ds006239,SemLocal,ses-11+,9,0.375,pair_absdiff,-0.0111,0.0039
EleutherAI/pythia-410m,ds006239,SemLocal,ses-11+,9,0.375,pair_cos1d,-0.0108,-0.0125
EleutherAI/pythia-410m,ds006239,SemLocal,ses-11+,10,0.417,pipeline_meanpool,0.0407,-0.0175
EleutherAI/pythia-410m,ds006239,SemLocal,ses-11+,10,0.417,pair_concat,-0.0089,-0.0221
EleutherAI/pythia-410m,ds006239,SemLocal,ses-11+,10,0.417,pair_absdiff,-0.0113,0.0039
EleutherAI/pythia-410m,ds006239,SemLocal,ses-11+,10,0.417,pair_cos1d,-0.011,-0.0136
EleutherAI/pythia-410m,ds006239,SemLocal,ses-11+,11,0.458,pipeline_meanpool,0.0411,-0.0158
EleutherAI/pythia-410m,ds006239,SemLocal,ses-11+,11,0.458,pair_concat,-0.0087,-0.022
EleutherAI/pythia-410m,ds006239,SemLocal,ses-11+,11,0.458,pair_absdiff,-0.0145,0.0019
EleutherAI/pythia-410m,ds006239,SemLocal,ses-11+,11,0.458,pair_cos1d,-0.004,-0.007
EleutherAI/pythia-410m,ds006239,SemLocal,ses-11+,12,0.5,pipeline_meanpool,0.0412,-0.0172
EleutherAI/pythia-410m,ds006239,SemLocal,ses-11+,12,0.5,pair_concat,-0.0088,-0.0216
EleutherAI/pythia-410m,ds006239,SemLocal,ses-11+,12,0.5,pair_absdiff,-0.0125,-0.001
EleutherAI/pythia-410m,ds006239,SemLocal,ses-11+,12,0.5,pair_cos1d,-0.0036,-0.0085
EleutherAI/pythia-410m,ds006239,SemLocal,ses-11+,13,0.542,pipeline_meanpool,0.0397,-0.0155
EleutherAI/pythia-410m,ds006239,SemLocal,ses-11+,13,0.542,pair_concat,-0.009,-0.0215
EleutherAI/pythia-410m,ds006239,SemLocal,ses-11+,13,0.542,pair_absdiff,-0.0128,-0.0008
EleutherAI/pythia-410m,ds006239,SemLocal,ses-11+,13,0.542,pair_cos1d,-0.0057,-0.0104
EleutherAI/pythia-410m,ds006239,SemLocal,ses-11+,14,0.583,pipeline_meanpool,0.0349,-0.0163
EleutherAI/pythia-410m,ds006239,SemLocal,ses-11+,14,0.583,pair_concat,-0.0087,-0.0213
EleutherAI/pythia-410m,ds006239,SemLocal,ses-11+,14,0.583,pair_absdiff,-0.0138,-0.0026
EleutherAI/pythia-410m,ds006239,SemLocal,ses-11+,14,0.583,pair_cos1d,-0.0088,-0.0189
EleutherAI/pythia-410m,ds006239,SemLocal,ses-11+,15,0.625,pipeline_meanpool,0.0337,-0.0154
EleutherAI/pythia-410m,ds006239,SemLocal,ses-11+,15,0.625,pair_concat,-0.0088,-0.0207
EleutherAI/pythia-410m,ds006239,SemLocal,ses-11+,15,0.625,pair_absdiff,-0.0129,-0.0008
EleutherAI/pythia-410m,ds006239,SemLocal,ses-11+,15,0.625,pair_cos1d,-0.0074,-0.0175
EleutherAI/pythia-410m,ds006239,SemLocal,ses-11+,16,0.667,pipeline_meanpool,0.0293,-0.0198
EleutherAI/pythia-410m,ds006239,SemLocal,ses-11+,16,0.667,pair_concat,-0.0085,-0.0202
EleutherAI/pythia-410m,ds006239,SemLocal,ses-11+,16,0.667,pair_absdiff,-0.0107,-0.001
EleutherAI/pythia-410m,ds006239,SemLocal,ses-11+,16,0.667,pair_cos1d,-0.0053,-0.0169
EleutherAI/pythia-410m,ds006239,SemLocal,ses-11+,17,0.708,pipeline_meanpool,0.0251,-0.0185
EleutherAI/pythia-410m,ds006239,SemLocal,ses-11+,17,0.708,pair_concat,-0.008,-0.0202
EleutherAI/pythia-410m,ds006239,SemLocal,ses-11+,17,0.708,pair_absdiff,-0.0123,-0.0047
EleutherAI/pythia-410m,ds006239,SemLocal,ses-11+,17,0.708,pair_cos1d,-0.006,-0.0212
EleutherAI/pythia-410m,ds006239,SemLocal,ses-11+,18,0.75,pipeline_meanpool,0.0114,-0.0227
EleutherAI/pythia-410m,ds006239,SemLocal,ses-11+,18,0.75,pair_concat,-0.0073,-0.0191
EleutherAI/pythia-410m,ds006239,SemLocal,ses-11+,18,0.75,pair_absdiff,-0.0095,-0.0044
EleutherAI/pythia-410m,ds006239,SemLocal,ses-11+,18,0.75,pair_cos1d,-0.0201,-0.036
EleutherAI/pythia-410m,ds006239,SemLocal,ses-11+,19,0.792,pipeline_meanpool,0.0091,-0.02
EleutherAI/pythia-410m,ds006239,SemLocal,ses-11+,19,0.792,pair_concat,-0.0064,-0.0187
EleutherAI/pythia-410m,ds006239,SemLocal,ses-11+,19,0.792,pair_absdiff,-0.0108,-0.0055
EleutherAI/pythia-410m,ds006239,SemLocal,ses-11+,19,0.792,pair_cos1d,-0.0302,-0.0484
EleutherAI/pythia-410m,ds006239,SemLocal,ses-11+,20,0.833,pipeline_meanpool,0.0079,-0.0181
EleutherAI/pythia-410m,ds006239,SemLocal,ses-11+,20,0.833,pair_concat,-0.0058,-0.0187
EleutherAI/pythia-410m,ds006239,SemLocal,ses-11+,20,0.833,pair_absdiff,-0.0081,-0.0043
EleutherAI/pythia-410m,ds006239,SemLocal,ses-11+,20,0.833,pair_cos1d,-0.0323,-0.0508
EleutherAI/pythia-410m,ds006239,SemLocal,ses-11+,21,0.875,pipeline_meanpool,0.0094,-0.0151
EleutherAI/pythia-410m,ds006239,SemLocal,ses-11+,21,0.875,pair_concat,-0.0057,-0.0191
EleutherAI/pythia-410m,ds006239,SemLocal,ses-11+,21,0.875,pair_absdiff,-0.0089,-0.007
EleutherAI/pythia-410m,ds006239,SemLocal,ses-11+,21,0.875,pair_cos1d,-0.0333,-0.0517
EleutherAI/pythia-410m,ds006239,SemLocal,ses-11+,22,0.917,pipeline_meanpool,0.0057,-0.0168
EleutherAI/pythia-410m,ds006239,SemLocal,ses-11+,22,0.917,pair_concat,-0.0055,-0.0191
EleutherAI/pythia-410m,ds006239,SemLocal,ses-11+,22,0.917,pair_absdiff,-0.0118,-0.0107
EleutherAI/pythia-410m,ds006239,SemLocal,ses-11+,22,0.917,pair_cos1d,-0.0328,-0.0502
EleutherAI/pythia-410m,ds006239,SemLocal,ses-11+,23,0.958,pipeline_meanpool,0.0119,-0.0102
EleutherAI/pythia-410m,ds006239,SemLocal,ses-11+,23,0.958,pair_concat,-0.0045,-0.0182
EleutherAI/pythia-410m,ds006239,SemLocal,ses-11+,23,0.958,pair_absdiff,-0.0188,-0.0093
EleutherAI/pythia-410m,ds006239,SemLocal,ses-11+,23,0.958,pair_cos1d,-0.0333,-0.0508
EleutherAI/pythia-410m,ds006239,SemLocal,ses-11+,24,1.0,pipeline_meanpool,0.0189,-0.0004
EleutherAI/pythia-410m,ds006239,SemLocal,ses-11+,24,1.0,pair_concat,0.0123,-0.0001
EleutherAI/pythia-410m,ds006239,SemLocal,ses-11+,24,1.0,pair_absdiff,-0.0185,-0.035
EleutherAI/pythia-410m,ds006239,SemLocal,ses-11+,24,1.0,pair_cos1d,0.0089,-0.0186
EleutherAI/pythia-410m,ds006239,SemLocal,ses-11,0,0.0,pipeline_meanpool,0.0486,0.0266
EleutherAI/pythia-410m,ds006239,SemLocal,ses-11,0,0.0,pair_concat,0.0245,-0.0016
EleutherAI/pythia-410m,ds006239,SemLocal,ses-11,0,0.0,pair_absdiff,0.0096,0.0139
EleutherAI/pythia-410m,ds006239,SemLocal,ses-11,0,0.0,pair_cos1d,-0.0243,-0.022
EleutherAI/pythia-410m,ds006239,SemLocal,ses-11,1,0.042,pipeline_meanpool,0.0179,0.0088
EleutherAI/pythia-410m,ds006239,SemLocal,ses-11,1,0.042,pair_concat,0.0226,-0.0041
EleutherAI/pythia-410m,ds006239,SemLocal,ses-11,1,0.042,pair_absdiff,-0.0392,-0.0382
EleutherAI/pythia-410m,ds006239,SemLocal,ses-11,1,0.042,pair_cos1d,-0.0369,-0.0574
EleutherAI/pythia-410m,ds006239,SemLocal,ses-11,2,0.083,pipeline_meanpool,0.0141,-0.0093
EleutherAI/pythia-410m,ds006239,SemLocal,ses-11,2,0.083,pair_concat,0.0143,-0.0056
EleutherAI/pythia-410m,ds006239,SemLocal,ses-11,2,0.083,pair_absdiff,-0.0482,-0.0471
EleutherAI/pythia-410m,ds006239,SemLocal,ses-11,2,0.083,pair_cos1d,0.0045,0.0002
EleutherAI/pythia-410m,ds006239,SemLocal,ses-11,3,0.125,pipeline_meanpool,0.0004,0.0109
EleutherAI/pythia-410m,ds006239,SemLocal,ses-11,3,0.125,pair_concat,-0.0007,-0.0049
EleutherAI/pythia-410m,ds006239,SemLocal,ses-11,3,0.125,pair_absdiff,-0.0408,-0.0365
EleutherAI/pythia-410m,ds006239,SemLocal,ses-11,3,0.125,pair_cos1d,-0.0095,-0.0112
EleutherAI/pythia-410m,ds006239,SemLocal,ses-11,4,0.167,pipeline_meanpool,0.0214,0.0153
EleutherAI/pythia-410m,ds006239,SemLocal,ses-11,4,0.167,pair_concat,-0.0193,-0.0221
EleutherAI/pythia-410m,ds006239,SemLocal,ses-11,4,0.167,pair_absdiff,-0.0431,-0.0651
EleutherAI/pythia-410m,ds006239,SemLocal,ses-11,4,0.167,pair_cos1d,-0.0125,-0.0145
EleutherAI/pythia-410m,ds006239,SemLocal,ses-11,5,0.208,pipeline_meanpool,0.0422,0.0258
EleutherAI/pythia-410m,ds006239,SemLocal,ses-11,5,0.208,pair_concat,-0.0288,-0.0287
EleutherAI/pythia-410m,ds006239,SemLocal,ses-11,5,0.208,pair_absdiff,-0.0708,-0.119
EleutherAI/pythia-410m,ds006239,SemLocal,ses-11,5,0.208,pair_cos1d,0.0009,-0.001
EleutherAI/pythia-410m,ds006239,SemLocal,ses-11,6,0.25,pipeline_meanpool,0.0178,0.0065
EleutherAI/pythia-410m,ds006239,SemLocal,ses-11,6,0.25,pair_concat,-0.0082,0.0167
EleutherAI/pythia-410m,ds006239,SemLocal,ses-11,6,0.25,pair_absdiff,-0.0426,-0.0311
EleutherAI/pythia-410m,ds006239,SemLocal,ses-11,6,0.25,pair_cos1d,-0.0067,-0.0219
EleutherAI/pythia-410m,ds006239,SemLocal,ses-11,7,0.292,pipeline_meanpool,0.0165,0.0069
EleutherAI/pythia-410m,ds006239,SemLocal,ses-11,7,0.292,pair_concat,-0.0093,0.0184
EleutherAI/pythia-410m,ds006239,SemLocal,ses-11,7,0.292,pair_absdiff,-0.041,-0.0317
EleutherAI/pythia-410m,ds006239,SemLocal,ses-11,7,0.292,pair_cos1d,-0.0085,-0.0235
EleutherAI/pythia-410m,ds006239,SemLocal,ses-11,8,0.333,pipeline_meanpool,0.0156,0.0044
EleutherAI/pythia-410m,ds006239,SemLocal,ses-11,8,0.333,pair_concat,-0.0092,0.0182
EleutherAI/pythia-410m,ds006239,SemLocal,ses-11,8,0.333,pair_absdiff,-0.0397,-0.0287
EleutherAI/pythia-410m,ds006239,SemLocal,ses-11,8,0.333,pair_cos1d,-0.0009,-0.0152
EleutherAI/pythia-410m,ds006239,SemLocal,ses-11,9,0.375,pipeline_meanpool,0.0179,-0.0016
EleutherAI/pythia-410m,ds006239,SemLocal,ses-11,9,0.375,pair_concat,-0.0091,0.0172
EleutherAI/pythia-410m,ds006239,SemLocal,ses-11,9,0.375,pair_absdiff,-0.0436,-0.0312
EleutherAI/pythia-410m,ds006239,SemLocal,ses-11,9,0.375,pair_cos1d,-0.0015,-0.0165
EleutherAI/pythia-410m,ds006239,SemLocal,ses-11,10,0.417,pipeline_meanpool,0.0211,-0.0021
EleutherAI/pythia-410m,ds006239,SemLocal,ses-11,10,0.417,pair_concat,-0.0086,0.0175
EleutherAI/pythia-410m,ds006239,SemLocal,ses-11,10,0.417,pair_absdiff,-0.0431,-0.032
EleutherAI/pythia-410m,ds006239,SemLocal,ses-11,10,0.417,pair_cos1d,-0.0091,-0.0222
EleutherAI/pythia-410m,ds006239,SemLocal,ses-11,11,0.458,pipeline_meanpool,0.0221,-0.0012
EleutherAI/pythia-410m,ds006239,SemLocal,ses-11,11,0.458,pair_concat,-0.0084,0.0172
EleutherAI/pythia-410m,ds006239,SemLocal,ses-11,11,0.458,pair_absdiff,-0.045,-0.034
EleutherAI/pythia-410m,ds006239,SemLocal,ses-11,11,0.458,pair_cos1d,0.0021,-0.014
EleutherAI/pythia-410m,ds006239,SemLocal,ses-11,12,0.5,pipeline_meanpool,0.022,-0.0001
EleutherAI/pythia-410m,ds006239,SemLocal,ses-11,12,0.5,pair_concat,-0.0085,0.0174
EleutherAI/pythia-410m,ds006239,SemLocal,ses-11,12,0.5,pair_absdiff,-0.0448,-0.0334
EleutherAI/pythia-410m,ds006239,SemLocal,ses-11,12,0.5,pair_cos1d,-0.0009,-0.0138
EleutherAI/pythia-410m,ds006239,SemLocal,ses-11,13,0.542,pipeline_meanpool,0.0236,0.0001
EleutherAI/pythia-410m,ds006239,SemLocal,ses-11,13,0.542,pair_concat,-0.0089,0.0171
EleutherAI/pythia-410m,ds006239,SemLocal,ses-11,13,0.542,pair_absdiff,-0.0455,-0.0314
EleutherAI/pythia-410m,ds006239,SemLocal,ses-11,13,0.542,pair_cos1d,0.0008,-0.008
EleutherAI/pythia-410m,ds006239,SemLocal,ses-11,14,0.583,pipeline_meanpool,0.0238,-0.0028
EleutherAI/pythia-410m,ds006239,SemLocal,ses-11,14,0.583,pair_concat,-0.0082,0.018
EleutherAI/pythia-410m,ds006239,SemLocal,ses-11,14,0.583,pair_absdiff,-0.0495,-0.0356
EleutherAI/pythia-410m,ds006239,SemLocal,ses-11,14,0.583,pair_cos1d,-0.0151,-0.0219
EleutherAI/pythia-410m,ds006239,SemLocal,ses-11,15,0.625,pipeline_meanpool,0.0252,0.0031
EleutherAI/pythia-410m,ds006239,SemLocal,ses-11,15,0.625,pair_concat,-0.0085,0.0189
EleutherAI/pythia-410m,ds006239,SemLocal,ses-11,15,0.625,pair_absdiff,-0.0521,-0.0371
EleutherAI/pythia-410m,ds006239,SemLocal,ses-11,15,0.625,pair_cos1d,-0.0171,-0.0221
EleutherAI/pythia-410m,ds006239,SemLocal,ses-11,16,0.667,pipeline_meanpool,0.0212,0.004
EleutherAI/pythia-410m,ds006239,SemLocal,ses-11,16,0.667,pair_concat,-0.0077,0.0201
EleutherAI/pythia-410m,ds006239,SemLocal,ses-11,16,0.667,pair_absdiff,-0.0487,-0.0357
EleutherAI/pythia-410m,ds006239,SemLocal,ses-11,16,0.667,pair_cos1d,-0.0179,-0.0197
EleutherAI/pythia-410m,ds006239,SemLocal,ses-11,17,0.708,pipeline_meanpool,0.0232,0.0103
EleutherAI/pythia-410m,ds006239,SemLocal,ses-11,17,0.708,pair_concat,-0.0068,0.0216
EleutherAI/pythia-410m,ds006239,SemLocal,ses-11,17,0.708,pair_absdiff,-0.0534,-0.0408
EleutherAI/pythia-410m,ds006239,SemLocal,ses-11,17,0.708,pair_cos1d,-0.0156,-0.0134
EleutherAI/pythia-410m,ds006239,SemLocal,ses-11,18,0.75,pipeline_meanpool,0.0206,0.0089
EleutherAI/pythia-410m,ds006239,SemLocal,ses-11,18,0.75,pair_concat,-0.0067,0.0219
EleutherAI/pythia-410m,ds006239,SemLocal,ses-11,18,0.75,pair_absdiff,-0.051,-0.0397
EleutherAI/pythia-410m,ds006239,SemLocal,ses-11,18,0.75,pair_cos1d,-0.0205,-0.0112
EleutherAI/pythia-410m,ds006239,SemLocal,ses-11,19,0.792,pipeline_meanpool,0.0192,0.0043
EleutherAI/pythia-410m,ds006239,SemLocal,ses-11,19,0.792,pair_concat,-0.0064,0.0224
EleutherAI/pythia-410m,ds006239,SemLocal,ses-11,19,0.792,pair_absdiff,-0.0515,-0.0411
EleutherAI/pythia-410m,ds006239,SemLocal,ses-11,19,0.792,pair_cos1d,-0.0258,-0.016
EleutherAI/pythia-410m,ds006239,SemLocal,ses-11,20,0.833,pipeline_meanpool,0.0157,0.0021
EleutherAI/pythia-410m,ds006239,SemLocal,ses-11,20,0.833,pair_concat,-0.007,0.0221
EleutherAI/pythia-410m,ds006239,SemLocal,ses-11,20,0.833,pair_absdiff,-0.0484,-0.0375
EleutherAI/pythia-410m,ds006239,SemLocal,ses-11,20,0.833,pair_cos1d,-0.0274,-0.0159
EleutherAI/pythia-410m,ds006239,SemLocal,ses-11,21,0.875,pipeline_meanpool,0.0185,0.0044
EleutherAI/pythia-410m,ds006239,SemLocal,ses-11,21,0.875,pair_concat,-0.0071,0.0217
EleutherAI/pythia-410m,ds006239,SemLocal,ses-11,21,0.875,pair_absdiff,-0.049,-0.0366
EleutherAI/pythia-410m,ds006239,SemLocal,ses-11,21,0.875,pair_cos1d,-0.0243,-0.0138
EleutherAI/pythia-410m,ds006239,SemLocal,ses-11,22,0.917,pipeline_meanpool,0.0138,0.0033
EleutherAI/pythia-410m,ds006239,SemLocal,ses-11,22,0.917,pair_concat,-0.0073,0.022
EleutherAI/pythia-410m,ds006239,SemLocal,ses-11,22,0.917,pair_absdiff,-0.0523,-0.0439
EleutherAI/pythia-410m,ds006239,SemLocal,ses-11,22,0.917,pair_cos1d,-0.0255,-0.0136
EleutherAI/pythia-410m,ds006239,SemLocal,ses-11,23,0.958,pipeline_meanpool,0.0224,0.0025
EleutherAI/pythia-410m,ds006239,SemLocal,ses-11,23,0.958,pair_concat,-0.0055,0.0214
EleutherAI/pythia-410m,ds006239,SemLocal,ses-11,23,0.958,pair_absdiff,-0.0576,-0.0415
EleutherAI/pythia-410m,ds006239,SemLocal,ses-11,23,0.958,pair_cos1d,-0.0217,-0.0131
EleutherAI/pythia-410m,ds006239,SemLocal,ses-11,24,1.0,pipeline_meanpool,0.0267,-0.0152
EleutherAI/pythia-410m,ds006239,SemLocal,ses-11,24,1.0,pair_concat,0.0254,-0.0328
EleutherAI/pythia-410m,ds006239,SemLocal,ses-11,24,1.0,pair_absdiff,-0.0372,-0.0489
EleutherAI/pythia-410m,ds006239,SemLocal,ses-11,24,1.0,pair_cos1d,-0.0222,-0.0461
