dataset,task,session,family,params,n_checkpoints,rsa_mean,rsa_sd,rsa_max,frac_of_ceiling_mean,ceiling_lower
ds002236,Phon,ses-11,babylm-gpt2,134601216.0,9,0.05030482553227269,0.008444140325400187,0.0596306755392925,0.21432625608842956,0.23471144623324758
ds002236,Phon,ses-11,babylm-gpt2-3,134601216.0,9,0.04618331608987733,0.013020621620064541,0.0686112426131461,0.19676635643914042,0.23471144623324758
ds002236,Phon,ses-11,babylm-gpt2-5,134601216.0,9,0.046333528406579345,0.01147950480775965,0.0646628744537656,0.1974063436196239,0.23471144623324758
ds002236,Phon,ses-11,babylm-gpt2-7,134601216.0,9,0.04910040395250073,0.011567942637365115,0.0619596303600323,0.20919475696854836,0.23471144623324758
ds002236,Phon,ses-11,parc-mamba-seed0,,11,0.02248029157535701,0.02071958269945132,0.0549894353748503,0.09577842042273867,0.23471144623324758
ds002236,Phon,ses-11,parc-mamba-seed1,,11,0.021415368667864827,0.012107701202606166,0.0408868548036294,0.0912412624588535,0.23471144623324758
ds002236,Phon,ses-11,parc-mamba-seed2,,11,0.04385512007138558,0.01314879956010347,0.0655649941776996,0.18684695942695517,0.23471144623324758
ds002236,Phon,ses-11,parc-pythia-seed0,,11,0.023525147337098307,0.020284988623050337,0.0593403340386777,0.10023008129616263,0.23471144623324758
ds002236,Phon,ses-11,parc-pythia-seed1,,11,0.021160881744121528,0.024077042431448054,0.0591239174891728,0.09015700803569938,0.23471144623324758
ds002236,Phon,ses-11,parc-pythia-seed2,,11,0.01716916770957958,0.021644654610951882,0.0594713484208593,0.07315010829304634,0.23471144623324758
ds002236,Phon,ses-11,parc-rwkv-seed0,,11,0.014048940006988801,0.021407960480348882,0.0443395185422712,0.059856220190588755,0.23471144623324758
ds002236,Phon,ses-11,parc-rwkv-seed1,,11,0.0003912895474507919,0.022928951873237013,0.0353356684935893,0.0016671089277083765,0.23471144623324758
ds002236,Phon,ses-11,parc-rwkv-seed2,,11,0.01907051019050592,0.01689303686252375,0.0458042648504221,0.08125087419705279,0.23471144623324758
ds002236,Phon,ses-11,polypythia-160m-seed1,,11,0.013745767427626182,0.05025792154087011,0.0687954108782277,0.05856453806673811,0.23471144623324758
ds002236,Phon,ses-11,polypythia-160m-seed2,,11,0.027849509482984872,0.03561903049647923,0.0737229763781987,0.11865424515900712,0.23471144623324758
ds002236,Phon,ses-11,polypythia-160m-seed3,,11,0.014724969370295427,0.03287721253312858,0.0886660644688629,0.06273647751998551,0.23471144623324758
ds002236,Phon,ses-11,polypythia-410m-seed1,,11,0.03158558547582808,0.034024459215810515,0.0790684533811532,0.13457198608217633,0.23471144623324758
ds002236,Phon,ses-11,polypythia-410m-seed2,,11,0.014692709258529718,0.024716409193066998,0.0472448100115101,0.06259903168049438,0.23471144623324758
ds002236,Phon,ses-11,polypythia-410m-seed3,,11,0.034009490016983335,0.027501463745232244,0.0863976606707822,0.14489915410084414,0.23471144623324758
ds002236,Phon,ses-11,polypythia-70m-seed1,,11,0.02670002826833766,0.01907873070445803,0.0666781313959064,0.11375682224634306,0.23471144623324758
ds002236,Phon,ses-11,polypythia-70m-seed2,,11,0.007642307657334545,0.053113721666766874,0.0845581947952753,0.03256043870029202,0.23471144623324758
ds002236,Phon,ses-11,polypythia-70m-seed3,,11,0.0035993276046336455,0.027115737189400798,0.0501460903779495,0.015335117491699858,0.23471144623324758
ds002236,Phon,ses-11,pythia-1.4b-full,1515311488.0,11,0.03048965876654046,0.03135120644819291,0.0829237292536136,0.12990273485103473,0.23471144623324758
ds002236,Phon,ses-11,pythia-160m-full,212654688.0,11,0.025492562069601075,0.032270523905027805,0.0679627605338395,0.10861235137321555,0.23471144623324758
ds002236,Phon,ses-11,pythia-1b-full,1078891008.0,11,0.024909556192137403,0.025744001113420303,0.0671514696219229,0.10612842531498529,0.23471144623324758
ds002236,Phon,ses-11,pythia-2.8b-full,,4,0.04655482442735835,0.0006410551353353,0.0475164071303613,0.1983491865202598,0.23471144623324758
ds002236,Phon,ses-11,pythia-410m-full,505997504.0,11,0.027634676957477355,0.015314418391452839,0.0457202686066489,0.11773894030721889,0.23471144623324758
ds002236,Phon,ses-11,pythia-6.9b-full,,1,0.0116065295407799,,0.0116065295407799,0.04945020674128418,0.23471144623324758
ds002236,Phon,ses-11,pythia-70m-full,95592496.0,11,0.01959707693363439,0.025935965494237528,0.0580040065518037,0.08349433846596276,0.23471144623324758
ds002236,Phon,ses-11+,babylm-gpt2,134601216.0,9,0.054878670982843075,0.006142453041633767,0.0628941944054387,0.18126909063133076,0.3027469867681776
ds002236,Phon,ses-11+,babylm-gpt2-3,134601216.0,9,0.048352903322014716,0.017789584838510272,0.0656822868523398,0.15971390446584355,0.3027469867681776
ds002236,Phon,ses-11+,babylm-gpt2-5,134601216.0,9,0.045732898857072296,0.01536792115737521,0.0588626302232417,0.1510597986301061,0.3027469867681776
ds002236,Phon,ses-11+,babylm-gpt2-7,134601216.0,9,0.04972403156853293,0.017707000318395647,0.0674429320393514,0.16424286199950888,0.3027469867681776
ds002236,Phon,ses-11+,parc-mamba-seed0,,11,0.014750409937699736,0.024626743638237546,0.0489451562777361,0.048721905030865154,0.3027469867681776
ds002236,Phon,ses-11+,parc-mamba-seed1,,11,0.022024806227915635,0.01619324287585061,0.057799693803038,0.07274987758930428,0.3027469867681776
ds002236,Phon,ses-11+,parc-mamba-seed2,,11,0.03669539103891935,0.023964240815586655,0.0687248185569536,0.1212081131860054,0.3027469867681776
ds002236,Phon,ses-11+,parc-pythia-seed0,,11,0.014449129456990617,0.026708146622597063,0.0571663146761756,0.047726749029726095,0.3027469867681776
ds002236,Phon,ses-11+,parc-pythia-seed1,,11,0.016774226527699835,0.0301337247313791,0.075505556453113,0.055406749731069536,0.3027469867681776
ds002236,Phon,ses-11+,parc-pythia-seed2,,11,0.0028282105851064453,0.027427500174746586,0.0463220772892658,0.009341829014708215,0.3027469867681776
ds002236,Phon,ses-11+,parc-rwkv-seed0,,11,0.0111702885564417,0.029846870068300363,0.0520179333730741,0.0368964483368917,0.3027469867681776
ds002236,Phon,ses-11+,parc-rwkv-seed1,,11,-0.005756194363872311,0.028339998022386226,0.0447235347458812,-0.019013217688207754,0.3027469867681776
ds002236,Phon,ses-11+,parc-rwkv-seed2,,11,0.019115498674127165,0.022533042939821824,0.0634057413786962,0.06314017813417404,0.3027469867681776
ds002236,Phon,ses-11+,polypythia-160m-seed1,,11,0.026105902767683965,0.045359971668759574,0.0801250883935357,0.08623009941854197,0.3027469867681776
ds002236,Phon,ses-11+,polypythia-160m-seed2,,11,0.02719983522367517,0.03841886783778017,0.0734959159914143,0.0898434548070429,0.3027469867681776
ds002236,Phon,ses-11+,polypythia-160m-seed3,,11,0.023614813963160928,0.035017454840910275,0.0966114050669859,0.07800181337971003,0.3027469867681776
ds002236,Phon,ses-11+,polypythia-410m-seed1,,11,0.03542842157279074,0.03427553696150895,0.0761503898893419,0.11702320129091603,0.3027469867681776
ds002236,Phon,ses-11+,polypythia-410m-seed2,,11,0.013950501554226563,0.030143542981870098,0.0637208525211608,0.04607973708722288,0.3027469867681776
ds002236,Phon,ses-11+,polypythia-410m-seed3,,11,0.034695772524094726,0.033231816491648095,0.0989452963765182,0.11460319686240945,0.3027469867681776
ds002236,Phon,ses-11+,polypythia-70m-seed1,,11,0.027020752405169827,0.024400546026133015,0.0756892677202704,0.08925192846216641,0.3027469867681776
ds002236,Phon,ses-11+,polypythia-70m-seed2,,11,0.030040745578717765,0.03984681718979587,0.0786248472299981,0.09922723228198754,0.3027469867681776
ds002236,Phon,ses-11+,polypythia-70m-seed3,,11,0.010138451891375227,0.02867272623877688,0.0640848971181746,0.0334882008227502,0.3027469867681776
ds002236,Phon,ses-11+,pythia-1.4b-full,1515311488.0,11,0.031636566832406454,0.027325596272159507,0.0878762937170181,0.10449837063657226,0.3027469867681776
ds002236,Phon,ses-11+,pythia-160m-full,212654688.0,11,0.024683759098977808,0.038582928879157805,0.0702459236816605,0.0815326334457588,0.3027469867681776
ds002236,Phon,ses-11+,pythia-1b-full,1078891008.0,11,0.027095613672209962,0.02894673467878238,0.0693490578518899,0.08949920183006771,0.3027469867681776
ds002236,Phon,ses-11+,pythia-2.8b-full,,4,0.033846809153801755,0.009869131449640101,0.0387813748786218,0.11179899597058339,0.3027469867681776
ds002236,Phon,ses-11+,pythia-410m-full,505997504.0,11,0.020272365051623418,0.020125473317374958,0.046131660390701,0.0669614098162654,0.3027469867681776
ds002236,Phon,ses-11+,pythia-6.9b-full,,1,0.0290262211285107,,0.0290262211285107,0.09587616854048805,0.3027469867681776
ds002236,Phon,ses-11+,pythia-70m-full,95592496.0,11,0.027518436398573754,0.029341301337411214,0.0807832844946279,0.09089582258879902,0.3027469867681776
ds002236,Phon,ses-9,babylm-gpt2,134601216.0,9,0.04613684781422871,0.006588503678905284,0.0543778511636656,0.1805221433257415,0.2555744517777938
ds002236,Phon,ses-9,babylm-gpt2-3,134601216.0,9,0.04946000096511365,0.009955041095066269,0.0602941717279134,0.19352482464920268,0.2555744517777938
ds002236,Phon,ses-9,babylm-gpt2-5,134601216.0,9,0.04680205447918726,0.006400151146977384,0.0533030845593143,0.18312493347292302,0.2555744517777938
ds002236,Phon,ses-9,babylm-gpt2-7,134601216.0,9,0.0510851493120129,0.010645856714397285,0.0605098239986966,0.19988363060807143,0.2555744517777938
ds002236,Phon,ses-9,parc-mamba-seed0,,11,0.026566140578294258,0.02561032585997354,0.0694599978630569,0.10394677712697148,0.2555744517777938
ds002236,Phon,ses-9,parc-mamba-seed1,,11,0.024721425870910644,0.015398228708057996,0.0519854669040977,0.09672886197719167,0.2555744517777938
ds002236,Phon,ses-9,parc-mamba-seed2,,11,0.041993720608063285,0.03042185751505996,0.0834269110513541,0.16431110510441096,0.2555744517777938
ds002236,Phon,ses-9,parc-pythia-seed0,,11,0.0170048081029912,0.028302995550093097,0.0579531880282763,0.06653563368601424,0.2555744517777938
ds002236,Phon,ses-9,parc-pythia-seed1,,11,0.013788363394056818,0.031897943292506635,0.072184031249232,0.05395047626295976,0.2555744517777938
ds002236,Phon,ses-9,parc-pythia-seed2,,11,0.006321805419163137,0.02746669148382421,0.0582333147204022,0.024735670467796036,0.2555744517777938
ds002236,Phon,ses-9,parc-rwkv-seed0,,11,0.008882462133737718,0.02738753771473742,0.050473297348052,0.03475489068625869,0.2555744517777938
ds002236,Phon,ses-9,parc-rwkv-seed1,,11,0.003296030527535891,0.025895552539101398,0.0543925855816443,0.012896557166056593,0.2555744517777938
ds002236,Phon,ses-9,parc-rwkv-seed2,,11,0.0131688640561405,0.020901939468301132,0.0476546048972495,0.05152652764991555,0.2555744517777938
ds002236,Phon,ses-9,polypythia-160m-seed1,,11,0.031250291341785426,0.03917922806524418,0.0881713354241977,0.1222747075241919,0.2555744517777938
ds002236,Phon,ses-9,polypythia-160m-seed2,,11,0.019340834351367044,0.03822429017715003,0.0659589304381603,0.07567593011285301,0.2555744517777938
ds002236,Phon,ses-9,polypythia-160m-seed3,,11,0.02459602099702197,0.032683063848712265,0.1031737012458801,0.09623818353489688,0.2555744517777938
ds002236,Phon,ses-9,polypythia-410m-seed1,,11,0.024748726264891364,0.036752398197399734,0.0750613897802725,0.09683568170737523,0.2555744517777938
ds002236,Phon,ses-9,polypythia-410m-seed2,,11,0.011555380369400209,0.02465247254339266,0.0547541033382942,0.04521336263863689,0.2555744517777938
ds002236,Phon,ses-9,polypythia-410m-seed3,,11,0.03802657466733275,0.026885646126364935,0.0766539659126526,0.14878863831191746,0.2555744517777938
ds002236,Phon,ses-9,polypythia-70m-seed1,,11,0.03171235350845018,0.022648597830965497,0.0780869284011771,0.12408264319010302,0.2555744517777938
ds002236,Phon,ses-9,polypythia-70m-seed2,,11,0.025696968850340618,0.041118488255090783,0.0776195983500297,0.10054592183056914,0.2555744517777938
ds002236,Phon,ses-9,polypythia-70m-seed3,,11,0.021748083819991482,0.02408084337054148,0.0691755520279911,0.08509490549117991,0.2555744517777938
ds002236,Phon,ses-9,pythia-1.4b-full,1515311488.0,11,0.024161340220923696,0.029558719533628743,0.0865415399684955,0.09453738451889739,0.2555744517777938
ds002236,Phon,ses-9,pythia-160m-full,212654688.0,11,0.02487751914312829,0.037748400957198835,0.0664590529695422,0.09733961657778595,0.2555744517777938
ds002236,Phon,ses-9,pythia-1b-full,1078891008.0,11,0.03454711142496049,0.026314507680310004,0.0790891443386774,0.13517435402736214,0.2555744517777938
ds002236,Phon,ses-9,pythia-2.8b-full,,4,0.03604582640400157,0.0078102882197444495,0.0399509705138738,0.14103845729987594,0.2555744517777938
ds002236,Phon,ses-9,pythia-410m-full,505997504.0,11,0.02615556445517301,0.018692001273527773,0.052108050047922,0.10234029369224142,0.2555744517777938
ds002236,Phon,ses-9,pythia-6.9b-full,,1,0.0076094404163309,,0.0076094404163309,0.029773869662632936,0.2555744517777938
ds002236,Phon,ses-9,pythia-70m-full,95592496.0,11,0.01788232426259188,0.030510415896745996,0.0653477866459111,0.06996913869207654,0.2555744517777938
ds002236,Sem,ses-11,babylm-gpt2,134601216.0,9,0.024351803137081532,0.010051628983082622,0.04216392357841,0.06241073182885865,0.3901861494567716
ds002236,Sem,ses-11,babylm-gpt2-3,134601216.0,9,0.02028736463182891,0.007501493941659525,0.0356090174975917,0.051994066575847354,0.3901861494567716
ds002236,Sem,ses-11,babylm-gpt2-5,134601216.0,9,0.01668137046673959,0.008225602845617788,0.0374911200713835,0.04275233882587548,0.3901861494567716
ds002236,Sem,ses-11,babylm-gpt2-7,134601216.0,9,0.013158967893250079,0.0065487762840699725,0.0282514543284262,0.03372484623447135,0.3901861494567716
ds002236,Sem,ses-11,parc-mamba-seed0,,11,0.037543233712196325,0.022663771847337245,0.0815213942423097,0.09621877599823853,0.3901861494567716
ds002236,Sem,ses-11,parc-mamba-seed1,,11,0.03349798977766339,0.022793190097565422,0.065644885360943,0.08585130411292215,0.3901861494567716
ds002236,Sem,ses-11,parc-mamba-seed2,,11,0.022521871801580655,0.023429518055029946,0.0587078515984774,0.05772083871489609,0.3901861494567716
ds002236,Sem,ses-11,parc-pythia-seed0,,11,0.016908631535590246,0.025586741922666714,0.0788149797863787,0.04333478151167316,0.3901861494567716
ds002236,Sem,ses-11,parc-pythia-seed1,,11,0.017810357215304527,0.02845806889268642,0.0746035571619083,0.04564579557757398,0.3901861494567716
ds002236,Sem,ses-11,parc-pythia-seed2,,11,0.01583261478916974,0.03223889431264288,0.0553551460594103,0.04057708048123276,0.3901861494567716
ds002236,Sem,ses-11,parc-rwkv-seed0,,11,0.030205321755340263,0.023243808068139485,0.057520742491543,0.07741259344390615,0.3901861494567716
ds002236,Sem,ses-11,parc-rwkv-seed1,,11,0.03097865632227984,0.024423627935997987,0.061150562503753,0.07939455658641194,0.3901861494567716
ds002236,Sem,ses-11,parc-rwkv-seed2,,11,0.04390040165439214,0.019211748395802898,0.0750406997250811,0.11251143003284855,0.3901861494567716
ds002236,Sem,ses-11,polypythia-160m-seed1,,11,0.01817122838718752,0.014370738314011606,0.0443518185955015,0.046570664828790125,0.3901861494567716
ds002236,Sem,ses-11,polypythia-160m-seed2,,11,0.006650673627276963,0.01587562402806856,0.0410160188452557,0.017044873675132303,0.3901861494567716
ds002236,Sem,ses-11,polypythia-160m-seed3,,11,0.03128274921770591,0.023883222809009504,0.0560821367833494,0.08017390996902031,0.3901861494567716
ds002236,Sem,ses-11,polypythia-410m-seed1,,11,0.011885882304415583,0.011447710922613959,0.0362115642250833,0.030462081549956218,0.3901861494567716
ds002236,Sem,ses-11,polypythia-410m-seed2,,11,0.008511858688778354,0.01193207570867195,0.0345151243350536,0.021814866316061728,0.3901861494567716
ds002236,Sem,ses-11,polypythia-410m-seed3,,11,0.015542270293536864,0.01628987536939876,0.0485500225987421,0.039832962587665555,0.3901861494567716
ds002236,Sem,ses-11,polypythia-70m-seed1,,11,0.010103793106430399,0.0132665559800406,0.0401379044156064,0.025894802059215048,0.3901861494567716
ds002236,Sem,ses-11,polypythia-70m-seed2,,11,0.0029387394578987546,0.023867166349034966,0.0645931730612158,0.007531634482644122,0.3901861494567716
ds002236,Sem,ses-11,polypythia-70m-seed3,,11,0.01600664666722439,0.02183633692064217,0.0374479442585876,0.04102310317654613,0.3901861494567716
ds002236,Sem,ses-11,pythia-1.4b-full,1515311488.0,11,-0.011452829753366207,0.019643588716034964,0.0252165809635701,-0.02935222013726312,0.3901861494567716
ds002236,Sem,ses-11,pythia-160m-full,212654688.0,11,0.025710979135965664,0.023990535548805564,0.0611123363581095,0.06589413584198524,0.3901861494567716
ds002236,Sem,ses-11,pythia-1b-full,1078891008.0,11,0.008837149567499009,0.016505909283273622,0.0329110810188441,0.022648547570953872,0.3901861494567716
ds002236,Sem,ses-11,pythia-2.8b-full,,4,-0.03217855745328653,0.004192882274959351,-0.0258892340408475,-0.08246975833992684,0.3901861494567716
ds002236,Sem,ses-11,pythia-410m-full,505997504.0,11,0.00028088753022890956,0.01690281046602545,0.0251034158539277,0.000719880832828046,0.3901861494567716
ds002236,Sem,ses-11,pythia-6.9b-full,,1,0.0307375082649826,,0.0307375082649826,0.07877652322558411,0.3901861494567716
ds002236,Sem,ses-11,pythia-70m-full,95592496.0,11,0.007359583472496464,0.019447950412049105,0.0420764850326663,0.018861724032856332,0.3901861494567716
ds002236,Sem,ses-11+,babylm-gpt2,134601216.0,9,0.0019837110281458337,0.007706403637303726,0.0124168754821431,0.00454631585153536,0.4363337464720812
ds002236,Sem,ses-11+,babylm-gpt2-3,134601216.0,9,0.007743407746135044,0.005656020628602734,0.0154617234296223,0.01774652501380731,0.4363337464720812
ds002236,Sem,ses-11+,babylm-gpt2-5,134601216.0,9,0.005863642515165222,0.004307858373930607,0.0134128036953144,0.013438434598687194,0.4363337464720812
ds002236,Sem,ses-11+,babylm-gpt2-7,134601216.0,9,0.004415898316772923,0.003164366700307264,0.0094874835375491,0.010120460203862489,0.4363337464720812
ds002236,Sem,ses-11+,parc-mamba-seed0,,11,0.014350938919859281,0.02053226509802875,0.0369501431900247,0.032889821234071165,0.4363337464720812
ds002236,Sem,ses-11+,parc-mamba-seed1,,11,0.016345406994902136,0.02262527903304647,0.0495020894033295,0.03746079034010265,0.4363337464720812
ds002236,Sem,ses-11+,parc-mamba-seed2,,11,0.005526739663930144,0.022638368858833666,0.0407688364809063,0.012666312676055584,0.4363337464720812
ds002236,Sem,ses-11+,parc-pythia-seed0,,11,0.010805612887891001,0.021146749906553002,0.0505543535240568,0.024764559182640252,0.4363337464720812
ds002236,Sem,ses-11+,parc-pythia-seed1,,11,0.002408242615037691,0.03175184289914952,0.0516871166234053,0.005519267383073664,0.4363337464720812
ds002236,Sem,ses-11+,parc-pythia-seed2,,11,-0.002341370422766229,0.036001112236926994,0.043176598722842,-0.005366008111215483,0.4363337464720812
ds002236,Sem,ses-11+,parc-rwkv-seed0,,11,0.0015571499324609822,0.019741633265600734,0.0308733147574777,0.0035687130437448682,0.4363337464720812
ds002236,Sem,ses-11+,parc-rwkv-seed1,,11,-0.0005009006912053724,0.026775161188267917,0.0364622414557666,-0.0011479760510282309,0.4363337464720812
ds002236,Sem,ses-11+,parc-rwkv-seed2,,11,0.017344380864750337,0.016827392851174735,0.0421312741692372,0.03975026228199408,0.4363337464720812
ds002236,Sem,ses-11+,polypythia-160m-seed1,,11,-0.0008879719593329089,0.013449228782598733,0.0237951653156221,-0.0020350751380393776,0.4363337464720812
ds002236,Sem,ses-11+,polypythia-160m-seed2,,11,0.0009798539562702545,0.008591616232046618,0.0139965383432571,0.0022456524717437824,0.4363337464720812
ds002236,Sem,ses-11+,polypythia-160m-seed3,,11,0.010405210506098399,0.014730996518777106,0.0268874113426405,0.023846907534034102,0.4363337464720812
ds002236,Sem,ses-11+,polypythia-410m-seed1,,11,-0.0028882447960532002,0.008627924046857235,0.0108033425169167,-0.006619347734173031,0.4363337464720812
ds002236,Sem,ses-11+,polypythia-410m-seed2,,11,-0.016825433498606327,0.012197788344190252,0.0022304186777964,-0.0385609264345152,0.4363337464720812
ds002236,Sem,ses-11+,polypythia-410m-seed3,,11,0.007830589299025437,0.019044795414976855,0.0269519075122586,0.017946329758673565,0.4363337464720812
ds002236,Sem,ses-11+,polypythia-70m-seed1,,11,0.0100316292091965,0.03074176652795137,0.0538351551146256,0.022990725082132457,0.4363337464720812
ds002236,Sem,ses-11+,polypythia-70m-seed2,,11,-0.014889988228137856,0.018321755608818557,0.0336754701569267,-0.03412522718796996,0.4363337464720812
ds002236,Sem,ses-11+,polypythia-70m-seed3,,11,-0.011174053736550891,0.016451955018830733,0.0282202848028446,-0.025608960633682874,0.4363337464720812
ds002236,Sem,ses-11+,pythia-1.4b-full,1515311488.0,11,-0.0199928586761746,0.011928868304476828,0.0056311075610998,-0.0458201063700074,0.4363337464720812
ds002236,Sem,ses-11+,pythia-160m-full,212654688.0,11,0.01534900220904892,0.035324008810490234,0.0646354709769661,0.035177206285672946,0.4363337464720812
ds002236,Sem,ses-11+,pythia-1b-full,1078891008.0,11,-0.0032338131963175905,0.009604688065493446,0.0180130845454485,-0.007411329567021024,0.4363337464720812
ds002236,Sem,ses-11+,pythia-2.8b-full,,4,-0.043593369894094305,0.004606576626089799,-0.0366835049549596,-0.09990831616065164,0.4363337464720812
ds002236,Sem,ses-11+,pythia-410m-full,505997504.0,11,0.005864660858847409,0.021853576874284294,0.0379083636348556,0.013440768462823126,0.4363337464720812
ds002236,Sem,ses-11+,pythia-6.9b-full,,1,0.0049465819713959,,0.0049465819713959,0.011336693554855278,0.4363337464720812
ds002236,Sem,ses-11+,pythia-70m-full,95592496.0,11,-0.0006134668546383001,0.028100195392840383,0.0662799059181983,-0.0014059578467134507,0.4363337464720812
ds002236,Sem,ses-9,babylm-gpt2,134601216.0,9,0.0170955344231151,0.00851958411785053,0.0339577516812522,0.049633956838440706,0.3444322297084097
ds002236,Sem,ses-9,babylm-gpt2-3,134601216.0,9,0.013187204592405211,0.007823622439583218,0.0256356639303758,0.03828679041903038,0.3444322297084097
ds002236,Sem,ses-9,babylm-gpt2-5,134601216.0,9,0.01225796403999551,0.00462720323978663,0.0192789117541401,0.03558889959389947,0.3444322297084097
ds002236,Sem,ses-9,babylm-gpt2-7,134601216.0,9,0.012767310615947778,0.006283290161298347,0.0221234319567333,0.03706770015905991,0.3444322297084097
ds002236,Sem,ses-9,parc-mamba-seed0,,11,0.011925814838688929,0.02277865464994802,0.0477633599584736,0.03462456126357604,0.3444322297084097
ds002236,Sem,ses-9,parc-mamba-seed1,,11,0.0235913214220495,0.018802926191870864,0.0508072296778163,0.06849336208177005,0.3444322297084097
ds002236,Sem,ses-9,parc-mamba-seed2,,11,0.007547340947823619,0.01462943370731766,0.028246788932698,0.02191241207076662,0.3444322297084097
ds002236,Sem,ses-9,parc-pythia-seed0,,11,0.006776071529172354,0.028723827853427746,0.0493071460936566,0.01967316338226785,0.3444322297084097
ds002236,Sem,ses-9,parc-pythia-seed1,,11,0.011725667233716201,0.030294792256799177,0.056960777951226,0.034043466964874175,0.3444322297084097
ds002236,Sem,ses-9,parc-pythia-seed2,,11,-0.007386598378812845,0.030647782746989722,0.0339961784890776,-0.021445723546446884,0.3444322297084097
ds002236,Sem,ses-9,parc-rwkv-seed0,,11,0.003186657583581527,0.019214083683044985,0.0297946970035333,0.009251914625641438,0.3444322297084097
ds002236,Sem,ses-9,parc-rwkv-seed1,,11,0.012018197730996855,0.02602648917116956,0.0377196826574415,0.03489277917217924,0.3444322297084097
ds002236,Sem,ses-9,parc-rwkv-seed2,,11,0.0265844631337518,0.01997498309191351,0.0605438018704424,0.07718343651015974,0.3444322297084097
ds002236,Sem,ses-9,polypythia-160m-seed1,,11,0.005629518225409428,0.015175189792600326,0.0417869880307182,0.016344342195198397,0.3444322297084097
ds002236,Sem,ses-9,polypythia-160m-seed2,,11,0.005728474324341218,0.015045495548779965,0.0267274417790802,0.016631644283668937,0.3444322297084097
ds002236,Sem,ses-9,polypythia-160m-seed3,,11,0.008575176728162092,0.007107242353408174,0.0204819818654563,0.024896557257204664,0.3444322297084097
ds002236,Sem,ses-9,polypythia-410m-seed1,,11,0.010638203621921633,0.015573186433256779,0.0287972889067708,0.030886202580193353,0.3444322297084097
ds002236,Sem,ses-9,polypythia-410m-seed2,,11,0.0019939702200083547,0.011513504164825298,0.0201748516742775,0.005789151095692801,0.3444322297084097
ds002236,Sem,ses-9,polypythia-410m-seed3,,11,0.0056412949672491365,0.015062853492958652,0.030917151083289,0.016378533948535997,0.3444322297084097
ds002236,Sem,ses-9,polypythia-70m-seed1,,11,0.008328564426829417,0.02096027188542782,0.0337543972817899,0.024180560669018213,0.3444322297084097
ds002236,Sem,ses-9,polypythia-70m-seed2,,11,-0.005603820544703509,0.013289888212671809,0.0245644288725389,-0.016269733379618987,0.3444322297084097
ds002236,Sem,ses-9,polypythia-70m-seed3,,11,0.0019196514845715364,0.020101998191133494,0.0235142549828725,0.00557337937334343,0.3444322297084097
ds002236,Sem,ses-9,pythia-1.4b-full,1515311488.0,11,-0.010949027061364146,0.014061883746169854,0.0216207815521089,-0.031788625212667815,0.3444322297084097
ds002236,Sem,ses-9,pythia-160m-full,212654688.0,11,0.001743951222088227,0.013270165548194157,0.017645822587107,0.005063263747311412,0.3444322297084097
ds002236,Sem,ses-9,pythia-1b-full,1078891008.0,11,-0.0024734631447289727,0.019470488235182954,0.0176143855119496,-0.007181276696501263,0.3444322297084097
ds002236,Sem,ses-9,pythia-2.8b-full,,4,-0.027721306934194348,0.001058054060766301,-0.0261342258430449,-0.08048406781694827,0.3444322297084097
ds002236,Sem,ses-9,pythia-410m-full,505997504.0,11,0.0036022168008604453,0.01654088633295417,0.0297034625981829,0.010458419654600905,0.3444322297084097
ds002236,Sem,ses-9,pythia-6.9b-full,,1,0.0245443459325048,,0.0245443459325048,0.07126030555643302,0.3444322297084097
ds002236,Sem,ses-9,pythia-70m-full,95592496.0,11,0.0017822860597469458,0.01666906518815124,0.0344231458074454,0.005174562384175831,0.3444322297084097
ds003604,Gram,ses-5,babylm-gpt2,134601216.0,9,0.04554551797593234,0.003375313176261585,0.0486214368377204,0.05423280005445583,0.839814981527775
ds003604,Gram,ses-5,babylm-gpt2-3,134601216.0,9,0.044597392559949156,0.009649065943041605,0.0529545048385655,0.05310383065424536,0.839814981527775
ds003604,Gram,ses-5,babylm-gpt2-5,134601216.0,9,0.044342378968147446,0.009702185861471,0.053123646928606,0.052800176161993034,0.839814981527775
ds003604,Gram,ses-5,babylm-gpt2-7,134601216.0,9,0.045619500583627265,0.009483540007555677,0.0533764565846607,0.05432089399100402,0.839814981527775
ds003604,Gram,ses-5,parc-mamba-seed0,,11,0.0218928503791831,0.010411895102557665,0.0306238623704786,0.02606865900314859,0.839814981527775
ds003604,Gram,ses-5,parc-mamba-seed1,,11,0.010326352989775862,0.011416645104870874,0.0241699536846906,0.012295985683644706,0.839814981527775
ds003604,Gram,ses-5,parc-mamba-seed2,,11,0.011865504676332328,0.013350714932001084,0.0333947470031831,0.014128712796652941,0.839814981527775
ds003604,Gram,ses-5,parc-pythia-seed0,,11,0.03617253506142952,0.01410382783374945,0.0561032038333954,0.04307202878856144,0.839814981527775
ds003604,Gram,ses-5,parc-pythia-seed1,,11,0.04160613944644858,0.016098929128532898,0.06670316577583,0.04954203052053144,0.839814981527775
ds003604,Gram,ses-5,parc-pythia-seed2,,11,0.04706133565178994,0.009065640400368447,0.0586113481150541,0.05603774246343745,0.839814981527775
ds003604,Gram,ses-5,parc-rwkv-seed0,,11,0.023109279364778346,0.012345907911461954,0.0440043842860634,0.027517107783357708,0.839814981527775
ds003604,Gram,ses-5,parc-rwkv-seed1,,11,0.01771502200688699,0.011975598615416997,0.0369603728860194,0.021093958069978904,0.839814981527775
ds003604,Gram,ses-5,parc-rwkv-seed2,,11,0.025977631725786935,0.013875013544049557,0.0497076999257973,0.03093256526399295,0.839814981527775
ds003604,Gram,ses-5,polypythia-160m-seed1,,11,0.022122526054452044,0.009727815494125656,0.0339005589132123,0.02634214266362238,0.839814981527775
ds003604,Gram,ses-5,polypythia-160m-seed2,,11,0.03115378089062528,0.010665498327760975,0.0427412968313676,0.037096005162888294,0.839814981527775
ds003604,Gram,ses-5,polypythia-160m-seed3,,11,0.03402887811341338,0.02204930280290944,0.0601558276227193,0.040519494009869546,0.839814981527775
ds003604,Gram,ses-5,polypythia-410m-seed1,,11,0.029824012258875255,0.006372538968540333,0.0380481118368079,0.035512598506661545,0.839814981527775
ds003604,Gram,ses-5,polypythia-410m-seed2,,11,0.01444804919999042,0.006553607827487051,0.0242968237773558,0.017203847892433174,0.839814981527775
ds003604,Gram,ses-5,polypythia-410m-seed3,,11,0.014620498308450436,0.008441728486611046,0.0355838690607677,0.017409189678723177,0.839814981527775
ds003604,Gram,ses-5,polypythia-70m-seed1,,11,0.022572869566834453,0.008461696760537112,0.0381436274209254,0.026878384005213064,0.839814981527775
ds003604,Gram,ses-5,polypythia-70m-seed2,,11,0.017142113821120263,0.008716159660748018,0.0315778453119618,0.020411774257629536,0.839814981527775
ds003604,Gram,ses-5,polypythia-70m-seed3,,11,0.027421131494866902,0.009021845033321515,0.044227103222168,0.03265139595983738,0.839814981527775
ds003604,Gram,ses-5,pythia-1.4b-full,1515311488.0,11,0.022811389598265633,0.008180840226920666,0.0344311510342554,0.02716239898074645,0.839814981527775
ds003604,Gram,ses-5,pythia-160m-full,212654688.0,11,0.025018972727146427,0.006979675040534834,0.0328203334453196,0.02979105312176308,0.839814981527775
ds003604,Gram,ses-5,pythia-1b-full,1078891008.0,11,0.025024452029765155,0.010146771494494753,0.0409158710591767,0.029797577538139604,0.839814981527775
ds003604,Gram,ses-5,pythia-2.8b-full,,4,0.0256260155989924,0.0016233537658988004,0.0264376924819418,0.030513882417736882,0.839814981527775
ds003604,Gram,ses-5,pythia-410m-full,505997504.0,11,0.02774031779112198,0.01113640694829126,0.0431863278675215,0.03303146335953347,0.839814981527775
ds003604,Gram,ses-5,pythia-6.9b-full,,1,0.0487022002867858,,0.0487022002867858,0.05799158309630022,0.839814981527775
ds003604,Gram,ses-5,pythia-70m-full,95592496.0,11,0.026374032279001158,0.009746079133415212,0.0491297352085352,0.031404574649313864,0.839814981527775
ds003604,Gram,ses-7,babylm-gpt2,134601216.0,9,0.03349287071418778,0.003948464858621093,0.0410771685710209,0.03952627292982026,0.8473571685763311
ds003604,Gram,ses-7,babylm-gpt2-3,134601216.0,9,0.028600405301162965,0.010435689419678783,0.0382002598654483,0.033752479310720084,0.8473571685763311
ds003604,Gram,ses-7,babylm-gpt2-5,134601216.0,9,0.026322945719013145,0.008841384878821383,0.0347596127204239,0.031064758398443804,0.8473571685763311
ds003604,Gram,ses-7,babylm-gpt2-7,134601216.0,9,0.029518528962527397,0.00930719909974568,0.0376122432679872,0.034835993672092634,0.8473571685763311
ds003604,Gram,ses-7,parc-mamba-seed0,,11,0.01978675258301829,0.011912819065823105,0.0396871547590992,0.02335113611685445,0.8473571685763311
ds003604,Gram,ses-7,parc-mamba-seed1,,11,0.004462769519007227,0.012425444329038925,0.0251491712817176,0.00526669235182757,0.8473571685763311
ds003604,Gram,ses-7,parc-mamba-seed2,,11,0.008063924898190073,0.014758867165153875,0.0335448651795896,0.009516559483102623,0.8473571685763311
ds003604,Gram,ses-7,parc-pythia-seed0,,11,0.035732343761155354,0.011386909845410974,0.0546547073385071,0.04216916441645296,0.8473571685763311
ds003604,Gram,ses-7,parc-pythia-seed1,,11,0.03765614536379342,0.013660872014569324,0.0608685805875763,0.04443951943790194,0.8473571685763311
ds003604,Gram,ses-7,parc-pythia-seed2,,11,0.039114161586303424,0.011575309673762618,0.0513602182104135,0.04616018254972722,0.8473571685763311
ds003604,Gram,ses-7,parc-rwkv-seed0,,11,0.014230099767429063,0.014188227285513942,0.0342513987464504,0.016793508446193307,0.8473571685763311
ds003604,Gram,ses-7,parc-rwkv-seed1,,11,0.011684648147338238,0.01251181758109222,0.0328184031380779,0.01378951943838505,0.8473571685763311
ds003604,Gram,ses-7,parc-rwkv-seed2,,11,0.02342384114693542,0.014877680316879993,0.0499604771215284,0.027643409432990908,0.8473571685763311
ds003604,Gram,ses-7,polypythia-160m-seed1,,11,0.016306075366966457,0.00844379934971732,0.0268511829036929,0.01924345007237356,0.8473571685763311
ds003604,Gram,ses-7,polypythia-160m-seed2,,11,0.024904647270801297,0.008003587591446254,0.0330847184527596,0.029390967816610682,0.8473571685763311
ds003604,Gram,ses-7,polypythia-160m-seed3,,11,0.028615534478720953,0.016769363829202712,0.0508630494025404,0.033770333856735675,0.8473571685763311
ds003604,Gram,ses-7,polypythia-410m-seed1,,11,0.02174967300687291,0.0060818216117768595,0.032176731789776,0.02566765681986871,0.8473571685763311
ds003604,Gram,ses-7,polypythia-410m-seed2,,11,0.011782686193691,0.005541159913493496,0.0198099804036485,0.013905218048119457,0.8473571685763311
ds003604,Gram,ses-7,polypythia-410m-seed3,,11,0.010009310845439517,0.007980276308484479,0.025742952832645,0.011812387050736168,0.8473571685763311
ds003604,Gram,ses-7,polypythia-70m-seed1,,11,0.01540459631030649,0.009563823331075237,0.0373595829294209,0.01817957867305022,0.8473571685763311
ds003604,Gram,ses-7,polypythia-70m-seed2,,11,0.008804229005318418,0.008967830838483787,0.0209343648957268,0.0103902218943998,0.8473571685763311
ds003604,Gram,ses-7,polypythia-70m-seed3,,11,0.019431632708570436,0.0076895812908967945,0.0325331699468193,0.022932044985490677,0.8473571685763311
ds003604,Gram,ses-7,pythia-1.4b-full,1515311488.0,11,0.019206145005229793,0.007138937075016351,0.0341431349112559,0.022665937950933468,0.8473571685763311
ds003604,Gram,ses-7,pythia-160m-full,212654688.0,11,0.021533719589117317,0.01094868112909491,0.0355466695299557,0.025412801576101294,0.8473571685763311
ds003604,Gram,ses-7,pythia-1b-full,1078891008.0,11,0.022390005416009863,0.005687953983515912,0.0291521545802157,0.026423338641989595,0.8473571685763311
ds003604,Gram,ses-7,pythia-2.8b-full,,4,0.023303537335087776,0.001897739799030851,0.0242524072346032,0.027501434105101995,0.8473571685763311
ds003604,Gram,ses-7,pythia-410m-full,505997504.0,11,0.019254731420821156,0.008415186242787864,0.0298645548095566,0.022723276718330684,0.8473571685763311
ds003604,Gram,ses-7,pythia-6.9b-full,,1,0.0459919666866624,,0.0459919666866624,0.05427695473909168,0.8473571685763311
ds003604,Gram,ses-7,pythia-70m-full,95592496.0,11,0.01860789474975759,0.009086707254101357,0.0376615158751459,0.021959918957222303,0.8473571685763311
ds003604,Gram,ses-9,babylm-gpt2,134601216.0,9,0.0019017350637453,0.002061187533035967,0.0046652507221055,0.0022208872385645344,0.856295191724584
ds003604,Gram,ses-9,babylm-gpt2-3,134601216.0,9,0.001531957637289211,0.006783792717817543,0.0093959035861521,0.0017890531817699902,0.856295191724584
ds003604,Gram,ses-9,babylm-gpt2-5,134601216.0,9,-0.0002366168837531778,0.005453351388428017,0.0063031423849208,-0.00027632630200413684,0.856295191724584
ds003604,Gram,ses-9,babylm-gpt2-7,134601216.0,9,0.0015156031644869446,0.006137140689498775,0.0108068932591653,0.0017699540755735297,0.856295191724584
ds003604,Gram,ses-9,parc-mamba-seed0,,11,-0.0019522025168346906,0.008198819221707046,0.0090897940787944,-0.002279824219149173,0.856295191724584
ds003604,Gram,ses-9,parc-mamba-seed1,,11,-0.012415348720191273,0.006831770160488178,-0.0030480947139872,-0.014498912104348831,0.856295191724584
ds003604,Gram,ses-9,parc-mamba-seed2,,11,-0.010038478118366237,0.007799890785135991,0.0008645515040136,-0.011723151333068537,0.856295191724584
ds003604,Gram,ses-9,parc-pythia-seed0,,11,0.0026488860476903274,0.006155905153930385,0.0115572028183935,0.0030934262778650593,0.856295191724584
ds003604,Gram,ses-9,parc-pythia-seed1,,11,0.005773598437235264,0.008405114842087232,0.0203996438215255,0.0067425328239986955,0.856295191724584
ds003604,Gram,ses-9,parc-pythia-seed2,,11,0.007415862407270918,0.005368626015675756,0.0133863874960539,0.008660404121078064,0.856295191724584
ds003604,Gram,ses-9,parc-rwkv-seed0,,11,-0.0075831733416035635,0.006617700899839396,0.0039573754618705,-0.008855793440029722,0.856295191724584
ds003604,Gram,ses-9,parc-rwkv-seed1,,11,-0.011097021663947609,0.004014216063158267,-0.0040201667117856,-0.012959341324337155,0.856295191724584
ds003604,Gram,ses-9,parc-rwkv-seed2,,11,-0.0024423160241974304,0.007057362360149635,0.0077974988249498,-0.0028521893475526704,0.856295191724584
ds003604,Gram,ses-9,polypythia-160m-seed1,,11,-0.0050662584772452465,0.006165151179113008,0.003241166554564,-0.005916485957420559,0.856295191724584
ds003604,Gram,ses-9,polypythia-160m-seed2,,11,0.0007295279682552361,0.008036960383522446,0.0129775756889402,0.0008519585013504071,0.856295191724584
ds003604,Gram,ses-9,polypythia-160m-seed3,,11,0.004291279072103336,0.017122260543663087,0.026377989290809,0.005011448287430731,0.856295191724584
ds003604,Gram,ses-9,polypythia-410m-seed1,,11,0.0006495366814323052,0.0035903840727070837,0.0069736752889202,0.0007585429507365724,0.856295191724584
ds003604,Gram,ses-9,polypythia-410m-seed2,,11,-0.008283086969748282,0.004988586894659345,-0.0028559447465998,-0.009673167676051166,0.856295191724584
ds003604,Gram,ses-9,polypythia-410m-seed3,,11,-0.006791970463470209,0.007821794089794323,0.0044597682178169,-0.007931809648248913,0.856295191724584
ds003604,Gram,ses-9,polypythia-70m-seed1,,11,-0.0061520201025052545,0.007572942705219876,0.0074081394077411,-0.00718446180938497,0.856295191724584
ds003604,Gram,ses-9,polypythia-70m-seed2,,11,-0.009101789250364535,0.005161139344946397,-0.0013336919044943,-0.010629265863368303,0.856295191724584
ds003604,Gram,ses-9,polypythia-70m-seed3,,11,-0.0019509641063081638,0.0045313153695806675,0.0049422519753067,-0.002278377976616813,0.856295191724584
ds003604,Gram,ses-9,pythia-1.4b-full,1515311488.0,11,-0.003918187195234382,0.0056159937069240815,0.0048839965146052,-0.004575743543932704,0.856295191724584
ds003604,Gram,ses-9,pythia-160m-full,212654688.0,11,-0.0040438649120137634,0.00782984199126524,0.0057077464739013,-0.004722512693162966,0.856295191724584
ds003604,Gram,ses-9,pythia-1b-full,1078891008.0,11,-0.00320329204575099,0.004161222980177688,0.0039503034393752,-0.0037408735640562683,0.856295191724584
ds003604,Gram,ses-9,pythia-2.8b-full,,4,-0.003736194604097675,0.0009537546372074501,-0.0023055626482865,-0.00436320866939934,0.856295191724584
ds003604,Gram,ses-9,pythia-410m-full,505997504.0,11,-0.0025591482044391724,0.009113868406510298,0.0102597485371227,-0.0029886284883662976,0.856295191724584
ds003604,Gram,ses-9,pythia-6.9b-full,,1,0.0200006545083242,,0.0200006545083242,0.023357195861444406,0.856295191724584
ds003604,Gram,ses-9,pythia-70m-full,95592496.0,11,-0.004062230569631555,0.004981669951747076,0.0039937375163343,-0.004743960504379565,0.856295191724584
ds003604,Phon,ses-5,babylm-gpt2,134601216.0,9,-0.007588522419769889,0.003045419980096198,-0.0022834654103163,-0.008867976752417345,0.8557219568377097
ds003604,Phon,ses-5,babylm-gpt2-3,134601216.0,9,-0.007314921287219133,0.0037942328391580658,-0.0034058234255609,-0.008548245407014175,0.8557219568377097
ds003604,Phon,ses-5,babylm-gpt2-5,134601216.0,9,-0.004444620969237288,0.006438322269652372,0.0034812755579807,-0.0051940013151727795,0.8557219568377097
ds003604,Phon,ses-5,babylm-gpt2-7,134601216.0,9,-0.003356174829488909,0.004506717383841026,0.0020596083703331,-0.003922038931771173,0.8557219568377097
ds003604,Phon,ses-5,parc-mamba-seed0,,11,-0.012527114262677464,0.00749975349691343,-0.0024682913717799,-0.014639234347767554,0.8557219568377097
ds003604,Phon,ses-5,parc-mamba-seed1,,11,-0.009848448321401944,0.009902069472652472,0.0039046068914329,-0.011508934932319066,0.8557219568377097
ds003604,Phon,ses-5,parc-mamba-seed2,,11,-0.0101714578134775,0.008984064858327888,0.0070626748797788,-0.011886405078427302,0.8557219568377097
ds003604,Phon,ses-5,parc-pythia-seed0,,11,-0.014312561275161445,0.014249193003468878,0.0066807640333979,-0.016725714656257048,0.8557219568377097
ds003604,Phon,ses-5,parc-pythia-seed1,,11,-0.008655897877685819,0.006421202589586537,-0.0003833157467474,-0.01011531585524974,0.8557219568377097
ds003604,Phon,ses-5,parc-pythia-seed2,,11,-0.008530113531912735,0.025088502748762846,0.0280823356842993,-0.009968323780583438,0.8557219568377097
ds003604,Phon,ses-5,parc-rwkv-seed0,,11,-0.0081536796737683,0.01010268781107828,0.0043030294491801,-0.009528421712935749,0.8557219568377097
ds003604,Phon,ses-5,parc-rwkv-seed1,,11,-0.0099198532563046,0.005346066995936127,-0.0002615241794258,-0.011592379016384092,0.8557219568377097
ds003604,Phon,ses-5,parc-rwkv-seed2,,11,-0.010176377153282045,0.0070058460861910634,-0.0023658062255561,-0.0118921538380159,0.8557219568377097
ds003604,Phon,ses-5,polypythia-160m-seed1,,11,-0.011236028464700308,0.003973439161243426,-0.0057979318292829,-0.01313046647327206,0.8557219568377097
ds003604,Phon,ses-5,polypythia-160m-seed2,,11,0.0035720084072256362,0.019984854064528188,0.0310993739530415,0.004174262888410468,0.8557219568377097
ds003604,Phon,ses-5,polypythia-160m-seed3,,11,-0.001998238690031609,0.013600516209312127,0.0143204289785298,-0.002335149488761548,0.8557219568377097
ds003604,Phon,ses-5,polypythia-410m-seed1,,11,-0.005833155533082291,0.009335423245302548,0.0054807628160571,-0.006816648195680886,0.8557219568377097
ds003604,Phon,ses-5,polypythia-410m-seed2,,11,-0.006641984602225954,0.004719298126468349,-0.0010135346484415,-0.007761848985120324,0.8557219568377097
ds003604,Phon,ses-5,polypythia-410m-seed3,,11,-0.008282493783052082,0.0067031681337755954,0.0015695978065962,-0.009678954380999812,0.8557219568377097
ds003604,Phon,ses-5,polypythia-70m-seed1,,11,0.004069142838219627,0.004725449985151313,0.0088596559903473,0.004755216113954819,0.8557219568377097
ds003604,Phon,ses-5,polypythia-70m-seed2,,11,-0.018352612059830437,0.014279379004229788,-0.0028894963112759,-0.02144693368352013,0.8557219568377097
ds003604,Phon,ses-5,polypythia-70m-seed3,,11,-0.004691717069786464,0.012745153529455728,0.0147905603817356,-0.005482758777307222,0.8557219568377097
ds003604,Phon,ses-5,pythia-1.4b-full,1515311488.0,11,-0.021837558193583854,0.019693953985016492,-0.000905437805562,-0.025519455261243714,0.8557219568377097
ds003604,Phon,ses-5,pythia-160m-full,212654688.0,11,-0.012394761411563754,0.009615769902199048,-0.0008581505120497,-0.014484566292266425,0.8557219568377097
ds003604,Phon,ses-5,pythia-1b-full,1078891008.0,11,-0.014417962512417953,0.014691041773524515,0.0144430462392126,-0.016848886951199692,0.8557219568377097
ds003604,Phon,ses-5,pythia-2.8b-full,,4,0.0057930470158603,0.0041151328282454,0.007850613429983,0.006769777226785557,0.8557219568377097
ds003604,Phon,ses-5,pythia-410m-full,505997504.0,11,-0.0050502477086452995,0.009225573936953554,0.0038568359672574,-0.005901739073411546,0.8557219568377097
ds003604,Phon,ses-5,pythia-6.9b-full,,1,0.0062236317313326,,0.0062236317313326,0.0072729601964776165,0.8557219568377097
ds003604,Phon,ses-5,pythia-70m-full,95592496.0,11,-0.014130239309333601,0.011657743347950618,0.0082810871188023,-0.01651265249936019,0.8557219568377097
ds003604,Phon,ses-7,babylm-gpt2,134601216.0,9,-0.005293647334098577,0.003495941385345132,0.0024653658733697,-0.006257073077989728,0.8460261320456435
ds003604,Phon,ses-7,babylm-gpt2-3,134601216.0,9,-0.005877321275824399,0.0019314546731571587,-0.0021974826334103,-0.006946973684622919,0.8460261320456435
ds003604,Phon,ses-7,babylm-gpt2-5,134601216.0,9,-0.003712641848311578,0.0032232981307673877,0.0011211909778045,-0.004388329990865198,0.8460261320456435
ds003604,Phon,ses-7,babylm-gpt2-7,134601216.0,9,-0.0023003643775380556,0.0021469053275539186,0.0009609604741126,-0.002719022841500066,0.8460261320456435
ds003604,Phon,ses-7,parc-mamba-seed0,,11,-0.013998004181096473,0.008735847935451842,-0.0011952978552442,-0.016545593157093256,0.8460261320456435
ds003604,Phon,ses-7,parc-mamba-seed1,,11,-0.008278052455615881,0.008364543093836692,0.0015441292266018,-0.009784629743764555,0.8460261320456435
ds003604,Phon,ses-7,parc-mamba-seed2,,11,-0.00851911696092501,0.009392662660197637,0.0118767812120022,-0.010069567166118456,0.8460261320456435
ds003604,Phon,ses-7,parc-pythia-seed0,,11,-0.0147917749133661,0.013689064231104286,0.0043811181951265,-0.01748382745294217,0.8460261320456435
ds003604,Phon,ses-7,parc-pythia-seed1,,11,-0.008463394320273772,0.008032424182768491,0.0020373556108707,-0.010003703195088977,0.8460261320456435
ds003604,Phon,ses-7,parc-pythia-seed2,,11,-0.008356855247644882,0.025623400023860984,0.0327916271071336,-0.009877774374933876,0.8460261320456435
ds003604,Phon,ses-7,parc-rwkv-seed0,,11,-0.009682839868253173,0.009991873881457456,0.0029248768047,-0.01144508366998146,0.8460261320456435
ds003604,Phon,ses-7,parc-rwkv-seed1,,11,-0.005819060407136026,0.005401184512999704,0.0035184231358043,-0.006878109536718289,0.8460261320456435
ds003604,Phon,ses-7,parc-rwkv-seed2,,11,-0.009611463155482928,0.007902672566338169,-0.0004872769366299,-0.011360716639145592,0.8460261320456435
ds003604,Phon,ses-7,polypythia-160m-seed1,,11,-0.012760686902414454,0.007333554432403807,-0.0028221351114528,-0.015083088357518974,0.8460261320456435
ds003604,Phon,ses-7,polypythia-160m-seed2,,11,0.006750189760604591,0.018906763821208487,0.0315849908795197,0.007978701253923462,0.8460261320456435
ds003604,Phon,ses-7,polypythia-160m-seed3,,11,-0.0035497859604240183,0.009998893845437245,0.00937357788646,-0.0041958348873229676,0.8460261320456435
ds003604,Phon,ses-7,polypythia-410m-seed1,,11,-0.004133532678667317,0.008851705546273046,0.0095193576784026,-0.004885821515551379,0.8460261320456435
ds003604,Phon,ses-7,polypythia-410m-seed2,,11,-0.0005577315304197452,0.008560220631894766,0.0129700135945848,-0.0006592367650289734,0.8460261320456435
ds003604,Phon,ses-7,polypythia-410m-seed3,,11,-0.008835150686609764,0.0056176124662471105,-0.0006009883506416,-0.010443117951034052,0.8460261320456435
ds003604,Phon,ses-7,polypythia-70m-seed1,,11,0.004262514879494609,0.005615192059035427,0.008888234753864,0.005038278036622921,0.8460261320456435
ds003604,Phon,ses-7,polypythia-70m-seed2,,11,-0.012995492692549846,0.008151247403935781,-0.002344347540214,-0.015360627999902883,0.8460261320456435
ds003604,Phon,ses-7,polypythia-70m-seed3,,11,-0.002722377451409118,0.011507887373850726,0.0127469621266276,-0.0032178408541903587,0.8460261320456435
ds003604,Phon,ses-7,pythia-1.4b-full,1515311488.0,11,-0.0202157453915574,0.019551811153136388,-0.0008656845148335,-0.0238949420423656,0.8460261320456435
ds003604,Phon,ses-7,pythia-160m-full,212654688.0,11,-0.011919774821641548,0.01104310436592123,0.0018278019657186,-0.014089133148665518,0.8460261320456435
ds003604,Phon,ses-7,pythia-1b-full,1078891008.0,11,-0.011690294456438755,0.01251763078584146,0.0123492229756572,-0.013817888140372547,0.8460261320456435
ds003604,Phon,ses-7,pythia-2.8b-full,,4,0.004748118593180436,0.0031878888849999265,0.0063420630356804,0.005612259968495008,0.8460261320456435
ds003604,Phon,ses-7,pythia-410m-full,505997504.0,11,-0.0063977322372012,0.006357812628324271,-0.0003938938200951,-0.007562097664444294,0.8460261320456435
ds003604,Phon,ses-7,pythia-6.9b-full,,1,0.0033747654261033,,0.0033747654261033,0.003988961213223174,0.8460261320456435
ds003604,Phon,ses-7,pythia-70m-full,95592496.0,11,-0.0103941001258432,0.010839909480710485,0.0090294204138153,-0.012285790866424956,0.8460261320456435
ds003604,Phon,ses-9,babylm-gpt2,134601216.0,9,-0.006880996150645222,0.0026437084949139777,-0.0010768572088479,-0.00787797621183061,0.8734471856251366
ds003604,Phon,ses-9,babylm-gpt2-3,134601216.0,9,-0.005167220274263338,0.005150074677361854,5.560243527226076e-05,-0.005915893209461882,0.8734471856251366
ds003604,Phon,ses-9,babylm-gpt2-5,134601216.0,9,-0.0027423846785767664,0.007387802601646388,0.0057945694104518,-0.003139725817095637,0.8734471856251366
ds003604,Phon,ses-9,babylm-gpt2-7,134601216.0,9,-0.0008379425433509553,0.005669025474829971,0.0051691257327655,-0.0009593511286560847,0.8734471856251366
ds003604,Phon,ses-9,parc-mamba-seed0,,11,-0.01034080609114989,0.010259313837464572,0.0024300105316146,-0.011839074258106234,0.8734471856251366
ds003604,Phon,ses-9,parc-mamba-seed1,,11,-0.007572240441497791,0.011912042370550328,0.0153079294937348,-0.008669374137462299,0.8734471856251366
ds003604,Phon,ses-9,parc-mamba-seed2,,11,-0.010607179708339255,0.008438467102924764,0.0034930594742005,-0.012144042459473458,0.8734471856251366
ds003604,Phon,ses-9,parc-pythia-seed0,,11,-0.013814521972045735,0.015093528694971214,0.0124940247269866,-0.015816093061377854,0.8734471856251366
ds003604,Phon,ses-9,parc-pythia-seed1,,11,-0.005753118676048673,0.00804190470004849,0.0052124261274373,-0.006586681794539296,0.8734471856251366
ds003604,Phon,ses-9,parc-pythia-seed2,,11,-0.00624042788520969,0.025423090375107007,0.0324403768638406,-0.007144596705916845,0.8734471856251366
ds003604,Phon,ses-9,parc-rwkv-seed0,,11,-0.010017374051035692,0.010536983395171147,0.004811040703086,-0.011468780500868107,0.8734471856251366
ds003604,Phon,ses-9,parc-rwkv-seed1,,11,-0.007183703665576191,0.005769936412910795,0.0044872316492533,-0.008224542689933483,0.8734471856251366
ds003604,Phon,ses-9,parc-rwkv-seed2,,11,-0.009122149129653864,0.00888252647310063,0.0049140123544494,-0.010443847412622932,0.8734471856251366
ds003604,Phon,ses-9,polypythia-160m-seed1,,11,-0.008688211631379391,0.004284008242269429,-0.0010733395682883,-0.009947037181373632,0.8734471856251366
ds003604,Phon,ses-9,polypythia-160m-seed2,,11,0.0019007137142438631,0.01637421299308055,0.0231654531651113,0.002176106060589685,0.8734471856251366
ds003604,Phon,ses-9,polypythia-160m-seed3,,11,0.0008479046367193727,0.01518618782028088,0.0188863652303098,0.0009707566189162516,0.8734471856251366
ds003604,Phon,ses-9,polypythia-410m-seed1,,11,-0.004471794730764591,0.009778018606759037,0.0073831926580726,-0.005119708214027931,0.8734471856251366
ds003604,Phon,ses-9,polypythia-410m-seed2,,11,-0.008490209984460538,0.005140235311869294,-0.0003062388165125,-0.009720347290814146,0.8734471856251366
ds003604,Phon,ses-9,polypythia-410m-seed3,,11,-0.007214503811430118,0.004774158885162292,-0.0014521898158657,-0.008259805435478747,0.8734471856251366
ds003604,Phon,ses-9,polypythia-70m-seed1,,11,0.0015404378762039,0.004611199987630873,0.0095376501279316,0.0017636302475476982,0.8734471856251366
ds003604,Phon,ses-9,polypythia-70m-seed2,,11,-0.0161192738604331,0.010750693672857515,-0.005148273561955,-0.01845477794847589,0.8734471856251366
ds003604,Phon,ses-9,polypythia-70m-seed3,,11,-0.003410120571871419,0.013607309636083476,0.0180271569109253,-0.0039042092389716208,0.8734471856251366
ds003604,Phon,ses-9,pythia-1.4b-full,1515311488.0,11,-0.0192325731192718,0.01841241295422136,0.0011425131255152,-0.02201915975664495,0.8734471856251366
ds003604,Phon,ses-9,pythia-160m-full,212654688.0,11,-0.011583041664372308,0.008764547864562357,-0.0022373358121955,-0.013261295994768347,0.8734471856251366
ds003604,Phon,ses-9,pythia-1b-full,1078891008.0,11,-0.015542170253260172,0.016405858622297143,0.0131010322313212,-0.017794058426253277,0.8734471856251366
ds003604,Phon,ses-9,pythia-2.8b-full,,4,0.003087131838088875,0.0031261796245028502,0.0046502216503403,0.003534423018238221,0.8734471856251366
ds003604,Phon,ses-9,pythia-410m-full,505997504.0,11,-0.0018436292903729545,0.012523537538400902,0.0121102979301063,-0.002110750736523865,0.8734471856251366
ds003604,Phon,ses-9,pythia-6.9b-full,,1,0.0080985837343129,,0.0080985837343129,0.009271978738493097,0.8734471856251366
ds003604,Phon,ses-9,pythia-70m-full,95592496.0,11,-0.014144115844411375,0.010890491203604176,0.003653553711107,-0.01619344143205208,0.8734471856251366
ds003604,Plaus,ses-5,babylm-gpt2,134601216.0,9,-0.009751430690113867,0.0035745552680309842,-0.002033960628906,-0.011639699292904628,0.8377734204919007
ds003604,Plaus,ses-5,babylm-gpt2-3,134601216.0,9,-0.00047358397833063343,0.004800771867750848,0.0059716792008328,-0.000565288855849076,0.8377734204919007
ds003604,Plaus,ses-5,babylm-gpt2-5,134601216.0,9,-0.0018921299337773558,0.005786604013689389,0.0065751122879685,-0.0022585222776181977,0.8377734204919007
ds003604,Plaus,ses-5,babylm-gpt2-7,134601216.0,9,-0.0029444986733222,0.004147555323328955,0.0051096174036371,-0.003514671868669849,0.8377734204919007
ds003604,Plaus,ses-5,parc-mamba-seed0,,11,0.001569506318773564,0.014529760817397937,0.0252461995169135,0.0018734257740619464,0.8377734204919007
ds003604,Plaus,ses-5,parc-mamba-seed1,,11,-0.0035229815753860636,0.017120666861891575,0.0233654851575954,-0.004205172292667792,0.8377734204919007
ds003604,Plaus,ses-5,parc-mamba-seed2,,11,-0.0029406069756199265,0.01895867809174013,0.0306705706120752,-0.0035100265820003475,0.8377734204919007
ds003604,Plaus,ses-5,parc-pythia-seed0,,11,-5.413545872343642e-05,0.011380628738060665,0.0193417056117964,-6.461825763301344e-05,0.8377734204919007
ds003604,Plaus,ses-5,parc-pythia-seed1,,11,-0.0025357995920594002,0.010083738551435363,0.0094893893180357,-0.0030268322317632125,0.8377734204919007
ds003604,Plaus,ses-5,parc-pythia-seed2,,11,-0.0021171548643837456,0.014686890376249642,0.0262075401317394,-0.0025271210718772305,0.8377734204919007
ds003604,Plaus,ses-5,parc-rwkv-seed0,,11,0.008304610328297263,0.016898634075377884,0.029563710366682,0.009912716404181444,0.8377734204919007
ds003604,Plaus,ses-5,parc-rwkv-seed1,,11,-0.004344785685831027,0.01378158449615109,0.0235102517086559,-0.0051861106828621694,0.8377734204919007
ds003604,Plaus,ses-5,parc-rwkv-seed2,,11,0.0012424189830321185,0.013008769305898105,0.0189999373569855,0.0014830011941685012,0.8377734204919007
ds003604,Plaus,ses-5,polypythia-160m-seed1,,11,0.0007320836777310148,0.015209721335904217,0.0156967142378299,0.0008738444785001295,0.8377734204919007
ds003604,Plaus,ses-5,polypythia-160m-seed2,,11,0.0011270447631417998,0.013819083736893202,0.0179766884130456,0.0013452858918346355,0.8377734204919007
ds003604,Plaus,ses-5,polypythia-160m-seed3,,11,-0.001738215407770536,0.013325799313640327,0.0151728998323483,-0.002074803718110249,0.8377734204919007
ds003604,Plaus,ses-5,polypythia-410m-seed1,,11,0.00028777463786500905,0.02079749205641431,0.02715174169572,0.0003434993648951541,0.8377734204919007
ds003604,Plaus,ses-5,polypythia-410m-seed2,,11,0.006851730115893091,0.02012718535084171,0.0333396207176738,0.008178500234431025,0.8377734204919007
ds003604,Plaus,ses-5,polypythia-410m-seed3,,11,0.003759899050479036,0.02499387421189089,0.0361640216038385,0.004487966505635142,0.8377734204919007
ds003604,Plaus,ses-5,polypythia-70m-seed1,,11,0.0016237290269121908,0.013501246837516606,0.0185046209515775,0.0019381481761009012,0.8377734204919007
ds003604,Plaus,ses-5,polypythia-70m-seed2,,11,-0.00040313646381359984,0.010481025005403845,0.0100891652087157,-0.00048119987332242775,0.8377734204919007
ds003604,Plaus,ses-5,polypythia-70m-seed3,,11,0.007004278095065781,0.013592382751548901,0.0229063511928609,0.008360587628756714,0.8377734204919007
ds003604,Plaus,ses-5,pythia-1.4b-full,1515311488.0,11,-0.0006538932503139727,0.013088482088288934,0.0201121016192502,-0.0007805132441776895,0.8377734204919007
ds003604,Plaus,ses-5,pythia-160m-full,212654688.0,11,-0.0111182184519685,0.005094973393037524,-0.003244957920357,-0.013271152056173387,0.8377734204919007
ds003604,Plaus,ses-5,pythia-1b-full,1078891008.0,11,0.0013672661089865273,0.010765261209130595,0.0124853278661203,0.0016320237376159943,0.8377734204919007
ds003604,Plaus,ses-5,pythia-2.8b-full,,4,-0.0026604708420787998,0.003044561948772,-0.0011381898676928,-0.0031756448426314334,0.8377734204919007
ds003604,Plaus,ses-5,pythia-410m-full,505997504.0,11,-0.005257438766239436,0.017527073866948996,0.0167706726992519,-0.0062754900521342855,0.8377734204919007
ds003604,Plaus,ses-5,pythia-6.9b-full,,1,0.0059121707716415,,0.0059121707716415,0.007057004468069845,0.8377734204919007
ds003604,Plaus,ses-5,pythia-70m-full,95592496.0,11,-0.0016397888211810542,0.012941741471077474,0.0135290030096725,-0.0019573177915076945,0.8377734204919007
ds003604,Plaus,ses-7,babylm-gpt2,134601216.0,9,-0.004752607704452111,0.0044374380656491555,0.0056292509194427,-0.005617358165338866,0.8460574463236867
ds003604,Plaus,ses-7,babylm-gpt2-3,134601216.0,9,0.004530816171814189,0.003919582709969241,0.0104855858283118,0.005355211033838922,0.8460574463236867
ds003604,Plaus,ses-7,babylm-gpt2-5,134601216.0,9,0.0027174281302843554,0.005405115303362982,0.0104320652468084,0.0032118718913144765,0.8460574463236867
ds003604,Plaus,ses-7,babylm-gpt2-7,134601216.0,9,0.0020408537589513558,0.004326170910104023,0.0102576039917455,0.0024121928928340884,0.8460574463236867
ds003604,Plaus,ses-7,parc-mamba-seed0,,11,-0.00044294895230841835,0.009782141803602576,0.0125917998914537,-0.000523544771378271,0.8460574463236867
ds003604,Plaus,ses-7,parc-mamba-seed1,,11,-0.007208212537013919,0.013713324506683942,0.0122124209417323,-0.008519767266791696,0.8460574463236867
ds003604,Plaus,ses-7,parc-mamba-seed2,,11,-0.004001588586595309,0.014126200860952363,0.0180621824132661,-0.0047296889874122935,0.8460574463236867
ds003604,Plaus,ses-7,parc-pythia-seed0,,11,-0.004373782197782837,0.008510692770162013,0.0131321495857621,-0.005169604282531785,0.8460574463236867
ds003604,Plaus,ses-7,parc-pythia-seed1,,11,-0.004754212468529554,0.008881125009609463,0.0051040926565653,-0.005619254920794913,0.8460574463236867
ds003604,Plaus,ses-7,parc-pythia-seed2,,11,-0.004982579304206273,0.011533126672955071,0.0130177702256069,-0.0058891737503838784,0.8460574463236867
ds003604,Plaus,ses-7,parc-rwkv-seed0,,11,0.0043527258744349,0.012780585068204264,0.0225337824190245,0.005144716701387702,0.8460574463236867
ds003604,Plaus,ses-7,parc-rwkv-seed1,,11,-0.0053689480436032635,0.012426921778498981,0.017689061813929,-0.006345843378523021,0.8460574463236867
ds003604,Plaus,ses-7,parc-rwkv-seed2,,11,0.0015796122995118912,0.007894562613956347,0.0101925989477629,0.0018670272407336737,0.8460574463236867
ds003604,Plaus,ses-7,polypythia-160m-seed1,,11,-0.0010594192857654636,0.014527610552120764,0.0138645929828971,-0.0012521836317012315,0.8460574463236867
ds003604,Plaus,ses-7,polypythia-160m-seed2,,11,3.212106400705456e-05,0.010277649619662248,0.0160586576657507,3.796558277056504e-05,0.8460574463236867
ds003604,Plaus,ses-7,polypythia-160m-seed3,,11,-0.004345634769203937,0.010913852579081196,0.0091136783848777,-0.005136335349433676,0.8460574463236867
ds003604,Plaus,ses-7,polypythia-410m-seed1,,11,0.003102499593396346,0.021566156127562512,0.0311785292315033,0.0036670082000665755,0.8460574463236867
ds003604,Plaus,ses-7,polypythia-410m-seed2,,11,0.0089051878906049,0.02195827345872514,0.0383120878441709,0.01052551210239917,0.8460574463236867
ds003604,Plaus,ses-7,polypythia-410m-seed3,,11,0.00208336701194369,0.023098062437394803,0.0318811091309532,0.002462441552871377,0.8460574463236867
ds003604,Plaus,ses-7,polypythia-70m-seed1,,11,-0.001313775233597514,0.007768269812774834,0.0078157523469043,-0.0015528203661656402,0.8460574463236867
ds003604,Plaus,ses-7,polypythia-70m-seed2,,11,-0.0009925832828042182,0.008075748873612806,0.0121478854904306,-0.0011731866283042833,0.8460574463236867
ds003604,Plaus,ses-7,polypythia-70m-seed3,,11,0.004660418068478217,0.01023181534610277,0.0172717518941045,0.005508394363442815,0.8460574463236867
ds003604,Plaus,ses-7,pythia-1.4b-full,1515311488.0,11,-0.007148294320828671,0.008912517036145831,0.0078863492226274,-0.008448946761109006,0.8460574463236867
ds003604,Plaus,ses-7,pythia-160m-full,212654688.0,11,-0.013087563265680856,0.003043846568697211,-0.0064986379296576,-0.015468882547573231,0.8460574463236867
ds003604,Plaus,ses-7,pythia-1b-full,1078891008.0,11,-0.0038029925891345,0.005234417781686493,0.0031456120180582,-0.004494957884549534,0.8460574463236867
ds003604,Plaus,ses-7,pythia-2.8b-full,,4,-0.0059349281634915,0.0025887075587288,-0.0046405743841271,-0.007014805187614766,0.8460574463236867
ds003604,Plaus,ses-7,pythia-410m-full,505997504.0,11,-0.008690721352398028,0.014210228497871217,0.0136227700643603,-0.010272022768857128,0.8460574463236867
ds003604,Plaus,ses-7,pythia-6.9b-full,,1,0.0098994324534235,,0.0098994324534235,0.01170066228533157,0.8460574463236867
ds003604,Plaus,ses-7,pythia-70m-full,95592496.0,11,-0.0010229809003588638,0.010889416505973805,0.0115758523562957,-0.0012091151786488613,0.8460574463236867
ds003604,Plaus,ses-9,babylm-gpt2,134601216.0,9,0.002776946898689822,0.004307655536676683,0.0118735027033309,0.0032399229849250184,0.8571027495439336
ds003604,Plaus,ses-9,babylm-gpt2-3,134601216.0,9,0.010618886671746555,0.0025665809559758885,0.014445840520883,0.01238928083872895,0.8571027495439336
ds003604,Plaus,ses-9,babylm-gpt2-5,134601216.0,9,0.009101297777021001,0.004238673546860618,0.0152784240162334,0.010618677611131014,0.8571027495439336
ds003604,Plaus,ses-9,babylm-gpt2-7,134601216.0,9,0.007707491877965655,0.0036694736425952595,0.0144711011446857,0.008992494636222821,0.8571027495439336
ds003604,Plaus,ses-9,parc-mamba-seed0,,11,0.004000656680214991,0.0109339486833856,0.0218759306814334,0.004667651203246927,0.8571027495439336
ds003604,Plaus,ses-9,parc-mamba-seed1,,11,-0.0023044233892938184,0.013095140431037636,0.0149729485671961,-0.002688619760606307,0.8571027495439336
ds003604,Plaus,ses-9,parc-mamba-seed2,,11,-0.0011690374050051361,0.012373290173637138,0.0148841284658205,-0.0013639407942947145,0.8571027495439336
ds003604,Plaus,ses-9,parc-pythia-seed0,,11,0.002451945526731591,0.006738565592530462,0.0142555754162843,0.0028607369746932636,0.8571027495439336
ds003604,Plaus,ses-9,parc-pythia-seed1,,11,0.0033246541133293184,0.008635898863487916,0.0109822222868783,0.00387894463656589,0.8571027495439336
ds003604,Plaus,ses-9,parc-pythia-seed2,,11,0.002804601957714273,0.012842173970858498,0.0214192312409666,0.003272188730238712,0.8571027495439336
ds003604,Plaus,ses-9,parc-rwkv-seed0,,11,0.010486398516776445,0.010656558186429155,0.0277072958055889,0.012234704091611282,0.8571027495439336
ds003604,Plaus,ses-9,parc-rwkv-seed1,,11,-0.0006269649527967,0.01169218563651344,0.0181675940680295,-0.0007314933397778851,0.8571027495439336
ds003604,Plaus,ses-9,parc-rwkv-seed2,,11,0.005852992454104455,0.0063665568824368725,0.0147526641553593,0.006828810731524132,0.8571027495439336
ds003604,Plaus,ses-9,polypythia-160m-seed1,,11,0.005585282132426209,0.012684781737678234,0.0191884560961761,0.006516467407668627,0.8571027495439336
ds003604,Plaus,ses-9,polypythia-160m-seed2,,11,0.009028765129355337,0.010015097028293481,0.0231251965303528,0.010534052229046707,0.8571027495439336
ds003604,Plaus,ses-9,polypythia-160m-seed3,,11,0.002363927883900482,0.00957151249704385,0.0148954852510271,0.0027580449195365817,0.8571027495439336
ds003604,Plaus,ses-9,polypythia-410m-seed1,,11,0.00699358153316769,0.017497837251573337,0.0288733896494339,0.008159560259127615,0.8571027495439336
ds003604,Plaus,ses-9,polypythia-410m-seed2,,11,0.012628979159154664,0.01912480580485968,0.0385481458092415,0.01473449847859498,0.8571027495439336
ds003604,Plaus,ses-9,polypythia-410m-seed3,,11,0.00390845185237251,0.01804144719949485,0.0279315360488583,0.004560073870317421,0.8571027495439336
ds003604,Plaus,ses-9,polypythia-70m-seed1,,11,0.0040854711776620095,0.006562120797573026,0.0100256966200487,0.004766606080584735,0.8571027495439336
ds003604,Plaus,ses-9,polypythia-70m-seed2,,11,0.006104656949289408,0.007009004157317825,0.0133411486251043,0.0071224330484737225,0.8571027495439336
ds003604,Plaus,ses-9,polypythia-70m-seed3,,11,0.014463109413022573,0.011064529498857563,0.0282868424226197,0.016874417239611503,0.8571027495439336
ds003604,Plaus,ses-9,pythia-1.4b-full,1515311488.0,11,-0.0008031489657596545,0.006785243455566642,0.0108515608284201,-0.0009370509733949775,0.8571027495439336
ds003604,Plaus,ses-9,pythia-160m-full,212654688.0,11,-0.0034293795765253277,0.0028771138948642007,0.0008317817253582,-0.004001130060952562,0.8571027495439336
ds003604,Plaus,ses-9,pythia-1b-full,1078891008.0,11,0.0031398789347279843,0.005826770339934685,0.0111368892366279,0.00366336350734929,0.8571027495439336
ds003604,Plaus,ses-9,pythia-2.8b-full,,4,-0.001578317771971375,0.00188070894926415,-0.0006379632973393,-0.0018414568997838373,0.8571027495439336
ds003604,Plaus,ses-9,pythia-410m-full,505997504.0,11,-0.001528408598194564,0.015481025575956436,0.020107109221485,-0.0017832268056634211,0.8571027495439336
ds003604,Plaus,ses-9,pythia-6.9b-full,,1,0.0123817815979515,,0.0123817815979515,0.014446087828489496,0.8571027495439336
ds003604,Plaus,ses-9,pythia-70m-full,95592496.0,11,0.0063229817412287816,0.00957772886147207,0.0177881869860276,0.007377157224840611,0.8571027495439336
ds003604,Sem,ses-5,babylm-gpt2,134601216.0,9,-0.007738310429586757,0.0037143558313386714,-0.0001535804024174,-0.009006458957481074,0.859195657929363
ds003604,Sem,ses-5,babylm-gpt2-3,134601216.0,9,-0.0153237290535598,0.004142726495702592,-0.0106262452613761,-0.017834970314549246,0.859195657929363
ds003604,Sem,ses-5,babylm-gpt2-5,134601216.0,9,-0.014851754072942178,0.0035209793090754562,-0.0095848835250104,-0.01728564842696538,0.859195657929363
ds003604,Sem,ses-5,babylm-gpt2-7,134601216.0,9,-0.014446884224203612,0.004199423395735847,-0.0086584160497168,-0.016814428810103848,0.859195657929363
ds003604,Sem,ses-5,parc-mamba-seed0,,11,-0.007266266599451037,0.008914847416603986,0.006709643179704,-0.008457056937371555,0.859195657929363
ds003604,Sem,ses-5,parc-mamba-seed1,,11,-0.011060729302150737,0.009130194516413153,0.0035085449974729,-0.012873353350978027,0.859195657929363
ds003604,Sem,ses-5,parc-mamba-seed2,,11,-0.008741766590139853,0.007459095028591585,0.0042712147437962,-0.010174360763422922,0.859195657929363
ds003604,Sem,ses-5,parc-pythia-seed0,,11,0.0051264921513019725,0.010965118958774316,0.0202608953158397,0.005966617852395426,0.859195657929363
ds003604,Sem,ses-5,parc-pythia-seed1,,11,-0.003582502271479064,0.014079315010247303,0.0126711169095529,-0.004169600065383002,0.859195657929363
ds003604,Sem,ses-5,parc-pythia-seed2,,11,-0.00025486467077387274,0.010465854826793191,0.0145692393486032,-0.0002966317024786755,0.859195657929363
ds003604,Sem,ses-5,parc-rwkv-seed0,,11,0.0003353984202597999,0.009377366269606292,0.0206441370448185,0.0003903632626218114,0.859195657929363
ds003604,Sem,ses-5,parc-rwkv-seed1,,11,-0.0009880730586512459,0.009059917689471009,0.0160534623300633,-0.001149997732801017,0.859195657929363
ds003604,Sem,ses-5,parc-rwkv-seed2,,11,-0.0038798191050549184,0.006446376489222534,0.0070879055968467,-0.004515640959365613,0.859195657929363
ds003604,Sem,ses-5,polypythia-160m-seed1,,11,0.007785934900638809,0.01469557272657413,0.024744149408301,0.009061888091244188,0.859195657929363
ds003604,Sem,ses-5,polypythia-160m-seed2,,11,0.0005512022224853271,0.009524494194442857,0.0181487537324672,0.000641532830617078,0.859195657929363
ds003604,Sem,ses-5,polypythia-160m-seed3,,11,-0.0006121532091598731,0.007544416261186747,0.0169846849080295,-0.0007124724194197448,0.859195657929363
ds003604,Sem,ses-5,polypythia-410m-seed1,,11,-0.0026956948624163005,0.010485311602102506,0.0092320286052374,-0.0031374633211169243,0.859195657929363
ds003604,Sem,ses-5,polypythia-410m-seed2,,11,-0.006269919099013274,0.010171147940861016,0.0052501184185488,-0.007297428753450173,0.859195657929363
ds003604,Sem,ses-5,polypythia-410m-seed3,,11,-0.005926422559965691,0.003967828447147488,-0.0006479493910764,-0.006897640258387944,0.859195657929363
ds003604,Sem,ses-5,polypythia-70m-seed1,,11,-0.005647062646121936,0.010373934948991118,0.0082336956255186,-0.006572499050718198,0.859195657929363
ds003604,Sem,ses-5,polypythia-70m-seed2,,11,0.0031429929272451637,0.006532835625180069,0.0148164242022423,0.003658064258401499,0.859195657929363
ds003604,Sem,ses-5,polypythia-70m-seed3,,11,-0.012219706514183665,0.008737565857734868,0.0038804117045073,-0.014222262882045757,0.859195657929363
ds003604,Sem,ses-5,pythia-1.4b-full,1515311488.0,11,-0.005866430864478445,0.006444124628910319,0.0056421179586613,-0.006827817168695168,0.859195657929363
ds003604,Sem,ses-5,pythia-160m-full,212654688.0,11,-0.0015855297883250721,0.004223781714352277,0.0052484167284885,-0.001845365224663907,0.859195657929363
ds003604,Sem,ses-5,pythia-1b-full,1078891008.0,11,0.005458535796224846,0.009982146299789788,0.0155364000684254,0.00635307656160619,0.859195657929363
ds003604,Sem,ses-5,pythia-2.8b-full,,4,-0.0030934206536040996,0.0047601869029144,0.0040468597007675,-0.003600368117617301,0.859195657929363
ds003604,Sem,ses-5,pythia-410m-full,505997504.0,11,-9.11324014719181e-05,0.004526682883325639,0.0062230999531887,-0.00010606711129283938,0.859195657929363
ds003604,Sem,ses-5,pythia-6.9b-full,,1,-0.004383258961465,,-0.004383258961465,-0.005101584163063078,0.859195657929363
ds003604,Sem,ses-5,pythia-70m-full,95592496.0,11,-0.006493346666082764,0.005004791737741453,0.002427006703721,-0.007557471463172363,0.859195657929363
ds003604,Sem,ses-7,babylm-gpt2,134601216.0,9,-0.003950199122150122,0.003194944136289791,0.0010388156688473,-0.004622191511820761,0.8546160651387789
ds003604,Sem,ses-7,babylm-gpt2-3,134601216.0,9,-0.016092632900537467,0.003274554972496197,-0.0099479356500011,-0.018830248525604568,0.8546160651387789
ds003604,Sem,ses-7,babylm-gpt2-5,134601216.0,9,-0.0135662842905942,0.0019671132127458855,-0.0113383996771301,-0.015874127393557955,0.8546160651387789
ds003604,Sem,ses-7,babylm-gpt2-7,134601216.0,9,-0.014247060043072976,0.002947975447949037,-0.0094706561424753,-0.01667071404837146,0.8546160651387789
ds003604,Sem,ses-7,parc-mamba-seed0,,11,-0.008259694089115482,0.008605457989749531,0.0061308479431383,-0.009664800869118008,0.8546160651387789
ds003604,Sem,ses-7,parc-mamba-seed1,,11,-0.010357099799608737,0.008917574105932104,0.0008919866929993,-0.012119009017139028,0.8546160651387789
ds003604,Sem,ses-7,parc-mamba-seed2,,11,-0.008250760934918064,0.009231280908636485,0.0128687738152844,-0.009654348041746962,0.8546160651387789
ds003604,Sem,ses-7,parc-pythia-seed0,,11,0.0071857292568695726,0.016486757469893056,0.0318212002634414,0.008408137349609384,0.8546160651387789
ds003604,Sem,ses-7,parc-pythia-seed1,,11,-0.003983008106035691,0.015205220651226746,0.0175475088348021,-0.0046605818314319905,0.8546160651387789
ds003604,Sem,ses-7,parc-pythia-seed2,,11,-0.0030207275286118457,0.01224812565930936,0.0158780596210324,-0.003534601854367571,0.8546160651387789
ds003604,Sem,ses-7,parc-rwkv-seed0,,11,0.0045292316699751,0.013731346063229842,0.0372728532564571,0.005299726806843503,0.8546160651387789
ds003604,Sem,ses-7,parc-rwkv-seed1,,11,-0.0025788161673272634,0.009102026774436875,0.0120480058695084,-0.0030175142646171726,0.8546160651387789
ds003604,Sem,ses-7,parc-rwkv-seed2,,11,-0.006752106775082773,0.007874828545809443,0.0017596316007739,-0.007900748711044082,0.8546160651387789
ds003604,Sem,ses-7,polypythia-160m-seed1,,11,0.008725345424781972,0.020123772733302434,0.0351903180619334,0.01020966698463021,0.8546160651387789
ds003604,Sem,ses-7,polypythia-160m-seed2,,11,0.0012570148898935296,0.009406036532043055,0.0163880434844042,0.001470853335397347,0.8546160651387789
ds003604,Sem,ses-7,polypythia-160m-seed3,,11,0.007085454975012381,0.01595231557443763,0.0293182268960155,0.008290804800003139,0.8546160651387789
ds003604,Sem,ses-7,polypythia-410m-seed1,,11,-0.009831868275890927,0.009010840337524754,0.0015747258725887,-0.011504427165541705,0.8546160651387789
ds003604,Sem,ses-7,polypythia-410m-seed2,,11,-0.0080538368246951,0.006525798430139154,0.0007004279890632,-0.009423923973845798,0.8546160651387789
ds003604,Sem,ses-7,polypythia-410m-seed3,,11,-0.0032271828801215276,0.012368040010438642,0.0111966110957428,-0.0037761785809601813,0.8546160651387789
ds003604,Sem,ses-7,polypythia-70m-seed1,,11,-0.0021199909946180455,0.0034470712212730514,0.0050265883502621,-0.0024806355521456128,0.8546160651387789
ds003604,Sem,ses-7,polypythia-70m-seed2,,11,0.005076124921599073,0.005097190974602782,0.0122320212286122,0.005939655394583267,0.8546160651387789
ds003604,Sem,ses-7,polypythia-70m-seed3,,11,-0.011138735994860227,0.006387621977898628,0.0022775332095361,-0.013033614097871467,0.8546160651387789
ds003604,Sem,ses-7,pythia-1.4b-full,1515311488.0,11,-0.005860901025072563,0.003644882813923714,-0.0008677282675917,-0.0068579345324158245,0.8546160651387789
ds003604,Sem,ses-7,pythia-160m-full,212654688.0,11,-0.002739906662110727,0.006913513845897596,0.0053526502750149,-0.0032060088428899364,0.8546160651387789
ds003604,Sem,ses-7,pythia-1b-full,1078891008.0,11,0.002927307566515282,0.009466055434860336,0.01506301044616,0.0034252896545303346,0.8546160651387789
ds003604,Sem,ses-7,pythia-2.8b-full,,4,-0.009711717103685675,0.00499401154930865,-0.0022206997797227,-0.011363836346919847,0.8546160651387789
ds003604,Sem,ses-7,pythia-410m-full,505997504.0,11,-0.0007361287252958187,0.00527894722561117,0.0096229200346772,-0.0008613560583795963,0.8546160651387789
ds003604,Sem,ses-7,pythia-6.9b-full,,1,-0.0162601558711445,,-0.0162601558711445,-0.01902626984727236,0.8546160651387789
ds003604,Sem,ses-7,pythia-70m-full,95592496.0,11,-0.0093805434615252,0.008841688386005447,0.0123473610335346,-0.01097632474297323,0.8546160651387789
ds003604,Sem,ses-9,babylm-gpt2,134601216.0,9,0.0023585701303181074,0.003680996438545348,0.0099949685523472,0.002676256666646863,0.8812944437325619
ds003604,Sem,ses-9,babylm-gpt2-3,134601216.0,9,-0.014277017916514666,0.0028150081449328126,-0.0095679054298396,-0.016200054383693787,0.8812944437325619
ds003604,Sem,ses-9,babylm-gpt2-5,134601216.0,9,-0.011977702563188844,0.002756247725008648,-0.007729948657431,-0.013591033789410347,0.8812944437325619
ds003604,Sem,ses-9,babylm-gpt2-7,134601216.0,9,-0.012779367137689799,0.0030433523946528855,-0.0081852254849458,-0.014500678210979204,0.8812944437325619
ds003604,Sem,ses-9,parc-mamba-seed0,,11,-0.007902491197061991,0.010192766052879566,0.0087431405245555,-0.00896691367256604,0.8812944437325619
ds003604,Sem,ses-9,parc-mamba-seed1,,11,-0.01270731976455859,0.007191056596059891,-0.0031277789113395,-0.014418926449529234,0.8812944437325619
ds003604,Sem,ses-9,parc-mamba-seed2,,11,-0.007021632713006164,0.00844941149614852,0.0042140306278556,-0.007967408353634138,0.8812944437325619
ds003604,Sem,ses-9,parc-pythia-seed0,,11,0.004754953787873355,0.012034631282036343,0.0251886634773559,0.005395420136469504,0.8812944437325619
ds003604,Sem,ses-9,parc-pythia-seed1,,11,-0.003967959633842136,0.013378597811952019,0.0160249920780327,-0.004502422161016433,0.8812944437325619
ds003604,Sem,ses-9,parc-pythia-seed2,,11,-0.003834708247520764,0.010721279025371573,0.0102766959895243,-0.004351222539517616,0.8812944437325619
ds003604,Sem,ses-9,parc-rwkv-seed0,,11,0.005506221792687009,0.011586880331177636,0.0322850336887382,0.006247879845204074,0.8812944437325619
ds003604,Sem,ses-9,parc-rwkv-seed1,,11,-0.0001825711306731,0.008459144508784242,0.0152204426470247,-0.00020716246649627492,0.8812944437325619
ds003604,Sem,ses-9,parc-rwkv-seed2,,11,-0.004753135681516691,0.007222523256457541,0.0072040976840375,-0.005393357141099916,0.8812944437325619
ds003604,Sem,ses-9,polypythia-160m-seed1,,11,0.011066997947334092,0.018000930915883034,0.0347961734437677,0.012557662227463774,0.8812944437325619
ds003604,Sem,ses-9,polypythia-160m-seed2,,11,-0.0018814920902013724,0.009938277845381064,0.0231041463313177,-0.0021349188158189853,0.8812944437325619
ds003604,Sem,ses-9,polypythia-160m-seed3,,11,0.0054991132124182635,0.011283160174563267,0.0199456270501686,0.006239813777933028,0.8812944437325619
ds003604,Sem,ses-9,polypythia-410m-seed1,,11,-0.008035114575607363,0.00793289376288018,0.002069502318285,-0.009117400697065672,0.8812944437325619
ds003604,Sem,ses-9,polypythia-410m-seed2,,11,-0.0043703019975363,0.008233931395955074,0.0050564254158462,-0.004958957847307743,0.8812944437325619
ds003604,Sem,ses-9,polypythia-410m-seed3,,11,-0.005043325969346008,0.006160997504719476,0.0074995579324697,-0.005722634478422355,0.8812944437325619
ds003604,Sem,ses-9,polypythia-70m-seed1,,11,-0.002052548525506091,0.004874309463039929,0.0042784943554139,-0.002329015620265227,0.8812944437325619
ds003604,Sem,ses-9,polypythia-70m-seed2,,11,0.004000722655139537,0.0061695773543219016,0.0155485777879194,0.004539598182640532,0.8812944437325619
ds003604,Sem,ses-9,polypythia-70m-seed3,,11,-0.014215312837074291,0.010729558568559443,0.0038988593757648,-0.016130037966502916,0.8812944437325619
ds003604,Sem,ses-9,pythia-1.4b-full,1515311488.0,11,0.0004970487846615454,0.003321630456455968,0.0050827254381547,0.000563998545771361,0.8812944437325619
ds003604,Sem,ses-9,pythia-160m-full,212654688.0,11,-0.00017301101396386377,0.008102174373112501,0.0114109356531881,-0.00019631465419333324,0.8812944437325619
ds003604,Sem,ses-9,pythia-1b-full,1078891008.0,11,0.00892893583787391,0.010316058650912048,0.0202900288533119,0.01013161480975306,0.8812944437325619
ds003604,Sem,ses-9,pythia-2.8b-full,,4,-0.0082982985855301,0.0017626393810725998,-0.0056543395139212,-0.009416034158100633,0.8812944437325619
ds003604,Sem,ses-9,pythia-410m-full,505997504.0,11,0.003214815445181664,0.004167395684541033,0.0076668337779483,0.0036478335567008673,0.8812944437325619
ds003604,Sem,ses-9,pythia-6.9b-full,,1,-0.0137888664204239,,-0.0137888664204239,-0.01564615154275076,0.8812944437325619
ds003604,Sem,ses-9,pythia-70m-full,95592496.0,11,-0.00567927677307479,0.005675676761841088,0.0081604338441561,-0.006444244387858897,0.8812944437325619
ds006239,Orth,ses-11,babylm-gpt2,134601216.0,9,-0.01662322068862239,0.014053926911546768,-0.0028964744846415,-0.03181327411144278,0.5225246741467346
ds006239,Orth,ses-11,babylm-gpt2-3,134601216.0,9,-0.05664983989032232,0.009941834744527447,-0.0315081204101623,-0.10841562646362991,0.5225246741467346
ds006239,Orth,ses-11,babylm-gpt2-5,134601216.0,9,-0.05804708384070133,0.009978153963594895,-0.0319265100461166,-0.11108965128869804,0.5225246741467346
ds006239,Orth,ses-11,babylm-gpt2-7,134601216.0,9,-0.05788726542735209,0.009376764162167444,-0.0343968190960061,-0.11078379317087766,0.5225246741467346
ds006239,Orth,ses-11,parc-mamba-seed0,,11,-0.027676041384626548,0.022575630539443954,0.0244122812429972,-0.05296599903118566,0.5225246741467346
ds006239,Orth,ses-11,parc-mamba-seed1,,11,-0.034451037267140945,0.012061163111092399,-0.0123505116570779,-0.0659318860365749,0.5225246741467346
ds006239,Orth,ses-11,parc-mamba-seed2,,11,-0.03360301041124287,0.012822816150042349,-0.0030179556952269,-0.06430894477110669,0.5225246741467346
ds006239,Orth,ses-11,parc-pythia-seed0,,11,-0.023093593788556434,0.02654327402177284,0.0248408603760072,-0.044196178536960964,0.5225246741467346
ds006239,Orth,ses-11,parc-pythia-seed1,,11,-0.026514578393357937,0.020694363684578245,0.0007900324720628,-0.050743208321512,0.5225246741467346
ds006239,Orth,ses-11,parc-pythia-seed2,,11,-0.02011027712314311,0.019764221944510805,0.0124396711800841,-0.03848675118736262,0.5225246741467346
ds006239,Orth,ses-11,parc-rwkv-seed0,,11,-0.027665506605108046,0.01462947266568283,-0.0079132108977636,-0.052945837725816285,0.5225246741467346
ds006239,Orth,ses-11,parc-rwkv-seed1,,11,-0.022588449848523918,0.017082869668860447,0.0056297635025491,-0.04322944152907248,0.5225246741467346
ds006239,Orth,ses-11,parc-rwkv-seed2,,11,-0.019080885554016828,0.010096826529690196,-0.0045433363006516,-0.03651671681375674,0.5225246741467346
ds006239,Orth,ses-11,polypythia-160m-seed1,,11,-0.02655362500655968,0.012019568713348272,-0.0124075499590548,-0.0508179351528631,0.5225246741467346
ds006239,Orth,ses-11,polypythia-160m-seed2,,11,-0.0298229055832479,0.00861971070129349,-0.013790276340127,-0.0570746360101515,0.5225246741467346
ds006239,Orth,ses-11,polypythia-160m-seed3,,11,-0.024327151794860002,0.014700160075829301,0.0059759985955799,-0.04655694362105565,0.5225246741467346
ds006239,Orth,ses-11,polypythia-410m-seed1,,11,-0.019461888558076443,0.02674819178862325,0.0154027730765657,-0.03724587473281919,0.5225246741467346
ds006239,Orth,ses-11,polypythia-410m-seed2,,11,-0.021183601136881947,0.014483584989143438,0.0083688470668305,-0.04054086282427535,0.5225246741467346
ds006239,Orth,ses-11,polypythia-410m-seed3,,11,-0.03711085476525176,0.014164365875440147,-0.0104361751953215,-0.0710222054601585,0.5225246741467346
ds006239,Orth,ses-11,polypythia-70m-seed1,,11,-0.010503641336012164,0.017713066521164625,0.0091832263532536,-0.020101713575850288,0.5225246741467346
ds006239,Orth,ses-11,polypythia-70m-seed2,,11,-0.02004557275893607,0.013590731090133461,-0.00762888997462,-0.03836292093128391,0.5225246741467346
ds006239,Orth,ses-11,polypythia-70m-seed3,,11,-0.010970743998449054,0.01685763299783381,0.0166291845262978,-0.02099564774881476,0.5225246741467346
ds006239,Orth,ses-11,pythia-1.4b-full,1515311488.0,11,-0.020427654996481207,0.02514773236372105,0.0127750528571696,-0.03909414427144304,0.5225246741467346
ds006239,Orth,ses-11,pythia-160m-full,212654688.0,11,-0.026216209636362994,0.013439963803440397,-0.0132020459757832,-0.05017219460339013,0.5225246741467346
ds006239,Orth,ses-11,pythia-1b-full,1078891008.0,11,-0.021187066122502318,0.016577093652103282,-0.0031694471533232,-0.04054749406255329,0.5225246741467346
ds006239,Orth,ses-11,pythia-2.8b-full,,4,-0.03960462746758087,0.0008137967437909505,-0.0391977290956854,-0.07579475080723012,0.5225246741467346
ds006239,Orth,ses-11,pythia-410m-full,505997504.0,11,-0.02547466378001396,0.01772040750298043,-0.0021498012567789,-0.04875303510138203,0.5225246741467346
ds006239,Orth,ses-11,pythia-6.9b-full,,1,-0.0035212449400009,,-0.0035212449400009,-0.006738906532501982,0.5225246741467346
ds006239,Orth,ses-11,pythia-70m-full,95592496.0,11,-0.013454637821027009,0.01249375016394308,0.0115704504975178,-0.025749287041799476,0.5225246741467346
ds006239,Orth,ses-11+,babylm-gpt2,134601216.0,9,-0.004170062536414911,0.01336176490028133,0.008677131083009,-0.007417467170070274,0.5621949434762923
ds006239,Orth,ses-11+,babylm-gpt2-3,134601216.0,9,-0.059074882479529446,0.01013922897094925,-0.0333311846035939,-0.10507900002487416,0.5621949434762923
ds006239,Orth,ses-11+,babylm-gpt2-5,134601216.0,9,-0.058006567886026046,0.009938020339885285,-0.0336842135383763,-0.10317874352861761,0.5621949434762923
ds006239,Orth,ses-11+,babylm-gpt2-7,134601216.0,9,-0.05854567863023051,0.008370894223949878,-0.0367669708052185,-0.10413768268390584,0.5621949434762923
ds006239,Orth,ses-11+,parc-mamba-seed0,,11,-0.01286674983983631,0.015425577153956439,0.0185890853643039,-0.022886633878767534,0.5621949434762923
ds006239,Orth,ses-11+,parc-mamba-seed1,,11,-0.016319450268550827,0.011128394334226232,0.000388990532995,-0.02902809863006001,0.5621949434762923
ds006239,Orth,ses-11+,parc-mamba-seed2,,11,-0.014057075860922029,0.010966686124931542,0.0035089688949596,-0.025003917278232892,0.5621949434762923
ds006239,Orth,ses-11+,parc-pythia-seed0,,11,-0.010487773943773426,0.017623466893972633,0.0121286456825892,-0.018655048512039304,0.5621949434762923
ds006239,Orth,ses-11+,parc-pythia-seed1,,11,-0.008654924845038636,0.018914647823133342,0.0173660929829516,-0.015394882051982762,0.5621949434762923
ds006239,Orth,ses-11+,parc-pythia-seed2,,11,-0.00046313684409235407,0.020689896560039528,0.0378258792905198,-0.0008238011555717315,0.5621949434762923
ds006239,Orth,ses-11+,parc-rwkv-seed0,,11,-0.015488533274109954,0.01924119407948162,0.0169896203457409,-0.027550111316081417,0.5621949434762923
ds006239,Orth,ses-11+,parc-rwkv-seed1,,11,-0.016279271486452883,0.017259670712142315,0.0134301030002449,-0.028956630925549006,0.5621949434762923
ds006239,Orth,ses-11+,parc-rwkv-seed2,,11,-0.010413036231042299,0.010762956523673867,0.0051285172700958,-0.018522109371269038,0.5621949434762923
ds006239,Orth,ses-11+,polypythia-160m-seed1,,11,-0.019344770152652953,0.011168754487149723,-0.0039342424813672,-0.03440936347281238,0.5621949434762923
ds006239,Orth,ses-11+,polypythia-160m-seed2,,11,-0.024457817845701637,0.012071642755017847,0.0018688262519735,-0.04350415835202726,0.5621949434762923
ds006239,Orth,ses-11+,polypythia-160m-seed3,,11,-0.02250619017615319,0.010585938922428855,0.0013197264772632,-0.040032715408267056,0.5621949434762923
ds006239,Orth,ses-11+,polypythia-410m-seed1,,11,-0.006089621814241272,0.029595578703548387,0.0318227832871472,-0.010831868704806435,0.5621949434762923
ds006239,Orth,ses-11+,polypythia-410m-seed2,,11,-0.013718913895491226,0.01465507473213357,0.0213020791689434,-0.02440241424204441,0.5621949434762923
ds006239,Orth,ses-11+,polypythia-410m-seed3,,11,-0.023332145059728106,0.017032452279930315,0.0188168313112531,-0.04150187640510506,0.5621949434762923
ds006239,Orth,ses-11+,polypythia-70m-seed1,,11,-0.005061961155960636,0.012216727478327746,0.007750814008727,-0.009003925088084857,0.5621949434762923
ds006239,Orth,ses-11+,polypythia-70m-seed2,,11,-0.0011461904407175543,0.01451709690318185,0.0165721410354772,-0.002038777569983408,0.5621949434762923
ds006239,Orth,ses-11+,polypythia-70m-seed3,,11,-0.004613106529589899,0.016536077128210012,0.017890720778265,-0.00820552831917179,0.5621949434762923
ds006239,Orth,ses-11+,pythia-1.4b-full,1515311488.0,11,-0.011246265620482927,0.017703914785031503,0.0074666092650612,-0.020004209840349056,0.5621949434762923
ds006239,Orth,ses-11+,pythia-160m-full,212654688.0,11,-0.0147289251676135,0.014473349368743603,0.0035391026622638,-0.026198964146739282,0.5621949434762923
ds006239,Orth,ses-11+,pythia-1b-full,1078891008.0,11,-0.01211321192121989,0.013867511549917286,0.0075083685735767,-0.02154628401016685,0.5621949434762923
ds006239,Orth,ses-11+,pythia-2.8b-full,,4,-0.016796597002355272,0.00038490640671124906,-0.0162192373922884,-0.02987681977090494,0.5621949434762923
ds006239,Orth,ses-11+,pythia-410m-full,505997504.0,11,-0.01249162899422458,0.018422396735790113,0.0099394161737237,-0.0222193905142289,0.5621949434762923
ds006239,Orth,ses-11+,pythia-6.9b-full,,1,-0.0106621887012339,,-0.0106621887012339,-0.018965287441585685,0.5621949434762923
ds006239,Orth,ses-11+,pythia-70m-full,95592496.0,11,-0.0025756113075054454,0.014259620750431185,0.0227828882390808,-0.0045813491163391425,0.5621949434762923
ds006239,Phon,ses-11,babylm-gpt2,134601216.0,9,-0.01662322068862239,0.014053926911546768,-0.0028964744846415,-0.03181327411144278,0.5225246741467346
ds006239,Phon,ses-11,babylm-gpt2-3,134601216.0,9,-0.05664983989032232,0.009941834744527447,-0.0315081204101623,-0.10841562646362991,0.5225246741467346
ds006239,Phon,ses-11,babylm-gpt2-5,134601216.0,9,-0.05804708384070133,0.009978153963594895,-0.0319265100461166,-0.11108965128869804,0.5225246741467346
ds006239,Phon,ses-11,babylm-gpt2-7,134601216.0,9,-0.05788726542735209,0.009376764162167444,-0.0343968190960061,-0.11078379317087766,0.5225246741467346
ds006239,Phon,ses-11,parc-mamba-seed0,,11,-0.027676041384626548,0.022575630539443954,0.0244122812429972,-0.05296599903118566,0.5225246741467346
ds006239,Phon,ses-11,parc-mamba-seed1,,11,-0.034451037267140945,0.012061163111092399,-0.0123505116570779,-0.0659318860365749,0.5225246741467346
ds006239,Phon,ses-11,parc-mamba-seed2,,11,-0.03360301041124287,0.012822816150042349,-0.0030179556952269,-0.06430894477110669,0.5225246741467346
ds006239,Phon,ses-11,parc-pythia-seed0,,11,-0.023093593788556434,0.02654327402177284,0.0248408603760072,-0.044196178536960964,0.5225246741467346
ds006239,Phon,ses-11,parc-pythia-seed1,,11,-0.026514578393357937,0.020694363684578245,0.0007900324720628,-0.050743208321512,0.5225246741467346
ds006239,Phon,ses-11,parc-pythia-seed2,,11,-0.02011027712314311,0.019764221944510805,0.0124396711800841,-0.03848675118736262,0.5225246741467346
ds006239,Phon,ses-11,parc-rwkv-seed0,,11,-0.027665506605108046,0.01462947266568283,-0.0079132108977636,-0.052945837725816285,0.5225246741467346
ds006239,Phon,ses-11,parc-rwkv-seed1,,11,-0.022588449848523918,0.017082869668860447,0.0056297635025491,-0.04322944152907248,0.5225246741467346
ds006239,Phon,ses-11,parc-rwkv-seed2,,11,-0.019080885554016828,0.010096826529690196,-0.0045433363006516,-0.03651671681375674,0.5225246741467346
ds006239,Phon,ses-11,polypythia-160m-seed1,,11,-0.02655362500655968,0.012019568713348272,-0.0124075499590548,-0.0508179351528631,0.5225246741467346
ds006239,Phon,ses-11,polypythia-160m-seed2,,11,-0.0298229055832479,0.00861971070129349,-0.013790276340127,-0.0570746360101515,0.5225246741467346
ds006239,Phon,ses-11,polypythia-160m-seed3,,11,-0.024327151794860002,0.014700160075829301,0.0059759985955799,-0.04655694362105565,0.5225246741467346
ds006239,Phon,ses-11,polypythia-410m-seed1,,11,-0.019461888558076443,0.02674819178862325,0.0154027730765657,-0.03724587473281919,0.5225246741467346
ds006239,Phon,ses-11,polypythia-410m-seed2,,11,-0.021183601136881947,0.014483584989143438,0.0083688470668305,-0.04054086282427535,0.5225246741467346
ds006239,Phon,ses-11,polypythia-410m-seed3,,11,-0.03711085476525176,0.014164365875440147,-0.0104361751953215,-0.0710222054601585,0.5225246741467346
ds006239,Phon,ses-11,polypythia-70m-seed1,,11,-0.010503641336012164,0.017713066521164625,0.0091832263532536,-0.020101713575850288,0.5225246741467346
ds006239,Phon,ses-11,polypythia-70m-seed2,,11,-0.02004557275893607,0.013590731090133461,-0.00762888997462,-0.03836292093128391,0.5225246741467346
ds006239,Phon,ses-11,polypythia-70m-seed3,,11,-0.010970743998449054,0.01685763299783381,0.0166291845262978,-0.02099564774881476,0.5225246741467346
ds006239,Phon,ses-11,pythia-1.4b-full,1515311488.0,11,-0.020427654996481207,0.02514773236372105,0.0127750528571696,-0.03909414427144304,0.5225246741467346
ds006239,Phon,ses-11,pythia-160m-full,212654688.0,11,-0.026216209636362994,0.013439963803440397,-0.0132020459757832,-0.05017219460339013,0.5225246741467346
ds006239,Phon,ses-11,pythia-1b-full,1078891008.0,11,-0.021187066122502318,0.016577093652103282,-0.0031694471533232,-0.04054749406255329,0.5225246741467346
ds006239,Phon,ses-11,pythia-2.8b-full,,4,-0.03960462746758087,0.0008137967437909505,-0.0391977290956854,-0.07579475080723012,0.5225246741467346
ds006239,Phon,ses-11,pythia-410m-full,505997504.0,11,-0.02547466378001396,0.01772040750298043,-0.0021498012567789,-0.04875303510138203,0.5225246741467346
ds006239,Phon,ses-11,pythia-6.9b-full,,1,-0.0035212449400009,,-0.0035212449400009,-0.006738906532501982,0.5225246741467346
ds006239,Phon,ses-11,pythia-70m-full,95592496.0,11,-0.013454637821027009,0.01249375016394308,0.0115704504975178,-0.025749287041799476,0.5225246741467346
ds006239,Phon,ses-11+,babylm-gpt2,134601216.0,9,-0.004170062536414911,0.01336176490028133,0.008677131083009,-0.007417467170070274,0.5621949434762923
ds006239,Phon,ses-11+,babylm-gpt2-3,134601216.0,9,-0.059074882479529446,0.01013922897094925,-0.0333311846035939,-0.10507900002487416,0.5621949434762923
ds006239,Phon,ses-11+,babylm-gpt2-5,134601216.0,9,-0.058006567886026046,0.009938020339885285,-0.0336842135383763,-0.10317874352861761,0.5621949434762923
ds006239,Phon,ses-11+,babylm-gpt2-7,134601216.0,9,-0.05854567863023051,0.008370894223949878,-0.0367669708052185,-0.10413768268390584,0.5621949434762923
ds006239,Phon,ses-11+,parc-mamba-seed0,,11,-0.01286674983983631,0.015425577153956439,0.0185890853643039,-0.022886633878767534,0.5621949434762923
ds006239,Phon,ses-11+,parc-mamba-seed1,,11,-0.016319450268550827,0.011128394334226232,0.000388990532995,-0.02902809863006001,0.5621949434762923
ds006239,Phon,ses-11+,parc-mamba-seed2,,11,-0.014057075860922029,0.010966686124931542,0.0035089688949596,-0.025003917278232892,0.5621949434762923
ds006239,Phon,ses-11+,parc-pythia-seed0,,11,-0.010487773943773426,0.017623466893972633,0.0121286456825892,-0.018655048512039304,0.5621949434762923
ds006239,Phon,ses-11+,parc-pythia-seed1,,11,-0.008654924845038636,0.018914647823133342,0.0173660929829516,-0.015394882051982762,0.5621949434762923
ds006239,Phon,ses-11+,parc-pythia-seed2,,11,-0.00046313684409235407,0.020689896560039528,0.0378258792905198,-0.0008238011555717315,0.5621949434762923
ds006239,Phon,ses-11+,parc-rwkv-seed0,,11,-0.015488533274109954,0.01924119407948162,0.0169896203457409,-0.027550111316081417,0.5621949434762923
ds006239,Phon,ses-11+,parc-rwkv-seed1,,11,-0.016279271486452883,0.017259670712142315,0.0134301030002449,-0.028956630925549006,0.5621949434762923
ds006239,Phon,ses-11+,parc-rwkv-seed2,,11,-0.010413036231042299,0.010762956523673867,0.0051285172700958,-0.018522109371269038,0.5621949434762923
ds006239,Phon,ses-11+,polypythia-160m-seed1,,11,-0.019344770152652953,0.011168754487149723,-0.0039342424813672,-0.03440936347281238,0.5621949434762923
ds006239,Phon,ses-11+,polypythia-160m-seed2,,11,-0.024457817845701637,0.012071642755017847,0.0018688262519735,-0.04350415835202726,0.5621949434762923
ds006239,Phon,ses-11+,polypythia-160m-seed3,,11,-0.02250619017615319,0.010585938922428855,0.0013197264772632,-0.040032715408267056,0.5621949434762923
ds006239,Phon,ses-11+,polypythia-410m-seed1,,11,-0.006089621814241272,0.029595578703548387,0.0318227832871472,-0.010831868704806435,0.5621949434762923
ds006239,Phon,ses-11+,polypythia-410m-seed2,,11,-0.013718913895491226,0.01465507473213357,0.0213020791689434,-0.02440241424204441,0.5621949434762923
ds006239,Phon,ses-11+,polypythia-410m-seed3,,11,-0.023332145059728106,0.017032452279930315,0.0188168313112531,-0.04150187640510506,0.5621949434762923
ds006239,Phon,ses-11+,polypythia-70m-seed1,,11,-0.005061961155960636,0.012216727478327746,0.007750814008727,-0.009003925088084857,0.5621949434762923
ds006239,Phon,ses-11+,polypythia-70m-seed2,,11,-0.0011461904407175543,0.01451709690318185,0.0165721410354772,-0.002038777569983408,0.5621949434762923
ds006239,Phon,ses-11+,polypythia-70m-seed3,,11,-0.004613106529589899,0.016536077128210012,0.017890720778265,-0.00820552831917179,0.5621949434762923
ds006239,Phon,ses-11+,pythia-1.4b-full,1515311488.0,11,-0.011246265620482927,0.017703914785031503,0.0074666092650612,-0.020004209840349056,0.5621949434762923
ds006239,Phon,ses-11+,pythia-160m-full,212654688.0,11,-0.0147289251676135,0.014473349368743603,0.0035391026622638,-0.026198964146739282,0.5621949434762923
ds006239,Phon,ses-11+,pythia-1b-full,1078891008.0,11,-0.01211321192121989,0.013867511549917286,0.0075083685735767,-0.02154628401016685,0.5621949434762923
ds006239,Phon,ses-11+,pythia-2.8b-full,,4,-0.016796597002355272,0.00038490640671124906,-0.0162192373922884,-0.02987681977090494,0.5621949434762923
ds006239,Phon,ses-11+,pythia-410m-full,505997504.0,11,-0.01249162899422458,0.018422396735790113,0.0099394161737237,-0.0222193905142289,0.5621949434762923
ds006239,Phon,ses-11+,pythia-6.9b-full,,1,-0.0106621887012339,,-0.0106621887012339,-0.018965287441585685,0.5621949434762923
ds006239,Phon,ses-11+,pythia-70m-full,95592496.0,11,-0.0025756113075054454,0.014259620750431185,0.0227828882390808,-0.0045813491163391425,0.5621949434762923
ds006239,Sem,ses-11,babylm-gpt2,134601216.0,9,0.034194772735670335,0.006635122365191997,0.0439292574842102,0.11818056963272872,0.2893434414975141
ds006239,Sem,ses-11,babylm-gpt2-3,134601216.0,9,0.015446072708429145,0.012295523245360155,0.0378729634816065,0.05338317892566384,0.2893434414975141
ds006239,Sem,ses-11,babylm-gpt2-5,134601216.0,9,0.0163152325882131,0.013228656917419156,0.0390768446025744,0.05638708278222118,0.2893434414975141
ds006239,Sem,ses-11,babylm-gpt2-7,134601216.0,9,0.015549364495530979,0.011484128877771614,0.0360284767059884,0.05374016571813178,0.2893434414975141
ds006239,Sem,ses-11,parc-mamba-seed0,,11,0.017326468724683627,0.017088679460366053,0.0406227042469699,0.05988201645425057,0.2893434414975141
ds006239,Sem,ses-11,parc-mamba-seed1,,11,0.007142245047194054,0.01297041979962943,0.0247806674562612,0.024684316361998537,0.2893434414975141
ds006239,Sem,ses-11,parc-mamba-seed2,,11,0.00881091070696931,0.007698696431909516,0.0195819116487423,0.030451392509081663,0.2893434414975141
ds006239,Sem,ses-11,parc-pythia-seed0,,11,0.012415089284691,0.01730268906737429,0.0368816923032391,0.042907795733803294,0.2893434414975141
ds006239,Sem,ses-11,parc-pythia-seed1,,11,0.013844424248066063,0.019307221972243774,0.0367244316791339,0.047847720952005776,0.2893434414975141
ds006239,Sem,ses-11,parc-pythia-seed2,,11,0.0090551317839682,0.013906148901558243,0.0296339916786396,0.031295445084577794,0.2893434414975141
ds006239,Sem,ses-11,parc-rwkv-seed0,,11,0.0029698527372627004,0.015987425702818612,0.03195206628621,0.010264109398478332,0.2893434414975141
ds006239,Sem,ses-11,parc-rwkv-seed1,,11,0.008695156751147364,0.019098245461871048,0.049054161247882,0.030051335209621707,0.2893434414975141
ds006239,Sem,ses-11,parc-rwkv-seed2,,11,0.012145853842522118,0.015873758449389052,0.0394502016746897,0.04197729099944527,0.2893434414975141
ds006239,Sem,ses-11,polypythia-160m-seed1,,11,0.0021996641580909267,0.012922793115437156,0.0129142417826453,0.007602260299063407,0.2893434414975141
ds006239,Sem,ses-11,polypythia-160m-seed2,,11,0.003478678824567318,0.015971266526934005,0.0224943643608179,0.012022663470660368,0.2893434414975141
ds006239,Sem,ses-11,polypythia-160m-seed3,,11,-0.0003596656786238004,0.013226167797820102,0.035273409998438,-0.0012430407157747536,0.2893434414975141
ds006239,Sem,ses-11,polypythia-410m-seed1,,11,-0.0062872736558521455,0.01352457803031116,0.0233885902914854,-0.021729449346810793,0.2893434414975141
ds006239,Sem,ses-11,polypythia-410m-seed2,,11,-0.013290740282024373,0.01187842853773468,0.0122964948948781,-0.04593413354468088,0.2893434414975141
ds006239,Sem,ses-11,polypythia-410m-seed3,,11,-0.004307669783947064,0.019463236868209804,0.0222937272617349,-0.014887739503105594,0.2893434414975141
ds006239,Sem,ses-11,polypythia-70m-seed1,,11,0.0112797312584908,0.01657531634361257,0.0460541194934263,0.03898388434212258,0.2893434414975141
ds006239,Sem,ses-11,polypythia-70m-seed2,,11,-0.008447010600257918,0.018858369666154413,0.0377430681625519,-0.029193717184463952,0.2893434414975141
ds006239,Sem,ses-11,polypythia-70m-seed3,,11,-0.003458268288319673,0.016520255580836,0.0257997721514368,-0.011952122607034743,0.2893434414975141
ds006239,Sem,ses-11,pythia-1.4b-full,1515311488.0,11,-0.020209995679211137,0.017186781605093106,0.0033280491734716,-0.06984777527568314,0.2893434414975141
ds006239,Sem,ses-11,pythia-160m-full,212654688.0,11,-0.008925823249778727,0.010125737418321816,0.0081176631531108,-0.030848541800645626,0.2893434414975141
ds006239,Sem,ses-11,pythia-1b-full,1078891008.0,11,0.001076988133800818,0.016931007247226276,0.0193223300337391,0.0037221791799627525,0.2893434414975141
ds006239,Sem,ses-11,pythia-2.8b-full,,4,-0.02438153574493265,0.0072845848419019,-0.0134546584820798,-0.08426503679760139,0.2893434414975141
ds006239,Sem,ses-11,pythia-410m-full,505997504.0,11,-0.0036808360916947185,0.01602918832188788,0.014014765158109,-0.012721339293693103,0.2893434414975141
ds006239,Sem,ses-11,pythia-6.9b-full,,1,0.0076714573480576,,0.0076714573480576,0.026513327236150637,0.2893434414975141
ds006239,Sem,ses-11,pythia-70m-full,95592496.0,11,-0.005680948550686327,0.018206229960905734,0.0287840201199956,-0.019633928874572867,0.2893434414975141
ds006239,Sem,ses-11+,babylm-gpt2,134601216.0,9,0.009921723931017666,0.006157739795743041,0.0237732847768756,0.027820506793694952,0.3566334720137542
ds006239,Sem,ses-11+,babylm-gpt2-3,134601216.0,9,-0.0015737758414545997,0.008408466529051922,0.0190033022473612,-0.0044128663318341145,0.3566334720137542
ds006239,Sem,ses-11+,babylm-gpt2-5,134601216.0,9,-0.0029496606829445557,0.008677814268428913,0.0151135076567086,-0.008270846441555535,0.3566334720137542
ds006239,Sem,ses-11+,babylm-gpt2-7,134601216.0,9,0.0004885771111386224,0.006528592921403027,0.0144230374498672,0.0013699698695689997,0.3566334720137542
ds006239,Sem,ses-11+,parc-mamba-seed0,,11,0.0006452832117227365,0.015333438300047974,0.0243346539524655,0.001809373663327514,0.3566334720137542
ds006239,Sem,ses-11+,parc-mamba-seed1,,11,0.0063899921706937,0.01191420152668305,0.0268921687085353,0.017917533468219324,0.3566334720137542
ds006239,Sem,ses-11+,parc-mamba-seed2,,11,0.0028649877451425096,0.013663971966940067,0.0240931988212233,0.008033423584626448,0.3566334720137542
ds006239,Sem,ses-11+,parc-pythia-seed0,,11,0.008047933804999999,0.015360826904648978,0.0306731291483039,0.022566400622905124,0.3566334720137542
ds006239,Sem,ses-11+,parc-pythia-seed1,,11,0.0038837405214159,0.01827641886120075,0.0311610810481074,0.01089000563936443,0.3566334720137542
ds006239,Sem,ses-11+,parc-pythia-seed2,,11,0.0015070717966596003,0.015192268338815509,0.0208243366304749,0.004225828238022137,0.3566334720137542
ds006239,Sem,ses-11+,parc-rwkv-seed0,,11,0.0027042451761316905,0.011702469388441881,0.017379836504133,0.007582701536291569,0.3566334720137542
ds006239,Sem,ses-11+,parc-rwkv-seed1,,11,-0.0044820923451890995,0.017118086813223642,0.0145196144858096,-0.012567783724507607,0.3566334720137542
ds006239,Sem,ses-11+,parc-rwkv-seed2,,11,0.0016556925456846817,0.022822073300702538,0.0547845297016064,0.004642560711802249,0.3566334720137542
ds006239,Sem,ses-11+,polypythia-160m-seed1,,11,0.006761819193672419,0.019486864359059212,0.0302376420481314,0.01896013617423896,0.3566334720137542
ds006239,Sem,ses-11+,polypythia-160m-seed2,,11,-0.003354119295348391,0.006445073591363177,0.0114688302821171,-0.009404948100942789,0.3566334720137542
ds006239,Sem,ses-11+,polypythia-160m-seed3,,11,-0.02078487382812733,0.027089296509242963,0.0089332295084908,-0.058280771321783616,0.3566334720137542
ds006239,Sem,ses-11+,polypythia-410m-seed1,,11,-0.01868762491135309,0.015179594496667089,0.0021560733394188,-0.05240008686181977,0.3566334720137542
ds006239,Sem,ses-11+,polypythia-410m-seed2,,11,0.0028413863761697546,0.01232576414083529,0.014407402521531,0.007967245362937136,0.3566334720137542
ds006239,Sem,ses-11+,polypythia-410m-seed3,,11,-0.009533941393152908,0.008407239983841752,0.0015889016824035,-0.02673316483536692,0.3566334720137542
ds006239,Sem,ses-11+,polypythia-70m-seed1,,11,-0.008930798759787882,0.01133394873792252,0.0098660494654685,-0.02504195332356086,0.3566334720137542
ds006239,Sem,ses-11+,polypythia-70m-seed2,,11,-0.0017219650316626632,0.015948378338519368,0.022200762145066,-0.004828388715000517,0.3566334720137542
ds006239,Sem,ses-11+,polypythia-70m-seed3,,11,-0.010630545775398193,0.017787497617250486,0.0088128990867713,-0.02980804273746971,0.3566334720137542
ds006239,Sem,ses-11+,pythia-1.4b-full,1515311488.0,11,-0.0173883448846773,0.024618075056397813,0.0107187717681888,-0.0487569065979502,0.3566334720137542
ds006239,Sem,ses-11+,pythia-160m-full,212654688.0,11,-0.020060379220117,0.010164186992455403,-0.0088442692745348,-0.05624928896002037,0.3566334720137542
ds006239,Sem,ses-11+,pythia-1b-full,1078891008.0,11,0.0018240078318084907,0.0065313343153396725,0.0134706194864616,0.005114516653496127,0.3566334720137542
ds006239,Sem,ses-11+,pythia-2.8b-full,,4,-0.008990395237778,0.0005488904961558004,-0.0081670594935443,-0.025209061805144498,0.3566334720137542
ds006239,Sem,ses-11+,pythia-410m-full,505997504.0,11,0.011199812984062637,0.021343315123554283,0.0379119922759775,0.031404267582686954,0.3566334720137542
ds006239,Sem,ses-11+,pythia-6.9b-full,,1,0.0005934834856111,,0.0005934834856111,0.0016641272684247966,0.3566334720137542
ds006239,Sem,ses-11+,pythia-70m-full,95592496.0,11,-0.013048446778105736,0.012647697121395851,0.0072826910925605,-0.03658783541664451,0.3566334720137542
ds006239,SemLocal,ses-11,babylm-gpt2,134601216.0,9,-0.00043946597112098684,0.007576802238044569,0.010538702542746,-0.0019060080800894397,0.2305687870433188
ds006239,SemLocal,ses-11,babylm-gpt2-3,134601216.0,9,-0.019886117374418755,0.006042015452840881,-0.0084180377175004,-0.08624808947224323,0.2305687870433188
ds006239,SemLocal,ses-11,babylm-gpt2-5,134601216.0,9,-0.02217143945475072,0.007855569878910179,-0.0092131866958766,-0.09615976099395102,0.2305687870433188
ds006239,SemLocal,ses-11,babylm-gpt2-7,134601216.0,9,-0.021283203661808334,0.004820801249942464,-0.0156152467205905,-0.09230739309831078,0.2305687870433188
ds006239,SemLocal,ses-11,parc-mamba-seed0,,11,0.019189369295823065,0.01419961631165006,0.036851601336885,0.08322622303693605,0.2305687870433188
ds006239,SemLocal,ses-11,parc-mamba-seed1,,11,0.03473844158127443,0.014885718317465628,0.054931556554437,0.1506641121148278,0.2305687870433188
ds006239,SemLocal,ses-11,parc-mamba-seed2,,11,0.031987095518456264,0.02602516707501255,0.0688501209181947,0.1387312477488403,0.2305687870433188
ds006239,SemLocal,ses-11,parc-pythia-seed0,,11,0.005611837910969483,0.01719745332745095,0.0337878995052356,0.024339104971372993,0.2305687870433188
ds006239,SemLocal,ses-11,parc-pythia-seed1,,11,0.013031984118269335,0.024982753242699485,0.062266520145371,0.05652102474660161,0.2305687870433188
ds006239,SemLocal,ses-11,parc-pythia-seed2,,11,0.012204524728194272,0.019183635286247322,0.0450894360541547,0.05293225021781162,0.2305687870433188
ds006239,SemLocal,ses-11,parc-rwkv-seed0,,11,0.00032023784014121795,0.013536621725529557,0.0174157633956094,0.0013889036944148571,0.2305687870433188
ds006239,SemLocal,ses-11,parc-rwkv-seed1,,11,-0.00017636457591870032,0.017468458890289376,0.0220293799199127,-0.0007649108891983926,0.2305687870433188
ds006239,SemLocal,ses-11,parc-rwkv-seed2,,11,0.0040800170184636655,0.017774720744123628,0.0351389579756704,0.017695443823005925,0.2305687870433188
ds006239,SemLocal,ses-11,polypythia-160m-seed1,,11,0.013246947281002409,0.01742946239362783,0.0318896018211832,0.05745334158570909,0.2305687870433188
ds006239,SemLocal,ses-11,polypythia-160m-seed2,,11,0.005129349495117446,0.02268246894624724,0.0314743899623024,0.022246504225022248,0.2305687870433188
ds006239,SemLocal,ses-11,polypythia-160m-seed3,,11,0.015104543985835056,0.008437642658914371,0.0259557117495115,0.06550992517038849,0.2305687870433188
ds006239,SemLocal,ses-11,polypythia-410m-seed1,,11,0.014666399631921056,0.012359859361249524,0.0371876519650237,0.06360964907693928,0.2305687870433188
ds006239,SemLocal,ses-11,polypythia-410m-seed2,,11,0.02149753088757617,0.014518567934152005,0.0397340299700005,0.09323695181489272,0.2305687870433188
ds006239,SemLocal,ses-11,polypythia-410m-seed3,,11,-0.001480575267646372,0.02858947048191528,0.0552314043805992,-0.006421403723515292,0.2305687870433188
ds006239,SemLocal,ses-11,polypythia-70m-seed1,,11,-0.01878869936445468,0.04185885754240555,0.0334988289104239,-0.08148847727999149,0.2305687870433188
ds006239,SemLocal,ses-11,polypythia-70m-seed2,,11,0.005323173961109672,0.017443004963809267,0.0327114137869734,0.023087140412069586,0.2305687870433188
ds006239,SemLocal,ses-11,polypythia-70m-seed3,,11,0.01955761708314131,0.012705625192468975,0.0480478069621784,0.08482335069693048,0.2305687870433188
ds006239,SemLocal,ses-11,pythia-1.4b-full,1515311488.0,11,0.004012697896787144,0.01943085511378605,0.0338817007143289,0.01740347402718151,0.2305687870433188
ds006239,SemLocal,ses-11,pythia-160m-full,212654688.0,11,0.0029570825656060366,0.021215362455915196,0.0299968390689803,0.01282516425369608,0.2305687870433188
ds006239,SemLocal,ses-11,pythia-1b-full,1078891008.0,11,-0.0013546620287839548,0.030640568113293062,0.0466183564660319,-0.005875305353145843,0.2305687870433188
ds006239,SemLocal,ses-11,pythia-2.8b-full,,4,0.0198991334754835,0.006077070899350001,0.0290147398245085,0.08630454161059056,0.2305687870433188
ds006239,SemLocal,ses-11,pythia-410m-full,505997504.0,11,0.018772915459650028,0.017233854820125693,0.053674625369141,0.08142002089867875,0.2305687870433188
ds006239,SemLocal,ses-11,pythia-6.9b-full,,1,-0.0073240107801743,,-0.0073240107801743,-0.03176497076682925,0.2305687870433188
ds006239,SemLocal,ses-11,pythia-70m-full,95592496.0,11,0.02576242542300697,0.02867005847449105,0.0703796349556932,0.11173422800791671,0.2305687870433188
ds006239,SemLocal,ses-11+,babylm-gpt2,134601216.0,9,0.0073190778348704005,0.005275868252815122,0.0166649440375749,0.0239521398819349,0.30557093733368557
ds006239,SemLocal,ses-11+,babylm-gpt2-3,134601216.0,9,-0.0031486850526400447,0.009065521890305853,0.0167971302498724,-0.010304268724357312,0.30557093733368557
ds006239,SemLocal,ses-11+,babylm-gpt2-5,134601216.0,9,-0.004882920036219,0.008160517372790067,0.0089490232943877,-0.01597966115110881,0.30557093733368557
ds006239,SemLocal,ses-11+,babylm-gpt2-7,134601216.0,9,-0.003614956146887278,0.007658243474191398,0.0116308900767384,-0.011830170036555933,0.30557093733368557
ds006239,SemLocal,ses-11+,parc-mamba-seed0,,11,0.006163737959811109,0.010694491779541163,0.019949148524311,0.020171217896551023,0.30557093733368557
ds006239,SemLocal,ses-11+,parc-mamba-seed1,,11,0.009103148571901446,0.02036208284800405,0.0336105475801721,0.029790622928124687,0.30557093733368557
ds006239,SemLocal,ses-11+,parc-mamba-seed2,,11,0.0086717970888937,0.01707314710559906,0.0491310817509267,0.028378998227256272,0.30557093733368557
ds006239,SemLocal,ses-11+,parc-pythia-seed0,,11,-0.007516695880217336,0.012139060332553285,0.0161741661453769,-0.024598857292534505,0.30557093733368557
ds006239,SemLocal,ses-11+,parc-pythia-seed1,,11,0.005237097485933754,0.020557069139719,0.0396532634418035,0.017138729002276837,0.30557093733368557
ds006239,SemLocal,ses-11+,parc-pythia-seed2,,11,-0.006049016198091309,0.020018073151222608,0.0225749553096057,-0.019795783757686817,0.30557093733368557
ds006239,SemLocal,ses-11+,parc-rwkv-seed0,,11,-0.013188620713392281,0.011031001407543683,0.0064938880556856,-0.04316058597873206,0.30557093733368557
ds006239,SemLocal,ses-11+,parc-rwkv-seed1,,11,-0.008665914798646028,0.015778081906391402,0.0191538490492985,-0.028359748064596825,0.30557093733368557
ds006239,SemLocal,ses-11+,parc-rwkv-seed2,,11,-0.01158773782654708,0.01707076143110536,0.0253319700790614,-0.03792159662714649,0.30557093733368557
ds006239,SemLocal,ses-11+,polypythia-160m-seed1,,11,0.008578232265931263,0.009163031196749898,0.019043560097596,0.028072801493434486,0.30557093733368557
ds006239,SemLocal,ses-11+,polypythia-160m-seed2,,11,0.000994907420329555,0.023482191437990005,0.0385203164021217,0.0032558967453213974,0.30557093733368557
ds006239,SemLocal,ses-11+,polypythia-160m-seed3,,11,0.008884330263007835,0.007777441293728288,0.0180738851865508,0.029074526329400517,0.30557093733368557
ds006239,SemLocal,ses-11+,polypythia-410m-seed1,,11,-0.0020981404953322458,0.017312177203070735,0.0252305771507545,-0.006866295969243507,0.30557093733368557
ds006239,SemLocal,ses-11+,polypythia-410m-seed2,,11,0.013972062877658847,0.008506612717865795,0.0243653218225925,0.04572444945050928,0.30557093733368557
ds006239,SemLocal,ses-11+,polypythia-410m-seed3,,11,0.0036110869813992907,0.015173061743431113,0.0372394562516394,0.01181750795055473,0.30557093733368557
ds006239,SemLocal,ses-11+,polypythia-70m-seed1,,11,-0.005352206130420891,0.01996815946509976,0.0244925332849648,-0.01751542923918921,0.30557093733368557
ds006239,SemLocal,ses-11+,polypythia-70m-seed2,,11,-0.00790993371001689,0.028692901845817093,0.0375363108669223,-0.025885752680004346,0.30557093733368557
ds006239,SemLocal,ses-11+,polypythia-70m-seed3,,11,0.0016718823353571272,0.021671182972961375,0.0359018839520102,0.0054713394864886016,0.30557093733368557
ds006239,SemLocal,ses-11+,pythia-1.4b-full,1515311488.0,11,-0.008273253112535326,0.025497730992579282,0.0395473556144049,-0.027074738143375455,0.30557093733368557
ds006239,SemLocal,ses-11+,pythia-160m-full,212654688.0,11,-0.00900378430784979,0.030844387546794857,0.0355583168529762,-0.029465447160695112,0.30557093733368557
ds006239,SemLocal,ses-11+,pythia-1b-full,1078891008.0,11,-0.009818648345593282,0.0246321390848541,0.0345241206895401,-0.03213214067825845,0.30557093733368557
ds006239,SemLocal,ses-11+,pythia-2.8b-full,,4,0.0003213458526246,0.0016052013042172004,0.0027291478089504,0.001051624396706576,0.30557093733368557
ds006239,SemLocal,ses-11+,pythia-410m-full,505997504.0,11,0.024214033938733583,0.023242177741998722,0.0546865229476184,0.07924194018586163,0.30557093733368557
ds006239,SemLocal,ses-11+,pythia-6.9b-full,,1,0.0009592990040584,,0.0009592990040584,0.0031393659764535754,0.30557093733368557
ds006239,SemLocal,ses-11+,pythia-70m-full,95592496.0,11,0.01584375686085089,0.015331323884032291,0.0313494693931729,0.05184968504890699,0.30557093733368557
